mtllib Cyan-Tempest-Golem.mtl
o Cyan-Tempest-Golem-Mesh
g Cyan-Tempest-Golem-Mesh
v -0.383789 -0.262695 0.112305
v -0.397461 -0.250977 0.114258
v -0.407227 -0.25293 0.079102
v -0.407227 -0.25293 0.079102
v -0.397461 -0.250977 0.114258
v -0.401367 -0.208008 0.106445
v -0.395508 -0.264648 0.075195
v -0.375977 -0.24707 0.071289
v -0.395508 -0.264648 0.075195
v -0.407227 -0.25293 0.079102
v -0.40918 -0.211914 0.077148
v -0.407227 -0.25293 0.079102
v -0.40918 -0.211914 0.077148
v -0.405273 -0.208008 0.071289
v -0.405273 -0.208008 0.071289
v -0.397461 -0.250977 0.114258
v -0.383789 -0.262695 0.112305
v -0.366211 -0.243164 0.100586
v -0.397461 -0.250977 0.114258
v -0.395508 -0.204102 0.110352
v -0.401367 -0.208008 0.106445
v -0.395508 -0.204102 0.110352
v -0.362305 -0.291992 0.12793
v -0.350586 -0.282227 0.157227
v -0.389648 -0.260742 0.124023
v -0.374023 -0.249023 0.15918
v -0.368164 -0.245117 0.114258
v -0.362305 -0.291992 0.12793
v -0.389648 -0.260742 0.124023
v -0.399414 -0.245117 0.125977
v -0.399414 -0.245117 0.125977
v -0.350586 -0.291992 0.102539
v -0.350586 -0.291992 0.102539
v -0.362305 -0.293945 0.069336
v -0.362305 -0.293945 0.069336
v -0.401367 -0.249023 0.024414
v -0.366211 -0.27832 0.043945
v -0.391602 -0.254883 0.05957
v -0.391602 -0.254883 0.05957
v -0.366211 -0.27832 0.043945
v -0.374023 -0.235352 0.051758
v -0.40332 -0.243164 0.06543
v -0.413086 -0.239258 0.030273
v -0.40332 -0.243164 0.06543
v -0.354492 -0.280273 0.010742
v -0.366211 -0.27832 0.043945
v -0.375977 -0.272461 0.014648
v -0.375977 -0.272461 0.014648
v -0.375977 -0.272461 0.014648
v -0.360352 -0.254883 0.014648
v -0.354492 -0.280273 0.010742
v -0.383789 -0.231445 0.026367
v -0.401367 -0.249023 0.024414
v -0.266602 -0.499023 0.118164
v -0.256836 -0.49707 0.133789
v -0.266602 -0.49707 0.125977
v -0.266602 -0.49707 0.125977
v -0.256836 -0.49707 0.133789
v -0.270508 -0.487305 0.124023
v -0.266602 -0.499023 0.118164
v -0.256836 -0.487305 0.135742
v -0.249023 -0.499023 0.131836
v -0.256836 -0.487305 0.135742
v -0.256836 -0.49707 0.133789
v -0.249023 -0.499023 0.131836
v -0.250977 -0.485352 0.133789
v -0.25293 -0.473633 0.131836
v -0.258789 -0.477539 0.133789
v -0.256836 -0.487305 0.135742
v -0.258789 -0.477539 0.133789
v -0.268555 -0.477539 0.124023
v -0.268555 -0.477539 0.124023
v -0.270508 -0.487305 0.124023
v -0.256836 -0.487305 0.135742
v -0.233398 -0.483398 0.116211
v -0.229492 -0.499023 0.112305
v -0.258789 -0.477539 0.133789
v -0.25293 -0.473633 0.131836
v -0.268555 -0.475586 0.118164
v -0.268555 -0.477539 0.124023
v -0.256836 -0.467773 0.09082
v -0.235352 -0.46582 0.112305
v -0.235352 -0.46582 0.112305
v -0.34668 -0.254883 0.208008
v -0.366211 -0.270508 0.188477
v -0.34668 -0.286133 0.188477
v -0.34668 -0.286133 0.188477
v -0.366211 -0.270508 0.188477
v -0.34668 -0.266602 0.170898
v -0.333008 -0.274414 0.204102
v -0.334961 -0.280273 0.176758
v -0.333008 -0.274414 0.204102
v -0.34668 -0.286133 0.188477
v -0.334961 -0.280273 0.176758
v -0.366211 -0.270508 0.188477
v -0.34668 -0.254883 0.208008
v -0.381836 -0.243164 0.178711
v -0.360352 -0.237305 0.15918
v -0.381836 -0.243164 0.178711
v -0.34668 -0.254883 0.208008
v -0.333008 -0.274414 0.204102
v -0.331055 -0.254883 0.186523
v -0.342773 -0.225586 0.178711
v -0.358398 -0.227539 0.202148
v -0.358398 -0.227539 0.202148
v -0.325195 -0.270508 0.188477
v -0.325195 -0.270508 0.188477
v -0.325195 -0.270508 0.188477
v -0.334961 -0.280273 0.176758
v -0.331055 -0.254883 0.186523
v -0.338867 -0.303711 0.12793
v -0.331055 -0.295898 0.147461
v -0.350586 -0.282227 0.157227
v -0.331055 -0.295898 0.147461
v -0.333008 -0.270508 0.141602
v -0.356445 -0.235352 0.141602
v -0.374023 -0.249023 0.15918
v -0.34668 -0.266602 0.170898
v -0.342773 -0.225586 0.178711
v -0.331055 -0.254883 0.186523
v -0.34668 -0.266602 0.170898
v -0.360352 -0.237305 0.15918
v -0.342773 -0.27832 0.118164
v -0.338867 -0.303711 0.12793
v -0.331055 -0.295898 0.147461
v -0.338867 -0.303711 0.12793
v -0.329102 -0.291992 0.12207
v -0.321289 -0.288086 0.139648
v -0.329102 -0.291992 0.12207
v -0.321289 -0.288086 0.139648
v -0.331055 -0.295898 0.147461
v -0.329102 -0.291992 0.12207
v -0.329102 -0.291992 0.12207
v -0.333008 -0.270508 0.141602
v -0.321289 -0.288086 0.139648
v -0.342773 -0.27832 0.118164
v -0.368164 -0.245117 0.114258
v -0.356445 -0.235352 0.141602
v -0.286133 -0.499023 0.09668
v -0.288086 -0.489258 0.09668
v -0.288086 -0.499023 0.088867
v -0.276367 -0.489258 0.108398
v -0.286133 -0.499023 0.09668
v -0.288086 -0.499023 0.088867
v -0.276367 -0.499023 0.106445
v -0.276367 -0.499023 0.106445
v -0.286133 -0.481445 0.09668
v -0.286133 -0.477539 0.09082
v -0.288086 -0.489258 0.088867
v -0.27832 -0.479492 0.106445
v -0.286133 -0.477539 0.09082
v -0.286133 -0.481445 0.09668
v -0.27832 -0.479492 0.106445
v -0.288086 -0.499023 0.088867
v -0.288086 -0.489258 0.088867
v -0.276367 -0.487305 0.061523
v -0.268555 -0.499023 0.106445
v -0.254883 -0.499023 0.094727
v -0.274414 -0.499023 0.061523
v -0.276367 -0.487305 0.061523
v -0.274414 -0.499023 0.061523
v -0.288086 -0.499023 0.088867
v -0.286133 -0.477539 0.09082
v -0.274414 -0.473633 0.073242
v -0.286133 -0.477539 0.09082
v -0.27832 -0.479492 0.106445
v -0.272461 -0.477539 0.104492
v -0.274414 -0.473633 0.073242
v -0.270508 -0.487305 0.118164
v -0.266602 -0.499023 0.118164
v -0.270508 -0.487305 0.118164
v -0.258789 -0.487305 0.09668
v -0.254883 -0.499023 0.094727
v -0.268555 -0.475586 0.118164
v -0.268555 -0.477539 0.124023
v -0.270508 -0.487305 0.118164
v -0.268555 -0.475586 0.118164
v -0.256836 -0.467773 0.09082
v -0.256836 -0.467773 0.09082
v -0.268555 -0.489258 0.108398
v -0.276367 -0.489258 0.108398
v -0.276367 -0.499023 0.106445
v -0.268555 -0.499023 0.106445
v -0.276367 -0.489258 0.108398
v -0.268555 -0.489258 0.108398
v -0.272461 -0.477539 0.104492
v -0.272461 -0.477539 0.104492
v -0.27832 -0.479492 0.106445
v -0.276367 -0.489258 0.108398
v -0.254883 -0.499023 0.094727
v -0.258789 -0.487305 0.09668
v -0.272461 -0.477539 0.104492
v -0.268555 -0.489258 0.108398
v -0.258789 -0.487305 0.09668
v -0.272461 -0.477539 0.104492
v -0.258789 -0.487305 0.09668
v -0.256836 -0.467773 0.09082
v -0.256836 -0.495117 0.02832
v -0.229492 -0.499023 0.112305
v -0.249023 -0.450195 0.047852
v -0.249023 -0.450195 0.047852
v -0.258789 -0.479492 0.030273
v -0.256836 -0.495117 0.02832
v -0.258789 -0.479492 0.030273
v -0.227539 -0.475586 -0.010742
v -0.135742 -0.489258 0.040039
v -0.223633 -0.491211 -0.008789
v -0.223633 -0.491211 -0.008789
v -0.227539 -0.475586 -0.010742
v -0.241211 -0.40332 0.020508
v -0.24707 -0.401367 0.026367
v -0.25293 -0.395508 0.010742
v -0.25293 -0.395508 0.010742
v -0.24707 -0.401367 0.026367
v -0.245117 -0.393555 0.008789
v -0.24707 -0.401367 0.006836
v -0.25293 -0.391602 -0.006836
v -0.25293 -0.391602 -0.006836
v -0.350586 -0.291992 0.102539
v -0.362305 -0.293945 0.069336
v -0.336914 -0.301758 0.067383
v -0.331055 -0.299805 0.088867
v -0.331055 -0.299805 0.088867
v -0.334961 -0.274414 0.09082
v -0.344727 -0.276367 0.06543
v -0.336914 -0.301758 0.067383
v -0.329102 -0.288086 0.06543
v -0.334961 -0.274414 0.09082
v -0.329102 -0.288086 0.06543
v -0.344727 -0.276367 0.06543
v -0.375977 -0.24707 0.071289
v -0.331055 -0.299805 0.088867
v -0.336914 -0.301758 0.067383
v -0.329102 -0.288086 0.06543
v -0.323242 -0.286133 0.083008
v -0.323242 -0.286133 0.083008
v -0.323242 -0.286133 0.083008
v -0.366211 -0.243164 0.100586
v -0.34668 -0.282227 0.030273
v -0.350586 -0.258789 0.038086
v -0.34668 -0.282227 0.030273
v -0.338867 -0.268555 0.02832
v -0.344727 -0.266602 0.010742
v -0.360352 -0.254883 0.014648
v -0.350586 -0.258789 0.038086
v -0.383789 -0.231445 0.026367
v -0.338867 -0.268555 0.02832
v -0.374023 -0.235352 0.051758
v -0.34668 -0.282227 0.030273
v -0.354492 -0.280273 0.010742
v -0.344727 -0.266602 0.010742
v -0.338867 -0.268555 0.02832
v -0.344727 -0.266602 0.010742
v -0.385742 -0.200195 0.145508
v -0.401367 -0.19043 0.145508
v -0.40918 -0.194336 0.129883
v -0.40918 -0.194336 0.129883
v -0.401367 -0.19043 0.145508
v -0.40918 -0.180664 0.116211
v -0.399414 -0.206055 0.118164
v -0.395508 -0.204102 0.110352
v -0.399414 -0.206055 0.118164
v -0.40918 -0.194336 0.129883
v -0.40918 -0.180664 0.116211
v -0.387695 -0.227539 0.172852
v -0.387695 -0.227539 0.172852
v -0.387695 -0.227539 0.172852
v -0.381836 -0.196289 0.155273
v -0.379883 -0.196289 0.147461
v -0.364258 -0.211914 0.196289
v -0.381836 -0.196289 0.155273
v -0.387695 -0.227539 0.172852
v -0.379883 -0.196289 0.147461
v -0.364258 -0.211914 0.196289
v -0.385742 -0.200195 0.145508
v -0.399414 -0.245117 0.125977
v -0.383789 -0.235352 0.15918
v -0.383789 -0.235352 0.15918
v -0.379883 -0.196289 0.147461
v -0.385742 -0.200195 0.145508
v -0.383789 -0.235352 0.15918
v -0.379883 -0.196289 0.147461
v -0.383789 -0.235352 0.15918
v -0.399414 -0.206055 0.118164
v -0.399414 -0.245117 0.125977
v -0.395508 -0.204102 0.110352
v -0.379883 -0.196289 0.147461
v -0.383789 -0.172852 0.157227
v -0.401367 -0.19043 0.145508
v -0.383789 -0.172852 0.157227
v -0.40918 -0.180664 0.116211
v -0.383789 -0.180664 0.170898
v -0.362305 -0.186523 0.174805
v -0.383789 -0.180664 0.170898
v -0.381836 -0.196289 0.155273
v -0.362305 -0.186523 0.174805
v -0.379883 -0.196289 0.147461
v -0.383789 -0.180664 0.170898
v -0.383789 -0.172852 0.157227
v -0.352539 -0.204102 0.131836
v -0.352539 -0.204102 0.131836
v -0.364258 -0.166992 0.168945
v -0.383789 -0.172852 0.157227
v -0.383789 -0.180664 0.170898
v -0.362305 -0.186523 0.174805
v -0.401367 -0.135742 0.106445
v -0.40918 -0.180664 0.116211
v -0.383789 -0.172852 0.157227
v -0.356445 -0.104492 0.12793
v -0.401367 -0.135742 0.106445
v -0.342773 -0.131836 0.147461
v -0.407227 -0.112305 0.131836
v -0.40332 -0.12207 0.135742
v -0.40332 -0.108398 0.139648
v -0.413086 -0.124023 0.12207
v -0.415039 -0.112305 0.12207
v -0.40918 -0.106445 0.129883
v -0.405273 -0.100586 0.137695
v -0.416992 -0.09668 0.12207
v -0.415039 -0.106445 0.12207
v -0.415039 -0.092773 0.139648
v -0.415039 -0.081055 0.139648
v -0.420898 -0.084961 0.12793
v -0.420898 -0.092773 0.12793
v -0.426758 -0.116211 0.116211
v -0.416992 -0.071289 0.131836
v -0.426758 -0.110352 0.114258
v -0.422852 -0.079102 0.12207
v -0.40918 -0.084961 0.133789
v -0.401367 -0.092773 0.143555
v -0.401367 -0.083008 0.143555
v -0.422852 -0.06543 0.120117
v -0.387695 -0.108398 0.157227
v -0.387695 -0.098633 0.161133
v -0.397461 -0.098633 0.147461
v -0.399414 -0.104492 0.145508
v -0.393555 -0.116211 0.149414
v -0.389648 -0.09082 0.15918
v -0.397461 -0.092773 0.147461
v -0.393555 -0.084961 0.15332
v -0.397461 -0.00293 0.137695
v -0.401367 -0.020508 0.118164
v -0.370117 -0.040039 0.135742
v -0.426758 0.020508 0.112305
v -0.401367 -0.020508 0.118164
v -0.397461 -0.00293 0.137695
v -0.362305 -0.024414 0.151367
v -0.397461 -0.00293 0.137695
v -0.362305 -0.024414 0.151367
v -0.374023 -0.004883 0.114258
v -0.399414 0.016602 0.092773
v -0.426758 0.020508 0.112305
v -0.416992 -0.198242 0.104492
v -0.420898 -0.200195 0.086914
v -0.401367 -0.208008 0.106445
v -0.420898 -0.200195 0.086914
v -0.416992 -0.198242 0.104492
v -0.395508 -0.204102 0.110352
v -0.40918 -0.180664 0.116211
v -0.426758 -0.202148 0.06543
v -0.411133 -0.211914 0.067383
v -0.405273 -0.208008 0.071289
v -0.428711 -0.204102 0.053711
v -0.426758 -0.202148 0.06543
v -0.405273 -0.208008 0.071289
v -0.424805 -0.188477 0.053711
v -0.424805 -0.188477 0.053711
v -0.428711 -0.204102 0.053711
v -0.426758 -0.202148 0.06543
v -0.40918 -0.211914 0.077148
v -0.420898 -0.200195 0.086914
v -0.424805 -0.188477 0.053711
v -0.424805 -0.188477 0.053711
v -0.40332 -0.243164 0.06543
v -0.413086 -0.239258 0.030273
v -0.40332 -0.243164 0.06543
v -0.411133 -0.211914 0.067383
v -0.411133 -0.211914 0.067383
v -0.428711 -0.204102 0.053711
v -0.418945 -0.209961 0.040039
v -0.418945 -0.209961 0.040039
v -0.366211 -0.206055 0.09668
v -0.366211 -0.206055 0.09668
v -0.405273 -0.208008 0.071289
v -0.375977 -0.208008 0.057617
v -0.375977 -0.24707 0.071289
v -0.375977 -0.208008 0.057617
v -0.366211 -0.206055 0.09668
v -0.366211 -0.243164 0.100586
v -0.375977 -0.208008 0.057617
v -0.415039 -0.12793 0.045898
v -0.405273 -0.118164 0.104492
v -0.405273 -0.118164 0.104492
v -0.428711 -0.204102 0.053711
v -0.424805 -0.188477 0.053711
v -0.413086 -0.204102 0.036133
v -0.418945 -0.209961 0.040039
v -0.415039 -0.12793 0.045898
v -0.418945 -0.209961 0.040039
v -0.413086 -0.204102 0.036133
v -0.413086 -0.239258 0.030273
v -0.389648 -0.204102 0.030273
v -0.379883 -0.157227 0.010742
v -0.415039 -0.12793 0.045898
v -0.374023 -0.235352 0.051758
v -0.389648 -0.204102 0.030273
v -0.375977 -0.208008 0.057617
v -0.375977 -0.208008 0.057617
v -0.389648 -0.204102 0.030273
v -0.342773 -0.155273 0.024414
v -0.342773 -0.170898 0.081055
v -0.366211 -0.206055 0.09668
v -0.375977 -0.208008 0.057617
v -0.342773 -0.155273 0.024414
v -0.383789 -0.231445 0.026367
v -0.379883 -0.157227 0.010742
v -0.385742 -0.129883 0.014648
v -0.379883 -0.157227 0.010742
v -0.415039 -0.12793 0.045898
v -0.416992 -0.114258 0.040039
v -0.416992 -0.114258 0.040039
v -0.379883 -0.157227 0.010742
v -0.385742 -0.129883 0.014648
v -0.344727 -0.125977 0.020508
v -0.344727 -0.125977 0.020508
v -0.381836 -0.120117 0.000977
v -0.385742 -0.129883 0.014648
v -0.381836 -0.120117 0.000977
v -0.344727 -0.125977 0.020508
v -0.44043 -0.104492 0.073242
v -0.44043 -0.118164 0.075195
v -0.438477 -0.110352 0.083008
v -0.43457 -0.120117 0.09668
v -0.432617 -0.112305 0.098633
v -0.446289 -0.110352 0.05957
v -0.442383 -0.098633 0.069336
v -0.44043 -0.09082 0.071289
v -0.446289 -0.086914 0.053711
v -0.448242 -0.100586 0.051758
v -0.438477 -0.084961 0.077148
v -0.442383 -0.075195 0.06543
v -0.436523 -0.067383 0.083008
v -0.43457 -0.079102 0.088867
v -0.422852 -0.09082 0.112305
v -0.426758 -0.09668 0.106445
v -0.422852 -0.09668 0.110352
v -0.420898 -0.104492 0.116211
v -0.424805 -0.106445 0.106445
v -0.424805 -0.116211 0.104492
v -0.422852 -0.110352 0.108398
v -0.418945 -0.12207 0.112305
v -0.426758 -0.110352 0.100586
v -0.428711 -0.104492 0.098633
v -0.426758 -0.098633 0.104492
v -0.430664 -0.09668 0.098633
v -0.428711 -0.09082 0.104492
v -0.426758 -0.102539 0.104492
v -0.426758 -0.077148 0.112305
v -0.428711 -0.063477 0.102539
v -0.430664 -0.077148 0.102539
v -0.405273 -0.032227 0.073242
v -0.358398 -0.032227 0.108398
v -0.405273 -0.032227 0.073242
v -0.356445 -0.09082 0.12793
v -0.374023 -0.004883 0.114258
v -0.370117 -0.040039 0.135742
v -0.401367 -0.020508 0.118164
v -0.399414 0.016602 0.092773
v -0.428711 0.000977 0.09082
v -0.428711 0.000977 0.09082
v -0.415039 -0.045898 0.018555
v -0.399414 0.041992 0.043945
v -0.360352 0.032227 0.088867
v -0.399414 0.041992 0.043945
v -0.415039 -0.045898 0.018555
v -0.379883 -0.071289 -0.020508
v -0.334961 -0.120117 0.008789
v -0.344727 -0.125977 0.020508
v -0.381836 -0.120117 0.000977
v -0.323242 -0.081055 -0.010742
v -0.334961 -0.120117 0.008789
v -0.381836 -0.120117 0.000977
v -0.379883 -0.071289 -0.020508
v -0.407227 0.020508 -0.006836
v -0.37793 -0.022461 -0.040039
v -0.407227 0.020508 -0.006836
v -0.364258 -0.211914 0.196289
v -0.354492 -0.18457 0.170898
v -0.354492 -0.18457 0.170898
v -0.360352 -0.237305 0.15918
v -0.352539 -0.204102 0.131836
v -0.338867 -0.196289 0.157227
v -0.338867 -0.196289 0.157227
v -0.342773 -0.225586 0.178711
v -0.360352 -0.237305 0.15918
v -0.368164 -0.245117 0.114258
v -0.352539 -0.204102 0.131836
v -0.356445 -0.235352 0.141602
v -0.331055 -0.178711 0.116211
v -0.338867 -0.196289 0.157227
v -0.352539 -0.204102 0.131836
v -0.366211 -0.206055 0.09668
v -0.352539 -0.204102 0.131836
v -0.366211 -0.206055 0.09668
v -0.331055 -0.178711 0.116211
v -0.338867 -0.196289 0.157227
v -0.331055 -0.166992 0.143555
v -0.354492 -0.18457 0.170898
v -0.338867 -0.196289 0.157227
v -0.331055 -0.178711 0.116211
v -0.331055 -0.166992 0.143555
v -0.338867 -0.196289 0.157227
v -0.364258 -0.166992 0.168945
v -0.362305 -0.186523 0.174805
v -0.342773 -0.131836 0.147461
v -0.293945 -0.188477 0.125977
v -0.31543 -0.186523 0.15332
v -0.331055 -0.166992 0.143555
v -0.331055 -0.166992 0.143555
v -0.31543 -0.186523 0.15332
v -0.299805 -0.165039 0.172852
v -0.311523 -0.149414 0.15918
v -0.342773 -0.131836 0.147461
v -0.331055 -0.166992 0.143555
v -0.307617 -0.168945 0.112305
v -0.311523 -0.149414 0.15918
v -0.331055 -0.166992 0.143555
v -0.331055 -0.178711 0.116211
v -0.307617 -0.168945 0.112305
v -0.30957 -0.206055 0.157227
v -0.286133 -0.208008 0.174805
v -0.290039 -0.206055 0.129883
v -0.30957 -0.206055 0.157227
v -0.311523 -0.149414 0.15918
v -0.321289 -0.124023 0.155273
v -0.286133 -0.208008 0.174805
v -0.30957 -0.206055 0.157227
v -0.290039 -0.219727 0.166992
v -0.290039 -0.219727 0.166992
v -0.276367 -0.219727 0.147461
v -0.276367 -0.219727 0.147461
v -0.286133 -0.208008 0.174805
v -0.290039 -0.219727 0.166992
v -0.266602 -0.209961 0.149414
v -0.286133 -0.208008 0.174805
v -0.266602 -0.209961 0.149414
v -0.270508 -0.166992 0.137695
v -0.299805 -0.165039 0.172852
v -0.290039 -0.206055 0.129883
v -0.293945 -0.188477 0.125977
v -0.266602 -0.209961 0.149414
v -0.276367 -0.219727 0.147461
v -0.270508 -0.166992 0.137695
v -0.28418 -0.151367 0.125977
v -0.307617 -0.168945 0.112305
v -0.311523 -0.149414 0.15918
v -0.28418 -0.151367 0.125977
v -0.321289 -0.124023 0.155273
v -0.28418 -0.125977 0.116211
v -0.28418 -0.125977 0.116211
v -0.313477 -0.09668 0.102539
v -0.356445 -0.09082 0.12793
v -0.356445 -0.104492 0.12793
v -0.356445 -0.104492 0.12793
v -0.321289 -0.124023 0.155273
v -0.313477 -0.09668 0.102539
v -0.305664 -0.088867 0.102539
v -0.358398 -0.032227 0.108398
v -0.313477 -0.09668 0.102539
v -0.336914 -0.057617 0.139648
v -0.370117 -0.040039 0.135742
v -0.344727 -0.024414 0.12793
v -0.336914 -0.057617 0.139648
v -0.344727 -0.024414 0.12793
v -0.325195 -0.043945 0.151367
v -0.344727 -0.024414 0.12793
v -0.325195 -0.043945 0.151367
v -0.317383 -0.041992 0.12793
v -0.317383 -0.041992 0.12793
v -0.30957 -0.073242 0.133789
v -0.30957 -0.073242 0.133789
v -0.295898 -0.063477 0.139648
v -0.295898 -0.063477 0.139648
v -0.295898 -0.05957 0.120117
v -0.295898 -0.05957 0.120117
v -0.288086 -0.088867 0.120117
v -0.288086 -0.088867 0.120117
v -0.295898 -0.063477 0.139648
v -0.288086 -0.088867 0.120117
v -0.274414 -0.081055 0.120117
v -0.274414 -0.081055 0.120117
v -0.342773 -0.170898 0.081055
v -0.331055 -0.178711 0.116211
v -0.342773 -0.170898 0.081055
v -0.307617 -0.168945 0.112305
v -0.342773 -0.155273 0.024414
v -0.313477 -0.141602 0.06543
v -0.342773 -0.170898 0.081055
v -0.307617 -0.168945 0.112305
v -0.342773 -0.155273 0.024414
v -0.344727 -0.125977 0.020508
v -0.313477 -0.141602 0.06543
v -0.317383 -0.114258 0.05957
v -0.28418 -0.125977 0.116211
v -0.307617 -0.168945 0.112305
v -0.313477 -0.141602 0.06543
v -0.313477 -0.09668 0.102539
v -0.28418 -0.125977 0.116211
v -0.313477 -0.141602 0.06543
v -0.313477 -0.09668 0.102539
v -0.317383 -0.114258 0.05957
v -0.297852 -0.147461 0.016602
v -0.299805 -0.145508 0.016602
v -0.313477 -0.149414 0.00293
v -0.27832 -0.129883 0.043945
v -0.276367 -0.137695 0.047852
v -0.270508 -0.12793 0.06543
v -0.270508 -0.12793 0.06543
v -0.276367 -0.137695 0.047852
v -0.264648 -0.124023 0.05957
v -0.272461 -0.120117 0.057617
v -0.270508 -0.116211 0.084961
v -0.268555 -0.106445 0.073242
v -0.260742 -0.112305 0.079102
v -0.270508 -0.116211 0.084961
v -0.286133 -0.143555 0.032227
v -0.288086 -0.137695 0.030273
v -0.299805 -0.145508 0.016602
v -0.286133 -0.143555 0.032227
v -0.286133 -0.143555 0.032227
v -0.297852 -0.147461 0.016602
v -0.28418 -0.141602 0.02832
v -0.286133 -0.143555 0.032227
v -0.28418 -0.141602 0.02832
v -0.288086 -0.137695 0.030273
v -0.297852 -0.147461 0.016602
v -0.299805 -0.145508 0.016602
v -0.28418 -0.141602 0.02832
v -0.27832 -0.129883 0.043945
v -0.272461 -0.133789 0.043945
v -0.272461 -0.133789 0.043945
v -0.272461 -0.120117 0.057617
v -0.264648 -0.124023 0.05957
v -0.313477 -0.09668 0.102539
v -0.317383 -0.114258 0.05957
v -0.305664 -0.088867 0.102539
v -0.305664 -0.049805 0.09082
v -0.311523 0.004883 0.094727
v -0.360352 0.032227 0.088867
v -0.303711 -0.106445 0.051758
v -0.303711 -0.106445 0.051758
v -0.293945 -0.071289 0.038086
v -0.303711 -0.106445 0.051758
v -0.303711 -0.106445 0.051758
v -0.305664 -0.049805 0.09082
v -0.305664 -0.088867 0.102539
v -0.288086 -0.088867 0.120117
v -0.274414 -0.102539 0.102539
v -0.274414 -0.081055 0.120117
v -0.280273 -0.077148 0.106445
v -0.274414 -0.102539 0.102539
v -0.288086 -0.088867 0.120117
v -0.295898 -0.05957 0.120117
v -0.264648 -0.09668 0.098633
v -0.270508 -0.092773 0.088867
v -0.270508 -0.092773 0.088867
v -0.270508 -0.116211 0.084961
v -0.274414 -0.102539 0.102539
v -0.280273 -0.077148 0.106445
v -0.264648 -0.09668 0.098633
v -0.270508 -0.092773 0.088867
v -0.280273 -0.077148 0.106445
v -0.264648 -0.09668 0.098633
v -0.260742 -0.112305 0.079102
v -0.270508 -0.092773 0.088867
v -0.268555 -0.106445 0.073242
v -0.293945 -0.071289 0.038086
v -0.291992 -0.030273 0.069336
v -0.305664 -0.049805 0.09082
v -0.305664 -0.049805 0.09082
v -0.291992 -0.030273 0.069336
v -0.311523 0.004883 0.094727
v -0.303711 -0.106445 0.051758
v -0.288086 -0.02832 0.057617
v -0.291992 -0.030273 0.069336
v -0.288086 -0.02832 0.057617
v -0.290039 0.010742 0.061523
v -0.290039 0.010742 0.061523
v -0.274414 -0.051758 0.030273
v -0.28418 -0.05957 0.000977
v -0.323242 -0.081055 -0.010742
v -0.28418 -0.05957 0.000977
v -0.293945 -0.071289 0.038086
v -0.274414 -0.026367 0.051758
v -0.288086 -0.02832 0.057617
v -0.274414 -0.026367 0.051758
v -0.268555 0.006836 0.057617
v -0.290039 0.010742 0.061523
v -0.258789 -0.03418 0.022461
v -0.266602 -0.036133 -0.022461
v -0.28418 -0.05957 0.000977
v -0.313477 -0.057617 -0.03418
v -0.266602 -0.036133 -0.022461
v -0.260742 -0.020508 0.040039
v -0.256836 0.000977 0.043945
v -0.268555 0.006836 0.057617
v -0.24707 0.014648 0.03418
v -0.237305 0.016602 0.010742
v -0.266602 -0.036133 -0.022461
v -0.237305 0.016602 0.010742
v -0.258789 -0.03418 0.022461
v -0.231445 -0.495117 0.157227
v -0.231445 -0.485352 0.161133
v -0.243164 -0.495117 0.151367
v -0.223633 -0.49707 0.155273
v -0.231445 -0.485352 0.161133
v -0.231445 -0.495117 0.157227
v -0.231445 -0.495117 0.157227
v -0.243164 -0.495117 0.151367
v -0.243164 -0.49707 0.143555
v -0.223633 -0.49707 0.155273
v -0.223633 -0.485352 0.15918
v -0.225586 -0.47168 0.157227
v -0.231445 -0.475586 0.15918
v -0.231445 -0.485352 0.161133
v -0.231445 -0.475586 0.15918
v -0.243164 -0.475586 0.15332
v -0.245117 -0.485352 0.15332
v -0.245117 -0.485352 0.15332
v -0.204102 -0.481445 0.133789
v -0.225586 -0.47168 0.157227
v -0.223633 -0.485352 0.15918
v -0.223633 -0.485352 0.15918
v -0.223633 -0.49707 0.155273
v -0.200195 -0.499023 0.12793
v -0.200195 -0.499023 0.12793
v -0.204102 -0.481445 0.133789
v -0.223633 -0.485352 0.15918
v -0.225586 -0.47168 0.157227
v -0.243164 -0.47168 0.147461
v -0.219727 -0.463867 0.125977
v -0.243164 -0.47168 0.147461
v -0.225586 -0.47168 0.157227
v -0.198242 -0.461914 0.131836
v -0.225586 -0.47168 0.157227
v -0.204102 -0.481445 0.133789
v -0.198242 -0.461914 0.131836
v -0.243164 -0.495117 0.151367
v -0.245117 -0.485352 0.15332
v -0.243164 -0.49707 0.143555
v -0.24707 -0.485352 0.145508
v -0.243164 -0.47168 0.147461
v -0.243164 -0.475586 0.15332
v -0.243164 -0.49707 0.143555
v -0.24707 -0.485352 0.145508
v -0.233398 -0.483398 0.116211
v -0.229492 -0.499023 0.112305
v -0.24707 -0.485352 0.145508
v -0.243164 -0.47168 0.147461
v -0.235352 -0.46582 0.112305
v -0.235352 -0.46582 0.112305
v -0.200195 -0.499023 0.12793
v -0.204102 -0.44043 0.084961
v -0.208008 -0.49707 0.174805
v -0.211914 -0.483398 0.174805
v -0.213867 -0.49707 0.166992
v -0.180664 -0.49707 0.182617
v -0.211914 -0.483398 0.174805
v -0.208008 -0.49707 0.174805
v -0.208008 -0.49707 0.174805
v -0.213867 -0.49707 0.166992
v -0.180664 -0.49707 0.182617
v -0.208008 -0.473633 0.174805
v -0.209961 -0.469727 0.166992
v -0.182617 -0.473633 0.182617
v -0.208008 -0.473633 0.174805
v -0.211914 -0.483398 0.174805
v -0.21582 -0.483398 0.166992
v -0.178711 -0.483398 0.18457
v -0.178711 -0.483398 0.18457
v -0.182617 -0.473633 0.182617
v -0.209961 -0.469727 0.166992
v -0.208008 -0.473633 0.174805
v -0.213867 -0.49707 0.166992
v -0.21582 -0.483398 0.166992
v -0.204102 -0.481445 0.133789
v -0.200195 -0.499023 0.12793
v -0.157227 -0.49707 0.145508
v -0.170898 -0.49707 0.178711
v -0.21582 -0.483398 0.166992
v -0.209961 -0.469727 0.166992
v -0.198242 -0.461914 0.131836
v -0.204102 -0.481445 0.133789
v -0.161133 -0.463867 0.145508
v -0.209961 -0.469727 0.166992
v -0.209961 -0.469727 0.166992
v -0.182617 -0.473633 0.182617
v -0.176758 -0.469727 0.178711
v -0.176758 -0.469727 0.178711
v -0.137695 -0.493164 0.09082
v -0.149414 -0.446289 0.100586
v -0.170898 -0.49707 0.178711
v -0.178711 -0.483398 0.18457
v -0.180664 -0.49707 0.182617
v -0.182617 -0.473633 0.182617
v -0.176758 -0.469727 0.178711
v -0.168945 -0.483398 0.180664
v -0.176758 -0.469727 0.178711
v -0.168945 -0.483398 0.180664
v -0.161133 -0.463867 0.145508
v -0.15332 -0.481445 0.147461
v -0.168945 -0.483398 0.180664
v -0.170898 -0.49707 0.178711
v -0.157227 -0.49707 0.145508
v -0.15332 -0.481445 0.147461
v -0.133789 -0.47168 0.09668
v -0.137695 -0.493164 0.09082
v -0.133789 -0.47168 0.09668
v -0.149414 -0.446289 0.100586
v -0.165039 -0.286133 0.133789
v -0.180664 -0.27832 0.12793
v -0.15332 -0.297852 0.116211
v -0.163086 -0.229492 0.157227
v -0.12793 -0.276367 0.124023
v -0.151367 -0.276367 0.143555
v -0.165039 -0.286133 0.133789
v -0.151367 -0.276367 0.143555
v -0.147461 -0.249023 0.157227
v -0.15332 -0.297852 0.116211
v -0.186523 -0.258789 0.129883
v -0.180664 -0.27832 0.12793
v -0.186523 -0.258789 0.129883
v -0.188477 -0.249023 0.100586
v -0.180664 -0.27832 0.12793
v -0.182617 -0.280273 0.108398
v -0.15332 -0.297852 0.116211
v -0.182617 -0.280273 0.108398
v -0.180664 -0.235352 0.141602
v -0.180664 -0.235352 0.141602
v -0.147461 -0.249023 0.157227
v -0.188477 -0.422852 0.045898
v -0.217773 -0.428711 0.008789
v -0.217773 -0.428711 0.008789
v -0.22168 -0.40332 0.055664
v -0.235352 -0.391602 0.043945
v -0.219727 -0.407227 0.045898
v -0.229492 -0.397461 0.036133
v -0.202148 -0.415039 0.051758
v -0.22168 -0.40332 0.055664
v -0.219727 -0.407227 0.045898
v -0.219727 -0.407227 0.045898
v -0.229492 -0.397461 0.036133
v -0.213867 -0.395508 0.051758
v -0.200195 -0.40332 0.057617
v -0.202148 -0.415039 0.051758
v -0.219727 -0.407227 0.045898
v -0.213867 -0.395508 0.051758
v -0.235352 -0.391602 0.043945
v -0.22168 -0.40332 0.055664
v -0.223633 -0.385742 0.041992
v -0.243164 -0.379883 0.030273
v -0.231445 -0.374023 0.02832
v -0.243164 -0.379883 0.030273
v -0.213867 -0.395508 0.051758
v -0.202148 -0.415039 0.051758
v -0.206055 -0.413086 0.061523
v -0.22168 -0.40332 0.055664
v -0.206055 -0.413086 0.061523
v -0.24707 -0.401367 0.026367
v -0.231445 -0.405273 0.03418
v -0.233398 -0.40332 0.038086
v -0.233398 -0.40332 0.038086
v -0.229492 -0.401367 0.03418
v -0.239258 -0.397461 0.022461
v -0.241211 -0.40332 0.020508
v -0.229492 -0.401367 0.03418
v -0.231445 -0.405273 0.03418
v -0.241211 -0.40332 0.020508
v -0.229492 -0.401367 0.03418
v -0.241211 -0.40332 0.020508
v -0.239258 -0.397461 0.022461
v -0.237305 -0.385742 0.022461
v -0.223633 -0.385742 0.041992
v -0.237305 -0.385742 0.022461
v -0.231445 -0.374023 0.02832
v -0.24707 -0.401367 0.006836
v -0.245117 -0.393555 0.008789
v -0.24707 -0.366211 0.012695
v -0.235352 -0.362305 0.012695
v -0.24707 -0.366211 0.012695
v -0.24707 -0.366211 0.012695
v -0.243164 -0.375977 0.006836
v -0.237305 -0.385742 0.022461
v -0.243164 -0.375977 0.006836
v -0.24707 -0.395508 -0.006836
v -0.24707 -0.389648 -0.004883
v -0.24707 -0.389648 -0.004883
v -0.24707 -0.395508 -0.006836
v -0.243164 -0.375977 0.006836
v -0.24707 -0.366211 0.012695
v -0.249023 -0.354492 -0.004883
v -0.235352 -0.362305 0.012695
v -0.245117 -0.366211 -0.010742
v -0.245117 -0.366211 -0.010742
v -0.206055 -0.413086 0.061523
v -0.202148 -0.415039 0.051758
v -0.18457 -0.420898 0.055664
v -0.200195 -0.40332 0.057617
v -0.18457 -0.418945 0.06543
v -0.18457 -0.418945 0.06543
v -0.182617 -0.40918 0.05957
v -0.182617 -0.40918 0.05957
v -0.18457 -0.420898 0.055664
v -0.202148 -0.415039 0.051758
v -0.188477 -0.422852 0.045898
v -0.196289 -0.40918 0.043945
v -0.217773 -0.428711 0.008789
v -0.145508 -0.422852 0.051758
v -0.196289 -0.40918 0.043945
v -0.188477 -0.422852 0.045898
v -0.139648 -0.436523 0.043945
v -0.139648 -0.436523 0.043945
v -0.145508 -0.422852 0.051758
v -0.188477 -0.422852 0.045898
v -0.188477 -0.379883 0.057617
v -0.209961 -0.397461 0.020508
v -0.151367 -0.393555 0.061523
v -0.188477 -0.379883 0.057617
v -0.196289 -0.40918 0.043945
v -0.217773 -0.413086 0.008789
v -0.145508 -0.422852 0.051758
v -0.182617 -0.40918 0.05957
v -0.208008 -0.366211 0.032227
v -0.147461 -0.356445 0.086914
v -0.19043 -0.34082 0.081055
v -0.19043 -0.34082 0.081055
v -0.217773 -0.413086 0.008789
v -0.206055 -0.43457 -0.03418
v -0.217773 -0.413086 0.008789
v -0.209961 -0.397461 0.020508
v -0.198242 -0.393555 -0.022461
v -0.209961 -0.416992 -0.036133
v -0.209961 -0.416992 -0.036133
v -0.206055 -0.43457 -0.03418
v -0.217773 -0.413086 0.008789
v -0.208008 -0.366211 0.032227
v -0.198242 -0.354492 -0.010742
v -0.129883 -0.46582 0.043945
v -0.133789 -0.47168 0.09668
v -0.137695 -0.493164 0.09082
v -0.129883 -0.46582 0.043945
v -0.139648 -0.436523 0.043945
v -0.135742 -0.489258 0.040039
v -0.163086 -0.422852 0.053711
v -0.161133 -0.420898 0.061523
v -0.182617 -0.40918 0.05957
v -0.18457 -0.418945 0.06543
v -0.161133 -0.420898 0.061523
v -0.116211 -0.483398 -0.012695
v -0.129883 -0.46582 0.043945
v -0.135742 -0.489258 0.040039
v -0.12207 -0.49707 -0.012695
v -0.12207 -0.49707 -0.012695
v -0.118164 -0.442383 -0.00293
v -0.129883 -0.46582 0.043945
v -0.116211 -0.483398 -0.012695
v -0.118164 -0.442383 -0.00293
v -0.163086 -0.411133 0.057617
v -0.163086 -0.422852 0.053711
v -0.163086 -0.411133 0.057617
v -0.143555 -0.416992 0.045898
v -0.143555 -0.411133 0.049805
v -0.163086 -0.422852 0.053711
v -0.143555 -0.411133 0.049805
v -0.143555 -0.416992 0.045898
v -0.139648 -0.415039 0.051758
v -0.139648 -0.415039 0.051758
v -0.139648 -0.415039 0.051758
v -0.143555 -0.411133 0.049805
v -0.163086 -0.411133 0.057617
v -0.145508 -0.422852 0.051758
v -0.139648 -0.436523 0.043945
v -0.112305 -0.426758 0.000977
v -0.145508 -0.422852 0.051758
v -0.12793 -0.40918 0.036133
v -0.151367 -0.393555 0.061523
v -0.112305 -0.426758 0.000977
v -0.12793 -0.40918 0.036133
v -0.145508 -0.422852 0.051758
v -0.12793 -0.407227 0.036133
v -0.125977 -0.40918 0.038086
v -0.12793 -0.407227 0.036133
v -0.12793 -0.411133 0.03418
v -0.12793 -0.411133 0.03418
v -0.12793 -0.411133 0.03418
v -0.125977 -0.40918 0.038086
v -0.139648 -0.415039 0.051758
v -0.118164 -0.442383 -0.00293
v -0.112305 -0.426758 0.000977
v -0.139648 -0.436523 0.043945
v -0.133789 -0.395508 0.045898
v -0.116211 -0.40332 0.022461
v -0.133789 -0.395508 0.045898
v -0.114258 -0.40332 0.022461
v -0.118164 -0.399414 0.020508
v -0.118164 -0.399414 0.020508
v -0.116211 -0.405273 0.020508
v -0.114258 -0.40332 0.022461
v -0.12793 -0.411133 0.03418
v -0.118164 -0.399414 0.020508
v -0.116211 -0.405273 0.020508
v -0.151367 -0.393555 0.061523
v -0.124023 -0.356445 0.075195
v -0.147461 -0.356445 0.086914
v -0.116211 -0.37207 0.045898
v -0.188477 -0.299805 0.106445
v -0.21582 -0.317383 0.053711
v -0.15332 -0.317383 0.116211
v -0.188477 -0.299805 0.106445
v -0.204102 -0.264648 0.084961
v -0.182617 -0.280273 0.108398
v -0.188477 -0.299805 0.106445
v -0.15332 -0.317383 0.116211
v -0.15332 -0.297852 0.116211
v -0.182617 -0.280273 0.108398
v -0.21582 -0.295898 0.018555
v -0.196289 -0.235352 0.053711
v -0.204102 -0.264648 0.084961
v -0.182617 -0.280273 0.108398
v -0.186523 -0.256836 0.094727
v -0.196289 -0.235352 0.053711
v -0.237305 -0.350586 -0.004883
v -0.249023 -0.354492 -0.004883
v -0.237305 -0.350586 -0.004883
v -0.208008 -0.366211 0.032227
v -0.21582 -0.317383 0.053711
v -0.198242 -0.354492 -0.010742
v -0.21582 -0.295898 0.018555
v -0.21582 -0.295898 0.018555
v -0.196289 -0.235352 0.053711
v -0.19043 -0.286133 -0.012695
v -0.198242 -0.354492 -0.010742
v -0.15332 -0.317383 0.116211
v -0.120117 -0.327148 0.09668
v -0.139648 -0.305664 0.114258
v -0.15332 -0.297852 0.116211
v -0.15332 -0.317383 0.116211
v -0.120117 -0.327148 0.09668
v -0.186523 -0.256836 0.094727
v -0.186523 -0.256836 0.094727
v -0.188477 -0.249023 0.100586
v -0.178711 -0.229492 0.06543
v -0.178711 -0.229492 0.06543
v -0.124023 -0.28418 0.108398
v -0.124023 -0.28418 0.108398
v -0.106445 -0.262695 0.108398
v -0.102539 -0.24707 0.124023
v -0.125977 -0.237305 0.143555
v -0.116211 -0.446289 0.041992
v -0.12207 -0.442383 0.051758
v -0.12207 -0.452148 0.049805
v -0.118164 -0.458008 0.041992
v -0.116211 -0.44043 0.041992
v -0.12207 -0.442383 0.051758
v -0.116211 -0.44043 0.041992
v -0.120117 -0.430664 0.047852
v -0.114258 -0.459961 0.03418
v -0.114258 -0.450195 0.038086
v -0.110352 -0.452148 0.032227
v -0.108398 -0.459961 0.022461
v -0.114258 -0.43457 0.040039
v -0.120117 -0.430664 0.047852
v -0.110352 -0.452148 0.032227
v -0.108398 -0.459961 0.022461
v -0.108398 -0.450195 0.024414
v -0.108398 -0.442383 0.030273
v -0.110352 -0.438477 0.032227
v -0.110352 -0.442383 0.032227
v -0.110352 -0.442383 0.032227
v -0.110352 -0.446289 0.030273
v -0.108398 -0.442383 0.030273
v -0.108398 -0.438477 0.030273
v -0.108398 -0.43457 0.030273
v -0.106445 -0.448242 0.024414
v -0.108398 -0.444336 0.02832
v -0.104492 -0.448242 0.018555
v -0.108398 -0.450195 0.024414
v -0.108398 -0.459961 0.022461
v -0.104492 -0.454102 0.012695
v -0.106445 -0.446289 0.024414
v -0.104492 -0.446289 0.018555
v -0.106445 -0.446289 0.024414
v -0.106445 -0.448242 0.024414
v -0.106445 -0.446289 0.024414
v -0.104492 -0.446289 0.018555
v -0.106445 -0.444336 0.020508
v -0.108398 -0.436523 0.02832
v -0.108398 -0.43457 0.030273
v -0.108398 -0.438477 0.030273
v -0.104492 -0.448242 0.018555
v -0.104492 -0.454102 0.012695
v -0.102539 -0.442383 0.012695
v -0.104492 -0.44043 0.016602
v -0.104492 -0.44043 0.016602
v -0.104492 -0.44043 0.020508
v -0.106445 -0.444336 0.020508
v -0.104492 -0.44043 0.020508
v -0.104492 -0.44043 0.016602
v -0.104492 -0.43457 0.020508
v -0.104492 -0.436523 0.022461
v -0.100586 -0.448242 0.004883
v -0.102539 -0.442383 0.012695
v -0.104492 -0.454102 0.012695
v -0.100586 -0.436523 0.010742
v -0.100586 -0.448242 0.004883
v -0.098633 -0.438477 0.000977
v -0.100586 -0.436523 0.010742
v -0.09668 -0.428711 0.00293
v -0.100586 -0.436523 0.010742
v -0.098633 -0.438477 0.000977
v -0.120117 -0.430664 0.047852
v -0.114258 -0.43457 0.040039
v -0.114258 -0.422852 0.038086
v -0.110352 -0.430664 0.03418
v -0.106445 -0.426758 0.026367
v -0.108398 -0.416992 0.02832
v -0.118164 -0.395508 0.008789
v -0.116211 -0.40332 0.022461
v -0.112305 -0.426758 0.000977
v -0.124023 -0.40332 -0.026367
v -0.131836 -0.432617 -0.045898
v -0.129883 -0.416992 -0.045898
v -0.108398 -0.43457 0.030273
v -0.108398 -0.436523 0.02832
v -0.106445 -0.436523 0.024414
v -0.108398 -0.43457 0.030273
v -0.106445 -0.436523 0.024414
v -0.106445 -0.432617 0.024414
v -0.104492 -0.436523 0.022461
v -0.106445 -0.432617 0.024414
v -0.106445 -0.436523 0.024414
v -0.106445 -0.432617 0.024414
v -0.104492 -0.436523 0.022461
v -0.104492 -0.43457 0.020508
v -0.104492 -0.426758 0.020508
v -0.102539 -0.416992 0.016602
v -0.108398 -0.416992 0.02832
v -0.104492 -0.426758 0.020508
v -0.100586 -0.426758 0.014648
v -0.102539 -0.416992 0.016602
v -0.104492 -0.426758 0.020508
v -0.098633 -0.420898 0.008789
v -0.100586 -0.432617 0.010742
v -0.098633 -0.420898 0.008789
v -0.100586 -0.426758 0.014648
v -0.100586 -0.432617 0.010742
v -0.098633 -0.420898 0.008789
v -0.110352 -0.393555 0.004883
v -0.102539 -0.397461 0.006836
v -0.110352 -0.393555 0.004883
v -0.106445 -0.366211 0.018555
v -0.106445 -0.366211 0.018555
v -0.108398 -0.401367 0.00293
v -0.108398 -0.401367 0.00293
v -0.102539 -0.397461 0.006836
v -0.125977 -0.364258 -0.018555
v -0.102539 -0.385742 -0.010742
v -0.094727 -0.389648 -0.010742
v -0.102539 -0.385742 -0.010742
v -0.100586 -0.397461 -0.014648
v -0.100586 -0.397461 -0.014648
v -0.094727 -0.389648 -0.010742
v -0.092773 -0.333008 0.077148
v -0.092773 -0.333008 0.077148
v -0.086914 -0.307617 0.083008
v -0.104492 -0.295898 0.098633
v -0.086914 -0.348633 0.055664
v -0.075195 -0.319336 0.057617
v -0.086914 -0.307617 0.083008
v -0.084961 -0.270508 0.077148
v -0.098633 -0.258789 0.083008
v -0.098633 -0.258789 0.083008
v -0.077148 -0.291992 0.069336
v -0.088867 -0.24707 0.094727
v -0.098633 -0.258789 0.083008
v -0.084961 -0.270508 0.077148
v -0.098633 -0.24707 0.049805
v -0.094727 -0.239258 0.051758
v -0.088867 -0.24707 0.094727
v -0.098633 -0.258789 0.083008
v -0.098633 -0.24707 0.049805
v -0.077148 -0.291992 0.069336
v -0.079102 -0.264648 0.041992
v -0.077148 -0.291992 0.069336
v -0.077148 -0.291992 0.069336
v -0.075195 -0.319336 0.057617
v -0.071289 -0.290039 0.045898
v -0.071289 -0.290039 0.045898
v -0.106445 -0.366211 0.018555
v -0.098633 -0.344727 0.000977
v -0.077148 -0.338867 0.032227
v -0.125977 -0.364258 -0.018555
v -0.077148 -0.338867 0.032227
v -0.092773 -0.311523 -0.00293
v -0.077148 -0.338867 0.032227
v -0.098633 -0.344727 0.000977
v -0.120117 -0.301758 -0.020508
v -0.092773 -0.311523 -0.00293
v -0.073242 -0.30957 0.02832
v -0.084961 -0.282227 0.012695
v -0.079102 -0.264648 0.041992
v -0.079102 -0.264648 0.041992
v -0.084961 -0.282227 0.012695
v -0.125977 -0.249023 0.008789
v -0.098633 -0.24707 0.049805
v -0.120117 -0.301758 -0.020508
v -0.092773 -0.311523 -0.00293
v -0.166992 -0.208008 0.131836
v -0.180664 -0.235352 0.141602
v -0.163086 -0.229492 0.157227
v -0.149414 -0.208008 0.143555
v -0.163086 -0.229492 0.157227
v -0.147461 -0.249023 0.157227
v -0.125977 -0.237305 0.143555
v -0.149414 -0.208008 0.143555
v -0.166992 -0.208008 0.131836
v -0.182617 -0.219727 0.110352
v -0.172852 -0.194336 0.133789
v -0.166992 -0.208008 0.131836
v -0.149414 -0.208008 0.143555
v -0.19043 -0.204102 0.108398
v -0.143555 -0.194336 0.149414
v -0.172852 -0.194336 0.133789
v -0.143555 -0.194336 0.149414
v -0.157227 -0.15332 0.141602
v -0.172852 -0.194336 0.133789
v -0.157227 -0.15332 0.141602
v -0.182617 -0.151367 0.112305
v -0.19043 -0.204102 0.108398
v -0.19043 -0.204102 0.108398
v -0.125977 -0.237305 0.143555
v -0.112305 -0.217773 0.155273
v -0.092773 -0.227539 0.141602
v -0.092773 -0.227539 0.141602
v -0.12793 -0.161133 0.155273
v -0.124023 -0.192383 0.157227
v -0.124023 -0.192383 0.157227
v -0.108398 -0.106445 0.147461
v -0.15332 -0.092773 0.116211
v -0.182617 -0.151367 0.112305
v -0.12793 -0.161133 0.155273
v -0.124023 -0.192383 0.157227
v -0.09668 -0.174805 0.15332
v -0.108398 -0.106445 0.147461
v -0.188477 -0.249023 0.100586
v -0.182617 -0.219727 0.110352
v -0.178711 -0.219727 0.071289
v -0.178711 -0.229492 0.06543
v -0.188477 -0.155273 0.079102
v -0.192383 -0.202148 0.088867
v -0.19043 -0.204102 0.108398
v -0.192383 -0.202148 0.088867
v -0.182617 -0.219727 0.110352
v -0.188477 -0.155273 0.079102
v -0.174805 -0.165039 0.055664
v -0.178711 -0.219727 0.071289
v -0.166992 -0.094727 0.079102
v -0.157227 -0.102539 0.055664
v -0.174805 -0.165039 0.055664
v -0.188477 -0.155273 0.079102
v -0.166992 -0.094727 0.079102
v -0.196289 -0.235352 0.053711
v -0.178711 -0.229492 0.06543
v -0.170898 -0.233398 0.020508
v -0.170898 -0.233398 0.020508
v -0.157227 -0.219727 0.041992
v -0.157227 -0.219727 0.041992
v -0.157227 -0.227539 0.040039
v -0.157227 -0.227539 0.040039
v -0.15332 -0.092773 0.116211
v -0.157227 -0.227539 0.040039
v -0.157227 -0.219727 0.041992
v -0.124023 -0.231445 0.03418
v -0.170898 -0.233398 0.020508
v -0.157227 -0.227539 0.040039
v -0.125977 -0.239258 0.032227
v -0.125977 -0.239258 0.032227
v -0.15918 -0.174805 0.030273
v -0.15918 -0.174805 0.030273
v -0.114258 -0.196289 0.012695
v -0.15332 -0.290039 -0.026367
v -0.15332 -0.290039 -0.026367
v -0.19043 -0.286133 -0.012695
v -0.170898 -0.233398 0.020508
v -0.125977 -0.239258 0.032227
v -0.124023 -0.231445 0.03418
v -0.098633 -0.24707 0.049805
v -0.149414 -0.114258 0.018555
v -0.15918 -0.174805 0.030273
v -0.149414 -0.114258 0.018555
v -0.100586 -0.143555 -0.010742
v -0.139648 -0.055664 0.088867
v -0.139648 -0.055664 0.088867
v -0.131836 -0.049805 0.069336
v -0.12207 -0.053711 0.114258
v -0.139648 -0.055664 0.088867
v -0.120117 -0.041992 0.098633
v -0.120117 -0.041992 0.098633
v -0.135742 -0.047852 0.040039
v -0.157227 -0.102539 0.055664
v -0.131836 -0.049805 0.069336
v -0.129883 -0.038086 0.061523
v -0.120117 -0.041992 0.098633
v -0.125977 -0.061523 0.004883
v -0.135742 -0.047852 0.040039
v -0.125977 -0.061523 0.004883
v -0.086914 -0.092773 -0.018555
v -0.124023 -0.040039 0.022461
v -0.129883 -0.038086 0.061523
v -0.137695 -0.026367 0.061523
v -0.129883 -0.038086 0.061523
v -0.137695 -0.026367 0.061523
v -0.124023 -0.040039 0.022461
v -0.129883 -0.02832 0.016602
v -0.12793 0.00293 0.061523
v -0.129883 -0.02832 0.016602
v -0.137695 -0.026367 0.061523
v -0.124023 -0.026367 0.104492
v -0.12793 0.00293 0.061523
v -0.102539 -0.049805 -0.004883
v -0.102539 -0.049805 -0.004883
v -0.102539 -0.049805 -0.004883
v -0.120117 0.000977 0.016602
v -0.094727 -0.004883 -0.016602
v -0.104492 -0.038086 -0.016602
v -0.104492 -0.038086 -0.016602
v -0.112305 -0.217773 0.155273
v -0.092773 -0.227539 0.141602
v -0.079102 -0.188477 0.143555
v -0.077148 -0.213867 0.131836
v -0.079102 -0.188477 0.143555
v -0.079102 -0.227539 0.110352
v -0.069336 -0.200195 0.114258
v -0.077148 -0.124023 0.143555
v -0.061523 -0.135742 0.124023
v -0.061523 -0.135742 0.124023
v -0.09668 -0.06543 0.131836
v -0.09668 -0.06543 0.131836
v -0.071289 -0.081055 0.12793
v -0.09082 -0.053711 0.124023
v -0.09082 -0.053711 0.124023
v -0.061523 -0.135742 0.124023
v -0.071289 -0.081055 0.12793
v -0.077148 -0.124023 0.143555
v -0.061523 -0.077148 0.12793
v -0.047852 -0.040039 0.157227
v -0.086914 -0.014648 0.135742
v -0.094727 -0.036133 0.133789
v -0.094727 -0.036133 0.133789
v -0.086914 -0.014648 0.135742
v -0.114258 -0.00293 0.104492
v -0.094727 -0.036133 0.133789
v -0.053711 -0.069336 0.149414
v -0.047852 -0.040039 0.157227
v -0.09082 -0.053711 0.124023
v -0.114258 -0.00293 0.104492
v -0.124023 -0.026367 0.104492
v -0.094727 -0.036133 0.133789
v -0.124023 -0.026367 0.104492
v -0.043945 -0.032227 0.147461
v -0.075195 -0.008789 0.131836
v -0.086914 -0.014648 0.135742
v -0.075195 -0.008789 0.131836
v -0.104492 0.00293 0.098633
v -0.114258 -0.00293 0.104492
v -0.075195 -0.008789 0.131836
v -0.043945 -0.032227 0.147461
v -0.063477 0.00293 0.151367
v -0.075195 -0.008789 0.131836
v -0.063477 0.00293 0.151367
v -0.071289 0.036133 0.147461
v -0.104492 0.00293 0.098633
v -0.032227 -0.108398 0.143555
v -0.053711 -0.069336 0.149414
v -0.061523 -0.077148 0.12793
v -0.006836 -0.081055 0.157227
v -0.032227 -0.108398 0.143555
v -0.043945 -0.108398 0.116211
v -0.006836 -0.114258 0.147461
v -0.026367 -0.12793 0.12207
v -0.026367 -0.12793 0.12207
v -0.061523 -0.077148 0.12793
v -0.043945 -0.108398 0.116211
v -0.006836 -0.081055 0.157227
v -0.006836 -0.114258 0.147461
v 0.020508 -0.108398 0.143555
v -0.006836 -0.051758 0.163086
v 0.036133 -0.040039 0.157227
v -0.006836 -0.051758 0.163086
v 0.041992 -0.069336 0.149414
v -0.006836 -0.131836 0.12207
v 0.014648 -0.12793 0.12207
v 0.014648 -0.12793 0.12207
v 0.020508 -0.108398 0.143555
v -0.006836 -0.114258 0.147461
v -0.006836 -0.040039 0.15332
v -0.006836 -0.051758 0.163086
v -0.006836 -0.040039 0.15332
v -0.038086 0.000977 0.165039
v 0.036133 -0.040039 0.157227
v -0.006836 0.000977 0.168945
v 0.026367 0.000977 0.165039
v -0.006836 0.000977 0.168945
v -0.006836 -0.040039 0.15332
v 0.032227 -0.032227 0.147461
v 0.032227 -0.032227 0.147461
v -0.05957 -0.209961 0.088867
v -0.094727 -0.239258 0.051758
v -0.077148 -0.233398 0.073242
v -0.088867 -0.24707 0.094727
v -0.077148 -0.233398 0.073242
v -0.038086 -0.161133 0.083008
v -0.077148 -0.233398 0.073242
v -0.094727 -0.239258 0.051758
v -0.071289 -0.209961 0.038086
v -0.077148 -0.233398 0.073242
v -0.071289 -0.209961 0.038086
v -0.05957 -0.209961 0.088867
v -0.114258 -0.196289 0.012695
v -0.051758 -0.165039 0.018555
v -0.100586 -0.143555 -0.010742
v -0.038086 -0.161133 0.083008
v -0.051758 -0.165039 0.018555
v -0.043945 -0.108398 0.116211
v -0.032227 -0.12793 0.077148
v -0.03418 -0.124023 0.030273
v -0.032227 -0.12793 0.077148
v -0.024414 -0.125977 0.026367
v -0.022461 -0.133789 0.077148
v -0.032227 -0.12793 0.077148
v -0.032227 -0.12793 0.077148
v -0.022461 -0.133789 0.077148
v -0.043945 -0.108398 0.116211
v -0.03418 -0.124023 0.030273
v -0.024414 -0.125977 0.026367
v -0.032227 -0.12793 0.077148
v -0.022461 -0.133789 0.077148
v -0.006836 -0.131836 0.12207
v -0.026367 -0.12793 0.12207
v -0.043945 -0.108398 0.116211
v -0.022461 -0.133789 0.077148
v -0.026367 -0.12793 0.12207
v -0.006836 -0.133789 0.077148
v 0.010742 -0.133789 0.077148
v 0.014648 -0.12793 0.12207
v -0.024414 -0.125977 0.026367
v -0.006836 -0.12793 0.024414
v 0.012695 -0.125977 0.026367
v -0.049805 -0.120117 -0.000977
v -0.086914 -0.092773 -0.018555
v -0.049805 -0.120117 -0.000977
v -0.036133 -0.102539 -0.018555
v -0.024414 -0.125977 0.026367
v -0.03418 -0.124023 0.030273
v -0.047852 -0.100586 -0.00293
v -0.036133 -0.102539 -0.018555
v -0.006836 -0.104492 -0.022461
v 0.024414 -0.102539 -0.018555
v -0.120117 -0.041992 0.098633
v -0.114258 -0.00293 0.104492
v -0.116211 0.006836 0.061523
v -0.12793 0.00293 0.061523
v -0.047852 -0.100586 -0.00293
v -0.459961 0.071289 0.041992
v -0.448242 0.024414 0.05957
v -0.448242 0.045898 0.079102
v -0.432617 0.061523 0.032227
v -0.459961 0.071289 0.041992
v -0.448242 0.045898 0.079102
v -0.418945 0.038086 0.063477
v -0.458008 0.051758 0.024414
v -0.448242 0.024414 0.05957
v -0.458008 0.051758 0.024414
v -0.432617 0.061523 0.032227
v -0.418945 0.038086 0.063477
v -0.461914 0.09668 0.006836
v -0.458008 0.077148 -0.010742
v -0.436523 0.084961 -0.000977
v -0.458008 0.077148 -0.010742
v -0.461914 0.09668 0.006836
v -0.436523 0.084961 -0.000977
v -0.452148 0.120117 -0.026367
v -0.458008 0.077148 -0.010742
v -0.461914 0.09668 0.006836
v -0.452148 0.120117 -0.026367
v -0.415039 0.110352 0.073242
v -0.40918 0.106445 0.071289
v -0.40918 0.112305 0.079102
v -0.40332 0.108398 0.075195
v -0.413086 0.124023 0.063477
v -0.415039 0.110352 0.073242
v -0.40918 0.112305 0.079102
v -0.399414 0.12793 0.077148
v -0.40918 0.112305 0.079102
v -0.40332 0.108398 0.075195
v -0.399414 0.12793 0.077148
v -0.40918 0.106445 0.071289
v -0.415039 0.110352 0.073242
v -0.413086 0.124023 0.063477
v -0.399414 0.112305 0.057617
v -0.399414 0.112305 0.057617
v -0.40332 0.108398 0.075195
v -0.40918 0.106445 0.071289
v -0.399414 0.133789 0.053711
v -0.399414 0.112305 0.057617
v -0.413086 0.124023 0.063477
v -0.413086 0.124023 0.063477
v -0.399414 0.12793 0.077148
v -0.395508 0.135742 0.05957
v -0.399414 0.133789 0.053711
v -0.387695 0.118164 0.069336
v -0.387695 0.118164 0.069336
v -0.387695 0.118164 0.069336
v -0.399414 0.112305 0.057617
v -0.389648 0.131836 0.057617
v -0.389648 0.131836 0.057617
v -0.399414 0.12793 0.077148
v -0.387695 0.118164 0.069336
v -0.354492 0.043945 0.073242
v -0.381836 0.055664 0.030273
v -0.399414 0.041992 0.043945
v -0.399414 0.041992 0.043945
v -0.381836 0.055664 0.030273
v -0.407227 0.020508 -0.006836
v -0.354492 0.043945 0.073242
v -0.348633 0.05957 0.075195
v -0.385742 0.077148 0.024414
v -0.381836 0.055664 0.030273
v -0.385742 0.036133 -0.012695
v -0.354492 0.043945 0.073242
v -0.385742 0.036133 -0.012695
v -0.399414 0.112305 0.057617
v -0.399414 0.133789 0.053711
v -0.397461 0.131836 0.051758
v -0.397461 0.131836 0.051758
v -0.385742 0.077148 0.024414
v -0.348633 0.05957 0.075195
v -0.354492 0.094727 0.047852
v -0.374023 0.102539 -0.000977
v -0.391602 0.055664 -0.030273
v -0.374023 0.102539 -0.000977
v -0.391602 0.055664 -0.030273
v -0.385742 0.077148 0.024414
v -0.395508 0.135742 0.05957
v -0.399414 0.133789 0.053711
v -0.395508 0.135742 0.05957
v -0.397461 0.131836 0.051758
v -0.389648 0.131836 0.057617
v -0.311523 0.004883 0.094727
v -0.354492 0.043945 0.073242
v -0.360352 0.032227 0.088867
v -0.307617 0.026367 0.084961
v -0.348633 0.05957 0.075195
v -0.354492 0.043945 0.073242
v -0.311523 0.004883 0.094727
v -0.317383 0.071289 0.069336
v -0.307617 0.026367 0.084961
v -0.317383 0.071289 0.069336
v -0.348633 0.05957 0.075195
v -0.334961 0.110352 0.03418
v -0.317383 0.100586 0.032227
v -0.334961 0.110352 0.03418
v -0.317383 0.071289 0.069336
v -0.305664 0.069336 0.051758
v -0.307617 0.026367 0.084961
v -0.293945 0.049805 0.049805
v -0.354492 0.094727 0.047852
v -0.334961 0.110352 0.03418
v -0.374023 0.102539 -0.000977
v -0.323242 0.108398 0.022461
v -0.323242 0.108398 0.022461
v -0.334961 0.112305 -0.012695
v -0.352539 0.118164 -0.014648
v -0.317383 0.133789 0.032227
v -0.323242 0.108398 0.022461
v -0.317383 0.100586 0.032227
v -0.305664 0.069336 0.051758
v -0.303711 0.102539 0.063477
v -0.307617 0.125977 0.040039
v -0.334961 0.112305 -0.012695
v -0.280273 0.077148 0.079102
v -0.290039 0.129883 0.077148
v -0.258789 0.12207 0.098633
v -0.258789 0.12207 0.098633
v -0.280273 0.077148 0.079102
v -0.213867 0.108398 0.086914
v -0.241211 0.166992 0.100586
v -0.290039 0.129883 0.077148
v -0.258789 0.12207 0.098633
v -0.258789 0.12207 0.098633
v -0.213867 0.108398 0.086914
v -0.196289 0.157227 0.094727
v -0.241211 0.166992 0.100586
v -0.305664 0.069336 0.051758
v -0.293945 0.049805 0.049805
v -0.243164 0.063477 0.06543
v -0.293945 0.049805 0.049805
v -0.270508 0.047852 0.040039
v -0.293945 0.049805 0.049805
v -0.270508 0.047852 0.040039
v -0.243164 0.063477 0.06543
v -0.256836 0.000977 0.043945
v -0.25293 0.032227 0.040039
v -0.24707 0.016602 0.03418
v -0.270508 0.047852 0.040039
v -0.25293 0.032227 0.040039
v -0.25293 0.055664 0.008789
v -0.25293 0.055664 0.008789
v -0.219727 0.069336 0.030273
v -0.237305 0.040039 0.006836
v -0.24707 0.016602 0.03418
v -0.237305 0.016602 0.010742
v -0.254883 0.057617 -0.02832
v -0.254883 0.057617 -0.02832
v -0.305664 0.176758 0.018555
v -0.325195 0.155273 0.004883
v -0.291992 0.15332 0.057617
v -0.325195 0.155273 0.004883
v -0.305664 0.176758 0.018555
v -0.311523 0.172852 -0.032227
v -0.329102 0.124023 -0.040039
v -0.334961 0.112305 -0.012695
v -0.30957 0.18457 0.020508
v -0.305664 0.196289 0.069336
v -0.313477 0.211914 0.02832
v -0.307617 0.233398 0.040039
v -0.291992 0.209961 -0.022461
v -0.30957 0.18457 0.020508
v -0.313477 0.211914 0.02832
v -0.313477 0.211914 0.02832
v -0.307617 0.233398 0.040039
v -0.297852 0.258789 0.014648
v -0.293945 0.245117 -0.010742
v -0.291992 0.209961 -0.022461
v -0.291992 0.15332 0.057617
v -0.299805 0.163086 0.063477
v -0.256836 0.176758 0.110352
v -0.291992 0.15332 0.057617
v -0.256836 0.176758 0.110352
v -0.299805 0.163086 0.063477
v -0.305664 0.176758 0.018555
v -0.291992 0.15332 0.057617
v -0.299805 0.163086 0.063477
v -0.27832 0.206055 0.114258
v -0.305664 0.196289 0.069336
v -0.241211 0.225586 0.145508
v -0.241211 0.166992 0.100586
v -0.202148 0.186523 0.141602
v -0.293945 0.237305 0.071289
v -0.303711 0.223633 0.073242
v -0.288086 0.231445 0.104492
v -0.288086 0.231445 0.104492
v -0.303711 0.223633 0.073242
v -0.27832 0.206055 0.114258
v -0.28418 0.241211 0.092773
v -0.272461 0.254883 0.104492
v -0.268555 0.250977 0.12207
v -0.272461 0.254883 0.104492
v -0.303711 0.223633 0.073242
v -0.293945 0.237305 0.071289
v -0.297852 0.245117 0.049805
v -0.297852 0.245117 0.049805
v -0.280273 0.239258 0.067383
v -0.293945 0.237305 0.071289
v -0.28418 0.241211 0.092773
v -0.266602 0.249023 0.088867
v -0.274414 0.241211 0.081055
v -0.274414 0.241211 0.081055
v -0.282227 0.245117 0.051758
v -0.297852 0.245117 0.049805
v -0.241211 0.225586 0.145508
v -0.258789 0.258789 0.088867
v -0.280273 0.239258 0.067383
v -0.260742 0.270508 0.102539
v -0.256836 0.274414 0.061523
v -0.282227 0.245117 0.051758
v -0.280273 0.239258 0.067383
v -0.254883 0.268555 0.079102
v -0.280273 0.239258 0.067383
v -0.254883 0.268555 0.079102
v -0.256836 0.274414 0.061523
v -0.291992 0.198242 -0.018555
v -0.291992 0.198242 -0.018555
v -0.290039 0.260742 0.032227
v -0.307617 0.233398 0.040039
v -0.297852 0.245117 0.049805
v -0.297852 0.245117 0.049805
v -0.282227 0.245117 0.051758
v -0.276367 0.256836 0.040039
v -0.290039 0.260742 0.032227
v -0.307617 0.233398 0.040039
v -0.290039 0.260742 0.032227
v -0.297852 0.258789 0.014648
v -0.270508 0.266602 0.038086
v -0.276367 0.256836 0.040039
v -0.282227 0.245117 0.051758
v -0.262695 0.274414 0.045898
v -0.262695 0.274414 0.045898
v -0.25293 0.276367 0.120117
v -0.241211 0.225586 0.145508
v -0.25293 0.276367 0.120117
v -0.268555 0.250977 0.12207
v -0.25293 0.276367 0.120117
v -0.24707 0.297852 0.09668
v -0.260742 0.270508 0.102539
v -0.25293 0.276367 0.120117
v -0.206055 0.268555 0.141602
v -0.202148 0.307617 0.100586
v -0.24707 0.297852 0.09668
v -0.256836 0.28418 0.086914
v -0.256836 0.28418 0.086914
v -0.258789 0.291992 0.063477
v -0.249023 0.30957 0.061523
v -0.266602 0.290039 0.041992
v -0.262695 0.305664 0.030273
v -0.27832 0.27832 0.030273
v -0.297852 0.258789 0.014648
v -0.290039 0.260742 0.032227
v -0.27832 0.27832 0.030273
v -0.27832 0.288086 0.012695
v -0.27832 0.288086 0.012695
v -0.270508 0.266602 0.038086
v -0.270508 0.266602 0.038086
v -0.262695 0.274414 0.045898
v -0.262695 0.305664 0.030273
v -0.227539 0.319336 0.000977
v -0.260742 0.288086 -0.020508
v -0.262695 0.305664 0.030273
v -0.249023 0.30957 0.061523
v -0.227539 0.319336 0.000977
v -0.135742 0.092773 0.137695
v -0.157227 0.141602 0.139648
v -0.161133 0.114258 0.092773
v -0.114258 0.114258 0.170898
v -0.139648 0.073242 0.094727
v -0.125977 0.055664 0.120117
v -0.104492 0.055664 0.15332
v -0.09668 0.069336 0.168945
v -0.168945 0.231445 0.151367
v -0.241211 0.225586 0.145508
v -0.202148 0.186523 0.141602
v -0.180664 0.188477 0.124023
v -0.168945 0.231445 0.151367
v -0.202148 0.186523 0.141602
v -0.202148 0.186523 0.141602
v -0.241211 0.166992 0.100586
v -0.196289 0.176758 0.114258
v -0.196289 0.176758 0.114258
v -0.206055 0.268555 0.141602
v -0.176758 0.186523 0.149414
v -0.157227 0.141602 0.139648
v -0.157227 0.165039 0.170898
v -0.157227 0.165039 0.170898
v -0.157227 0.141602 0.139648
v -0.116211 0.135742 0.198242
v -0.155273 0.22168 0.15332
v -0.176758 0.186523 0.149414
v -0.157227 0.165039 0.170898
v -0.12207 0.200195 0.182617
v -0.116211 0.135742 0.198242
v -0.180664 0.188477 0.124023
v -0.170898 0.157227 0.083008
v -0.157227 0.141602 0.139648
v -0.176758 0.170898 0.108398
v -0.170898 0.157227 0.083008
v -0.176758 0.170898 0.108398
v -0.114258 0.114258 0.170898
v -0.155273 0.22168 0.15332
v -0.161133 0.22168 0.139648
v -0.161133 0.22168 0.139648
v -0.157227 0.274414 0.131836
v -0.157227 0.274414 0.131836
v -0.139648 0.272461 0.116211
v -0.139648 0.272461 0.116211
v -0.157227 0.274414 0.131836
v -0.161133 0.22168 0.139648
v -0.092773 0.245117 0.166992
v -0.139648 0.272461 0.116211
v -0.194336 0.100586 0.043945
v -0.213867 0.108398 0.086914
v -0.243164 0.063477 0.06543
v -0.219727 0.069336 0.030273
v -0.176758 0.137695 0.061523
v -0.170898 0.157227 0.083008
v -0.170898 0.157227 0.083008
v -0.24707 0.010742 -0.038086
v -0.237305 0.040039 0.006836
v -0.245117 0.040039 -0.038086
v -0.245117 0.040039 -0.038086
v -0.194336 0.041992 0.038086
v -0.194336 0.047852 0.004883
v -0.176758 0.036133 0.036133
v -0.182617 0.055664 0.010742
v -0.194336 0.047852 0.004883
v -0.194336 0.041992 0.038086
v -0.172852 0.030273 0.06543
v -0.186523 0.036133 0.071289
v -0.194336 0.041992 0.038086
v -0.186523 0.036133 0.071289
v -0.180664 0.049805 0.040039
v -0.182617 0.055664 0.010742
v -0.174805 0.041992 0.008789
v -0.186523 0.051758 -0.026367
v -0.176758 0.061523 -0.018555
v -0.186523 0.051758 -0.026367
v -0.219727 0.069336 0.030273
v -0.223633 0.081055 0.004883
v -0.194336 0.100586 0.043945
v -0.254883 0.057617 -0.02832
v -0.182617 0.124023 0.016602
v -0.22168 0.083008 -0.026367
v -0.182617 0.124023 0.016602
v -0.223633 0.081055 0.004883
v -0.254883 0.057617 -0.02832
v -0.182617 0.124023 0.016602
v -0.161133 0.024414 0.09082
v -0.170898 0.030273 0.098633
v -0.143555 0.018555 0.112305
v -0.170898 0.043945 0.067383
v -0.170898 0.030273 0.098633
v -0.157227 0.036133 0.092773
v -0.147461 0.024414 0.120117
v -0.143555 0.018555 0.112305
v -0.147461 0.024414 0.120117
v -0.170898 0.030273 0.098633
v -0.157227 0.036133 0.092773
v -0.161133 0.024414 0.09082
v -0.172852 0.030273 0.06543
v -0.170898 0.043945 0.067383
v -0.176758 0.036133 0.036133
v -0.161133 0.024414 0.09082
v -0.157227 0.036133 0.092773
v -0.135742 0.02832 0.112305
v -0.143555 0.018555 0.112305
v -0.135742 0.02832 0.112305
v -0.180664 0.049805 0.040039
v -0.120117 0.014648 0.129883
v -0.12207 0.018555 0.135742
v -0.12207 0.018555 0.135742
v -0.120117 0.014648 0.129883
v -0.114258 0.020508 0.12793
v -0.114258 0.020508 0.12793
v -0.125977 0.055664 0.120117
v -0.139648 0.073242 0.094727
v -0.12207 0.071289 0.075195
v -0.104492 0.045898 0.106445
v -0.104492 0.055664 0.15332
v -0.125977 0.055664 0.120117
v -0.104492 0.045898 0.106445
v -0.149414 0.116211 0.073242
v -0.161133 0.114258 0.092773
v -0.170898 0.157227 0.083008
v -0.176758 0.137695 0.061523
v -0.151367 0.094727 0.053711
v -0.149414 0.116211 0.073242
v -0.149414 0.116211 0.073242
v -0.151367 0.094727 0.053711
v -0.12207 0.071289 0.075195
v -0.170898 0.157227 0.083008
v -0.174805 0.041992 0.008789
v -0.180664 0.049805 0.040039
v -0.174805 0.041992 0.008789
v -0.182617 0.055664 0.010742
v -0.166992 0.047852 -0.018555
v -0.166992 0.047852 -0.018555
v -0.176758 0.061523 -0.018555
v -0.120117 0.000977 0.016602
v -0.15332 0.083008 0.016602
v -0.151367 0.094727 0.053711
v -0.182617 0.124023 0.016602
v -0.176758 0.137695 0.061523
v -0.155273 0.092773 -0.026367
v -0.15332 0.083008 0.016602
v -0.182617 0.124023 0.016602
v -0.18457 0.131836 -0.022461
v -0.18457 0.131836 -0.022461
v -0.151367 0.094727 0.053711
v -0.120117 0.061523 0.057617
v -0.120117 0.061523 0.057617
v -0.12207 0.071289 0.075195
v -0.151367 0.094727 0.053711
v -0.112305 0.049805 0.014648
v -0.196289 0.157227 0.094727
v -0.196289 0.176758 0.114258
v -0.241211 0.166992 0.100586
v -0.176758 0.170898 0.108398
v -0.180664 0.188477 0.124023
v -0.170898 0.157227 0.083008
v -0.176758 0.170898 0.108398
v -0.196289 0.157227 0.094727
v -0.094727 0.010742 0.143555
v -0.094727 0.010742 0.143555
v -0.094727 0.014648 0.145508
v -0.094727 0.014648 0.145508
v -0.09082 0.014648 0.141602
v -0.09082 0.014648 0.141602
v -0.069336 0.008789 0.149414
v -0.069336 0.008789 0.149414
v -0.069336 0.008789 0.149414
v -0.081055 0.047852 0.141602
v -0.075195 0.061523 0.157227
v -0.104492 0.055664 0.15332
v -0.09668 0.069336 0.168945
v -0.081055 0.047852 0.141602
v -0.075195 0.061523 0.157227
v -0.081055 0.047852 0.141602
v -0.057617 0.047852 0.174805
v -0.067383 0.077148 0.170898
v -0.067383 0.077148 0.170898
v -0.047852 0.03418 0.166992
v -0.047852 0.03418 0.166992
v -0.104492 0.045898 0.106445
v -0.047852 0.03418 0.166992
v -0.057617 0.047852 0.174805
v -0.071289 0.036133 0.147461
v -0.081055 0.084961 0.182617
v -0.057617 0.125977 0.194336
v -0.040039 0.088867 0.18457
v -0.047852 0.098633 0.198242
v -0.081055 0.084961 0.182617
v -0.047852 0.098633 0.198242
v -0.057617 0.125977 0.194336
v -0.067383 0.077148 0.170898
v -0.057617 0.047852 0.174805
v -0.040039 0.088867 0.18457
v -0.006836 0.061523 0.188477
v -0.006836 0.094727 0.19043
v -0.040039 0.088867 0.18457
v 0.02832 0.088867 0.18457
v -0.006836 0.061523 0.188477
v -0.006836 0.043945 0.174805
v -0.040039 0.088867 0.18457
v 0.045898 0.047852 0.174805
v 0.045898 0.047852 0.174805
v -0.006836 0.104492 0.204102
v -0.047852 0.098633 0.198242
v -0.006836 0.104492 0.204102
v -0.006836 0.137695 0.200195
v -0.006836 0.137695 0.200195
v -0.057617 0.125977 0.194336
v -0.047852 0.098633 0.198242
v -0.006836 0.094727 0.19043
v 0.02832 0.088867 0.18457
v 0.036133 0.098633 0.198242
v -0.006836 0.137695 0.200195
v -0.006836 0.104492 0.204102
v 0.036133 0.098633 0.198242
v -0.047852 0.03418 0.166992
v -0.038086 0.000977 0.165039
v -0.006836 0.043945 0.174805
v 0.036133 0.03418 0.166992
v 0.036133 0.03418 0.166992
v -0.063477 0.143555 0.211914
v -0.06543 0.19043 0.200195
v -0.063477 0.143555 0.211914
v -0.020508 0.15332 0.213867
v -0.006836 0.137695 0.200195
v -0.020508 0.15332 0.213867
v -0.018555 0.22168 0.19043
v -0.018555 0.186523 0.204102
v -0.006836 0.227539 0.168945
v -0.077148 0.249023 0.149414
v -0.092773 0.245117 0.166992
v -0.139648 0.272461 0.116211
v -0.018555 0.22168 0.19043
v -0.077148 0.249023 0.149414
v -0.006836 0.227539 0.168945
v -0.032227 0.256836 0.151367
v -0.098633 0.291992 0.114258
v -0.139648 0.272461 0.116211
v -0.06543 0.270508 0.137695
v -0.020508 0.15332 0.213867
v -0.006836 0.137695 0.200195
v -0.006836 0.182617 0.194336
v -0.018555 0.186523 0.204102
v 0.008789 0.15332 0.213867
v -0.006836 0.182617 0.194336
v -0.006836 0.137695 0.200195
v 0.045898 0.125977 0.194336
v 0.051758 0.143555 0.211914
v 0.008789 0.15332 0.213867
v -0.006836 0.137695 0.200195
v 0.045898 0.125977 0.194336
v -0.018555 0.186523 0.204102
v -0.006836 0.182617 0.194336
v -0.018555 0.22168 0.19043
v -0.006836 0.227539 0.168945
v 0.006836 0.22168 0.19043
v -0.006836 0.227539 0.168945
v -0.006836 0.182617 0.194336
v -0.006836 0.182617 0.194336
v 0.008789 0.15332 0.213867
v 0.006836 0.186523 0.204102
v 0.006836 0.22168 0.19043
v -0.006836 0.25293 0.157227
v 0.020508 0.256836 0.151367
v -0.006836 0.25293 0.157227
v -0.006836 0.227539 0.168945
v -0.006836 0.227539 0.168945
v 0.006836 0.22168 0.19043
v 0.081055 0.245117 0.166992
v 0.06543 0.249023 0.149414
v 0.06543 0.249023 0.149414
v -0.116211 0.006836 0.061523
v -0.12207 0.071289 0.075195
v -0.120117 0.061523 0.057617
v -0.112305 0.049805 0.014648
v -0.110352 0.006836 0.022461
v -0.116211 0.006836 0.061523
v -0.110352 0.006836 0.022461
v -0.086914 0.000977 -0.008789
v -0.110352 0.006836 0.022461
v -0.088867 0.043945 -0.012695
v -0.086914 0.000977 -0.008789
v -0.114258 0.06543 -0.036133
v -0.157227 0.274414 0.131836
v -0.165039 0.30957 0.094727
v -0.147461 0.305664 0.084961
v -0.165039 0.30957 0.094727
v -0.157227 0.274414 0.131836
v -0.139648 0.272461 0.116211
v -0.131836 0.295898 0.133789
v -0.12793 0.301758 0.135742
v -0.147461 0.307617 0.124023
v -0.112305 0.288086 0.139648
v -0.12793 0.301758 0.135742
v -0.131836 0.295898 0.133789
v -0.131836 0.295898 0.133789
v -0.147461 0.307617 0.124023
v -0.131836 0.319336 0.118164
v -0.120117 0.303711 0.12793
v -0.131836 0.295898 0.133789
v -0.114258 0.282227 0.139648
v -0.112305 0.288086 0.139648
v -0.120117 0.303711 0.12793
v -0.114258 0.282227 0.139648
v -0.131836 0.295898 0.133789
v -0.141602 0.317383 0.125977
v -0.131836 0.319336 0.118164
v -0.141602 0.317383 0.125977
v -0.12793 0.301758 0.135742
v -0.120117 0.303711 0.12793
v -0.112305 0.288086 0.139648
v -0.163086 0.321289 0.110352
v -0.15332 0.333008 0.112305
v -0.139648 0.333008 0.104492
v -0.15332 0.333008 0.112305
v -0.24707 0.297852 0.09668
v -0.202148 0.307617 0.100586
v -0.209961 0.323242 0.049805
v -0.174805 0.327148 0.040039
v -0.165039 0.30957 0.094727
v -0.178711 0.317383 -0.026367
v -0.225586 0.282227 -0.053711
v -0.178711 0.317383 -0.026367
v -0.182617 0.37207 0.022461
v -0.194336 0.354492 0.018555
v -0.192383 0.350586 0.045898
v -0.192383 0.350586 0.045898
v -0.194336 0.354492 0.018555
v -0.15918 0.368164 0.020508
v -0.192383 0.350586 0.045898
v -0.18457 0.342773 0.071289
v -0.178711 0.366211 0.047852
v -0.157227 0.362305 0.045898
v -0.18457 0.342773 0.071289
v -0.178711 0.366211 0.047852
v -0.180664 0.374023 -0.006836
v -0.157227 0.370117 -0.00293
v -0.192383 0.358398 -0.010742
v -0.192383 0.358398 -0.010742
v -0.147461 0.305664 0.084961
v -0.112305 0.321289 0.086914
v -0.147461 0.305664 0.084961
v -0.163086 0.321289 0.110352
v -0.139648 0.333008 0.104492
v -0.15332 0.323242 0.026367
v -0.108398 0.344727 0.051758
v -0.108398 0.344727 0.051758
v -0.165039 0.344727 0.094727
v -0.174805 0.333008 0.092773
v -0.174805 0.333008 0.092773
v -0.147461 0.344727 0.086914
v -0.172852 0.356445 0.073242
v -0.15332 0.354492 0.067383
v -0.172852 0.356445 0.073242
v -0.165039 0.344727 0.094727
v -0.15332 0.333008 0.112305
v -0.147461 0.344727 0.086914
v -0.18457 0.342773 0.071289
v -0.15332 0.354492 0.067383
v -0.15332 0.354492 0.067383
v -0.157227 0.362305 0.045898
v -0.178711 0.366211 0.047852
v -0.139648 0.333008 0.104492
v -0.15918 0.368164 0.020508
v -0.182617 0.37207 0.022461
v -0.157227 0.370117 -0.00293
v -0.180664 0.374023 -0.006836
v -0.081055 0.356445 0.018555
v -0.15332 0.323242 0.026367
v -0.081055 0.356445 0.018555
v -0.110352 0.333008 -0.026367
v -0.15332 0.323242 0.026367
v -0.157227 0.30957 -0.022461
v -0.178711 0.317383 -0.026367
v -0.157227 0.30957 -0.022461
v -0.114258 0.282227 0.139648
v -0.09668 0.270508 0.141602
v -0.09668 0.272461 0.143555
v -0.077148 0.256836 0.143555
v -0.09668 0.272461 0.143555
v -0.094727 0.274414 0.141602
v -0.112305 0.288086 0.139648
v -0.077148 0.256836 0.143555
v -0.09668 0.272461 0.143555
v -0.094727 0.274414 0.141602
v -0.09668 0.270508 0.141602
v -0.077148 0.256836 0.143555
v -0.108398 0.288086 0.135742
v -0.108398 0.288086 0.135742
v -0.094727 0.274414 0.141602
v -0.041992 0.293945 0.143555
v -0.055664 0.313477 0.133789
v -0.06543 0.270508 0.137695
v -0.055664 0.313477 0.133789
v -0.071289 0.311523 0.112305
v -0.071289 0.311523 0.112305
v -0.061523 0.295898 0.155273
v -0.047852 0.307617 0.186523
v -0.063477 0.31543 0.143555
v -0.053711 0.333008 0.163086
v -0.055664 0.313477 0.133789
v -0.061523 0.295898 0.155273
v -0.063477 0.31543 0.143555
v -0.057617 0.348633 0.145508
v -0.055664 0.348633 0.139648
v -0.055664 0.313477 0.133789
v -0.063477 0.31543 0.143555
v -0.057617 0.348633 0.145508
v -0.057617 0.348633 0.145508
v -0.061523 0.360352 0.166992
v -0.063477 0.368164 0.139648
v -0.057617 0.375977 0.170898
v -0.063477 0.368164 0.139648
v -0.055664 0.313477 0.133789
v -0.055664 0.348633 0.139648
v -0.06543 0.352539 0.098633
v -0.063477 0.368164 0.139648
v -0.055664 0.348633 0.139648
v -0.057617 0.348633 0.145508
v -0.063477 0.368164 0.139648
v -0.071289 0.383789 0.141602
v -0.063477 0.368164 0.139648
v -0.071289 0.383789 0.141602
v -0.075195 0.389648 0.102539
v -0.063477 0.37207 0.102539
v -0.063477 0.37207 0.102539
v -0.020508 0.272461 0.209961
v -0.03418 0.286133 0.21582
v -0.036133 0.272461 0.208008
v -0.036133 0.272461 0.208008
v -0.03418 0.286133 0.21582
v -0.047852 0.28418 0.18457
v -0.047852 0.28418 0.18457
v -0.020508 0.272461 0.209961
v -0.036133 0.272461 0.208008
v -0.026367 0.293945 0.219727
v -0.041992 0.311523 0.204102
v -0.03418 0.286133 0.21582
v -0.041992 0.311523 0.204102
v -0.026367 0.293945 0.219727
v -0.041992 0.311523 0.204102
v -0.026367 0.293945 0.219727
v -0.032227 0.31543 0.21582
v -0.041992 0.311523 0.204102
v -0.032227 0.31543 0.21582
v -0.02832 0.317383 0.204102
v -0.038086 0.313477 0.196289
v -0.047852 0.307617 0.186523
v -0.038086 0.313477 0.196289
v -0.040039 0.31543 0.196289
v -0.041992 0.311523 0.188477
v -0.041992 0.311523 0.188477
v -0.040039 0.31543 0.196289
v -0.043945 0.333008 0.186523
v -0.047852 0.307617 0.186523
v -0.038086 0.313477 0.196289
v -0.041992 0.311523 0.188477
v -0.043945 0.333008 0.186523
v -0.047852 0.307617 0.186523
v -0.041992 0.311523 0.188477
v -0.016602 0.297852 0.22168
v -0.026367 0.293945 0.219727
v -0.016602 0.297852 0.22168
v -0.032227 0.31543 0.21582
v -0.006836 0.295898 0.219727
v -0.016602 0.297852 0.22168
v -0.006836 0.295898 0.219727
v -0.006836 0.317383 0.219727
v -0.018555 0.317383 0.219727
v -0.018555 0.317383 0.219727
v -0.006836 0.295898 0.219727
v -0.020508 0.272461 0.209961
v -0.006836 0.274414 0.208008
v -0.006836 0.295898 0.219727
v -0.006836 0.274414 0.208008
v 0.008789 0.272461 0.209961
v 0.004883 0.297852 0.22168
v 0.004883 0.297852 0.22168
v -0.006836 0.280273 0.165039
v -0.006836 0.274414 0.208008
v 0.008789 0.272461 0.209961
v -0.043945 0.348633 0.196289
v -0.055664 0.356445 0.194336
v -0.049805 0.342773 0.188477
v -0.05957 0.352539 0.186523
v -0.043945 0.333008 0.186523
v -0.051758 0.344727 0.165039
v -0.043945 0.333008 0.186523
v -0.049805 0.342773 0.188477
v -0.05957 0.352539 0.186523
v -0.018555 0.317383 0.219727
v -0.018555 0.319336 0.208008
v -0.02832 0.317383 0.204102
v -0.030273 0.321289 0.206055
v -0.032227 0.338867 0.202148
v -0.030273 0.321289 0.206055
v -0.030273 0.354492 0.200195
v -0.043945 0.348633 0.196289
v -0.032227 0.338867 0.202148
v -0.032227 0.338867 0.202148
v -0.030273 0.321289 0.206055
v -0.018555 0.323242 0.209961
v -0.018555 0.34082 0.206055
v -0.041992 0.360352 0.196289
v -0.049805 0.366211 0.194336
v -0.055664 0.356445 0.194336
v -0.055664 0.356445 0.194336
v -0.049805 0.366211 0.194336
v -0.055664 0.375977 0.198242
v -0.055664 0.356445 0.194336
v -0.043945 0.348633 0.196289
v -0.041992 0.360352 0.196289
v -0.055664 0.375977 0.198242
v -0.05957 0.352539 0.186523
v -0.055664 0.356445 0.194336
v -0.040039 0.368164 0.198242
v -0.043945 0.37207 0.206055
v -0.049805 0.366211 0.194336
v -0.049805 0.366211 0.194336
v -0.043945 0.37207 0.206055
v -0.055664 0.375977 0.198242
v -0.049805 0.366211 0.194336
v -0.041992 0.360352 0.196289
v -0.040039 0.368164 0.198242
v -0.03418 0.368164 0.211914
v -0.03418 0.368164 0.211914
v -0.036133 0.375977 0.21582
v -0.049805 0.381836 0.211914
v -0.030273 0.366211 0.202148
v -0.022461 0.364258 0.213867
v -0.022461 0.370117 0.219727
v -0.022461 0.364258 0.213867
v -0.041992 0.360352 0.196289
v -0.030273 0.366211 0.202148
v -0.030273 0.354492 0.200195
v -0.006836 0.317383 0.219727
v -0.006836 0.319336 0.209961
v 0.006836 0.317383 0.219727
v 0.006836 0.317383 0.219727
v -0.012695 0.368164 0.219727
v -0.022461 0.370117 0.219727
v -0.012695 0.368164 0.219727
v -0.012695 0.381836 0.217773
v -0.022461 0.387695 0.217773
v -0.036133 0.375977 0.21582
v -0.022461 0.370117 0.219727
v -0.022461 0.387695 0.217773
v -0.012695 0.362305 0.211914
v -0.006836 0.364258 0.213867
v -0.006836 0.364258 0.213867
v -0.006836 0.368164 0.213867
v -0.018555 0.319336 0.208008
v -0.018555 0.323242 0.209961
v -0.006836 0.323242 0.211914
v -0.006836 0.319336 0.209961
v -0.006836 0.336914 0.208008
v -0.006836 0.323242 0.211914
v -0.018555 0.34082 0.206055
v -0.006836 0.336914 0.208008
v -0.012695 0.344727 0.21582
v -0.018555 0.358398 0.202148
v -0.012695 0.362305 0.211914
v -0.018555 0.358398 0.202148
v -0.018555 0.34082 0.206055
v -0.012695 0.344727 0.21582
v 0.006836 0.319336 0.208008
v 0.006836 0.323242 0.209961
v -0.006836 0.336914 0.208008
v -0.006836 0.323242 0.211914
v 0.006836 0.323242 0.209961
v 0.006836 0.319336 0.208008
v -0.006836 0.342773 0.217773
v -0.006836 0.342773 0.217773
v -0.006836 0.336914 0.208008
v 0.000977 0.344727 0.21582
v -0.006836 0.364258 0.213867
v -0.012695 0.344727 0.21582
v -0.006836 0.342773 0.217773
v 0.000977 0.344727 0.21582
v -0.006836 0.364258 0.213867
v -0.006836 0.342773 0.217773
v 0.006836 0.34082 0.206055
v 0.006836 0.34082 0.206055
v -0.020508 0.362305 0.204102
v -0.012695 0.362305 0.211914
v -0.030273 0.366211 0.202148
v -0.018555 0.358398 0.202148
v -0.020508 0.362305 0.204102
v -0.012695 0.362305 0.211914
v -0.030273 0.354492 0.200195
v -0.018555 0.358398 0.202148
v -0.030273 0.366211 0.202148
v -0.012695 0.362305 0.211914
v 0.000977 0.368164 0.219727
v -0.006836 0.368164 0.213867
v -0.006836 0.364258 0.213867
v 0.000977 0.362305 0.211914
v 0.000977 0.368164 0.219727
v -0.006836 0.364258 0.213867
v 0.000977 0.362305 0.211914
v -0.006836 0.383789 0.213867
v 0.000977 0.381836 0.217773
v -0.006836 0.383789 0.213867
v -0.006836 0.368164 0.213867
v 0.000977 0.368164 0.219727
v -0.061523 0.295898 0.155273
v -0.041992 0.293945 0.143555
v -0.043945 0.333008 0.186523
v -0.006836 0.280273 0.165039
v -0.032227 0.256836 0.151367
v -0.006836 0.25293 0.157227
v -0.006836 0.280273 0.165039
v -0.041992 0.293945 0.143555
v -0.006836 0.280273 0.165039
v 0.036133 0.28418 0.18457
v 0.030273 0.293945 0.143555
v 0.030273 0.293945 0.143555
v -0.051758 0.344727 0.165039
v -0.061523 0.360352 0.166992
v -0.057617 0.348633 0.145508
v -0.067383 0.397461 0.143555
v -0.073242 0.407227 0.104492
v -0.075195 0.389648 0.102539
v -0.061523 0.399414 0.174805
v -0.073242 0.40918 0.147461
v -0.067383 0.397461 0.143555
v -0.073242 0.40918 0.147461
v -0.073242 0.407227 0.104492
v -0.055664 0.387695 0.172852
v -0.053711 0.40918 0.176758
v -0.063477 0.422852 0.149414
v -0.073242 0.40918 0.147461
v -0.073242 0.40918 0.147461
v -0.063477 0.422852 0.149414
v -0.079102 0.420898 0.104492
v -0.061523 0.399414 0.174805
v -0.079102 0.420898 0.104492
v -0.063477 0.422852 0.149414
v -0.053711 0.40918 0.176758
v -0.051758 0.428711 0.186523
v -0.05957 0.446289 0.155273
v -0.06543 0.43457 0.106445
v -0.06543 0.43457 0.106445
v -0.079102 0.420898 0.104492
v -0.063477 0.422852 0.149414
v -0.049805 0.381836 0.211914
v -0.047852 0.395508 0.209961
v -0.047852 0.401367 0.202148
v -0.036133 0.393555 0.21582
v -0.047852 0.395508 0.209961
v -0.049805 0.381836 0.211914
v -0.036133 0.375977 0.21582
v -0.032227 0.399414 0.209961
v -0.047852 0.401367 0.202148
v -0.053711 0.393555 0.188477
v -0.043945 0.415039 0.204102
v -0.043945 0.415039 0.204102
v -0.053711 0.393555 0.188477
v -0.022461 0.387695 0.217773
v -0.036133 0.393555 0.21582
v -0.036133 0.375977 0.21582
v -0.018555 0.391602 0.213867
v -0.022461 0.387695 0.217773
v -0.030273 0.422852 0.204102
v -0.006836 0.399414 0.213867
v -0.006836 0.420898 0.208008
v -0.051758 0.428711 0.186523
v -0.036133 0.436523 0.188477
v -0.030273 0.442383 0.19043
v -0.038086 0.452148 0.15918
v -0.018555 0.391602 0.213867
v -0.018555 0.391602 0.213867
v -0.012695 0.381836 0.217773
v -0.006836 0.383789 0.213867
v -0.018555 0.391602 0.213867
v -0.006836 0.383789 0.213867
v -0.006836 0.399414 0.213867
v 0.006836 0.391602 0.213867
v 0.006836 0.391602 0.213867
v 0.020508 0.399414 0.209961
v -0.006836 0.420898 0.208008
v -0.004883 0.446289 0.192383
v 0.018555 0.422852 0.204102
v 0.018555 0.422852 0.204102
v -0.02832 0.461914 0.163086
v -0.004883 0.467773 0.165039
v 0.024414 0.442383 0.186523
v -0.004883 0.467773 0.165039
v -0.004883 0.446289 0.192383
v 0.018555 0.422852 0.204102
v -0.05957 0.446289 0.155273
v -0.032227 0.469727 0.116211
v -0.05957 0.446289 0.155273
v -0.038086 0.452148 0.15918
v -0.038086 0.452148 0.15918
v -0.02832 0.461914 0.163086
v -0.032227 0.469727 0.116211
v -0.057617 0.461914 0.110352
v -0.057617 0.461914 0.110352
v -0.02832 0.461914 0.163086
v -0.004883 0.467773 0.165039
v -0.020508 0.475586 0.120117
v 0.000977 0.481445 0.124023
v 0.024414 0.442383 0.186523
v 0.024414 0.461914 0.163086
v 0.024414 0.475586 0.12793
v -0.075195 0.34082 0.084961
v -0.075195 0.34082 0.084961
v -0.06543 0.352539 0.098633
v -0.063477 0.37207 0.102539
v -0.051758 0.374023 0.069336
v -0.05957 0.360352 0.053711
v -0.075195 0.34082 0.084961
v -0.051758 0.374023 0.069336
v -0.05957 0.360352 0.053711
v -0.075195 0.34082 0.084961
v -0.03418 0.364258 0.036133
v -0.040039 0.354492 0.00293
v -0.110352 0.333008 -0.026367
v -0.030273 0.374023 0.049805
v -0.05957 0.389648 0.051758
v -0.030273 0.374023 0.049805
v -0.03418 0.364258 0.036133
v -0.006836 0.362305 0.032227
v -0.03418 0.364258 0.036133
v -0.030273 0.374023 0.049805
v -0.006836 0.374023 0.043945
v -0.006836 0.362305 0.032227
v -0.040039 0.354492 0.00293
v -0.006836 0.362305 0.032227
v -0.006836 0.34668 0.004883
v -0.040039 0.331055 -0.038086
v -0.110352 0.333008 -0.026367
v -0.004883 0.381836 0.016602
v -0.006836 0.374023 0.043945
v -0.030273 0.374023 0.049805
v -0.03418 0.391602 0.008789
v -0.03418 0.391602 0.008789
v 0.022461 0.364258 0.036133
v 0.018555 0.374023 0.049805
v 0.018555 0.374023 0.049805
v 0.02832 0.354492 0.00293
v -0.006836 0.34668 0.004883
v -0.006836 0.362305 0.032227
v -0.006836 0.362305 0.032227
v 0.022461 0.364258 0.036133
v 0.02832 0.354492 0.00293
v -0.006836 0.319336 -0.02832
v 0.02832 0.331055 -0.038086
v -0.006836 0.319336 -0.02832
v -0.075195 0.389648 0.102539
v -0.073242 0.407227 0.104492
v -0.05957 0.389648 0.051758
v -0.061523 0.415039 0.051758
v -0.061523 0.428711 0.053711
v -0.061523 0.415039 0.051758
v -0.057617 0.461914 0.110352
v -0.049805 0.438477 0.055664
v -0.040039 0.46582 0.061523
v -0.040039 0.46582 0.061523
v -0.016602 0.47168 0.069336
v -0.004883 0.475586 0.079102
v 0.026367 0.469727 0.045898
v -0.000977 0.463867 0.030273
v 0.022461 0.479492 0.088867
v -0.040039 0.415039 0.006836
v -0.02832 0.43457 0.018555
v -0.040039 0.415039 0.006836
v -0.012695 0.411133 -0.030273
v -0.010742 0.395508 -0.02832
v -0.010742 0.395508 -0.02832
v -0.012695 0.411133 -0.030273
v 0.006836 0.387695 -0.018555
v 0.022461 0.389648 0.026367
v 0.018555 0.374023 0.049805
v -0.004883 0.381836 0.016602
v 0.022461 0.389648 0.026367
v -0.018555 0.448242 -0.006836
v -0.000977 0.43457 0.004883
v -0.02832 0.43457 0.018555
v -0.000977 0.43457 0.004883
v 0.008789 0.422852 -0.022461
v -0.049805 0.438477 0.055664
v -0.032227 0.442383 0.016602
v 0.006836 0.461914 0.010742
v -0.000977 0.463867 0.030273
v -0.000977 0.43457 0.004883
v -0.000977 0.43457 0.004883
v -0.000977 0.463867 0.030273
v 0.016602 0.450195 0.014648
v -0.000977 0.43457 0.004883
v -0.018555 0.448242 -0.006836
v 0.010742 0.454102 -0.016602
v 0.014648 0.46582 -0.006836
v 0.016602 0.450195 0.014648
v 0.030273 0.454102 -0.006836
v 0.024414 0.432617 -0.022461
v 0.010742 0.454102 -0.016602
v -0.020508 0.459961 0.020508
v -0.032227 0.442383 0.016602
v -0.020508 0.459961 0.020508
v -0.018555 0.448242 -0.006836
v 0.006836 0.461914 0.010742
v -0.010742 0.461914 0.000977
v -0.010742 0.461914 0.000977
v 0.026367 0.469727 0.045898
v 0.049805 0.454102 0.038086
v -0.004883 0.458008 -0.024414
v 0.00293 0.467773 -0.014648
v 0.014648 0.46582 -0.006836
v 0.00293 0.467773 -0.014648
v -0.245117 -0.387695 -0.020508
v -0.245117 -0.387695 -0.020508
v -0.379883 -0.071289 -0.020508
v -0.37793 -0.022461 -0.040039
v -0.313477 -0.057617 -0.03418
v -0.368164 -0.000977 -0.038086
v -0.407227 0.020508 -0.006836
v -0.364258 0.006836 -0.063477
v -0.313477 -0.057617 -0.03418
v -0.368164 -0.000977 -0.038086
v -0.385742 0.036133 -0.012695
v -0.385742 0.036133 -0.012695
v -0.307617 -0.026367 -0.063477
v -0.307617 -0.026367 -0.063477
v -0.24707 0.010742 -0.038086
v -0.307617 -0.026367 -0.063477
v -0.364258 0.006836 -0.063477
v -0.290039 0.018555 -0.081055
v -0.290039 0.018555 -0.081055
v -0.206055 -0.483398 -0.049805
v -0.202148 -0.49707 -0.045898
v -0.202148 -0.49707 -0.045898
v -0.206055 -0.483398 -0.049805
v -0.170898 -0.483398 -0.073242
v -0.206055 -0.483398 -0.049805
v -0.206055 -0.43457 -0.03418
v -0.172852 -0.430664 -0.057617
v -0.170898 -0.483398 -0.073242
v -0.168945 -0.49707 -0.069336
v -0.129883 -0.49707 -0.055664
v -0.168945 -0.49707 -0.069336
v -0.243164 -0.391602 -0.020508
v -0.243164 -0.391602 -0.020508
v -0.24707 -0.389648 -0.004883
v -0.243164 -0.391602 -0.020508
v -0.241211 -0.387695 -0.018555
v -0.241211 -0.387695 -0.018555
v -0.233398 -0.385742 -0.032227
v -0.233398 -0.385742 -0.032227
v -0.233398 -0.385742 -0.032227
v -0.172852 -0.415039 -0.057617
v -0.157227 -0.395508 -0.043945
v -0.15918 -0.354492 -0.03418
v -0.157227 -0.395508 -0.043945
v -0.198242 -0.393555 -0.022461
v -0.198242 -0.354492 -0.010742
v -0.209961 -0.416992 -0.036133
v -0.172852 -0.415039 -0.057617
v -0.168945 -0.49707 -0.069336
v -0.12793 -0.483398 -0.05957
v -0.129883 -0.49707 -0.055664
v -0.129883 -0.49707 -0.055664
v -0.12793 -0.483398 -0.05957
v -0.12207 -0.49707 -0.012695
v -0.170898 -0.483398 -0.073242
v -0.131836 -0.432617 -0.045898
v -0.12793 -0.483398 -0.05957
v -0.170898 -0.483398 -0.073242
v -0.129883 -0.416992 -0.045898
v -0.131836 -0.432617 -0.045898
v -0.172852 -0.415039 -0.057617
v -0.157227 -0.395508 -0.043945
v -0.129883 -0.416992 -0.045898
v -0.124023 -0.40332 -0.026367
v -0.15918 -0.354492 -0.03418
v -0.125977 -0.364258 -0.018555
v -0.249023 -0.344727 -0.026367
v -0.24707 -0.356445 -0.030273
v -0.249023 -0.344727 -0.026367
v -0.24707 -0.356445 -0.030273
v -0.245117 -0.366211 -0.010742
v -0.249023 -0.354492 -0.004883
v -0.237305 -0.350586 -0.004883
v -0.235352 -0.34082 -0.024414
v -0.249023 -0.344727 -0.026367
v -0.235352 -0.34082 -0.024414
v -0.24707 -0.336914 -0.049805
v -0.243164 -0.350586 -0.051758
v -0.235352 -0.34082 -0.024414
v -0.24707 -0.356445 -0.030273
v -0.24707 -0.336914 -0.049805
v -0.243164 -0.350586 -0.051758
v -0.24707 -0.356445 -0.030273
v -0.231445 -0.333008 -0.045898
v -0.24707 -0.336914 -0.049805
v -0.231445 -0.333008 -0.045898
v -0.235352 -0.331055 -0.073242
v -0.235352 -0.34668 -0.075195
v -0.235352 -0.331055 -0.073242
v -0.235352 -0.34668 -0.075195
v -0.243164 -0.350586 -0.051758
v -0.223633 -0.327148 -0.06543
v -0.235352 -0.331055 -0.073242
v -0.223633 -0.327148 -0.06543
v -0.219727 -0.344727 -0.092773
v -0.217773 -0.329102 -0.094727
v -0.219727 -0.344727 -0.092773
v -0.235352 -0.34668 -0.075195
v -0.217773 -0.329102 -0.094727
v -0.208008 -0.325195 -0.083008
v -0.198242 -0.348633 -0.106445
v -0.196289 -0.331055 -0.110352
v -0.198242 -0.348633 -0.106445
v -0.208008 -0.325195 -0.083008
v -0.217773 -0.329102 -0.094727
v -0.188477 -0.327148 -0.094727
v -0.196289 -0.331055 -0.110352
v -0.188477 -0.327148 -0.094727
v -0.174805 -0.352539 -0.112305
v -0.188477 -0.327148 -0.094727
v -0.198242 -0.348633 -0.106445
v -0.170898 -0.336914 -0.116211
v -0.174805 -0.352539 -0.112305
v -0.168945 -0.331055 -0.100586
v -0.168945 -0.331055 -0.100586
v -0.196289 -0.331055 -0.110352
v -0.168945 -0.331055 -0.100586
v -0.170898 -0.336914 -0.116211
v -0.15918 -0.354492 -0.03418
v -0.120117 -0.301758 -0.020508
v -0.151367 -0.360352 -0.110352
v -0.145508 -0.344727 -0.114258
v -0.151367 -0.360352 -0.110352
v -0.147461 -0.336914 -0.098633
v -0.147461 -0.336914 -0.098633
v -0.145508 -0.344727 -0.114258
v -0.129883 -0.344727 -0.09082
v -0.124023 -0.352539 -0.104492
v -0.131836 -0.366211 -0.102539
v -0.129883 -0.344727 -0.09082
v -0.114258 -0.374023 -0.088867
v -0.114258 -0.352539 -0.079102
v -0.114258 -0.352539 -0.079102
v -0.151367 -0.360352 -0.110352
v -0.145508 -0.344727 -0.114258
v -0.124023 -0.352539 -0.104492
v -0.131836 -0.366211 -0.102539
v -0.106445 -0.360352 -0.088867
v -0.114258 -0.374023 -0.088867
v -0.12207 -0.266602 -0.09082
v -0.125977 -0.286133 -0.106445
v -0.125977 -0.288086 -0.084961
v -0.125977 -0.288086 -0.084961
v -0.125977 -0.286133 -0.106445
v -0.110352 -0.301758 -0.094727
v -0.125977 -0.288086 -0.084961
v -0.104492 -0.282227 -0.084961
v -0.12207 -0.266602 -0.09082
v -0.110352 -0.301758 -0.094727
v -0.104492 -0.282227 -0.084961
v -0.125977 -0.288086 -0.084961
v -0.12207 -0.266602 -0.098633
v -0.110352 -0.301758 -0.102539
v -0.104492 -0.280273 -0.106445
v -0.110352 -0.301758 -0.102539
v -0.125977 -0.286133 -0.106445
v -0.12207 -0.266602 -0.098633
v -0.098633 -0.37793 -0.02832
v -0.09668 -0.393555 -0.032227
v -0.09668 -0.393555 -0.032227
v -0.098633 -0.37793 -0.02832
v -0.088867 -0.383789 -0.030273
v -0.088867 -0.383789 -0.030273
v -0.100586 -0.370117 -0.045898
v -0.09668 -0.393555 -0.032227
v -0.098633 -0.37793 -0.02832
v -0.100586 -0.370117 -0.045898
v -0.09668 -0.387695 -0.051758
v -0.09668 -0.387695 -0.051758
v -0.088867 -0.375977 -0.049805
v -0.088867 -0.383789 -0.030273
v -0.09668 -0.387695 -0.051758
v -0.102539 -0.381836 -0.071289
v -0.088867 -0.375977 -0.049805
v -0.09668 -0.387695 -0.051758
v -0.104492 -0.360352 -0.063477
v -0.102539 -0.381836 -0.071289
v -0.088867 -0.375977 -0.049805
v -0.094727 -0.368164 -0.071289
v -0.104492 -0.360352 -0.063477
v -0.094727 -0.368164 -0.071289
v -0.114258 -0.352539 -0.079102
v -0.114258 -0.374023 -0.088867
v -0.114258 -0.352539 -0.079102
v -0.106445 -0.360352 -0.088867
v -0.106445 -0.360352 -0.088867
v -0.110352 -0.262695 -0.092773
v -0.104492 -0.280273 -0.106445
v -0.110352 -0.262695 -0.092773
v -0.104492 -0.282227 -0.084961
v -0.100586 -0.301758 -0.09668
v -0.100586 -0.301758 -0.09668
v -0.12207 -0.266602 -0.09082
v -0.110352 -0.262695 -0.092773
v -0.12207 -0.266602 -0.098633
v -0.112305 -0.262695 -0.098633
v -0.112305 -0.262695 -0.098633
v -0.110352 -0.301758 -0.094727
v -0.110352 -0.301758 -0.102539
v -0.100586 -0.301758 -0.09668
v -0.100586 -0.301758 -0.102539
v -0.100586 -0.301758 -0.102539
v -0.100586 -0.301758 -0.102539
v -0.112305 -0.262695 -0.098633
v -0.180664 -0.241211 -0.09082
v -0.174805 -0.245117 -0.09082
v -0.166992 -0.241211 -0.088867
v -0.180664 -0.241211 -0.098633
v -0.174805 -0.245117 -0.09082
v -0.180664 -0.241211 -0.09082
v -0.178711 -0.231445 -0.088867
v -0.180664 -0.241211 -0.09082
v -0.178711 -0.231445 -0.088867
v -0.180664 -0.241211 -0.098633
v -0.174805 -0.245117 -0.098633
v -0.166992 -0.241211 -0.088867
v -0.174805 -0.245117 -0.09082
v -0.174805 -0.245117 -0.098633
v -0.178711 -0.231445 -0.088867
v -0.166992 -0.241211 -0.088867
v -0.165039 -0.231445 -0.09082
v -0.170898 -0.227539 -0.09082
v -0.178711 -0.231445 -0.088867
v -0.170898 -0.227539 -0.09082
v -0.178711 -0.231445 -0.102539
v -0.178711 -0.231445 -0.102539
v -0.166992 -0.241211 -0.102539
v -0.165039 -0.231445 -0.09082
v -0.166992 -0.241211 -0.088867
v -0.166992 -0.241211 -0.102539
v -0.170898 -0.227539 -0.09082
v -0.165039 -0.231445 -0.09082
v -0.165039 -0.231445 -0.098633
v -0.170898 -0.227539 -0.098633
v -0.170898 -0.227539 -0.098633
v -0.165039 -0.231445 -0.098633
v -0.178711 -0.231445 -0.102539
v -0.174805 -0.245117 -0.098633
v -0.180664 -0.241211 -0.098633
v -0.166992 -0.241211 -0.102539
v -0.170898 -0.227539 -0.098633
v -0.166992 -0.241211 -0.102539
v -0.178711 -0.231445 -0.102539
v -0.166992 -0.241211 -0.102539
v -0.170898 -0.227539 -0.098633
v -0.165039 -0.231445 -0.098633
v -0.071289 -0.069336 -0.014648
v -0.071289 -0.069336 -0.014648
v -0.071289 -0.069336 -0.014648
v -0.073242 -0.051758 -0.032227
v -0.053711 -0.069336 -0.03418
v -0.047852 -0.100586 -0.00293
v -0.104492 -0.038086 -0.016602
v -0.094727 -0.004883 -0.016602
v -0.073242 -0.051758 -0.032227
v -0.053711 -0.014648 -0.036133
v -0.094727 -0.004883 -0.016602
v -0.049805 -0.004883 -0.024414
v -0.053711 -0.014648 -0.036133
v -0.086914 0.000977 -0.008789
v -0.053711 -0.069336 -0.03418
v -0.036133 -0.102539 -0.018555
v -0.006836 -0.073242 -0.038086
v -0.006836 -0.104492 -0.022461
v -0.006836 -0.104492 -0.022461
v -0.006836 -0.073242 -0.038086
v 0.024414 -0.102539 -0.018555
v -0.006836 -0.018555 -0.041992
v 0.041992 -0.014648 -0.036133
v 0.041992 -0.069336 -0.03418
v 0.041992 -0.069336 -0.03418
v -0.006836 -0.008789 -0.02832
v -0.006836 0.055664 -0.02832
v -0.006836 -0.008789 -0.02832
v -0.049805 -0.004883 -0.024414
v -0.086914 0.000977 -0.008789
v -0.088867 0.043945 -0.012695
v -0.051758 0.051758 -0.02832
v -0.006836 -0.018555 -0.041992
v 0.041992 -0.014648 -0.036133
v 0.038086 -0.004883 -0.024414
v 0.038086 -0.004883 -0.024414
v -0.450195 0.102539 -0.041992
v -0.450195 0.102539 -0.041992
v -0.432617 0.108398 -0.030273
v -0.436523 0.141602 -0.055664
v -0.432617 0.108398 -0.030273
v -0.436523 0.141602 -0.055664
v -0.43457 0.125977 -0.067383
v -0.43457 0.125977 -0.067383
v -0.391602 0.055664 -0.030273
v -0.375977 0.079102 -0.049805
v -0.375977 0.079102 -0.049805
v -0.422852 0.129883 -0.057617
v -0.422852 0.129883 -0.057617
v -0.352539 0.118164 -0.014648
v -0.350586 0.09668 -0.057617
v -0.375977 0.079102 -0.049805
v -0.350586 0.09668 -0.057617
v -0.342773 0.047852 -0.083008
v -0.413086 0.157227 -0.079102
v -0.407227 0.149414 -0.081055
v -0.407227 0.149414 -0.081055
v -0.413086 0.157227 -0.079102
v -0.413086 0.147461 -0.088867
v -0.413086 0.147461 -0.088867
v -0.407227 0.149414 -0.081055
v -0.413086 0.147461 -0.088867
v -0.385742 0.163086 -0.104492
v -0.385742 0.168945 -0.098633
v -0.413086 0.157227 -0.079102
v -0.407227 0.149414 -0.081055
v -0.383789 0.165039 -0.098633
v -0.385742 0.163086 -0.104492
v -0.383789 0.165039 -0.098633
v -0.407227 0.149414 -0.081055
v -0.385742 0.168945 -0.098633
v -0.385742 0.163086 -0.104492
v -0.354492 0.176758 -0.112305
v -0.383789 0.165039 -0.098633
v -0.385742 0.163086 -0.104492
v -0.354492 0.176758 -0.112305
v -0.354492 0.176758 -0.112305
v -0.325195 0.088867 -0.049805
v -0.350586 0.09668 -0.057617
v -0.352539 0.118164 -0.014648
v -0.334961 0.112305 -0.012695
v -0.323242 0.069336 -0.079102
v -0.323242 0.069336 -0.079102
v -0.329102 0.124023 -0.040039
v -0.325195 0.088867 -0.049805
v -0.334961 0.112305 -0.012695
v -0.325195 0.088867 -0.049805
v -0.30957 0.116211 -0.061523
v -0.28418 0.067383 -0.055664
v -0.30957 0.116211 -0.061523
v -0.28418 0.067383 -0.055664
v -0.325195 0.088867 -0.049805
v -0.282227 0.047852 -0.075195
v -0.282227 0.047852 -0.075195
v -0.254883 0.057617 -0.02832
v -0.28418 0.067383 -0.055664
v -0.260742 0.09668 -0.063477
v -0.245117 0.040039 -0.038086
v -0.254883 0.057617 -0.02832
v -0.22168 0.083008 -0.026367
v -0.260742 0.09668 -0.063477
v -0.282227 0.170898 -0.05957
v -0.282227 0.170898 -0.05957
v -0.282227 0.047852 -0.075195
v -0.245117 0.040039 -0.038086
v -0.231445 0.145508 -0.063477
v -0.231445 0.145508 -0.063477
v -0.262695 0.196289 -0.043945
v -0.282227 0.170898 -0.05957
v -0.262695 0.196289 -0.043945
v -0.217773 0.176758 -0.055664
v -0.217773 0.176758 -0.055664
v -0.260742 0.208008 -0.049805
v -0.262695 0.196289 -0.043945
v -0.266602 0.245117 -0.045898
v -0.266602 0.245117 -0.045898
v -0.260742 0.208008 -0.049805
v -0.291992 0.209961 -0.022461
v -0.262695 0.196289 -0.043945
v -0.21582 0.19043 -0.06543
v -0.21582 0.19043 -0.06543
v -0.217773 0.176758 -0.055664
v -0.262695 0.196289 -0.043945
v -0.192383 0.233398 -0.075195
v -0.225586 0.282227 -0.053711
v -0.413086 0.303711 -0.040039
v -0.415039 0.276367 -0.055664
v -0.416992 0.27832 -0.047852
v -0.416992 0.27832 -0.047852
v -0.415039 0.276367 -0.055664
v -0.401367 0.27832 -0.047852
v -0.401367 0.27832 -0.047852
v -0.413086 0.303711 -0.040039
v -0.416992 0.27832 -0.047852
v -0.415039 0.276367 -0.055664
v -0.413086 0.303711 -0.040039
v -0.413086 0.305664 -0.069336
v -0.401367 0.27832 -0.057617
v -0.413086 0.305664 -0.069336
v -0.401367 0.27832 -0.057617
v -0.415039 0.276367 -0.055664
v -0.413086 0.303711 -0.040039
v -0.401367 0.27832 -0.047852
v -0.383789 0.299805 -0.040039
v -0.413086 0.303711 -0.040039
v -0.383789 0.299805 -0.040039
v -0.391602 0.325195 -0.047852
v -0.405273 0.329102 -0.047852
v -0.407227 0.331055 -0.055664
v -0.405273 0.329102 -0.047852
v -0.401367 0.27832 -0.047852
v -0.401367 0.27832 -0.057617
v -0.383789 0.299805 -0.040039
v -0.381836 0.299805 -0.069336
v -0.381836 0.299805 -0.069336
v -0.391602 0.325195 -0.057617
v -0.391602 0.325195 -0.047852
v -0.383789 0.299805 -0.040039
v -0.381836 0.299805 -0.069336
v -0.407227 0.331055 -0.055664
v -0.391602 0.325195 -0.047852
v -0.391602 0.325195 -0.057617
v -0.405273 0.329102 -0.047852
v -0.407227 0.331055 -0.055664
v -0.391602 0.325195 -0.057617
v -0.356445 0.327148 -0.010742
v -0.350586 0.327148 -0.004883
v -0.352539 0.333008 -0.000977
v -0.34082 0.329102 -0.008789
v -0.350586 0.327148 -0.004883
v -0.356445 0.327148 -0.010742
v -0.358398 0.333008 -0.006836
v -0.356445 0.327148 -0.010742
v -0.358398 0.333008 -0.006836
v -0.352539 0.331055 -0.020508
v -0.352539 0.331055 -0.020508
v -0.34082 0.329102 -0.008789
v -0.352539 0.333008 -0.000977
v -0.350586 0.327148 -0.004883
v -0.358398 0.333008 -0.006836
v -0.352539 0.333008 -0.000977
v -0.358398 0.342773 -0.012695
v -0.358398 0.342773 -0.012695
v -0.34668 0.34082 -0.00293
v -0.34668 0.34082 -0.00293
v -0.358398 0.342773 -0.012695
v -0.34668 0.34082 -0.00293
v -0.348633 0.344727 -0.018555
v -0.348633 0.344727 -0.018555
v -0.352539 0.331055 -0.020508
v -0.358398 0.342773 -0.012695
v -0.342773 0.344727 -0.012695
v -0.34668 0.34082 -0.00293
v -0.34082 0.329102 -0.008789
v -0.342773 0.344727 -0.012695
v -0.344727 0.338867 -0.020508
v -0.352539 0.331055 -0.020508
v -0.344727 0.338867 -0.020508
v -0.338867 0.338867 -0.016602
v -0.34082 0.329102 -0.008789
v -0.344727 0.338867 -0.020508
v -0.348633 0.344727 -0.018555
v -0.342773 0.344727 -0.012695
v -0.338867 0.338867 -0.016602
v -0.338867 0.338867 -0.016602
v -0.18457 0.131836 -0.022461
v -0.168945 0.057617 -0.055664
v -0.168945 0.057617 -0.055664
v -0.163086 0.06543 -0.045898
v -0.163086 0.06543 -0.045898
v -0.15332 0.053711 -0.041992
v -0.15332 0.053711 -0.041992
v -0.147461 0.061523 -0.079102
v -0.147461 0.061523 -0.079102
v -0.143555 0.071289 -0.069336
v -0.135742 0.05957 -0.063477
v -0.135742 0.05957 -0.063477
v -0.143555 0.071289 -0.069336
v -0.157227 0.124023 -0.057617
v -0.19043 0.176758 -0.051758
v -0.161133 0.172852 -0.073242
v -0.157227 0.124023 -0.057617
v -0.161133 0.172852 -0.073242
v -0.094727 0.165039 -0.092773
v -0.092773 0.102539 -0.073242
v -0.092773 0.102539 -0.073242
v -0.12207 0.06543 -0.094727
v -0.120117 0.073242 -0.086914
v -0.12207 0.06543 -0.094727
v -0.120117 0.073242 -0.086914
v -0.114258 0.06543 -0.079102
v -0.114258 0.06543 -0.079102
v -0.19043 0.176758 -0.051758
v -0.21582 0.19043 -0.06543
v -0.19043 0.176758 -0.051758
v -0.217773 0.176758 -0.055664
v -0.19043 0.176758 -0.051758
v -0.192383 0.233398 -0.075195
v -0.168945 0.225586 -0.06543
v -0.168945 0.225586 -0.06543
v -0.19043 0.176758 -0.051758
v -0.178711 0.282227 -0.063477
v -0.168945 0.225586 -0.06543
v -0.098633 0.227539 -0.09082
v -0.15918 0.276367 -0.053711
v -0.178711 0.282227 -0.063477
v -0.15918 0.276367 -0.053711
v -0.168945 0.225586 -0.06543
v -0.141602 0.12793 -0.155273
v -0.145508 0.133789 -0.143555
v -0.151367 0.137695 -0.151367
v -0.151367 0.137695 -0.151367
v -0.145508 0.133789 -0.143555
v -0.149414 0.166992 -0.145508
v -0.145508 0.131836 -0.163086
v -0.151367 0.137695 -0.151367
v -0.149414 0.166992 -0.145508
v -0.135742 0.155273 -0.168945
v -0.145508 0.131836 -0.163086
v -0.145508 0.133789 -0.143555
v -0.141602 0.12793 -0.155273
v -0.116211 0.143555 -0.149414
v -0.131836 0.155273 -0.125977
v -0.131836 0.155273 -0.125977
v -0.141602 0.12793 -0.155273
v -0.145508 0.131836 -0.163086
v -0.135742 0.155273 -0.168945
v -0.116211 0.143555 -0.149414
v -0.118164 0.172852 -0.143555
v -0.149414 0.166992 -0.145508
v -0.131836 0.155273 -0.125977
v -0.118164 0.172852 -0.143555
v -0.124023 0.178711 -0.151367
v -0.124023 0.178711 -0.151367
v -0.110352 0.170898 -0.15918
v -0.116211 0.172852 -0.161133
v -0.116211 0.172852 -0.161133
v -0.110352 0.170898 -0.15918
v -0.135742 0.155273 -0.168945
v -0.088867 0.043945 -0.012695
v -0.114258 0.06543 -0.036133
v -0.051758 0.051758 -0.02832
v -0.114258 0.06543 -0.036133
v -0.092773 0.102539 -0.073242
v -0.051758 0.051758 -0.02832
v -0.094727 0.075195 -0.098633
v -0.094727 0.075195 -0.098633
v -0.09082 0.069336 -0.092773
v -0.09082 0.069336 -0.092773
v -0.094727 0.069336 -0.104492
v -0.094727 0.069336 -0.104492
v -0.067383 0.073242 -0.110352
v -0.094727 0.075195 -0.098633
v -0.09082 0.069336 -0.092773
v -0.067383 0.075195 -0.106445
v -0.094727 0.075195 -0.098633
v -0.067383 0.075195 -0.106445
v -0.067383 0.073242 -0.110352
v -0.067383 0.073242 -0.102539
v -0.067383 0.073242 -0.110352
v -0.067383 0.073242 -0.102539
v -0.032227 0.09668 -0.063477
v -0.02832 0.161133 -0.086914
v -0.02832 0.161133 -0.086914
v -0.041992 0.075195 -0.110352
v -0.041992 0.075195 -0.110352
v -0.041992 0.075195 -0.110352
v -0.006836 0.055664 -0.02832
v -0.006836 0.098633 -0.049805
v -0.006836 0.055664 -0.02832
v -0.006836 0.098633 -0.049805
v 0.020508 0.09668 -0.063477
v 0.040039 0.051758 -0.02832
v 0.020508 0.09668 -0.063477
v 0.040039 0.051758 -0.02832
v -0.006836 0.055664 -0.02832
v -0.006836 0.161133 -0.071289
v -0.006836 0.161133 -0.071289
v -0.030273 0.225586 -0.088867
v -0.03418 0.28418 -0.071289
v -0.100586 0.286133 -0.071289
v -0.006836 0.22168 -0.075195
v -0.030273 0.225586 -0.088867
v -0.006836 0.161133 -0.071289
v -0.006836 0.22168 -0.075195
v 0.016602 0.161133 -0.086914
v 0.016602 0.161133 -0.086914
v 0.020508 0.09668 -0.063477
v -0.006836 0.161133 -0.071289
v -0.006836 0.276367 -0.05957
v -0.006836 0.22168 -0.075195
v -0.030273 0.225586 -0.088867
v -0.03418 0.28418 -0.071289
v -0.006836 0.276367 -0.05957
v 0.018555 0.225586 -0.088867
v -0.110352 0.170898 -0.15918
v -0.110352 0.170898 -0.15918
v -0.124023 0.178711 -0.151367
v -0.118164 0.172852 -0.143555
v -0.124023 0.178711 -0.151367
v -0.110352 0.170898 -0.15918
v -0.116211 0.172852 -0.161133
v -0.225586 0.282227 -0.053711
v -0.178711 0.282227 -0.063477
v -0.172852 0.374023 -0.03418
v -0.15332 0.370117 -0.02832
v -0.18457 0.358398 -0.038086
v -0.18457 0.358398 -0.038086
v -0.15918 0.276367 -0.053711
v -0.15918 0.276367 -0.053711
v -0.100586 0.286133 -0.071289
v -0.15332 0.370117 -0.02832
v -0.172852 0.374023 -0.03418
v -0.163086 0.370117 -0.061523
v -0.172852 0.356445 -0.06543
v -0.145508 0.368164 -0.053711
v -0.172852 0.356445 -0.06543
v -0.145508 0.368164 -0.053711
v -0.163086 0.370117 -0.061523
v -0.135742 0.362305 -0.075195
v -0.147461 0.366211 -0.084961
v -0.147461 0.366211 -0.084961
v -0.135742 0.362305 -0.075195
v -0.155273 0.352539 -0.088867
v -0.155273 0.352539 -0.088867
v -0.129883 0.358398 -0.104492
v -0.120117 0.356445 -0.094727
v -0.135742 0.348633 -0.108398
v -0.135742 0.348633 -0.108398
v -0.120117 0.356445 -0.094727
v -0.129883 0.358398 -0.104492
v -0.135742 0.348633 -0.108398
v -0.129883 0.358398 -0.104492
v -0.108398 0.348633 -0.120117
v -0.112305 0.342773 -0.12207
v -0.104492 0.348633 -0.112305
v -0.112305 0.342773 -0.12207
v -0.104492 0.348633 -0.112305
v -0.108398 0.348633 -0.120117
v -0.100586 0.286133 -0.071289
v -0.088867 0.336914 -0.131836
v -0.104492 0.348633 -0.112305
v -0.112305 0.342773 -0.12207
v -0.088867 0.336914 -0.131836
v -0.086914 0.34082 -0.129883
v -0.084961 0.338867 -0.125977
v -0.084961 0.338867 -0.125977
v -0.086914 0.34082 -0.129883
v -0.104492 0.348633 -0.112305
v -0.086914 0.34082 -0.129883
v -0.006836 0.276367 -0.05957
v 0.022461 0.28418 -0.071289
v 0.022461 0.28418 -0.071289
v 0.008789 0.401367 -0.057617
v 0.016602 0.385742 -0.047852
v 0.016602 0.385742 -0.047852
v 0.022461 0.407227 -0.051758
v 0.008789 0.401367 -0.057617
v -0.018555 0.448242 -0.006836
v -0.004883 0.458008 -0.024414
v 0.010742 0.454102 -0.016602
v 0.008789 0.469727 -0.03418
v 0.008789 0.469727 -0.03418
v 0.010742 0.454102 -0.016602
v -0.004883 0.458008 -0.024414
v -0.063477 0.329102 -0.137695
v -0.063477 0.329102 -0.137695
v -0.063477 0.329102 -0.137695
v 0.137695 -0.446289 0.100586
v 0.118164 -0.46582 0.043945
v 0.12207 -0.47168 0.09668
v 0.12207 -0.47168 0.09668
v 0.118164 -0.46582 0.043945
v 0.125977 -0.493164 0.09082
v 0.145508 -0.49707 0.145508
v 0.141602 -0.481445 0.147461
v 0.149414 -0.463867 0.145508
v 0.137695 -0.446289 0.100586
v 0.09082 -0.442383 0.012695
v 0.092773 -0.454102 0.012695
v 0.092773 -0.448242 0.018555
v 0.09668 -0.459961 0.022461
v 0.09668 -0.450195 0.024414
v 0.094727 -0.444336 0.020508
v 0.092773 -0.44043 0.016602
v 0.092773 -0.446289 0.018555
v 0.094727 -0.448242 0.024414
v 0.094727 -0.446289 0.024414
v 0.092773 -0.44043 0.020508
v 0.092773 -0.44043 0.016602
v 0.094727 -0.444336 0.020508
v 0.092773 -0.43457 0.020508
v 0.092773 -0.44043 0.020508
v 0.092773 -0.436523 0.022461
v 0.088867 -0.448242 0.004883
v 0.088867 -0.436523 0.010742
v 0.086914 -0.438477 0.000977
v 0.084961 -0.428711 0.00293
v 0.124023 -0.489258 0.040039
v 0.104492 -0.483398 -0.012695
v 0.217773 -0.499023 0.112305
v 0.125977 -0.493164 0.09082
v 0.124023 -0.489258 0.040039
v 0.245117 -0.495117 0.02832
v 0.211914 -0.491211 -0.008789
v 0.110352 -0.49707 -0.012695
v 0.110352 -0.49707 -0.012695
v 0.102539 -0.450195 0.038086
v 0.102539 -0.459961 0.03418
v 0.106445 -0.458008 0.041992
v 0.104492 -0.446289 0.041992
v 0.110352 -0.452148 0.049805
v 0.098633 -0.452148 0.032227
v 0.098633 -0.442383 0.032227
v 0.098633 -0.438477 0.032227
v 0.09668 -0.442383 0.030273
v 0.09668 -0.442383 0.030273
v 0.098633 -0.446289 0.030273
v 0.098633 -0.442383 0.032227
v 0.09668 -0.438477 0.030273
v 0.09668 -0.43457 0.030273
v 0.110352 -0.442383 0.051758
v 0.104492 -0.44043 0.041992
v 0.108398 -0.430664 0.047852
v 0.102539 -0.43457 0.040039
v 0.12793 -0.436523 0.043945
v 0.106445 -0.442383 -0.00293
v 0.09668 -0.444336 0.02832
v 0.098633 -0.446289 0.030273
v 0.09668 -0.436523 0.02832
v 0.094727 -0.432617 0.024414
v 0.094727 -0.436523 0.024414
v 0.092773 -0.426758 0.020508
v 0.09082 -0.416992 0.016602
v 0.088867 -0.426758 0.014648
v 0.09668 -0.416992 0.02832
v 0.094727 -0.426758 0.026367
v 0.086914 -0.420898 0.008789
v 0.088867 -0.432617 0.010742
v 0.09082 -0.397461 0.006836
v 0.102539 -0.40332 0.022461
v 0.106445 -0.399414 0.020508
v 0.09668 -0.401367 0.00293
v 0.102539 -0.40332 0.022461
v 0.09082 -0.397461 0.006836
v 0.09082 -0.397461 0.006836
v 0.106445 -0.399414 0.020508
v 0.098633 -0.393555 0.004883
v 0.088867 -0.397461 -0.014648
v 0.09082 -0.397461 0.006836
v 0.098633 -0.393555 0.004883
v 0.083008 -0.389648 -0.010742
v 0.083008 -0.389648 -0.010742
v 0.102539 -0.422852 0.038086
v 0.098633 -0.430664 0.03418
v 0.114258 -0.40918 0.038086
v 0.116211 -0.407227 0.036133
v 0.131836 -0.411133 0.049805
v 0.104492 -0.405273 0.020508
v 0.116211 -0.411133 0.03418
v 0.114258 -0.40918 0.038086
v 0.114258 -0.40918 0.038086
v 0.116211 -0.411133 0.03418
v 0.12793 -0.415039 0.051758
v 0.12793 -0.415039 0.051758
v 0.104492 -0.40332 0.022461
v 0.100586 -0.426758 0.000977
v 0.116211 -0.40918 0.036133
v 0.133789 -0.422852 0.051758
v 0.104492 -0.37207 0.045898
v 0.131836 -0.393555 0.055664
v 0.104492 -0.37207 0.045898
v 0.116211 -0.40918 0.036133
v 0.131836 -0.393555 0.055664
v 0.116211 -0.407227 0.036133
v 0.116211 -0.411133 0.03418
v 0.106445 -0.399414 0.020508
v 0.131836 -0.416992 0.045898
v 0.116211 -0.411133 0.03418
v 0.116211 -0.407227 0.036133
v 0.131836 -0.411133 0.049805
v 0.116211 -0.411133 0.03418
v 0.104492 -0.405273 0.020508
v 0.106445 -0.399414 0.020508
v 0.131836 -0.416992 0.045898
v 0.106445 -0.395508 0.008789
v 0.100586 -0.426758 0.000977
v 0.106445 -0.395508 0.008789
v 0.112305 -0.40332 -0.026367
v 0.120117 -0.432617 -0.045898
v 0.106445 -0.442383 -0.00293
v 0.100586 -0.426758 0.000977
v 0.118164 -0.416992 -0.045898
v 0.118164 -0.416992 -0.045898
v 0.094727 -0.366211 0.018555
v 0.106445 -0.395508 0.008789
v 0.104492 -0.40332 0.022461
v 0.094727 -0.366211 0.018555
v 0.098633 -0.393555 0.004883
v 0.106445 -0.399414 0.020508
v 0.104492 -0.405273 0.020508
v 0.09668 -0.401367 0.00293
v 0.09082 -0.385742 -0.010742
v 0.088867 -0.397461 -0.014648
v 0.09082 -0.385742 -0.010742
v 0.114258 -0.364258 -0.018555
v 0.114258 -0.364258 -0.018555
v 0.05957 -0.290039 0.045898
v 0.061523 -0.30957 0.02832
v 0.063477 -0.319336 0.057617
v 0.073242 -0.282227 0.012695
v 0.061523 -0.30957 0.02832
v 0.05957 -0.290039 0.045898
v 0.06543 -0.291992 0.069336
v 0.067383 -0.264648 0.041992
v 0.067383 -0.264648 0.041992
v 0.06543 -0.338867 0.032227
v 0.081055 -0.311523 -0.00293
v 0.06543 -0.338867 0.032227
v 0.061523 -0.30957 0.02832
v 0.081055 -0.311523 -0.00293
v 0.112305 -0.356445 0.075195
v 0.108398 -0.327148 0.09668
v 0.081055 -0.333008 0.077148
v 0.075195 -0.307617 0.083008
v 0.075195 -0.348633 0.055664
v 0.081055 -0.333008 0.077148
v 0.075195 -0.307617 0.083008
v 0.075195 -0.348633 0.055664
v 0.135742 -0.356445 0.086914
v 0.092773 -0.295898 0.098633
v 0.112305 -0.28418 0.108398
v 0.141602 -0.317383 0.116211
v 0.092773 -0.295898 0.098633
v 0.073242 -0.270508 0.077148
v 0.112305 -0.28418 0.108398
v 0.073242 -0.270508 0.077148
v 0.092773 -0.295898 0.098633
v 0.086914 -0.258789 0.083008
v 0.073242 -0.270508 0.077148
v 0.086914 -0.258789 0.083008
v 0.086914 -0.24707 0.049805
v 0.086914 -0.258789 0.083008
v 0.112305 -0.28418 0.108398
v 0.077148 -0.24707 0.094727
v 0.083008 -0.239258 0.051758
v 0.086914 -0.24707 0.049805
v 0.141602 -0.297852 0.116211
v 0.116211 -0.276367 0.124023
v 0.112305 -0.28418 0.108398
v 0.09082 -0.24707 0.124023
v 0.112305 -0.28418 0.108398
v 0.141602 -0.317383 0.116211
v 0.141602 -0.297852 0.116211
v 0.09082 -0.24707 0.124023
v 0.077148 -0.24707 0.094727
v 0.112305 -0.28418 0.108398
v 0.15332 -0.286133 0.133789
v 0.139648 -0.276367 0.143555
v 0.135742 -0.249023 0.157227
v 0.114258 -0.237305 0.143555
v 0.075195 -0.348633 0.055664
v 0.104492 -0.37207 0.045898
v 0.086914 -0.344727 0.000977
v 0.108398 -0.301758 -0.020508
v 0.114258 -0.364258 -0.018555
v 0.086914 -0.344727 0.000977
v 0.081055 -0.311523 -0.00293
v 0.114258 -0.249023 0.008789
v 0.108398 -0.301758 -0.020508
v 0.073242 -0.282227 0.012695
v 0.161133 -0.49707 0.178711
v 0.202148 -0.49707 0.166992
v 0.161133 -0.49707 0.178711
v 0.145508 -0.49707 0.145508
v 0.188477 -0.499023 0.12793
v 0.157227 -0.483398 0.180664
v 0.149414 -0.463867 0.145508
v 0.157227 -0.483398 0.180664
v 0.165039 -0.469727 0.178711
v 0.149414 -0.463867 0.145508
v 0.165039 -0.469727 0.178711
v 0.198242 -0.469727 0.166992
v 0.186523 -0.461914 0.131836
v 0.137695 -0.446289 0.100586
v 0.161133 -0.49707 0.178711
v 0.170898 -0.49707 0.182617
v 0.166992 -0.483398 0.18457
v 0.170898 -0.49707 0.182617
v 0.157227 -0.483398 0.180664
v 0.200195 -0.483398 0.174805
v 0.166992 -0.483398 0.18457
v 0.170898 -0.49707 0.182617
v 0.196289 -0.49707 0.174805
v 0.196289 -0.49707 0.174805
v 0.166992 -0.483398 0.18457
v 0.170898 -0.473633 0.182617
v 0.170898 -0.473633 0.182617
v 0.170898 -0.473633 0.182617
v 0.196289 -0.473633 0.174805
v 0.196289 -0.473633 0.174805
v 0.186523 -0.461914 0.131836
v 0.198242 -0.469727 0.166992
v 0.204102 -0.483398 0.166992
v 0.192383 -0.481445 0.133789
v 0.192383 -0.481445 0.133789
v 0.213867 -0.47168 0.157227
v 0.186523 -0.461914 0.131836
v 0.213867 -0.47168 0.157227
v 0.208008 -0.463867 0.125977
v 0.192383 -0.44043 0.084961
v 0.202148 -0.49707 0.166992
v 0.200195 -0.483398 0.174805
v 0.196289 -0.49707 0.174805
v 0.198242 -0.469727 0.166992
v 0.196289 -0.473633 0.174805
v 0.200195 -0.483398 0.174805
v 0.204102 -0.483398 0.166992
v 0.204102 -0.483398 0.166992
v 0.202148 -0.49707 0.166992
v 0.188477 -0.499023 0.12793
v 0.211914 -0.485352 0.15918
v 0.219727 -0.485352 0.161133
v 0.213867 -0.47168 0.157227
v 0.211914 -0.485352 0.15918
v 0.188477 -0.499023 0.12793
v 0.211914 -0.49707 0.155273
v 0.211914 -0.485352 0.15918
v 0.211914 -0.49707 0.155273
v 0.219727 -0.485352 0.161133
v 0.231445 -0.47168 0.147461
v 0.219727 -0.475586 0.15918
v 0.213867 -0.47168 0.157227
v 0.219727 -0.475586 0.15918
v 0.231445 -0.47168 0.147461
v 0.211914 -0.49707 0.155273
v 0.219727 -0.495117 0.157227
v 0.231445 -0.49707 0.143555
v 0.219727 -0.495117 0.157227
v 0.223633 -0.46582 0.112305
v 0.223633 -0.46582 0.112305
v 0.192383 -0.44043 0.084961
v 0.208008 -0.463867 0.125977
v 0.231445 -0.495117 0.151367
v 0.219727 -0.485352 0.161133
v 0.219727 -0.495117 0.157227
v 0.231445 -0.495117 0.151367
v 0.231445 -0.475586 0.15332
v 0.219727 -0.475586 0.15918
v 0.233398 -0.485352 0.15332
v 0.231445 -0.475586 0.15332
v 0.231445 -0.49707 0.143555
v 0.233398 -0.485352 0.15332
v 0.231445 -0.495117 0.151367
v 0.233398 -0.485352 0.15332
v 0.231445 -0.49707 0.143555
v 0.235352 -0.485352 0.145508
v 0.231445 -0.47168 0.147461
v 0.231445 -0.475586 0.15332
v 0.233398 -0.485352 0.15332
v 0.235352 -0.485352 0.145508
v 0.231445 -0.47168 0.147461
v 0.233398 -0.485352 0.15332
v 0.22168 -0.483398 0.116211
v 0.235352 -0.485352 0.145508
v 0.231445 -0.49707 0.143555
v 0.217773 -0.499023 0.112305
v 0.231445 -0.47168 0.147461
v 0.223633 -0.46582 0.112305
v 0.239258 -0.485352 0.133789
v 0.237305 -0.499023 0.131836
v 0.245117 -0.487305 0.135742
v 0.217773 -0.499023 0.112305
v 0.237305 -0.499023 0.131836
v 0.239258 -0.485352 0.133789
v 0.239258 -0.485352 0.133789
v 0.245117 -0.487305 0.135742
v 0.241211 -0.473633 0.131836
v 0.22168 -0.483398 0.116211
v 0.22168 -0.483398 0.116211
v 0.245117 -0.49707 0.133789
v 0.254883 -0.499023 0.118164
v 0.245117 -0.49707 0.133789
v 0.237305 -0.499023 0.131836
v 0.243164 -0.499023 0.094727
v 0.258789 -0.487305 0.124023
v 0.245117 -0.487305 0.135742
v 0.245117 -0.49707 0.133789
v 0.254883 -0.49707 0.125977
v 0.254883 -0.49707 0.125977
v 0.24707 -0.477539 0.133789
v 0.256836 -0.477539 0.124023
v 0.24707 -0.477539 0.133789
v 0.241211 -0.473633 0.131836
v 0.24707 -0.477539 0.133789
v 0.256836 -0.475586 0.118164
v 0.223633 -0.46582 0.112305
v 0.245117 -0.467773 0.09082
v 0.223633 -0.46582 0.112305
v 0.241211 -0.473633 0.131836
v 0.256836 -0.475586 0.118164
v 0.24707 -0.477539 0.133789
v 0.256836 -0.477539 0.124023
v 0.256836 -0.475586 0.118164
v 0.135742 -0.249023 0.157227
v 0.139648 -0.276367 0.143555
v 0.15332 -0.286133 0.133789
v 0.141602 -0.297852 0.116211
v 0.168945 -0.27832 0.12793
v 0.15332 -0.286133 0.133789
v 0.168945 -0.27832 0.12793
v 0.151367 -0.229492 0.157227
v 0.174805 -0.258789 0.129883
v 0.176758 -0.249023 0.100586
v 0.174805 -0.258789 0.129883
v 0.168945 -0.27832 0.12793
v 0.170898 -0.280273 0.108398
v 0.170898 -0.280273 0.108398
v 0.168945 -0.235352 0.141602
v 0.168945 -0.235352 0.141602
v 0.176758 -0.422852 0.045898
v 0.12793 -0.436523 0.043945
v 0.149414 -0.420898 0.061523
v 0.151367 -0.422852 0.053711
v 0.172852 -0.418945 0.06543
v 0.172852 -0.420898 0.055664
v 0.170898 -0.40918 0.05957
v 0.149414 -0.420898 0.061523
v 0.172852 -0.418945 0.06543
v 0.188477 -0.40332 0.057617
v 0.194336 -0.413086 0.061523
v 0.194336 -0.413086 0.061523
v 0.133789 -0.422852 0.051758
v 0.12793 -0.436523 0.043945
v 0.176758 -0.422852 0.045898
v 0.18457 -0.40918 0.043945
v 0.131836 -0.393555 0.055664
v 0.133789 -0.422852 0.051758
v 0.176758 -0.422852 0.045898
v 0.151367 -0.411133 0.057617
v 0.151367 -0.422852 0.053711
v 0.151367 -0.411133 0.057617
v 0.151367 -0.422852 0.053711
v 0.151367 -0.411133 0.057617
v 0.172852 -0.420898 0.055664
v 0.170898 -0.40918 0.05957
v 0.18457 -0.40918 0.043945
v 0.176758 -0.379883 0.057617
v 0.19043 -0.415039 0.051758
v 0.188477 -0.40332 0.057617
v 0.19043 -0.415039 0.051758
v 0.206055 -0.428711 0.008789
v 0.18457 -0.40918 0.043945
v 0.176758 -0.422852 0.045898
v 0.176758 -0.422852 0.045898
v 0.237305 -0.450195 0.047852
v 0.176758 -0.422852 0.045898
v 0.237305 -0.450195 0.047852
v 0.206055 -0.428711 0.008789
v 0.198242 -0.397461 0.020508
v 0.176758 -0.379883 0.057617
v 0.18457 -0.40918 0.043945
v 0.206055 -0.413086 0.008789
v 0.18457 -0.40918 0.043945
v 0.206055 -0.413086 0.008789
v 0.198242 -0.397461 0.020508
v 0.196289 -0.366211 0.032227
v 0.178711 -0.34082 0.081055
v 0.135742 -0.356445 0.086914
v 0.176758 -0.379883 0.057617
v 0.178711 -0.34082 0.081055
v 0.243164 -0.499023 0.094727
v 0.24707 -0.487305 0.09668
v 0.254883 -0.499023 0.118164
v 0.256836 -0.489258 0.108398
v 0.24707 -0.487305 0.09668
v 0.243164 -0.499023 0.094727
v 0.262695 -0.499023 0.061523
v 0.256836 -0.499023 0.106445
v 0.276367 -0.499023 0.088867
v 0.256836 -0.499023 0.106445
v 0.245117 -0.467773 0.09082
v 0.258789 -0.487305 0.118164
v 0.260742 -0.477539 0.104492
v 0.245117 -0.467773 0.09082
v 0.24707 -0.487305 0.09668
v 0.256836 -0.489258 0.108398
v 0.245117 -0.467773 0.09082
v 0.262695 -0.473633 0.073242
v 0.256836 -0.475586 0.118164
v 0.260742 -0.477539 0.104492
v 0.264648 -0.487305 0.061523
v 0.24707 -0.479492 0.030273
v 0.237305 -0.450195 0.047852
v 0.21582 -0.475586 -0.010742
v 0.21582 -0.475586 -0.010742
v 0.206055 -0.428711 0.008789
v 0.237305 -0.450195 0.047852
v 0.262695 -0.473633 0.073242
v 0.245117 -0.495117 0.02832
v 0.24707 -0.479492 0.030273
v 0.262695 -0.499023 0.061523
v 0.21582 -0.475586 -0.010742
v 0.245117 -0.495117 0.02832
v 0.211914 -0.491211 -0.008789
v 0.21582 -0.475586 -0.010742
v 0.264648 -0.487305 0.061523
v 0.209961 -0.40332 0.055664
v 0.202148 -0.395508 0.051758
v 0.188477 -0.40332 0.057617
v 0.194336 -0.413086 0.061523
v 0.209961 -0.40332 0.055664
v 0.202148 -0.395508 0.051758
v 0.194336 -0.413086 0.061523
v 0.208008 -0.407227 0.045898
v 0.19043 -0.415039 0.051758
v 0.208008 -0.407227 0.045898
v 0.209961 -0.40332 0.055664
v 0.202148 -0.395508 0.051758
v 0.217773 -0.397461 0.036133
v 0.223633 -0.391602 0.043945
v 0.217773 -0.397461 0.036133
v 0.211914 -0.385742 0.041992
v 0.211914 -0.385742 0.041992
v 0.223633 -0.391602 0.043945
v 0.217773 -0.401367 0.03418
v 0.22168 -0.40332 0.038086
v 0.227539 -0.397461 0.022461
v 0.229492 -0.40332 0.020508
v 0.219727 -0.405273 0.03418
v 0.217773 -0.401367 0.03418
v 0.227539 -0.397461 0.022461
v 0.217773 -0.397461 0.036133
v 0.211914 -0.385742 0.041992
v 0.225586 -0.385742 0.022461
v 0.231445 -0.379883 0.030273
v 0.225586 -0.385742 0.022461
v 0.211914 -0.385742 0.041992
v 0.223633 -0.391602 0.043945
v 0.219727 -0.374023 0.02832
v 0.219727 -0.374023 0.02832
v 0.194336 -0.43457 -0.03418
v 0.206055 -0.413086 0.008789
v 0.186523 -0.393555 -0.022461
v 0.198242 -0.397461 0.020508
v 0.198242 -0.416992 -0.036133
v 0.186523 -0.354492 -0.010742
v 0.196289 -0.366211 0.032227
v 0.231445 -0.379883 0.030273
v 0.22168 -0.40332 0.038086
v 0.219727 -0.405273 0.03418
v 0.235352 -0.401367 0.026367
v 0.235352 -0.401367 0.026367
v 0.229492 -0.40332 0.020508
v 0.235352 -0.401367 0.006836
v 0.241211 -0.395508 0.010742
v 0.235352 -0.401367 0.006836
v 0.241211 -0.395508 0.010742
v 0.229492 -0.40332 0.020508
v 0.233398 -0.393555 0.008789
v 0.233398 -0.393555 0.008789
v 0.235352 -0.366211 0.012695
v 0.231445 -0.379883 0.030273
v 0.225586 -0.385742 0.022461
v 0.231445 -0.375977 0.006836
v 0.225586 -0.385742 0.022461
v 0.231445 -0.375977 0.006836
v 0.235352 -0.366211 0.012695
v 0.223633 -0.362305 0.012695
v 0.235352 -0.366211 0.012695
v 0.241211 -0.395508 0.010742
v 0.241211 -0.391602 -0.006836
v 0.235352 -0.395508 -0.006836
v 0.235352 -0.401367 0.006836
v 0.233398 -0.393555 0.008789
v 0.235352 -0.389648 -0.004883
v 0.233398 -0.393555 0.008789
v 0.241211 -0.391602 -0.006836
v 0.235352 -0.389648 -0.004883
v 0.223633 -0.362305 0.012695
v 0.233398 -0.366211 -0.010742
v 0.237305 -0.354492 -0.004883
v 0.235352 -0.366211 0.012695
v 0.231445 -0.375977 0.006836
v 0.233398 -0.366211 -0.010742
v 0.241211 -0.391602 -0.006836
v 0.235352 -0.401367 0.006836
v 0.235352 -0.395508 -0.006836
v 0.241211 -0.391602 -0.006836
v 0.141602 -0.317383 0.116211
v 0.135742 -0.356445 0.086914
v 0.176758 -0.299805 0.106445
v 0.176758 -0.299805 0.106445
v 0.141602 -0.297852 0.116211
v 0.141602 -0.317383 0.116211
v 0.204102 -0.317383 0.053711
v 0.170898 -0.280273 0.108398
v 0.192383 -0.264648 0.084961
v 0.192383 -0.264648 0.084961
v 0.174805 -0.256836 0.094727
v 0.174805 -0.256836 0.094727
v 0.174805 -0.256836 0.094727
v 0.192383 -0.264648 0.084961
v 0.18457 -0.235352 0.053711
v 0.166992 -0.229492 0.06543
v 0.166992 -0.229492 0.06543
v 0.192383 -0.264648 0.084961
v 0.204102 -0.317383 0.053711
v 0.204102 -0.295898 0.018555
v 0.18457 -0.235352 0.053711
v 0.225586 -0.350586 -0.004883
v 0.225586 -0.350586 -0.004883
v 0.237305 -0.354492 -0.004883
v 0.178711 -0.286133 -0.012695
v 0.18457 -0.235352 0.053711
v 0.204102 -0.295898 0.018555
v 0.178711 -0.286133 -0.012695
v 0.081055 -0.227539 0.141602
v 0.067383 -0.188477 0.143555
v 0.06543 -0.213867 0.131836
v 0.100586 -0.217773 0.155273
v 0.067383 -0.188477 0.143555
v 0.081055 -0.227539 0.141602
v 0.067383 -0.227539 0.110352
v 0.067383 -0.227539 0.110352
v 0.057617 -0.200195 0.114258
v 0.084961 -0.174805 0.15332
v 0.067383 -0.188477 0.143555
v 0.084961 -0.174805 0.15332
v 0.06543 -0.124023 0.143555
v 0.06543 -0.124023 0.143555
v 0.049805 -0.135742 0.124023
v 0.084961 -0.174805 0.15332
v 0.100586 -0.217773 0.155273
v 0.112305 -0.192383 0.157227
v 0.131836 -0.194336 0.149414
v 0.116211 -0.161133 0.155273
v 0.114258 -0.237305 0.143555
v 0.114258 -0.237305 0.143555
v 0.135742 -0.249023 0.157227
v 0.151367 -0.229492 0.157227
v 0.137695 -0.208008 0.143555
v 0.137695 -0.208008 0.143555
v 0.09668 -0.106445 0.147461
v 0.09668 -0.106445 0.147461
v 0.145508 -0.15332 0.141602
v 0.049805 -0.077148 0.12793
v 0.041992 -0.069336 0.149414
v 0.032227 -0.108398 0.116211
v 0.079102 -0.053711 0.124023
v 0.083008 -0.036133 0.133789
v 0.083008 -0.036133 0.133789
v 0.05957 -0.081055 0.12793
v 0.049805 -0.077148 0.12793
v 0.049805 -0.135742 0.124023
v 0.079102 -0.053711 0.124023
v 0.05957 -0.081055 0.12793
v 0.084961 -0.06543 0.131836
v 0.05957 -0.081055 0.12793
v 0.079102 -0.053711 0.124023
v 0.032227 -0.108398 0.116211
v 0.049805 -0.135742 0.124023
v 0.049805 -0.077148 0.12793
v 0.075195 -0.014648 0.135742
v 0.075195 -0.014648 0.135742
v 0.063477 -0.008789 0.131836
v 0.032227 -0.032227 0.147461
v 0.063477 -0.008789 0.131836
v 0.051758 0.00293 0.151367
v 0.051758 0.00293 0.151367
v 0.084961 -0.06543 0.131836
v 0.110352 -0.053711 0.114258
v 0.110352 -0.053711 0.114258
v 0.079102 -0.053711 0.124023
v 0.084961 -0.06543 0.131836
v 0.141602 -0.092773 0.116211
v 0.102539 -0.00293 0.104492
v 0.112305 -0.026367 0.104492
v 0.112305 -0.026367 0.104492
v 0.063477 -0.008789 0.131836
v 0.075195 -0.014648 0.135742
v 0.092773 0.00293 0.098633
v 0.05957 0.036133 0.147461
v 0.092773 0.00293 0.098633
v 0.102539 -0.00293 0.104492
v 0.026367 -0.161133 0.083008
v 0.047852 -0.209961 0.088867
v 0.047852 -0.209961 0.088867
v 0.026367 -0.161133 0.083008
v 0.05957 -0.209961 0.038086
v 0.06543 -0.233398 0.073242
v 0.077148 -0.24707 0.094727
v 0.010742 -0.133789 0.077148
v 0.032227 -0.108398 0.116211
v 0.020508 -0.12793 0.077148
v 0.022461 -0.124023 0.030273
v 0.040039 -0.165039 0.018555
v 0.022461 -0.124023 0.030273
v 0.020508 -0.12793 0.077148
v 0.020508 -0.12793 0.077148
v 0.022461 -0.124023 0.030273
v 0.05957 -0.209961 0.038086
v 0.040039 -0.165039 0.018555
v 0.102539 -0.196289 0.012695
v 0.112305 -0.231445 0.03418
v 0.102539 -0.196289 0.012695
v 0.036133 -0.100586 -0.00293
v 0.022461 -0.124023 0.030273
v 0.012695 -0.125977 0.026367
v 0.088867 -0.143555 -0.010742
v 0.038086 -0.120117 -0.000977
v 0.075195 -0.092773 -0.018555
v 0.038086 -0.120117 -0.000977
v 0.077148 -0.24707 0.094727
v 0.112305 -0.231445 0.03418
v 0.086914 -0.24707 0.049805
v 0.083008 -0.239258 0.051758
v 0.114258 -0.239258 0.032227
v 0.114258 -0.239258 0.032227
v 0.145508 -0.227539 0.040039
v 0.145508 -0.227539 0.040039
v 0.114258 -0.249023 0.008789
v 0.114258 -0.239258 0.032227
v 0.112305 -0.231445 0.03418
v 0.102539 -0.196289 0.012695
v 0.145508 -0.219727 0.041992
v 0.145508 -0.219727 0.041992
v 0.15918 -0.233398 0.020508
v 0.114258 -0.249023 0.008789
v 0.15918 -0.233398 0.020508
v 0.141602 -0.290039 -0.026367
v 0.141602 -0.290039 -0.026367
v 0.114258 -0.249023 0.008789
v 0.147461 -0.174805 0.030273
v 0.088867 -0.143555 -0.010742
v 0.036133 -0.100586 -0.00293
v 0.110352 -0.053711 0.114258
v 0.108398 -0.041992 0.098633
v 0.079102 -0.053711 0.124023
v 0.108398 -0.041992 0.098633
v 0.108398 -0.041992 0.098633
v 0.110352 -0.053711 0.114258
v 0.12793 -0.055664 0.088867
v 0.125977 -0.026367 0.061523
v 0.120117 -0.049805 0.069336
v 0.118164 -0.038086 0.061523
v 0.118164 -0.038086 0.061523
v 0.141602 -0.092773 0.116211
v 0.102539 -0.00293 0.104492
v 0.112305 -0.026367 0.104492
v 0.116211 0.00293 0.061523
v 0.104492 0.006836 0.061523
v 0.092773 0.00293 0.098633
v 0.102539 -0.00293 0.104492
v 0.116211 0.00293 0.061523
v 0.104492 0.006836 0.061523
v 0.102539 -0.00293 0.104492
v 0.125977 -0.026367 0.061523
v 0.124023 -0.047852 0.040039
v 0.118164 -0.038086 0.061523
v 0.120117 -0.049805 0.069336
v 0.145508 -0.102539 0.055664
v 0.124023 -0.047852 0.040039
v 0.120117 -0.049805 0.069336
v 0.155273 -0.094727 0.079102
v 0.120117 -0.049805 0.069336
v 0.155273 -0.094727 0.079102
v 0.145508 -0.102539 0.055664
v 0.118164 -0.038086 0.061523
v 0.124023 -0.047852 0.040039
v 0.112305 -0.040039 0.022461
v 0.112305 -0.040039 0.022461
v 0.114258 -0.061523 0.004883
v 0.112305 -0.040039 0.022461
v 0.124023 -0.047852 0.040039
v 0.145508 -0.102539 0.055664
v 0.112305 -0.040039 0.022461
v 0.114258 -0.061523 0.004883
v 0.09082 -0.049805 -0.004883
v 0.112305 -0.040039 0.022461
v 0.118164 -0.02832 0.016602
v 0.125977 -0.026367 0.061523
v 0.09082 -0.049805 -0.004883
v 0.118164 -0.02832 0.016602
v 0.112305 -0.040039 0.022461
v 0.137695 -0.114258 0.018555
v 0.114258 -0.061523 0.004883
v 0.137695 -0.114258 0.018555
v 0.075195 -0.092773 -0.018555
v 0.075195 -0.092773 -0.018555
v 0.116211 0.00293 0.061523
v 0.108398 0.000977 0.016602
v 0.083008 -0.004883 -0.016602
v 0.092773 -0.038086 -0.016602
v 0.092773 -0.038086 -0.016602
v 0.155273 -0.208008 0.131836
v 0.137695 -0.208008 0.143555
v 0.151367 -0.229492 0.157227
v 0.168945 -0.235352 0.141602
v 0.161133 -0.194336 0.133789
v 0.155273 -0.208008 0.131836
v 0.170898 -0.219727 0.110352
v 0.178711 -0.204102 0.108398
v 0.161133 -0.194336 0.133789
v 0.155273 -0.208008 0.131836
v 0.170898 -0.219727 0.110352
v 0.170898 -0.219727 0.110352
v 0.170898 -0.151367 0.112305
v 0.145508 -0.15332 0.141602
v 0.161133 -0.194336 0.133789
v 0.178711 -0.204102 0.108398
v 0.166992 -0.219727 0.071289
v 0.180664 -0.202148 0.088867
v 0.166992 -0.219727 0.071289
v 0.178711 -0.204102 0.108398
v 0.180664 -0.202148 0.088867
v 0.176758 -0.155273 0.079102
v 0.170898 -0.151367 0.112305
v 0.166992 -0.219727 0.071289
v 0.166992 -0.229492 0.06543
v 0.145508 -0.219727 0.041992
v 0.163086 -0.165039 0.055664
v 0.166992 -0.219727 0.071289
v 0.145508 -0.219727 0.041992
v 0.166992 -0.229492 0.06543
v 0.145508 -0.227539 0.040039
v 0.145508 -0.219727 0.041992
v 0.166992 -0.229492 0.06543
v 0.18457 -0.235352 0.053711
v 0.176758 -0.155273 0.079102
v 0.155273 -0.094727 0.079102
v 0.147461 -0.174805 0.030273
v 0.249023 -0.020508 0.040039
v 0.24707 -0.03418 0.022461
v 0.262695 -0.051758 0.030273
v 0.235352 0.014648 0.03418
v 0.262695 -0.051758 0.030273
v 0.262695 -0.026367 0.051758
v 0.249023 -0.020508 0.040039
v 0.262695 -0.026367 0.051758
v 0.245117 0.000977 0.043945
v 0.272461 -0.05957 0.000977
v 0.262695 -0.051758 0.030273
v 0.24707 -0.03418 0.022461
v 0.254883 -0.036133 -0.022461
v 0.225586 0.016602 0.010742
v 0.225586 0.016602 0.010742
v 0.254883 -0.49707 0.125977
v 0.254883 -0.499023 0.118164
v 0.258789 -0.487305 0.124023
v 0.30957 -0.288086 0.139648
v 0.319336 -0.295898 0.147461
v 0.321289 -0.270508 0.141602
v 0.317383 -0.291992 0.12207
v 0.319336 -0.295898 0.147461
v 0.30957 -0.288086 0.139648
v 0.30957 -0.288086 0.139648
v 0.321289 -0.270508 0.141602
v 0.317383 -0.291992 0.12207
v 0.334961 -0.254883 0.208008
v 0.321289 -0.274414 0.204102
v 0.334961 -0.286133 0.188477
v 0.334961 -0.286133 0.188477
v 0.321289 -0.274414 0.204102
v 0.323242 -0.280273 0.176758
v 0.354492 -0.270508 0.188477
v 0.334961 -0.266602 0.170898
v 0.354492 -0.270508 0.188477
v 0.334961 -0.286133 0.188477
v 0.323242 -0.280273 0.176758
v 0.313477 -0.270508 0.188477
v 0.319336 -0.254883 0.186523
v 0.313477 -0.270508 0.188477
v 0.321289 -0.274414 0.204102
v 0.321289 -0.274414 0.204102
v 0.334961 -0.254883 0.208008
v 0.319336 -0.254883 0.186523
v 0.319336 -0.254883 0.186523
v 0.323242 -0.280273 0.176758
v 0.313477 -0.270508 0.188477
v 0.334961 -0.254883 0.208008
v 0.354492 -0.270508 0.188477
v 0.370117 -0.243164 0.178711
v 0.331055 -0.225586 0.178711
v 0.34668 -0.227539 0.202148
v 0.34668 -0.227539 0.202148
v 0.348633 -0.237305 0.15918
v 0.370117 -0.243164 0.178711
v 0.338867 -0.282227 0.157227
v 0.319336 -0.295898 0.147461
v 0.327148 -0.303711 0.12793
v 0.338867 -0.282227 0.157227
v 0.350586 -0.291992 0.12793
v 0.344727 -0.235352 0.141602
v 0.37793 -0.260742 0.124023
v 0.362305 -0.249023 0.15918
v 0.362305 -0.249023 0.15918
v 0.323242 -0.280273 0.176758
v 0.319336 -0.254883 0.186523
v 0.334961 -0.266602 0.170898
v 0.331055 -0.225586 0.178711
v 0.348633 -0.237305 0.15918
v 0.327148 -0.303711 0.12793
v 0.331055 -0.27832 0.118164
v 0.350586 -0.291992 0.12793
v 0.327148 -0.303711 0.12793
v 0.317383 -0.291992 0.12207
v 0.331055 -0.27832 0.118164
v 0.356445 -0.245117 0.114258
v 0.344727 -0.235352 0.141602
v 0.356445 -0.245117 0.114258
v 0.37793 -0.260742 0.124023
v 0.258789 -0.487305 0.124023
v 0.256836 -0.477539 0.124023
v 0.264648 -0.499023 0.106445
v 0.256836 -0.489258 0.108398
v 0.256836 -0.499023 0.106445
v 0.264648 -0.499023 0.106445
v 0.264648 -0.489258 0.108398
v 0.264648 -0.489258 0.108398
v 0.274414 -0.499023 0.09668
v 0.274414 -0.499023 0.09668
v 0.266602 -0.479492 0.106445
v 0.276367 -0.489258 0.09668
v 0.274414 -0.481445 0.09668
v 0.266602 -0.479492 0.106445
v 0.260742 -0.477539 0.104492
v 0.266602 -0.479492 0.106445
v 0.274414 -0.477539 0.09082
v 0.262695 -0.473633 0.073242
v 0.276367 -0.499023 0.088867
v 0.276367 -0.489258 0.09668
v 0.274414 -0.499023 0.09668
v 0.274414 -0.477539 0.09082
v 0.274414 -0.481445 0.09668
v 0.276367 -0.489258 0.09668
v 0.276367 -0.499023 0.088867
v 0.276367 -0.489258 0.088867
v 0.266602 -0.479492 0.106445
v 0.274414 -0.481445 0.09668
v 0.274414 -0.477539 0.09082
v 0.262695 -0.473633 0.073242
v 0.317383 -0.288086 0.06543
v 0.319336 -0.299805 0.088867
v 0.311523 -0.286133 0.083008
v 0.311523 -0.286133 0.083008
v 0.319336 -0.299805 0.088867
v 0.323242 -0.274414 0.09082
v 0.323242 -0.274414 0.09082
v 0.317383 -0.288086 0.06543
v 0.311523 -0.286133 0.083008
v 0.338867 -0.291992 0.102539
v 0.319336 -0.299805 0.088867
v 0.325195 -0.301758 0.067383
v 0.338867 -0.291992 0.102539
v 0.350586 -0.293945 0.069336
v 0.354492 -0.243164 0.100586
v 0.383789 -0.264648 0.075195
v 0.37207 -0.262695 0.112305
v 0.338867 -0.291992 0.102539
v 0.37207 -0.262695 0.112305
v 0.350586 -0.293945 0.069336
v 0.325195 -0.301758 0.067383
v 0.325195 -0.301758 0.067383
v 0.317383 -0.288086 0.06543
v 0.333008 -0.276367 0.06543
v 0.350586 -0.293945 0.069336
v 0.333008 -0.276367 0.06543
v 0.364258 -0.24707 0.071289
v 0.354492 -0.243164 0.100586
v 0.364258 -0.24707 0.071289
v 0.395508 -0.25293 0.079102
v 0.385742 -0.250977 0.114258
v 0.385742 -0.250977 0.114258
v 0.383789 -0.264648 0.075195
v 0.327148 -0.268555 0.02832
v 0.334961 -0.282227 0.030273
v 0.338867 -0.258789 0.038086
v 0.354492 -0.27832 0.043945
v 0.333008 -0.266602 0.010742
v 0.327148 -0.268555 0.02832
v 0.338867 -0.258789 0.038086
v 0.348633 -0.254883 0.014648
v 0.362305 -0.235352 0.051758
v 0.37207 -0.231445 0.026367
v 0.362305 -0.235352 0.051758
v 0.334961 -0.282227 0.030273
v 0.327148 -0.268555 0.02832
v 0.333008 -0.266602 0.010742
v 0.342773 -0.280273 0.010742
v 0.334961 -0.282227 0.030273
v 0.342773 -0.280273 0.010742
v 0.354492 -0.27832 0.043945
v 0.348633 -0.254883 0.014648
v 0.342773 -0.280273 0.010742
v 0.333008 -0.266602 0.010742
v 0.364258 -0.272461 0.014648
v 0.364258 -0.272461 0.014648
v 0.354492 -0.27832 0.043945
v 0.364258 -0.272461 0.014648
v 0.389648 -0.249023 0.024414
v 0.379883 -0.254883 0.05957
v 0.379883 -0.254883 0.05957
v 0.37207 -0.231445 0.026367
v 0.389648 -0.249023 0.024414
v 0.387695 -0.245117 0.125977
v 0.387695 -0.245117 0.125977
v 0.385742 -0.250977 0.114258
v 0.395508 -0.25293 0.079102
v 0.389648 -0.208008 0.106445
v 0.383789 -0.204102 0.110352
v 0.389648 -0.208008 0.106445
v 0.383789 -0.204102 0.110352
v 0.385742 -0.250977 0.114258
v 0.395508 -0.25293 0.079102
v 0.393555 -0.208008 0.071289
v 0.397461 -0.211914 0.077148
v 0.393555 -0.208008 0.071289
v 0.391602 -0.243164 0.06543
v 0.362305 -0.235352 0.051758
v 0.379883 -0.254883 0.05957
v 0.401367 -0.239258 0.030273
v 0.391602 -0.243164 0.06543
v 0.27832 -0.219727 0.166992
v 0.274414 -0.208008 0.174805
v 0.264648 -0.219727 0.147461
v 0.297852 -0.206055 0.157227
v 0.274414 -0.208008 0.174805
v 0.27832 -0.219727 0.166992
v 0.27832 -0.219727 0.166992
v 0.264648 -0.219727 0.147461
v 0.297852 -0.206055 0.157227
v 0.254883 -0.209961 0.149414
v 0.258789 -0.166992 0.137695
v 0.254883 -0.209961 0.149414
v 0.274414 -0.208008 0.174805
v 0.303711 -0.186523 0.15332
v 0.288086 -0.165039 0.172852
v 0.288086 -0.165039 0.172852
v 0.264648 -0.219727 0.147461
v 0.254883 -0.209961 0.149414
v 0.27832 -0.206055 0.129883
v 0.27832 -0.206055 0.129883
v 0.282227 -0.188477 0.125977
v 0.27832 -0.206055 0.129883
v 0.254883 -0.209961 0.149414
v 0.258789 -0.166992 0.137695
v 0.303711 -0.186523 0.15332
v 0.297852 -0.206055 0.157227
v 0.27832 -0.206055 0.129883
v 0.282227 -0.188477 0.125977
v 0.272461 -0.151367 0.125977
v 0.295898 -0.168945 0.112305
v 0.319336 -0.166992 0.143555
v 0.295898 -0.168945 0.112305
v 0.299805 -0.149414 0.15918
v 0.272461 -0.151367 0.125977
v 0.258789 -0.166992 0.137695
v 0.288086 -0.165039 0.172852
v 0.30957 -0.124023 0.155273
v 0.272461 -0.125977 0.116211
v 0.272461 -0.151367 0.125977
v 0.272461 -0.125977 0.116211
v 0.295898 -0.168945 0.112305
v 0.319336 -0.166992 0.143555
v 0.299805 -0.149414 0.15918
v 0.331055 -0.131836 0.147461
v 0.30957 -0.124023 0.155273
v 0.352539 -0.211914 0.196289
v 0.375977 -0.227539 0.172852
v 0.352539 -0.211914 0.196289
v 0.342773 -0.18457 0.170898
v 0.352539 -0.211914 0.196289
v 0.370117 -0.196289 0.155273
v 0.350586 -0.186523 0.174805
v 0.375977 -0.227539 0.172852
v 0.350586 -0.186523 0.174805
v 0.331055 -0.225586 0.178711
v 0.327148 -0.196289 0.157227
v 0.348633 -0.237305 0.15918
v 0.342773 -0.18457 0.170898
v 0.327148 -0.196289 0.157227
v 0.331055 -0.225586 0.178711
v 0.34082 -0.204102 0.131836
v 0.319336 -0.178711 0.116211
v 0.319336 -0.166992 0.143555
v 0.319336 -0.178711 0.116211
v 0.368164 -0.196289 0.147461
v 0.34082 -0.204102 0.131836
v 0.34082 -0.204102 0.131836
v 0.368164 -0.196289 0.147461
v 0.356445 -0.245117 0.114258
v 0.344727 -0.235352 0.141602
v 0.354492 -0.206055 0.09668
v 0.375977 -0.227539 0.172852
v 0.37207 -0.235352 0.15918
v 0.37207 -0.235352 0.15918
v 0.374023 -0.200195 0.145508
v 0.368164 -0.196289 0.147461
v 0.37207 -0.235352 0.15918
v 0.387695 -0.245117 0.125977
v 0.374023 -0.200195 0.145508
v 0.37207 -0.235352 0.15918
v 0.370117 -0.196289 0.155273
v 0.368164 -0.196289 0.147461
v 0.37207 -0.180664 0.170898
v 0.375977 -0.227539 0.172852
v 0.37207 -0.180664 0.170898
v 0.350586 -0.186523 0.174805
v 0.370117 -0.196289 0.155273
v 0.389648 -0.19043 0.145508
v 0.37207 -0.172852 0.157227
v 0.37207 -0.172852 0.157227
v 0.387695 -0.206055 0.118164
v 0.397461 -0.194336 0.129883
v 0.389648 -0.19043 0.145508
v 0.374023 -0.200195 0.145508
v 0.387695 -0.206055 0.118164
v 0.331055 -0.131836 0.147461
v 0.352539 -0.166992 0.168945
v 0.331055 -0.131836 0.147461
v 0.319336 -0.166992 0.143555
v 0.295898 -0.168945 0.112305
v 0.319336 -0.178711 0.116211
v 0.331055 -0.131836 0.147461
v 0.352539 -0.166992 0.168945
v 0.37207 -0.172852 0.157227
v 0.37207 -0.172852 0.157227
v 0.344727 -0.104492 0.12793
v 0.37207 -0.180664 0.170898
v 0.352539 -0.166992 0.168945
v 0.350586 -0.186523 0.174805
v 0.37207 -0.180664 0.170898
v 0.389648 -0.135742 0.106445
v 0.344727 -0.104492 0.12793
v 0.37207 -0.172852 0.157227
v 0.389648 -0.19043 0.145508
v 0.397461 -0.180664 0.116211
v 0.280273 -0.073242 0.129883
v 0.282227 -0.077148 0.12793
v 0.305664 -0.061523 0.137695
v 0.280273 -0.073242 0.129883
v 0.305664 -0.061523 0.137695
v 0.305664 -0.061523 0.12793
v 0.280273 -0.073242 0.129883
v 0.305664 -0.061523 0.12793
v 0.282227 -0.075195 0.124023
v 0.30957 -0.124023 0.155273
v 0.344727 -0.104492 0.12793
v 0.301758 -0.09668 0.102539
v 0.301758 -0.09668 0.102539
v 0.28418 -0.063477 0.139648
v 0.297852 -0.073242 0.133789
v 0.31543 -0.043945 0.151367
v 0.276367 -0.088867 0.120117
v 0.31543 -0.043945 0.151367
v 0.307617 -0.041992 0.12793
v 0.28418 -0.063477 0.139648
v 0.28418 -0.063477 0.139648
v 0.307617 -0.041992 0.12793
v 0.28418 -0.05957 0.120117
v 0.264648 -0.081055 0.120117
v 0.264648 -0.081055 0.120117
v 0.30957 -0.067383 0.133789
v 0.282227 -0.075195 0.124023
v 0.30957 -0.067383 0.133789
v 0.282227 -0.077148 0.12793
v 0.297852 -0.073242 0.133789
v 0.307617 -0.041992 0.12793
v 0.327148 -0.057617 0.139648
v 0.28418 -0.05957 0.120117
v 0.327148 -0.057617 0.139648
v 0.276367 -0.088867 0.120117
v 0.333008 -0.049805 0.139648
v 0.305664 -0.061523 0.12793
v 0.334961 -0.05957 0.133789
v 0.334961 -0.05957 0.133789
v 0.329102 -0.049805 0.125977
v 0.333008 -0.049805 0.139648
v 0.329102 -0.049805 0.125977
v 0.334961 -0.024414 0.12793
v 0.334961 -0.024414 0.12793
v 0.344727 -0.104492 0.12793
v 0.344727 -0.09082 0.12793
v 0.301758 -0.09668 0.102539
v 0.393555 -0.118164 0.104492
v 0.344727 -0.09082 0.12793
v 0.344727 -0.104492 0.12793
v 0.389648 -0.135742 0.106445
v 0.293945 -0.088867 0.102539
v 0.301758 -0.09668 0.102539
v 0.344727 -0.09082 0.12793
v 0.34668 -0.032227 0.108398
v 0.293945 -0.088867 0.102539
v 0.344727 -0.09082 0.12793
v 0.34668 -0.032227 0.108398
v 0.31543 -0.043945 0.151367
v 0.327148 -0.057617 0.139648
v 0.350586 -0.024414 0.151367
v 0.350586 -0.024414 0.151367
v 0.327148 -0.057617 0.139648
v 0.334961 -0.024414 0.12793
v 0.358398 -0.040039 0.135742
v 0.327148 -0.057617 0.139648
v 0.358398 -0.040039 0.135742
v 0.350586 -0.024414 0.151367
v 0.360352 -0.041992 0.133789
v 0.333008 -0.049805 0.139648
v 0.334961 -0.05957 0.133789
v 0.352539 -0.040039 0.118164
v 0.334961 -0.05957 0.133789
v 0.360352 -0.053711 0.125977
v 0.360352 -0.041992 0.133789
v 0.352539 -0.040039 0.118164
v 0.360352 -0.053711 0.125977
v 0.334961 -0.05957 0.133789
v 0.352539 -0.040039 0.118164
v 0.360352 -0.041992 0.133789
v 0.362305 -0.004883 0.114258
v 0.358398 -0.040039 0.135742
v 0.334961 -0.024414 0.12793
v 0.362305 -0.004883 0.114258
v 0.385742 -0.00293 0.137695
v 0.358398 -0.040039 0.135742
v 0.362305 -0.004883 0.114258
v 0.389648 -0.020508 0.118164
v 0.389648 -0.020508 0.118164
v 0.387695 -0.03418 0.12207
v 0.360352 -0.053711 0.125977
v 0.352539 -0.040039 0.118164
v 0.374023 -0.032227 0.106445
v 0.383789 -0.047852 0.112305
v 0.383789 -0.047852 0.112305
v 0.374023 -0.032227 0.106445
v 0.387695 -0.03418 0.12207
v 0.385742 -0.00293 0.137695
v 0.301758 -0.141602 0.06543
v 0.301758 -0.09668 0.102539
v 0.301758 -0.141602 0.06543
v 0.272461 -0.125977 0.116211
v 0.258789 -0.12793 0.06543
v 0.264648 -0.137695 0.047852
v 0.266602 -0.129883 0.043945
v 0.25293 -0.124023 0.05957
v 0.264648 -0.137695 0.047852
v 0.258789 -0.12793 0.06543
v 0.258789 -0.12793 0.06543
v 0.266602 -0.129883 0.043945
v 0.260742 -0.120117 0.057617
v 0.258789 -0.116211 0.084961
v 0.250977 -0.112305 0.079102
v 0.258789 -0.12793 0.06543
v 0.25293 -0.124023 0.05957
v 0.258789 -0.106445 0.073242
v 0.258789 -0.116211 0.084961
v 0.258789 -0.12793 0.06543
v 0.260742 -0.120117 0.057617
v 0.331055 -0.170898 0.081055
v 0.331055 -0.170898 0.081055
v 0.319336 -0.178711 0.116211
v 0.295898 -0.168945 0.112305
v 0.331055 -0.155273 0.024414
v 0.333008 -0.125977 0.020508
v 0.305664 -0.114258 0.05957
v 0.301758 -0.141602 0.06543
v 0.301758 -0.09668 0.102539
v 0.305664 -0.114258 0.05957
v 0.262695 -0.133789 0.043945
v 0.272461 -0.141602 0.02832
v 0.274414 -0.143555 0.032227
v 0.264648 -0.137695 0.047852
v 0.274414 -0.143555 0.032227
v 0.276367 -0.137695 0.030273
v 0.276367 -0.137695 0.030273
v 0.266602 -0.129883 0.043945
v 0.264648 -0.137695 0.047852
v 0.262695 -0.133789 0.043945
v 0.266602 -0.129883 0.043945
v 0.272461 -0.141602 0.02832
v 0.260742 -0.120117 0.057617
v 0.25293 -0.124023 0.05957
v 0.286133 -0.147461 0.016602
v 0.288086 -0.145508 0.016602
v 0.276367 -0.137695 0.030273
v 0.274414 -0.143555 0.032227
v 0.274414 -0.143555 0.032227
v 0.286133 -0.147461 0.016602
v 0.288086 -0.147461 0.016602
v 0.288086 -0.147461 0.016602
v 0.276367 -0.137695 0.030273
v 0.286133 -0.147461 0.016602
v 0.288086 -0.145508 0.016602
v 0.301758 -0.149414 0.00293
v 0.301758 -0.149414 0.00293
v 0.301758 -0.149414 0.00293
v 0.354492 -0.206055 0.09668
v 0.383789 -0.204102 0.110352
v 0.354492 -0.243164 0.100586
v 0.364258 -0.24707 0.071289
v 0.354492 -0.206055 0.09668
v 0.364258 -0.208008 0.057617
v 0.364258 -0.24707 0.071289
v 0.364258 -0.208008 0.057617
v 0.393555 -0.208008 0.071289
v 0.393555 -0.208008 0.071289
v 0.364258 -0.208008 0.057617
v 0.362305 -0.235352 0.051758
v 0.364258 -0.208008 0.057617
v 0.37793 -0.204102 0.030273
v 0.391602 -0.243164 0.06543
v 0.37793 -0.204102 0.030273
v 0.401367 -0.204102 0.036133
v 0.401367 -0.239258 0.030273
v 0.37793 -0.204102 0.030273
v 0.331055 -0.155273 0.024414
v 0.333008 -0.125977 0.020508
v 0.368164 -0.157227 0.010742
v 0.37793 -0.204102 0.030273
v 0.374023 -0.129883 0.014648
v 0.370117 -0.120117 0.000977
v 0.374023 -0.129883 0.014648
v 0.333008 -0.125977 0.020508
v 0.323242 -0.120117 0.008789
v 0.323242 -0.120117 0.008789
v 0.368164 -0.157227 0.010742
v 0.374023 -0.129883 0.014648
v 0.40332 -0.12793 0.045898
v 0.368164 -0.157227 0.010742
v 0.401367 -0.204102 0.036133
v 0.37793 -0.204102 0.030273
v 0.40332 -0.12793 0.045898
v 0.401367 -0.204102 0.036133
v 0.368164 -0.157227 0.010742
v 0.370117 -0.120117 0.000977
v 0.405273 -0.114258 0.040039
v 0.25293 -0.09668 0.098633
v 0.264648 -0.102539 0.102539
v 0.25293 -0.09668 0.098633
v 0.268555 -0.077148 0.106445
v 0.260742 -0.092773 0.088867
v 0.250977 -0.112305 0.079102
v 0.268555 -0.077148 0.106445
v 0.276367 -0.088867 0.120117
v 0.264648 -0.102539 0.102539
v 0.260742 -0.092773 0.088867
v 0.268555 -0.077148 0.106445
v 0.258789 -0.106445 0.073242
v 0.301758 -0.09668 0.102539
v 0.293945 -0.088867 0.102539
v 0.305664 -0.114258 0.05957
v 0.293945 -0.088867 0.102539
v 0.293945 -0.049805 0.09082
v 0.291992 -0.106445 0.051758
v 0.293945 -0.049805 0.09082
v 0.293945 -0.088867 0.102539
v 0.291992 -0.106445 0.051758
v 0.305664 -0.114258 0.05957
v 0.282227 -0.043945 0.077148
v 0.282227 -0.071289 0.038086
v 0.299805 0.004883 0.094727
v 0.299805 0.004883 0.094727
v 0.276367 -0.02832 0.057617
v 0.27832 -0.008789 0.05957
v 0.291992 -0.106445 0.051758
v 0.282227 -0.071289 0.038086
v 0.282227 -0.071289 0.038086
v 0.276367 -0.02832 0.057617
v 0.311523 -0.081055 -0.010742
v 0.27832 -0.008789 0.05957
v 0.256836 0.006836 0.057617
v 0.256836 0.006836 0.057617
v 0.295898 0.026367 0.084961
v 0.27832 0.010742 0.061523
v 0.27832 0.010742 0.061523
v 0.256836 0.006836 0.057617
v 0.27832 -0.008789 0.05957
v 0.301758 -0.057617 -0.03418
v 0.393555 -0.032227 0.073242
v 0.348633 0.032227 0.088867
v 0.348633 0.032227 0.088867
v 0.395508 -0.026367 0.088867
v 0.395508 -0.026367 0.088867
v 0.387695 0.016602 0.092773
v 0.387695 0.016602 0.092773
v 0.311523 -0.081055 -0.010742
v 0.370117 -0.120117 0.000977
v 0.323242 -0.120117 0.008789
v 0.40332 -0.045898 0.018555
v 0.368164 -0.071289 -0.020508
v 0.368164 -0.071289 -0.020508
v 0.383789 -0.204102 0.110352
v 0.387695 -0.206055 0.118164
v 0.387695 -0.245117 0.125977
v 0.397461 -0.194336 0.129883
v 0.397461 -0.194336 0.129883
v 0.397461 -0.180664 0.116211
v 0.385742 -0.098633 0.147461
v 0.375977 -0.098633 0.161133
v 0.37793 -0.108398 0.157227
v 0.37793 -0.108398 0.157227
v 0.383789 -0.116211 0.149414
v 0.387695 -0.104492 0.145508
v 0.385742 -0.098633 0.147461
v 0.37793 -0.09082 0.15918
v 0.387695 -0.092773 0.147461
v 0.387695 -0.092773 0.147461
v 0.381836 -0.084961 0.15332
v 0.37793 -0.09082 0.15918
v 0.391602 -0.108398 0.139648
v 0.387695 -0.104492 0.145508
v 0.383789 -0.116211 0.149414
v 0.391602 -0.12207 0.135742
v 0.397461 -0.112305 0.131836
v 0.401367 -0.124023 0.12207
v 0.40332 -0.112305 0.12207
v 0.393555 -0.100586 0.137695
v 0.399414 -0.106445 0.129883
v 0.405273 -0.09668 0.12207
v 0.397461 -0.084961 0.133789
v 0.389648 -0.092773 0.143555
v 0.393555 -0.100586 0.137695
v 0.405273 -0.09668 0.12207
v 0.399414 -0.106445 0.129883
v 0.405273 -0.106445 0.12207
v 0.405273 -0.106445 0.12207
v 0.381836 -0.084961 0.15332
v 0.387695 -0.092773 0.147461
v 0.389648 -0.083008 0.143555
v 0.389648 -0.083008 0.143555
v 0.397461 -0.084961 0.133789
v 0.389648 -0.083008 0.143555
v 0.389648 -0.092773 0.143555
v 0.40918 -0.084961 0.12793
v 0.405273 -0.081055 0.139648
v 0.405273 -0.092773 0.139648
v 0.40918 -0.092773 0.12793
v 0.415039 -0.116211 0.116211
v 0.407227 -0.071289 0.131836
v 0.415039 -0.110352 0.114258
v 0.411133 -0.079102 0.12207
v 0.411133 -0.06543 0.120117
v 0.416992 0.020508 0.112305
v 0.416992 0.020508 0.112305
v 0.405273 -0.198242 0.104492
v 0.397461 -0.180664 0.116211
v 0.40918 -0.200195 0.086914
v 0.405273 -0.198242 0.104492
v 0.389648 -0.208008 0.106445
v 0.397461 -0.211914 0.077148
v 0.405273 -0.198242 0.104492
v 0.40918 -0.200195 0.086914
v 0.397461 -0.180664 0.116211
v 0.399414 -0.211914 0.067383
v 0.393555 -0.208008 0.071289
v 0.391602 -0.243164 0.06543
v 0.399414 -0.211914 0.067383
v 0.397461 -0.211914 0.077148
v 0.393555 -0.208008 0.071289
v 0.40918 -0.200195 0.086914
v 0.415039 -0.202148 0.06543
v 0.413086 -0.188477 0.053711
v 0.393555 -0.208008 0.071289
v 0.415039 -0.202148 0.06543
v 0.413086 -0.188477 0.053711
v 0.416992 -0.204102 0.053711
v 0.415039 -0.202148 0.06543
v 0.399414 -0.211914 0.067383
v 0.407227 -0.209961 0.040039
v 0.407227 -0.209961 0.040039
v 0.416992 -0.204102 0.053711
v 0.399414 -0.211914 0.067383
v 0.413086 -0.188477 0.053711
v 0.415039 -0.202148 0.06543
v 0.416992 -0.204102 0.053711
v 0.413086 -0.188477 0.053711
v 0.40332 -0.12793 0.045898
v 0.397461 -0.180664 0.116211
v 0.389648 -0.135742 0.106445
v 0.40332 -0.12793 0.045898
v 0.393555 -0.118164 0.104492
v 0.407227 -0.209961 0.040039
v 0.401367 -0.239258 0.030273
v 0.401367 -0.204102 0.036133
v 0.416992 -0.204102 0.053711
v 0.405273 -0.114258 0.040039
v 0.40918 -0.12207 0.112305
v 0.40918 -0.104492 0.116211
v 0.40332 -0.112305 0.12207
v 0.40918 -0.12207 0.112305
v 0.411133 -0.110352 0.108398
v 0.405273 -0.09668 0.12207
v 0.413086 -0.09668 0.110352
v 0.405273 -0.09668 0.12207
v 0.413086 -0.09668 0.110352
v 0.411133 -0.09082 0.112305
v 0.393555 -0.032227 0.073242
v 0.413086 -0.116211 0.104492
v 0.411133 -0.110352 0.108398
v 0.420898 -0.112305 0.098633
v 0.415039 -0.110352 0.114258
v 0.415039 -0.116211 0.116211
v 0.422852 -0.120117 0.09668
v 0.415039 -0.09668 0.106445
v 0.415039 -0.106445 0.106445
v 0.416992 -0.110352 0.100586
v 0.418945 -0.104492 0.098633
v 0.426758 -0.110352 0.083008
v 0.418945 -0.104492 0.098633
v 0.415039 -0.102539 0.104492
v 0.415039 -0.106445 0.106445
v 0.418945 -0.104492 0.098633
v 0.416992 -0.098633 0.104492
v 0.415039 -0.102539 0.104492
v 0.415039 -0.09668 0.106445
v 0.416992 -0.098633 0.104492
v 0.418945 -0.09668 0.098633
v 0.415039 -0.09668 0.106445
v 0.418945 -0.09668 0.098633
v 0.416992 -0.09082 0.104492
v 0.411133 -0.09082 0.112305
v 0.416992 -0.098633 0.104492
v 0.418945 -0.104492 0.098633
v 0.418945 -0.09668 0.098633
v 0.430664 -0.118164 0.075195
v 0.415039 -0.077148 0.112305
v 0.411133 -0.06543 0.120117
v 0.411133 -0.079102 0.12207
v 0.411133 -0.06543 0.120117
v 0.415039 -0.077148 0.112305
v 0.416992 -0.063477 0.102539
v 0.415039 -0.077148 0.112305
v 0.418945 -0.077148 0.102539
v 0.416992 -0.063477 0.102539
v 0.424805 -0.067383 0.083008
v 0.418945 -0.077148 0.102539
v 0.422852 -0.079102 0.088867
v 0.424805 -0.067383 0.083008
v 0.430664 -0.104492 0.073242
v 0.43457 -0.110352 0.05957
v 0.430664 -0.104492 0.073242
v 0.430664 -0.118164 0.075195
v 0.430664 -0.098633 0.069336
v 0.436523 -0.086914 0.053711
v 0.430664 -0.09082 0.071289
v 0.436523 -0.100586 0.051758
v 0.426758 -0.084961 0.077148
v 0.424805 -0.067383 0.083008
v 0.426758 -0.084961 0.077148
v 0.432617 -0.075195 0.06543
v 0.426758 -0.084961 0.077148
v 0.430664 -0.09082 0.071289
v 0.432617 -0.075195 0.06543
v 0.432617 -0.075195 0.06543
v 0.411133 -0.02832 0.104492
v 0.405273 -0.040039 0.094727
v 0.405273 -0.040039 0.094727
v 0.411133 -0.02832 0.104492
v 0.413086 -0.018555 0.069336
v 0.430664 -0.020508 0.081055
v 0.424805 -0.03418 0.071289
v 0.424805 -0.03418 0.071289
v 0.389648 -0.020508 0.118164
v 0.387695 0.016602 0.092773
v 0.416992 0.000977 0.09082
v 0.416992 0.000977 0.09082
v 0.40332 -0.045898 0.018555
v 0.387695 0.041992 0.043945
v 0.387695 0.041992 0.043945
v 0.348633 0.032227 0.088867
v 0.393555 -0.032227 0.073242
v 0.413086 -0.018555 0.069336
v 0.430664 -0.020508 0.081055
v 0.426758 -0.010742 0.045898
v 0.446289 -0.012695 0.055664
v 0.44043 -0.026367 0.045898
v 0.44043 -0.026367 0.045898
v 0.446289 -0.012695 0.055664
v 0.426758 -0.010742 0.045898
v 0.395508 0.020508 -0.006836
v 0.366211 -0.022461 -0.040039
v 0.366211 -0.022461 -0.040039
v 0.456055 -0.00293 0.02832
v 0.438477 -0.000977 0.020508
v 0.438477 -0.000977 0.020508
v 0.456055 -0.00293 0.02832
v 0.450195 -0.016602 0.018555
v 0.450195 -0.016602 0.018555
v 0.444336 0.008789 -0.004883
v 0.461914 0.008789 0.000977
v 0.456055 -0.004883 -0.010742
v 0.456055 -0.004883 -0.010742
v 0.461914 0.008789 0.000977
v 0.444336 0.008789 -0.004883
v 0.069336 0.084961 0.182617
v 0.069336 0.084961 0.182617
v 0.045898 0.047852 0.174805
v 0.036133 0.03418 0.166992
v 0.063477 0.061523 0.157227
v 0.055664 0.077148 0.170898
v 0.055664 0.077148 0.170898
v 0.05957 0.036133 0.147461
v 0.083008 0.014648 0.145508
v 0.079102 0.014648 0.141602
v 0.057617 0.008789 0.151367
v 0.057617 0.008789 0.151367
v 0.079102 0.014648 0.141602
v 0.083008 0.010742 0.143555
v 0.083008 0.010742 0.143555
v 0.083008 0.014648 0.145508
v 0.057617 0.008789 0.151367
v 0.069336 0.047852 0.141602
v 0.055664 0.077148 0.170898
v 0.063477 0.061523 0.157227
v 0.084961 0.069336 0.168945
v 0.069336 0.047852 0.141602
v 0.092773 0.055664 0.15332
v 0.102539 0.020508 0.12793
v 0.102539 0.020508 0.12793
v 0.110352 0.018555 0.135742
v 0.110352 0.018555 0.135742
v 0.108398 0.014648 0.129883
v 0.083008 0.010742 0.143555
v 0.108398 0.014648 0.129883
v 0.110352 0.018555 0.135742
v 0.092773 0.045898 0.106445
v 0.092773 0.055664 0.15332
v 0.069336 0.047852 0.141602
v 0.092773 0.045898 0.106445
v 0.124023 0.092773 0.137695
v 0.084961 0.069336 0.168945
v 0.092773 0.055664 0.15332
v 0.114258 0.055664 0.120117
v 0.114258 0.055664 0.120117
v 0.124023 0.02832 0.112305
v 0.135742 0.024414 0.120117
v 0.131836 0.018555 0.112305
v 0.131836 0.018555 0.112305
v 0.124023 0.02832 0.112305
v 0.135742 0.024414 0.120117
v 0.084961 0.069336 0.168945
v 0.102539 0.114258 0.170898
v 0.102539 0.114258 0.170898
v 0.145508 0.141602 0.139648
v 0.104492 0.135742 0.198242
v 0.102539 0.114258 0.170898
v 0.104492 0.135742 0.198242
v 0.12793 0.073242 0.094727
v 0.149414 0.114258 0.092773
v 0.053711 0.19043 0.200195
v 0.006836 0.186523 0.204102
v 0.008789 0.15332 0.213867
v 0.051758 0.143555 0.211914
v 0.053711 0.19043 0.200195
v 0.104492 0.135742 0.198242
v 0.081055 0.245117 0.166992
v 0.110352 0.200195 0.182617
v 0.081055 0.245117 0.166992
v 0.145508 0.165039 0.170898
v 0.145508 0.165039 0.170898
v 0.12793 0.272461 0.116211
v 0.143555 0.22168 0.15332
v 0.081055 0.245117 0.166992
v 0.143555 0.22168 0.15332
v 0.12793 0.272461 0.116211
v 0.053711 0.270508 0.137695
v 0.020508 0.256836 0.151367
v 0.06543 0.249023 0.149414
v 0.086914 0.291992 0.114258
v 0.12793 0.272461 0.116211
v 0.086914 0.291992 0.114258
v 0.06543 0.249023 0.149414
v 0.104492 0.006836 0.061523
v 0.092773 0.045898 0.106445
v 0.092773 0.00293 0.098633
v 0.110352 0.071289 0.075195
v 0.114258 0.055664 0.120117
v 0.092773 0.045898 0.106445
v 0.108398 0.061523 0.057617
v 0.110352 0.071289 0.075195
v 0.092773 0.045898 0.106445
v 0.108398 0.061523 0.057617
v 0.149414 0.024414 0.09082
v 0.145508 0.036133 0.092773
v 0.145508 0.036133 0.092773
v 0.149414 0.024414 0.09082
v 0.124023 0.02832 0.112305
v 0.12793 0.073242 0.094727
v 0.139648 0.094727 0.053711
v 0.137695 0.116211 0.073242
v 0.137695 0.116211 0.073242
v 0.098633 0.006836 0.022461
v 0.100586 0.049805 0.014648
v 0.098633 0.006836 0.022461
v 0.108398 0.000977 0.016602
v 0.098633 0.006836 0.022461
v 0.116211 0.00293 0.061523
v 0.100586 0.049805 0.014648
v 0.141602 0.083008 0.016602
v 0.075195 0.000977 -0.008789
v 0.077148 0.043945 -0.012695
v 0.100586 0.049805 0.014648
v 0.098633 0.006836 0.022461
v 0.098633 0.006836 0.022461
v 0.075195 0.000977 -0.008789
v 0.077148 0.043945 -0.012695
v 0.083008 -0.004883 -0.016602
v 0.143555 0.092773 -0.026367
v 0.100586 0.049805 0.014648
v 0.077148 0.043945 -0.012695
v 0.102539 0.063477 -0.03418
v 0.100586 0.049805 0.014648
v 0.102539 0.063477 -0.03418
v 0.143555 0.092773 -0.026367
v 0.165039 0.186523 0.149414
v 0.165039 0.186523 0.149414
v 0.168945 0.188477 0.124023
v 0.145508 0.141602 0.139648
v 0.149414 0.114258 0.092773
v 0.15918 0.157227 0.083008
v 0.15918 0.157227 0.083008
v 0.165039 0.170898 0.108398
v 0.149414 0.22168 0.139648
v 0.165039 0.186523 0.149414
v 0.168945 0.188477 0.124023
v 0.168945 0.188477 0.124023
v 0.157227 0.231445 0.151367
v 0.149414 0.22168 0.139648
v 0.149414 0.22168 0.139648
v 0.157227 0.231445 0.151367
v 0.145508 0.274414 0.131836
v 0.12793 0.272461 0.116211
v 0.157227 0.231445 0.151367
v 0.19043 0.186523 0.141602
v 0.229492 0.225586 0.145508
v 0.19043 0.186523 0.141602
v 0.194336 0.268555 0.141602
v 0.194336 0.268555 0.141602
v 0.145508 0.274414 0.131836
v 0.157227 0.231445 0.151367
v 0.245117 0.176758 0.110352
v 0.18457 0.176758 0.114258
v 0.19043 0.186523 0.141602
v 0.18457 0.176758 0.114258
v 0.229492 0.166992 0.100586
v 0.19043 0.186523 0.141602
v 0.229492 0.166992 0.100586
v 0.245117 0.176758 0.110352
v 0.266602 0.206055 0.114258
v 0.241211 0.276367 0.120117
v 0.256836 0.250977 0.12207
v 0.15918 0.030273 0.098633
v 0.131836 0.018555 0.112305
v 0.149414 0.024414 0.09082
v 0.15918 0.030273 0.098633
v 0.15918 0.030273 0.098633
v 0.149414 0.024414 0.09082
v 0.145508 0.036133 0.092773
v 0.161133 0.030273 0.06543
v 0.174805 0.036133 0.071289
v 0.161133 0.030273 0.06543
v 0.15918 0.043945 0.067383
v 0.15918 0.043945 0.067383
v 0.174805 0.036133 0.071289
v 0.15918 0.043945 0.067383
v 0.15918 0.030273 0.098633
v 0.161133 0.030273 0.06543
v 0.15918 0.043945 0.067383
v 0.165039 0.036133 0.036133
v 0.182617 0.041992 0.038086
v 0.165039 0.036133 0.036133
v 0.15918 0.043945 0.067383
v 0.174805 0.036133 0.071289
v 0.168945 0.049805 0.040039
v 0.168945 0.049805 0.040039
v 0.165039 0.036133 0.036133
v 0.15918 0.043945 0.067383
v 0.182617 0.041992 0.038086
v 0.168945 0.049805 0.040039
v 0.174805 0.036133 0.071289
v 0.149414 0.114258 0.092773
v 0.15918 0.157227 0.083008
v 0.165039 0.137695 0.061523
v 0.15918 0.157227 0.083008
v 0.165039 0.036133 0.036133
v 0.168945 0.049805 0.040039
v 0.163086 0.041992 0.008789
v 0.182617 0.047852 0.004883
v 0.163086 0.041992 0.008789
v 0.170898 0.055664 0.010742
v 0.170898 0.055664 0.010742
v 0.163086 0.041992 0.008789
v 0.168945 0.049805 0.040039
v 0.182617 0.047852 0.004883
v 0.163086 0.041992 0.008789
v 0.170898 0.055664 0.010742
v 0.155273 0.047852 -0.018555
v 0.174805 0.051758 -0.026367
v 0.155273 0.047852 -0.018555
v 0.165039 0.061523 -0.018555
v 0.165039 0.061523 -0.018555
v 0.174805 0.051758 -0.026367
v 0.170898 0.124023 0.016602
v 0.165039 0.137695 0.061523
v 0.170898 0.124023 0.016602
v 0.182617 0.100586 0.043945
v 0.209961 0.083008 -0.026367
v 0.231445 0.063477 0.06543
v 0.202148 0.108398 0.086914
v 0.182617 0.100586 0.043945
v 0.165039 0.137695 0.061523
v 0.208008 0.069336 0.030273
v 0.208008 0.069336 0.030273
v 0.172852 0.131836 -0.022461
v 0.172852 0.131836 -0.022461
v 0.24707 0.12207 0.098633
v 0.18457 0.157227 0.094727
v 0.268555 0.077148 0.079102
v 0.15918 0.157227 0.083008
v 0.229492 0.166992 0.100586
v 0.18457 0.157227 0.094727
v 0.24707 0.12207 0.098633
v 0.27832 0.129883 0.077148
v 0.268555 0.077148 0.079102
v 0.231445 0.063477 0.06543
v 0.208008 0.069336 0.030273
v 0.258789 0.047852 0.040039
v 0.282227 0.049805 0.049805
v 0.258789 0.047852 0.040039
v 0.241211 0.032227 0.040039
v 0.225586 0.040039 0.006836
v 0.241211 0.055664 0.008789
v 0.225586 0.040039 0.006836
v 0.241211 0.032227 0.040039
v 0.258789 0.047852 0.040039
v 0.256836 0.006836 0.057617
v 0.235352 0.010742 -0.038086
v 0.235352 0.010742 -0.038086
v 0.225586 0.040039 0.006836
v 0.241211 0.055664 0.008789
v 0.243164 0.057617 -0.02832
v 0.233398 0.040039 -0.038086
v 0.233398 0.040039 -0.038086
v 0.241211 0.055664 0.008789
v 0.243164 0.057617 -0.02832
v 0.243164 0.057617 -0.02832
v 0.165039 0.170898 0.108398
v 0.229492 0.166992 0.100586
v 0.280273 0.15332 0.057617
v 0.245117 0.176758 0.110352
v 0.229492 0.166992 0.100586
v 0.229492 0.166992 0.100586
v 0.27832 0.129883 0.077148
v 0.280273 0.15332 0.057617
v 0.288086 0.163086 0.063477
v 0.293945 0.196289 0.069336
v 0.266602 0.206055 0.114258
v 0.014648 0.293945 0.219727
v 0.020508 0.31543 0.21582
v 0.014648 0.293945 0.219727
v 0.022461 0.286133 0.21582
v 0.022461 0.286133 0.21582
v 0.030273 0.311523 0.204102
v 0.024414 0.272461 0.208008
v 0.024414 0.272461 0.208008
v 0.036133 0.28418 0.18457
v 0.022461 0.286133 0.21582
v 0.024414 0.272461 0.208008
v 0.036133 0.307617 0.186523
v 0.030273 0.311523 0.204102
v 0.016602 0.317383 0.204102
v 0.020508 0.31543 0.21582
v 0.030273 0.311523 0.204102
v 0.026367 0.313477 0.196289
v 0.036133 0.307617 0.186523
v 0.026367 0.313477 0.196289
v 0.030273 0.311523 0.204102
v 0.02832 0.31543 0.196289
v 0.026367 0.313477 0.196289
v 0.030273 0.311523 0.188477
v 0.030273 0.311523 0.188477
v 0.032227 0.333008 0.186523
v 0.02832 0.31543 0.196289
v 0.030273 0.311523 0.188477
v 0.030273 0.311523 0.188477
v 0.036133 0.307617 0.186523
v 0.032227 0.333008 0.186523
v 0.010742 0.364258 0.213867
v 0.010742 0.370117 0.219727
v 0.000977 0.368164 0.219727
v 0.010742 0.370117 0.219727
v 0.000977 0.381836 0.217773
v 0.010742 0.370117 0.219727
v 0.010742 0.364258 0.213867
v 0.014648 0.366211 0.211914
v 0.016602 0.37207 0.217773
v 0.016602 0.37207 0.217773
v 0.018555 0.37793 0.217773
v 0.010742 0.387695 0.217773
v 0.018555 0.321289 0.206055
v 0.006836 0.319336 0.208008
v 0.016602 0.317383 0.204102
v 0.020508 0.338867 0.202148
v 0.018555 0.354492 0.200195
v 0.000977 0.362305 0.211914
v 0.000977 0.344727 0.21582
v 0.006836 0.34082 0.206055
v 0.006836 0.358398 0.202148
v 0.006836 0.358398 0.202148
v 0.018555 0.321289 0.206055
v 0.016602 0.317383 0.204102
v 0.02832 0.31543 0.196289
v 0.032227 0.333008 0.186523
v 0.020508 0.338867 0.202148
v 0.02832 0.31543 0.196289
v 0.032227 0.348633 0.196289
v 0.032227 0.333008 0.186523
v 0.032227 0.348633 0.196289
v 0.020508 0.338867 0.202148
v 0.008789 0.362305 0.204102
v 0.010742 0.364258 0.213867
v 0.000977 0.362305 0.211914
v 0.006836 0.358398 0.202148
v 0.008789 0.362305 0.204102
v 0.000977 0.362305 0.211914
v 0.014648 0.366211 0.211914
v 0.018555 0.366211 0.202148
v 0.018555 0.374023 0.213867
v 0.016602 0.37207 0.208008
v 0.018555 0.374023 0.213867
v 0.014648 0.366211 0.211914
v 0.018555 0.366211 0.202148
v 0.016602 0.37207 0.208008
v 0.014648 0.366211 0.211914
v 0.018555 0.366211 0.202148
v 0.018555 0.366211 0.202148
v 0.018555 0.37793 0.217773
v 0.016602 0.37207 0.208008
v 0.022461 0.368164 0.211914
v 0.018555 0.374023 0.213867
v 0.024414 0.375977 0.21582
v 0.018555 0.37793 0.217773
v 0.018555 0.366211 0.202148
v 0.022461 0.368164 0.211914
v 0.018555 0.366211 0.202148
v 0.02832 0.368164 0.198242
v 0.022461 0.368164 0.211914
v 0.02832 0.368164 0.198242
v 0.032227 0.37207 0.206055
v 0.024414 0.375977 0.21582
v 0.030273 0.360352 0.196289
v 0.02832 0.368164 0.198242
v 0.038086 0.366211 0.194336
v 0.043945 0.356445 0.194336
v 0.038086 0.366211 0.194336
v 0.032227 0.37207 0.206055
v 0.02832 0.368164 0.198242
v 0.043945 0.356445 0.194336
v 0.038086 0.342773 0.188477
v 0.047852 0.352539 0.186523
v 0.040039 0.344727 0.165039
v 0.038086 0.366211 0.194336
v 0.043945 0.375977 0.198242
v 0.038086 0.381836 0.211914
v 0.043945 0.375977 0.198242
v 0.038086 0.366211 0.194336
v 0.043945 0.356445 0.194336
v 0.043945 0.375977 0.198242
v 0.053711 0.270508 0.137695
v 0.049805 0.295898 0.155273
v 0.043945 0.313477 0.133789
v 0.043945 0.313477 0.133789
v 0.049805 0.295898 0.155273
v 0.030273 0.293945 0.143555
v 0.049805 0.295898 0.155273
v 0.036133 0.307617 0.186523
v 0.049805 0.295898 0.155273
v 0.051758 0.31543 0.143555
v 0.040039 0.344727 0.165039
v 0.032227 0.333008 0.186523
v 0.05957 0.311523 0.112305
v 0.043945 0.313477 0.133789
v 0.053711 0.270508 0.137695
v 0.086914 0.291992 0.114258
v 0.05957 0.311523 0.112305
v 0.053711 0.270508 0.137695
v 0.051758 0.31543 0.143555
v 0.049805 0.360352 0.166992
v 0.047852 0.352539 0.186523
v 0.040039 0.344727 0.165039
v 0.045898 0.348633 0.145508
v 0.049805 0.360352 0.166992
v 0.040039 0.344727 0.165039
v 0.045898 0.348633 0.145508
v 0.045898 0.375977 0.170898
v 0.043945 0.375977 0.198242
v 0.045898 0.348633 0.145508
v 0.051758 0.368164 0.139648
v 0.043945 0.348633 0.139648
v 0.051758 0.31543 0.143555
v 0.043945 0.313477 0.133789
v 0.051758 0.368164 0.139648
v 0.043945 0.348633 0.139648
v 0.043945 0.313477 0.133789
v 0.053711 0.352539 0.098633
v 0.051758 0.368164 0.139648
v 0.043945 0.313477 0.133789
v 0.053711 0.352539 0.098633
v 0.053711 0.381836 0.141602
v 0.05957 0.385742 0.104492
v 0.051758 0.37207 0.102539
v 0.051758 0.368164 0.139648
v 0.051758 0.37207 0.102539
v 0.05957 0.385742 0.104492
v 0.104492 0.274414 0.135742
v 0.124023 0.295898 0.12793
v 0.12793 0.291992 0.129883
v 0.125977 0.293945 0.129883
v 0.124023 0.295898 0.12793
v 0.104492 0.274414 0.135742
v 0.104492 0.274414 0.135742
v 0.12793 0.291992 0.129883
v 0.125977 0.293945 0.129883
v 0.147461 0.305664 0.12207
v 0.145508 0.311523 0.124023
v 0.141602 0.313477 0.118164
v 0.141602 0.313477 0.118164
v 0.010742 0.387695 0.217773
v 0.020508 0.399414 0.209961
v 0.024414 0.393555 0.21582
v 0.024414 0.393555 0.21582
v 0.024414 0.375977 0.21582
v 0.038086 0.381836 0.211914
v 0.020508 0.399414 0.209961
v 0.024414 0.393555 0.21582
v 0.036133 0.395508 0.209961
v 0.036133 0.401367 0.200195
v 0.036133 0.401367 0.200195
v 0.036133 0.395508 0.209961
v 0.036133 0.401367 0.200195
v 0.03418 0.424805 0.186523
v 0.043945 0.375977 0.198242
v 0.036133 0.395508 0.209961
v 0.038086 0.381836 0.211914
v 0.036133 0.401367 0.200195
v 0.043945 0.387695 0.172852
v 0.036133 0.401367 0.200195
v 0.041992 0.40918 0.176758
v 0.041992 0.40918 0.176758
v 0.043945 0.387695 0.172852
v 0.045898 0.375977 0.170898
v 0.061523 0.397461 0.147461
v 0.055664 0.40918 0.149414
v 0.041992 0.40918 0.176758
v 0.043945 0.387695 0.172852
v 0.055664 0.40918 0.149414
v 0.045898 0.375977 0.170898
v 0.053711 0.381836 0.141602
v 0.061523 0.397461 0.147461
v 0.045898 0.436523 0.157227
v 0.057617 0.426758 0.155273
v 0.057617 0.426758 0.155273
v 0.040039 0.446289 0.15918
v 0.049805 0.448242 0.129883
v 0.077148 0.399414 0.120117
v 0.05957 0.385742 0.104492
v 0.067383 0.418945 0.120117
v 0.077148 0.399414 0.120117
v 0.067383 0.418945 0.120117
v 0.075195 0.436523 0.124023
v 0.075195 0.436523 0.124023
v 0.024414 0.461914 0.163086
v 0.043945 0.459961 0.129883
v 0.024414 0.475586 0.12793
v 0.047852 0.461914 0.100586
v 0.022461 0.479492 0.088867
v 0.053711 0.452148 0.102539
v 0.063477 0.34082 0.084961
v 0.086914 0.291992 0.114258
v 0.100586 0.321289 0.086914
v 0.040039 0.374023 0.069336
v 0.047852 0.360352 0.053711
v 0.040039 0.374023 0.069336
v 0.05957 0.385742 0.104492
v 0.047852 0.360352 0.053711
v 0.040039 0.374023 0.069336
v 0.040039 0.374023 0.069336
v 0.061523 0.391602 0.022461
v 0.063477 0.391602 0.055664
v 0.05957 0.385742 0.104492
v 0.040039 0.374023 0.069336
v 0.061523 0.391602 0.022461
v 0.069336 0.356445 0.018555
v 0.047852 0.360352 0.053711
v 0.02832 0.354492 0.00293
v 0.069336 0.356445 0.018555
v 0.098633 0.333008 -0.026367
v 0.02832 0.331055 -0.038086
v 0.063477 0.34082 0.084961
v 0.09668 0.344727 0.051758
v 0.12793 0.272461 0.116211
v 0.09668 0.344727 0.051758
v 0.135742 0.305664 0.084961
v 0.141602 0.323242 0.026367
v 0.141602 0.323242 0.026367
v 0.141602 0.323242 0.026367
v 0.102539 0.379883 0.03418
v 0.110352 0.368164 0.041992
v 0.09668 0.368164 0.057617
v 0.09668 0.368164 0.057617
v 0.110352 0.368164 0.041992
v 0.118164 0.37793 0.049805
v 0.106445 0.379883 0.067383
v 0.079102 0.375977 0.077148
v 0.079102 0.375977 0.077148
v 0.084961 0.383789 0.043945
v 0.125977 0.375977 0.02832
v 0.125977 0.375977 0.02832
v 0.092773 0.391602 0.09082
v 0.063477 0.391602 0.055664
v 0.05957 0.385742 0.104492
v 0.041992 0.473633 0.061523
v 0.041992 0.473633 0.061523
v 0.061523 0.458008 0.077148
v 0.063477 0.448242 0.079102
v 0.09082 0.432617 0.092773
v 0.05957 0.47168 0.049805
v 0.073242 0.458008 0.061523
v 0.067383 0.446289 0.063477
v 0.061523 0.458008 0.077148
v 0.067383 0.446289 0.063477
v 0.073242 0.458008 0.061523
v 0.032227 0.401367 -0.004883
v 0.077148 0.40332 0.069336
v 0.092773 0.420898 0.043945
v 0.088867 0.422852 0.008789
v 0.069336 0.401367 -0.014648
v 0.069336 0.401367 -0.014648
v 0.047852 0.469727 0.036133
v 0.049805 0.454102 0.038086
v 0.026367 0.469727 0.045898
v 0.047852 0.469727 0.036133
v 0.016602 0.450195 0.014648
v 0.049805 0.454102 0.038086
v 0.030273 0.454102 -0.006836
v 0.06543 0.473633 0.030273
v 0.077148 0.463867 0.03418
v 0.06543 0.448242 0.047852
v 0.049805 0.454102 0.038086
v 0.06543 0.448242 0.047852
v 0.063477 0.444336 0.006836
v 0.077148 0.463867 0.03418
v 0.05957 0.47168 0.049805
v 0.06543 0.473633 0.030273
v 0.084961 0.46582 0.047852
v 0.073242 0.475586 0.040039
v 0.073242 0.475586 0.040039
v 0.077148 0.413086 0.09082
v 0.092773 0.391602 0.09082
v 0.077148 0.413086 0.09082
v 0.09082 0.432617 0.092773
v 0.077148 0.413086 0.09082
v 0.092773 0.391602 0.09082
v 0.077148 0.40332 0.069336
v 0.077148 0.40332 0.069336
v 0.092773 0.391602 0.09082
v 0.09668 0.391602 0.055664
v 0.094727 0.424805 0.069336
v 0.084961 0.383789 0.043945
v 0.063477 0.391602 0.055664
v 0.077148 0.40332 0.069336
v 0.09668 0.391602 0.055664
v 0.106445 0.379883 0.067383
v 0.09082 0.432617 0.092773
v 0.094727 0.424805 0.069336
v 0.067383 0.446289 0.063477
v 0.118164 0.37793 0.049805
v 0.092773 0.420898 0.043945
v 0.067383 0.446289 0.063477
v 0.092773 0.420898 0.043945
v 0.06543 0.448242 0.047852
v 0.067383 0.446289 0.063477
v 0.084961 0.46582 0.047852
v 0.084961 0.46582 0.047852
v 0.102539 0.379883 0.03418
v 0.088867 0.422852 0.008789
v 0.063477 0.444336 0.006836
v 0.09082 0.43457 -0.024414
v 0.09082 0.43457 -0.024414
v 0.110352 0.385742 0.041992
v 0.110352 0.385742 0.041992
v 0.102539 0.379883 0.03418
v 0.110352 0.385742 0.041992
v 0.120117 0.383789 0.024414
v 0.120117 0.383789 0.024414
v 0.129883 0.381836 0.03418
v 0.129883 0.381836 0.03418
v 0.124023 0.387695 0.030273
v 0.124023 0.387695 0.030273
v 0.143555 0.393555 0.016602
v 0.143555 0.393555 0.016602
v 0.125977 0.375977 0.02832
v 0.120117 0.383789 0.024414
v 0.143555 0.393555 0.016602
v 0.092773 0.477539 0.036133
v 0.088867 0.475586 0.02832
v 0.092773 0.477539 0.036133
v 0.077148 0.463867 0.03418
v 0.079102 0.481445 0.026367
v 0.088867 0.475586 0.02832
v 0.092773 0.477539 0.036133
v 0.073242 0.475586 0.040039
v 0.084961 0.46582 0.047852
v 0.084961 0.481445 0.032227
v 0.084961 0.481445 0.032227
v 0.079102 0.481445 0.026367
v 0.094727 0.489258 0.02832
v 0.079102 0.481445 0.026367
v 0.092773 0.477539 0.036133
v 0.088867 0.475586 0.02832
v 0.094727 0.489258 0.02832
v 0.067383 0.452148 -0.032227
v 0.067383 0.452148 -0.032227
v 0.094727 0.489258 0.02832
v 0.19043 0.307617 0.100586
v 0.135742 0.305664 0.084961
v 0.12793 0.272461 0.116211
v 0.15332 0.30957 0.094727
v 0.145508 0.311523 0.124023
v 0.147461 0.305664 0.12207
v 0.241211 0.276367 0.120117
v 0.166992 0.317383 0.114258
v 0.147461 0.305664 0.12207
v 0.141602 0.313477 0.118164
v 0.166992 0.317383 0.114258
v 0.163086 0.327148 0.116211
v 0.163086 0.327148 0.116211
v 0.163086 0.327148 0.040039
v 0.135742 0.305664 0.084961
v 0.15332 0.30957 0.094727
v 0.19043 0.307617 0.100586
v 0.141602 0.323242 0.026367
v 0.157227 0.329102 0.106445
v 0.157227 0.329102 0.106445
v 0.166992 0.317383 0.114258
v 0.141602 0.313477 0.118164
v 0.186523 0.327148 0.104492
v 0.182617 0.338867 0.104492
v 0.157227 0.329102 0.106445
v 0.163086 0.327148 0.116211
v 0.182617 0.338867 0.104492
v 0.186523 0.327148 0.104492
v 0.174805 0.344727 0.094727
v 0.157227 0.329102 0.106445
v 0.182617 0.338867 0.104492
v 0.174805 0.344727 0.094727
v 0.206055 0.333008 0.094727
v 0.186523 0.327148 0.104492
v 0.174805 0.344727 0.094727
v 0.206055 0.333008 0.094727
v 0.192383 0.354492 0.081055
v 0.174805 0.344727 0.094727
v 0.182617 0.338867 0.104492
v 0.202148 0.348633 0.092773
v 0.202148 0.348633 0.092773
v 0.192383 0.354492 0.081055
v 0.166992 0.317383 -0.026367
v 0.145508 0.30957 -0.022461
v 0.166992 0.317383 -0.026367
v 0.145508 0.30957 -0.022461
v 0.141602 0.323242 0.026367
v 0.198242 0.323242 0.049805
v 0.21582 0.319336 0.000977
v 0.19043 0.307617 0.100586
v 0.241211 0.276367 0.120117
v 0.235352 0.297852 0.09668
v 0.235352 0.297852 0.09668
v 0.249023 0.270508 0.102539
v 0.260742 0.254883 0.104492
v 0.256836 0.250977 0.12207
v 0.245117 0.28418 0.086914
v 0.249023 0.270508 0.102539
v 0.24707 0.258789 0.088867
v 0.245117 0.28418 0.086914
v 0.254883 0.249023 0.088867
v 0.24707 0.258789 0.088867
v 0.249023 0.270508 0.102539
v 0.260742 0.254883 0.104492
v 0.237305 0.30957 0.061523
v 0.237305 0.30957 0.061523
v 0.243164 0.268555 0.079102
v 0.268555 0.239258 0.067383
v 0.243164 0.268555 0.079102
v 0.24707 0.258789 0.088867
v 0.254883 0.249023 0.088867
v 0.262695 0.241211 0.081055
v 0.24707 0.291992 0.063477
v 0.245117 0.274414 0.061523
v 0.245117 0.274414 0.061523
v 0.24707 0.291992 0.063477
v 0.24707 0.291992 0.063477
v 0.245117 0.274414 0.061523
v 0.254883 0.290039 0.041992
v 0.250977 0.305664 0.030273
v 0.254883 0.290039 0.041992
v 0.223633 0.336914 0.083008
v 0.22168 0.354492 0.081055
v 0.223633 0.336914 0.083008
v 0.22168 0.354492 0.081055
v 0.211914 0.360352 0.06543
v 0.211914 0.360352 0.06543
v 0.241211 0.336914 0.069336
v 0.229492 0.362305 0.051758
v 0.239258 0.356445 0.067383
v 0.229492 0.362305 0.051758
v 0.241211 0.336914 0.069336
v 0.239258 0.356445 0.067383
v 0.256836 0.354492 0.053711
v 0.245117 0.360352 0.038086
v 0.258789 0.334961 0.055664
v 0.258789 0.334961 0.055664
v 0.245117 0.360352 0.038086
v 0.256836 0.354492 0.053711
v 0.270508 0.245117 0.051758
v 0.250977 0.274414 0.045898
v 0.250977 0.274414 0.045898
v 0.250977 0.305664 0.030273
v 0.21582 0.319336 0.000977
v 0.250977 0.305664 0.030273
v 0.266602 0.288086 0.012695
v 0.249023 0.288086 -0.020508
v 0.213867 0.282227 -0.053711
v 0.166992 0.317383 -0.026367
v 0.274414 0.333008 0.041992
v 0.262695 0.358398 0.026367
v 0.262695 0.358398 0.026367
v 0.143555 0.393555 0.016602
v 0.342773 0.043945 0.073242
v 0.295898 0.026367 0.084961
v 0.305664 0.071289 0.069336
v 0.282227 0.049805 0.049805
v 0.336914 0.05957 0.075195
v 0.305664 0.071289 0.069336
v 0.295898 0.026367 0.084961
v 0.295898 0.026367 0.084961
v 0.342773 0.043945 0.073242
v 0.336914 0.05957 0.075195
v 0.293945 0.069336 0.051758
v 0.291992 0.102539 0.063477
v 0.268555 0.077148 0.079102
v 0.291992 0.102539 0.063477
v 0.282227 0.049805 0.049805
v 0.293945 0.069336 0.051758
v 0.305664 0.100586 0.032227
v 0.293945 0.069336 0.051758
v 0.323242 0.110352 0.03418
v 0.342773 0.094727 0.047852
v 0.305664 0.100586 0.032227
v 0.291992 0.102539 0.063477
v 0.305664 0.100586 0.032227
v 0.295898 0.125977 0.040039
v 0.27832 0.010742 0.061523
v 0.282227 0.049805 0.049805
v 0.323242 0.110352 0.03418
v 0.311523 0.108398 0.022461
v 0.305664 0.100586 0.032227
v 0.305664 0.100586 0.032227
v 0.311523 0.108398 0.022461
v 0.305664 0.133789 0.032227
v 0.305664 0.133789 0.032227
v 0.295898 0.125977 0.040039
v 0.305664 0.100586 0.032227
v 0.323242 0.112305 -0.012695
v 0.323242 0.112305 -0.012695
v 0.305664 0.133789 0.032227
v 0.311523 0.108398 0.022461
v 0.370117 0.055664 0.030273
v 0.336914 0.05957 0.075195
v 0.342773 0.043945 0.073242
v 0.336914 0.05957 0.075195
v 0.370117 0.055664 0.030273
v 0.374023 0.077148 0.024414
v 0.374023 0.077148 0.024414
v 0.342773 0.094727 0.047852
v 0.336914 0.05957 0.075195
v 0.374023 0.036133 -0.012695
v 0.374023 0.077148 0.024414
v 0.370117 0.055664 0.030273
v 0.370117 0.055664 0.030273
v 0.387695 0.041992 0.043945
v 0.395508 0.020508 -0.006836
v 0.374023 0.036133 -0.012695
v 0.323242 0.110352 0.03418
v 0.362305 0.102539 -0.000977
v 0.34082 0.118164 -0.014648
v 0.34082 0.118164 -0.014648
v 0.379883 0.055664 -0.030273
v 0.362305 0.102539 -0.000977
v 0.297852 0.18457 0.020508
v 0.293945 0.196289 0.069336
v 0.288086 0.163086 0.063477
v 0.293945 0.176758 0.018555
v 0.297852 0.18457 0.020508
v 0.291992 0.223633 0.073242
v 0.276367 0.231445 0.104492
v 0.276367 0.231445 0.104492
v 0.282227 0.237305 0.071289
v 0.272461 0.241211 0.092773
v 0.276367 0.231445 0.104492
v 0.291992 0.223633 0.073242
v 0.272461 0.241211 0.092773
v 0.262695 0.241211 0.081055
v 0.262695 0.241211 0.081055
v 0.272461 0.241211 0.092773
v 0.268555 0.239258 0.067383
v 0.282227 0.237305 0.071289
v 0.270508 0.245117 0.051758
v 0.295898 0.233398 0.040039
v 0.291992 0.223633 0.073242
v 0.301758 0.211914 0.02832
v 0.286133 0.245117 0.049805
v 0.295898 0.233398 0.040039
v 0.286133 0.245117 0.049805
v 0.280273 0.15332 0.057617
v 0.280273 0.15332 0.057617
v 0.305664 0.133789 0.032227
v 0.293945 0.176758 0.018555
v 0.313477 0.155273 0.004883
v 0.313477 0.155273 0.004883
v 0.280273 0.198242 -0.018555
v 0.293945 0.176758 0.018555
v 0.299805 0.172852 -0.032227
v 0.280273 0.198242 -0.018555
v 0.280273 0.209961 -0.022461
v 0.270508 0.245117 0.051758
v 0.286133 0.245117 0.049805
v 0.264648 0.256836 0.040039
v 0.264648 0.256836 0.040039
v 0.258789 0.266602 0.038086
v 0.27832 0.260742 0.032227
v 0.27832 0.260742 0.032227
v 0.264648 0.256836 0.040039
v 0.286133 0.245117 0.049805
v 0.286133 0.258789 0.014648
v 0.286133 0.258789 0.014648
v 0.282227 0.245117 -0.010742
v 0.317383 0.124023 -0.040039
v 0.299805 0.172852 -0.032227
v 0.391602 0.170898 0.014648
v 0.379883 0.176758 0.018555
v 0.370117 0.176758 0.006836
v 0.370117 0.176758 0.006836
v 0.379883 0.176758 0.018555
v 0.385742 0.196289 -0.00293
v 0.374023 0.170898 -0.00293
v 0.391602 0.170898 0.014648
v 0.370117 0.176758 0.006836
v 0.37793 0.196289 -0.010742
v 0.374023 0.170898 -0.00293
v 0.370117 0.176758 0.006836
v 0.37793 0.196289 -0.010742
v 0.407227 0.038086 0.063477
v 0.407227 0.038086 0.063477
v 0.438477 0.045898 0.079102
v 0.438477 0.045898 0.079102
v 0.436523 0.024414 0.05957
v 0.436523 0.024414 0.05957
v 0.420898 0.061523 0.032227
v 0.438477 0.045898 0.079102
v 0.420898 0.061523 0.032227
v 0.407227 0.038086 0.063477
v 0.446289 0.051758 0.024414
v 0.450195 0.071289 0.041992
v 0.438477 0.045898 0.079102
v 0.436523 0.024414 0.05957
v 0.446289 0.051758 0.024414
v 0.450195 0.071289 0.041992
v 0.424805 0.084961 -0.000977
v 0.450195 0.09668 0.006836
v 0.424805 0.084961 -0.000977
v 0.461914 0.008789 0.000977
v 0.456055 -0.004883 -0.010742
v 0.459961 0.020508 -0.026367
v 0.459961 0.020508 -0.026367
v 0.450195 0.09668 0.006836
v 0.446289 0.077148 -0.010742
v 0.446289 0.077148 -0.010742
v 0.442383 0.120117 -0.026367
v 0.442383 0.120117 -0.026367
v 0.379883 0.176758 0.018555
v 0.391602 0.170898 0.014648
v 0.385742 0.196289 -0.00293
v 0.393555 0.165039 0.004883
v 0.391602 0.170898 0.014648
v 0.393555 0.165039 0.004883
v 0.40332 0.163086 -0.016602
v 0.40332 0.163086 -0.016602
v 0.399414 0.18457 -0.016602
v 0.383789 0.165039 -0.006836
v 0.393555 0.165039 0.004883
v 0.383789 0.165039 -0.006836
v 0.40332 0.163086 -0.016602
v 0.266602 0.27832 0.030273
v 0.258789 0.266602 0.038086
v 0.264648 0.256836 0.040039
v 0.27832 0.260742 0.032227
v 0.250977 0.274414 0.045898
v 0.254883 0.290039 0.041992
v 0.266602 0.27832 0.030273
v 0.266602 0.288086 0.012695
v 0.286133 0.258789 0.014648
v 0.282227 0.245117 -0.010742
v 0.274414 0.333008 0.041992
v 0.274414 0.352539 0.040039
v 0.290039 0.350586 0.026367
v 0.290039 0.331055 0.026367
v 0.290039 0.331055 0.026367
v 0.274414 0.352539 0.040039
v 0.27832 0.358398 0.012695
v 0.290039 0.350586 0.026367
v 0.27832 0.358398 0.012695
v 0.305664 0.334961 0.008789
v 0.291992 0.360352 0.000977
v 0.303711 0.352539 0.010742
v 0.291992 0.360352 0.000977
v 0.305664 0.334961 0.008789
v 0.303711 0.352539 0.010742
v 0.319336 0.34082 -0.008789
v 0.317383 0.356445 -0.004883
v 0.305664 0.334961 0.008789
v 0.319336 0.34082 -0.008789
v 0.317383 0.356445 -0.004883
v 0.303711 0.364258 -0.012695
v 0.303711 0.364258 -0.012695
v 0.317383 0.356445 -0.004883
v 0.116211 -0.483398 -0.05957
v 0.110352 -0.49707 -0.012695
v 0.104492 -0.483398 -0.012695
v 0.104492 -0.483398 -0.012695
v 0.106445 -0.442383 -0.00293
v 0.120117 -0.432617 -0.045898
v 0.116211 -0.483398 -0.05957
v 0.118164 -0.49707 -0.055664
v 0.118164 -0.49707 -0.055664
v 0.19043 -0.49707 -0.045898
v 0.118164 -0.49707 -0.055664
v 0.116211 -0.483398 -0.05957
v 0.157227 -0.49707 -0.069336
v 0.157227 -0.49707 -0.069336
v 0.120117 -0.432617 -0.045898
v 0.15918 -0.483398 -0.073242
v 0.077148 -0.383789 -0.030273
v 0.086914 -0.37793 -0.02832
v 0.084961 -0.393555 -0.032227
v 0.077148 -0.383789 -0.030273
v 0.077148 -0.383789 -0.030273
v 0.086914 -0.37793 -0.02832
v 0.088867 -0.370117 -0.045898
v 0.077148 -0.375977 -0.049805
v 0.084961 -0.387695 -0.051758
v 0.077148 -0.375977 -0.049805
v 0.086914 -0.37793 -0.02832
v 0.084961 -0.393555 -0.032227
v 0.088867 -0.370117 -0.045898
v 0.09082 -0.381836 -0.071289
v 0.083008 -0.368164 -0.071289
v 0.092773 -0.360352 -0.063477
v 0.092773 -0.360352 -0.063477
v 0.083008 -0.368164 -0.071289
v 0.077148 -0.375977 -0.049805
v 0.084961 -0.387695 -0.051758
v 0.09082 -0.381836 -0.071289
v 0.092773 -0.360352 -0.063477
v 0.145508 -0.395508 -0.043945
v 0.112305 -0.40332 -0.026367
v 0.145508 -0.395508 -0.043945
v 0.118164 -0.416992 -0.045898
v 0.161133 -0.430664 -0.057617
v 0.145508 -0.395508 -0.043945
v 0.161133 -0.415039 -0.057617
v 0.102539 -0.374023 -0.088867
v 0.102539 -0.352539 -0.079102
v 0.092773 -0.360352 -0.063477
v 0.09082 -0.381836 -0.071289
v 0.102539 -0.374023 -0.088867
v 0.147461 -0.354492 -0.03418
v 0.094727 -0.360352 -0.088867
v 0.094727 -0.360352 -0.088867
v 0.102539 -0.352539 -0.079102
v 0.120117 -0.366211 -0.102539
v 0.102539 -0.374023 -0.088867
v 0.094727 -0.360352 -0.088867
v 0.112305 -0.352539 -0.104492
v 0.112305 -0.352539 -0.104492
v 0.120117 -0.366211 -0.102539
v 0.094727 -0.360352 -0.088867
v 0.118164 -0.344727 -0.09082
v 0.120117 -0.366211 -0.102539
v 0.118164 -0.344727 -0.09082
v 0.118164 -0.344727 -0.09082
v 0.120117 -0.366211 -0.102539
v 0.135742 -0.336914 -0.098633
v 0.133789 -0.344727 -0.114258
v 0.135742 -0.336914 -0.098633
v 0.120117 -0.366211 -0.102539
v 0.112305 -0.352539 -0.104492
v 0.139648 -0.360352 -0.110352
v 0.139648 -0.360352 -0.110352
v 0.133789 -0.344727 -0.114258
v 0.145508 -0.395508 -0.043945
v 0.186523 -0.393555 -0.022461
v 0.161133 -0.415039 -0.057617
v 0.147461 -0.354492 -0.03418
v 0.198242 -0.416992 -0.036133
v 0.186523 -0.354492 -0.010742
v 0.161133 -0.430664 -0.057617
v 0.161133 -0.415039 -0.057617
v 0.198242 -0.416992 -0.036133
v 0.194336 -0.483398 -0.049805
v 0.15918 -0.483398 -0.073242
v 0.161133 -0.430664 -0.057617
v 0.194336 -0.43457 -0.03418
v 0.194336 -0.43457 -0.03418
v 0.157227 -0.49707 -0.069336
v 0.15918 -0.483398 -0.073242
v 0.19043 -0.49707 -0.045898
v 0.194336 -0.483398 -0.049805
v 0.194336 -0.483398 -0.049805
v 0.211914 -0.491211 -0.008789
v 0.19043 -0.49707 -0.045898
v 0.229492 -0.387695 -0.018555
v 0.231445 -0.391602 -0.020508
v 0.22168 -0.385742 -0.032227
v 0.231445 -0.391602 -0.020508
v 0.233398 -0.387695 -0.020508
v 0.235352 -0.395508 -0.006836
v 0.22168 -0.385742 -0.032227
v 0.233398 -0.387695 -0.020508
v 0.231445 -0.391602 -0.020508
v 0.235352 -0.389648 -0.004883
v 0.233398 -0.387695 -0.020508
v 0.229492 -0.387695 -0.018555
v 0.22168 -0.385742 -0.032227
v 0.233398 -0.387695 -0.020508
v 0.241211 -0.391602 -0.006836
v 0.178711 -0.286133 -0.012695
v 0.186523 -0.354492 -0.010742
v 0.147461 -0.354492 -0.03418
v 0.178711 -0.286133 -0.012695
v 0.163086 -0.352539 -0.112305
v 0.157227 -0.331055 -0.100586
v 0.163086 -0.352539 -0.112305
v 0.15918 -0.336914 -0.116211
v 0.15918 -0.336914 -0.116211
v 0.157227 -0.331055 -0.100586
v 0.15918 -0.336914 -0.116211
v 0.186523 -0.348633 -0.106445
v 0.163086 -0.352539 -0.112305
v 0.163086 -0.352539 -0.112305
v 0.186523 -0.348633 -0.106445
v 0.176758 -0.327148 -0.094727
v 0.157227 -0.331055 -0.100586
v 0.18457 -0.331055 -0.110352
v 0.196289 -0.325195 -0.083008
v 0.208008 -0.344727 -0.092773
v 0.208008 -0.344727 -0.092773
v 0.18457 -0.331055 -0.110352
v 0.15918 -0.336914 -0.116211
v 0.157227 -0.331055 -0.100586
v 0.176758 -0.327148 -0.094727
v 0.196289 -0.325195 -0.083008
v 0.206055 -0.329102 -0.094727
v 0.206055 -0.329102 -0.094727
v 0.15332 -0.250977 -0.086914
v 0.15332 -0.250977 -0.102539
v 0.166992 -0.254883 -0.098633
v 0.149414 -0.235352 -0.09082
v 0.15332 -0.250977 -0.102539
v 0.15332 -0.250977 -0.086914
v 0.166992 -0.254883 -0.09082
v 0.15332 -0.250977 -0.086914
v 0.166992 -0.254883 -0.09082
v 0.165039 -0.239258 -0.086914
v 0.165039 -0.239258 -0.086914
v 0.149414 -0.235352 -0.09082
v 0.15332 -0.250977 -0.086914
v 0.165039 -0.239258 -0.102539
v 0.166992 -0.254883 -0.098633
v 0.15332 -0.250977 -0.102539
v 0.149414 -0.235352 -0.098633
v 0.15332 -0.250977 -0.102539
v 0.149414 -0.235352 -0.098633
v 0.165039 -0.239258 -0.102539
v 0.172852 -0.250977 -0.098633
v 0.172852 -0.250977 -0.09082
v 0.166992 -0.254883 -0.09082
v 0.172852 -0.250977 -0.09082
v 0.166992 -0.254883 -0.098633
v 0.172852 -0.250977 -0.09082
v 0.172852 -0.250977 -0.098633
v 0.165039 -0.239258 -0.086914
v 0.165039 -0.239258 -0.102539
v 0.172852 -0.250977 -0.098633
v 0.166992 -0.254883 -0.098633
v 0.165039 -0.239258 -0.102539
v 0.235352 -0.356445 -0.030273
v 0.237305 -0.344727 -0.026367
v 0.235352 -0.356445 -0.030273
v 0.225586 -0.350586 -0.004883
v 0.237305 -0.354492 -0.004883
v 0.223633 -0.34082 -0.024414
v 0.223633 -0.34082 -0.024414
v 0.237305 -0.344727 -0.026367
v 0.235352 -0.336914 -0.049805
v 0.231445 -0.350586 -0.051758
v 0.231445 -0.350586 -0.051758
v 0.219727 -0.333008 -0.045898
v 0.235352 -0.336914 -0.049805
v 0.219727 -0.333008 -0.045898
v 0.223633 -0.34668 -0.075195
v 0.223633 -0.331055 -0.073242
v 0.223633 -0.34668 -0.075195
v 0.211914 -0.327148 -0.06543
v 0.211914 -0.327148 -0.06543
v 0.223633 -0.331055 -0.073242
v 0.211914 -0.327148 -0.06543
v 0.223633 -0.34668 -0.075195
v 0.208008 -0.344727 -0.092773
v 0.206055 -0.329102 -0.094727
v 0.09082 -0.192383 -0.102539
v 0.084961 -0.196289 -0.106445
v 0.086914 -0.208008 -0.100586
v 0.086914 -0.208008 -0.100586
v 0.084961 -0.196289 -0.106445
v 0.092773 -0.208008 -0.116211
v 0.098633 -0.198242 -0.094727
v 0.100586 -0.213867 -0.106445
v 0.09668 -0.213867 -0.100586
v 0.086914 -0.208008 -0.100586
v 0.09668 -0.213867 -0.100586
v 0.098633 -0.198242 -0.094727
v 0.084961 -0.196289 -0.106445
v 0.09082 -0.192383 -0.102539
v 0.094727 -0.192383 -0.110352
v 0.088867 -0.196289 -0.112305
v 0.088867 -0.196289 -0.112305
v 0.09082 -0.192383 -0.102539
v 0.098633 -0.198242 -0.094727
v 0.104492 -0.198242 -0.110352
v 0.094727 -0.192383 -0.110352
v 0.092773 -0.208008 -0.116211
v 0.088867 -0.196289 -0.112305
v 0.094727 -0.192383 -0.110352
v 0.104492 -0.198242 -0.110352
v 0.100586 -0.213867 -0.106445
v 0.092773 -0.208008 -0.116211
v 0.104492 -0.198242 -0.110352
v 0.09668 -0.213867 -0.100586
v 0.100586 -0.213867 -0.106445
v 0.106445 -0.209961 -0.104492
v 0.102539 -0.209961 -0.09668
v 0.102539 -0.209961 -0.09668
v 0.106445 -0.209961 -0.104492
v 0.102539 -0.209961 -0.09668
v 0.106445 -0.209961 -0.104492
v 0.05957 -0.069336 -0.014648
v 0.036133 -0.100586 -0.00293
v 0.05957 -0.069336 -0.014648
v 0.061523 -0.051758 -0.032227
v 0.09082 -0.049805 -0.004883
v 0.061523 -0.051758 -0.032227
v 0.038086 -0.004883 -0.024414
v 0.077148 0.043945 -0.012695
v 0.075195 0.000977 -0.008789
v 0.083008 -0.004883 -0.016602
v 0.092773 -0.038086 -0.016602
v 0.149414 -0.235352 -0.09082
v 0.151367 -0.231445 -0.09082
v 0.151367 -0.231445 -0.098633
v 0.151367 -0.231445 -0.09082
v 0.149414 -0.235352 -0.098633
v 0.151367 -0.231445 -0.098633
v 0.151367 -0.231445 -0.09082
v 0.151367 -0.231445 -0.098633
v 0.311523 -0.081055 -0.010742
v 0.301758 -0.057617 -0.03418
v 0.295898 -0.026367 -0.063477
v 0.301758 -0.057617 -0.03418
v 0.295898 -0.026367 -0.063477
v 0.352539 0.006836 -0.063477
v 0.301758 -0.057617 -0.03418
v 0.356445 -0.000977 -0.038086
v 0.366211 -0.022461 -0.040039
v 0.356445 -0.000977 -0.038086
v 0.27832 0.018555 -0.081055
v 0.27832 0.018555 -0.081055
v 0.366211 -0.022461 -0.040039
v 0.356445 -0.000977 -0.038086
v 0.352539 0.006836 -0.063477
v 0.356445 -0.000977 -0.038086
v 0.444336 0.020508 -0.030273
v 0.456055 0.008789 -0.036133
v 0.456055 0.008789 -0.036133
v 0.081055 0.102539 -0.073242
v 0.081055 0.102539 -0.073242
v 0.020508 0.09668 -0.063477
v 0.030273 0.075195 -0.110352
v 0.055664 0.073242 -0.102539
v 0.055664 0.075195 -0.106445
v 0.055664 0.073242 -0.110352
v 0.055664 0.073242 -0.102539
v 0.030273 0.075195 -0.110352
v 0.030273 0.075195 -0.110352
v 0.055664 0.075195 -0.106445
v 0.055664 0.073242 -0.110352
v 0.079102 0.069336 -0.092773
v 0.083008 0.069336 -0.104492
v 0.079102 0.069336 -0.092773
v 0.083008 0.075195 -0.098633
v 0.055664 0.075195 -0.106445
v 0.079102 0.069336 -0.092773
v 0.083008 0.075195 -0.098633
v 0.083008 0.069336 -0.104492
v 0.145508 0.124023 -0.057617
v 0.108398 0.073242 -0.086914
v 0.102539 0.06543 -0.079102
v 0.124023 0.05957 -0.063477
v 0.124023 0.05957 -0.063477
v 0.102539 0.06543 -0.079102
v 0.110352 0.06543 -0.094727
v 0.131836 0.071289 -0.069336
v 0.135742 0.061523 -0.079102
v 0.141602 0.053711 -0.041992
v 0.141602 0.053711 -0.041992
v 0.083008 0.165039 -0.092773
v 0.083008 0.165039 -0.092773
v 0.110352 0.06543 -0.094727
v 0.108398 0.073242 -0.086914
v 0.135742 0.061523 -0.079102
v 0.131836 0.071289 -0.069336
v 0.086914 0.227539 -0.09082
v 0.157227 0.225586 -0.06543
v 0.149414 0.172852 -0.073242
v 0.149414 0.172852 -0.073242
v 0.147461 0.276367 -0.053711
v 0.157227 0.225586 -0.06543
v 0.086914 0.227539 -0.09082
v 0.088867 0.286133 -0.071289
v 0.088867 0.286133 -0.071289
v 0.05957 0.202148 -0.147461
v 0.05957 0.211914 -0.151367
v 0.05957 0.202148 -0.161133
v 0.073242 0.206055 -0.149414
v 0.05957 0.211914 -0.151367
v 0.05957 0.202148 -0.147461
v 0.05957 0.202148 -0.147461
v 0.05957 0.202148 -0.161133
v 0.06543 0.194336 -0.151367
v 0.05957 0.202148 -0.147461
v 0.06543 0.194336 -0.151367
v 0.071289 0.196289 -0.15332
v 0.073242 0.206055 -0.149414
v 0.05957 0.211914 -0.15918
v 0.067383 0.213867 -0.15332
v 0.05957 0.211914 -0.15918
v 0.05957 0.211914 -0.151367
v 0.067383 0.213867 -0.15332
v 0.05957 0.202148 -0.161133
v 0.05957 0.211914 -0.15918
v 0.06543 0.213867 -0.15918
v 0.06543 0.194336 -0.15918
v 0.071289 0.206055 -0.163086
v 0.06543 0.194336 -0.15918
v 0.06543 0.213867 -0.15918
v 0.06543 0.194336 -0.15918
v 0.071289 0.196289 -0.15332
v 0.06543 0.194336 -0.151367
v 0.071289 0.206055 -0.163086
v 0.073242 0.206055 -0.149414
v 0.071289 0.196289 -0.15332
v 0.071289 0.196289 -0.15918
v 0.071289 0.196289 -0.15918
v 0.067383 0.213867 -0.15332
v 0.073242 0.206055 -0.149414
v 0.071289 0.206055 -0.163086
v 0.071289 0.206055 -0.163086
v 0.06543 0.213867 -0.15918
v 0.067383 0.213867 -0.15332
v 0.071289 0.206055 -0.163086
v 0.071289 0.196289 -0.15918
v 0.06543 0.194336 -0.15918
v 0.15918 0.057617 -0.055664
v 0.151367 0.06543 -0.045898
v 0.155273 0.047852 -0.018555
v 0.165039 0.061523 -0.018555
v 0.165039 0.061523 -0.018555
v 0.174805 0.051758 -0.026367
v 0.15918 0.057617 -0.055664
v 0.151367 0.06543 -0.045898
v 0.172852 0.131836 -0.022461
v 0.178711 0.176758 -0.051758
v 0.272461 0.067383 -0.055664
v 0.249023 0.09668 -0.063477
v 0.272461 0.067383 -0.055664
v 0.235352 0.010742 -0.038086
v 0.233398 0.040039 -0.038086
v 0.270508 0.047852 -0.075195
v 0.27832 0.018555 -0.081055
v 0.270508 0.047852 -0.075195
v 0.219727 0.145508 -0.063477
v 0.249023 0.09668 -0.063477
v 0.219727 0.145508 -0.063477
v 0.270508 0.170898 -0.05957
v 0.297852 0.116211 -0.061523
v 0.272461 0.067383 -0.055664
v 0.178711 0.176758 -0.051758
v 0.157227 0.225586 -0.06543
v 0.178711 0.176758 -0.051758
v 0.157227 0.225586 -0.06543
v 0.180664 0.233398 -0.075195
v 0.204102 0.19043 -0.06543
v 0.178711 0.176758 -0.051758
v 0.206055 0.176758 -0.055664
v 0.204102 0.19043 -0.06543
v 0.206055 0.176758 -0.055664
v 0.178711 0.176758 -0.051758
v 0.166992 0.282227 -0.063477
v 0.147461 0.276367 -0.053711
v 0.180664 0.233398 -0.075195
v 0.249023 0.208008 -0.049805
v 0.254883 0.245117 -0.045898
v 0.249023 0.208008 -0.049805
v 0.213867 0.282227 -0.053711
v 0.250977 0.196289 -0.043945
v 0.250977 0.196289 -0.043945
v 0.280273 0.209961 -0.022461
v 0.280273 0.198242 -0.018555
v 0.254883 0.245117 -0.045898
v 0.239258 0.15918 -0.137695
v 0.245117 0.145508 -0.15332
v 0.249023 0.133789 -0.141602
v 0.249023 0.133789 -0.141602
v 0.245117 0.145508 -0.15332
v 0.270508 0.163086 -0.143555
v 0.25293 0.147461 -0.125977
v 0.239258 0.15918 -0.137695
v 0.249023 0.133789 -0.141602
v 0.254883 0.124023 -0.131836
v 0.27832 0.157227 -0.133789
v 0.254883 0.124023 -0.131836
v 0.231445 0.174805 -0.151367
v 0.245117 0.165039 -0.168945
v 0.245117 0.165039 -0.168945
v 0.264648 0.170898 -0.155273
v 0.231445 0.174805 -0.151367
v 0.239258 0.15918 -0.137695
v 0.264648 0.170898 -0.155273
v 0.231445 0.194336 -0.165039
v 0.264648 0.182617 -0.166992
v 0.231445 0.194336 -0.165039
v 0.231445 0.174805 -0.151367
v 0.264648 0.182617 -0.166992
v 0.239258 0.15918 -0.137695
v 0.25293 0.147461 -0.125977
v 0.270508 0.163086 -0.143555
v 0.270508 0.163086 -0.143555
v 0.264648 0.170898 -0.155273
v 0.239258 0.15918 -0.137695
v 0.250977 0.18457 -0.18457
v 0.264648 0.182617 -0.166992
v 0.250977 0.18457 -0.18457
v 0.237305 0.21582 -0.178711
v 0.268555 0.196289 -0.180664
v 0.237305 0.21582 -0.178711
v 0.231445 0.194336 -0.165039
v 0.231445 0.194336 -0.165039
v 0.264648 0.182617 -0.166992
v 0.268555 0.196289 -0.180664
v 0.262695 0.204102 -0.198242
v 0.250977 0.18457 -0.18457
v 0.237305 0.21582 -0.178711
v 0.25293 0.233398 -0.192383
v 0.25293 0.233398 -0.192383
v 0.022461 0.28418 -0.071289
v 0.016602 0.385742 -0.047852
v 0.030273 0.395508 -0.041992
v 0.006836 0.387695 -0.018555
v 0.030273 0.395508 -0.041992
v 0.008789 0.422852 -0.022461
v 0.024414 0.432617 -0.022461
v 0.038086 0.413086 -0.022461
v 0.038086 0.413086 -0.022461
v 0.022461 0.407227 -0.051758
v 0.008789 0.422852 -0.022461
v 0.051758 0.444336 -0.053711
v 0.038086 0.413086 -0.022461
v 0.024414 0.432617 -0.022461
v 0.051758 0.444336 -0.053711
v 0.022461 0.389648 -0.075195
v 0.008789 0.401367 -0.057617
v 0.022461 0.407227 -0.051758
v 0.030273 0.393555 -0.071289
v 0.022461 0.389648 -0.075195
v 0.03418 0.385742 -0.067383
v 0.030273 0.395508 -0.041992
v 0.022461 0.407227 -0.051758
v 0.038086 0.413086 -0.022461
v 0.03418 0.385742 -0.067383
v 0.022461 0.407227 -0.051758
v 0.030273 0.395508 -0.041992
v 0.038086 0.413086 -0.022461
v 0.032227 0.401367 -0.004883
v 0.030273 0.395508 -0.041992
v 0.026367 0.379883 -0.071289
v 0.026367 0.379883 -0.071289
v 0.030273 0.393555 -0.071289
v 0.038086 0.413086 -0.022461
v 0.079102 0.418945 -0.049805
v 0.079102 0.418945 -0.049805
v 0.024414 0.473633 -0.020508
v 0.014648 0.475586 -0.026367
v 0.014648 0.475586 -0.026367
v 0.018555 0.467773 -0.02832
v 0.024414 0.473633 -0.020508
v 0.018555 0.467773 -0.02832
v 0.051758 0.444336 -0.053711
v 0.02832 0.479492 -0.03418
v 0.020508 0.481445 -0.038086
v 0.02832 0.479492 -0.03418
v 0.014648 0.475586 -0.026367
v 0.024414 0.473633 -0.020508
v 0.024414 0.483398 -0.032227
v 0.020508 0.481445 -0.038086
v 0.024414 0.483398 -0.032227
v 0.020508 0.481445 -0.038086
v 0.014648 0.475586 -0.026367
v 0.030273 0.481445 -0.02832
v 0.030273 0.481445 -0.02832
v 0.036133 0.495117 -0.036133
v 0.030273 0.481445 -0.02832
v 0.02832 0.479492 -0.03418
v 0.036133 0.495117 -0.036133
v 0.020508 0.481445 -0.038086
v 0.024414 0.483398 -0.032227
v 0.036133 0.495117 -0.036133
v 0.036133 0.495117 -0.036133
v 0.09668 0.446289 -0.071289
v 0.079102 0.418945 -0.049805
v 0.051758 0.444336 -0.053711
v 0.075195 0.463867 -0.071289
v 0.075195 0.463867 -0.071289
v 0.038086 0.381836 -0.094727
v 0.022461 0.389648 -0.075195
v 0.030273 0.393555 -0.071289
v 0.038086 0.381836 -0.094727
v 0.038086 0.381836 -0.094727
v 0.038086 0.381836 -0.094727
v 0.079102 0.418945 -0.049805
v 0.098633 0.452148 -0.045898
v 0.098633 0.452148 -0.045898
v 0.09668 0.446289 -0.071289
v 0.084961 0.463867 -0.051758
v 0.084961 0.463867 -0.051758
v 0.084961 0.463867 -0.051758
v 0.098633 0.452148 -0.045898
v 0.110352 0.467773 -0.053711
v 0.084961 0.463867 -0.051758
v 0.110352 0.467773 -0.053711
v 0.104492 0.477539 -0.055664
v 0.084961 0.463867 -0.051758
v 0.104492 0.477539 -0.055664
v 0.100586 0.485352 -0.069336
v 0.075195 0.463867 -0.071289
v 0.110352 0.467773 -0.053711
v 0.12793 0.477539 -0.049805
v 0.110352 0.467773 -0.053711
v 0.114258 0.469727 -0.075195
v 0.110352 0.467773 -0.053711
v 0.114258 0.469727 -0.075195
v 0.12793 0.477539 -0.049805
v 0.12207 0.495117 -0.05957
v 0.131836 0.485352 -0.067383
v 0.100586 0.485352 -0.069336
v 0.12207 0.495117 -0.05957
v 0.145508 0.499023 -0.049805
v 0.145508 0.499023 -0.049805
v 0.114258 0.469727 -0.075195
v 0.100586 0.485352 -0.069336
v 0.131836 0.485352 -0.067383
v 0.131836 0.485352 -0.067383
v 0.12793 0.477539 -0.049805
v 0.114258 0.469727 -0.075195
v 0.166992 0.282227 -0.063477
v 0.147461 0.276367 -0.053711
v 0.166992 0.282227 -0.063477
v 0.254883 0.245117 -0.045898
v 0.125977 0.420898 -0.006836
v 0.137695 0.426758 -0.012695
v 0.135742 0.430664 -0.010742
v 0.147461 0.428711 -0.018555
v 0.145508 0.436523 -0.016602
v 0.147461 0.428711 -0.018555
v 0.145508 0.436523 -0.016602
v 0.157227 0.430664 -0.026367
v 0.157227 0.44043 -0.024414
v 0.157227 0.430664 -0.026367
v 0.157227 0.44043 -0.024414
v 0.166992 0.430664 -0.03418
v 0.168945 0.442383 -0.036133
v 0.166992 0.430664 -0.03418
v 0.157227 0.430664 -0.026367
v 0.157227 0.430664 -0.026367
v 0.157227 0.44043 -0.024414
v 0.168945 0.442383 -0.036133
v 0.168945 0.442383 -0.036133
v 0.174805 0.428711 -0.043945
v 0.166992 0.430664 -0.03418
v 0.166992 0.430664 -0.03418
v 0.174805 0.428711 -0.043945
v 0.178711 0.438477 -0.045898
v 0.168945 0.442383 -0.036133
v 0.178711 0.438477 -0.045898
v 0.180664 0.424805 -0.051758
v 0.174805 0.428711 -0.043945
v 0.168945 0.442383 -0.036133
v 0.178711 0.438477 -0.045898
v 0.186523 0.430664 -0.05957
v 0.147461 0.485352 -0.045898
v 0.131836 0.485352 -0.067383
v 0.147461 0.485352 -0.045898
v 0.12793 0.477539 -0.049805
v 0.163086 0.499023 -0.047852
v 0.147461 0.485352 -0.045898
v 0.149414 0.493164 -0.05957
v 0.163086 0.495117 -0.057617
v 0.131836 0.485352 -0.067383
v 0.149414 0.493164 -0.05957
v 0.147461 0.485352 -0.045898
v 0.147461 0.485352 -0.045898
v 0.165039 0.487305 -0.045898
v 0.163086 0.499023 -0.047852
v 0.163086 0.495117 -0.057617
v 0.165039 0.487305 -0.045898
v 0.147461 0.485352 -0.045898
v 0.163086 0.499023 -0.047852
v 0.149414 0.493164 -0.05957
v 0.149414 0.493164 -0.05957
v 0.163086 0.499023 -0.047852
v 0.163086 0.495117 -0.057617
v 0.178711 0.49707 -0.051758
v 0.165039 0.487305 -0.045898
v 0.163086 0.495117 -0.057617
v 0.178711 0.487305 -0.049805
v 0.178711 0.487305 -0.049805
v 0.178711 0.49707 -0.051758
v 0.163086 0.495117 -0.057617
v 0.163086 0.499023 -0.047852
v 0.176758 0.495117 -0.05957
v 0.163086 0.495117 -0.057617
v 0.178711 0.49707 -0.051758
v 0.176758 0.495117 -0.05957
v 0.188477 0.487305 -0.061523
v 0.178711 0.49707 -0.051758
v 0.178711 0.487305 -0.049805
v 0.178711 0.487305 -0.049805
v 0.176758 0.495117 -0.05957
v 0.188477 0.487305 -0.061523
v 0.19043 0.493164 -0.061523
v 0.178711 0.49707 -0.051758
v 0.188477 0.487305 -0.061523
v 0.19043 0.493164 -0.061523
v 0.186523 0.491211 -0.06543
v 0.19043 0.493164 -0.061523
v 0.186523 0.491211 -0.06543
v 0.176758 0.495117 -0.05957
v 0.198242 0.483398 -0.081055
v 0.198242 0.483398 -0.081055
v 0.198242 0.483398 -0.081055
v 0.19043 0.493164 -0.061523
v 0.188477 0.487305 -0.061523
v 0.213867 0.375977 -0.120117
v 0.22168 0.356445 -0.125977
v 0.22168 0.362305 -0.129883
v 0.231445 0.352539 -0.141602
v 0.235352 0.342773 -0.135742
v 0.245117 0.348633 -0.155273
v 0.235352 0.342773 -0.135742
v 0.231445 0.352539 -0.141602
v 0.250977 0.336914 -0.147461
v 0.250977 0.336914 -0.147461
v 0.245117 0.348633 -0.155273
v 0.266602 0.336914 -0.161133
v 0.256836 0.348633 -0.166992
v 0.256836 0.348633 -0.166992
v 0.219727 0.40332 -0.161133
v 0.219727 0.413086 -0.151367
v 0.213867 0.411133 -0.163086
v 0.213867 0.411133 -0.163086
v 0.219727 0.413086 -0.151367
v 0.233398 0.422852 -0.174805
v 0.233398 0.422852 -0.174805
v 0.219727 0.40332 -0.161133
v 0.213867 0.411133 -0.163086
v 0.241211 0.428711 -0.149414
v 0.219727 0.413086 -0.151367
v 0.223633 0.405273 -0.151367
v 0.223633 0.405273 -0.151367
v 0.250977 0.40332 -0.147461
v 0.223633 0.405273 -0.151367
v 0.219727 0.40332 -0.161133
v 0.243164 0.399414 -0.172852
v 0.250977 0.40332 -0.147461
v 0.219727 0.413086 -0.151367
v 0.241211 0.428711 -0.149414
v 0.233398 0.422852 -0.174805
v 0.266602 0.428711 -0.170898
v 0.233398 0.422852 -0.174805
v 0.241211 0.428711 -0.149414
v 0.268555 0.420898 -0.166992
v 0.241211 0.428711 -0.149414
v 0.268555 0.420898 -0.166992
v 0.266602 0.428711 -0.170898
v 0.243164 0.399414 -0.172852
v 0.266602 0.420898 -0.172852
v 0.268555 0.420898 -0.166992
v 0.250977 0.40332 -0.147461
v 0.243164 0.399414 -0.172852
v 0.266602 0.420898 -0.172852
v 0.268555 0.420898 -0.166992
v 0.243164 0.399414 -0.172852
v 0.262695 0.428711 -0.174805
v 0.262695 0.428711 -0.174805
v 0.272461 0.067383 -0.055664
v 0.297852 0.116211 -0.061523
v 0.313477 0.088867 -0.049805
v 0.311523 0.069336 -0.079102
v 0.313477 0.088867 -0.049805
v 0.313477 0.088867 -0.049805
v 0.297852 0.116211 -0.061523
v 0.299805 0.172852 -0.032227
v 0.317383 0.124023 -0.040039
v 0.297852 0.116211 -0.061523
v 0.270508 0.170898 -0.05957
v 0.331055 0.047852 -0.083008
v 0.331055 0.047852 -0.083008
v 0.311523 0.069336 -0.079102
v 0.264648 0.114258 -0.124023
v 0.28418 0.098633 -0.114258
v 0.270508 0.141602 -0.116211
v 0.291992 0.157227 -0.124023
v 0.28418 0.098633 -0.114258
v 0.264648 0.114258 -0.124023
v 0.25293 0.147461 -0.125977
v 0.264648 0.114258 -0.124023
v 0.338867 0.09668 -0.057617
v 0.311523 0.069336 -0.079102
v 0.338867 0.09668 -0.057617
v 0.331055 0.047852 -0.083008
v 0.288086 0.143555 -0.106445
v 0.307617 0.149414 -0.100586
v 0.307617 0.149414 -0.100586
v 0.323242 0.112305 -0.012695
v 0.34082 0.118164 -0.014648
v 0.364258 0.079102 -0.049805
v 0.34082 0.118164 -0.014648
v 0.362305 0.102539 -0.000977
v 0.364258 0.079102 -0.049805
v 0.331055 0.047852 -0.083008
v 0.280273 0.198242 -0.018555
v 0.250977 0.196289 -0.043945
v 0.254883 0.245117 -0.045898
v 0.270508 0.141602 -0.116211
v 0.288086 0.143555 -0.106445
v 0.291992 0.157227 -0.124023
v 0.27832 0.157227 -0.133789
v 0.307617 0.149414 -0.100586
v 0.303711 0.161133 -0.116211
v 0.303711 0.161133 -0.116211
v 0.323242 0.15918 -0.09668
v 0.317383 0.168945 -0.112305
v 0.323242 0.15918 -0.09668
v 0.317383 0.168945 -0.112305
v 0.387695 0.18457 -0.02832
v 0.383789 0.165039 -0.006836
v 0.374023 0.170898 -0.00293
v 0.37793 0.196289 -0.010742
v 0.327148 0.178711 -0.110352
v 0.334961 0.172852 -0.09668
v 0.334961 0.172852 -0.09668
v 0.327148 0.178711 -0.110352
v 0.334961 0.19043 -0.110352
v 0.344727 0.19043 -0.100586
v 0.334961 0.19043 -0.110352
v 0.344727 0.19043 -0.100586
v 0.374023 0.163086 -0.104492
v 0.37207 0.165039 -0.098633
v 0.342773 0.176758 -0.112305
v 0.342773 0.176758 -0.112305
v 0.37207 0.165039 -0.098633
v 0.375977 0.168945 -0.098633
v 0.375977 0.168945 -0.098633
v 0.374023 0.163086 -0.104492
v 0.342773 0.176758 -0.112305
v 0.37207 0.165039 -0.098633
v 0.374023 0.163086 -0.104492
v 0.395508 0.149414 -0.081055
v 0.395508 0.149414 -0.081055
v 0.401367 0.147461 -0.088867
v 0.401367 0.147461 -0.088867
v 0.342773 0.206055 -0.114258
v 0.348633 0.206055 -0.106445
v 0.348633 0.22168 -0.116211
v 0.344727 0.225586 -0.120117
v 0.356445 0.237305 -0.124023
v 0.360352 0.235352 -0.118164
v 0.374023 0.24707 -0.120117
v 0.366211 0.249023 -0.12793
v 0.37207 0.262695 -0.131836
v 0.366211 0.249023 -0.12793
v 0.374023 0.24707 -0.120117
v 0.381836 0.262695 -0.124023
v 0.381836 0.262695 -0.124023
v 0.354492 0.116211 -0.125977
v 0.374023 0.102539 -0.12793
v 0.375977 0.104492 -0.124023
v 0.37793 0.106445 -0.124023
v 0.374023 0.102539 -0.12793
v 0.354492 0.116211 -0.125977
v 0.354492 0.116211 -0.125977
v 0.375977 0.104492 -0.124023
v 0.37793 0.106445 -0.124023
v 0.393555 0.088867 -0.124023
v 0.393555 0.09082 -0.118164
v 0.393555 0.088867 -0.124023
v 0.268555 0.196289 -0.180664
v 0.262695 0.204102 -0.198242
v 0.280273 0.211914 -0.194336
v 0.280273 0.211914 -0.194336
v 0.282227 0.223633 -0.208008
v 0.282227 0.223633 -0.208008
v 0.272461 0.24707 -0.202148
v 0.295898 0.227539 -0.204102
v 0.295898 0.227539 -0.204102
v 0.272461 0.24707 -0.202148
v 0.301758 0.239258 -0.211914
v 0.291992 0.256836 -0.208008
v 0.291992 0.256836 -0.208008
v 0.301758 0.239258 -0.211914
v 0.311523 0.241211 -0.209961
v 0.311523 0.241211 -0.209961
v 0.319336 0.254883 -0.21582
v 0.317383 0.256836 -0.213867
v 0.319336 0.254883 -0.21582
v 0.303711 0.266602 -0.211914
v 0.323242 0.254883 -0.213867
v 0.323242 0.254883 -0.213867
v 0.37207 0.262695 -0.131836
v 0.422852 0.108398 -0.030273
v 0.422852 0.108398 -0.030273
v 0.438477 0.102539 -0.041992
v 0.424805 0.141602 -0.055664
v 0.422852 0.125977 -0.067383
v 0.413086 0.129883 -0.057617
v 0.413086 0.129883 -0.057617
v 0.432617 0.047852 -0.075195
v 0.422852 0.061523 -0.092773
v 0.426758 0.055664 -0.100586
v 0.432617 0.06543 -0.092773
v 0.422852 0.061523 -0.092773
v 0.432617 0.047852 -0.075195
v 0.44043 0.040039 -0.083008
v 0.446289 0.049805 -0.073242
v 0.44043 0.03418 -0.053711
v 0.44043 0.03418 -0.053711
v 0.411133 0.073242 -0.114258
v 0.416992 0.081055 -0.106445
v 0.40918 0.077148 -0.106445
v 0.40918 0.077148 -0.106445
v 0.416992 0.081055 -0.106445
v 0.432617 0.06543 -0.092773
v 0.426758 0.055664 -0.100586
v 0.44043 0.040039 -0.083008
v 0.411133 0.073242 -0.114258
v 0.393555 0.09082 -0.118164
v 0.393555 0.088867 -0.124023
v 0.37793 0.106445 -0.124023
v 0.375977 0.104492 -0.124023
v 0.393555 0.09082 -0.118164
v 0.397461 0.094727 -0.118164
v 0.397461 0.094727 -0.118164
v 0.411133 0.073242 -0.114258
v 0.416992 0.081055 -0.106445
v 0.446289 0.049805 -0.073242
v 0.444336 0.020508 -0.030273
v 0.456055 0.036133 -0.051758
v 0.44043 0.03418 -0.053711
v 0.456055 0.036133 -0.051758
v 0.450195 0.024414 -0.061523
v 0.450195 0.024414 -0.061523
v 0.456055 0.036133 -0.051758
v 0.438477 0.102539 -0.041992
v 0.424805 0.141602 -0.055664
v 0.422852 0.125977 -0.067383
v 0.397461 0.170898 -0.030273
v 0.397461 0.163086 -0.024414
v 0.397461 0.163086 -0.024414
v 0.399414 0.18457 -0.016602
v 0.397461 0.170898 -0.030273
v 0.387695 0.18457 -0.02832
v 0.37793 0.196289 -0.010742
v 0.397461 0.163086 -0.024414
v 0.397461 0.170898 -0.030273
v 0.405273 0.170898 -0.022461
v 0.40332 0.163086 -0.016602
v 0.405273 0.170898 -0.022461
v 0.405273 0.170898 -0.022461
v 0.385742 0.196289 -0.00293
v 0.40332 0.157227 -0.079102
v 0.40332 0.157227 -0.079102
v 0.381836 0.202148 -0.032227
v 0.389648 0.206055 -0.030273
v 0.383789 0.208008 -0.02832
v 0.383789 0.208008 -0.02832
v 0.389648 0.206055 -0.030273
v 0.383789 0.213867 -0.047852
v 0.383789 0.213867 -0.047852
v 0.381836 0.202148 -0.032227
v 0.383789 0.208008 -0.02832
v 0.389648 0.200195 -0.03418
v 0.389648 0.206055 -0.030273
v 0.389648 0.200195 -0.03418
v 0.397461 0.209961 -0.049805
v 0.397461 0.209961 -0.049805
v 0.383789 0.213867 -0.047852
v 0.389648 0.206055 -0.030273
v 0.379883 0.202148 -0.055664
v 0.389648 0.200195 -0.03418
v 0.381836 0.202148 -0.032227
v 0.379883 0.202148 -0.055664
v 0.393555 0.198242 -0.057617
v 0.393555 0.198242 -0.057617
v 0.381836 0.213867 -0.071289
v 0.391602 0.211914 -0.071289
v 0.393555 0.198242 -0.057617
v 0.379883 0.202148 -0.055664
v 0.379883 0.202148 -0.055664
v 0.381836 0.213867 -0.071289
v 0.391602 0.211914 -0.071289
v 0.393555 0.217773 -0.067383
v 0.383789 0.22168 -0.06543
v 0.383789 0.213867 -0.047852
v 0.393555 0.217773 -0.067383
v 0.383789 0.22168 -0.06543
v 0.391602 0.211914 -0.071289
v 0.397461 0.209961 -0.049805
v 0.393555 0.198242 -0.057617
v 0.393555 0.217773 -0.067383
v 0.40332 0.157227 -0.079102
v 0.401367 0.147461 -0.088867
v 0.387695 0.225586 -0.079102
v 0.391602 0.211914 -0.071289
v 0.381836 0.213867 -0.071289
v 0.381836 0.213867 -0.071289
v 0.383789 0.22168 -0.06543
v 0.385742 0.227539 -0.079102
v 0.385742 0.227539 -0.079102
v 0.387695 0.225586 -0.079102
v 0.387695 0.229492 -0.077148
v 0.387695 0.229492 -0.077148
v 0.387695 0.229492 -0.077148
v 0.385742 0.229492 -0.077148
v 0.383789 0.22168 -0.06543
v 0.383789 0.22168 -0.06543
v 0.385742 0.229492 -0.077148
v 0.385742 0.227539 -0.079102
v 0.385742 0.229492 -0.077148
v 0.387695 0.229492 -0.077148
v 0.387695 0.225586 -0.079102
v 0.385742 0.229492 -0.077148
v 0.387695 0.225586 -0.079102
v 0.385742 0.227539 -0.079102
v 0.329102 0.350586 -0.026367
v 0.327148 0.364258 -0.022461
v 0.313477 0.370117 -0.02832
v 0.313477 0.370117 -0.02832
v 0.329102 0.350586 -0.026367
v 0.327148 0.364258 -0.022461
v 0.333008 0.375977 -0.038086
v 0.336914 0.364258 -0.043945
v 0.321289 0.379883 -0.041992
v 0.321289 0.379883 -0.041992
v 0.336914 0.364258 -0.043945
v 0.327148 0.364258 -0.022461
v 0.336914 0.364258 -0.043945
v 0.333008 0.375977 -0.038086
v 0.338867 0.379883 -0.05957
v 0.338867 0.379883 -0.05957
v 0.334961 0.387695 -0.053711
v 0.325195 0.389648 -0.055664
v 0.325195 0.389648 -0.055664
v 0.325195 0.389648 -0.055664
v 0.334961 0.387695 -0.053711
v 0.333008 0.401367 -0.069336
v 0.336914 0.395508 -0.073242
v 0.327148 0.401367 -0.069336
v 0.327148 0.401367 -0.069336
v 0.334961 0.387695 -0.053711
v 0.336914 0.395508 -0.073242
v 0.333008 0.401367 -0.069336
v 0.327148 0.415039 -0.081055
v 0.329102 0.413086 -0.084961
v 0.323242 0.415039 -0.081055
v 0.323242 0.415039 -0.081055
v 0.329102 0.413086 -0.084961
v 0.327148 0.415039 -0.081055
v 0.31543 0.426758 -0.092773
v 0.31543 0.426758 -0.092773
v 0.31543 0.426758 -0.092773
v 0.317383 0.448242 -0.114258
v 0.319336 0.442383 -0.112305
v 0.321289 0.442383 -0.108398
v 0.321289 0.442383 -0.108398
v 0.319336 0.442383 -0.112305
v 0.321289 0.44043 -0.114258
v 0.325195 0.448242 -0.110352
v 0.317383 0.448242 -0.114258
v 0.321289 0.442383 -0.108398
v 0.321289 0.44043 -0.114258
v 0.323242 0.44043 -0.112305
v 0.321289 0.442383 -0.108398
v 0.321289 0.442383 -0.108398
v 0.323242 0.44043 -0.112305
v 0.329102 0.442383 -0.114258
v 0.329102 0.442383 -0.114258
v 0.325195 0.448242 -0.110352
v 0.321289 0.442383 -0.108398
v 0.319336 0.442383 -0.112305
v 0.317383 0.448242 -0.114258
v 0.321289 0.442383 -0.120117
v 0.321289 0.44043 -0.114258
v 0.317383 0.448242 -0.114258
v 0.325195 0.448242 -0.110352
v 0.323242 0.450195 -0.118164
v 0.323242 0.450195 -0.118164
v 0.321289 0.442383 -0.120117
v 0.317383 0.448242 -0.114258
v 0.329102 0.442383 -0.114258
v 0.321289 0.442383 -0.120117
v 0.327148 0.450195 -0.116211
v 0.329102 0.442383 -0.114258
v 0.327148 0.450195 -0.116211
v 0.325195 0.448242 -0.110352
v 0.325195 0.448242 -0.120117
v 0.323242 0.450195 -0.118164
v 0.327148 0.450195 -0.116211
v 0.329102 0.448242 -0.118164
v 0.329102 0.448242 -0.118164
v 0.321289 0.442383 -0.120117
v 0.323242 0.450195 -0.118164
v 0.325195 0.448242 -0.120117
v 0.321289 0.442383 -0.120117
v 0.325195 0.448242 -0.120117
v 0.329102 0.448242 -0.118164
v 0.329102 0.442383 -0.114258
v 0.266602 0.336914 -0.161133
v 0.270508 0.352539 -0.178711
v 0.282227 0.342773 -0.174805
v 0.282227 0.342773 -0.174805
v 0.270508 0.352539 -0.178711
v 0.295898 0.352539 -0.186523
v 0.280273 0.362305 -0.19043
v 0.280273 0.362305 -0.19043
v 0.282227 0.342773 -0.174805
v 0.295898 0.352539 -0.186523
v 0.280273 0.362305 -0.19043
v 0.295898 0.352539 -0.186523
v 0.280273 0.362305 -0.19043
v 0.290039 0.37207 -0.198242
v 0.305664 0.366211 -0.196289
v 0.295898 0.352539 -0.186523
v 0.290039 0.37207 -0.198242
v 0.305664 0.366211 -0.196289
v 0.303711 0.266602 -0.211914
v 0.313477 0.280273 -0.21582
v 0.329102 0.272461 -0.217773
v 0.313477 0.280273 -0.21582
v 0.290039 0.37207 -0.198242
v 0.295898 0.385742 -0.206055
v 0.311523 0.381836 -0.206055
v 0.305664 0.366211 -0.196289
v 0.290039 0.37207 -0.198242
v 0.295898 0.385742 -0.206055
v 0.311523 0.381836 -0.206055
v 0.375977 0.27832 -0.135742
v 0.383789 0.280273 -0.12793
v 0.375977 0.27832 -0.135742
v 0.37207 0.30957 -0.145508
v 0.366211 0.323242 -0.147461
v 0.375977 0.311523 -0.141602
v 0.375977 0.311523 -0.141602
v 0.375977 0.293945 -0.141602
v 0.37207 0.30957 -0.145508
v 0.331055 0.342773 -0.139648
v 0.329102 0.358398 -0.131836
v 0.334961 0.358398 -0.149414
v 0.344727 0.34668 -0.131836
v 0.329102 0.358398 -0.131836
v 0.331055 0.342773 -0.139648
v 0.331055 0.342773 -0.139648
v 0.334961 0.358398 -0.149414
v 0.344727 0.344727 -0.149414
v 0.344727 0.344727 -0.149414
v 0.344727 0.34668 -0.131836
v 0.331055 0.342773 -0.139648
v 0.336914 0.364258 -0.129883
v 0.331055 0.364258 -0.135742
v 0.329102 0.358398 -0.131836
v 0.331055 0.364258 -0.135742
v 0.344727 0.34668 -0.131836
v 0.336914 0.364258 -0.129883
v 0.329102 0.358398 -0.131836
v 0.334961 0.366211 -0.131836
v 0.331055 0.364258 -0.135742
v 0.336914 0.364258 -0.129883
v 0.34668 0.362305 -0.141602
v 0.331055 0.364258 -0.135742
v 0.334961 0.366211 -0.131836
v 0.334961 0.366211 -0.131836
v 0.336914 0.364258 -0.129883
v 0.34668 0.362305 -0.141602
v 0.334961 0.358398 -0.149414
v 0.344727 0.34668 -0.131836
v 0.350586 0.350586 -0.155273
v 0.344727 0.344727 -0.149414
v 0.334961 0.358398 -0.149414
v 0.350586 0.350586 -0.155273
v 0.350586 0.34668 -0.147461
v 0.350586 0.34668 -0.147461
v 0.350586 0.34668 -0.147461
v 0.344727 0.344727 -0.149414
v 0.350586 0.350586 -0.155273
v 0.350586 0.34668 -0.147461
v 0.350586 0.350586 -0.155273
v 0.352539 0.352539 -0.151367
v 0.352539 0.352539 -0.151367
v 0.352539 0.352539 -0.151367
v 0.329102 0.272461 -0.217773
v 0.329102 0.272461 -0.217773
v 0.321289 0.295898 -0.219727
v 0.333008 0.291992 -0.219727
v 0.321289 0.295898 -0.219727
v 0.333008 0.291992 -0.219727
v 0.323242 0.311523 -0.22168
v 0.334961 0.30957 -0.22168
v 0.323242 0.311523 -0.22168
v 0.334961 0.30957 -0.22168
v 0.331055 0.327148 -0.22168
v 0.325195 0.327148 -0.22168
v 0.323242 0.342773 -0.219727
v 0.262695 0.428711 -0.174805
v 0.266602 0.428711 -0.170898
v 0.266602 0.420898 -0.172852
v 0.268555 0.420898 -0.166992
v 0.297852 0.401367 -0.211914
v 0.295898 0.385742 -0.206055
v 0.311523 0.381836 -0.206055
v 0.313477 0.399414 -0.211914
v 0.297852 0.401367 -0.211914
v 0.313477 0.399414 -0.211914
v 0.297852 0.415039 -0.21582
v 0.311523 0.416992 -0.21582
v 0.297852 0.415039 -0.21582
v 0.295898 0.430664 -0.217773
v 0.311523 0.416992 -0.21582
v 0.303711 0.432617 -0.217773
v 0.295898 0.430664 -0.217773
v 0.303711 0.432617 -0.217773
v 0.293945 0.446289 -0.21582
v 0.290039 0.444336 -0.21582
v 0.282227 0.458008 -0.213867
v 0.383789 0.280273 -0.12793
v 0.375977 0.27832 -0.135742
v 0.381836 0.262695 -0.124023
v 0.383789 0.295898 -0.133789
v 0.375977 0.293945 -0.141602
v 0.375977 0.293945 -0.141602
v 0.383789 0.295898 -0.133789
v 0.383789 0.295898 -0.133789
v -0.237305 0.016602 0.010742
v -0.24707 0.016602 0.03418
v -0.24707 0.014648 0.03418
v -0.24707 0.014648 0.03418
v -0.229492 -0.401367 0.03418
v -0.233398 -0.40332 0.038086
v -0.231445 -0.405273 0.03418
v 0.219727 -0.405273 0.03418
v 0.22168 -0.40332 0.038086
v 0.217773 -0.401367 0.03418
v 0.282227 -0.075195 0.124023
v 0.282227 -0.077148 0.12793
v 0.280273 -0.073242 0.129883
v 0.135742 0.430664 -0.010742
v 0.145508 0.436523 -0.016602
v 0.125977 0.420898 -0.006836
v 0.137695 0.426758 -0.012695
v 0.125977 0.420898 -0.006836
v 0.178711 0.438477 -0.045898
v 0.186523 0.430664 -0.05957
v 0.174805 0.428711 -0.043945
v 0.186523 0.430664 -0.05957
v 0.180664 0.424805 -0.051758
v 0.174805 0.428711 -0.043945
v 0.22168 0.362305 -0.129883
v 0.235352 0.342773 -0.135742
v 0.213867 0.375977 -0.120117
v 0.235352 0.342773 -0.135742
v 0.22168 0.356445 -0.125977
v 0.213867 0.375977 -0.120117
v 0.22168 0.362305 -0.129883
v 0.37207 0.30957 -0.145508
v 0.366211 0.323242 -0.147461
v 0.383789 0.295898 -0.133789
v 0.375977 0.311523 -0.141602
v 0.366211 0.323242 -0.147461
v 0.323242 0.342773 -0.219727
v 0.334961 0.30957 -0.22168
v 0.331055 0.327148 -0.22168
v 0.323242 0.342773 -0.219727
v 0.325195 0.327148 -0.22168
v 0.334961 0.30957 -0.22168
v 0.325195 0.327148 -0.22168
v 0.282227 0.458008 -0.213867
v 0.293945 0.446289 -0.21582
v 0.290039 0.444336 -0.21582
v -0.422852 -0.09668 0.110352
v -0.426758 -0.09668 0.106445
v -0.426758 -0.098633 0.104492
v -0.418945 -0.12207 0.112305
v -0.416992 -0.09668 0.12207
v -0.413086 -0.124023 0.12207
v -0.40332 -0.12207 0.135742
v -0.424805 -0.116211 0.104492
v -0.426758 -0.110352 0.100586
v -0.422852 -0.09082 0.112305
v -0.428711 -0.104492 0.098633
v -0.428711 -0.09082 0.104492
v -0.430664 -0.09668 0.098633
v -0.40918 -0.084961 0.133789
v -0.393555 -0.116211 0.149414
v -0.401367 -0.083008 0.143555
v -0.393555 -0.084961 0.15332
v -0.387695 -0.108398 0.157227
v -0.389648 -0.09082 0.15918
v -0.387695 -0.098633 0.161133
v -0.426758 -0.116211 0.116211
v -0.415039 -0.081055 0.139648
v -0.415039 -0.092773 0.139648
v -0.416992 -0.071289 0.131836
v -0.422852 -0.06543 0.120117
v -0.428711 -0.063477 0.102539
v -0.43457 -0.120117 0.09668
v -0.436523 -0.067383 0.083008
v -0.44043 -0.118164 0.075195
v -0.442383 -0.075195 0.06543
v -0.446289 -0.110352 0.05957
v -0.446289 -0.086914 0.053711
v -0.448242 -0.100586 0.051758
v -0.120117 -0.430664 0.047852
v -0.118164 -0.458008 0.041992
v -0.12207 -0.442383 0.051758
v -0.12207 -0.452148 0.049805
v -0.114258 -0.422852 0.038086
v -0.114258 -0.459961 0.03418
v -0.108398 -0.459961 0.022461
v -0.104492 -0.454102 0.012695
v -0.108398 -0.416992 0.02832
v -0.102539 -0.416992 0.016602
v -0.098633 -0.420898 0.008789
v -0.100586 -0.448242 0.004883
v -0.098633 -0.438477 0.000977
v -0.09668 -0.428711 0.00293
v -0.110352 -0.430664 0.03418
v -0.110352 -0.430664 0.03418
v -0.110352 -0.430664 0.03418
v -0.106445 -0.426758 0.026367
v -0.104492 -0.426758 0.020508
v -0.106445 -0.426758 0.026367
v -0.104492 -0.426758 0.020508
v -0.100586 -0.436523 0.010742
v -0.100586 -0.432617 0.010742
v -0.104492 -0.426758 0.020508
v -0.100586 -0.432617 0.010742
v -0.100586 -0.426758 0.014648
v -0.104492 -0.426758 0.020508
v -0.108398 -0.43457 0.030273
v -0.106445 -0.448242 0.024414
v -0.110352 -0.438477 0.032227
v -0.110352 -0.442383 0.032227
v -0.110352 -0.446289 0.030273
v -0.106445 -0.432617 0.024414
v -0.104492 -0.43457 0.020508
v -0.104492 -0.43457 0.020508
v -0.104492 -0.44043 0.016602
v -0.106445 -0.448242 0.024414
v -0.104492 -0.44043 0.016602
v -0.104492 -0.446289 0.018555
v -0.106445 -0.448242 0.024414
v -0.108398 -0.444336 0.02832
v -0.106445 -0.436523 0.024414
v -0.108398 -0.442383 0.030273
v -0.108398 -0.438477 0.030273
v -0.106445 -0.436523 0.024414
v -0.108398 -0.436523 0.02832
v -0.108398 -0.438477 0.030273
v -0.106445 -0.436523 0.024414
v -0.106445 -0.446289 0.024414
v -0.106445 -0.444336 0.020508
v -0.106445 -0.436523 0.024414
v -0.106445 -0.436523 0.024414
v -0.104492 -0.436523 0.022461
v 0.088867 -0.448242 0.004883
v 0.086914 -0.420898 0.008789
v 0.092773 -0.454102 0.012695
v 0.086914 -0.438477 0.000977
v 0.086914 -0.438477 0.000977
v 0.084961 -0.428711 0.00293
v 0.086914 -0.420898 0.008789
v 0.09082 -0.416992 0.016602
v 0.09668 -0.416992 0.02832
v 0.102539 -0.422852 0.038086
v 0.09668 -0.459961 0.022461
v 0.102539 -0.459961 0.03418
v 0.106445 -0.458008 0.041992
v 0.108398 -0.430664 0.047852
v 0.110352 -0.442383 0.051758
v 0.110352 -0.452148 0.049805
v 0.092773 -0.43457 0.020508
v 0.094727 -0.448242 0.024414
v 0.092773 -0.44043 0.016602
v 0.092773 -0.446289 0.018555
v 0.094727 -0.432617 0.024414
v 0.09668 -0.43457 0.030273
v 0.098633 -0.438477 0.032227
v 0.098633 -0.442383 0.032227
v 0.098633 -0.442383 0.032227
v 0.098633 -0.446289 0.030273
v 0.094727 -0.448242 0.024414
v 0.094727 -0.436523 0.024414
v 0.092773 -0.44043 0.020508
v 0.094727 -0.444336 0.020508
v 0.092773 -0.436523 0.022461
v 0.37793 -0.09082 0.15918
v 0.37793 -0.108398 0.157227
v 0.375977 -0.098633 0.161133
v 0.381836 -0.084961 0.15332
v 0.389648 -0.083008 0.143555
v 0.383789 -0.116211 0.149414
v 0.397461 -0.084961 0.133789
v 0.391602 -0.12207 0.135742
v 0.405273 -0.09668 0.12207
v 0.401367 -0.124023 0.12207
v 0.40918 -0.12207 0.112305
v 0.413086 -0.116211 0.104492
v 0.416992 -0.110352 0.100586
v 0.411133 -0.09082 0.112305
v 0.418945 -0.104492 0.098633
v 0.416992 -0.09082 0.104492
v 0.418945 -0.09668 0.098633
v 0.393555 -0.100586 0.137695
v 0.393555 -0.100586 0.137695
v 0.391602 -0.108398 0.139648
v 0.415039 -0.106445 0.106445
v 0.415039 -0.102539 0.104492
v 0.413086 -0.09668 0.110352
v 0.415039 -0.102539 0.104492
v 0.415039 -0.09668 0.106445
v 0.413086 -0.09668 0.110352
v 0.415039 -0.102539 0.104492
v 0.416992 -0.098633 0.104492
v 0.415039 -0.09668 0.106445
v 0.407227 -0.071289 0.131836
v 0.415039 -0.116211 0.116211
v 0.405273 -0.081055 0.139648
v 0.415039 -0.116211 0.116211
v 0.405273 -0.092773 0.139648
v 0.405273 -0.081055 0.139648
v 0.411133 -0.06543 0.120117
v 0.416992 -0.063477 0.102539
v 0.422852 -0.120117 0.09668
v 0.424805 -0.067383 0.083008
v 0.430664 -0.118164 0.075195
v 0.432617 -0.075195 0.06543
v 0.43457 -0.110352 0.05957
v 0.432617 -0.075195 0.06543
v 0.436523 -0.086914 0.053711
v 0.43457 -0.110352 0.05957
v 0.436523 -0.086914 0.053711
v 0.436523 -0.100586 0.051758
v 0.43457 -0.110352 0.05957
v 0.415039 -0.077148 0.112305
v 0.420898 -0.112305 0.098633
v 0.426758 -0.110352 0.083008
v 0.342773 0.206055 -0.114258
v 0.344727 0.19043 -0.100586
v 0.344727 0.225586 -0.120117
v 0.342773 0.206055 -0.114258
v 0.344727 0.19043 -0.100586
v 0.348633 0.206055 -0.106445
v 0.344727 0.225586 -0.120117
v 0.360352 0.235352 -0.118164
v 0.366211 0.249023 -0.12793
v 0.356445 0.237305 -0.124023
v 0.344727 0.225586 -0.120117
vt 0.927426 0.424435
vt 0.927847 0.414282
vt 0.94417 0.414282
vt 0.552279 0.975287
vt 0.531927 0.975301
vt 0.53531 0.950929
vt 0.945085 0.423803
vt 0.80892 0.033143
vt 0.794342 0.036328
vt 0.791528 0.027196
vt 0.552279 0.952208
vt 0.214868 0.270264
vt 0.211329 0.250752
vt 0.214867 0.2484
vt 0.805464 0.006317
vt 0.810792 0.102559
vt 0.807391 0.112029
vt 0.791986 0.108106
vt 0.966908 0.649167
vt 0.966908 0.673142
vt 0.963004 0.671544
vt 0.796339 0.080475
vt 0.908349 0.765208
vt 0.891425 0.76245
vt 0.911512 0.743028
vt 0.890643 0.740333
vt 0.822244 0.278561
vt 0.814824 0.303451
vt 0.8071 0.282237
vt 0.91033 0.732988
vt 0.804847 0.272088
vt 0.92844 0.449881
vt 0.798544 0.135895
vt 0.944701 0.44887
vt 0.802896 0.059864
vt 0.65132 0.938421
vt 0.634251 0.958514
vt 0.63306 0.93725
vt 0.852476 0.262345
vt 0.847135 0.282659
vt 0.837292 0.259922
vt 0.633422 0.927385
vt 0.651105 0.929252
vt 0.854437 0.252711
vt 0.717697 0.568443
vt 0.705854 0.584173
vt 0.705854 0.566771
vt 0.649714 0.958514
vt 0.061086 0.609901
vt 0.072251 0.602986
vt 0.071465 0.617746
vt 0.062638 0.585992
vt 0.050658 0.592714
vt 0.26168 0.326448
vt 0.255333 0.334624
vt 0.257614 0.327981
vt 0.479114 0.637092
vt 0.472968 0.63789
vt 0.480435 0.631366
vt 0.483245 0.63789
vt 0.471428 0.632513
vt 0.118279 0.284761
vt 0.122001 0.277468
vt 0.122542 0.282938
vt 0.257781 0.338331
vt 0.118399 0.276955
vt 0.117979 0.27035
vt 0.121761 0.271945
vt 0.490168 0.533814
vt 0.486355 0.529583
vt 0.490168 0.52347
vt 0.137626 0.183498
vt 0.142686 0.183214
vt 0.142686 0.193046
vt 0.105795 0.277934
vt 0.104475 0.287051
vt 0.24817 0.634993
vt 0.250631 0.637695
vt 0.23948 0.640723
vt 0.240893 0.637607
vt 0.238886 0.657907
vt 0.254862 0.652329
vt 0.104475 0.268141
vt 0.44117 0.105756
vt 0.44117 0.087932
vt 0.454917 0.090392
vt 0.660175 0.62614
vt 0.650863 0.616053
vt 0.664229 0.612146
vt 0.454411 0.103771
vt 0.151079 0.734176
vt 0.14127 0.745325
vt 0.14127 0.733048
vt 0.668106 0.621903
vt 0.969498 0.703358
vt 0.952857 0.702102
vt 0.970265 0.685536
vt 0.659547 0.593442
vt 0.645018 0.598478
vt 0.435476 0.583977
vt 0.42683 0.594245
vt 0.420908 0.581169
vt 0.424994 0.563732
vt 0.951064 0.685605
vt 0.440174 0.567946
vt 0.151046 0.743727
vt 0.4179 0.58975
vt 0.470588 0.281851
vt 0.469439 0.272012
vt 0.478418 0.282015
vt 0.902954 0.778898
vt 0.891338 0.776563
vt 0.786608 0.823271
vt 0.777357 0.834294
vt 0.772953 0.820723
vt 0.77876 0.798123
vt 0.793097 0.801606
vt 0.478418 0.26834
vt 0.98873 0.001562
vt 0.986595 0.018901
vt 0.974318 0.020144
vt 0.974318 0.001752
vt 0.828583 0.300448
vt 0.824694 0.313909
vt 0.36259 0.604565
vt 0.36259 0.616068
vt 0.353708 0.614072
vt 0.769702 0.832133
vt 0.37602 0.423022
vt 0.370693 0.413645
vt 0.37602 0.408637
vt 0.832615 0.309898
vt 0.938425 0.485888
vt 0.951189 0.475547
vt 0.949163 0.486811
vt 0.936438 0.475483
vt 0.93604 0.453293
vt 0.953478 0.453293
vt 0.330604 0.725421
vt 0.325073 0.724928
vt 0.330696 0.720955
vt 0.325183 0.733574
vt 0.269337 0.312047
vt 0.273094 0.309529
vt 0.266024 0.319061
vt 0.330696 0.732626
vt 0.320747 0.725313
vt 0.318667 0.722265
vt 0.32522 0.720896
vt 0.063101 0.053717
vt 0.063101 0.045054
vt 0.065468 0.047861
vt 0.319689 0.732073
vt 0.318047 0.557035
vt 0.322543 0.557526
vt 0.320903 0.574106
vt 0.2675 0.323187
vt 0.276273 0.328176
vt 0.290118 0.311545
vt 0.400206 0.477011
vt 0.399217 0.471099
vt 0.416307 0.469465
vt 0.328822 0.557745
vt 0.330041 0.569751
vt 0.224117 0.650165
vt 0.23181 0.643975
vt 0.234305 0.646506
vt 0.225888 0.662097
vt 0.483454 0.631147
vt 0.724714 0.334456
vt 0.73125 0.333524
vt 0.730972 0.347269
vt 0.724714 0.349172
vt 0.482389 0.624708
vt 0.479477 0.626017
vt 0.327296 0.09315
vt 0.332374 0.096343
vt 0.327296 0.11247
vt 0.740289 0.35084
vt 0.353115 0.071166
vt 0.352839 0.067035
vt 0.358336 0.067035
vt 0.358612 0.071166
vt 0.997236 0.119314
vt 0.998084 0.123316
vt 0.991211 0.123316
vt 0.998366 0.089845
vt 0.995999 0.092609
vt 0.991211 0.089845
vt 0.359233 0.080576
vt 0.22739 0.105756
vt 0.221191 0.097407
vt 0.228298 0.097407
vt 0.352503 0.078583
vt 0.409379 0.232986
vt 0.419665 0.232986
vt 0.415614 0.243406
vt 0.311096 0.314602
vt 0.271786 0.344927
vt 0.232457 0.682886
vt 0.342124 0.590438
vt 0.380399 0.481979
vt 0.378326 0.474634
vt 0.32265 0.594549
vt 0.351824 0.483454
vt 0.327965 0.380911
vt 0.337088 0.325165
vt 0.351072 0.474865
vt 0.324079 0.623433
vt 0.93147 0.702161
vt 0.934934 0.698899
vt 0.93822 0.707406
vt 0.929977 0.812834
vt 0.927265 0.822177
vt 0.925495 0.811822
vt 0.933298 0.708872
vt 0.929403 0.802755
vt 0.93837 0.71718
vt 0.970221 0.491847
vt 0.970221 0.472087
vt 0.983694 0.475932
vt 0.982811 0.488386
vt 0.789453 0.146043
vt 0.784579 0.13242
vt 0.816533 0.056167
vt 0.813184 0.070504
vt 0.820864 0.066005
vt 0.620643 0.525584
vt 0.608149 0.535466
vt 0.606246 0.524686
vt 0.606246 0.50047
vt 0.541121 0.684893
vt 0.541121 0.672349
vt 0.54874 0.672898
vt 0.548922 0.683307
vt 0.781125 0.141915
vt 0.617991 0.535492
vt 0.622783 0.500284
vt 0.838063 0.292087
vt 0.833076 0.279405
vt 0.718466 0.580248
vt 0.829876 0.288587
vt 0.730133 0.058753
vt 0.72753 0.047884
vt 0.740255 0.048267
vt 0.726757 0.028154
vt 0.739267 0.058141
vt 0.740289 0.028154
vt 0.116587 0.421343
vt 0.116587 0.410591
vt 0.125899 0.411451
vt 0.12542 0.420746
vt 0.078897 0.611987
vt 0.141863 0.949378
vt 0.131809 0.94694
vt 0.131557 0.937684
vt 0.119185 0.51673
vt 0.114174 0.52542
vt 0.114174 0.507741
vt 0.141067 0.933454
vt 0.619425 0.292145
vt 0.614424 0.292262
vt 0.60727 0.2845
vt 0.615392 0.277418
vt 0.970265 0.675674
vt 0.642857 0.588868
vt 0.138853 0.960786
vt 0.142212 0.977437
vt 0.138853 0.980337
vt 0.971759 0.709239
vt 0.954069 0.726306
vt 0.954069 0.705897
vt 0.65093 0.568663
vt 0.951064 0.675743
vt 0.652403 0.172188
vt 0.671464 0.193046
vt 0.650157 0.193046
vt 0.890643 0.731281
vt 0.058753 0.439809
vt 0.055235 0.43784
vt 0.058753 0.417369
vt 0.784941 0.773104
vt 0.795684 0.792712
vt 0.669803 0.170935
vt 0.60727 0.310552
vt 0.816397 0.252199
vt 0.142686 0.953112
vt 0.131557 0.961872
vt 0.918226 0.404304
vt 0.908812 0.414629
vt 0.908812 0.391713
vt 0.154437 0.977168
vt 0.18421 0.590888
vt 0.18421 0.578191
vt 0.196403 0.579945
vt 0.968721 0.727514
vt 0.46339 0.476526
vt 0.468346 0.490168
vt 0.46013 0.490168
vt 0.668106 0.571776
vt 0.769702 0.782585
vt 0.24448 0.013338
vt 0.231827 0.015855
vt 0.232238 0.007881
vt 0.242879 0.002447
vt 0.39574 0.176185
vt 0.387254 0.152621
vt 0.41295 0.143964
vt 0.254039 0.05442
vt 0.222575 0.050377
vt 0.25893 0.03473
vt 0.291196 0.914639
vt 0.297123 0.916619
vt 0.289814 0.919816
vt 0.296648 0.90736
vt 0.29003 0.907968
vt 0.287692 0.913734
vt 0.285228 0.919082
vt 0.281249 0.908917
vt 0.286785 0.90848
vt 0.221485 0.870017
vt 0.215025 0.871224
vt 0.215804 0.863604
vt 0.22011 0.862799
vt 0.231655 0.853167
vt 0.208863 0.867832
vt 0.228265 0.852775
vt 0.211955 0.860806
vt 0.276056 0.917614
vt 0.28155 0.923601
vt 0.276141 0.924456
vt 0.204259 0.861218
vt 0.292014 0.932158
vt 0.286869 0.935013
vt 0.285312 0.925924
vt 0.288299 0.923994
vt 0.295434 0.926221
vt 0.282283 0.934279
vt 0.282067 0.926437
vt 0.278388 0.930956
vt 0.710705 0.221385
vt 0.725181 0.224512
vt 0.71911 0.245085
vt 0.564588 0.555228
vt 0.579305 0.575717
vt 0.564881 0.579137
vt 0.70596 0.244433
vt 0.075517 0.136979
vt 0.067005 0.157721
vt 0.057243 0.136101
vt 0.059085 0.115202
vt 0.077218 0.113277
vt 0.655744 0.96517
vt 0.656385 0.957038
vt 0.665681 0.968034
vt 0.366469 0.151032
vt 0.375849 0.147527
vt 0.666428 0.972445
vt 0.651747 0.976979
vt 0.966507 0.892209
vt 0.964063 0.902259
vt 0.959688 0.90319
vt 0.971944 0.892917
vt 0.045324 0.152181
vt 0.03884 0.16283
vt 0.03884 0.144522
vt 0.051182 0.438868
vt 0.057074 0.445249
vt 0.051182 0.448202
vt 0.666428 0.953876
vt 0.202092 0.245251
vt 0.214868 0.230879
vt 0.353362 0.164876
vt 0.971944 0.916548
vt 0.725181 0.964958
vt 0.725181 0.985373
vt 0.707552 0.982888
vt 0.063789 0.760433
vt 0.056666 0.750273
vt 0.063789 0.744439
vt 0.708156 0.967022
vt 0.832615 0.259473
vt 0.781125 0.090294
vt 0.844413 0.235566
vt 0.820864 0.0151
vt 0.088213 0.962948
vt 0.110792 0.957732
vt 0.109566 0.980337
vt 0.088615 0.980337
vt 0.829876 0.246306
vt 0.367145 0.195525
vt 0.398658 0.185882
vt 0.223328 0.059254
vt 0.228298 0.219914
vt 0.228298 0.228313
vt 0.215789 0.22326
vt 0.218776 0.21908
vt 0.225508 0.258513
vt 0.046333 0.568056
vt 0.050819 0.566091
vt 0.045522 0.585262
vt 0.063753 0.570186
vt 0.078897 0.54784
vt 0.061588 0.52442
vt 0.971416 0.863604
vt 0.987051 0.847697
vt 0.987051 0.864509
vt 0.860402 0.307519
vt 0.876092 0.311787
vt 0.860402 0.346563
vt 0.909985 0.778581
vt 0.913001 0.754051
vt 0.931656 0.757634
vt 0.931656 0.795684
vt 0.971604 0.848329
vt 0.881296 0.340193
vt 0.660082 0.077315
vt 0.668106 0.088969
vt 0.636741 0.081222
vt 0.636288 0.07312
vt 0.367596 0.203908
vt 0.667369 0.094041
vt 0.683214 0.094041
vt 0.680643 0.115827
vt 0.864313 0.360912
vt 0.665505 0.069469
vt 0.96351 0.298584
vt 0.971944 0.295522
vt 0.971944 0.318945
vt 0.220706 0.829565
vt 0.228403 0.829152
vt 0.224875 0.834355
vt 0.231655 0.841149
vt 0.227646 0.843364
vt 0.222401 0.820747
vt 0.217018 0.827762
vt 0.21301 0.829977
vt 0.209001 0.820174
vt 0.21624 0.817356
vt 0.210398 0.833983
vt 0.203778 0.828185
vt 0.201327 0.839195
vt 0.208405 0.84139
vt 0.276964 0.903177
vt 0.27956 0.898828
vt 0.280077 0.901664
vt 0.284928 0.904398
vt 0.285096 0.898391
vt 0.290373 0.896537
vt 0.287518 0.899467
vt 0.294526 0.901277
vt 0.286737 0.894632
vt 0.283233 0.893727
vt 0.28051 0.897658
vt 0.278779 0.893993
vt 0.276056 0.897924
vt 0.282674 0.897316
vt 0.209802 0.855199
vt 0.201327 0.851213
vt 0.208725 0.849391
vt 0.406328 0.235729
vt 0.262978 0.093652
vt 0.234132 0.108346
vt 0.256397 0.060619
vt 0.18372 0.150686
vt 0.177437 0.172902
vt 0.166785 0.153931
vt 0.175957 0.130371
vt 0.580312 0.551996
vt 0.157488 0.131067
vt 0.375621 0.242544
vt 0.41295 0.278545
vt 0.270569 0.129342
vt 0.246205 0.151079
vt 0.634859 0.037057
vt 0.667208 0.041887
vt 0.270264 0.85531
vt 0.261501 0.85559
vt 0.255931 0.83283
vt 0.192489 0.429244
vt 0.192746 0.454642
vt 0.168474 0.459953
vt 0.163165 0.430879
vt 0.382396 0.280336
vt 0.668106 0.014914
vt 0.637383 0.001624
vt 0.441487 0.558245
vt 0.430495 0.541221
vt 0.971944 0.730217
vt 0.975301 0.530456
vt 0.960038 0.512868
vt 0.975301 0.507477
vt 0.968586 0.114149
vt 0.956628 0.097502
vt 0.968586 0.088639
vt 0.502181 0.802399
vt 0.520384 0.784232
vt 0.519488 0.802399
vt 0.977971 0.656356
vt 0.967761 0.636353
vt 0.982015 0.636353
vt 0.500169 0.77864
vt 0.951618 0.427345
vt 0.969908 0.428052
vt 0.951618 0.447439
vt 0.4179 0.545726
vt 0.9518 0.058176
vt 0.93929 0.042422
vt 0.9518 0.040405
vt 0.064199 0.523459
vt 0.080576 0.52287
vt 0.080576 0.540528
vt 0.931115 0.049763
vt 0.935193 0.039572
vt 0.937937 0.073861
vt 0.940511 0.27312
vt 0.921068 0.272769
vt 0.919857 0.25791
vt 0.943406 0.586061
vt 0.941165 0.600024
vt 0.923667 0.595886
vt 0.048495 0.983694
vt 0.058277 0.965578
vt 0.065468 0.983694
vt 0.941728 0.25791
vt 0.92803 0.583473
vt 0.908093 0.595951
vt 0.918226 0.608985
vt 0.908093 0.617746
vt 0.943406 0.611369
vt 0.93153 0.619425
vt 0.940869 0.282974
vt 0.922125 0.283998
vt 0.273621 0.020764
vt 0.272431 0.034228
vt 0.42455 0.802399
vt 0.42455 0.786356
vt 0.431415 0.798059
vt 0.924159 0.297123
vt 0.937464 0.296323
vt 0.535161 0.266606
vt 0.527683 0.25074
vt 0.535492 0.253251
vt 0.527683 0.268585
vt 0.753557 0.655655
vt 0.73562 0.656356
vt 0.733285 0.633629
vt 0.758754 0.632394
vt 0.132646 0.876323
vt 0.134417 0.867226
vt 0.146049 0.887225
vt 0.138669 0.889689
vt 0.152758 0.864702
vt 0.148126 0.852671
vt 0.130427 0.852854
vt 0.75649 0.619394
vt 0.732527 0.620522
vt 0.758754 0.604616
vt 0.729115 0.607106
vt 0.152758 0.838529
vt 0.223971 0.674775
vt 0.196297 0.675981
vt 0.196875 0.668323
vt 0.863496 0.936875
vt 0.888011 0.944652
vt 0.863496 0.965229
vt 0.227769 0.679461
vt 0.196421 0.709012
vt 0.73272 0.583311
vt 0.716978 0.266152
vt 0.856206 0.704477
vt 0.871224 0.712939
vt 0.856864 0.724626
vt 0.193046 0.167856
vt 0.052151 0.174108
vt 0.050939 0.154745
vt 0.705155 0.267974
vt 0.870389 0.730787
vt 0.039606 0.168199
vt 0.719006 0.28388
vt 0.857205 0.74261
vt 0.034847 0.185457
vt 0.710361 0.287781
vt 0.868212 0.746794
vt 0.026861 0.178155
vt 0.725181 0.298801
vt 0.856206 0.758754
vt 0.50267 0.277466
vt 0.510312 0.291796
vt 0.50267 0.295444
vt 0.017025 0.192047
vt 0.970265 0.453238
vt 0.702724 0.951692
vt 0.71343 0.933753
vt 0.71343 0.960193
vt 0.542773 0.874506
vt 0.564029 0.890665
vt 0.542773 0.902236
vt 0.562173 0.919905
vt 0.849824 0.387026
vt 0.866188 0.390012
vt 0.848706 0.41415
vt 0.864454 0.415547
vt 0.122542 0.955157
vt 0.098005 0.955157
vt 0.107631 0.926166
vt 0.023501 0.937452
vt 0.002566 0.946764
vt 0.002566 0.912852
vt 0.866188 0.441487
vt 0.255931 0.881815
vt 0.681536 0.699451
vt 0.680115 0.698893
vt 0.680557 0.688011
vt 0.871698 0.38213
vt 0.876706 0.381699
vt 0.877939 0.393388
vt 0.821201 0.703912
vt 0.823255 0.715017
vt 0.816346 0.705601
vt 0.871843 0.392119
vt 0.877934 0.405566
vt 0.870426 0.403861
vt 0.814789 0.692928
vt 0.82118 0.69114
vt 0.680115 0.710073
vt 0.870062 0.372104
vt 0.868135 0.361755
vt 0.873619 0.371438
vt 0.321701 0.441487
vt 0.321701 0.430503
vt 0.323981 0.440426
vt 0.8259 0.723903
vt 0.823656 0.725181
vt 0.807471 0.254266
vt 0.811016 0.24408
vt 0.812471 0.24454
vt 0.804715 0.252468
vt 0.803445 0.26382
vt 0.81957 0.715741
vt 0.799561 0.263074
vt 0.801848 0.273659
vt 0.796836 0.273966
vt 0.950288 0.533804
vt 0.953478 0.559101
vt 0.944228 0.532623
vt 0.228298 0.701514
vt 0.222164 0.731858
vt 0.196297 0.745325
vt 0.264607 0.884653
vt 0.944228 0.562351
vt 0.221583 0.431989
vt 0.22095 0.45377
vt 0.456595 0.049023
vt 0.456595 0.08729
vt 0.439106 0.072582
vt 0.8259 0.66578
vt 0.82162 0.678584
vt 0.817833 0.663714
vt 0.319282 0.866221
vt 0.311466 0.876951
vt 0.309626 0.862625
vt 0.320624 0.85116
vt 0.814958 0.678853
vt 0.320624 0.879617
vt 0.078897 0.591042
vt 0.078897 0.602639
vt 0.070583 0.593285
vt 0.013547 0.185175
vt 0.002535 0.194724
vt 0.80514 0.296762
vt 0.812471 0.308873
vt 0.800486 0.300414
vt 0.796232 0.286904
vt 0.868135 0.414629
vt 0.802033 0.285471
vt 0.789837 0.736604
vt 0.761302 0.737231
vt 0.76164 0.720139
vt 0.232556 0.631176
vt 0.220483 0.620029
vt 0.241727 0.606916
vt 0.799042 0.719725
vt 0.764824 0.743046
vt 0.968586 0.87626
vt 0.962912 0.874183
vt 0.968586 0.852886
vt 0.220498 0.600427
vt 0.783621 0.751481
vt 0.799042 0.755378
vt 0.389449 0.948503
vt 0.389449 0.971944
vt 0.367584 0.971842
vt 0.765216 0.750705
vt 0.904 0.505037
vt 0.912331 0.506179
vt 0.914244 0.524837
vt 0.90212 0.52697
vt 0.778499 0.764374
vt 0.797615 0.775573
vt 0.21459 0.41575
vt 0.189923 0.410713
vt 0.215659 0.396015
vt 0.766386 0.76124
vt 0.756105 0.766753
vt 0.749412 0.759214
vt 0.753775 0.777068
vt 0.761419 0.78897
vt 0.899434 0.924324
vt 0.924941 0.897965
vt 0.924941 0.92662
vt 0.607675 0.297564
vt 0.6021 0.298801
vt 0.607438 0.290216
vt 0.203589 0.077218
vt 0.208154 0.070158
vt 0.207964 0.075686
vt 0.247812 0.352536
vt 0.248693 0.345234
vt 0.252759 0.343701
vt 0.25026 0.356243
vt 0.203671 0.070598
vt 0.203589 0.062887
vt 0.207255 0.064732
vt 0.266907 0.438055
vt 0.261688 0.437398
vt 0.26185 0.430043
vt 0.6021 0.289995
vt 0.266853 0.429234
vt 0.414629 0.6765
vt 0.407592 0.659192
vt 0.414629 0.65874
vt 0.029764 0.383917
vt 0.035252 0.387082
vt 0.029764 0.406236
vt 0.040288 0.021823
vt 0.032411 0.015083
vt 0.040288 0.002029
vt 0.258502 0.439809
vt 0.258502 0.428536
vt 0.266012 0.6493
vt 0.259253 0.632308
vt 0.270513 0.631529
vt 0.278311 0.651575
vt 0.967384 0.525569
vt 0.97698 0.539213
vt 0.967384 0.545564
vt 0.160071 0.350912
vt 0.160071 0.34532
vt 0.16396 0.352518
vt 0.164509 0.345823
vt 0.163426 0.338097
vt 0.160199 0.339888
vt 0.634336 0.962998
vt 0.640718 0.961569
vt 0.640537 0.979762
vt 0.632558 0.982015
vt 0.899276 0.956037
vt 0.906476 0.958825
vt 0.899276 0.97698
vt 0.649641 0.982015
vt 0.269069 0.363369
vt 0.263926 0.675648
vt 0.276252 0.016787
vt 0.277116 0.009001
vt 0.281582 0.01671
vt 0.008393 0.344815
vt 0.001704 0.32645
vt 0.008322 0.328923
vt 0.242897 0.36821
vt 0.245916 0.36363
vt 0.243937 0.384135
vt 0.276252 0.003643
vt 0.280718 0.001495
vt 0.298893 0.222849
vt 0.298798 0.208026
vt 0.303837 0.205653
vt 0.282015 0.008984
vt 0.001704 0.345804
vt 0.303837 0.22494
vt 0.313764 0.592567
vt 0.313764 0.574794
vt 0.317267 0.578061
vt 0.966766 0.581321
vt 0.973659 0.581143
vt 0.975301 0.600797
vt 0.966766 0.604317
vt 0.267964 0.389449
vt 0.247845 0.388548
vt 0.363851 0.790756
vt 0.371882 0.791998
vt 0.374341 0.812471
vt 0.363851 0.810344
vt 0.30048 0.653251
vt 0.280744 0.630464
vt 0.206338 0.104505
vt 0.209832 0.121985
vt 0.206338 0.124221
vt 0.300428 0.632376
vt 0.300657 0.389449
vt 0.295583 0.680129
vt 0.569895 0.147722
vt 0.57451 0.139657
vt 0.57578 0.14726
vt 0.57578 0.134053
vt 0.571786 0.132164
vt 0.568625 0.140119
vt 0.077101 0.003179
vt 0.08578 0.001469
vt 0.080461 0.023754
vt 0.871751 0.436769
vt 0.870972 0.416242
vt 0.878156 0.416399
vt 0.880358 0.436328
vt 0.090806 0.021491
vt 0.870972 0.467001
vt 0.882975 0.468346
vt 0.094005 0.052377
vt 0.077445 0.051459
vt 0.921812 0.014301
vt 0.911696 0.014408
vt 0.928298 0.003848
vt 0.915498 0.047002
vt 0.424866 0.209343
vt 0.437237 0.220161
vt 0.431613 0.228298
vt 0.928298 0.022952
vt 0.927037 0.039797
vt 0.418846 0.226832
vt 0.905492 0.023017
vt 0.927994 0.05641
vt 0.925446 0.067276
vt 0.909165 0.069162
vt 0.489971 0.958808
vt 0.498562 0.962884
vt 0.489971 0.978658
vt 0.917959 0.05301
vt 0.905735 0.037637
vt 0.929977 0.081612
vt 0.449881 0.209027
vt 0.262399 0.700498
vt 0.23883 0.711751
vt 0.352039 0.61927
vt 0.934727 0.827579
vt 0.932872 0.816498
vt 0.940049 0.82652
vt 0.939068 0.817561
vt 0.002374 0.669785
vt 0.002375 0.656875
vt 0.006715 0.659519
vt 0.858693 0.303837
vt 0.859856 0.29535
vt 0.866337 0.303645
vt 0.975301 0.931392
vt 0.968554 0.931887
vt 0.968488 0.920611
vt 0.975301 0.922094
vt 0.181295 0.36458
vt 0.180083 0.376551
vt 0.174087 0.365536
vt 0.933852 0.805791
vt 0.172721 0.354651
vt 0.179929 0.353695
vt 0.173774 0.375022
vt 0.377698 0.703358
vt 0.373167 0.699586
vt 0.377698 0.690824
vt 0.177123 0.386446
vt 0.317742 0.241707
vt 0.32004 0.251162
vt 0.317742 0.251799
vt 0.919967 0.829257
vt 0.917622 0.827044
vt 0.922679 0.819915
vt 0.028537 0.163109
vt 0.028537 0.172902
vt 0.026301 0.172086
vt 0.322302 0.242003
vt 0.669659 0.946764
vt 0.666271 0.938437
vt 0.669785 0.938826
vt 0.860914 0.284675
vt 0.867499 0.295157
vt 0.940049 0.806855
vt 0.868558 0.284482
vt 0.66516 0.930224
vt 0.669731 0.930322
vt 0.937474 0.793666
vt 0.169613 0.344264
vt 0.176047 0.341999
vt 0.11093 0.592744
vt 0.115827 0.59633
vt 0.11093 0.605996
vt 0.86059 0.27389
vt 0.666325 0.922127
vt 0.926121 0.803849
vt 0.669785 0.922284
vt 0.934586 0.717051
vt 0.966285 0.332374
vt 0.960169 0.331654
vt 0.960169 0.31977
vt 0.869279 0.273318
vt 0.859929 0.262617
vt 0.966908 0.321146
vt 0.586086 0.860258
vt 0.590888 0.863578
vt 0.586393 0.872447
vt 0.170945 0.383697
vt 0.170172 0.396164
vt 0.581082 0.871259
vt 0.974364 0.941728
vt 0.945085 0.769688
vt 0.938378 0.769424
vt 0.941009 0.760114
vt 0.493526 0.298951
vt 0.487806 0.305023
vt 0.471298 0.285842
vt 0.95561 0.485132
vt 0.95561 0.458544
vt 0.961872 0.464381
vt 0.287065 0.711751
vt 0.498562 0.958514
vt 0.4909 0.953003
vt 0.498562 0.930484
vt 0.489135 0.323555
vt 0.471269 0.304938
vt 0.751885 0.19839
vt 0.73001 0.202806
vt 0.727389 0.185032
vt 0.467716 0.293839
vt 0.757075 0.182074
vt 0.1656 0.391561
vt 0.469984 0.323667
vt 0.753129 0.223633
vt 0.49068 0.348651
vt 0.72764 0.228195
vt 0.359233 0.620054
vt 0.343665 0.642935
vt 0.681538 0.846593
vt 0.692961 0.843666
vt 0.689862 0.867934
vt 0.673451 0.870431
vt 0.166187 0.184652
vt 0.156714 0.183648
vt 0.166187 0.160183
vt 0.710073 0.83964
vt 0.710073 0.863634
vt 0.093169 0.081241
vt 0.956836 0.827579
vt 0.944443 0.825265
vt 0.956836 0.79896
vt 0.077101 0.083839
vt 0.943458 0.797595
vt 0.58464 0.884347
vt 0.053717 0.129801
vt 0.04807 0.11827
vt 0.053717 0.116607
vt 0.580143 0.884477
vt 0.620923 0.940127
vt 0.620923 0.905997
vt 0.632855 0.911363
vt 0.358159 0.377909
vt 0.628873 0.941728
vt 0.087663 0.110791
vt 0.758754 0.74782
vt 0.729363 0.757819
vt 0.734488 0.73476
vt 0.944594 0.780676
vt 0.937951 0.781481
vt 0.048273 0.129038
vt 0.586443 0.896225
vt 0.945085 0.792327
vt 0.490433 0.907913
vt 0.495204 0.919485
vt 0.491387 0.919298
vt 0.049335 0.142686
vt 0.582759 0.897672
vt 0.604684 0.118119
vt 0.601678 0.119295
vt 0.593989 0.112685
vt 0.935682 0.185765
vt 0.941728 0.191842
vt 0.935682 0.219904
vt 0.428058 0.334053
vt 0.414138 0.330198
vt 0.428058 0.316878
vt 0.664727 0.092281
vt 0.651 0.111314
vt 0.635787 0.110203
vt 0.492719 0.930874
vt 0.607991 0.128011
vt 0.606531 0.129104
vt 0.590888 0.906476
vt 0.490433 0.930532
vt 0.492811 0.761568
vt 0.49059 0.760491
vt 0.493526 0.749537
vt 0.956836 0.391128
vt 0.947365 0.391128
vt 0.951809 0.362414
vt 0.416656 0.321432
vt 0.661477 0.109507
vt 0.64867 0.119959
vt 0.610649 0.138658
vt 0.490434 0.941728
vt 0.607643 0.139834
vt 0.49034 0.77191
vt 0.488549 0.771735
vt 0.502245 0.874548
vt 0.503677 0.884943
vt 0.500426 0.884371
vt 0.637127 0.125072
vt 0.651677 0.147713
vt 0.638755 0.14999
vt 0.660896 0.130968
vt 0.493526 0.375427
vt 0.467124 0.352958
vt 0.749486 0.251008
vt 0.727389 0.255156
vt 0.472107 0.387649
vt 0.491215 0.386225
vt 0.124221 0.958974
vt 0.124221 0.980337
vt 0.115249 0.977293
vt 0.113958 0.959134
vt 0.445821 0.356114
vt 0.452508 0.396164
vt 0.444623 0.325808
vt 0.458274 0.311407
vt 0.456352 0.32662
vt 0.446415 0.349161
vt 0.1656 0.333788
vt 0.172034 0.331523
vt 0.869545 0.261457
vt 0.341123 0.949075
vt 0.342965 0.924115
vt 0.365948 0.955157
vt 0.365948 0.921516
vt 0.770504 0.471324
vt 0.770504 0.511991
vt 0.747237 0.471288
vt 0.760335 0.440229
vt 0.635787 0.176259
vt 0.65279 0.168017
vt 0.814269 0.881647
vt 0.811919 0.873182
vt 0.822543 0.875924
vt 0.822543 0.897858
vt 0.907543 0.064212
vt 0.159954 0.360934
vt 0.164509 0.359621
vt 0.164509 0.382734
vt 0.458274 0.348459
vt 0.80024 0.887706
vt 0.41482 0.209455
vt 0.417774 0.194144
vt 0.428738 0.187927
vt 0.443325 0.19481
vt 0.609835 0.410064
vt 0.607741 0.403772
vt 0.612614 0.404456
vt 0.615755 0.40919
vt 0.607129 0.410212
vt 0.991211 0.186942
vt 0.99764 0.186942
vt 0.994226 0.191956
vt 0.617093 0.414021
vt 0.611857 0.412405
vt 0.612831 0.416306
vt 0.617746 0.421343
vt 0.604278 0.411869
vt 0.602547 0.406509
vt 0.522977 0.050715
vt 0.525754 0.044558
vt 0.527099 0.049985
vt 0.9956 0.458097
vt 0.993406 0.456697
vt 0.9956 0.456697
vt 0.994089 0.266452
vt 0.991971 0.265502
vt 0.994317 0.264953
vt 0.993405 0.458097
vt 0.991211 0.458097
vt 0.991211 0.261554
vt 0.993102 0.264003
vt 0.544348 0.657902
vt 0.540303 0.658465
vt 0.539309 0.653646
vt 0.545564 0.653438
vt 0.992114 0.261554
vt 0.991211 0.506613
vt 0.994185 0.506596
vt 0.994185 0.507694
vt 0.991211 0.275292
vt 0.994177 0.273556
vt 0.993657 0.275358
vt 0.99231 0.552052
vt 0.991211 0.550981
vt 0.993405 0.550981
vt 0.790146 0.965912
vt 0.792146 0.961764
vt 0.794006 0.968073
vt 0.996699 0.275358
vt 0.991781 0.388307
vt 0.993127 0.389785
vt 0.991211 0.391246
vt 0.992382 0.475723
vt 0.991211 0.473929
vt 0.995142 0.473929
vt 0.994807 0.475424
vt 0.548921 0.377884
vt 0.545628 0.382328
vt 0.543527 0.376725
vt 0.547849 0.384765
vt 0.998542 0.011759
vt 0.994458 0.015868
vt 0.991211 0.011759
vt 0.186245 0.007069
vt 0.182395 0.002483
vt 0.18801 0.001984
vt 0.352146 0.511426
vt 0.355876 0.515961
vt 0.350819 0.51851
vt 0.355557 0.520175
vt 0.355221 0.525404
vt 0.350332 0.525338
vt 0.740923 0.708417
vt 0.748657 0.712803
vt 0.737348 0.726009
vt 0.720929 0.712809
vt 0.709259 0.729244
vt 0.709501 0.720477
vt 0.991211 0.488588
vt 0.992532 0.487792
vt 0.99485 0.488588
vt 0.994387 0.504116
vt 0.991211 0.504116
vt 0.991981 0.502061
vt 0.993813 0.537157
vt 0.991211 0.537157
vt 0.993061 0.535977
vt 0.991211 0.543682
vt 0.99364 0.543048
vt 0.99364 0.544581
vt 0.355876 0.528778
vt 0.998562 0.009278
vt 0.991211 0.009278
vt 0.996267 0.004765
vt 0.995012 0.195494
vt 0.992105 0.199425
vt 0.991211 0.194437
vt 0.997285 0.199425
vt 0.181932 0.004229
vt 0.991211 0.184461
vt 0.994834 0.181922
vt 0.997834 0.184461
vt 0.181932 0.010072
vt 0.503195 0.895153
vt 0.613306 0.149305
vt 0.60883 0.149968
vt 0.747715 0.692012
vt 0.675247 0.123719
vt 0.490555 0.782715
vt 0.499052 0.895296
vt 0.486509 0.782978
vt 0.724982 0.690848
vt 0.503567 0.905657
vt 0.613768 0.160789
vt 0.609207 0.160441
vt 0.490771 0.793521
vt 0.497678 0.906221
vt 0.484932 0.794014
vt 0.66847 0.160773
vt 0.821193 0.916236
vt 0.806884 0.91462
vt 0.803571 0.901135
vt 0.674302 0.146845
vt 0.685003 0.160383
vt 0.674694 0.173699
vt 0.786164 0.91147
vt 0.405058 0.187082
vt 0.781874 0.901752
vt 0.796449 0.919905
vt 0.412533 0.179832
vt 0.968586 0.766395
vt 0.967698 0.776993
vt 0.949055 0.766526
vt 0.965229 0.917061
vt 0.965229 0.941728
vt 0.957437 0.935389
vt 0.960653 0.916312
vt 0.686718 0.175597
vt 0.948272 0.781905
vt 0.968586 0.789226
vt 0.472942 0.903118
vt 0.464583 0.888799
vt 0.481204 0.894169
vt 0.955997 0.794006
vt 0.071196 0.838623
vt 0.086152 0.833109
vt 0.089581 0.852759
vt 0.072886 0.816796
vt 0.68825 0.142654
vt 0.489738 0.86358
vt 0.464583 0.870874
vt 0.474156 0.853292
vt 0.104077 0.811746
vt 0.103907 0.830513
vt 0.478585 0.879634
vt 0.496883 0.881178
vt 0.494398 0.90049
vt 0.390816 0.867867
vt 0.371579 0.865152
vt 0.37962 0.836842
vt 0.399521 0.855172
vt 0.348724 0.847593
vt 0.354241 0.865615
vt 0.9704 0.048512
vt 0.969937 0.030501
vt 0.982015 0.034351
vt 0.982015 0.05036
vt 0.428058 0.966813
vt 0.428058 0.980561
vt 0.412967 0.983694
vt 0.412967 0.963073
vt 0.925 0.095684
vt 0.912046 0.086486
vt 0.822114 0.779005
vt 0.829663 0.781749
vt 0.82818 0.793388
vt 0.832211 0.764518
vt 0.820823 0.797565
vt 0.617855 0.406072
vt 0.636403 0.407811
vt 0.625179 0.426864
vt 0.163505 0.702524
vt 0.152523 0.681371
vt 0.172772 0.676616
vt 0.181126 0.705037
vt 0.907543 0.094718
vt 0.844365 0.805814
vt 0.833464 0.815252
vt 0.844365 0.822543
vt 0.440928 0.178113
vt 0.643672 0.425285
vt 0.647962 0.410501
vt 0.819853 0.809363
vt 0.647962 0.456903
vt 0.616779 0.46247
vt 0.604811 0.429866
vt 0.526276 0.569014
vt 0.534712 0.553523
vt 0.544857 0.56856
vt 0.525126 0.601907
vt 0.919701 0.835127
vt 0.936692 0.835127
vt 0.928106 0.854267
vt 0.922251 0.85607
vt 0.191367 0.67611
vt 0.191367 0.702483
vt 0.436945 0.896609
vt 0.443849 0.904048
vt 0.427991 0.900546
vt 0.466667 0.903116
vt 0.466568 0.919096
vt 0.438596 0.91859
vt 0.181398 0.643986
vt 0.639219 0.718069
vt 0.635485 0.684068
vt 0.65126 0.684404
vt 0.654052 0.718841
vt 0.516259 0.95527
vt 0.527871 0.956587
vt 0.516259 0.978658
vt 0.747502 0.507938
vt 0.92584 0.874394
vt 0.443037 0.93837
vt 0.921819 0.874581
vt 0.528778 0.975214
vt 0.159307 0.646352
vt 0.239075 0.511203
vt 0.243138 0.509414
vt 0.243746 0.529666
vt 0.388314 0.812217
vt 0.399521 0.820217
vt 0.393329 0.83757
vt 0.239293 0.530456
vt 0.466667 0.93657
vt 0.266557 0.500944
vt 0.264557 0.530318
vt 0.348805 0.827605
vt 0.605816 0.374042
vt 0.627818 0.371612
vt 0.627818 0.402878
vt 0.530456 0.356455
vt 0.528525 0.359876
vt 0.512719 0.350952
vt 0.617223 0.714569
vt 0.618335 0.684344
vt 0.30051 0.495365
vt 0.295411 0.52972
vt 0.167086 0.624812
vt 0.658418 0.745816
vt 0.647501 0.750624
vt 0.629311 0.48735
vt 0.614052 0.488994
vt 0.661392 0.758754
vt 0.625434 0.496883
vt 0.724437 0.7838
vt 0.739681 0.757972
vt 0.739363 0.789599
vt 0.73345 0.793969
vt 0.753718 0.800885
vt 0.611692 0.745834
vt 0.633256 0.74951
vt 0.333121 0.498563
vt 0.32494 0.527595
vt 0.622846 0.756554
vt 0.6444 0.756367
vt 0.72908 0.799471
vt 0.065657 0.582147
vt 0.068122 0.574648
vt 0.084928 0.59088
vt 0.090431 0.584987
vt 0.901055 0.383534
vt 0.882005 0.40768
vt 0.884553 0.382847
vt 0.752015 0.809941
vt 0.724437 0.81507
vt 0.603598 0.758754
vt 0.344125 0.509414
vt 0.097442 0.606849
vt 0.898507 0.408367
vt 0.900657 0.431415
vt 0.106112 0.603304
vt 0.882357 0.430933
vt 0.546342 0.542966
vt 0.560358 0.542966
vt 0.558109 0.565849
vt 0.437418 0.165716
vt 0.449279 0.157392
vt 0.423742 0.169823
vt 0.430841 0.155498
vt 0.544901 0.599576
vt 0.558445 0.598188
vt 0.44952 0.127543
vt 0.52451 0.626687
vt 0.647151 0.482301
vt 0.540997 0.624153
vt 0.526132 0.634533
vt 0.647266 0.490768
vt 0.002609 0.276979
vt 0.002609 0.249741
vt 0.015108 0.267987
vt 0.544902 0.628195
vt 0.492923 0.560906
vt 0.474398 0.539569
vt 0.483954 0.53278
vt 0.389449 0.147722
vt 0.379042 0.141456
vt 0.389449 0.120649
vt 0.590069 0.39724
vt 0.586527 0.42629
vt 0.571922 0.420368
vt 0.598993 0.404452
vt 0.258586 0.001354
vt 0.270264 0.008093
vt 0.258586 0.028537
vt 0.604244 0.380939
vt 0.486264 0.562141
vt 0.470442 0.545682
vt 0.18559 0.778898
vt 0.178384 0.778846
vt 0.186471 0.75479
vt 0.193046 0.756254
vt 0.941728 0.359672
vt 0.937107 0.38121
vt 0.927652 0.361537
vt 0.631176 0.069833
vt 0.625304 0.082799
vt 0.606343 0.079933
vt 0.623051 0.046559
vt 0.369428 0.942845
vt 0.369428 0.920142
vt 0.38255 0.923576
vt 0.576927 0.45202
vt 0.597531 0.44813
vt 0.386092 0.941572
vt 0.592279 0.461931
vt 0.611032 0.457087
vt 0.380065 0.953478
vt 0.59905 0.425267
vt 0.562351 0.616539
vt 0.657344 0.235977
vt 0.675198 0.230297
vt 0.678178 0.245578
vt 0.564402 0.44333
vt 0.64516 0.265984
vt 0.641793 0.241463
vt 0.66208 0.263687
vt 0.607892 0.467588
vt 0.601538 0.476739
vt 0.568072 0.382171
vt 0.552164 0.386925
vt 0.551332 0.373358
vt 0.491736 0.581716
vt 0.50024 0.582097
vt 0.929215 0.401199
vt 0.917469 0.374051
vt 0.492923 0.604886
vt 0.908868 0.38899
vt 0.129877 0.829111
vt 0.131856 0.810895
vt 0.154437 0.816286
vt 0.486264 0.60203
vt 0.14772 0.837475
vt 0.414808 0.153205
vt 0.166088 0.002379
vt 0.17458 0.015491
vt 0.166088 0.026859
vt 0.403567 0.167746
vt 0.420599 0.124814
vt 0.494894 0.35348
vt 0.509856 0.354589
vt 0.501021 0.374932
vt 0.041026 0.671464
vt 0.028221 0.652701
vt 0.055645 0.662948
vt 0.528168 0.383638
vt 0.494894 0.403915
vt 0.525544 0.416776
vt 0.06465 0.637157
vt 0.02921 0.626265
vt 0.449881 0.109092
vt 0.424553 0.108633
vt 0.045277 0.607754
vt 0.068825 0.618846
vt 0.392806 0.950121
vt 0.386908 0.923461
vt 0.392806 0.922175
vt 0.073861 0.06611
vt 0.069212 0.070504
vt 0.069212 0.044358
vt 0.617746 0.948852
vt 0.612728 0.9518
vt 0.612728 0.922917
vt 0.67412 0.545508
vt 0.682832 0.570744
vt 0.672008 0.57059
vt 0.352518 0.955196
vt 0.337743 0.978658
vt 0.337561 0.955196
vt 0.682882 0.545567
vt 0.69274 0.545633
vt 0.695009 0.570744
vt 0.673411 0.516832
vt 0.68321 0.515842
vt 0.694222 0.516972
vt 0.028221 0.598992
vt 0.518487 0.444717
vt 0.497162 0.430951
vt 0.667725 0.491085
vt 0.067751 0.661392
vt 0.065657 0.656347
vt 0.087188 0.64698
vt 0.095226 0.654492
vt 0.684101 0.489043
vt 0.701679 0.491313
vt 0.611032 0.387501
vt 0.748719 0.822543
vt 0.184996 0.732884
vt 0.191322 0.730769
vt 0.031276 0.588435
vt 0.565559 0.503066
vt 0.580816 0.527583
vt 0.56497 0.528989
vt 0.049479 0.071266
vt 0.064093 0.064
vt 0.073144 0.088156
vt 0.055572 0.093311
vt 0.579717 0.502253
vt 0.15199 0.107158
vt 0.151777 0.081762
vt 0.16732 0.084945
vt 0.17009 0.107955
vt 0.564588 0.479916
vt 0.578552 0.479494
vt 0.168889 0.062684
vt 0.155534 0.058607
vt 0.052603 0.042492
vt 0.039254 0.050747
vt 0.471505 0.413924
vt 0.459388 0.396316
vt 0.473382 0.393051
vt 0.03778 0.024896
vt 0.991211 0.2821
vt 0.992334 0.278199
vt 0.995929 0.2821
vt 0.996423 0.277839
vt 0.605013 0.629377
vt 0.614389 0.630679
vt 0.614254 0.635047
vt 0.605013 0.639569
vt 0.601621 0.481469
vt 0.606034 0.48166
vt 0.601621 0.491847
vt 0.021585 0.445726
vt 0.021537 0.441684
vt 0.030216 0.439258
vt 0.030216 0.449881
vt 0.167866 0.30048
vt 0.162667 0.291691
vt 0.166581 0.290936
vt 0.446523 0.711535
vt 0.446523 0.723502
vt 0.438056 0.717184
vt 0.459953 0.199299
vt 0.458377 0.209832
vt 0.450068 0.203114
vt 0.449906 0.199299
vt 0.158505 0.30048
vt 0.611032 0.491302
vt 0.297898 0.481844
vt 0.307195 0.480684
vt 0.301743 0.491264
vt 0.252653 0.280539
vt 0.260192 0.290408
vt 0.25057 0.290408
vt 0.659501 0.721823
vt 0.654716 0.693052
vt 0.668106 0.693052
vt 0.307317 0.928094
vt 0.321744 0.930806
vt 0.307317 0.958514
vt 0.273621 0.139308
vt 0.560694 0.159473
vt 0.547365 0.126088
vt 0.559752 0.128893
vt 0.569065 0.104926
vt 0.569065 0.156415
vt 0.322303 0.956998
vt 0.132623 0.569065
vt 0.132623 0.558358
vt 0.134293 0.559228
vt 0.307195 0.491847
vt 0.884653 0.762993
vt 0.884653 0.798335
vt 0.868796 0.778725
vt 0.866967 0.753151
vt 0.557289 0.095557
vt 0.23951 0.929461
vt 0.212736 0.910941
vt 0.245084 0.910941
vt 0.256675 0.279966
vt 0.99178 0.311081
vt 0.99588 0.311081
vt 0.991211 0.312859
vt 0.996202 0.315137
vt 0.935654 0.767147
vt 0.935654 0.733401
vt 0.945085 0.7392
vt 0.931025 0.028866
vt 0.933403 0.001988
vt 0.941728 0.003721
vt 0.941728 0.036931
vt 0.868047 0.805756
vt 0.593858 0.97698
vt 0.587157 0.952534
vt 0.605996 0.952534
vt 0.853794 0.778094
vt 0.225401 0.546988
vt 0.232987 0.539198
vt 0.239006 0.569714
vt 0.227144 0.568572
vt 0.238263 0.595798
vt 0.220483 0.579295
vt 0.8259 0.953478
vt 0.81215 0.949286
vt 0.8259 0.923616
vt 0.22374 0.539618
vt 0.803782 0.945778
vt 0.802647 0.924886
vt 0.81113 0.919826
vt 0.695745 0.788152
vt 0.711161 0.790097
vt 0.711659 0.797816
vt 0.720145 0.817802
vt 0.700785 0.81363
vt 0.696441 0.795822
vt 0.720145 0.771281
vt 0.706511 0.832615
vt 0.682647 0.814414
vt 0.677619 0.83243
vt 0.84235 0.188511
vt 0.849182 0.161081
vt 0.867738 0.193046
vt 0.249011 0.946764
vt 0.265406 0.915578
vt 0.271943 0.936304
vt 0.882975 0.898189
vt 0.882975 0.92529
vt 0.854451 0.925051
vt 0.856242 0.899619
vt 0.84235 0.141274
vt 0.854256 0.137865
vt 0.871224 0.162628
vt 0.90212 0.548921
vt 0.916366 0.547901
vt 0.906476 0.6239
vt 0.897232 0.634621
vt 0.876797 0.629286
vt 0.923021 0.521598
vt 0.925727 0.539169
vt 0.929971 0.530416
vt 0.030581 0.211055
vt 0.043629 0.21225
vt 0.032864 0.231331
vt 0.896159 0.654965
vt 0.873813 0.652996
vt 0.045174 0.233197
vt 0.05237 0.214426
vt 0.055396 0.228319
vt 0.030581 0.250501
vt 0.906476 0.673142
vt 0.677925 0.772106
vt 0.693774 0.768414
vt 0.67704 0.798705
vt 0.480096 0.782149
vt 0.479418 0.799686
vt 0.457389 0.785614
vt 0.461975 0.757256
vt 0.477379 0.756295
vt 0.448757 0.615773
vt 0.451135 0.642691
vt 0.435262 0.624134
vt 0.426528 0.63519
vt 0.163916 0.744647
vt 0.162787 0.715526
vt 0.176259 0.716372
vt 0.624184 0.539038
vt 0.632854 0.550039
vt 0.622367 0.565408
vt 0.606445 0.561737
vt 0.594425 0.54757
vt 0.249011 0.91071
vt 0.468244 0.634532
vt 0.473382 0.668572
vt 0.522485 0.709801
vt 0.517704 0.746526
vt 0.514839 0.710906
vt 0.157936 0.715483
vt 0.1459 0.692578
vt 0.153283 0.69052
vt 0.497573 0.745988
vt 0.498497 0.71799
vt 0.498367 0.775356
vt 0.528778 0.747152
vt 0.528778 0.780576
vt 0.832585 0.881987
vt 0.835729 0.873053
vt 0.847723 0.885186
vt 0.440347 0.670171
vt 0.437607 0.650296
vt 0.456358 0.671938
vt 0.841045 0.889366
vt 0.844296 0.9006
vt 0.435055 0.686407
vt 0.429662 0.677802
vt 0.52813 0.189143
vt 0.533814 0.196688
vt 0.52813 0.206475
vt 0.423018 0.644165
vt 0.96222 0.408416
vt 0.970265 0.408702
vt 0.967784 0.421343
vt 0.834859 0.897625
vt 0.832718 0.890739
vt 0.960857 0.416451
vt 0.960857 0.399279
vt 0.969063 0.395982
vt 0.455195 0.698322
vt 0.833108 0.904428
vt 0.827256 0.886393
vt 0.840705 0.911009
vt 0.783934 0.970247
vt 0.776801 0.950292
vt 0.783934 0.946427
vt 0.827413 0.908854
vt 0.607675 0.822652
vt 0.588995 0.828745
vt 0.589034 0.81874
vt 0.159277 0.740362
vt 0.456465 0.804944
vt 0.089227 0.159473
vt 0.089227 0.14096
vt 0.095684 0.148455
vt 0.801057 0.222734
vt 0.809114 0.225558
vt 0.807676 0.234845
vt 0.798599 0.23553
vt 0.975301 0.869244
vt 0.975301 0.888011
vt 0.966781 0.887374
vt 0.002215 0.130335
vt 0.002133 0.123942
vt 0.006715 0.116084
vt 0.006715 0.135971
vt 0.776484 0.970265
vt 0.423018 0.693462
vt 0.809114 0.412444
vt 0.779222 0.424099
vt 0.784784 0.408581
vt 0.847723 0.918226
vt 0.570006 0.833825
vt 0.584089 0.838501
vt 0.577574 0.847723
vt 0.801778 0.442656
vt 0.774684 0.45757
vt 0.764988 0.433987
vt 0.832138 0.916502
vt 0.57939 0.829351
vt 0.579417 0.816153
vt 0.570006 0.814242
vt 0.584538 0.804343
vt 0.578115 0.796745
vt 0.593305 0.798146
vt 0.607233 0.789715
vt 0.602796 0.799627
vt 0.802184 0.246763
vt 0.591186 0.787879
vt 0.623212 0.585125
vt 0.809114 0.241135
vt 0.597855 0.805729
vt 0.59201 0.80986
vt 0.632854 0.597691
vt 0.614731 0.617114
vt 0.603442 0.592511
vt 0.255156 0.298649
vt 0.250091 0.316685
vt 0.232711 0.284584
vt 0.02353 0.703493
vt 0.001604 0.685582
vt 0.028229 0.672544
vt 0.001974 0.715932
vt 0.045324 0.689847
vt 0.045324 0.7088
vt 0.034024 0.727559
vt 0.022387 0.731895
vt 0.862831 0.617229
vt 0.833026 0.594731
vt 0.862831 0.587481
vt 0.83347 0.029682
vt 0.822338 0.056715
vt 0.81906 0.025052
vt 0.93902 0.679857
vt 0.93902 0.647887
vt 0.9518 0.671215
vt 0.834294 0.018414
vt 0.836643 0.625456
vt 0.675438 0.740669
vt 0.682995 0.765468
vt 0.663847 0.756674
vt 0.003528 0.322894
vt 0.001636 0.301759
vt 0.032471 0.319197
vt 0.525686 0.468123
vt 0.547254 0.463444
vt 0.554818 0.482262
vt 0.530552 0.495339
vt 0.560672 0.513604
vt 0.68868 0.736118
vt 0.011349 0.653681
vt 0.469696 0.922179
vt 0.481775 0.94506
vt 0.469696 0.953478
vt 0.698322 0.744028
vt 0.031962 0.300269
vt 0.663847 0.724035
vt 0.671905 0.721822
vt 0.830402 0.052816
vt 0.834294 0.077218
vt 0.858382 0.642926
vt 0.671702 0.693344
vt 0.804078 0.164509
vt 0.792844 0.159553
vt 0.804078 0.131911
vt 0.499174 0.49573
vt 0.492162 0.454888
vt 0.028662 0.769511
vt 0.002335 0.764124
vt 0.016715 0.735125
vt 0.037243 0.747473
vt 0.015847 0.791071
vt 0.850016 0.940049
vt 0.002335 0.80072
vt 0.896785 0.897523
vt 0.924564 0.884636
vt 0.041487 0.255156
vt 0.899203 0.881253
vt 0.331326 0.192958
vt 0.339085 0.210041
vt 0.32297 0.197909
vt 0.301765 0.269529
vt 0.309278 0.271565
vt 0.303129 0.287051
vt 0.314151 0.183735
vt 0.319593 0.177719
vt 0.207311 0.127658
vt 0.21549 0.145288
vt 0.201365 0.132796
vt 0.191912 0.118905
vt 0.328344 0.212472
vt 0.342446 0.227911
vt 0.305655 0.253902
vt 0.314153 0.254659
vt 0.817308 0.46938
vt 0.832037 0.467532
vt 0.821237 0.491721
vt 0.83933 0.442088
vt 0.83933 0.50024
vt 0.250884 0.821692
vt 0.23476 0.856024
vt 0.23476 0.822448
vt 0.246312 0.799337
vt 0.040288 0.784824
vt 0.302285 0.173392
vt 0.305276 0.167305
vt 0.288366 0.166419
vt 0.206697 0.148521
vt 0.218226 0.163033
vt 0.209775 0.164842
vt 0.215519 0.180892
vt 0.533814 0.416698
vt 0.528338 0.415984
vt 0.530348 0.399242
vt 0.858295 0.471703
vt 0.851553 0.471518
vt 0.851695 0.455809
vt 0.859473 0.455537
vt 0.851553 0.438947
vt 0.613231 0.761395
vt 0.619425 0.762592
vt 0.617938 0.779412
vt 0.611341 0.777094
vt 0.207411 0.181277
vt 0.859435 0.439016
vt 0.532136 0.432601
vt 0.209966 0.196846
vt 0.528338 0.432596
vt 0.612522 0.793645
vt 0.617107 0.79482
vt 0.203725 0.195992
vt 0.42295 0.763282
vt 0.430293 0.746687
vt 0.444845 0.74816
vt 0.409192 0.954924
vt 0.395301 0.977035
vt 0.395301 0.954819
vt 0.436197 0.770505
vt 0.435753 0.720161
vt 0.42309 0.721971
vt 0.42295 0.69777
vt 0.181295 0.27115
vt 0.179274 0.298801
vt 0.168981 0.286134
vt 0.571407 0.252037
vt 0.587531 0.251302
vt 0.587531 0.273621
vt 0.168981 0.260086
vt 0.851745 0.42384
vt 0.630074 0.081142
vt 0.631176 0.098128
vt 0.622883 0.095488
vt 0.627271 0.113946
vt 0.330738 0.228418
vt 0.61811 0.111796
vt 0.178384 0.709245
vt 0.584173 0.948188
vt 0.583663 0.968986
vt 0.55945 0.949513
vt 0.55945 0.975301
vt 0.2452 0.467697
vt 0.265009 0.480786
vt 0.244465 0.50024
vt 0.253478 0.856116
vt 0.226872 0.488178
vt 0.273876 0.496298
vt 0.292873 0.479244
vt 0.466667 0.968586
vt 0.457744 0.963297
vt 0.466667 0.943789
vt 0.283119 0.458001
vt 0.322303 0.447442
vt 0.30901 0.455215
vt 0.305387 0.429086
vt 0.317863 0.462067
vt 0.305387 0.466667
vt 0.218435 0.274602
vt 0.231655 0.264712
vt 0.231655 0.278658
vt 0.531855 0.44876
vt 0.614857 0.809601
vt 0.201428 0.210786
vt 0.529455 0.449009
vt 0.198377 0.210414
vt 0.618023 0.810149
vt 0.533134 0.46331
vt 0.191912 0.221583
vt 0.619425 0.822543
vt 0.052729 0.260658
vt 0.056578 0.272095
vt 0.041074 0.268148
vt 0.045963 0.279586
vt 0.409593 0.978658
vt 0.592068 0.084781
vt 0.599316 0.075069
vt 0.600637 0.097362
vt 0.060975 0.283735
vt 0.583784 0.093965
vt 0.608608 0.095116
vt 0.907195 0.359672
vt 0.599067 0.051716
vt 0.742139 0.841256
vt 0.736383 0.832605
vt 0.753718 0.829458
vt 0.054516 0.291225
vt 0.064163 0.313509
vt 0.076192 0.293634
vt 0.072916 0.302663
vt 0.753718 0.834485
vt 0.753718 0.856116
vt 0.739437 0.854466
vt 0.439413 0.532281
vt 0.451559 0.523069
vt 0.451559 0.545564
vt 0.87626 0.502342
vt 0.858263 0.497432
vt 0.865477 0.482233
vt 0.85664 0.517361
vt 0.715415 0.85337
vt 0.726864 0.858411
vt 0.714088 0.829572
vt 0.714088 0.882975
vt 0.87626 0.533789
vt 0.094936 0.307278
vt 0.939558 0.299061
vt 0.9518 0.318705
vt 0.939558 0.330696
vt 0.486789 0.130935
vt 0.485924 0.104312
vt 0.501919 0.104312
vt 0.094054 0.298249
vt 0.112568 0.293634
vt 0.815837 0.789187
vt 0.802882 0.760046
vt 0.820707 0.765596
vt 0.117606 0.302663
vt 0.115616 0.787632
vt 0.13356 0.795157
vt 0.107981 0.807196
vt 0.110817 0.831874
vt 0.72405 0.882121
vt 0.544085 0.539575
vt 0.521457 0.527191
vt 0.061628 0.327355
vt 0.527558 0.557315
vt 0.090737 0.320735
vt 0.083701 0.332374
vt 0.492162 0.539384
vt 0.510334 0.549546
vt 0.691143 0.41295
vt 0.695579 0.3721
vt 0.708394 0.368218
vt 0.691143 0.332063
vt 0.705203 0.412001
vt 0.580816 0.061673
vt 0.575443 0.102398
vt 0.565578 0.08138
vt 0.560513 0.035121
vt 0.580816 0.020061
vt 0.565706 0.060293
vt 0.332281 0.298503
vt 0.342446 0.290163
vt 0.342446 0.315425
vt 0.334328 0.317267
vt 0.738539 0.584173
vt 0.73865 0.562711
vt 0.752039 0.584173
vt 0.799387 0.789615
vt 0.818792 0.343883
vt 0.822118 0.319929
vt 0.835972 0.315845
vt 0.833071 0.345112
vt 0.682625 0.965229
vt 0.673876 0.964834
vt 0.684893 0.946148
vt 0.673876 0.937527
vt 0.944265 0.649615
vt 0.955157 0.640002
vt 0.955157 0.668106
vt 0.771914 0.637083
vt 0.792327 0.630501
vt 0.778797 0.643378
vt 0.764036 0.658063
vt 0.561646 0.095165
vt 0.662234 0.899377
vt 0.660033 0.883796
vt 0.673142 0.87775
vt 0.583567 0.475672
vt 0.598006 0.477713
vt 0.60096 0.522309
vt 0.588217 0.518305
vt 0.673142 0.921387
vt 0.619978 0.024925
vt 0.583784 0.032381
vt 0.589141 0.023478
vt 0.595552 0.0027
vt 0.904753 0.407288
vt 0.906476 0.385995
vt 0.619787 0.006041
vt 0.906476 0.428894
vt 0.303837 0.450999
vt 0.278591 0.438084
vt 0.297894 0.429638
vt 0.258077 0.443274
vt 0.809114 0.466771
vt 0.781688 0.47506
vt 0.716051 0.93093
vt 0.726989 0.931197
vt 0.728538 0.960193
vt 0.716051 0.956878
vt 0.131111 0.785612
vt 0.127389 0.785473
vt 0.133542 0.773791
vt 0.073861 0.681536
vt 0.070398 0.670664
vt 0.073861 0.669359
vt 0.784431 0.886332
vt 0.78276 0.874792
vt 0.793679 0.873506
vt 0.792247 0.885059
vt 0.07554 0.618885
vt 0.07554 0.63087
vt 0.072383 0.630178
vt 0.031894 0.077717
vt 0.024023 0.086592
vt 0.024023 0.074977
vt 0.127589 0.772918
vt 0.023707 0.866596
vt 0.030216 0.86673
vt 0.029639 0.879412
vt 0.023726 0.878776
vt 0.025848 0.890397
vt 0.135183 0.759961
vt 0.126836 0.759569
vt 0.020549 0.855402
vt 0.02837 0.853664
vt 0.252398 0.337108
vt 0.227491 0.342446
vt 0.226972 0.312609
vt 0.206523 0.310062
vt 0.206359 0.342377
vt 0.203399 0.274097
vt 0.580149 0.603588
vt 0.593096 0.634533
vt 0.637383 0.271903
vt 0.625327 0.272461
vt 0.626266 0.25911
vt 0.010844 0.426957
vt 0.005887 0.412309
vt 0.025576 0.407876
vt 0.135971 0.719311
vt 0.135971 0.733004
vt 0.124542 0.71875
vt 0.030197 0.421522
vt 0.018587 0.439809
vt 0.63789 0.260107
vt 0.636626 0.287239
vt 0.023255 0.394835
vt 0.625466 0.287672
vt 0.002759 0.396036
vt 0.195925 0.338909
vt 0.545821 0.016439
vt 0.562073 0.002273
vt 0.781876 0.861144
vt 0.795948 0.862033
vt 0.193593 0.304799
vt 0.170099 0.320955
vt 0.527793 0.004178
vt 0.127362 0.746162
vt 0.135708 0.746554
vt 0.781828 0.847578
vt 0.797477 0.849554
vt 0.126083 0.732528
vt 0.325058 0.133241
vt 0.335035 0.13861
vt 0.328127 0.150335
vt 0.319559 0.159473
vt 0.319457 0.143973
vt 0.781828 0.833548
vt 0.799042 0.83739
vt 0.035252 0.432823
vt 0.329834 0.121391
vt 0.341359 0.124708
vt 0.31303 0.153584
vt 0.334025 0.107365
vt 0.346621 0.110919
vt 0.335842 0.09427
vt 0.349161 0.094654
vt 0.151721 0.304213
vt 0.66307 0.810743
vt 0.623947 0.824222
vt 0.628026 0.794864
vt 0.812471 0.728538
vt 0.801172 0.704156
vt 0.81181 0.696691
vt 0.653588 0.784936
vt 0.617746 0.908182
vt 0.617596 0.92001
vt 0.616158 0.91946
vt 0.617746 0.933334
vt 0.935013 0.567243
vt 0.933268 0.56759
vt 0.933268 0.555793
vt 0.934933 0.580816
vt 0.073703 0.641248
vt 0.027472 0.097348
vt 0.025093 0.097933
vt 0.026013 0.110792
vt 0.028858 0.087368
vt 0.022831 0.890514
vt 0.020549 0.90144
vt 0.549642 0.069217
vt 0.54254 0.057262
vt 0.463119 0.862831
vt 0.4636 0.839088
vt 0.478122 0.84037
vt 0.543852 0.044017
vt 0.577459 0.854694
vt 0.564213 0.870016
vt 0.569808 0.844624
vt 0.556129 0.852317
vt 0.714016 0.637629
vt 0.706547 0.65132
vt 0.707017 0.638808
vt 0.551817 0.839864
vt 0.006639 0.542002
vt 0.003174 0.524956
vt 0.010072 0.524881
vt 0.010072 0.542207
vt 0.120863 0.774878
vt 0.109859 0.780546
vt 0.113206 0.765809
vt 0.100843 0.778935
vt 0.047002 0.002248
vt 0.047002 0.030216
vt 0.043962 0.012551
vt 0.484478 0.817887
vt 0.463119 0.808082
vt 0.330696 0.065468
vt 0.32726 0.065468
vt 0.329722 0.054088
vt 0.105615 0.760873
vt 0.066239 0.266907
vt 0.064043 0.257537
vt 0.083152 0.249562
vt 0.482318 0.806882
vt 0.085208 0.261222
vt 0.323981 0.04368
vt 0.313446 0.047872
vt 0.316393 0.039592
vt 0.577459 0.890105
vt 0.568639 0.891368
vt 0.576805 0.874
vt 0.811064 0.542488
vt 0.796565 0.55747
vt 0.797662 0.548705
vt 0.571307 0.216547
vt 0.574142 0.200993
vt 0.577459 0.216547
vt 0.558259 0.878801
vt 0.315025 0.053838
vt 0.129257 0.553721
vt 0.129257 0.569065
vt 0.122299 0.558539
vt 0.906639 0.157793
vt 0.912107 0.164078
vt 0.905223 0.16548
vt 0.901906 0.15946
vt 0.897687 0.153287
vt 0.94949 0.005516
vt 0.948243 0.004636
vt 0.9518 0.001503
vt 0.715109 0.001972
vt 0.714225 0.006887
vt 0.703111 0.003996
vt 0.991211 0.043007
vt 0.998492 0.043007
vt 0.994588 0.044725
vt 0.17821 0.627818
vt 0.17821 0.614884
vt 0.181295 0.617478
vt 0.318666 0.058083
vt 0.463244 0.013429
vt 0.45741 0.011985
vt 0.464989 0.002143
vt 0.323981 0.058753
vt 0.961872 0.732383
vt 0.96132 0.738003
vt 0.949767 0.734511
vt 0.456942 0.002143
vt 0.951562 0.728566
vt 0.704509 0.066646
vt 0.711751 0.078897
vt 0.704064 0.078897
vt 0.045118 0.673151
vt 0.058717 0.673151
vt 0.059361 0.681937
vt 0.958582 0.743282
vt 0.043898 0.67952
vt 0.821947 0.565338
vt 0.797703 0.565199
vt 0.796565 0.5739
vt 0.58653 0.061065
vt 0.589084 0.0536
vt 0.592888 0.061684
vt 0.594245 0.054297
vt 0.594245 0.067901
vt 0.846334 0.058432
vt 0.847723 0.072182
vt 0.841828 0.069717
vt 0.835408 0.065418
vt 0.91319 0.171987
vt 0.906562 0.171212
vt 0.947355 0.012554
vt 0.713267 0.014676
vt 0.703111 0.015108
vt 0.944685 0.012262
vt 0.229871 0.386978
vt 0.23837 0.385548
vt 0.234876 0.393638
vt 0.583124 0.068825
vt 0.23837 0.402467
vt 0.23187 0.40513
vt 0.227415 0.396654
vt 0.060432 0.223262
vt 0.056521 0.220052
vt 0.060432 0.21524
vt 0.374341 0.055396
vt 0.370879 0.050129
vt 0.374341 0.044402
vt 0.994443 0.145209
vt 0.997875 0.151665
vt 0.991211 0.151665
vt 0.093645 0.791584
vt 0.108525 0.791786
vt 0.104279 0.795056
vt 0.122295 0.612632
vt 0.117559 0.612079
vt 0.122542 0.606689
vt 0.958514 0.109474
vt 0.952777 0.114777
vt 0.952253 0.106959
vt 0.296066 0.698873
vt 0.297123 0.704207
vt 0.292955 0.703961
vt 0.116097 0.618236
vt 0.953713 0.121176
vt 0.948731 0.120753
vt 0.94591 0.11266
vt 0.12193 0.618481
vt 0.956052 0.127801
vt 0.951553 0.128846
vt 0.117063 0.624717
vt 0.234294 0.381145
vt 0.291488 0.709765
vt 0.297123 0.711751
vt 0.912423 0.178521
vt 0.906871 0.177878
vt 0.911528 0.186143
vt 0.947673 0.741446
vt 0.95341 0.134002
vt 0.096268 0.311801
vt 0.10148 0.310893
vt 0.101561 0.318583
vt 0.344592 0.587531
vt 0.339282 0.578964
vt 0.347482 0.578964
vt 0.096268 0.321684
vt 0.958514 0.132559
vt 0.957592 0.135971
vt 0.105756 0.308858
vt 0.105675 0.31105
vt 0.947177 0.018515
vt 0.944863 0.019199
vt 0.946464 0.025549
vt 0.948778 0.024866
vt 0.222582 0.401022
vt 0.225998 0.407914
vt 0.991211 0.081368
vt 0.998236 0.081368
vt 0.994472 0.087013
vt 0.222961 0.388177
vt 0.418061 0.472624
vt 0.424701 0.473442
vt 0.424701 0.483454
vt 0.418061 0.482635
vt 0.9518 0.031211
vt 0.718987 0.383507
vt 0.709846 0.388285
vt 0.711862 0.380836
vt 0.949485 0.031895
vt 0.9049 0.185367
vt 0.998071 0.087365
vt 0.991211 0.031614
vt 0.99125 0.025228
vt 0.995361 0.031136
vt 0.404557 0.293765
vt 0.40118 0.28333
vt 0.404557 0.282302
vt 0.23488 0.707739
vt 0.23045 0.718466
vt 0.23045 0.706373
vt 0.7162 0.393011
vt 0.998373 0.025228
vt 0.122542 0.623926
vt 0.119808 0.629497
vt 0.057659 0.248901
vt 0.06211 0.255429
vt 0.059557 0.254594
vt 0.057659 0.260192
vt 0.997803 0.160889
vt 0.995939 0.166846
vt 0.991211 0.160889
vt 0.401028 0.292905
vt 0.995968 0.372162
vt 0.991211 0.372162
vt 0.991286 0.369973
vt 0.564029 0.409344
vt 0.559091 0.411281
vt 0.561404 0.405848
vt 0.235012 0.717642
vt 0.105351 0.319822
vt 0.967532 0.745237
vt 0.962907 0.74331
vt 0.967191 0.737057
vt 0.971944 0.739611
vt 0.827756 0.53517
vt 0.834294 0.546044
vt 0.550793 0.865544
vt 0.550359 0.093543
vt 0.574101 0.636212
vt 0.559323 0.636212
vt 0.56094 0.621325
vt 0.718466 0.65132
vt 0.644872 0.886642
vt 0.811064 0.589587
vt 0.644032 0.911515
vt 0.834294 0.586571
vt 0.549526 0.851211
vt 0.837047 0.053951
vt 0.847723 0.048198
vt 0.098064 0.758909
vt 0.103775 0.737587
vt 0.113097 0.741003
vt 0.08859 0.773602
vt 0.091742 0.7563
vt 0.064563 0.252626
vt 0.061679 0.245855
vt 0.08337 0.242257
vt 0.094409 0.777085
vt 0.960096 0.382216
vt 0.957825 0.365433
vt 0.966908 0.365934
vt 0.961872 0.161008
vt 0.954628 0.164509
vt 0.954628 0.137829
vt 0.966908 0.382117
vt 0.082548 0.234177
vt 0.083731 0.755562
vt 0.082658 0.773499
vt 0.07036 0.773058
vt 0.07036 0.752736
vt 0.089177 0.732785
vt 0.242852 0.411411
vt 0.240644 0.421969
vt 0.221946 0.410716
vt 0.086773 0.797363
vt 0.080383 0.793242
vt 0.079507 0.788179
vt 0.660084 0.870057
vt 0.666479 0.866268
vt 0.669785 0.872872
vt 0.663337 0.877939
vt 0.657682 0.865841
vt 0.666328 0.861081
vt 0.087342 0.782922
vt 0.661546 0.855922
vt 0.071957 0.786215
vt 0.966454 0.391128
vt 0.602639 0.542207
vt 0.59501 0.542207
vt 0.599276 0.533301
vt 0.651596 0.871783
vt 0.65387 0.874483
vt 0.653035 0.853578
vt 0.644094 0.869274
vt 0.640818 0.857721
vt 0.665154 0.84337
vt 0.655401 0.841832
vt 0.651055 0.840341
vt 0.65702 0.825062
vt 0.098984 0.323981
vt 0.215133 0.002419
vt 0.218226 0.008433
vt 0.215133 0.010072
vt 0.40996 0.922112
vt 0.416307 0.926302
vt 0.40813 0.929491
vt 0.414853 0.934645
vt 0.9656 0.751717
vt 0.413662 0.943668
vt 0.397279 0.934896
vt 0.636978 0.841383
vt 0.627803 0.857718
vt 0.401413 0.948507
vt 0.6497 0.822791
vt 0.63627 0.822791
vt 0.55136 0.176638
vt 0.528991 0.184484
vt 0.539762 0.168248
vt 0.558761 0.164498
vt 0.669674 0.824588
vt 0.090933 0.468322
vt 0.06315 0.474462
vt 0.065989 0.462484
vt 0.967629 0.608013
vt 0.975301 0.60978
vt 0.967629 0.631176
vt 0.074077 0.728858
vt 0.088142 0.482721
vt 0.066809 0.456687
vt 0.071051 0.444081
vt 0.091801 0.461459
vt 0.094639 0.44948
vt 0.063608 0.424093
vt 0.077452 0.429065
vt 0.096831 0.436345
vt 0.526558 0.029739
vt 0.493526 0.82458
vt 0.048851 0.406855
vt 0.058753 0.40959
vt 0.050316 0.427269
vt 0.03809 0.428212
vt 0.037805 0.406696
vt 0.104914 0.260404
vt 0.142657 0.325087
vt 0.154647 0.342446
vt 0.126959 0.317385
vt 0.127732 0.299457
vt 0.164968 0.278897
vt 0.047117 0.442584
vt 0.112615 0.24899
vt 0.119941 0.264882
vt 0.037805 0.444845
vt 0.111541 0.31784
vt 0.199448 0.871237
vt 0.208154 0.875484
vt 0.203371 0.885659
vt 0.194233 0.884027
vt 0.532625 0.285572
vt 0.553957 0.272132
vt 0.550927 0.289323
vt 0.52808 0.311359
vt 0.494631 0.302389
vt 0.367653 0.741068
vt 0.364769 0.725768
vt 0.376546 0.719082
vt 0.140534 0.251301
vt 0.384413 0.741175
vt 0.193365 0.89928
vt 0.350163 0.726413
vt 0.20291 0.899659
vt 0.749514 0.059902
vt 0.765822 0.05645
vt 0.768826 0.073861
vt 0.701105 0.257359
vt 0.699048 0.273852
vt 0.681274 0.272476
vt 0.548506 0.313363
vt 0.745008 0.033786
vt 0.764696 0.032363
vt 0.938615 0.683396
vt 0.946764 0.679595
vt 0.946764 0.711751
vt 0.113221 0.236694
vt 0.270434 0.419799
vt 0.271649 0.426379
vt 0.242377 0.395977
vt 0.272219 0.411617
vt 0.117265 0.483454
vt 0.271251 0.395363
vt 0.118479 0.46966
vt 0.116146 0.461587
vt 0.139088 0.451881
vt 0.141121 0.469304
vt 0.116966 0.445329
vt 0.141114 0.238515
vt 0.296316 0.411968
vt 0.299606 0.425932
vt 0.166283 0.244733
vt 0.377269 0.764866
vt 0.1651 0.252732
vt 0.32517 0.424578
vt 0.366495 0.762001
vt 0.424701 0.102424
vt 0.413733 0.11247
vt 0.413733 0.089652
vt 0.351196 0.740121
vt 0.357554 0.320624
vt 0.344482 0.320624
vt 0.348858 0.306162
vt 0.310034 0.405779
vt 0.326422 0.411894
vt 0.349011 0.281982
vt 0.353838 0.305657
vt 0.928138 0.154112
vt 0.920244 0.145283
vt 0.941728 0.146148
vt 0.037543 0.913799
vt 0.055396 0.925892
vt 0.040666 0.925801
vt 0.426924 0.698073
vt 0.439809 0.693985
vt 0.439809 0.708394
vt 0.932976 0.163776
vt 0.309259 0.39217
vt 0.323413 0.38916
vt 0.330167 0.402827
vt 0.941728 0.162489
vt 0.296856 0.397691
vt 0.296186 0.409741
vt 0.141878 0.481469
vt 0.311288 0.406079
vt 0.152616 0.469148
vt 0.309084 0.396468
vt 0.154114 0.480335
vt 0.052989 0.943315
vt 0.037543 0.948442
vt 0.323379 0.399852
vt 0.320259 0.391797
vt 0.163622 0.468663
vt 0.165467 0.476406
vt 0.935965 0.725852
vt 0.924556 0.79508
vt 0.746039 0.265896
vt 0.765551 0.247038
vt 0.780576 0.283693
vt 0.777148 0.240746
vt 0.76536 0.215125
vt 0.695306 0.042295
vt 0.67721 0.08729
vt 0.680336 0.043416
vt 0.780576 0.216114
vt 0.670676 0.020216
vt 0.183782 0.387587
vt 0.698322 0.076852
vt 0.220352 0.366609
vt 0.376817 0.810792
vt 0.374175 0.774825
vt 0.403958 0.806309
vt 0.18693 0.358943
vt 0.326562 0.481679
vt 0.326823 0.473621
vt 0.360566 0.329309
vt 0.318047 0.647962
vt 0.30519 0.477017
vt 0.699924 0.889355
vt 0.727682 0.886961
vt 0.729843 0.907981
vt 0.699924 0.911485
vt 0.379217 0.342381
vt 0.379377 0.365608
vt 0.306011 0.469465
vt 0.66654 0.914786
vt 0.933622 0.725277
vt 0.974051 0.429338
vt 0.976979 0.437849
vt 0.9743 0.437638
vt 0.922419 0.796282
vt 0.93147 0.733574
vt 0.974051 0.446523
vt 0.917622 0.788774
vt 0.68005 0.891368
vt 0.695676 0.889833
vt 0.600248 0.337999
vt 0.593072 0.315767
vt 0.617897 0.311777
vt 0.624036 0.333177
vt 0.737439 0.88488
vt 0.73861 0.907824
vt 0.16882 0.179604
vt 0.176259 0.203118
vt 0.168466 0.202238
vt 0.70413 0.765468
vt 0.702229 0.757802
vt 0.728644 0.765468
vt 0.924471 0.654677
vt 0.924471 0.621177
vt 0.943406 0.638945
vt 0.176259 0.178602
vt 0.738449 0.929977
vt 0.729652 0.929063
vt 0.784373 0.406235
vt 0.79266 0.394394
vt 0.808715 0.405528
vt 0.81415 0.392857
vt 0.788503 0.374509
vt 0.809818 0.374509
vt 0.962543 0.306824
vt 0.858693 0.250439
vt 0.959492 0.171499
vt 0.965229 0.175275
vt 0.961199 0.186331
vt 0.058531 0.694398
vt 0.063789 0.698503
vt 0.058089 0.708783
vt 0.051306 0.704931
vt 0.868548 0.249693
vt 0.965229 0.160573
vt 0.890991 0.116676
vt 0.878251 0.107578
vt 0.889413 0.105232
vt 0.924941 0.166255
vt 0.918109 0.163394
vt 0.921564 0.151235
vt 0.052721 0.720413
vt 0.044413 0.716815
vt 0.878939 0.119173
vt 0.918109 0.179617
vt 0.893047 0.130117
vt 0.302159 0.940822
vt 0.295283 0.937612
vt 0.302159 0.925751
vt 0.04984 0.732256
vt 0.04207 0.731685
vt 0.879172 0.130997
vt 0.892835 0.14328
vt 0.880479 0.012515
vt 0.871652 0.012609
vt 0.869224 0.002159
vt 0.29624 0.955157
vt 0.87896 0.14416
vt 0.893044 0.156115
vt 0.881296 0.026239
vt 0.871399 0.026265
vt 0.051303 0.745409
vt 0.043175 0.747235
vt 0.878251 0.15563
vt 0.048085 0.761068
vt 0.056572 0.756846
vt 0.895424 0.172041
vt 0.879254 0.162256
vt 0.893315 0.159587
vt 0.880367 0.041214
vt 0.871371 0.04001
vt 0.063789 0.765468
vt 0.881639 0.17265
vt 0.165989 0.811977
vt 0.169545 0.827518
vt 0.160816 0.824809
vt 0.071196 0.796322
vt 0.587385 0.371686
vt 0.896404 0.185901
vt 0.878401 0.055396
vt 0.869224 0.053136
vt 0.167756 0.839732
vt 0.881923 0.185152
vt 0.158224 0.839333
vt 0.167804 0.851321
vt 0.159016 0.853239
vt 0.894728 0.197936
vt 0.881219 0.196485
vt 0.891925 0.209832
vt 0.879254 0.207164
vt 0.169545 0.862601
vt 0.872032 0.249774
vt 0.881297 0.247539
vt 0.883903 0.260572
vt 0.87506 0.260983
vt 0.884653 0.274444
vt 0.876002 0.274101
vt 0.683507 0.466756
vt 0.691608 0.478418
vt 0.680485 0.478418
vt 0.527437 0.716362
vt 0.53885 0.716362
vt 0.532459 0.728232
vt 0.705037 0.720928
vt 0.705037 0.733141
vt 0.694189 0.726951
vt 0.224012 0.646156
vt 0.218875 0.635008
vt 0.229976 0.635008
vt 0.687523 0.467153
vt 0.53649 0.728538
vt 0.404557 0.130635
vt 0.399244 0.141999
vt 0.392414 0.132379
vt 0.395145 0.121472
vt 0.505276 0.916548
vt 0.491916 0.8031
vt 0.497678 0.916523
vt 0.608199 0.171412
vt 0.614389 0.172691
vt 0.485146 0.805223
vt 0.931602 0.127002
vt 0.940659 0.139329
vt 0.931855 0.137398
vt 0.604986 0.181615
vt 0.493526 0.812471
vt 0.941717 0.128852
vt 0.599281 0.121049
vt 0.599281 0.132614
vt 0.592456 0.121644
vt 0.874638 0.286593
vt 0.879622 0.298801
vt 0.872032 0.297346
vt 0.930448 0.115765
vt 0.943107 0.117109
vt 0.611996 0.184162
vt 0.88329 0.286936
vt 0.600227 0.1919
vt 0.607482 0.195875
vt 0.930228 0.104602
vt 0.943406 0.104602
vt 0.593989 0.200066
vt 0.600593 0.204796
vt 0.162367 0.866188
vt 0.693226 0.733574
vt 0.403343 0.421734
vt 0.412071 0.413475
vt 0.414629 0.425277
vt 0.219389 0.647962
vt 0.406484 0.434773
vt 0.991211 0.131519
vt 0.998017 0.131519
vt 0.992092 0.135764
vt 0.997606 0.134932
vt 0.408699 0.412741
vt 0.991211 0.252867
vt 0.991211 0.248481
vt 0.996688 0.251782
vt 0.996688 0.248493
vt 0.404557 0.142686
vt 0.403343 0.434099
vt 0.400761 0.119988
vt 0.099041 0.022389
vt 0.098722 0.026326
vt 0.094602 0.028537
vt 0.995253 0.393727
vt 0.991696 0.397482
vt 0.991211 0.393727
vt 0.094602 0.020033
vt 0.996694 0.073483
vt 0.998272 0.078887
vt 0.992659 0.073483
vt 0.290935 0.112096
vt 0.295444 0.117506
vt 0.290935 0.116482
vt 0.995738 0.397482
vt 0.105755 0.189794
vt 0.105755 0.198082
vt 0.100718 0.195497
vt 0.101129 0.191716
vt 0.260192 0.172902
vt 0.255721 0.171505
vt 0.260192 0.165314
vt 0.991211 0.078887
vt 0.311791 0.029434
vt 0.317266 0.03611
vt 0.311791 0.036931
vt 0.295444 0.109831
vt 0.991211 0.426275
vt 0.991622 0.422471
vt 0.995683 0.422471
vt 0.255721 0.167169
vt 0.995272 0.426275
vt 0.317266 0.031826
vt 0.206475 0.046991
vt 0.201775 0.053132
vt 0.201356 0.049283
vt 0.206475 0.055396
vt 0.053717 0.103099
vt 0.053717 0.110792
vt 0.048835 0.103811
vt 0.256159 0.157794
vt 0.256159 0.149615
vt 0.258513 0.152689
vt 0.34028 0.530456
vt 0.508598 0.456595
vt 0.099399 0.627718
vt 0.11247 0.622773
vt 0.110265 0.63728
vt 0.495721 0.441045
vt 0.508468 0.173809
vt 0.527099 0.179356
vt 0.500381 0.192763
vt 0.5211 0.204163
vt 0.058232 0.403721
vt 0.078131 0.412616
vt 0.07395 0.420359
vt 0.063619 0.399511
vt 0.490465 0.203613
vt 0.472249 0.211173
vt 0.488169 0.229775
vt 0.471049 0.227705
vt 0.697042 0.201113
vt 0.711751 0.213791
vt 0.687002 0.214215
vt 0.518752 0.230562
vt 0.5211 0.256659
vt 0.69717 0.234638
vt 0.490465 0.256109
vt 0.098433 0.421347
vt 0.777219 0.395569
vt 0.741093 0.39733
vt 0.74197 0.373216
vt 0.744359 0.350823
vt 0.768304 0.349058
vt 0.773578 0.371077
vt 0.095647 0.430339
vt 0.120734 0.433094
vt 0.74481 0.421343
vt 0.121095 0.424311
vt 0.458803 0.416221
vt 0.163346 0.038151
vt 0.174513 0.043121
vt 0.470981 0.435092
vt 0.028095 0.033021
vt 0.022441 0.01052
vt 0.174843 0.021886
vt 0.460529 0.436434
vt 0.682073 0.010275
vt 0.209311 0.929149
vt 0.698322 0.006363
vt 0.015573 0.017953
vt 0.182495 0.025949
vt 0.236514 0.94595
vt 0.209565 0.946764
vt 0.40313 0.74492
vt 0.419665 0.751559
vt 0.400847 0.773562
vt 0.006301 0.002033
vt 0.193046 0.01192
vt 0.002535 0.006106
vt 0.471195 0.455672
vt 0.188907 0.008763
vt 0.463608 0.456941
vt 0.20607 0.002635
vt 0.211511 0.001888
vt 0.211511 0.020144
vt 0.409319 0.302843
vt 0.409319 0.28355
vt 0.414629 0.285312
vt 0.411735 0.303066
vt 0.031895 0.290408
vt 0.028749 0.289384
vt 0.031895 0.271002
vt 0.471752 0.475384
vt 0.467199 0.476145
vt 0.411719 0.322303
vt 0.196323 0.064004
vt 0.19976 0.063693
vt 0.19976 0.082254
vt 0.473382 0.493526
vt 0.718882 0.326502
vt 0.710942 0.313139
vt 0.734777 0.30204
vt 0.73861 0.311684
vt 0.701669 0.335991
vt 0.416759 0.774991
vt 0.503598 0.176853
vt 0.490839 0.18801
vt 0.490839 0.165569
vt 0.458404 0.739987
vt 0.446511 0.753836
vt 0.721338 0.352363
vt 0.660051 0.51157
vt 0.632687 0.498889
vt 0.658245 0.493524
vt 0.419665 0.799772
vt 0.708537 0.361172
vt 0.678613 0.579045
vt 0.700811 0.572399
vt 0.704497 0.593584
vt 0.732572 0.377698
vt 0.73861 0.366759
vt 0.674472 0.602163
vt 0.632319 0.520302
vt 0.668106 0.544845
vt 0.435889 0.786009
vt 0.192731 0.345069
vt 0.221583 0.352202
vt 0.63726 0.551824
vt 0.708394 0.624745
vt 0.435889 0.805756
vt 0.945913 0.521742
vt 0.96355 0.521549
vt 0.96355 0.548921
vt 0.643424 0.569772
vt 0.149683 0.762111
vt 0.1459 0.756586
vt 0.584231 0.572654
vt 0.745325 0.519259
vt 0.727265 0.50813
vt 0.742068 0.493917
vt 0.723639 0.502519
vt 0.70215 0.521304
vt 0.896404 0.965229
vt 0.887392 0.965229
vt 0.892854 0.939159
vt 0.710747 0.547743
vt 0.745325 0.550639
vt 0.193061 0.976979
vt 0.193061 0.959842
vt 0.196403 0.963072
vt 0.462883 0.615699
vt 0.467225 0.61673
vt 0.462864 0.624461
vt 0.226043 0.535492
vt 0.226043 0.519301
vt 0.233334 0.531569
vt 0.736931 0.256641
vt 0.736931 0.274299
vt 0.723329 0.267642
vt 0.468346 0.624461
vt 0.954677 0.342852
vt 0.94765 0.328706
vt 0.955157 0.326525
vt 0.591682 0.106752
vt 0.605996 0.09946
vt 0.605996 0.114149
vt 0.886332 0.738039
vt 0.886332 0.753718
vt 0.87258 0.749059
vt 0.728221 0.285372
vt 0.7238 0.284145
vt 0.871421 0.741578
vt 0.679459 0.18233
vt 0.684453 0.182108
vt 0.676243 0.198082
vt 0.691607 0.198082
vt 0.937271 0.342136
vt 0.65132 0.090166
vt 0.651316 0.095521
vt 0.637008 0.10072
vt 0.637008 0.084894
vt 0.4987 0.605746
vt 0.503598 0.614389
vt 0.498178 0.614389
vt 0.503212 0.6068
vt 0.955157 0.357554
vt 0.945985 0.355552
vt 0.991211 0.284581
vt 0.995645 0.284581
vt 0.996427 0.28861
vt 0.374341 0.334053
vt 0.36883 0.331759
vt 0.368793 0.327105
vt 0.991993 0.28861
vt 0.019382 0.294751
vt 0.019388 0.291124
vt 0.02518 0.297123
vt 0.374341 0.32476
vt 0.194193 0.276979
vt 0.199478 0.271007
vt 0.19976 0.274729
vt 0.105756 0.004393
vt 0.105484 0.008828
vt 0.100032 0.001541
vt 0.02518 0.289114
vt 0.100032 0.010072
vt 0.194193 0.269173
vt 0.629497 0.526867
vt 0.629497 0.535492
vt 0.623324 0.528841
vt 0.290125 0.257962
vt 0.284436 0.263549
vt 0.284436 0.255627
vt 0.623657 0.533468
vt 0.303837 0.30302
vt 0.303837 0.310552
vt 0.297829 0.304757
vt 0.290408 0.262033
vt 0.485401 0.190426
vt 0.49105 0.192994
vt 0.491847 0.196868
vt 0.485401 0.19976
vt 0.991919 0.378629
vt 0.991211 0.374643
vt 0.99584 0.374643
vt 0.995835 0.379167
vt 0.29731 0.309071
vt 0.674472 0.636245
vt 0.315588 0.235262
vt 0.340336 0.247156
vt 0.616896 0.129043
vt 0.308269 0.236855
vt 0.329223 0.24376
vt 0.625707 0.129275
vt 0.334888 0.264277
vt 0.315533 0.217445
vt 0.617145 0.145844
vt 0.325258 0.259031
vt 0.625615 0.144605
vt 0.307746 0.219446
vt 0.220811 0.463529
vt 0.197083 0.489079
vt 0.194613 0.469607
vt 0.131423 0.499381
vt 0.158404 0.499757
vt 0.153002 0.538436
vt 0.232123 0.429638
vt 0.118475 0.53634
vt 0.325598 0.278347
vt 0.306609 0.203838
vt 0.312594 0.20186
vt 0.621147 0.160598
vt 0.627523 0.157975
vt 0.317915 0.272242
vt 0.632319 0.579137
vt 0.466667 0.168257
vt 0.449814 0.165596
vt 0.46282 0.159581
vt 0.699549 0.652998
vt 0.463933 0.196079
vt 0.449814 0.196403
vt 0.188264 0.495213
vt 0.161407 0.481146
vt 0.72746 0.570744
vt 0.699998 0.553801
vt 0.188148 0.536868
vt 0.217013 0.499813
vt 0.966908 0.506955
vt 0.9552 0.503201
vt 0.966908 0.481453
vt 0.142934 0.262236
vt 0.142589 0.255106
vt 0.147722 0.255749
vt 0.905119 0.969084
vt 0.910904 0.969395
vt 0.900983 0.985373
vt 0.147722 0.263549
vt 0.955981 0.564458
vt 0.96355 0.577613
vt 0.947526 0.578307
vt 0.94811 0.564458
vt 0.949235 0.890888
vt 0.956836 0.890051
vt 0.95541 0.905752
vt 0.916548 0.985373
vt 0.93893 0.904625
vt 0.945334 0.283874
vt 0.9504 0.282316
vt 0.960193 0.29305
vt 0.945334 0.300942
vt 0.568592 0.377256
vt 0.582495 0.366662
vt 0.582495 0.382734
vt 0.947245 0.917557
vt 0.958789 0.591947
vt 0.567674 0.370952
vt 0.958698 0.310552
vt 0.951647 0.592567
vt 0.548922 0.102251
vt 0.546361 0.104077
vt 0.546361 0.088385
vt 0.925021 0.509114
vt 0.936692 0.493852
vt 0.936692 0.528778
vt 0.497888 0.167695
vt 0.497888 0.1374
vt 0.529302 0.167866
vt 0.626545 0.172902
vt 0.303515 0.190217
vt 0.309156 0.284857
vt 0.631176 0.170812
vt 0.307696 0.188262
vt 0.313924 0.289897
vt 0.301765 0.176408
vt 0.526269 0.916547
vt 0.530456 0.917531
vt 0.526269 0.932471
vt 0.832615 0.924733
vt 0.83183 0.937779
vt 0.829443 0.938008
vt 0.299469 0.295485
vt 0.301323 0.299459
vt 0.52851 0.931807
vt 0.529217 0.134583
vt 0.525934 0.097038
vt 0.150506 0.574101
vt 0.52806 0.946764
vt 0.288366 0.305516
vt 0.832615 0.950121
vt 0.5506 0.159941
vt 0.545403 0.133751
vt 0.83933 0.128002
vt 0.83884 0.151708
vt 0.822134 0.151913
vt 0.776544 0.421343
vt 0.231038 0.253647
vt 0.259126 0.272051
vt 0.240703 0.284827
vt 0.540811 0.098175
vt 0.83933 0.186331
vt 0.186624 0.574101
vt 0.220018 0.570596
vt 0.221583 0.534199
vt 0.541501 0.068069
vt 0.526418 0.065822
vt 0.001621 0.520961
vt 0.003459 0.48713
vt 0.01635 0.521819
vt 0.936692 0.299694
vt 0.936692 0.335732
vt 0.922109 0.299747
vt 0.548815 0.342505
vt 0.553957 0.369629
vt 0.538862 0.372662
vt 0.531547 0.343066
vt 0.002817 0.455994
vt 0.019112 0.485771
vt 0.956836 0.919905
vt 0.024433 0.201439
vt 0.024433 0.191628
vt 0.030216 0.193485
vt 0.181295 0.403493
vt 0.181295 0.41295
vt 0.178817 0.410285
vt 0.812471 0.664121
vt 0.79278 0.675239
vt 0.636969 0.302984
vt 0.021656 0.380508
vt 0.625809 0.303418
vt 0.00299 0.380084
vt 0.784553 0.684888
vt 0.65423 0.759486
vt 0.623947 0.759392
vt 0.336834 0.080057
vt 0.348253 0.078909
vt 0.636136 0.319409
vt 0.626487 0.320146
vt 0.022121 0.36567
vt 0.005285 0.363621
vt 0.335689 0.065543
vt 0.346283 0.063276
vt 0.333 0.053256
vt 0.637451 0.335115
vt 0.340619 0.049046
vt 0.024113 0.352778
vt 0.628416 0.33628
vt 0.011275 0.348482
vt 0.63789 0.349496
vt 0.029565 0.340095
vt 0.631263 0.35084
vt 0.018895 0.335176
vt 0.326858 0.041314
vt 0.333411 0.037041
vt 0.123134 0.858473
vt 0.129257 0.859704
vt 0.12715 0.874395
vt 0.029437 0.324536
vt 0.035252 0.328527
vt 0.123418 0.873401
vt 0.32048 0.030603
vt 0.323584 0.02685
vt 0.497764 0.339121
vt 0.960685 0.014608
vt 0.955835 0.00178
vt 0.96355 0.00178
vt 0.123677 0.887846
vt 0.31303 0.019655
vt 0.956748 0.014863
vt 0.303345 0.903685
vt 0.300831 0.903616
vt 0.303837 0.889302
vt 0.126068 0.888083
vt 0.768826 0.003629
vt 0.751998 0.002567
vt 0.020465 0.452451
vt 0.184857 0.252894
vt 0.365707 0.779247
vt 0.181114 0.26349
vt 0.344837 0.418933
vt 0.344459 0.426379
vt 0.231373 0.224197
vt 0.23837 0.234965
vt 0.231373 0.241727
vt 0.331509 0.391711
vt 0.953948 0.18397
vt 0.945397 0.17402
vt 0.955157 0.173336
vt 0.123134 0.903119
vt 0.956307 0.028537
vt 0.303837 0.918226
vt 0.819233 0.528778
vt 0.819233 0.496259
vt 0.832615 0.518503
vt 0.399527 0.455226
vt 0.427595 0.452267
vt 0.401793 0.46745
vt 0.369253 0.469803
vt 0.369032 0.460898
vt 0.368229 0.451311
vt 0.393932 0.441461
vt 0.70952 0.173158
vt 0.715109 0.176754
vt 0.710701 0.177768
vt 0.715109 0.183509
vt 0.709808 0.181721
vt 0.131172 0.488939
vt 0.129802 0.485946
vt 0.132614 0.487879
vt 0.132614 0.491501
vt 0.131568 0.491175
vt 0.992579 0.49958
vt 0.991211 0.498091
vt 0.994477 0.498091
vt 0.126016 0.486878
vt 0.129153 0.487856
vt 0.126737 0.488159
vt 0.714597 0.170868
vt 0.707316 0.170288
vt 0.710989 0.166065
vt 0.705847 0.163871
vt 0.428431 0.465633
vt 0.459953 0.462168
vt 0.134548 0.3651
vt 0.101618 0.406296
vt 0.075328 0.395018
vt 0.098403 0.331042
vt 0.071576 0.338873
vt 0.458724 0.470024
vt 0.045296 0.389668
vt 0.705754 0.189028
vt 0.711566 0.189946
vt 0.708247 0.193706
vt 0.702658 0.190111
vt 0.703012 0.196403
vt 0.708562 0.186137
vt 0.128035 0.495204
vt 0.125944 0.494552
vt 0.128432 0.493819
vt 0.991211 0.547062
vt 0.993488 0.547062
vt 0.99155 0.5485
vt 0.12634 0.493167
vt 0.124249 0.492515
vt 0.697712 0.194616
vt 0.699785 0.188516
vt 0.693146 0.189282
vt 0.697581 0.185646
vt 0.425294 0.436155
vt 0.454278 0.439147
vt 0.129802 0.49319
vt 0.130451 0.494901
vt 0.125619 0.491886
vt 0.124249 0.488893
vt 0.12634 0.489545
vt 0.699654 0.172792
vt 0.696046 0.167989
vt 0.701504 0.16937
vt 0.692504 0.174426
vt 0.697962 0.175807
vt 0.700323 0.16476
vt 0.7054 0.169225
vt 0.528427 0.726162
vt 0.533212 0.736176
vt 0.530251 0.737505
vt 0.064932 0.682695
vt 0.065024 0.672901
vt 0.069271 0.681449
vt 0.07554 0.562389
vt 0.07554 0.574101
vt 0.071517 0.564789
vt 0.066637 0.691924
vt 0.612948 0.976979
vt 0.608102 0.976979
vt 0.613791 0.966034
vt 0.072465 0.691705
vt 0.692346 0.181588
vt 0.697516 0.181161
vt 0.537997 0.746189
vt 0.536282 0.746607
vt 0.539051 0.758016
vt 0.063227 0.673466
vt 0.058673 0.66588
vt 0.060777 0.664352
vt 0.672496 0.767834
vt 0.674821 0.768363
vt 0.666534 0.776855
vt 0.542012 0.756686
vt 0.441408 0.416961
vt 0.45348 0.430162
vt 0.431786 0.420509
vt 0.419898 0.428611
vt 0.429152 0.399236
vt 0.141625 0.641571
vt 0.156744 0.629523
vt 0.155073 0.65124
vt 0.41817 0.412086
vt 0.407914 0.205996
vt 0.405518 0.206475
vt 0.405518 0.195553
vt 0.969422 0.16918
vt 0.969373 0.157959
vt 0.971659 0.158129
vt 0.973217 0.16969
vt 0.241727 0.36259
vt 0.238724 0.352398
vt 0.241727 0.351102
vt 0.670168 0.77821
vt 0.447999 0.412761
vt 0.327296 0.432553
vt 0.344716 0.431778
vt 0.335855 0.450065
vt 0.949147 0.423402
vt 0.947964 0.397521
vt 0.956836 0.396047
vt 0.327296 0.460575
vt 0.956836 0.424701
vt 0.289352 0.870882
vt 0.286852 0.888011
vt 0.277944 0.887931
vt 0.445404 0.395869
vt 0.872245 0.581559
vt 0.872483 0.591639
vt 0.869327 0.592567
vt 0.867683 0.58187
vt 0.873034 0.571095
vt 0.866039 0.571174
vt 0.608955 0.966715
vt 0.309086 0.883786
vt 0.355876 0.448504
vt 0.311849 0.911878
vt 0.307184 0.898486
vt 0.323574 0.898494
vt 0.095613 0.862642
vt 0.110952 0.854364
vt 0.115082 0.868206
vt 0.324871 0.915178
vt 0.307184 0.925027
vt 0.106146 0.878934
vt 0.315113 0.883735
vt 0.313909 0.848645
vt 0.288491 0.847113
vt 0.2981 0.835245
vt 0.09199 0.846204
vt 0.144767 0.615775
vt 0.139966 0.59582
vt 0.158821 0.598925
vt 0.159088 0.584679
vt 0.167866 0.610885
vt 0.339341 0.89535
vt 0.336418 0.909651
vt 0.330372 0.883036
vt 0.130099 0.616781
vt 0.145824 0.578214
vt 0.133046 0.573704
vt 0.117991 0.591986
vt 0.345804 0.919338
vt 0.32659 0.928298
vt 0.241398 0.181295
vt 0.251207 0.153933
vt 0.253478 0.175414
vt 0.241398 0.156618
vt 0.119185 0.88902
vt 0.114585 0.898083
vt 0.0992 0.892051
vt 0.457867 0.223311
vt 0.466667 0.201594
vt 0.465334 0.230773
vt 0.441585 0.236094
vt 0.440187 0.231448
vt 0.563721 0.762111
vt 0.564363 0.74295
vt 0.573256 0.746231
vt 0.565712 0.721779
vt 0.481775 0.059987
vt 0.481775 0.082254
vt 0.474635 0.076027
vt 0.725181 0.204796
vt 0.707028 0.204796
vt 0.721908 0.18312
vt 0.550366 0.760227
vt 0.549232 0.749921
vt 0.538702 0.736387
vt 0.548039 0.725059
vt 0.274884 0.850631
vt 0.274884 0.872282
vt 0.30335 0.86273
vt 0.657887 0.65874
vt 0.647103 0.62532
vt 0.666571 0.632418
vt 0.673409 0.649826
vt 0.073601 0.881868
vt 0.073601 0.848786
vt 0.683214 0.664794
vt 0.348653 0.470025
vt 0.158585 0.385998
vt 0.154716 0.409593
vt 0.134103 0.409593
vt 0.135471 0.383684
vt 0.348441 0.462214
vt 0.687807 0.94238
vt 0.696643 0.961917
vt 0.687913 0.96082
vt 0.678178 0.374194
vt 0.674085 0.394652
vt 0.654481 0.392671
vt 0.656115 0.371514
vt 0.678178 0.346982
vt 0.60096 0.435129
vt 0.595202 0.436451
vt 0.595202 0.42893
vt 0.15904 0.405573
vt 0.60096 0.427607
vt 0.156829 0.2753
vt 0.156829 0.255885
vt 0.164509 0.258319
vt 0.164509 0.273231
vt 0.161151 0.390833
vt 0.693491 0.966908
vt 0.687807 0.965305
vt 0.151342 0.258319
vt 0.67154 0.397842
vt 0.151342 0.27323
vt 0.656694 0.396948
vt 0.817507 0.957441
vt 0.814998 0.978464
vt 0.807385 0.979877
vt 0.806715 0.96022
vt 0.935233 0.970256
vt 0.918812 0.96387
vt 0.93837 0.959356
vt 0.644799 0.389596
vt 0.643729 0.371318
vt 0.646114 0.345239
vt 0.305516 0.229807
vt 0.30062 0.236468
vt 0.300116 0.229003
vt 0.035459 0.272299
vt 0.040231 0.273826
vt 0.040288 0.279471
vt 0.305516 0.236691
vt 0.035459 0.280336
vt 0.799725 0.980337
vt 0.79656 0.957441
vt 0.917665 0.971387
vt 0.258513 0.313985
vt 0.254112 0.320624
vt 0.254112 0.313238
vt 0.93837 0.980337
vt 0.919176 0.978143
vt 0.991386 0.138245
vt 0.997984 0.138245
vt 0.991211 0.142728
vt 0.633971 0.386623
vt 0.257674 0.319177
vt 0.389254 0.283577
vt 0.392594 0.285497
vt 0.389254 0.293765
vt 0.154969 0.378249
vt 0.99692 0.142611
vt 0.153692 0.365549
vt 0.157823 0.374678
vt 0.633553 0.366133
vt 0.449173 0.889196
vt 0.459953 0.865992
vt 0.459923 0.893047
vt 0.143049 0.495204
vt 0.151079 0.489721
vt 0.150351 0.495204
vt 0.157652 0.367338
vt 0.143412 0.484234
vt 0.150714 0.484234
vt 0.142377 0.48972
vt 0.392806 0.292026
vt 0.073861 0.071936
vt 0.073861 0.080576
vt 0.071312 0.075553
vt 0.097268 0.078897
vt 0.097268 0.070286
vt 0.10072 0.076158
vt 0.159117 0.157764
vt 0.161151 0.161076
vt 0.159117 0.166187
vt 0.998486 0.022748
vt 0.991211 0.022748
vt 0.997919 0.018349
vt 0.680149 0.972347
vt 0.679698 0.990111
vt 0.673078 0.988816
vt 0.671294 0.970066
vt 0.687417 0.990409
vt 0.689929 0.970066
vt 0.991211 0.154146
vt 0.997973 0.154146
vt 0.99151 0.15775
vt 0.476739 0.592702
vt 0.475529 0.607063
vt 0.467786 0.607675
vt 0.826471 0.975233
vt 0.825616 0.978658
vt 0.820481 0.972865
vt 0.829257 0.96199
vt 0.467786 0.594633
vt 0.996548 0.158408
vt 0.146413 0.34768
vt 0.152004 0.356285
vt 0.14915 0.359856
vt 0.131697 0.348029
vt 0.311193 0.488041
vt 0.320624 0.48804
vt 0.320262 0.493525
vt 0.150373 0.349469
vt 0.31363 0.493526
vt 0.820475 0.97671
vt 0.312225 0.482554
vt 0.319222 0.482554
vt 0.407804 0.020476
vt 0.411271 0.022153
vt 0.407804 0.031895
vt 0.820475 0.957724
vt 0.255664 0.98873
vt 0.256841 0.972012
vt 0.271943 0.971956
vt 0.271943 0.983377
vt 0.476636 0.48145
vt 0.478418 0.488926
vt 0.476636 0.491847
vt 0.205035 0.932398
vt 0.206475 0.948367
vt 0.200108 0.956836
vt 0.298801 0.264484
vt 0.288789 0.28011
vt 0.287525 0.270123
vt 0.189775 0.956259
vt 0.193262 0.925309
vt 0.183141 0.947104
vt 0.129256 0.915019
vt 0.131687 0.931576
vt 0.121145 0.935013
vt 0.298801 0.283693
vt 0.115334 0.926229
vt 0.183141 0.93292
vt 0.146043 0.930585
vt 0.648986 0.320682
vt 0.675953 0.314315
vt 0.663672 0.789665
vt 0.668135 0.789708
vt 0.664474 0.803027
vt 0.669766 0.801759
vt 0.534438 0.77997
vt 0.543885 0.770106
vt 0.54027 0.782759
vt 0.528427 0.788077
vt 0.66942 0.814456
vt 0.533189 0.792327
vt 0.955815 0.628919
vt 0.96355 0.623973
vt 0.96355 0.649641
vt 0.939852 0.520384
vt 0.939852 0.489002
vt 0.955157 0.495299
vt 0.948485 0.518209
vt 0.537921 0.769767
vt 0.967499 0.181295
vt 0.973622 0.181295
vt 0.921932 0.09827
vt 0.928298 0.100332
vt 0.918778 0.10945
vt 0.925536 0.110515
vt 0.118883 0.661392
vt 0.117991 0.642873
vt 0.918035 0.12006
vt 0.924927 0.120924
vt 0.67423 0.81105
vt 0.966908 0.053717
vt 0.958676 0.030404
vt 0.966908 0.027427
vt 0.458998 0.841878
vt 0.428594 0.85735
vt 0.416307 0.002035
vt 0.39803 0.030216
vt 0.390505 0.002035
vt 0.487889 0.671267
vt 0.470226 0.689548
vt 0.471845 0.673427
vt 0.959683 0.053568
vt 0.970265 0.001933
vt 0.970265 0.02518
vt 0.963691 0.01654
vt 0.489592 0.688157
vt 0.144005 0.973622
vt 0.149088 0.948713
vt 0.166187 0.973622
vt 0.470856 0.71438
vt 0.969516 0.371492
vt 0.976085 0.373024
vt 0.969516 0.385774
vt 0.572452 0.16283
vt 0.572452 0.154525
vt 0.579137 0.15364
vt 0.119504 0.330202
vt 0.578043 0.162654
vt 0.136672 0.329794
vt 0.140926 0.343893
vt 0.987051 0.369547
vt 0.97608 0.386236
vt 0.197018 0.179303
vt 0.196182 0.166441
vt 0.204796 0.173295
vt 0.203916 0.18148
vt 0.433778 0.882501
vt 0.420039 0.878559
vt 0.982672 0.385982
vt 0.429175 0.893047
vt 0.173719 0.885344
vt 0.173796 0.866781
vt 0.193046 0.870954
vt 0.173719 0.838669
vt 0.170846 0.212003
vt 0.143239 0.206945
vt 0.151121 0.180053
vt 0.182865 0.889689
vt 0.783592 0.561346
vt 0.792364 0.562635
vt 0.781393 0.581704
vt 0.794611 0.536323
vt 0.9518 0.276979
vt 0.943627 0.250509
vt 0.9518 0.24749
vt 0.787966 0.581928
vt 0.674821 0.822543
vt 0.355876 0.577459
vt 0.351005 0.569393
vt 0.355876 0.56592
vt 0.443966 0.965865
vt 0.438119 0.968059
vt 0.440149 0.956146
vt 0.918173 0.131283
vt 0.945085 0.37912
vt 0.943871 0.389888
vt 0.938215 0.388942
vt 0.925848 0.130152
vt 0.920623 0.139329
vt 0.938233 0.400971
vt 0.943963 0.399276
vt 0.438119 0.976885
vt 0.928298 0.138198
vt 0.444845 0.976979
vt 0.027106 0.933128
vt 0.030137 0.932146
vt 0.028583 0.941799
vt 0.630659 0.140975
vt 0.632122 0.131727
vt 0.634533 0.13164
vt 0.633843 0.140047
vt 0.770277 0.562278
vt 0.777894 0.562615
vt 0.768947 0.572496
vt 0.939355 0.411272
vt 0.945085 0.409576
vt 0.887271 0.902005
vt 0.893745 0.900013
vt 0.888251 0.912182
vt 0.776564 0.572833
vt 0.150573 0.231061
vt 0.13458 0.208384
vt 0.126894 0.22945
vt 0.124972 0.204435
vt 0.140951 0.233262
vt 0.104182 0.226712
vt 0.106618 0.201214
vt 0.894725 0.91019
vt 0.19343 0.092209
vt 0.195822 0.092726
vt 0.19343 0.102376
vt 0.033573 0.94172
vt 0.198082 0.101942
vt 0.630459 0.149401
vt 0.197929 0.110792
vt 0.976979 0.695847
vt 0.972401 0.697748
vt 0.973718 0.688211
vt 0.027611 0.950341
vt 0.634533 0.148634
vt 0.070504 0.637712
vt 0.070504 0.649641
vt 0.06479 0.647896
vt 0.76729 0.583026
vt 0.338841 0.563146
vt 0.344125 0.571562
vt 0.338841 0.57578
vt 0.887993 0.923157
vt 0.894063 0.922643
vt 0.032019 0.951373
vt 0.027106 0.960193
vt 0.261267 0.960897
vt 0.261871 0.968586
vt 0.257465 0.967656
vt 0.257809 0.960756
vt 0.026859 0.206681
vt 0.026859 0.216547
vt 0.024297 0.214282
vt 0.776368 0.583857
vt 0.766768 0.594364
vt 0.793547 0.269432
vt 0.790027 0.280336
vt 0.783715 0.278406
vt 0.786186 0.267822
vt 0.976979 0.705037
vt 0.083242 0.553957
vt 0.083415 0.546476
vt 0.08729 0.545837
vt 0.449255 0.732541
vt 0.449255 0.705116
vt 0.46973 0.740274
vt 0.919905 0.573105
vt 0.904233 0.559921
vt 0.911736 0.551916
vt 0.495204 0.716967
vt 0.909871 0.578738
vt 0.915358 0.595924
vt 0.49079 0.748682
vt 0.904233 0.591509
vt 0.123776 0.913966
vt 0.973464 0.820066
vt 0.961582 0.820864
vt 0.961582 0.796404
vt 0.129615 0.891792
vt 0.973622 0.79713
vt 0.045596 0.182528
vt 0.077488 0.193146
vt 0.068783 0.214135
vt 0.032324 0.203072
vt 0.887271 0.935013
vt 0.776555 0.595754
vt 0.893341 0.934499
vt 0.346546 0.892691
vt 0.386092 0.918226
vt 0.346069 0.914606
vt 0.066596 0.235012
vt 0.5078 0.71075
vt 0.501126 0.689327
vt 0.512593 0.700095
vt 0.543679 0.710828
vt 0.551897 0.68796
vt 0.557916 0.708395
vt 0.525504 0.703422
vt 0.573705 0.706721
vt 0.519646 0.688873
vt 0.538702 0.68861
vt 0.748981 0.511579
vt 0.760992 0.516178
vt 0.752262 0.542454
vt 0.487694 0.655704
vt 0.502635 0.656399
vt 0.387724 0.521707
vt 0.412657 0.526594
vt 0.399224 0.534148
vt 0.401764 0.54573
vt 0.382101 0.538722
vt 0.424701 0.534604
vt 0.068511 0.962917
vt 0.083933 0.965634
vt 0.083933 0.979485
vt 0.068511 0.983694
vt 0.409899 0.548952
vt 0.350511 0.533676
vt 0.770504 0.551262
vt 0.379966 0.557199
vt 0.550808 0.412436
vt 0.538088 0.40775
vt 0.565366 0.39704
vt 0.546325 0.432874
vt 0.65466 0.293694
vt 0.536471 0.438544
vt 0.885774 0.309246
vt 0.880169 0.309676
vt 0.891368 0.278718
vt 0.891368 0.327338
vt 0.748981 0.567307
vt 0.764037 0.574899
vt 0.487151 0.629882
vt 0.760218 0.582495
vt 0.097362 0.948077
vt 0.08618 0.960193
vt 0.08618 0.93213
vt 0.474398 0.624461
vt 0.641793 0.294315
vt 0.470442 0.618301
vt 0.312456 0.784133
vt 0.332357 0.796801
vt 0.321159 0.804949
vt 0.127051 0.844902
vt 0.327228 0.53324
vt 0.322747 0.550657
vt 0.567495 0.414629
vt 0.567495 0.399386
vt 0.57578 0.401573
vt 0.346523 0.564029
vt 0.643746 0.315588
vt 0.548112 0.459351
vt 0.657887 0.315149
vt 0.956893 0.594919
vt 0.96355 0.597078
vt 0.956893 0.620477
vt 0.329093 0.820411
vt 0.357986 0.799077
vt 0.963424 0.621104
vt 0.532371 0.659319
vt 0.535864 0.688132
vt 0.466667 0.257465
vt 0.465515 0.287084
vt 0.438088 0.258016
vt 0.456164 0.242504
vt 0.535339 0.711751
vt 0.590888 0.387653
vt 0.503934 0.6388
vt 0.529213 0.640367
vt 0.5506 0.629882
vt 0.429753 0.286368
vt 0.437177 0.309717
vt 0.698409 0.545548
vt 0.589378 0.393525
vt 0.699753 0.519161
vt 0.189553 0.661392
vt 0.182513 0.636383
vt 0.216547 0.655531
vt 0.425513 0.231957
vt 0.414578 0.252931
vt 0.677929 0.219388
vt 0.662285 0.204118
vt 0.666128 0.199532
vt 0.213417 0.626405
vt 0.41745 0.309211
vt 0.208356 0.597878
vt 0.185107 0.611783
vt 0.580816 0.719869
vt 0.928474 0.562263
vt 0.925057 0.544622
vt 0.929977 0.543664
vt 0.923862 0.562194
vt 0.081168 0.893803
vt 0.925674 0.579722
vt 0.905346 0.478929
vt 0.901174 0.45548
vt 0.911512 0.461886
vt 0.654305 0.485132
vt 0.652902 0.461788
vt 0.674386 0.484521
vt 0.929977 0.580816
vt 0.892648 0.48015
vt 0.383565 0.871425
vt 0.382795 0.895596
vt 0.349625 0.871425
vt 0.640941 0.669447
vt 0.665061 0.68825
vt 0.682544 0.46099
vt 0.652902 0.429923
vt 0.41569 0.318945
vt 0.485132 0.052897
vt 0.477359 0.058753
vt 0.477359 0.036298
vt 0.555531 0.453572
vt 0.576515 0.269771
vt 0.584479 0.277395
vt 0.567509 0.281052
vt 0.568722 0.473382
vt 0.559198 0.273733
vt 0.5552 0.266986
vt 0.572079 0.466243
vt 0.579719 0.30511
vt 0.210055 0.949856
vt 0.22373 0.950277
vt 0.208664 0.975301
vt 0.292087 0.96355
vt 0.286411 0.942414
vt 0.292087 0.9393
vt 0.895965 0.348707
vt 0.902436 0.348052
vt 0.904797 0.372662
vt 0.22494 0.975301
vt 0.537618 0.447688
vt 0.543885 0.458358
vt 0.537618 0.46331
vt 0.835839 0.9518
vt 0.835839 0.918287
vt 0.85108 0.923607
vt 0.557726 0.306199
vt 0.553665 0.916132
vt 0.567387 0.943026
vt 0.553665 0.948442
vt 0.068825 0.181295
vt 0.06186 0.170505
vt 0.068825 0.161757
vt 0.590888 0.471134
vt 0.36445 0.520384
vt 0.355237 0.508142
vt 0.362412 0.49862
vt 0.395081 0.495894
vt 0.385528 0.312231
vt 0.374051 0.301829
vt 0.386092 0.291948
vt 0.893306 0.285344
vt 0.899998 0.283269
vt 0.899475 0.308873
vt 0.676721 0.261295
vt 0.666111 0.280336
vt 0.662285 0.273259
vt 0.395854 0.518178
vt 0.685298 0.401148
vt 0.68825 0.430072
vt 0.655389 0.404419
vt 0.374051 0.2741
vt 0.916025 0.308734
vt 0.916548 0.283129
vt 0.914712 0.261661
vt 0.684007 0.266917
vt 0.895972 0.261661
vt 0.082127 0.275944
vt 0.083208 0.265001
vt 0.099041 0.268431
vt 0.099041 0.281945
vt 0.404027 0.564029
vt 0.41131 0.560366
vt 0.082212 0.292087
vt 0.024866 0.912208
vt 0.027255 0.894685
vt 0.035252 0.896837
vt 0.034466 0.912336
vt 0.146043 0.911566
vt 0.573275 0.340282
vt 0.594245 0.336309
vt 0.588314 0.358795
vt 0.571675 0.365948
vt 0.135969 0.892125
vt 0.023021 0.922226
vt 0.035252 0.931656
vt 0.458886 0.479056
vt 0.455114 0.488882
vt 0.428166 0.487607
vt 0.430566 0.470135
vt 0.204796 0.975301
vt 0.199536 0.972176
vt 0.204796 0.955361
vt 0.429613 0.503047
vt 0.461631 0.502369
vt 0.456659 0.520384
vt 0.48171 0.585852
vt 0.478934 0.569497
vt 0.483454 0.569497
vt 0.911512 0.496589
vt 0.901429 0.501919
vt 0.5552 0.34018
vt 0.394549 0.481197
vt 0.430708 0.519748
vt 0.162842 0.804017
vt 0.174967 0.801821
vt 0.177938 0.81415
vt 0.151441 0.786442
vt 0.911883 0.869748
vt 0.908536 0.851385
vt 0.918226 0.851189
vt 0.159688 0.813238
vt 0.152771 0.797004
vt 0.127544 0.056498
vt 0.110406 0.058045
vt 0.107364 0.044689
vt 0.130436 0.036188
vt 0.159825 0.774853
vt 0.101135 0.014021
vt 0.161303 0.19173
vt 0.164509 0.188766
vt 0.164509 0.196403
vt 0.17466 0.786129
vt 0.182533 0.78367
vt 0.178085 0.797009
vt 0.423022 0.740761
vt 0.414921 0.72991
vt 0.422559 0.72991
vt 0.547998 0.91129
vt 0.549541 0.923103
vt 0.537051 0.912435
vt 0.850806 0.058075
vt 0.864168 0.060441
vt 0.864509 0.072605
vt 0.681561 0.364269
vt 0.681561 0.350969
vt 0.689592 0.362536
vt 0.850806 0.073861
vt 0.030519 0.80581
vt 0.016339 0.80118
vt 0.026616 0.791635
vt 0.035252 0.796415
vt 0.689929 0.352508
vt 0.501079 0.111523
vt 0.506955 0.117751
vt 0.501079 0.125899
vt 0.50467 0.549351
vt 0.513011 0.559076
vt 0.500162 0.563333
vt 0.020853 0.595924
vt 0.020853 0.58247
vt 0.026859 0.589282
vt 0.267067 0.941863
vt 0.28353 0.940567
vt 0.285372 0.958861
vt 0.505092 0.58074
vt 0.518335 0.575015
vt 0.266429 0.958861
vt 0.02561 0.824494
vt 0.010049 0.818601
vt 0.152364 0.889318
vt 0.155082 0.876305
vt 0.167562 0.874913
vt 0.192396 0.793392
vt 0.170851 0.888103
vt 0.183763 0.819462
vt 0.174581 0.911234
vt 0.152084 0.912162
vt 0.198935 0.814592
vt 0.423486 0.931271
vt 0.433376 0.942349
vt 0.420888 0.941361
vt 0.434773 0.960193
vt 0.420888 0.959872
vt 0.414052 0.741967
vt 0.372648 0.395573
vt 0.359728 0.391979
vt 0.368823 0.38081
vt 0.37602 0.385103
vt 0.534689 0.923253
vt 0.533128 0.946764
vt 0.5506 0.946764
vt 0.365821 0.41812
vt 0.35191 0.414066
vt 0.976094 0.389449
vt 0.981589 0.389197
vt 0.518706 0.628178
vt 0.513217 0.623676
vt 0.518702 0.624038
vt 0.142797 0.339931
vt 0.513221 0.627816
vt 0.201333 0.184653
vt 0.518706 0.635174
vt 0.140174 0.332649
vt 0.196182 0.182732
vt 0.513221 0.636212
vt 0.508831 0.635179
vt 0.507735 0.629218
vt 0.971504 0.82665
vt 0.974828 0.825596
vt 0.978658 0.834687
vt 0.971504 0.844365
vt 0.991211 0.125797
vt 0.998114 0.125797
vt 0.994195 0.129038
vt 0.793476 0.599172
vt 0.791296 0.60239
vt 0.786898 0.602638
vt 0.781393 0.598368
vt 0.786879 0.598355
vt 0.168857 0.164715
vt 0.171223 0.171411
vt 0.168857 0.174581
vt 0.795684 0.588097
vt 0.011272 0.739677
vt 0.00241 0.728078
vt 0.011751 0.72943
vt 0.038163 0.767933
vt 0.046526 0.764641
vt 0.042126 0.776362
vt 0.945203 0.863128
vt 0.932036 0.853773
vt 0.942474 0.853596
vt 0.971373 0.196856
vt 0.984443 0.200264
vt 0.985373 0.212666
vt 0.056351 0.773801
vt 0.971373 0.216547
vt 0.048978 0.799884
vt 0.607675 0.938998
vt 0.586036 0.938564
vt 0.586036 0.913861
vt 0.064427 0.797241
vt 0.605692 0.914554
vt 0.00241 0.740289
vt 0.428368 0.039859
vt 0.436451 0.042774
vt 0.434553 0.053463
vt 0.421271 0.052428
vt 0.929942 0.864204
vt 0.929309 0.888011
vt 0.946764 0.888011
vt 0.433586 0.076915
vt 0.607323 0.948374
vt 0.587115 0.948442
vt 0.067146 0.806945
vt 0.419516 0.076606
vt 0.648321 0.198893
vt 0.656353 0.198531
vt 0.64843 0.209001
vt 0.661392 0.211093
vt 0.910415 0.21105
vt 0.920641 0.212034
vt 0.921584 0.221424
vt 0.907335 0.221213
vt 0.647846 0.228205
vt 0.90529 0.24029
vt 0.92048 0.240877
vt 0.171955 0.735144
vt 0.180837 0.735275
vt 0.181295 0.745698
vt 0.171955 0.747003
vt 0.374341 0.704583
vt 0.373697 0.716425
vt 0.36139 0.700966
vt 0.342499 0.844165
vt 0.337233 0.830506
vt 0.345804 0.834147
vt 0.36139 0.718466
vt 0.330058 0.840387
vt 0.896542 0.784081
vt 0.913476 0.785679
vt 0.914869 0.805184
vt 0.661392 0.231655
vt 0.895041 0.804373
vt 0.339959 0.861735
vt 0.326387 0.858615
vt 0.173667 0.921584
vt 0.348286 0.423467
vt 0.752039 0.975301
vt 0.733991 0.973653
vt 0.752039 0.950894
vt 0.053106 0.8259
vt 0.230779 0.367652
vt 0.2264 0.368224
vt 0.236691 0.343981
vt 0.419611 0.0856
vt 0.436451 0.104077
vt 0.736761 0.950778
vt 0.73346 0.948022
vt 0.019892 0.067146
vt 0.019892 0.048586
vt 0.026859 0.061096
vt 0.914869 0.813882
vt 0.894995 0.813973
vt 0.478418 0.981049
vt 0.470648 0.983694
vt 0.478183 0.96897
vt 0.604694 0.737697
vt 0.598532 0.723217
vt 0.605996 0.723364
vt 0.222393 0.515089
vt 0.222521 0.501697
vt 0.235012 0.517027
vt 0.470648 0.966904
vt 0.227845 0.950656
vt 0.251799 0.955201
vt 0.251435 0.97265
vt 0.596668 0.746104
vt 0.227845 0.975301
vt 0.580502 0.740976
vt 0.307396 0.706802
vt 0.313909 0.70247
vt 0.313909 0.718466
vt 0.235012 0.49815
vt 0.505272 0.934786
vt 0.502662 0.924997
vt 0.51495 0.915823
vt 0.523742 0.938264
vt 0.004728 0.960591
vt 0.004714 0.949198
vt 0.022756 0.950163
vt 0.023501 0.960188
vt 0.520269 0.950121
vt 0.502662 0.948618
vt 0.002516 0.975301
vt 0.023501 0.975221
vt 0.901052 0.584978
vt 0.878886 0.583857
vt 0.877796 0.57098
vt 0.90144 0.572195
vt 0.90144 0.600013
vt 0.873022 0.59767
vt 0.079324 0.129033
vt 0.081387 0.115108
vt 0.094604 0.138801
vt 0.591492 0.760093
vt 0.576668 0.752774
vt 0.576405 0.773959
vt 0.566653 0.764521
vt 0.520384 0.584714
vt 0.285029 0.968586
vt 0.266086 0.968586
vt 0.510279 0.603826
vt 0.329017 0.964811
vt 0.30934 0.982306
vt 0.310609 0.9659
vt 0.329017 0.985373
vt 0.515132 0.602581
vt 0.080858 0.188679
vt 0.086644 0.16922
vt 0.096397 0.193046
vt 0.048212 0.913724
vt 0.059514 0.909007
vt 0.065468 0.928298
vt 0.103244 0.169503
vt 0.101165 0.149377
vt 0.051496 0.89213
vt 0.065468 0.88491
vt 0.0172 0.849401
vt 0.035252 0.847061
vt 0.17466 0.834681
vt 0.190649 0.842687
vt 0.120017 0.187201
vt 0.102966 0.186948
vt 0.123733 0.164714
vt 0.008004 0.828305
vt 0.201439 0.823494
vt 0.152402 0.921584
vt 0.005255 0.555453
vt 0.001745 0.557582
vt 0.002042 0.535632
vt 0.189688 0.981563
vt 0.171263 0.96471
vt 0.189688 0.960643
vt 0.942493 0.841332
vt 0.937979 0.841066
vt 0.9518 0.833079
vt 0.9518 0.859473
vt 0.312697 0.531657
vt 0.323981 0.531657
vt 0.315026 0.543885
vt 0.013429 0.561091
vt 0.944572 0.828274
vt 0.001745 0.570744
vt 0.170494 0.982015
vt 0.551424 0.433342
vt 0.551171 0.423318
vt 0.560672 0.420673
vt 0.560672 0.43813
vt 0.033156 0.884282
vt 0.515256 0.6138
vt 0.500162 0.634533
vt 0.355876 0.191367
vt 0.341464 0.17703
vt 0.355876 0.176557
vt 0.57291 0.894582
vt 0.582495 0.91883
vt 0.57291 0.927318
vt 0.605996 0.781198
vt 0.567674 0.790648
vt 0.088969 0.63789
vt 0.078935 0.630269
vt 0.088969 0.625339
vt 0.580614 0.931656
vt 0.425223 0.836035
vt 0.407833 0.808088
vt 0.451752 0.812216
vt 0.459953 0.825215
vt 0.449199 0.839517
vt 0.947382 0.137714
vt 0.950065 0.137844
vt 0.945463 0.153097
vt 0.192425 0.084349
vt 0.20575 0.091024
vt 0.20228 0.095187
vt 0.310552 0.064451
vt 0.310552 0.078897
vt 0.306998 0.065214
vt 0.750361 0.673278
vt 0.725482 0.681535
vt 0.725482 0.653321
vt 0.879189 0.621104
vt 0.71511 0.63167
vt 0.724901 0.630718
vt 0.721162 0.65132
vt 0.72193 0.614505
vt 0.586466 0.119382
vt 0.573188 0.123493
vt 0.57205 0.107583
vt 0.442623 0.614389
vt 0.423888 0.617746
vt 0.435991 0.607207
vt 0.714117 0.61333
vt 0.449968 0.598883
vt 0.949946 0.153507
vt 0.61271 0.873766
vt 0.605951 0.889185
vt 0.6105 0.873353
vt 0.883995 0.534137
vt 0.896187 0.547707
vt 0.882568 0.552986
vt 0.896659 0.530771
vt 0.731895 0.646464
vt 0.88713 0.518152
vt 0.945463 0.167866
vt 0.611077 0.889051
vt 0.603437 0.903122
vt 0.9518 0.166499
vt 0.211288 0.105328
vt 0.217839 0.100893
vt 0.611077 0.903311
vt 0.581135 0.137147
vt 0.898082 0.565708
vt 0.928298 0.958514
vt 0.921666 0.958514
vt 0.92308 0.93062
vt 0.644605 0.185517
vt 0.612737 0.197139
vt 0.613658 0.189514
vt 0.643372 0.175422
vt 0.178368 0.891426
vt 0.182974 0.895432
vt 0.178368 0.923262
vt 0.718321 0.11649
vt 0.686902 0.087315
vt 0.718466 0.08262
vt 0.613436 0.230389
vt 0.964247 0.224829
vt 0.975301 0.222141
vt 0.975301 0.243406
vt 0.596862 0.136729
vt 0.193046 0.232554
vt 0.193046 0.251799
vt 0.179171 0.247271
vt 0.023501 0.560871
vt 0.017513 0.579273
vt 0.005499 0.576306
vt 0.980337 0.152758
vt 0.974657 0.137599
vt 0.980337 0.136072
vt 0.61271 0.916548
vt 0.495204 0.386621
vt 0.490724 0.399711
vt 0.483187 0.398272
vt 0.52542 0.461631
vt 0.517698 0.459039
vt 0.52542 0.445921
vt 0.21829 0.117809
vt 0.227304 0.113778
vt 0.076165 0.290408
vt 0.062797 0.271396
vt 0.077218 0.271396
vt 0.582784 0.155331
vt 0.002109 0.600111
vt 0.567854 0.599358
vt 0.580816 0.614305
vt 0.565488 0.62127
vt 0.016662 0.602086
vt 0.478724 0.413944
vt 0.009244 0.182974
vt 0.002148 0.176128
vt 0.009037 0.166891
vt 0.017919 0.173137
vt 0.488383 0.414502
vt 0.223133 0.131101
vt 0.234686 0.12916
vt 0.60096 0.158605
vt 0.115205 0.116106
vt 0.716787 0.925245
vt 0.694569 0.948442
vt 0.694569 0.914901
vt 0.363733 0.58645
vt 0.367626 0.597466
vt 0.363733 0.599281
vt 0.694965 0.440329
vt 0.691286 0.451624
vt 0.690453 0.440811
vt 0.307195 0.630216
vt 0.307195 0.642926
vt 0.303096 0.634677
vt 0.726357 0.588123
vt 0.722049 0.58482
vt 0.731895 0.57748
vt 0.728442 0.574768
vt 0.192623 0.184811
vt 0.184435 0.186858
vt 0.185288 0.174304
vt 0.191195 0.173553
vt 0.120123 0.139729
vt 0.958514 0.859473
vt 0.948184 0.841162
vt 0.958514 0.833186
vt 0.144401 0.118634
vt 0.144055 0.104819
vt 0.116547 0.103125
vt 0.946764 0.072039
vt 0.946764 0.104077
vt 0.935978 0.082879
vt 0.69455 0.451757
vt 0.694965 0.462827
vt 0.692531 0.462335
vt 0.577935 0.221482
vt 0.580816 0.231729
vt 0.577935 0.233334
vt 0.317267 0.607675
vt 0.313577 0.598087
vt 0.317267 0.595841
vt 0.445487 0.547022
vt 0.44281 0.54855
vt 0.439776 0.537857
vt 0.445893 0.557706
vt 0.450605 0.556871
vt 0.694309 0.473382
vt 0.974228 0.772219
vt 0.971788 0.762733
vt 0.975301 0.762058
vt 0.875073 0.167447
vt 0.87626 0.178189
vt 0.875456 0.178933
vt 0.975301 0.77245
vt 0.437643 0.54024
vt 0.43307 0.531246
vt 0.431732 0.53201
vt 0.875073 0.189688
vt 0.423888 0.525228
vt 0.974306 0.782255
vt 0.37602 0.439392
vt 0.358784 0.444845
vt 0.125429 0.182501
vt 0.142201 0.179183
vt 0.038163 0.815539
vt 0.14476 0.158094
vt 0.161151 0.437461
vt 0.161151 0.459953
vt 0.143285 0.458016
vt 0.856802 0.987051
vt 0.859498 0.969098
vt 0.873722 0.968634
vt 0.921584 0.255118
vt 0.904337 0.255156
vt 0.874581 0.987051
vt 0.161151 0.152582
vt 0.335638 0.882975
vt 0.324539 0.86647
vt 0.345804 0.876325
vt 0.094005 0.913634
vt 0.092362 0.929977
vt 0.071999 0.912268
vt 0.069167 0.886496
vt 0.069167 0.927728
vt 0.191367 0.299916
vt 0.183284 0.30048
vt 0.183885 0.277397
vt 0.145739 0.097105
vt 0.191367 0.273274
vt 0.694508 0.482017
vt 0.706698 0.475581
vt 0.722003 0.493526
vt 0.312231 0.640192
vt 0.312231 0.673142
vt 0.301556 0.665837
vt 0.418372 0.884305
vt 0.389705 0.916562
vt 0.389705 0.884561
vt 0.707581 0.466051
vt 0.72724 0.487015
vt 0.716022 0.597242
vt 0.722861 0.600427
vt 0.453194 0.58353
vt 0.443479 0.594428
vt 0.446304 0.580946
vt 0.453238 0.569436
vt 0.194724 0.210156
vt 0.184435 0.21319
vt 0.184656 0.199741
vt 0.193758 0.196446
vt 0.898082 0.516881
vt 0.446844 0.569245
vt 0.122787 0.939907
vt 0.127578 0.936024
vt 0.127578 0.961872
vt 0.087209 0.578476
vt 0.092114 0.556437
vt 0.114371 0.587531
vt 0.6864 0.109445
vt 0.96355 0.290408
vt 0.954448 0.266056
vt 0.96355 0.264234
vt 0.101572 0.552473
vt 0.122542 0.567242
vt 0.087209 0.526112
vt 0.692965 0.135128
vt 0.112484 0.543204
vt 0.110475 0.532376
vt 0.115036 0.094628
vt 0.114868 0.07315
vt 0.899409 0.877939
vt 0.900137 0.851634
vt 0.14725 0.071975
vt 0.899409 0.842256
vt 0.911617 0.833842
vt 0.144163 0.802365
vt 0.092478 0.513781
vt 0.108894 0.521465
vt 0.084864 0.41295
vt 0.084864 0.402072
vt 0.095684 0.411101
vt 0.152616 0.053393
vt 0.644605 0.234162
vt 0.61374 0.266907
vt 0.718466 0.153188
vt 0.017546 0.155247
vt 0.22597 0.146734
vt 0.580145 0.17527
vt 0.580816 0.634533
vt 0.359233 0.002526
vt 0.333037 0.029186
vt 0.337494 0.002902
vt 0.748682 0.455038
vt 0.722315 0.440668
vt 0.359233 0.035252
vt 0.359233 0.590736
vt 0.354376 0.590189
vt 0.34757 0.568902
vt 0.458977 0.835103
vt 0.34757 0.597577
vt 0.355907 0.604317
vt 0.186762 0.469071
vt 0.184581 0.459918
vt 0.189688 0.460956
vt 0.55938 0.364587
vt 0.565708 0.364587
vt 0.563162 0.371274
vt 0.559873 0.372676
vt 0.181326 0.462448
vt 0.183804 0.470522
vt 0.026859 0.010072
vt 0.023637 0.00477
vt 0.026859 0.001462
vt 0.171739 0.585105
vt 0.169279 0.581598
vt 0.174387 0.577426
vt 0.17893 0.585494
vt 0.174293 0.590126
vt 0.181295 0.594595
vt 0.175587 0.596391
vt 0.44734 0.306284
vt 0.451086 0.310477
vt 0.446103 0.315588
vt 0.182521 0.480703
vt 0.184581 0.472845
vt 0.189031 0.475643
vt 0.189688 0.486811
vt 0.171739 0.592212
vt 0.172527 0.597614
vt 0.451559 0.315015
vt 0.991211 0.206982
vt 0.994542 0.201906
vt 0.997273 0.206982
vt 0.180252 0.474131
vt 0.255156 0.021823
vt 0.25074 0.017672
vt 0.255156 0.014417
vt 0.165068 0.950756
vt 0.166907 0.956836
vt 0.160338 0.95641
vt 0.160689 0.950472
vt 0.147876 0.94392
vt 0.172624 0.953152
vt 0.151228 0.943064
vt 0.168528 0.947999
vt 0.176259 0.947427
vt 0.003182 0.626248
vt 0.598362 0.182602
vt 0.236691 0.376009
vt 0.227089 0.382734
vt 0.974187 0.405588
vt 0.974097 0.395589
vt 0.983694 0.392588
vt 0.983694 0.409593
vt 0.936692 0.907319
vt 0.936431 0.917081
vt 0.927944 0.899887
vt 0.956865 0.879082
vt 0.95245 0.879193
vt 0.961872 0.86184
vt 0.895374 0.830936
vt 0.971994 0.332327
vt 0.970259 0.328151
vt 0.982015 0.332375
vt 0.961872 0.888011
vt 0.982015 0.315676
vt 0.523755 0.22944
vt 0.530456 0.239158
vt 0.523755 0.246763
vt 0.565708 0.260192
vt 0.560766 0.255764
vt 0.565708 0.247007
vt 0.910916 0.830427
vt 0.844365 0.308873
vt 0.836819 0.30318
vt 0.844365 0.292863
vt 0.927944 0.935013
vt 0.404972 0.925647
vt 0.399224 0.923099
vt 0.403771 0.915553
vt 0.407833 0.866188
vt 0.433094 0.929977
vt 0.51514 0.107434
vt 0.487478 0.09172
vt 0.518268 0.098073
vt 0.965613 0.467636
vt 0.961488 0.45339
vt 0.970265 0.467058
vt 0.961488 0.476739
vt 0.48758 0.0835
vt 0.181295 0.601701
vt 0.172338 0.601694
vt 0.297331 0.002354
vt 0.298801 0.010072
vt 0.292951 0.010072
vt 0.168113 0.598568
vt 0.169501 0.606347
vt 0.453238 0.211248
vt 0.453238 0.219137
vt 0.450425 0.217489
vt 0.520384 0.046926
vt 0.179846 0.607026
vt 0.176598 0.605222
vt 0.103269 0.906879
vt 0.098129 0.89914
vt 0.100081 0.896731
vt 0.107251 0.906078
vt 0.453055 0.221583
vt 0.174515 0.607768
vt 0.177386 0.610625
vt 0.174832 0.612711
vt 0.106934 0.915569
vt 0.99621 0.330647
vt 0.992559 0.332489
vt 0.991211 0.330647
vt 0.995231 0.469041
vt 0.991307 0.471448
vt 0.991211 0.469041
vt 0.991211 0.354342
vt 0.992676 0.35317
vt 0.996116 0.354342
vt 0.335732 0.564165
vt 0.335732 0.569065
vt 0.332745 0.565562
vt 0.333302 0.560131
vt 0.994519 0.448098
vt 0.991211 0.445124
vt 0.9956 0.445124
vt 0.11247 0.917834
vt 0.995608 0.174944
vt 0.991211 0.169327
vt 0.997741 0.169327
vt 0.359233 0.087264
vt 0.352395 0.090648
vt 0.352395 0.081437
vt 0.293115 0.457039
vt 0.295444 0.462443
vt 0.289225 0.465055
vt 0.295444 0.47506
vt 0.170191 0.938331
vt 0.169515 0.931253
vt 0.176259 0.92871
vt 0.107568 0.922147
vt 0.96621 0.568675
vt 0.973622 0.566349
vt 0.973622 0.574101
vt 0.971955 0.562798
vt 0.965081 0.555241
vt 0.973622 0.558597
vt 0.962959 0.562702
vt 0.166581 0.925103
vt 0.584216 0.040479
vt 0.590888 0.046781
vt 0.584216 0.052038
vt 0.098129 0.924701
vt 0.102666 0.926461
vt 0.098319 0.933334
vt 0.971887 0.54951
vt 0.477587 0.430331
vt 0.025674 0.160994
vt 0.486724 0.430486
vt 0.23837 0.14549
vt 0.024103 0.142396
vt 0.478067 0.448015
vt 0.034305 0.146574
vt 0.488058 0.447879
vt 0.201163 0.005564
vt 0.206475 0.029671
vt 0.189868 0.024157
vt 0.019439 0.62668
vt 0.490764 0.043404
vt 0.520384 0.001988
vt 0.844287 0.092736
vt 0.87626 0.099198
vt 0.849047 0.134293
vt 0.226345 0.161963
vt 0.238202 0.163081
vt 0.029751 0.127867
vt 0.479814 0.46511
vt 0.040985 0.130948
vt 0.489806 0.464974
vt 0.235648 0.180111
vt 0.223638 0.177464
vt 0.490896 0.003234
vt 0.737156 0.416056
vt 0.461717 0.017386
vt 0.229785 0.196041
vt 0.034191 0.112002
vt 0.219316 0.193258
vt 0.482307 0.481214
vt 0.044969 0.114243
vt 0.492299 0.481077
vt 0.036401 0.096526
vt 0.48461 0.496221
vt 0.495204 0.496883
vt 0.047002 0.096332
vt 0.222153 0.210735
vt 0.212454 0.206961
vt 0.134543 0.291225
vt 0.816217 0.811082
vt 0.313833 0.830264
vt 0.312456 0.820037
vt 0.328908 0.835246
vt 0.858858 0.535492
vt 0.322004 0.844365
vt 0.107981 0.847723
vt 0.102662 0.04647
vt 0.099579 0.046218
vt 0.09612 0.033146
vt 0.852908 0.277245
vt 0.852564 0.287939
vt 0.849408 0.288458
vt 0.02518 0.616333
vt 0.02296 0.616462
vt 0.02296 0.601547
vt 0.336213 0.826083
vt 0.126451 0.283735
vt 0.130369 0.272095
vt 0.142618 0.279586
vt 0.132755 0.260658
vt 0.146043 0.268148
vt 0.102106 0.061527
vt 0.852605 0.301054
vt 0.024418 0.632855
vt 0.108372 0.061888
vt 0.848085 0.302292
vt 0.891368 0.790583
vt 0.890571 0.805863
vt 0.886656 0.805007
vt 0.041673 0.582067
vt 0.027216 0.560322
vt 0.041966 0.55845
vt 0.359233 0.820499
vt 0.359385 0.667068
vt 0.357055 0.636137
vt 0.368252 0.640003
vt 0.381018 0.658161
vt 0.027216 0.582495
vt 0.854437 0.314368
vt 0.88568 0.821392
vt 0.848085 0.317367
vt 0.891368 0.82194
vt 0.10299 0.076853
vt 0.110792 0.07873
vt 0.820864 0.824222
vt 0.794093 0.824222
vt 0.338657 0.654854
vt 0.339332 0.688391
vt 0.817293 0.372016
vt 0.835972 0.37602
vt 0.319139 0.653514
vt 0.384413 0.675834
vt 0.368891 0.696145
vt 0.373309 0.595226
vt 0.360264 0.573129
vt 0.375008 0.561668
vt 0.392899 0.577328
vt 0.792327 0.6638
vt 0.41416 0.599623
vt 0.77461 0.698322
vt 0.388147 0.625529
vt 0.360264 0.6299
vt 0.416307 0.631033
vt 0.317558 0.68568
vt 0.583567 0.558993
vt 0.391678 0.65132
vt 0.624461 0.833306
vt 0.60598 0.86379
vt 0.586308 0.833306
vt 0.910787 0.330992
vt 0.908002 0.311526
vt 0.924941 0.326403
vt 0.908002 0.354197
vt 0.929977 0.209832
vt 0.912775 0.19306
vt 0.929977 0.168372
vt 0.508277 0.889456
vt 0.531476 0.911512
vt 0.507145 0.908454
vt 0.758754 0.296151
vt 0.739657 0.281822
vt 0.752806 0.274316
vt 0.283806 0.72126
vt 0.273285 0.725147
vt 0.259679 0.706299
vt 0.53885 0.886242
vt 0.851242 0.332374
vt 0.102226 0.093587
vt 0.978658 0.956819
vt 0.972503 0.960193
vt 0.972503 0.943457
vt 0.744481 0.297968
vt 0.283969 0.746947
vt 0.751786 0.324491
vt 0.269672 0.754238
vt 0.904797 0.326232
vt 0.531027 0.862092
vt 0.507145 0.86735
vt 0.165792 0.416021
vt 0.162072 0.410202
vt 0.181295 0.399511
vt 0.306782 0.715767
vt 0.305361 0.744723
vt 0.142864 0.421083
vt 0.301154 0.670648
vt 0.315588 0.683865
vt 0.301154 0.701679
vt 0.953478 0.634533
vt 0.937348 0.622285
vt 0.953478 0.604249
vt 0.145115 0.427372
vt 0.32566 0.751878
vt 0.982016 0.961752
vt 0.982016 0.982015
vt 0.962627 0.981586
vt 0.298801 0.259146
vt 0.278715 0.246657
vt 0.292517 0.221549
vt 0.317558 0.705572
vt 0.414794 0.649734
vt 0.327261 0.715109
vt 0.449789 0.970265
vt 0.438877 0.942779
vt 0.46331 0.942779
vt 0.356539 0.714719
vt 0.340527 0.713318
vt 0.597703 0.864769
vt 0.602108 0.886332
vt 0.588063 0.884929
vt 0.402784 0.32262
vt 0.396149 0.294022
vt 0.40418 0.299318
vt 0.481775 0.265228
vt 0.472338 0.264501
vt 0.471067 0.237213
vt 0.481775 0.231835
vt 0.308932 0.782441
vt 0.310552 0.81424
vt 0.281123 0.810526
vt 0.387833 0.324449
vt 0.279057 0.780539
vt 0.823092 0.868734
vt 0.841524 0.848722
vt 0.852759 0.872903
vt 0.287638 0.841008
vt 0.399349 0.333971
vt 0.418399 0.64549
vt 0.431415 0.654046
vt 0.418399 0.6765
vt 0.929284 0.327544
vt 0.931656 0.355876
vt 0.920089 0.355876
vt 0.268852 0.835415
vt 0.254267 0.795929
vt 0.257512 0.811919
vt 0.886952 0.839329
vt 0.308122 0.298801
vt 0.322196 0.291673
vt 0.325683 0.297858
vt 0.110021 0.096855
vt 0.975503 0.29454
vt 0.982016 0.293935
vt 0.975268 0.310552
vt 0.340069 0.287275
vt 0.334139 0.281214
vt 0.09612 0.109113
vt 0.982016 0.31053
vt 0.011751 0.451559
vt 0.002701 0.451559
vt 0.00969 0.433836
vt 0.599281 0.312231
vt 0.591562 0.311311
vt 0.599281 0.297699
vt 0.351759 0.271916
vt 0.342946 0.266985
vt 0.126896 0.967071
vt 0.135971 0.967071
vt 0.127212 0.983694
vt 0.141007 0.197696
vt 0.133867 0.201439
vt 0.133867 0.183139
vt 0.876771 0.210773
vt 0.868189 0.210331
vt 0.872563 0.191898
vt 0.739657 0.323017
vt 0.74277 0.347482
vt 0.275476 0.77397
vt 0.259996 0.778898
vt 0.495204 0.148029
vt 0.488595 0.152758
vt 0.488595 0.134726
vt 0.359438 0.254797
vt 0.348306 0.25244
vt 0.869709 0.226713
vt 0.063789 0.240048
vt 0.054905 0.240048
vt 0.063032 0.224946
vt 0.877939 0.228977
vt 0.565708 0.359688
vt 0.557862 0.360912
vt 0.565708 0.343527
vt 0.36259 0.236933
vt 0.350657 0.236575
vt 0.868189 0.242425
vt 0.558059 0.344203
vt 0.876626 0.245084
vt 0.301774 0.772778
vt 0.548465 0.638399
vt 0.568979 0.650517
vt 0.551273 0.661843
vt 0.58611 0.686
vt 0.402694 0.407629
vt 0.405848 0.375328
vt 0.428058 0.384435
vt 0.42757 0.35939
vt 0.423127 0.407807
vt 0.554175 0.685413
vt 0.320455 0.778898
vt 0.590719 0.65181
vt 0.379807 0.377233
vt 0.406897 0.347392
vt 0.379807 0.407181
vt 0.42225 0.344086
vt 0.774403 0.014864
vt 0.794006 0.002157
vt 0.786049 0.039256
vt 0.768704 0.05115
vt 0.794006 0.067523
vt 0.880635 0.379377
vt 0.872231 0.357182
vt 0.898083 0.36897
vt 0.38444 0.429737
vt 0.398518 0.427305
vt 0.141203 0.78344
vt 0.151134 0.764856
vt 0.912661 0.415938
vt 0.924941 0.415733
vt 0.922036 0.434456
vt 0.908852 0.434562
vt 0.924941 0.453499
vt 0.177938 0.759985
vt 0.126966 0.006756
vt 0.741067 0.001891
vt 0.745325 0.013454
vt 0.727452 0.020979
vt 0.718514 0.012173
vt 0.16563 0.749004
vt 0.892491 0.349601
vt 0.898083 0.32946
vt 0.585133 0.70894
vt 0.410879 0.333288
vt 0.382917 0.352451
vt 0.85108 0.762309
vt 0.840686 0.727016
vt 0.85108 0.727125
vt 0.78897 0.485669
vt 0.78781 0.522488
vt 0.771602 0.519038
vt 0.843458 0.761838
vt 0.825526 0.761063
vt 0.820687 0.731635
vt 0.046572 0.684739
vt 0.946417 0.749396
vt 0.95908 0.749219
vt 0.051607 0.688948
vt 0.961872 0.755149
vt 0.946383 0.757075
vt 0.060432 0.689929
vt 0.797662 0.58266
vt 0.486151 0.919734
vt 0.478852 0.902019
vt 0.486811 0.904254
vt 0.475172 0.921905
vt 0.469475 0.912934
vt 0.902283 0.190524
vt 0.908655 0.193478
vt 0.901908 0.198082
vt 0.897687 0.195394
vt 0.082254 0.411271
vt 0.078789 0.403592
vt 0.082254 0.400993
vt 0.385252 0.665013
vt 0.386776 0.664771
vt 0.386819 0.669785
vt 0.079248 0.408538
vt 0.160321 0.664415
vt 0.164509 0.67457
vt 0.160321 0.6765
vt 0.236691 0.218913
vt 0.233573 0.221583
vt 0.233573 0.207169
vt 0.564029 0.414826
vt 0.559654 0.416307
vt 0.968847 0.126213
vt 0.969895 0.131397
vt 0.961941 0.129596
vt 0.995838 0.10093
vt 0.991211 0.10093
vt 0.991265 0.098288
vt 0.995979 0.097524
vt 0.970265 0.135017
vt 0.967655 0.137273
vt 0.960975 0.135651
vt 0.725868 0.384917
vt 0.720098 0.381582
vt 0.726011 0.382628
vt 0.72405 0.394784
vt 0.720339 0.402768
vt 0.270264 0.600136
vt 0.270264 0.608878
vt 0.263604 0.609353
vt 0.263604 0.600612
vt 0.713412 0.402514
vt 0.385252 0.657355
vt 0.38777 0.658293
vt 0.733574 0.384296
vt 0.599058 0.212828
vt 0.607675 0.205309
vt 0.607675 0.218226
vt 0.72896 0.402486
vt 0.955907 0.196571
vt 0.957202 0.206473
vt 0.94823 0.204547
vt 0.219904 0.423269
vt 0.215233 0.420242
vt 0.219904 0.417076
vt 0.041966 0.396773
vt 0.039428 0.397656
vt 0.037441 0.391926
vt 0.214441 0.422637
vt 0.216768 0.428058
vt 0.995115 0.09509
vt 0.99491 0.481691
vt 0.99491 0.485311
vt 0.991211 0.482515
vt 0.997078 0.221806
vt 0.993437 0.224624
vt 0.991211 0.221806
vt 0.037441 0.402878
vt 0.717685 0.408802
vt 0.9982 0.09509
vt 0.519695 0.56285
vt 0.523742 0.563646
vt 0.520458 0.566082
vt 0.523062 0.568472
vt 0.519695 0.569065
vt 0.521835 0.558674
vt 0.991277 0.215357
vt 0.991211 0.209463
vt 0.99718 0.209463
vt 0.689929 0.381614
vt 0.689929 0.38993
vt 0.68599 0.386954
vt 0.685256 0.379942
vt 0.725679 0.408287
vt 0.722827 0.411903
vt 0.72874 0.41295
vt 0.733574 0.408903
vt 0.998364 0.05508
vt 0.991211 0.05508
vt 0.994093 0.051126
vt 0.964471 0.209286
vt 0.960247 0.201388
vt 0.967284 0.204817
vt 0.968586 0.192528
vt 0.688447 0.394485
vt 0.681722 0.393774
vt 0.679019 0.385275
vt 0.182872 0.340677
vt 0.186331 0.345889
vt 0.182872 0.35084
vt 0.968586 0.218226
vt 0.660422 0.92086
vt 0.827756 0.597603
vt 0.635992 0.923262
vt 0.707087 0.456595
vt 0.69891 0.443036
vt 0.711751 0.443036
vt 0.486811 0.93837
vt 0.964742 0.947629
vt 0.971944 0.965842
vt 0.962955 0.973622
vt 0.947794 0.962053
vt 0.952158 0.948521
vt 0.802565 0.197029
vt 0.814304 0.20626
vt 0.797358 0.221583
vt 0.486811 0.968586
vt 0.470386 0.961498
vt 0.486811 0.94352
vt 0.700404 0.455783
vt 0.752806 0.881457
vt 0.745191 0.88986
vt 0.745341 0.876397
vt 0.454917 0.399313
vt 0.454917 0.41295
vt 0.446592 0.406732
vt 0.946409 0.973622
vt 0.76054 0.885976
vt 0.755631 0.89989
vt 0.75071 0.8677
vt 0.761849 0.869014
vt 0.75187 0.864449
vt 0.733227 0.8611
vt 0.734336 0.854798
vt 0.067146 0.921584
vt 0.06411 0.910258
vt 0.067146 0.890717
vt 0.617849 0.878318
vt 0.639569 0.888387
vt 0.614433 0.906476
vt 0.815102 0.177798
vt 0.768637 0.87282
vt 0.777219 0.855036
vt 0.627131 0.872141
vt 0.968729 0.23866
vt 0.976979 0.255231
vt 0.968729 0.258513
vt 0.46331 0.675418
vt 0.46292 0.692156
vt 0.460035 0.691466
vt 0.004997 0.218129
vt 0.003151 0.218574
vt 0.002428 0.20175
vt 0.292087 0.001539
vt 0.285951 0.017108
vt 0.284627 0.016384
vt 0.458261 0.704706
vt 0.007197 0.23301
vt 0.46331 0.706715
vt 0.003292 0.233295
vt 0.969379 0.751353
vt 0.966966 0.760433
vt 0.960975 0.143941
vt 0.971944 0.759133
vt 0.970039 0.140022
vt 0.970182 0.148646
vt 0.250204 0.003021
vt 0.254498 0.002762
vt 0.255156 0.010167
vt 0.416307 0.953478
vt 0.250204 0.013429
vt 0.962865 0.151079
vt 0.574101 0.167877
vt 0.562465 0.176844
vt 0.66551 0.228298
vt 0.671149 0.217556
vt 0.673142 0.22432
vt 0.66551 0.214536
vt 0.766474 0.888972
vt 0.769069 0.904797
vt 0.777219 0.894817
vt 0.571557 0.181912
vt 0.870592 0.621543
vt 0.87626 0.622397
vt 0.869325 0.639036
vt 0.297204 0.039279
vt 0.297363 0.022127
vt 0.307267 0.025011
vt 0.862389 0.63728
vt 0.021767 0.193091
vt 0.021362 0.209533
vt 0.011053 0.208745
vt 0.559953 0.195438
vt 0.568212 0.197795
vt 0.28771 0.036562
vt 0.553728 0.194227
vt 0.554825 0.21149
vt 0.00997 0.226424
vt 0.023604 0.229259
vt 0.858816 0.655409
vt 0.870712 0.656678
vt 0.293365 0.056671
vt 0.568495 0.218357
vt 0.282453 0.056492
vt 0.541637 0.190662
vt 0.547647 0.21148
vt 0.533913 0.210183
vt 0.546709 0.227596
vt 0.529604 0.230395
vt 0.553125 0.226785
vt 0.804304 0.175181
vt 0.785779 0.20438
vt 0.783628 0.182661
vt 0.614433 0.85712
vt 0.809766 0.154287
vt 0.820864 0.157236
vt 0.63407 0.868352
vt 0.195899 0.916548
vt 0.208154 0.915061
vt 0.335595 0.719082
vt 0.330631 0.748155
vt 0.316033 0.087939
vt 0.313117 0.062942
vt 0.329017 0.075254
vt 0.321185 0.103778
vt 0.683924 0.296965
vt 0.705397 0.290102
vt 0.251403 0.536667
vt 0.275135 0.532865
vt 0.282868 0.56219
vt 0.245334 0.562138
vt 0.721823 0.30292
vt 0.699108 0.316432
vt 0.763547 0.211912
vt 0.784802 0.15888
vt 0.76411 0.187074
vt 0.681274 0.33741
vt 0.317267 0.548215
vt 0.754169 0.154287
vt 0.848915 0.368296
vt 0.840022 0.369489
vt 0.837692 0.358267
vt 0.028537 0.262556
vt 0.027108 0.273981
vt 0.019209 0.272275
vt 0.01889 0.260427
vt 0.026848 0.248092
vt 0.838282 0.342884
vt 0.850773 0.357591
vt 0.844825 0.379377
vt 0.02122 0.284948
vt 0.013703 0.245115
vt 0.854437 0.344136
vt 0.837692 0.323267
vt 0.537616 0.247801
vt 0.134516 0.440574
vt 0.55202 0.242023
vt 0.557081 0.240447
vt 0.574101 0.23721
vt 0.544 0.257118
vt 0.555322 0.252404
vt 0.558528 0.249109
vt 0.700518 0.953773
vt 0.708394 0.9603
vt 0.702537 0.964504
vt 0.350349 0.758819
vt 0.304791 0.084639
vt 0.295677 0.100999
vt 0.300759 0.117236
vt 0.319552 0.123971
vt 0.331777 0.76967
vt 0.014904 0.894634
vt 0.006287 0.89313
vt 0.018465 0.882163
vt 0.14847 0.442606
vt 0.760136 0.301632
vt 0.781001 0.292768
vt 0.765352 0.315132
vt 0.014224 0.905184
vt 0.767357 0.964233
vt 0.763341 0.952135
vt 0.773862 0.950455
vt 0.790648 0.288596
vt 0.785094 0.31036
vt 0.00752 0.909516
vt 0.143945 0.433719
vt 0.155392 0.434631
vt 0.555291 0.262532
vt 0.546553 0.265228
vt 0.152097 0.428582
vt 0.861589 0.672297
vt 0.87626 0.674821
vt 0.297309 0.073854
vt 0.284076 0.076173
vt 0.581492 0.096255
vt 0.594245 0.102544
vt 0.581492 0.109113
vt 0.888265 0.218744
vt 0.902999 0.217148
vt 0.892592 0.233
vt 0.2898 0.088931
vt 0.501443 0.967131
vt 0.501443 0.954013
vt 0.51367 0.953467
vt 0.511524 0.967479
vt 0.903118 0.233373
vt 0.36259 0.488584
vt 0.357561 0.500461
vt 0.34212 0.488584
vt 0.900593 0.245018
vt 0.349036 0.510312
vt 0.792854 0.475721
vt 0.81415 0.483888
vt 0.79233 0.483926
vt 0.756216 0.950455
vt 0.759611 0.966414
vt 0.700518 0.975301
vt 0.501809 0.976979
vt 0.81415 0.501941
vt 0.795842 0.50411
vt 0.812281 0.521523
vt 0.299371 0.133889
vt 0.508646 0.976973
vt 0.893328 0.244313
vt 0.962285 0.823805
vt 0.968586 0.824519
vt 0.963412 0.834584
vt 0.850473 0.377814
vt 0.896207 0.254971
vt 0.01652 0.283135
vt 0.967628 0.834344
vt 0.891378 0.253637
vt 0.968586 0.847723
vt 0.265259 0.627818
vt 0.265259 0.613127
vt 0.270264 0.613862
vt 0.888265 0.265228
vt 0.763543 0.975301
vt 0.005036 0.42411
vt 0.00149 0.426379
vt 0.00149 0.414903
vt 0.016316 0.914029
vt 0.011888 0.918121
vt 0.129257 0.66855
vt 0.12008 0.664576
vt 0.127717 0.658969
vt 0.124419 0.670681
vt 0.159019 0.424093
vt 0.160864 0.42835
vt 0.128673 0.676499
vt 0.12008 0.671635
vt 0.237104 0.185336
vt 0.241727 0.186909
vt 0.237104 0.193046
vt 0.783033 0.332735
vt 0.79669 0.526195
vt 0.018465 0.923262
vt 0.809168 0.840718
vt 0.83273 0.819427
vt 0.849202 0.838628
vt 0.824137 0.826858
vt 0.277967 0.029952
vt 0.281504 0.030473
vt 0.79944 0.872903
vt 0.27812 0.043561
vt 0.492261 0.548154
vt 0.496883 0.546099
vt 0.496883 0.560672
vt 0.008393 0.246636
vt 0.272197 0.042593
vt 0.20838 0.777
vt 0.19919 0.747354
vt 0.210063 0.744663
vt 0.231107 0.746037
vt 0.194867 0.781303
vt 0.002428 0.246763
vt 0.308873 0.043165
vt 0.300369 0.039771
vt 0.308118 0.029844
vt 0.275888 0.056724
vt 0.323981 0.221583
vt 0.317513 0.208513
vt 0.323981 0.208112
vt 0.268994 0.056386
vt 0.297988 0.051346
vt 0.308873 0.057074
vt 0.21735 0.252788
vt 0.22494 0.265693
vt 0.21735 0.266907
vt 0.275779 0.069332
vt 0.3474 0.171223
vt 0.335117 0.166942
vt 0.350687 0.161669
vt 0.003605 0.049485
vt 0.00229 0.036444
vt 0.0095 0.035183
vt 0.266853 0.069902
vt 0.012362 0.048214
vt 0.335805 0.15541
vt 0.201952 0.812471
vt 0.310182 0.573346
vt 0.857795 0.487441
vt 0.845986 0.48701
vt 0.840389 0.459368
vt 0.228856 0.775842
vt 0.232175 0.804084
vt 0.723759 0.0801
vt 0.755065 0.088681
vt 0.738609 0.096365
vt 0.255156 0.752975
vt 0.755592 0.099656
vt 0.765967 0.103385
vt 0.770773 0.09426
vt 0.744911 0.104822
vt 0.049886 0.971943
vt 0.040319 0.968521
vt 0.052038 0.960274
vt 0.777949 0.706458
vt 0.776448 0.699859
vt 0.784352 0.693475
vt 0.787291 0.703383
vt 0.725771 0.112555
vt 0.251709 0.773251
vt 0.042176 0.960727
vt 0.765468 0.116184
vt 0.742954 0.113863
vt 0.747472 0.107194
vt 0.754375 0.105904
vt 0.761202 0.109024
vt 0.049525 0.94717
vt 0.040319 0.950952
vt 0.742954 0.124282
vt 0.736518 0.115815
vt 0.702969 0.497481
vt 0.711751 0.499399
vt 0.702969 0.510312
vt 0.723759 0.131565
vt 0.734406 0.128348
vt 0.354125 0.151689
vt 0.266835 0.082863
vt 0.27656 0.081015
vt 0.015401 0.060944
vt 0.338812 0.142837
vt 0.005124 0.063761
vt 0.359241 0.141065
vt 0.343042 0.132032
vt 0.01707 0.073381
vt 0.006793 0.076198
vt 0.279556 0.092495
vt 0.268769 0.094621
vt 0.272827 0.105824
vt 0.348403 0.121988
vt 0.365242 0.130624
vt 0.283613 0.103698
vt 0.007853 0.087569
vt 0.018917 0.085516
vt 0.765293 0.125603
vt 0.746619 0.132851
vt 0.711047 0.50866
vt 0.255156 0.791508
vt 0.122332 0.684809
vt 0.132614 0.70877
vt 0.119691 0.718652
vt 0.10399 0.706176
vt 0.085335 0.686156
vt 0.106858 0.65767
vt 0.370603 0.12058
vt 0.354497 0.112553
vt 0.010459 0.098931
vt 0.00997 0.295444
vt 0.712753 0.16283
vt 0.689969 0.14797
vt 0.097086 0.488817
vt 0.112942 0.499591
vt 0.857795 0.546962
vt 0.841122 0.552797
vt 0.836114 0.526265
vt 0.657392 0.923434
vt 0.666428 0.95075
vt 0.657392 0.953478
vt 0.914242 0.940861
vt 0.899239 0.950473
vt 0.897303 0.929386
vt 0.773101 0.068825
vt 0.919905 0.929386
vt 0.10879 0.489173
vt 0.835743 0.577532
vt 0.831404 0.556354
vt 0.84595 0.582495
vt 0.857795 0.571984
vt 0.91575 0.960193
vt 0.78897 0.540025
vt 0.774321 0.552279
vt 0.770857 0.53812
vt 0.914393 0.459953
vt 0.898344 0.444268
vt 0.255156 0.601705
vt 0.246669 0.60523
vt 0.24566 0.598309
vt 0.472021 0.555388
vt 0.478418 0.559061
vt 0.472021 0.570744
vt 0.931965 0.548136
vt 0.939915 0.548407
vt 0.941728 0.564029
vt 0.24566 0.626108
vt 0.224173 0.881079
vt 0.209724 0.902195
vt 0.207334 0.887349
vt 0.844938 0.079049
vt 0.87626 0.080881
vt 0.872103 0.08866
vt 0.081913 0.59369
vt 0.092326 0.617584
vt 0.081913 0.624461
vt 0.837089 0.036997
vt 0.860901 0.033851
vt 0.866188 0.057074
vt 0.798646 0.631142
vt 0.804284 0.661392
vt 0.793115 0.656125
vt 0.834294 0.237218
vt 0.820978 0.240048
vt 0.816801 0.210754
vt 0.831798 0.211788
vt 0.866188 0.019726
vt 0.837083 0.015831
vt 0.254411 0.631176
vt 0.843094 0.001419
vt 0.812746 0.630846
vt 0.825003 0.65811
vt 0.386993 0.709885
vt 0.405491 0.729726
vt 0.387273 0.735253
vt 0.843247 0.785345
vt 0.838249 0.785612
vt 0.812741 0.758919
vt 0.807989 0.739435
vt 0.254267 0.829108
vt 0.771566 0.126614
vt 0.772314 0.113351
vt 0.780356 0.109744
vt 0.780576 0.129614
vt 0.784787 0.715109
vt 0.776448 0.713773
vt 0.6203 0.94982
vt 0.627296 0.944936
vt 0.621508 0.957808
vt 0.629497 0.957495
vt 0.6203 0.966985
vt 0.416102 0.70584
vt 0.419882 0.723991
vt 0.402737 0.706668
vt 0.764121 0.137298
vt 0.769554 0.145624
vt 0.6285 0.970265
vt 0.941728 0.529274
vt 0.881625 0.051054
vt 0.903512 0.057726
vt 0.886937 0.076759
vt 0.904797 0.077191
vt 0.227688 0.906476
vt 0.382417 0.685511
vt 0.382417 0.710633
vt 0.900819 0.100007
vt 0.881625 0.10072
vt 0.387151 0.680467
vt 0.464989 0.148451
vt 0.459877 0.154437
vt 0.459877 0.140028
vt 0.759418 0.133492
vt 0.753445 0.135971
vt 0.751127 0.142044
vt 0.672662 0.001579
vt 0.681536 0.003282
vt 0.672662 0.013429
vt 0.421343 0.685715
vt 0.749918 0.152758
vt 0.407671 0.676797
vt 0.241155 0.879779
vt 0.251799 0.905255
vt 0.503598 0.60096
vt 0.499398 0.595736
vt 0.503598 0.588266
vt 0.972616 0.896587
vt 0.980337 0.894653
vt 0.978429 0.91037
vt 0.387155 0.328616
vt 0.381197 0.340509
vt 0.381197 0.327318
vt 0.177938 0.015108
vt 0.171876 0.003956
vt 0.177938 0.001284
vt 0.972616 0.911512
vt 0.57205 0.195052
vt 0.197659 0.049385
vt 0.007291 0.65132
vt 0.588914 0.204796
vt 0.181125 0.045408
vt 0.023501 0.649875
vt 0.19117 0.070832
vt 0.381397 0.009075
vt 0.37522 0.034958
vt 0.363377 0.017574
vt 0.176287 0.070059
vt 0.467791 0.11554
vt 0.467188 0.091918
vt 0.483454 0.093029
vt 0.48267 0.116684
vt 0.392586 0.029646
vt 0.187913 0.093465
vt 0.398179 0.051861
vt 0.382243 0.054951
vt 0.372662 0.320624
vt 0.362369 0.318682
vt 0.37007 0.304243
vt 0.211136 0.222642
vt 0.468568 0.139483
vt 0.483447 0.140627
vt 0.174606 0.09436
vt 0.399521 0.074173
vt 0.470101 0.162681
vt 0.847723 0.703667
vt 0.847723 0.711125
vt 0.831664 0.704218
vt 0.387151 0.340768
vt 0.298375 0.455805
vt 0.30048 0.461933
vt 0.298375 0.47506
vt 0.835409 0.725181
vt 0.828848 0.716518
vt 0.391127 0.333879
vt 0.577486 0.00252
vt 0.585852 0.004375
vt 0.580564 0.015327
vt 0.834393 0.211943
vt 0.842919 0.213364
vt 0.844365 0.219326
vt 0.8363 0.223262
vt 0.844365 0.206402
vt 0.836563 0.2015
vt 0.739884 0.138184
vt 0.731481 0.145719
vt 0.11167 0.735253
vt 0.095538 0.733572
vt 0.287408 0.1139
vt 0.276884 0.117027
vt 0.280679 0.127228
vt 0.37587 0.10953
vt 0.291294 0.124454
vt 0.020763 0.097652
vt 0.01143 0.110453
vt 0.021823 0.109023
vt 0.358972 0.102327
vt 0.378387 0.096928
vt 0.362014 0.093324
vt 0.021159 0.120705
vt 0.012287 0.12059
vt 0.292087 0.136194
vt 0.28218 0.137336
vt 0.379377 0.084542
vt 0.282619 0.147722
vt 0.92814 0.715075
vt 0.928298 0.728001
vt 0.920591 0.727829
vt 0.011509 0.130886
vt 0.363435 0.08353
vt 0.020407 0.132538
vt 0.965229 0.261871
vt 0.957117 0.235696
vt 0.965229 0.235285
vt 0.748682 0.158182
vt 0.748682 0.179617
vt 0.723846 0.176541
vt 0.723588 0.149283
vt 0.958041 0.259413
vt 0.025333 0.375453
vt 0.047603 0.341138
vt 0.829694 0.699513
vt 0.829215 0.691942
vt 0.852774 0.700001
vt 0.027742 0.352382
vt 0.830149 0.663089
vt 0.854437 0.692442
vt 0.614389 0.955612
vt 0.60803 0.956799
vt 0.066851 0.701385
vt 0.073861 0.702526
vt 0.477823 0.646403
vt 0.483454 0.646769
vt 0.482907 0.657259
vt 0.073765 0.714207
vt 0.066011 0.712552
vt 0.476008 0.657778
vt 0.873593 0.560083
vt 0.864544 0.560932
vt 0.874376 0.549752
vt 0.062935 0.724067
vt 0.071125 0.727198
vt 0.483454 0.668106
vt 0.820864 0.415367
vt 0.81403 0.411953
vt 0.819638 0.400899
vt 0.863847 0.549757
vt 0.863373 0.539262
vt 0.87626 0.539262
vt 0.344597 0.468346
vt 0.642237 0.603732
vt 0.623345 0.612335
vt 0.829215 0.654316
vt 0.854081 0.662433
vt 0.844166 0.642289
vt 0.854218 0.653666
vt 0.058673 0.735479
vt 0.870558 0.826882
vt 0.869495 0.815907
vt 0.881464 0.813736
vt 0.882975 0.826159
vt 0.6287 0.634986
vt 0.810456 0.424003
vt 0.066863 0.73861
vt 0.817964 0.426072
vt 0.157794 0.6765
vt 0.151287 0.666377
vt 0.157794 0.660528
vt 0.808104 0.437656
vt 0.545564 0.269943
vt 0.538479 0.2753
vt 0.538479 0.259711
vt 0.869495 0.838604
vt 0.882358 0.839329
vt 0.817097 0.437773
vt 0.959447 0.33699
vt 0.971931 0.336841
vt 0.958123 0.348547
vt 0.808459 0.450961
vt 0.81799 0.448997
vt 0.951729 0.063627
vt 0.960193 0.062144
vt 0.951133 0.075704
vt 0.971943 0.349098
vt 0.960193 0.075794
vt 0.742567 0.930692
vt 0.768335 0.930398
vt 0.746429 0.946217
vt 0.744985 0.911128
vt 0.770504 0.946764
vt 0.770504 0.91059
vt 0.966034 0.059924
vt 0.973558 0.059924
vt 0.973622 0.083933
vt 0.080576 0.95778
vt 0.057212 0.961872
vt 0.057837 0.935305
vt 0.080576 0.932508
vt 0.964049 0.082754
vt 0.967463 0.266951
vt 0.975301 0.266675
vt 0.96715 0.289779
vt 0.975301 0.290408
vt 0.179052 0.235012
vt 0.179385 0.209982
vt 0.186331 0.232115
vt 0.259532 0.952507
vt 0.261871 0.952714
vt 0.261342 0.94383
vt 0.414289 0.574473
vt 0.416307 0.573604
vt 0.416307 0.582495
vt 0.047002 0.593304
vt 0.047002 0.602639
vt 0.044667 0.602178
vt 0.493526 0.434016
vt 0.490245 0.425731
vt 0.492683 0.42563
vt 0.492801 0.416718
vt 0.083242 0.537957
vt 0.490245 0.434773
vt 0.935013 0.693286
vt 0.914035 0.668626
vt 0.935013 0.654041
vt 0.623345 0.676336
vt 0.951293 0.089536
vt 0.958123 0.360747
vt 0.971166 0.36259
vt 0.812334 0.46331
vt 0.960029 0.090648
vt 0.820864 0.459331
vt 0.33347 0.930975
vt 0.326408 0.945473
vt 0.325161 0.93211
vt 0.690202 0.895087
vt 0.691607 0.908427
vt 0.676811 0.908123
vt 0.676192 0.896707
vt 0.335732 0.945511
vt 0.676778 0.92094
vt 0.325161 0.959877
vt 0.690568 0.922849
vt 0.138776 0.662012
vt 0.14901 0.651521
vt 0.154437 0.657687
vt 0.147031 0.66641
vt 0.141602 0.677927
vt 0.332973 0.960193
vt 0.133678 0.675941
vt 0.420519 0.629497
vt 0.420519 0.620726
vt 0.428058 0.623017
vt 0.57876 0.237862
vt 0.584173 0.246763
vt 0.576103 0.246763
vt 0.428058 0.627402
vt 0.077553 0.635557
vt 0.084859 0.639433
vt 0.077553 0.644605
vt 0.295444 0.493526
vt 0.28798 0.488587
vt 0.295444 0.484263
vt 0.490168 0.293765
vt 0.48369 0.2884
vt 0.490168 0.284457
vt 0.582795 0.237862
vt 0.034851 0.255985
vt 0.042883 0.260522
vt 0.034851 0.265228
vt 0.995708 0.40373
vt 0.991709 0.40373
vt 0.991211 0.399963
vt 0.085612 0.643159
vt 0.99521 0.399963
vt 0.493524 0.627818
vt 0.489463 0.627818
vt 0.495204 0.619961
vt 0.094003 0.092041
vt 0.097362 0.098721
vt 0.094003 0.10072
vt 0.487082 0.619961
vt 0.765876 0.606642
vt 0.795328 0.25657
vt 0.788342 0.256215
vt 0.154437 0.724541
vt 0.149306 0.728538
vt 0.148526 0.714412
vt 0.777166 0.607898
vt 0.141881 0.718144
vt 0.795684 0.242774
vt 0.765452 0.618538
vt 0.787904 0.243532
vt 0.14303 0.702878
vt 0.134871 0.706345
vt 0.777451 0.620355
vt 0.765452 0.630681
vt 0.794691 0.228143
vt 0.785982 0.229684
vt 0.140079 0.691096
vt 0.778898 0.631176
vt 0.132488 0.691523
vt 0.676192 0.933105
vt 0.689982 0.935013
vt 0.783715 0.218303
vt 0.791734 0.214484
vt 0.302452 0.539362
vt 0.301716 0.53521
vt 0.308873 0.533519
vt 0.624311 0.01081
vt 0.624311 0.003554
vt 0.632855 0.007091
vt 0.308873 0.542207
vt 0.632339 0.014017
vt 0.628549 0.015108
vt 0.537599 0.046654
vt 0.543637 0.048765
vt 0.537599 0.055396
vt 0.99167 0.321648
vt 0.991211 0.317618
vt 0.996117 0.317618
vt 0.628101 0.002463
vt 0.995601 0.321371
vt 0.647744 0.39392
vt 0.649641 0.400085
vt 0.640339 0.399497
vt 0.642839 0.39392
vt 0.10591 0.104401
vt 0.11247 0.107243
vt 0.111981 0.110957
vt 0.616068 0.401199
vt 0.609006 0.395438
vt 0.616068 0.392225
vt 0.10591 0.11247
vt 0.991602 0.324129
vt 0.995543 0.324408
vt 0.996112 0.328166
vt 0.991211 0.328166
vt 0.543885 0.053232
vt 0.608995 0.399533
vt 0.647745 0.406235
vt 0.64284 0.406235
vt 0.684321 0.241295
vt 0.184846 0.600855
vt 0.200016 0.584258
vt 0.695532 0.24934
vt 0.216547 0.573728
vt 0.500381 0.266686
vt 0.269043 0.298801
vt 0.280431 0.265895
vt 0.288135 0.286445
vt 0.527099 0.276848
vt 0.508468 0.282015
vt 0.991394 0.46656
vt 0.991211 0.464153
vt 0.995265 0.464153
vt 0.287368 0.490855
vt 0.995448 0.46656
vt 0.490252 0.611641
vt 0.494313 0.611641
vt 0.043645 0.26285
vt 0.694508 0.435706
vt 0.696968 0.416452
vt 0.161151 0.030684
vt 0.852194 0.898083
vt 0.856891 0.874273
vt 0.893242 0.872328
vt 0.271943 0.870689
vt 0.271943 0.914869
vt 0.259581 0.91
vt 0.894725 0.88575
vt 0.159371 0.002085
vt 0.861559 0.847963
vt 0.824535 0.179532
vt 0.834294 0.186845
vt 0.804505 0.597037
vt 0.792182 0.605678
vt 0.035628 0.080942
vt 0.045475 0.080249
vt 0.361397 0.302826
vt 0.249346 0.231062
vt 0.048721 0.555323
vt 0.014218 0.557315
vt 0.6765 0.669116
vt 0.675714 0.684028
vt 0.673515 0.683233
vt 0.321085 0.166742
vt 0.319332 0.170761
vt 0.308122 0.161008
vt 0.22494 0.00125
vt 0.221439 0.01437
vt 0.219322 0.013244
vt 0.6765 0.698322
vt 0.333662 0.175942
vt 0.329025 0.181091
vt 0.218893 0.029602
vt 0.443166 0.310099
vt 0.441719 0.325621
vt 0.436961 0.324667
vt 0.21453 0.02802
vt 0.276286 0.203132
vt 0.432852 0.339859
vt 0.439374 0.34084
vt 0.438794 0.356087
vt 0.345143 0.206348
vt 0.337842 0.193431
vt 0.345362 0.187152
vt 0.430268 0.355968
vt 0.354743 0.200938
vt 0.349122 0.221399
vt 0.440278 0.371382
vt 0.053552 0.520901
vt 0.232524 0.199836
vt 0.211063 0.043992
vt 0.217252 0.045184
vt 0.209957 0.060841
vt 0.217972 0.061643
vt 0.056872 0.485862
vt 0.092326 0.48735
vt 0.263907 0.177956
vt 0.08779 0.517026
vt 0.308492 0.598834
vt 0.317267 0.623907
vt 0.276215 0.627818
vt 0.056919 0.452451
vt 0.274036 0.597516
vt 0.998272 0.065527
vt 0.996394 0.071002
vt 0.991211 0.065527
vt 0.303837 0.065468
vt 0.298468 0.060047
vt 0.303837 0.057813
vt 0.991211 0.057561
vt 0.998285 0.057561
vt 0.993191 0.063046
vt 0.196161 0.186806
vt 0.201439 0.189275
vt 0.201346 0.192912
vt 0.196161 0.194724
vt 0.992358 0.071002
vt 0.995806 0.381647
vt 0.992369 0.385826
vt 0.991211 0.381647
vt 0.298297 0.064295
vt 0.288707 0.291891
vt 0.291659 0.28721
vt 0.294944 0.28811
vt 0.997234 0.063046
vt 0.295444 0.293868
vt 0.288707 0.297123
vt 0.99562 0.38508
vt 0.991245 0.436082
vt 0.9945 0.432732
vt 0.99563 0.436082
vt 0.280336 0.296102
vt 0.280336 0.303837
vt 0.274858 0.301453
vt 0.991211 0.432732
vt 0.274853 0.29824
vt 0.993928 0.116833
vt 0.991211 0.111612
vt 0.998038 0.111612
vt 0.998487 0.038029
vt 0.993142 0.040527
vt 0.991211 0.038029
vt 0.181295 0.184653
vt 0.179 0.17936
vt 0.181295 0.176976
vt 0.361368 0.218302
vt 0.431544 0.37273
vt 0.443166 0.385533
vt 0.434193 0.38777
vt 0.22494 0.093136
vt 0.216475 0.095684
vt 0.211875 0.079164
vt 0.219841 0.078203
vt 0.298801 0.195194
vt 0.282584 0.169591
vt 0.714992 0.04028
vt 0.612011 0.698497
vt 0.604205 0.718466
vt 0.548096 0.771251
vt 0.564029 0.775399
vt 0.559682 0.800144
vt 0.542405 0.799686
vt 0.700309 0.035289
vt 0.619425 0.667588
vt 0.684391 0.705194
vt 0.689812 0.674039
vt 0.720145 0.680649
vt 0.711917 0.713812
vt 0.683013 0.725181
vt 0.615877 0.638399
vt 0.261313 0.152522
vt 0.495099 0.864509
vt 0.495099 0.835735
vt 0.509743 0.836681
vt 0.512316 0.863003
vt 0.683013 0.64513
vt 0.694828 0.655119
vt 0.820723 0.085665
vt 0.811419 0.087491
vt 0.808906 0.075137
vt 0.511112 0.807688
vt 0.498867 0.80645
vt 0.842687 0.076777
vt 0.826271 0.113585
vt 0.547243 0.842516
vt 0.537304 0.861167
vt 0.534249 0.815841
vt 0.819084 0.114651
vt 0.719967 0.661408
vt 0.820253 0.135971
vt 0.813574 0.135591
vt 0.842687 0.121762
vt 0.901277 0.1426
vt 0.912089 0.141587
vt 0.91319 0.151079
vt 0.451756 0.01472
vt 0.458774 0.021217
vt 0.44633 0.034342
vt 0.78714 0.944259
vt 0.794781 0.935849
vt 0.797363 0.950207
vt 0.792168 0.956821
vt 0.438956 0.031932
vt 0.444817 0.00997
vt 0.898217 0.130581
vt 0.911526 0.12783
vt 0.466332 0.033049
vt 0.453784 0.038499
vt 0.319987 0.004108
vt 0.332374 0.002752
vt 0.328326 0.018116
vt 0.897051 0.117635
vt 0.303313 0.021823
vt 0.300958 0.002839
vt 0.312231 0.002839
vt 0.319987 0.021823
vt 0.789213 0.305855
vt 0.799882 0.311418
vt 0.789327 0.322058
vt 0.125899 0.503515
vt 0.118251 0.505276
vt 0.118251 0.487256
vt 0.91319 0.114468
vt 0.459166 0.045992
vt 0.471437 0.046376
vt 0.897576 0.104358
vt 0.602824 0.221999
vt 0.582856 0.219141
vt 0.586536 0.206325
vt 0.364658 0.026133
vt 0.374341 0.041018
vt 0.364658 0.045324
vt 0.464547 0.507164
vt 0.464718 0.49377
vt 0.481775 0.50307
vt 0.584519 0.233706
vt 0.479242 0.516872
vt 0.241045 0.59308
vt 0.407191 0.835606
vt 0.39796 0.834654
vt 0.407914 0.818384
vt 0.357178 0.778415
vt 0.455332 0.96509
vt 0.46331 0.971478
vt 0.455332 0.982015
vt 0.411271 0.582495
vt 0.394517 0.574386
vt 0.411271 0.565469
vt 0.856116 0.967118
vt 0.842925 0.946483
vt 0.856116 0.944256
vt 0.352518 0.393485
vt 0.196534 0.260607
vt 0.582741 0.072217
vt 0.590888 0.071337
vt 0.587591 0.084712
vt 0.582741 0.085612
vt 0.402483 0.849367
vt 0.123308 0.189889
vt 0.130935 0.184855
vt 0.130935 0.203118
vt 0.460823 0.130833
vt 0.45376 0.117378
vt 0.46331 0.117378
vt 0.147634 0.165248
vt 0.156115 0.158181
vt 0.156115 0.177938
vt 0.195075 0.266702
vt 0.407914 0.850222
vt 0.455496 0.130162
vt 0.349542 0.76954
vt 0.835649 0.970265
vt 0.33137 0.790648
vt 0.173351 0.466407
vt 0.174581 0.472732
vt 0.328949 0.386285
vt 0.94044 0.172705
vt 0.934587 0.17391
vt 0.947541 0.18446
vt 0.772051 0.342062
vt 0.937427 0.181295
vt 0.951461 0.193104
vt 0.94658 0.193446
vt 0.631399 0.584987
vt 0.63789 0.584987
vt 0.63364 0.592032
vt 0.336206 0.383382
vt 0.151079 0.278536
vt 0.147712 0.280336
vt 0.147712 0.272553
vt 0.63772 0.591581
vt 0.934183 0.180646
vt 0.636983 0.60096
vt 0.141007 0.571375
vt 0.137542 0.572423
vt 0.137542 0.563687
vt 0.366702 0.001981
vt 0.369305 0.004228
vt 0.366702 0.013429
vt 0.945397 0.203118
vt 0.887824 0.021311
vt 0.886306 0.002084
vt 0.906476 0.002084
vt 0.783142 0.355876
vt 0.90307 0.02015
vt 0.209832 0.266907
vt 0.257709 0.300591
vt 0.261871 0.298665
vt 0.261871 0.313909
vt 0.404462 0.864509
vt 0.455237 0.144365
vt 0.313476 0.143568
vt 0.291968 0.146224
vt 0.8095 0.536852
vt 0.298748 0.158331
vt 0.799894 0.540528
vt 0.790648 0.346288
vt 0.62979 0.356479
vt 0.639569 0.354213
vt 0.639569 0.365948
vt 0.6765 0.043084
vt 0.6765 0.057074
vt 0.67065 0.055227
vt 0.862831 0.200966
vt 0.857291 0.213221
vt 0.84894 0.21116
vt 0.855476 0.193713
vt 0.282453 0.152909
vt 0.861421 0.225963
vt 0.862831 0.214579
vt 0.283395 0.164509
vt 0.552782 0.532112
vt 0.560672 0.522669
vt 0.560672 0.53885
vt 0.849829 0.225224
vt 0.454767 0.592361
vt 0.46053 0.577265
vt 0.46331 0.590086
vt 0.853509 0.239163
vt 0.46331 0.603948
vt 0.889666 0.0378
vt 0.901711 0.038469
vt 0.889695 0.05036
vt 0.428058 0.609353
vt 0.418228 0.609353
vt 0.42438 0.596494
vt 0.851829 0.515348
vt 0.840389 0.511597
vt 0.078435 0.661481
vt 0.078435 0.715964
vt 0.931656 0.215302
vt 0.929895 0.223116
vt 0.927465 0.222186
vt 0.930075 0.229477
vt 0.925496 0.228986
vt 0.300801 0.967778
vt 0.305411 0.967644
vt 0.30011 0.974116
vt 0.924882 0.236938
vt 0.930328 0.236195
vt 0.305516 0.975301
vt 0.931656 0.242693
vt 0.216547 0.132614
vt 0.212382 0.127408
vt 0.216547 0.122672
vt 0.462469 0.309866
vt 0.466667 0.312409
vt 0.462469 0.320624
vt 0.99257 0.103411
vt 0.998109 0.109131
vt 0.991211 0.109131
vt 0.540528 0.377005
vt 0.539864 0.383926
vt 0.534347 0.385219
vt 0.925486 0.245384
vt 0.929036 0.251799
vt 0.540528 0.389519
vt 0.557692 0.478418
vt 0.557692 0.469544
vt 0.562351 0.474718
vt 0.53672 0.394485
vt 0.861065 0.237977
vt 0.619425 0.099415
vt 0.609767 0.110792
vt 0.609105 0.099415
vt 0.855802 0.248442
vt 0.061669 0.441913
vt 0.067146 0.447677
vt 0.061669 0.453238
vt 0.377809 0.309667
vt 0.384413 0.319266
vt 0.377809 0.323981
vt 0.491847 0.502352
vt 0.491343 0.511717
vt 0.48473 0.511463
vt 0.567387 0.453238
vt 0.559615 0.453238
vt 0.561399 0.444439
vt 0.46035 0.612711
vt 0.456911 0.602799
vt 0.035252 0.151283
vt 0.035252 0.161151
vt 0.031287 0.157973
vt 0.486394 0.520384
vt 0.318865 0.227116
vt 0.32566 0.227226
vt 0.319951 0.235012
vt 0.491847 0.519674
vt 0.241727 0.231655
vt 0.236133 0.224525
vt 0.241727 0.223625
vt 0.32566 0.234969
vt 0.415553 0.551963
vt 0.419665 0.560366
vt 0.41539 0.559706
vt 0.220899 0.147722
vt 0.216783 0.139291
vt 0.221583 0.139291
vt 0.032483 0.957841
vt 0.038609 0.961424
vt 0.032557 0.966291
vt 0.41539 0.567387
vt 0.001905 0.136046
vt 0.005036 0.144365
vt 0.001586 0.144365
vt 0.035654 0.96733
vt 0.374341 0.953965
vt 0.37114 0.954599
vt 0.369577 0.94863
vt 0.032483 0.978658
vt 0.369577 0.965229
vt 0.439991 0.594245
vt 0.439991 0.581331
vt 0.443166 0.582212
vt 0.847478 0.791586
vt 0.855931 0.79911
vt 0.852274 0.800097
vt 0.855237 0.809639
vt 0.861982 0.80959
vt 0.85594 0.820634
vt 0.883921 0.472212
vt 0.890633 0.47302
vt 0.880238 0.482883
vt 0.864509 0.82063
vt 0.888744 0.483856
vt 0.879676 0.494031
vt 0.855093 0.829655
vt 0.888655 0.492897
vt 0.329017 0.160178
vt 0.324435 0.166164
vt 0.324137 0.158745
vt 0.566378 0.583885
vt 0.572423 0.58002
vt 0.572423 0.595924
vt 0.956836 0.225899
vt 0.951642 0.212816
vt 0.956836 0.212186
vt 0.484301 0.275581
vt 0.484593 0.261499
vt 0.489338 0.260483
vt 0.329017 0.166187
vt 0.498562 0.270754
vt 0.315152 0.3088
vt 0.314653 0.302927
vt 0.329017 0.300707
vt 0.329017 0.315588
vt 0.669785 0.551365
vt 0.669785 0.565708
vt 0.656962 0.560933
vt 0.983694 0.132614
vt 0.970341 0.11931
vt 0.983694 0.114086
vt 0.498562 0.287051
vt 0.619548 0.616669
vt 0.624461 0.634241
vt 0.619548 0.634533
vt 0.942905 0.224351
vt 0.947701 0.241404
vt 0.88869 0.985373
vt 0.883469 0.968681
vt 0.896404 0.968681
vt 0.973622 0.666854
vt 0.970923 0.668106
vt 0.970923 0.649199
vt 0.980615 0.132321
vt 0.952404 0.241727
vt 0.674821 0.278161
vt 0.674821 0.308873
vt 0.660144 0.299716
vt 0.701869 0.059685
vt 0.721365 0.063086
vt 0.23735 0.85955
vt 0.251799 0.869484
vt 0.894725 0.699897
vt 0.894214 0.726777
vt 0.877432 0.728538
vt 0.872336 0.69753
vt 0.549078 0.832615
vt 0.894725 0.845978
vt 0.564029 0.825782
vt 0.790082 0.918636
vt 0.797363 0.930568
vt 0.776177 0.92401
vt 0.429701 0.03378
vt 0.423713 0.002518
vt 0.436949 0.006544
vt 0.773666 0.912876
vt 0.78714 0.96355
vt 0.718222 0.076979
vt 0.847723 0.382936
vt 0.842578 0.404999
vt 0.832074 0.37839
vt 0.775108 0.935305
vt 0.773666 0.946764
vt 0.413922 0.030146
vt 0.745325 0.069669
vt 0.744971 0.078897
vt 0.825209 0.407885
vt 0.847723 0.430992
vt 0.832764 0.436451
vt 0.830936 0.629058
vt 0.830936 0.60079
vt 0.894725 0.680341
vt 0.873106 0.677523
vt 0.396869 0.656926
vt 0.807823 0.32005
vt 0.812371 0.330369
vt 0.801013 0.33362
vt 0.796089 0.325713
vt 0.81415 0.342151
vt 0.803351 0.341188
vt 0.422351 0.037299
vt 0.813105 0.352598
vt 0.415978 0.043814
vt 0.406922 0.038081
vt 0.802918 0.350218
vt 0.987051 0.102063
vt 0.971885 0.096481
vt 0.974268 0.090279
vt 0.987051 0.089491
vt 0.412138 0.050582
vt 0.808582 0.361523
vt 0.403352 0.047516
vt 0.800511 0.357491
vt 0.796365 0.364004
vt 0.402393 0.058951
vt 0.410013 0.0581
vt 0.800818 0.36992
vt 0.41295 0.229976
vt 0.409544 0.229976
vt 0.412268 0.212276
vt 0.363377 0.146043
vt 0.374889 0.130876
vt 0.377878 0.131649
vt 0.189027 0.903746
vt 0.184611 0.902109
vt 0.189688 0.88312
vt 0.206475 0.16602
vt 0.203541 0.167866
vt 0.197395 0.152078
vt 0.382634 0.11397
vt 0.19243 0.154656
vt 0.182209 0.921184
vt 0.409681 0.068116
vt 0.404404 0.068299
vt 0.409462 0.077306
vt 0.412891 0.078808
vt 0.410542 0.087978
vt 0.406597 0.08707
vt 0.402725 0.09641
vt 0.409011 0.09665
vt 0.758686 0.842098
vt 0.759058 0.83352
vt 0.765218 0.833221
vt 0.402393 0.106426
vt 0.765468 0.843211
vt 0.566894 0.896674
vt 0.569065 0.909935
vt 0.56651 0.91044
vt 0.920366 0.622367
vt 0.917095 0.620836
vt 0.921584 0.60817
vt 0.084184 0.559176
vt 0.085612 0.571936
vt 0.084184 0.572423
vt 0.569065 0.923262
vt 0.566158 0.922818
vt 0.915206 0.63415
vt 0.46381 0.05573
vt 0.473382 0.06087
vt 0.465373 0.068381
vt 0.603649 0.234376
vt 0.470644 0.0767
vt 0.461392 0.522935
vt 0.588638 0.247496
vt 0.605486 0.247633
vt 0.463889 0.081373
vt 0.474136 0.529996
vt 0.457598 0.53664
vt 0.593652 0.259153
vt 0.46817 0.541155
vt 0.465405 0.089705
vt 0.460801 0.092788
vt 0.607497 0.259582
vt 0.460985 0.102211
vt 0.456385 0.549836
vt 0.454659 0.5497
vt 0.595272 0.267848
vt 0.607675 0.269931
vt 0.458643 0.102879
vt 0.409307 0.105247
vt 0.187965 0.114568
vt 0.386596 0.074752
vt 0.176986 0.117195
vt 0.39575 0.096293
vt 0.183354 0.137028
vt 0.386698 0.09465
vt 0.19095 0.134393
vt 0.02725 0.052463
vt 0.020853 0.040904
vt 0.025755 0.038266
vt 0.752899 0.689377
vt 0.758502 0.687721
vt 0.759822 0.701187
vt 0.034392 0.050063
vt 0.753309 0.705324
vt 0.762111 0.715423
vt 0.032326 0.066088
vt 0.015044 0.028038
vt 0.753524 0.674879
vt 0.758288 0.673809
vt 0.011639 0.031044
vt 0.372662 0.244449
vt 0.370214 0.257124
vt 0.362924 0.255818
vt 0.361504 0.270093
vt 0.366299 0.242557
vt 0.002148 0.022782
vt 0.003767 0.020375
vt 0.760568 0.648838
vt 0.762111 0.648887
vt 0.759682 0.660623
vt 0.756596 0.660524
vt 0.920008 0.635463
vt 0.915147 0.647562
vt 0.921584 0.649641
vt 0.369369 0.272303
vt 0.202977 0.218732
vt 0.199815 0.233334
vt 0.192425 0.228434
vt 0.369787 0.287386
vt 0.040965 0.064058
vt 0.360996 0.285762
vt 0.75476 0.720145
vt 0.483454 0.163665
vt 0.471864 0.184489
vt 0.482885 0.184281
vt 0.980731 0.109113
vt 0.975417 0.108481
vt 0.585852 0.016787
vt 0.360912 0.971575
vt 0.354532 0.980337
vt 0.351654 0.971575
vt 0.354396 0.9593
vt 0.094082 0.2885
vt 0.099041 0.286154
vt 0.099041 0.292287
vt 0.093678 0.293765
vt 0.360704 0.980337
vt 0.830274 0.72465
vt 0.360568 0.9593
vt 0.388697 0.11484
vt 0.474496 0.202126
vt 0.991706 0.341014
vt 0.99461 0.344679
vt 0.991211 0.345045
vt 0.097362 0.016736
vt 0.093944 0.016787
vt 0.093944 0.006024
vt 0.440345 0.051604
vt 0.443572 0.060967
vt 0.439643 0.06211
vt 0.996079 0.341014
vt 0.240721 0.534863
vt 0.243406 0.537604
vt 0.236699 0.545878
vt 0.882975 0.964677
vt 0.87619 0.961205
vt 0.882975 0.952662
vt 0.344922 0.399745
vt 0.349312 0.412266
vt 0.344922 0.41295
vt 0.448202 0.049318
vt 0.352518 0.399376
vt 0.243406 0.5506
vt 0.444975 0.039954
vt 0.272628 0.156115
vt 0.269925 0.145553
vt 0.276979 0.145553
vt 0.007428 0.277424
vt 0.011751 0.285471
vt 0.007428 0.288729
vt 0.87721 0.973622
vt 0.439643 0.041648
vt 0.947037 0.58892
vt 0.9518 0.60039
vt 0.946232 0.599638
vt 0.047279 0.242711
vt 0.053717 0.253478
vt 0.045602 0.253478
vt 0.051336 0.242711
vt 0.189688 0.923262
vt 0.482268 0.203118
vt 0.262366 0.059571
vt 0.259771 0.052484
vt 0.265228 0.052484
vt 0.288399 0.173726
vt 0.293765 0.1722
vt 0.293765 0.179617
vt 0.263625 0.060432
vt 0.050714 0.234343
vt 0.946232 0.607675
vt 0.053121 0.233922
vt 0.99876 0.00124
vt 0.998423 0.002284
vt 0.991211 0.00124
vt 0.998505 0.047206
vt 0.991659 0.048645
vt 0.991211 0.047206
vt 0.991211 0.540567
vt 0.991744 0.539638
vt 0.993797 0.540567
vt 0.991211 0.527801
vt 0.993868 0.527801
vt 0.992552 0.528572
vt 0.377314 0.072588
vt 0.017146 0.143918
vt 0.009095 0.141342
vt 0.363237 0.072946
vt 0.927436 0.740095
vt 0.920591 0.739654
vt 0.012894 0.153298
vt 0.372839 0.060668
vt 0.36072 0.063402
vt 0.006479 0.150562
vt 0.9252 0.752039
vt 0.87626 0.157794
vt 0.865943 0.149498
vt 0.872376 0.147426
vt 0.365649 0.050766
vt 0.864628 0.137406
vt 0.00707 0.161151
vt 0.00229 0.158255
vt 0.356921 0.054653
vt 0.941728 0.245674
vt 0.937034 0.248442
vt 0.936376 0.23704
vt 0.35727 0.042665
vt 0.939349 0.236279
vt 0.351595 0.046121
vt 0.870016 0.136746
vt 0.865429 0.125826
vt 0.869704 0.125046
vt 0.937347 0.226448
vt 0.346176 0.036582
vt 0.939329 0.22594
vt 0.343554 0.039606
vt 0.869632 0.113896
vt 0.872099 0.114684
vt 0.941728 0.215934
vt 0.335117 0.034068
vt 0.87626 0.104557
vt 0.991211 0.3086
vt 0.994464 0.307014
vt 0.99633 0.3086
vt 0.994153 0.510174
vt 0.992508 0.511453
vt 0.991211 0.510174
vt 0.994484 0.300516
vt 0.991211 0.296863
vt 0.996356 0.296863
vt 0.993107 0.243361
vt 0.993325 0.244897
vt 0.991211 0.246
vt 0.991211 0.304533
vt 0.993359 0.302997
vt 0.996403 0.304533
vt 0.996444 0.291091
vt 0.993646 0.294382
vt 0.991211 0.291091
vt 0.992971 0.350645
vt 0.991211 0.347526
vt 0.996117 0.347526
vt 0.994854 0.350689
vt 0.991211 0.33497
vt 0.996115 0.33497
vt 0.993153 0.338533
vt 0.995692 0.41999
vt 0.991211 0.41999
vt 0.994083 0.416332
vt 0.996684 0.246
vt 0.995153 0.240734
vt 0.995605 0.338533
vt 0.995556 0.450579
vt 0.992649 0.453916
vt 0.991211 0.450579
vt 0.99166 0.515745
vt 0.991211 0.513933
vt 0.993645 0.513933
vt 0.994094 0.515745
vt 0.994502 0.454217
vt 0.991211 0.428756
vt 0.995733 0.428756
vt 0.994859 0.430251
vt 0.991211 0.259073
vt 0.992947 0.255574
vt 0.995372 0.255348
vt 0.996694 0.259073
vt 0.86394 0.83181
vt 0.889893 0.502251
vt 0.860833 0.842282
vt 0.881791 0.504747
vt 0.852973 0.838859
vt 0.885706 0.51367
vt 0.847478 0.846044
vt 0.894725 0.509975
vt 0.081993 0.13647
vt 0.083819 0.146585
vt 0.074254 0.14821
vt 0.291622 0.02518
vt 0.288863 0.015908
vt 0.297123 0.015908
vt 0.083933 0.157231
vt 0.330268 0.495204
vt 0.322823 0.484608
vt 0.330696 0.484608
vt 0.465848 0.549635
vt 0.465681 0.559234
vt 0.604069 0.279892
vt 0.594669 0.277517
vt 0.075394 0.156641
vt 0.074254 0.16598
vt 0.014521 0.878009
vt 0.0097 0.886332
vt 0.001535 0.882769
vt 0.006066 0.875479
vt 0.081997 0.167866
vt 0.757157 0.85108
vt 0.404706 0.115869
vt 0.410611 0.114267
vt 0.144923 0.177939
vt 0.147722 0.171395
vt 0.147722 0.179616
vt 0.202291 0.248576
vt 0.199472 0.25804
vt 0.199472 0.248865
vt 0.584134 0.635545
vt 0.592567 0.63866
vt 0.584134 0.644605
vt 0.458986 0.307195
vt 0.458986 0.296267
vt 0.466667 0.302309
vt 0.052696 0.18092
vt 0.060432 0.175221
vt 0.060432 0.184653
vt 0.044589 0.335037
vt 0.039768 0.326473
vt 0.048681 0.326473
vt 0.995594 0.441913
vt 0.991211 0.442643
vt 0.991211 0.438563
vt 0.592443 0.642296
vt 0.595686 0.386092
vt 0.592596 0.375687
vt 0.597603 0.375687
vt 0.994067 0.461673
vt 0.991211 0.460578
vt 0.995534 0.460578
vt 0.080576 0.179188
vt 0.077322 0.171839
vt 0.080576 0.171584
vt 0.974185 0.45187
vt 0.975978 0.452207
vt 0.974185 0.460628
vt 0.072609 0.178362
vt 0.983694 0.459128
vt 0.574101 0.263549
vt 0.569055 0.263549
vt 0.569677 0.254258
vt 0.075232 0.18801
vt 0.041143 0.335732
vt 0.979111 0.467243
vt 0.995708 0.410282
vt 0.995055 0.413851
vt 0.991211 0.410282
vt 0.99602 0.358877
vt 0.991211 0.358877
vt 0.992835 0.356823
vt 0.975652 0.468346
vt 0.077756 0.187087
vt 0.456013 0.560963
vt 0.459321 0.113318
vt 0.592565 0.287331
vt 0.460586 0.571174
vt 0.467021 0.569071
vt 0.598688 0.289759
vt 0.471149 0.576874
vt 0.593249 0.29812
vt 0.587848 0.294865
vt 0.465364 0.579859
vt 0.472929 0.58651
vt 0.475496 0.584576
vt 0.481775 0.590888
vt 0.991211 0.23036
vt 0.992094 0.227894
vt 0.995881 0.23036
vt 0.997029 0.227105
vt 0.008277 0.866948
vt 0.91319 0.661405
vt 0.905304 0.664749
vt 0.901803 0.65527
vt 0.909845 0.653013
vt 0.016787 0.868383
vt 0.009129 0.859408
vt 0.016677 0.858611
vt 0.908039 0.64551
vt 0.907465 0.636724
vt 0.900713 0.645449
vt 0.013067 0.849745
vt 0.00873 0.85067
vt 0.903212 0.636223
vt 0.007864 0.841809
vt 0.005668 0.842818
vt 0.001535 0.834924
vt 0.418943 0.287397
vt 0.424701 0.286407
vt 0.420653 0.297123
vt 0.418943 0.2782
vt 0.414257 0.122619
vt 0.424701 0.27721
vt 0.408352 0.124221
vt 0.204796 0.258514
vt 0.030139 0.001771
vt 0.030216 0.013429
vt 0.029119 0.013429
vt 0.929977 0.529319
vt 0.993483 0.52532
vt 0.991211 0.522939
vt 0.993851 0.522939
vt 0.991211 0.518226
vt 0.99389 0.518226
vt 0.991729 0.520458
vt 0.993751 0.531053
vt 0.993751 0.533496
vt 0.991211 0.533412
vt 0.567387 0.127231
vt 0.566329 0.134293
vt 0.566329 0.119238
vt 0.301383 0.961656
vt 0.30011 0.953935
vt 0.389449 0.357833
vt 0.384538 0.365948
vt 0.384538 0.354952
vt 0.226619 0.428058
vt 0.224359 0.422642
vt 0.226619 0.417211
vt 0.043404 0.137569
vt 0.045324 0.126284
vt 0.045324 0.146043
vt 0.960193 0.671464
vt 0.957755 0.660019
vt 0.960193 0.648126
vt 0.894725 0.463858
vt 0.424517 0.267923
vt 0.424122 0.25978
vt 0.245084 0.943406
vt 0.244039 0.933022
vt 0.245084 0.924318
vt 0.003357 0.084299
vt 0.003357 0.104077
vt 0.002027 0.094075
vt 0.078653 0.557581
vt 0.080576 0.565369
vt 0.078653 0.57578
vt 0.582856 0.302159
vt 0.91319 0.620391
vt 0.907611 0.627837
vt 0.909815 0.628631
vt 0.995156 0.478203
vt 0.992377 0.47921
vt 0.991211 0.478203
vt 0.055585 0.009584
vt 0.068673 0.01755
vt 0.053441 0.015372
vt 0.052991 0.024114
vt 0.059709 0.00523
vt 0.063367 0.003452
vt 0.072979 0.01214
vt 0.066842 0.00273
vt 0.073861 0.007219
vt 0.071216 0.003253
vt 0.073861 0.025948
vt 0.054704 0.033235
vt 0.073827 0.032347
vt 0.071631 0.038368
vt 0.058145 0.038911
vt 0.067741 0.041433
vt 0.063184 0.041966
vt 0.036613 0.866996
vt 0.053373 0.884653
vt 0.046902 0.883446
vt 0.059597 0.881214
vt 0.064159 0.874801
vt 0.067146 0.864825
vt 0.036613 0.855131
vt 0.067146 0.85296
vt 0.039989 0.84305
vt 0.064741 0.841979
vt 0.046018 0.834731
vt 0.059543 0.833987
vt 0.052241 0.831292
vt 0.950977 0.927232
vt 0.937748 0.924948
vt 0.947086 0.922755
vt 0.942306 0.921638
vt 0.9518 0.934632
vt 0.934836 0.929011
vt 0.931702 0.935669
vt 0.931414 0.942
vt 0.9518 0.941656
vt 0.948665 0.948314
vt 0.94493 0.952
vt 0.931792 0.947568
vt 0.934861 0.951669
vt 0.939928 0.953478
vt 0.602547 0.415918
vt 0.527099 0.06211
vt 0.539309 0.669785
vt 0.544459 0.669399
vt 0.792961 0.977698
vt 0.790146 0.978658
vt 0.543527 0.391128
vt 0.991211 0.035548
vt 0.992855 0.034095
vt 0.998575 0.035548
vt 0.997872 0.177425
vt 0.994608 0.179441
vt 0.991211 0.177425
vt 0.08666 0.313776
vt 0.081059 0.308822
vt 0.08729 0.311309
vt 0.086634 0.309623
vt 0.084968 0.30802
vt 0.083683 0.315567
vt 0.081059 0.315588
vt 0.28607 0.09132
vt 0.288729 0.094172
vt 0.28607 0.099041
vt 0.991211 0.219326
vt 0.993996 0.217838
vt 0.997314 0.219326
vt 0.995981 0.367492
vt 0.991211 0.367492
vt 0.9954 0.366071
vt 0.993388 0.365196
vt 0.994845 0.491069
vt 0.992524 0.49186
vt 0.991211 0.491069
vt 0.996631 0.261554
vt 0.996697 0.268933
vt 0.995604 0.271075
vt 0.991211 0.268933
vt 0.995854 0.391246
vt 0.995448 0.389785
vt 0.238183 0.718638
vt 0.252592 0.712948
vt 0.237563 0.724399
vt 0.241864 0.713919
vt 0.011751 0.258513
vt 0.010206 0.253719
vt 0.011751 0.248582
vt 0.256788 0.716083
vt 0.260192 0.72236
vt 0.260192 0.729275
vt 0.237457 0.731099
vt 0.240861 0.737377
vt 0.244094 0.741037
vt 0.259229 0.736714
vt 0.254584 0.741959
vt 0.249253 0.743646
vt 0.119185 0.194963
vt 0.111505 0.192563
vt 0.117686 0.191329
vt 0.11437 0.190345
vt 0.118733 0.197543
vt 0.115869 0.19976
vt 0.113312 0.199589
vt 0.111505 0.198344
vt 0.997082 0.232841
vt 0.995131 0.234043
vt 0.991211 0.232841
vt 0.991211 0.362715
vt 0.99421 0.361358
vt 0.996038 0.362715
vt 0.991796 0.361358
vt 0.925137 0.461025
vt 0.916729 0.462177
vt 0.921226 0.459627
vt 0.928168 0.464895
vt 0.929977 0.471755
vt 0.913723 0.467658
vt 0.929977 0.478654
vt 0.911379 0.47655
vt 0.925187 0.486626
vt 0.911404 0.485901
vt 0.913213 0.492761
vt 0.915977 0.497609
vt 0.919277 0.500502
vt 0.928244 0.492949
vt 0.922283 0.501919
vt 0.928856 0.498353
vt 0.9259 0.501842
vt 0.168302 0.587382
vt 0.564928 0.37602
vt 0.451559 0.304434
vt 0.991211 0.238253
vt 0.992932 0.236524
vt 0.997031 0.238253
vt 0.995815 0.406211
vt 0.993076 0.407801
vt 0.991211 0.406211
vt 0.994521 0.494341
vt 0.992455 0.495611
vt 0.991211 0.494341
vt 0.922303 0.68489
vt 0.900424 0.691466
vt 0.917879 0.679775
vt 0.943282 0.709743
vt 0.946764 0.727731
vt 0.943282 0.731895
vt 0.924609 0.692161
vt 0.924941 0.702589
vt 0.897599 0.702914
vt 0.922116 0.714037
vt 0.897599 0.715773
vt 0.91736 0.724211
vt 0.901088 0.725181
vt 0.773862 0.978658
vt 0.768378 0.97134
vt 0.773862 0.96171
vt 0.524606 0.20832
vt 0.527099 0.215667
vt 0.524606 0.221583
vt 0.169907 0.943201
vt 0.150593 0.935154
vt 0.152147 0.927387
vt 0.789213 0.370984
vt 0.259196 0.62614
vt 0.259196 0.604223
vt 0.261871 0.615019
vt 0.765468 0.795786
vt 0.763356 0.80512
vt 0.754815 0.815662
vt 0.761179 0.823887
vt 0.533814 0.058753
vt 0.533434 0.050006
vt 0.533814 0.040503
vn -0.179705 -0.419212 0.889925
vn -0.476227 -0.277016 0.834548
vn -0.844507 -0.373603 -0.383703
vn -0.844507 -0.373603 -0.383703
vn -0.476227 -0.277016 0.834548
vn -0.688598 -0.279299 0.669198
vn -0.636597 -0.529598 -0.560598
vn 0.326793 0.123597 -0.936979
vn -0.636597 -0.529598 -0.560598
vn -0.844507 -0.373603 -0.383703
vn -0.919478 -0.257594 -0.296993
vn -0.844507 -0.373603 -0.383703
vn -0.919478 -0.257594 -0.296993
vn -0.812097 -0.569998 0.1249
vn -0.812097 -0.569998 0.1249
vn -0.476227 -0.277016 0.834548
vn -0.179705 -0.419212 0.889925
vn 0.796805 0.307902 0.519903
vn -0.476227 -0.277016 0.834548
vn -0.854299 -0.407399 0.322799
vn -0.688598 -0.279299 0.669198
vn -0.854299 -0.407399 0.322799
vn -0.589709 -0.751612 -0.295505
vn -0.066503 -0.324514 0.94354
vn -0.747324 -0.546317 -0.378212
vn -0.143597 -0.130597 0.980981
vn 0.277094 -0.138697 -0.95078
vn -0.589709 -0.751612 -0.295505
vn -0.747324 -0.546317 -0.378212
vn -0.920848 -0.325017 -0.215411
vn -0.920848 -0.325017 -0.215411
vn 0.0087 -0.5822 0.812999
vn 0.0087 -0.5822 0.812999
vn -0.479606 -0.694208 -0.536706
vn -0.479606 -0.694208 -0.536706
vn -0.620498 -0.355899 -0.698798
vn -0.0442 -0.7686 0.6382
vn -0.163591 -0.624064 0.764056
vn -0.163591 -0.624064 0.764056
vn -0.0442 -0.7686 0.6382
vn 0.82847 0.215092 0.517081
vn -0.3943 -0.47 0.789701
vn -0.802129 -0.295311 -0.519019
vn -0.3943 -0.47 0.789701
vn 0.087701 -0.684406 -0.723807
vn -0.0442 -0.7686 0.6382
vn -0.528584 -0.516484 -0.673679
vn -0.528584 -0.516484 -0.673679
vn -0.528584 -0.516484 -0.673679
vn 0.257406 0.604815 -0.753619
vn 0.087701 -0.684406 -0.723807
vn 0.350213 0.441616 -0.82603
vn -0.620498 -0.355899 -0.698798
vn -0.625915 -0.773019 -0.103303
vn -0.243599 -0.581397 0.776297
vn -0.656772 -0.597475 0.460081
vn -0.656772 -0.597475 0.460081
vn -0.243599 -0.581397 0.776297
vn -0.920316 -0.049701 0.388007
vn -0.625915 -0.773019 -0.103303
vn -0.187705 -0.0141 0.982124
vn 0.342399 -0.686098 0.641898
vn -0.187705 -0.0141 0.982124
vn -0.243599 -0.581397 0.776297
vn 0.342399 -0.686098 0.641898
vn 0.500513 0.096603 0.860322
vn 0.141198 0.706789 0.69319
vn -0.370394 0.436193 0.820087
vn -0.187705 -0.0141 0.982124
vn -0.370394 0.436193 0.820087
vn -0.740651 0.524736 0.419629
vn -0.740651 0.524736 0.419629
vn -0.920316 -0.049701 0.388007
vn -0.187705 -0.0141 0.982124
vn -0.595201 -0.1704 0.785302
vn -0.019401 -0.998843 0.044002
vn -0.370394 0.436193 0.820087
vn 0.141198 0.706789 0.69319
vn -0.77314 0.634233 -0.0016
vn -0.740651 0.524736 0.419629
vn -0.433521 0.866742 0.246612
vn -0.360981 0.888154 0.284385
vn -0.360981 0.888154 0.284385
vn 0.081999 0.072599 0.993985
vn -0.776425 -0.61582 0.133904
vn -0.224092 -0.971466 0.077697
vn -0.224092 -0.971466 0.077697
vn -0.776425 -0.61582 0.133904
vn 0.079596 -0.317983 -0.944749
vn 0.447612 -0.399711 0.799922
vn 0.444202 -0.611703 -0.654603
vn 0.447612 -0.399711 0.799922
vn -0.224092 -0.971466 0.077697
vn 0.444202 -0.611703 -0.654603
vn -0.776425 -0.61582 0.133904
vn 0.081999 0.072599 0.993985
vn -0.907877 -0.418589 0.023299
vn 0.071703 -0.493224 -0.866942
vn -0.907877 -0.418589 0.023299
vn 0.081999 0.072599 0.993985
vn 0.447612 -0.399711 0.799922
vn 0.927075 0.35709 -0.114097
vn 0.983683 0.171897 0.053099
vn 0.0193 0.287707 0.957524
vn 0.0193 0.287707 0.957524
vn 0.99088 -0.119998 -0.061299
vn 0.99088 -0.119998 -0.061299
vn 0.99088 -0.119998 -0.061299
vn 0.444202 -0.611703 -0.654603
vn 0.927075 0.35709 -0.114097
vn 0.0483 -0.954493 -0.294298
vn 0.4091 -0.612801 0.676101
vn -0.066503 -0.324514 0.94354
vn 0.4091 -0.612801 0.676101
vn 0.814713 0.524908 0.246404
vn 0.892195 0.273798 0.359198
vn -0.143597 -0.130597 0.980981
vn 0.079596 -0.317983 -0.944749
vn 0.983683 0.171897 0.053099
vn 0.927075 0.35709 -0.114097
vn 0.079596 -0.317983 -0.944749
vn 0.071703 -0.493224 -0.866942
vn 0.316688 0.102596 -0.942965
vn 0.0483 -0.954493 -0.294298
vn 0.4091 -0.612801 0.676101
vn 0.0483 -0.954493 -0.294298
vn 0.650781 -0.221694 -0.726179
vn 0.984197 -0.046 0.170999
vn 0.650781 -0.221694 -0.726179
vn 0.984197 -0.046 0.170999
vn 0.4091 -0.612801 0.676101
vn 0.650781 -0.221694 -0.726179
vn 0.650781 -0.221694 -0.726179
vn 0.814713 0.524908 0.246404
vn 0.984197 -0.046 0.170999
vn 0.316688 0.102596 -0.942965
vn 0.277094 -0.138697 -0.95078
vn 0.892195 0.273798 0.359198
vn -0.603597 -0.713597 0.355598
vn -0.915906 0.0368 0.399703
vn -0.74201 -0.662209 -0.104401
vn -0.34319 0.0133 0.939172
vn -0.603597 -0.713597 0.355598
vn -0.74201 -0.662209 -0.104401
vn -0.287301 -0.696903 0.657103
vn -0.287301 -0.696903 0.657103
vn -0.832499 0.3507 0.4289
vn -0.731105 0.680805 -0.0446
vn -0.967352 0.118194 -0.224189
vn -0.364911 0.514116 0.776224
vn -0.731105 0.680805 -0.0446
vn -0.832499 0.3507 0.4289
vn -0.364911 0.514116 0.776224
vn -0.74201 -0.662209 -0.104401
vn -0.967352 0.118194 -0.224189
vn -0.886806 0.148001 -0.437803
vn 0.256898 -0.704295 0.661795
vn -0.016101 -0.99965 0.021001
vn -0.534599 -0.771299 -0.3454
vn -0.886806 0.148001 -0.437803
vn -0.534599 -0.771299 -0.3454
vn -0.74201 -0.662209 -0.104401
vn -0.731105 0.680805 -0.0446
vn -0.714004 0.685404 -0.142901
vn -0.731105 0.680805 -0.0446
vn -0.364911 0.514116 0.776224
vn 0.134906 0.730432 0.669529
vn -0.714004 0.685404 -0.142901
vn -0.971779 -0.091098 -0.217595
vn -0.625915 -0.773019 -0.103303
vn -0.971779 -0.091098 -0.217595
vn -0.597698 0.223299 0.769997
vn -0.016101 -0.99965 0.021001
vn -0.77314 0.634233 -0.0016
vn -0.740651 0.524736 0.419629
vn -0.971779 -0.091098 -0.217595
vn -0.77314 0.634233 -0.0016
vn -0.433521 0.866742 0.246612
vn -0.433521 0.866742 0.246612
vn 0.387408 0.122603 0.91372
vn -0.34319 0.0133 0.939172
vn -0.287301 -0.696903 0.657103
vn 0.256898 -0.704295 0.661795
vn -0.34319 0.0133 0.939172
vn 0.387408 0.122603 0.91372
vn 0.134906 0.730432 0.669529
vn 0.134906 0.730432 0.669529
vn -0.364911 0.514116 0.776224
vn -0.34319 0.0133 0.939172
vn -0.016101 -0.99965 0.021001
vn -0.597698 0.223299 0.769997
vn 0.134906 0.730432 0.669529
vn 0.387408 0.122603 0.91372
vn -0.597698 0.223299 0.769997
vn 0.134906 0.730432 0.669529
vn -0.597698 0.223299 0.769997
vn -0.433521 0.866742 0.246612
vn -0.55971 -0.702912 -0.438908
vn -0.019401 -0.998843 0.044002
vn -0.659662 0.747357 -0.079395
vn -0.659662 0.747357 -0.079395
vn -0.829529 0.247109 -0.500818
vn -0.55971 -0.702912 -0.438908
vn -0.829529 0.247109 -0.500818
vn -0.858647 0.059796 -0.509068
vn 0.589399 -0.799499 0.1158
vn -0.492693 -0.809588 -0.319095
vn -0.492693 -0.809588 -0.319095
vn -0.858647 0.059796 -0.509068
vn 0.310785 -0.861758 -0.400981
vn -0.848308 -0.105901 0.518805
vn -0.921003 0.228501 0.315501
vn -0.921003 0.228501 0.315501
vn -0.848308 -0.105901 0.518805
vn 0.651391 0.75679 0.054399
vn 0.152205 -0.951934 -0.26581
vn -0.959895 0.167799 -0.224599
vn -0.959895 0.167799 -0.224599
vn 0.0087 -0.5822 0.812999
vn -0.479606 -0.694208 -0.536706
vn 0.189896 -0.807484 -0.558489
vn 0.504709 -0.736112 0.451008
vn 0.504709 -0.736112 0.451008
vn 0.740572 0.53638 0.404785
vn 0.281793 0.426889 -0.859278
vn 0.189896 -0.807484 -0.558489
vn 0.674128 0.084803 -0.73373
vn 0.740572 0.53638 0.404785
vn 0.674128 0.084803 -0.73373
vn 0.281793 0.426889 -0.859278
vn 0.326793 0.123597 -0.936979
vn 0.504709 -0.736112 0.451008
vn 0.189896 -0.807484 -0.558489
vn 0.674128 0.084803 -0.73373
vn 0.977613 0.154902 0.142402
vn 0.977613 0.154902 0.142402
vn 0.977613 0.154902 0.142402
vn 0.796805 0.307902 0.519903
vn 0.519593 -0.80699 0.280696
vn 0.749486 0.402393 0.52569
vn 0.519593 -0.80699 0.280696
vn 0.975448 0.102905 0.19471
vn 0.643466 0.212589 -0.735362
vn 0.257406 0.604815 -0.753619
vn 0.749486 0.402393 0.52569
vn 0.350213 0.441616 -0.82603
vn 0.975448 0.102905 0.19471
vn 0.82847 0.215092 0.517081
vn 0.519593 -0.80699 0.280696
vn 0.087701 -0.684406 -0.723807
vn 0.643466 0.212589 -0.735362
vn 0.975448 0.102905 0.19471
vn 0.643466 0.212589 -0.735362
vn -0.577197 -0.128099 0.806495
vn -0.714322 -0.163205 0.680521
vn -0.921992 -0.327297 0.206898
vn -0.921992 -0.327297 0.206898
vn -0.714322 -0.163205 0.680521
vn -0.939686 0.094599 0.328695
vn -0.957701 -0.2478 -0.1463
vn -0.854299 -0.407399 0.322799
vn -0.957701 -0.2478 -0.1463
vn -0.921992 -0.327297 0.206898
vn -0.939686 0.094599 0.328695
vn -0.988027 -0.152404 -0.024001
vn -0.988027 -0.152404 -0.024001
vn -0.988027 -0.152404 -0.024001
vn -0.994902 0.087 0.051
vn -0.766884 -0.231995 0.598387
vn -0.123802 0.448407 0.885214
vn -0.994902 0.087 0.051
vn -0.988027 -0.152404 -0.024001
vn -0.766884 -0.231995 0.598387
vn -0.123802 0.448407 0.885214
vn -0.577197 -0.128099 0.806495
vn -0.920848 -0.325017 -0.215411
vn -0.358498 0.0083 0.933494
vn -0.358498 0.0083 0.933494
vn -0.766884 -0.231995 0.598387
vn -0.577197 -0.128099 0.806495
vn -0.358498 0.0083 0.933494
vn -0.766884 -0.231995 0.598387
vn -0.358498 0.0083 0.933494
vn -0.957701 -0.2478 -0.1463
vn -0.920848 -0.325017 -0.215411
vn -0.854299 -0.407399 0.322799
vn -0.766884 -0.231995 0.598387
vn -0.761993 0.361497 0.537295
vn -0.714322 -0.163205 0.680521
vn -0.761993 0.361497 0.537295
vn -0.939686 0.094599 0.328695
vn -0.739699 0.0179 0.672699
vn -0.117699 0.389696 0.913391
vn -0.739699 0.0179 0.672699
vn -0.994902 0.087 0.051
vn -0.117699 0.389696 0.913391
vn -0.766884 -0.231995 0.598387
vn -0.739699 0.0179 0.672699
vn -0.761993 0.361497 0.537295
vn 0.810433 -0.550922 -0.199208
vn 0.810433 -0.550922 -0.199208
vn -0.093 0.525003 0.846004
vn -0.761993 0.361497 0.537295
vn -0.739699 0.0179 0.672699
vn -0.117699 0.389696 0.913391
vn -0.84699 0.176098 0.501594
vn -0.939686 0.094599 0.328695
vn -0.761993 0.361497 0.537295
vn -0.181391 0.366781 0.912452
vn -0.84699 0.176098 0.501594
vn -0.2543 0.3022 0.918699
vn -0.824868 -0.108696 0.554778
vn -0.284199 -0.786998 -0.547599
vn -0.816393 -0.125499 0.563695
vn 0.511834 -0.573038 0.640042
vn -0.810816 -0.106602 0.575511
vn -0.816476 -0.118997 0.564984
vn -0.814116 -0.075202 0.575812
vn 0.412706 0.537307 0.73551
vn -0.75966 -0.070696 0.646466
vn -0.892519 0 0.45101
vn 0.378794 0.090099 0.921085
vn -0.919386 0.045699 0.390694
vn -0.912787 0.0108 0.408294
vn -0.157491 0.781757 -0.603367
vn 0.281086 0.891456 0.355382
vn -0.941897 0.0706 0.328399
vn -0.91392 0.059501 0.401509
vn -0.344116 0.875741 -0.338616
vn -0.75589 -0.0325 0.653891
vn 0.147094 0.959064 0.241991
vn 0.1406 0.9372 0.3192
vn 0.504416 -0.766724 0.397113
vn 0.457406 -0.0091 0.889211
vn -0.771489 -0.0329 0.635391
vn -0.762565 -0.054997 0.64457
vn 0.404088 -0.844076 0.35249
vn 0.354008 0.597714 0.719317
vn -0.77393 -0.013601 0.633125
vn -0.078702 0.995628 -0.050301
vn -0.300211 0.359013 0.883732
vn -0.466108 -0.862515 -0.197003
vn -0.44889 -0.889981 -0.080198
vn -0.462795 0.446695 0.765692
vn -0.466108 -0.862515 -0.197003
vn -0.300211 0.359013 0.883732
vn -0.0369 0.285399 0.957698
vn -0.300211 0.359013 0.883732
vn -0.0369 0.285399 0.957698
vn 0.693417 0.40651 -0.594914
vn 0.832372 0.344189 -0.434385
vn -0.462795 0.446695 0.765692
vn -0.816308 -0.319203 0.481405
vn -0.922693 -0.367097 0.117799
vn -0.688598 -0.279299 0.669198
vn -0.922693 -0.367097 0.117799
vn -0.816308 -0.319203 0.481405
vn -0.854299 -0.407399 0.322799
vn -0.939686 0.094599 0.328695
vn -0.694196 -0.0237 0.719396
vn -0.619104 -0.421503 0.662605
vn -0.812097 -0.569998 0.1249
vn -0.926119 -0.337507 -0.168503
vn -0.694196 -0.0237 0.719396
vn -0.812097 -0.569998 0.1249
vn -0.974356 0.147993 -0.169492
vn -0.974356 0.147993 -0.169492
vn -0.926119 -0.337507 -0.168503
vn -0.694196 -0.0237 0.719396
vn -0.919478 -0.257594 -0.296993
vn -0.922693 -0.367097 0.117799
vn -0.974356 0.147993 -0.169492
vn -0.974356 0.147993 -0.169492
vn -0.3943 -0.47 0.789701
vn -0.802129 -0.295311 -0.519019
vn -0.3943 -0.47 0.789701
vn -0.619104 -0.421503 0.662605
vn -0.619104 -0.421503 0.662605
vn -0.926119 -0.337507 -0.168503
vn -0.898084 -0.093398 -0.429792
vn -0.898084 -0.093398 -0.429792
vn 0.860866 -0.453582 -0.230591
vn 0.860866 -0.453582 -0.230591
vn -0.812097 -0.569998 0.1249
vn 0.864114 -0.434207 -0.254504
vn 0.326793 0.123597 -0.936979
vn 0.864114 -0.434207 -0.254504
vn 0.860866 -0.453582 -0.230591
vn 0.796805 0.307902 0.519903
vn 0.864114 -0.434207 -0.254504
vn -0.96793 -0.063702 -0.243008
vn -0.807085 0.0202 0.590089
vn -0.807085 0.0202 0.590089
vn -0.926119 -0.337507 -0.168503
vn -0.974356 0.147993 -0.169492
vn -0.552901 0.0746 -0.829901
vn -0.898084 -0.093398 -0.429792
vn -0.96793 -0.063702 -0.243008
vn -0.898084 -0.093398 -0.429792
vn -0.552901 0.0746 -0.829901
vn -0.802129 -0.295311 -0.519019
vn 0.289209 -0.248207 -0.924528
vn -0.135001 -0.131301 -0.982107
vn -0.96793 -0.063702 -0.243008
vn 0.82847 0.215092 0.517081
vn 0.289209 -0.248207 -0.924528
vn 0.864114 -0.434207 -0.254504
vn 0.864114 -0.434207 -0.254504
vn 0.289209 -0.248207 -0.924528
vn 0.657612 -0.371107 -0.655612
vn 0.650681 -0.69848 -0.297891
vn 0.860866 -0.453582 -0.230591
vn 0.864114 -0.434207 -0.254504
vn 0.657612 -0.371107 -0.655612
vn 0.350213 0.441616 -0.82603
vn -0.135001 -0.131301 -0.982107
vn -0.440973 -0.364777 -0.820049
vn -0.135001 -0.131301 -0.982107
vn -0.96793 -0.063702 -0.243008
vn -0.952768 -0.155295 -0.260991
vn -0.952768 -0.155295 -0.260991
vn -0.135001 -0.131301 -0.982107
vn -0.440973 -0.364777 -0.820049
vn 0.489284 -0.61428 -0.61908
vn 0.489284 -0.61428 -0.61908
vn -0.305105 -0.569309 -0.763412
vn -0.440973 -0.364777 -0.820049
vn -0.305105 -0.569309 -0.763412
vn 0.489284 -0.61428 -0.61908
vn -0.945719 0.033001 0.323306
vn -0.236798 -0.510396 -0.826694
vn -0.959547 0.034602 0.279414
vn 0.192092 0.95046 0.24439
vn -0.933775 0.089098 0.346591
vn -0.079896 -0.995252 -0.055597
vn -0.905982 0.066299 0.418092
vn -0.943622 0.053901 0.326608
vn 0.28221 -0.039601 0.958535
vn -0.337403 -0.222002 -0.914808
vn -0.954203 0.0263 0.298001
vn 0.0806 -0.950402 0.3004
vn -0.210299 -0.803795 -0.556496
vn -0.955938 0.0123 0.293312
vn 0.56109 0.0211 0.827486
vn -0.754688 -0.334695 0.564291
vn -0.833194 -0.112599 0.541396
vn -0.860586 -0.095398 0.500292
vn -0.884312 -0.129402 0.448606
vn 0.489112 -0.390309 0.780018
vn -0.849101 -0.1686 0.500601
vn -0.516516 0.269608 -0.812725
vn -0.280399 -0.525899 -0.802998
vn -0.430501 -0.1121 -0.895602
vn -0.84204 -0.232111 0.486923
vn -0.444505 -0.168902 -0.879709
vn -0.405524 0.870652 -0.278417
vn -0.885333 -0.098904 0.454317
vn -0.929416 0.059501 0.364206
vn 0.106496 0.994264 0.0099
vn -0.939851 0.064797 0.335383
vn -0.852971 0.198393 0.482784
vn -0.162893 0.246489 0.955358
vn -0.852971 0.198393 0.482784
vn -0.0108 0.159604 0.987122
vn 0.693417 0.40651 -0.594914
vn -0.44889 -0.889981 -0.080198
vn -0.466108 -0.862515 -0.197003
vn 0.832372 0.344189 -0.434385
vn -0.472783 -0.83947 -0.267891
vn -0.472783 -0.83947 -0.267891
vn -0.970969 -0.033199 -0.236892
vn -0.762083 0.583087 0.281494
vn -0.212306 0.574317 0.790624
vn -0.762083 0.583087 0.281494
vn -0.970969 -0.033199 -0.236892
vn -0.443218 -0.365014 -0.818732
vn 0.435898 -0.731796 -0.523897
vn 0.489284 -0.61428 -0.61908
vn -0.305105 -0.569309 -0.763412
vn 0.400089 -0.662482 -0.633283
vn 0.435898 -0.731796 -0.523897
vn -0.305105 -0.569309 -0.763412
vn -0.443218 -0.365014 -0.818732
vn -0.844 0.3309 -0.4221
vn -0.407015 -0.066002 -0.911034
vn -0.844 0.3309 -0.4221
vn -0.123802 0.448407 0.885214
vn 0.557193 0.321096 0.76579
vn 0.557193 0.321096 0.76579
vn 0.071703 -0.493224 -0.866942
vn 0.810433 -0.550922 -0.199208
vn 0.958375 -0.170795 0.228794
vn 0.958375 -0.170795 0.228794
vn 0.983683 0.171897 0.053099
vn 0.071703 -0.493224 -0.866942
vn 0.277094 -0.138697 -0.95078
vn 0.810433 -0.550922 -0.199208
vn 0.892195 0.273798 0.359198
vn 0.622897 -0.776696 -0.0935
vn 0.958375 -0.170795 0.228794
vn 0.810433 -0.550922 -0.199208
vn 0.860866 -0.453582 -0.230591
vn 0.810433 -0.550922 -0.199208
vn 0.860866 -0.453582 -0.230591
vn 0.622897 -0.776696 -0.0935
vn 0.958375 -0.170795 0.228794
vn 0.268705 -0.476308 0.837215
vn 0.557193 0.321096 0.76579
vn 0.958375 -0.170795 0.228794
vn 0.622897 -0.776696 -0.0935
vn 0.268705 -0.476308 0.837215
vn 0.958375 -0.170795 0.228794
vn -0.093 0.525003 0.846004
vn -0.117699 0.389696 0.913391
vn -0.2543 0.3022 0.918699
vn -0.0159 -0.419589 -0.907575
vn -0.879507 -0.424903 0.214302
vn 0.268705 -0.476308 0.837215
vn 0.268705 -0.476308 0.837215
vn -0.879507 -0.424903 0.214302
vn 0.0276 0.355402 0.934306
vn 0.030399 0.370685 0.928261
vn -0.2543 0.3022 0.918699
vn 0.268705 -0.476308 0.837215
vn 0.421618 -0.739032 -0.525423
vn 0.030399 0.370685 0.928261
vn 0.268705 -0.476308 0.837215
vn 0.622897 -0.776696 -0.0935
vn 0.421618 -0.739032 -0.525423
vn -0.851278 -0.496687 0.169196
vn 0.210097 -0.216597 0.953386
vn -0.076797 -0.500081 -0.862567
vn -0.851278 -0.496687 0.169196
vn 0.030399 0.370685 0.928261
vn 0.137104 0.486913 0.862623
vn 0.210097 -0.216597 0.953386
vn -0.851278 -0.496687 0.169196
vn -0.114299 -0.879591 0.461795
vn -0.114299 -0.879591 0.461795
vn 0.329711 -0.913431 -0.238608
vn 0.329711 -0.913431 -0.238608
vn 0.210097 -0.216597 0.953386
vn -0.114299 -0.879591 0.461795
vn 0.954166 -0.297689 -0.030799
vn 0.210097 -0.216597 0.953386
vn 0.954166 -0.297689 -0.030799
vn 0.933016 0.322106 -0.160403
vn 0.0276 0.355402 0.934306
vn -0.076797 -0.500081 -0.862567
vn -0.0159 -0.419589 -0.907575
vn 0.954166 -0.297689 -0.030799
vn 0.329711 -0.913431 -0.238608
vn 0.933016 0.322106 -0.160403
vn 0.949495 0.196299 -0.244799
vn 0.421618 -0.739032 -0.525423
vn 0.030399 0.370685 0.928261
vn 0.949495 0.196299 -0.244799
vn 0.137104 0.486913 0.862623
vn 0.951963 0.306188 0.0038
vn 0.951963 0.306188 0.0038
vn 0.866515 -0.0065 0.499109
vn -0.0108 0.159604 0.987122
vn -0.181391 0.366781 0.912452
vn -0.181391 0.366781 0.912452
vn 0.137104 0.486913 0.862623
vn 0.866515 -0.0065 0.499109
vn 0.797893 -0.181598 0.574795
vn -0.162893 0.246489 0.955358
vn 0.866515 -0.0065 0.499109
vn -0.469286 -0.882573 -0.028899
vn -0.44889 -0.889981 -0.080198
vn 0.487497 0.555896 -0.673295
vn -0.469286 -0.882573 -0.028899
vn 0.487497 0.555896 -0.673295
vn 0.295692 0.227194 0.927874
vn 0.487497 0.555896 -0.673295
vn 0.295692 0.227194 0.927874
vn 0.32442 0.602336 -0.729344
vn 0.32442 0.602336 -0.729344
vn -0.509214 -0.857024 0.078802
vn -0.509214 -0.857024 0.078802
vn 0.581798 0.1311 0.802698
vn 0.581798 0.1311 0.802698
vn 0.143404 0.64112 -0.753923
vn 0.143404 0.64112 -0.753923
vn -0.491206 -0.843011 0.219203
vn -0.491206 -0.843011 0.219203
vn 0.581798 0.1311 0.802698
vn -0.491206 -0.843011 0.219203
vn 0.839772 0.100897 0.533482
vn 0.839772 0.100897 0.533482
vn 0.650681 -0.69848 -0.297891
vn 0.622897 -0.776696 -0.0935
vn 0.650681 -0.69848 -0.297891
vn 0.421618 -0.739032 -0.525423
vn 0.657612 -0.371107 -0.655612
vn 0.846887 -0.291295 -0.444893
vn 0.650681 -0.69848 -0.297891
vn 0.421618 -0.739032 -0.525423
vn 0.657612 -0.371107 -0.655612
vn 0.489284 -0.61428 -0.61908
vn 0.846887 -0.291295 -0.444893
vn 0.869202 -0.475501 -0.1356
vn 0.951963 0.306188 0.0038
vn 0.421618 -0.739032 -0.525423
vn 0.846887 -0.291295 -0.444893
vn 0.866515 -0.0065 0.499109
vn 0.951963 0.306188 0.0038
vn 0.846887 -0.291295 -0.444893
vn 0.866515 -0.0065 0.499109
vn 0.869202 -0.475501 -0.1356
vn -0.552919 -0.744225 0.374713
vn -0.621918 -0.504615 0.598817
vn -0.5232 -0.5232 0.672699
vn -0.531209 0.810314 -0.247404
vn -0.166698 -0.865589 0.472194
vn -0.283295 -0.790785 0.54259
vn -0.283295 -0.790785 0.54259
vn -0.166698 -0.865589 0.472194
vn 0.945494 -0.0728 -0.317398
vn -0.530272 0.751461 -0.392579
vn -0.469694 -0.732691 0.492494
vn -0.278805 0.736914 -0.615812
vn 0.992068 -0.106797 0.066298
vn -0.469694 -0.732691 0.492494
vn -0.185699 -0.874895 0.447297
vn -0.569992 0.816989 -0.087399
vn -0.621918 -0.504615 0.598817
vn -0.185699 -0.874895 0.447297
vn -0.185699 -0.874895 0.447297
vn -0.552919 -0.744225 0.374713
vn 0.742093 -0.136299 -0.656294
vn -0.185699 -0.874895 0.447297
vn 0.742093 -0.136299 -0.656294
vn -0.569992 0.816989 -0.087399
vn -0.552919 -0.744225 0.374713
vn -0.621918 -0.504615 0.598817
vn 0.742093 -0.136299 -0.656294
vn -0.531209 0.810314 -0.247404
vn 0.866472 -0.085297 -0.491884
vn 0.866472 -0.085297 -0.491884
vn -0.530272 0.751461 -0.392579
vn 0.945494 -0.0728 -0.317398
vn 0.866515 -0.0065 0.499109
vn 0.869202 -0.475501 -0.1356
vn 0.797893 -0.181598 0.574795
vn 0.752788 0.0151 0.65809
vn 0.471127 0.209812 0.856749
vn -0.212306 0.574317 0.790624
vn 0.822713 -0.567409 -0.034501
vn 0.822713 -0.567409 -0.034501
vn 0.869114 -0.488908 0.074901
vn 0.822713 -0.567409 -0.034501
vn 0.822713 -0.567409 -0.034501
vn 0.752788 0.0151 0.65809
vn 0.797893 -0.181598 0.574795
vn -0.491206 -0.843011 0.219203
vn -0.416618 -0.824735 0.382416
vn 0.839772 0.100897 0.533482
vn -0.062899 0.632887 -0.771685
vn -0.416618 -0.824735 0.382416
vn -0.491206 -0.843011 0.219203
vn 0.143404 0.64112 -0.753923
vn 0.959577 0.053099 0.276393
vn -0.164301 0.725703 -0.668102
vn -0.164301 0.725703 -0.668102
vn -0.469694 -0.732691 0.492494
vn -0.416618 -0.824735 0.382416
vn -0.062899 0.632887 -0.771685
vn 0.959577 0.053099 0.276393
vn -0.164301 0.725703 -0.668102
vn -0.062899 0.632887 -0.771685
vn 0.959577 0.053099 0.276393
vn 0.992068 -0.106797 0.066298
vn -0.164301 0.725703 -0.668102
vn -0.278805 0.736914 -0.615812
vn 0.869114 -0.488908 0.074901
vn 0.906921 -0.090302 0.411509
vn 0.752788 0.0151 0.65809
vn 0.752788 0.0151 0.65809
vn 0.906921 -0.090302 0.411509
vn 0.471127 0.209812 0.856749
vn 0.822713 -0.567409 -0.034501
vn 0.757017 -0.261206 0.598913
vn 0.906921 -0.090302 0.411509
vn 0.757017 -0.261206 0.598913
vn 0.594889 0.144097 0.790786
vn 0.594889 0.144097 0.790786
vn 0.731723 -0.612319 0.29941
vn 0.608487 -0.762084 -0.221295
vn 0.400089 -0.662482 -0.633283
vn 0.608487 -0.762084 -0.221295
vn 0.869114 -0.488908 0.074901
vn 0.537776 -0.402382 0.740868
vn 0.757017 -0.261206 0.598913
vn 0.537776 -0.402382 0.740868
vn 0.475374 0.030598 0.879252
vn 0.594889 0.144097 0.790786
vn 0.852945 -0.502426 0.141607
vn 0.701906 -0.593505 -0.393803
vn 0.608487 -0.762084 -0.221295
vn 0.177499 -0.685096 -0.706496
vn 0.701906 -0.593505 -0.393803
vn 0.787228 -0.339612 0.514719
vn 0.768082 -0.168496 0.617786
vn 0.475374 0.030598 0.879252
vn 0.849206 -0.112201 0.516004
vn 0.981515 -0.153202 0.114702
vn 0.701906 -0.593505 -0.393803
vn 0.981515 -0.153202 0.114702
vn 0.852945 -0.502426 0.141607
vn -0.160804 -0.670018 0.724719
vn -0.124195 -0.080797 0.988963
vn -0.649909 -0.623208 0.435006
vn 0.312994 -0.740286 0.594989
vn -0.124195 -0.080797 0.988963
vn -0.160804 -0.670018 0.724719
vn -0.160804 -0.670018 0.724719
vn -0.649909 -0.623208 0.435006
vn -0.661591 -0.747289 -0.062099
vn 0.312994 -0.740286 0.594989
vn 0.5241 -0.0359 0.8509
vn 0.238289 0.654569 0.717466
vn -0.181003 0.440507 0.879313
vn -0.124195 -0.080797 0.988963
vn -0.181003 0.440507 0.879313
vn -0.691065 0.442678 0.571371
vn -0.814269 -0.059998 0.577378
vn -0.814269 -0.059998 0.577378
vn -0.40911 0.044001 0.911423
vn 0.238289 0.654569 0.717466
vn 0.5241 -0.0359 0.8509
vn 0.5241 -0.0359 0.8509
vn 0.312994 -0.740286 0.594989
vn -0.0074 -0.99903 0.043401
vn -0.0074 -0.99903 0.043401
vn -0.40911 0.044001 0.911423
vn 0.5241 -0.0359 0.8509
vn 0.238289 0.654569 0.717466
vn -0.675804 0.712305 0.189501
vn -0.227298 0.935993 0.268798
vn -0.675804 0.712305 0.189501
vn 0.238289 0.654569 0.717466
vn -0.145798 0.919285 0.365594
vn 0.238289 0.654569 0.717466
vn -0.40911 0.044001 0.911423
vn -0.145798 0.919285 0.365594
vn -0.649909 -0.623208 0.435006
vn -0.814269 -0.059998 0.577378
vn -0.661591 -0.747289 -0.062099
vn -0.997453 -0.054597 -0.045898
vn -0.675804 0.712305 0.189501
vn -0.691065 0.442678 0.571371
vn -0.661591 -0.747289 -0.062099
vn -0.997453 -0.054597 -0.045898
vn -0.595201 -0.1704 0.785302
vn -0.019401 -0.998843 0.044002
vn -0.997453 -0.054597 -0.045898
vn -0.675804 0.712305 0.189501
vn -0.360981 0.888154 0.284385
vn -0.360981 0.888154 0.284385
vn -0.0074 -0.99903 0.043401
vn -0.232701 0.906106 0.353302
vn -0.377679 -0.69646 0.610165
vn -0.673468 0.065997 0.736265
vn -0.730398 -0.675998 0.0977
vn 0.0138 -0.693308 0.720509
vn -0.673468 0.065997 0.736265
vn -0.377679 -0.69646 0.610165
vn -0.377679 -0.69646 0.610165
vn -0.730398 -0.675998 0.0977
vn 0.0138 -0.693308 0.720509
vn -0.490288 0.524487 0.696083
vn -0.623019 0.759523 0.187006
vn -0.0535 0.479896 0.875693
vn -0.490288 0.524487 0.696083
vn -0.673468 0.065997 0.736265
vn -0.991605 0.107801 0.0714
vn 0.096796 0.045598 0.994259
vn 0.096796 0.045598 0.994259
vn -0.0535 0.479896 0.875693
vn -0.623019 0.759523 0.187006
vn -0.490288 0.524487 0.696083
vn -0.730398 -0.675998 0.0977
vn -0.991605 0.107801 0.0714
vn -0.40911 0.044001 0.911423
vn -0.0074 -0.99903 0.043401
vn 0.584074 -0.786166 0.201991
vn 0.490331 -0.705845 0.511232
vn -0.991605 0.107801 0.0714
vn -0.623019 0.759523 0.187006
vn -0.145798 0.919285 0.365594
vn -0.40911 0.044001 0.911423
vn 0.4755 0.786301 0.3945
vn -0.623019 0.759523 0.187006
vn -0.623019 0.759523 0.187006
vn -0.0535 0.479896 0.875693
vn 0.296806 0.767416 0.568312
vn 0.296806 0.767416 0.568312
vn 0.665799 -0.742999 0.0683
vn 0.502696 0.788794 0.353697
vn 0.490331 -0.705845 0.511232
vn 0.096796 0.045598 0.994259
vn 0.0138 -0.693308 0.720509
vn -0.0535 0.479896 0.875693
vn 0.296806 0.767416 0.568312
vn 0.691586 0.109898 0.713885
vn 0.296806 0.767416 0.568312
vn 0.691586 0.109898 0.713885
vn 0.4755 0.786301 0.3945
vn 0.917918 0.066201 0.391208
vn 0.691586 0.109898 0.713885
vn 0.490331 -0.705845 0.511232
vn 0.584074 -0.786166 0.201991
vn 0.917918 0.066201 0.391208
vn 0.962918 0.137202 0.232304
vn 0.665799 -0.742999 0.0683
vn 0.962918 0.137202 0.232304
vn 0.502696 0.788794 0.353697
vn -0.248886 -0.733257 0.632763
vn -0.743045 -0.515631 0.426626
vn -0.0013 -0.367681 0.929951
vn -0.276906 0.239705 0.930519
vn 0.552483 -0.597681 0.580982
vn 0.149199 -0.617996 0.771894
vn -0.248886 -0.733257 0.632763
vn 0.149199 -0.617996 0.771894
vn 0.180905 -0.196706 0.963629
vn -0.0013 -0.367681 0.929951
vn -0.907844 -0.153707 0.390119
vn -0.743045 -0.515631 0.426626
vn -0.907844 -0.153707 0.390119
vn -0.998081 0.0161 -0.059799
vn -0.743045 -0.515631 0.426626
vn -0.792578 -0.168995 0.585884
vn -0.0013 -0.367681 0.929951
vn -0.792578 -0.168995 0.585884
vn -0.826864 0.156193 0.540277
vn -0.826864 0.156193 0.540277
vn 0.180905 -0.196706 0.963629
vn -0.327902 0.564103 0.757805
vn -0.938987 0.338695 -0.059899
vn -0.938987 0.338695 -0.059899
vn -0.567404 -0.199102 0.799006
vn -0.801529 -0.033401 0.597022
vn -0.087102 -0.787514 -0.610111
vn -0.024 -0.747514 -0.663812
vn -0.083403 -0.59062 -0.802628
vn -0.567404 -0.199102 0.799006
vn -0.087102 -0.787514 -0.610111
vn -0.087102 -0.787514 -0.610111
vn -0.024 -0.747514 -0.663812
vn 0.555511 0.821316 0.129802
vn 0.315907 0.942321 0.110603
vn -0.083403 -0.59062 -0.802628
vn -0.087102 -0.787514 -0.610111
vn 0.555511 0.821316 0.129802
vn -0.801529 -0.033401 0.597022
vn -0.567404 -0.199102 0.799006
vn 0.669704 0.722004 0.173801
vn -0.896668 0.098596 0.431585
vn 0.705408 0.672408 0.224203
vn -0.896668 0.098596 0.431585
vn 0.555511 0.821316 0.129802
vn -0.083403 -0.59062 -0.802628
vn -0.448209 -0.441109 0.777516
vn -0.567404 -0.199102 0.799006
vn -0.448209 -0.441109 0.777516
vn -0.848308 -0.105901 0.518805
vn 0.483989 -0.87298 0.060499
vn -0.069903 -0.060103 0.995742
vn -0.069903 -0.060103 0.995742
vn 0.891178 0.430989 0.141597
vn 0.547838 0.827757 -0.121208
vn 0.310785 -0.861758 -0.400981
vn 0.891178 0.430989 0.141597
vn 0.483989 -0.87298 0.060499
vn 0.310785 -0.861758 -0.400981
vn 0.891178 0.430989 0.141597
vn 0.310785 -0.861758 -0.400981
vn 0.547838 0.827757 -0.121208
vn 0.0006 -0.760702 -0.649101
vn 0.669704 0.722004 0.173801
vn 0.0006 -0.760702 -0.649101
vn 0.705408 0.672408 0.224203
vn 0.152205 -0.951934 -0.26581
vn 0.651391 0.75679 0.054399
vn -0.872017 0.289606 0.394608
vn 0.759944 0.577333 0.298617
vn -0.872017 0.289606 0.394608
vn -0.872017 0.289606 0.394608
vn -0.139299 -0.872791 -0.467795
vn 0.0006 -0.760702 -0.649101
vn -0.139299 -0.872791 -0.467795
vn 0.413309 -0.837518 -0.357408
vn 0.46761 0.850218 0.241805
vn 0.46761 0.850218 0.241805
vn 0.413309 -0.837518 -0.357408
vn -0.139299 -0.872791 -0.467795
vn -0.872017 0.289606 0.394608
vn -0.867676 0.407189 0.285192
vn 0.759944 0.577333 0.298617
vn -0.102898 -0.859781 -0.500189
vn -0.102898 -0.859781 -0.500189
vn -0.448209 -0.441109 0.777516
vn -0.083403 -0.59062 -0.802628
vn -0.089605 -0.72684 -0.680937
vn 0.315907 0.942321 0.110603
vn -0.066099 -0.417894 0.906088
vn -0.066099 -0.417894 0.906088
vn 0.273799 0.961497 -0.0236
vn 0.273799 0.961497 -0.0236
vn -0.089605 -0.72684 -0.680937
vn -0.083403 -0.59062 -0.802628
vn -0.327902 0.564103 0.757805
vn -0.638905 -0.166701 0.751006
vn -0.938987 0.338695 -0.059899
vn 0.31959 -0.32419 0.890372
vn -0.638905 -0.166701 0.751006
vn -0.327902 0.564103 0.757805
vn 0.8026 0.2749 0.5294
vn 0.8026 0.2749 0.5294
vn 0.31959 -0.32419 0.890372
vn -0.327902 0.564103 0.757805
vn -0.575091 -0.356994 0.736088
vn -0.968907 0.131001 0.209901
vn 0.136801 -0.472205 0.870809
vn -0.575091 -0.356994 0.736088
vn -0.638905 -0.166701 0.751006
vn -0.974545 0.202789 0.095595
vn 0.31959 -0.32419 0.890372
vn 0.273799 0.961497 -0.0236
vn -0.980507 -0.116801 0.158001
vn 0.0487 -0.586605 0.808407
vn -0.612126 -0.432918 0.661728
vn -0.612126 -0.432918 0.661728
vn -0.974545 0.202789 0.095595
vn -0.817879 0.041599 -0.573885
vn -0.974545 0.202789 0.095595
vn -0.968907 0.131001 0.209901
vn -0.720216 0.423209 -0.549712
vn -0.811904 0.176401 -0.556503
vn -0.811904 0.176401 -0.556503
vn -0.817879 0.041599 -0.573885
vn -0.974545 0.202789 0.095595
vn -0.980507 -0.116801 0.158001
vn -0.810316 0.074702 -0.581212
vn 0.974639 0.042502 0.219709
vn 0.962918 0.137202 0.232304
vn 0.665799 -0.742999 0.0683
vn 0.974639 0.042502 0.219709
vn 0.8026 0.2749 0.5294
vn 0.589399 -0.799499 0.1158
vn -0.050297 -0.747758 -0.662063
vn 0.283501 -0.470702 0.835504
vn 0.273799 0.961497 -0.0236
vn -0.066099 -0.417894 0.906088
vn 0.283501 -0.470702 0.835504
vn 0.985231 -0.171105 -0.0065
vn 0.974639 0.042502 0.219709
vn 0.589399 -0.799499 0.1158
vn 0.582122 -0.810531 0.064602
vn 0.582122 -0.810531 0.064602
vn 0.993764 -0.109996 0.018299
vn 0.974639 0.042502 0.219709
vn 0.985231 -0.171105 -0.0065
vn 0.993764 -0.109996 0.018299
vn 0.0255 0.999305 0.0272
vn -0.050297 -0.747758 -0.662063
vn 0.0255 0.999305 0.0272
vn -0.234905 -0.637213 -0.734015
vn -0.150704 0.988127 0.029901
vn -0.050297 -0.747758 -0.662063
vn -0.150704 0.988127 0.029901
vn -0.234905 -0.637213 -0.734015
vn 0.628579 -0.262591 0.732075
vn 0.628579 -0.262591 0.732075
vn 0.628579 -0.262591 0.732075
vn -0.150704 0.988127 0.029901
vn 0.0255 0.999305 0.0272
vn 0.31959 -0.32419 0.890372
vn 0.8026 0.2749 0.5294
vn 0.987284 -0.150698 0.050599
vn 0.31959 -0.32419 0.890372
vn 0.758543 -0.241214 0.605334
vn 0.136801 -0.472205 0.870809
vn 0.987284 -0.150698 0.050599
vn 0.758543 -0.241214 0.605334
vn 0.31959 -0.32419 0.890372
vn -0.363902 0.931405 0.0078
vn 0.767324 -0.030801 0.64052
vn -0.363902 0.931405 0.0078
vn -0.2548 -0.7867 -0.5623
vn -0.2548 -0.7867 -0.5623
vn -0.2548 -0.7867 -0.5623
vn 0.767324 -0.030801 0.64052
vn 0.628579 -0.262591 0.732075
vn 0.993764 -0.109996 0.018299
vn 0.987284 -0.150698 0.050599
vn 0.8026 0.2749 0.5294
vn 0.636278 -0.396986 0.661477
vn 0.927994 -0.220699 0.300198
vn 0.636278 -0.396986 0.661477
vn 0.814285 -0.058699 0.577489
vn -0.593891 0.804488 0.0096
vn -0.593891 0.804488 0.0096
vn -0.076499 -0.919993 -0.384397
vn 0.814285 -0.058699 0.577489
vn -0.2548 -0.7867 -0.5623
vn -0.593891 0.804488 0.0096
vn -0.076499 -0.919993 -0.384397
vn 0.136801 -0.472205 0.870809
vn 0.437681 -0.614073 0.656772
vn 0.0487 -0.586605 0.808407
vn 0.699505 -0.595405 0.395203
vn -0.606978 -0.152895 0.779872
vn -0.967123 -0.132103 0.217305
vn -0.0391 -0.346599 0.937198
vn -0.606978 -0.152895 0.779872
vn -0.834912 0.319005 0.448506
vn -0.792578 -0.168995 0.585884
vn -0.606978 -0.152895 0.779872
vn -0.0391 -0.346599 0.937198
vn -0.0013 -0.367681 0.929951
vn -0.792578 -0.168995 0.585884
vn -0.943842 0.161007 -0.288513
vn -0.690303 0.723403 -0.013
vn -0.834912 0.319005 0.448506
vn -0.792578 -0.168995 0.585884
vn -0.940157 0.21859 0.261388
vn -0.690303 0.723403 -0.013
vn 0.735811 0.612609 0.288604
vn -0.867676 0.407189 0.285192
vn 0.735811 0.612609 0.288604
vn -0.980507 -0.116801 0.158001
vn -0.967123 -0.132103 0.217305
vn -0.810316 0.074702 -0.581212
vn -0.943842 0.161007 -0.288513
vn -0.943842 0.161007 -0.288513
vn -0.690303 0.723403 -0.013
vn -0.559797 0.353598 -0.749397
vn -0.810316 0.074702 -0.581212
vn -0.0391 -0.346599 0.937198
vn 0.414188 -0.423288 0.805777
vn 0.345896 -0.104899 0.93239
vn -0.0013 -0.367681 0.929951
vn -0.0391 -0.346599 0.937198
vn 0.414188 -0.423288 0.805777
vn -0.940157 0.21859 0.261388
vn -0.940157 0.21859 0.261388
vn -0.998081 0.0161 -0.059799
vn -0.777516 0.609512 -0.154803
vn -0.777516 0.609512 -0.154803
vn 0.595274 -0.361584 0.717569
vn 0.595274 -0.361584 0.717569
vn 0.73722 -0.608716 0.293208
vn 0.602108 -0.607308 0.518307
vn 0.307603 -0.330403 0.892308
vn 0.862903 -0.0565 0.502202
vn -0.450808 0.0027 0.892617
vn -0.489517 -0.533918 0.689424
vn -0.310288 -0.867865 0.387984
vn 0.832989 -0.0315 0.552393
vn -0.450808 0.0027 0.892617
vn 0.832989 -0.0315 0.552393
vn -0.433717 0.564222 0.702527
vn -0.252192 -0.952269 0.171994
vn 0.827273 -0.125596 0.547582
vn 0.892334 -0.145106 0.427416
vn 0.0475 -0.958297 -0.281799
vn 0.815975 -0.0023 0.578082
vn -0.433717 0.564222 0.702527
vn 0.892334 -0.145106 0.427416
vn 0.0475 -0.958297 -0.281799
vn 0.914788 -0.092099 0.393295
vn 0.855918 -0.178004 0.48551
vn -0.57923 0.37912 0.721638
vn -0.541213 -0.301907 0.784819
vn -0.541213 -0.301907 0.784819
vn 0.5416 -0.1333 -0.83
vn 0.855918 -0.178004 0.48551
vn 0.864263 0.036998 0.501678
vn 0.231399 -0.469998 -0.851796
vn -0.288809 0.613219 0.735223
vn 0.881832 -0.191307 0.431016
vn 0.932269 -0.139495 0.333789
vn 0.914788 -0.092099 0.393295
vn 0.0475 -0.958297 -0.281799
vn 0.152198 -0.649593 -0.744892
vn 0.942691 0.048 0.330197
vn -0.394687 0.777074 0.490284
vn 0.942691 0.048 0.330197
vn -0.288809 0.613219 0.735223
vn 0.942691 0.048 0.330197
vn -0.394687 0.777074 0.490284
vn 0.941124 0.128203 0.312808
vn 0.943701 0 0.3308
vn 0.231399 -0.469998 -0.851796
vn 0.864263 0.036998 0.501678
vn 0.932269 -0.139495 0.333789
vn 0.152198 -0.649593 -0.744892
vn 0.934564 -0.123195 0.333787
vn -0.087302 -0.829519 -0.551613
vn -0.087302 -0.829519 -0.551613
vn 0.914067 -0.27489 0.298189
vn 0.941124 0.128203 0.312808
vn 0.914067 -0.27489 0.298189
vn -0.087302 -0.829519 -0.551613
vn 0.233796 0.669787 -0.704787
vn 0.905593 -0.0446 0.421797
vn 0.19689 -0.632567 -0.749061
vn 0.934564 -0.123195 0.333787
vn 0.152198 -0.649593 -0.744892
vn 0.920524 -0.116503 0.37291
vn 0.19689 -0.632567 -0.749061
vn 0.049 -0.681901 -0.729801
vn 0.920524 -0.116503 0.37291
vn 0.548196 0.405097 -0.731695
vn 0.920524 -0.116503 0.37291
vn 0.049 -0.681901 -0.729801
vn -0.433717 0.564222 0.702527
vn 0.815975 -0.0023 0.578082
vn -0.290892 0.838376 0.460987
vn 0.862783 0.038699 0.50409
vn 0.914792 0.0433 0.401597
vn -0.0206 0.993302 0.1137
vn 0.969548 -0.013801 -0.244512
vn 0.927994 -0.220699 0.300198
vn 0.987284 -0.150698 0.050599
vn 0.839387 0.242996 -0.486192
vn 0.698924 0.059402 -0.712725
vn 0.653309 0.205703 -0.72861
vn 0.231399 -0.469998 -0.851796
vn 0.943701 0 0.3308
vn 0.866833 -0.075703 0.492819
vn 0.231399 -0.469998 -0.851796
vn 0.866833 -0.075703 0.492819
vn -0.301508 0.834823 0.460612
vn 0.905593 -0.0446 0.421797
vn -0.301508 0.834823 0.460612
vn 0.866833 -0.075703 0.492819
vn -0.301508 0.834823 0.460612
vn 0.905593 -0.0446 0.421797
vn 0.233796 0.669787 -0.704787
vn 0.909292 -0.0196 0.415696
vn 0.0187 0.999818 0.0038
vn -0.0206 0.993302 0.1137
vn 0.909292 -0.0196 0.415696
vn 0.895148 -0.126907 0.427323
vn 0.0187 0.999818 0.0038
vn 0.909292 -0.0196 0.415696
vn 0.354689 0.688779 -0.632281
vn 0.916122 -0.058501 0.396609
vn 0.354689 0.688779 -0.632281
vn 0.895148 -0.126907 0.427323
vn 0.916122 -0.058501 0.396609
vn 0.354689 0.688779 -0.632281
vn -0.644512 0.764414 0.0166
vn 0.849413 -0.0256 0.527108
vn -0.644512 0.764414 0.0166
vn 0.839202 -0.510401 -0.1877
vn 0.839202 -0.510401 -0.1877
vn -0.335301 -0.872504 -0.355401
vn -0.335301 -0.872504 -0.355401
vn 0.849413 -0.0256 0.527108
vn 0.685816 -0.049101 -0.726117
vn -0.558627 0.802339 0.21021
vn 0.899315 0.141702 0.413707
vn -0.558627 0.802339 0.21021
vn -0.189301 -0.923005 -0.335002
vn -0.189301 -0.923005 -0.335002
vn 0.899315 0.141702 0.413707
vn 0.608906 -0.452805 0.651307
vn 0.608906 -0.452805 0.651307
vn 0.721911 -0.135402 0.67861
vn 0.535199 -0.0396 0.843798
vn 0.702078 -0.630081 0.33179
vn 0.933228 -0.218107 0.285509
vn 0.721911 -0.135402 0.67861
vn 0.784125 0.366512 0.500816
vn 0.941577 -0.140497 0.306093
vn 0.941577 -0.140497 0.306093
vn 0.900302 0.0781 0.428201
vn 0.759399 -0.641899 0.1062
vn 0.941577 -0.140497 0.306093
vn 0.784125 0.366512 0.500816
vn 0.836378 0.36929 -0.405089
vn 0.642895 -0.537496 -0.545696
vn 0.759399 -0.641899 0.1062
vn 0.941577 -0.140497 0.306093
vn 0.836378 0.36929 -0.405089
vn 0.900302 0.0781 0.428201
vn 0.820705 0.555003 -0.135701
vn 0.900302 0.0781 0.428201
vn 0.900302 0.0781 0.428201
vn 0.933228 -0.218107 0.285509
vn 0.989 0.1479 0.0019
vn 0.989 0.1479 0.0019
vn 0.839202 -0.510401 -0.1877
vn 0.723392 -0.350096 -0.595094
vn 0.893381 -0.417391 -0.166296
vn 0.685816 -0.049101 -0.726117
vn 0.893381 -0.417391 -0.166296
vn 0.691884 -0.024799 -0.721583
vn 0.893381 -0.417391 -0.166296
vn 0.723392 -0.350096 -0.595094
vn 0.425882 0.197492 -0.882962
vn 0.691884 -0.024799 -0.721583
vn 0.955809 -0.0411 -0.291103
vn 0.729392 0.366096 -0.577894
vn 0.820705 0.555003 -0.135701
vn 0.820705 0.555003 -0.135701
vn 0.729392 0.366096 -0.577894
vn 0.320097 0.715994 -0.620395
vn 0.836378 0.36929 -0.405089
vn 0.425882 0.197492 -0.882962
vn 0.691884 -0.024799 -0.721583
vn -0.714191 0.077099 0.695691
vn -0.826864 0.156193 0.540277
vn -0.276906 0.239705 0.930519
vn -0.296711 0.063802 0.952834
vn -0.276906 0.239705 0.930519
vn 0.180905 -0.196706 0.963629
vn 0.307603 -0.330403 0.892308
vn -0.296711 0.063802 0.952834
vn -0.714191 0.077099 0.695691
vn -0.973653 -0.023601 0.226812
vn -0.674468 -0.107295 0.730466
vn -0.714191 0.077099 0.695691
vn -0.296711 0.063802 0.952834
vn -0.924974 -0.177195 0.336191
vn -0.405414 -0.108004 0.907731
vn -0.674468 -0.107295 0.730466
vn -0.405414 -0.108004 0.907731
vn -0.558275 0.203691 0.804263
vn -0.674468 -0.107295 0.730466
vn -0.558275 0.203691 0.804263
vn -0.881192 0.245698 0.403897
vn -0.924974 -0.177195 0.336191
vn -0.924974 -0.177195 0.336191
vn 0.307603 -0.330403 0.892308
vn 0.082704 -0.316914 0.944842
vn 0.539531 -0.53293 0.651837
vn 0.539531 -0.53293 0.651837
vn -0.178407 0.117305 0.976939
vn -0.141799 -0.0563 0.988293
vn -0.141799 -0.0563 0.988293
vn -0.095498 0.299592 0.949276
vn -0.689408 0.446105 0.570707
vn -0.881192 0.245698 0.403897
vn -0.178407 0.117305 0.976939
vn -0.141799 -0.0563 0.988293
vn 0.290505 0.0103 0.956818
vn -0.095498 0.299592 0.949276
vn -0.998081 0.0161 -0.059799
vn -0.973653 -0.023601 0.226812
vn -0.916475 -0.0014 -0.400089
vn -0.777516 0.609512 -0.154803
vn -0.958597 0.181899 -0.219099
vn -0.965123 -0.193805 -0.176004
vn -0.924974 -0.177195 0.336191
vn -0.965123 -0.193805 -0.176004
vn -0.973653 -0.023601 0.226812
vn -0.958597 0.181899 -0.219099
vn -0.857628 0.032901 -0.513217
vn -0.916475 -0.0014 -0.400089
vn -0.884338 0.453919 -0.109105
vn -0.873285 0.335494 -0.353294
vn -0.857628 0.032901 -0.513217
vn -0.958597 0.181899 -0.219099
vn -0.884338 0.453919 -0.109105
vn -0.690303 0.723403 -0.013
vn -0.777516 0.609512 -0.154803
vn -0.252708 0.820025 -0.513516
vn -0.252708 0.820025 -0.513516
vn -0.611404 -0.0336 -0.790605
vn -0.611404 -0.0336 -0.790605
vn -0.246598 0.712793 -0.656594
vn -0.246598 0.712793 -0.656594
vn -0.689408 0.446105 0.570707
vn -0.246598 0.712793 -0.656594
vn -0.611404 -0.0336 -0.790605
vn 0.1089 -0.1962 -0.974498
vn -0.252708 0.820025 -0.513516
vn -0.246598 0.712793 -0.656594
vn 0.339707 0.653914 -0.676014
vn 0.339707 0.653914 -0.676014
vn -0.703392 -0.136398 -0.697592
vn -0.703392 -0.136398 -0.697592
vn -0.069898 -0.432186 -0.899071
vn -0.013401 0.363914 -0.931336
vn -0.013401 0.363914 -0.931336
vn -0.559797 0.353598 -0.749397
vn -0.252708 0.820025 -0.513516
vn 0.339707 0.653914 -0.676014
vn 0.1089 -0.1962 -0.974498
vn 0.836378 0.36929 -0.405089
vn -0.780204 0.131701 -0.611503
vn -0.703392 -0.136398 -0.697592
vn -0.780204 0.131701 -0.611503
vn -0.079002 -0.234406 -0.968923
vn -0.735702 0.662102 0.1427
vn -0.735702 0.662102 0.1427
vn -0.877282 0.473091 0.080998
vn -0.447611 0.632715 0.631915
vn -0.735702 0.662102 0.1427
vn -0.84328 0.188895 0.503188
vn -0.84328 0.188895 0.503188
vn -0.86799 0.474295 -0.147098
vn -0.873285 0.335494 -0.353294
vn -0.877282 0.473091 0.080998
vn -0.986344 -0.134606 0.094904
vn -0.84328 0.188895 0.503188
vn -0.685009 0.283504 -0.671109
vn -0.86799 0.474295 -0.147098
vn -0.685009 0.283504 -0.671109
vn -0.067797 -0.035699 -0.99706
vn -0.920976 -0.055199 -0.38569
vn -0.986344 -0.134606 0.094904
vn -0.993315 -0.102602 0.052901
vn -0.986344 -0.134606 0.094904
vn -0.993315 -0.102602 0.052901
vn -0.920976 -0.055199 -0.38569
vn -0.918709 -0.106501 -0.380304
vn -0.721025 0.689623 0.067402
vn -0.918709 -0.106501 -0.380304
vn -0.993315 -0.102602 0.052901
vn -0.851706 -0.011 0.523904
vn -0.721025 0.689623 0.067402
vn -0.627296 -0.226898 -0.744995
vn -0.627296 -0.226898 -0.744995
vn -0.627296 -0.226898 -0.744995
vn -0.68854 0.624937 -0.367922
vn -0.442276 0.55267 -0.706362
vn -0.667234 -0.20481 -0.716136
vn -0.667234 -0.20481 -0.716136
vn 0.082704 -0.316914 0.944842
vn 0.539531 -0.53293 0.651837
vn 0.707294 -0.130899 0.694694
vn 0.836844 -0.347118 0.423322
vn 0.707294 -0.130899 0.694694
vn 0.788893 -0.539095 0.294997
vn 0.883684 -0.253195 0.393693
vn 0.534024 0.118405 0.837137
vn 0.758223 -0.116404 0.64152
vn 0.758223 -0.116404 0.64152
vn -0.0064 0.451719 0.892137
vn -0.0064 0.451719 0.892137
vn 0.187791 0.139493 0.972253
vn -0.46621 -0.031301 0.88412
vn -0.46621 -0.031301 0.88412
vn 0.758223 -0.116404 0.64152
vn 0.187791 0.139493 0.972253
vn 0.534024 0.118405 0.837137
vn -0.425092 -0.401793 0.811085
vn -0.168395 0.30059 0.93877
vn -0.388316 0.48892 0.781132
vn -0.643495 -0.145499 0.751494
vn -0.643495 -0.145499 0.751494
vn -0.388316 0.48892 0.781132
vn -0.594829 0.63233 0.496324
vn -0.643495 -0.145499 0.751494
vn -0.486612 -0.369309 0.791719
vn -0.168395 0.30059 0.93877
vn -0.46621 -0.031301 0.88412
vn -0.594829 0.63233 0.496324
vn -0.851706 -0.011 0.523904
vn -0.643495 -0.145499 0.751494
vn -0.851706 -0.011 0.523904
vn -0.1558 0.297899 0.941798
vn -0.539173 0.235288 0.80866
vn -0.388316 0.48892 0.781132
vn -0.539173 0.235288 0.80866
vn -0.724009 0.480806 0.494606
vn -0.594829 0.63233 0.496324
vn -0.539173 0.235288 0.80866
vn -0.1558 0.297899 0.941798
vn -0.649316 -0.238306 0.722218
vn -0.539173 0.235288 0.80866
vn -0.649316 -0.238306 0.722218
vn -0.724366 -0.260588 0.63827
vn -0.724009 0.480806 0.494606
vn -0.489211 -0.535112 0.688715
vn -0.486612 -0.369309 0.791719
vn -0.425092 -0.401793 0.811085
vn -0.0053 -0.243403 0.969911
vn -0.489211 -0.535112 0.688715
vn -0.1433 -0.629101 0.764001
vn -0.0087 -0.581386 0.813581
vn -0.476926 -0.826046 0.300317
vn -0.476926 -0.826046 0.300317
vn -0.425092 -0.401793 0.811085
vn -0.1433 -0.629101 0.764001
vn -0.0053 -0.243403 0.969911
vn -0.0087 -0.581386 0.813581
vn 0.482003 -0.536503 0.692704
vn -0.0025 0.169196 0.985579
vn 0.167705 0.298608 0.939526
vn -0.0025 0.169196 0.985579
vn 0.48361 -0.369608 0.793417
vn -0.0082 -0.942216 0.334906
vn 0.469587 -0.829377 0.302692
vn 0.469587 -0.829377 0.302692
vn 0.482003 -0.536503 0.692704
vn -0.0087 -0.581386 0.813581
vn -0.0015 0.234386 0.972142
vn -0.0025 0.169196 0.985579
vn -0.0015 0.234386 0.972142
vn -0.286086 -0.256787 0.923155
vn 0.167705 0.298608 0.939526
vn -0.0033 -0.2366 0.971601
vn 0.282098 -0.257099 0.924295
vn -0.0033 -0.2366 0.971601
vn -0.0015 0.234386 0.972142
vn 0.152997 0.299395 0.941783
vn 0.152997 0.299395 0.941783
vn 0.881872 -0.453585 0.128696
vn 0.642895 -0.537496 -0.545696
vn 0.721089 -0.67239 -0.167098
vn 0.759399 -0.641899 0.1062
vn 0.721089 -0.67239 -0.167098
vn 0.935907 -0.296802 0.189701
vn 0.721089 -0.67239 -0.167098
vn 0.642895 -0.537496 -0.545696
vn 0.631197 -0.563097 -0.533397
vn 0.721089 -0.67239 -0.167098
vn 0.631197 -0.563097 -0.533397
vn 0.881872 -0.453585 0.128696
vn -0.069898 -0.432186 -0.899071
vn 0.691522 -0.430014 -0.580418
vn -0.079002 -0.234406 -0.968923
vn 0.935907 -0.296802 0.189701
vn 0.691522 -0.430014 -0.580418
vn -0.1433 -0.629101 0.764001
vn 0.407612 -0.888726 0.209806
vn 0.432404 -0.816808 -0.381904
vn 0.407612 -0.888726 0.209806
vn -0.226796 -0.933782 -0.276795
vn -0.289088 -0.957259 -0.0091
vn 0.407612 -0.888726 0.209806
vn 0.407612 -0.888726 0.209806
vn -0.289088 -0.957259 -0.0091
vn -0.1433 -0.629101 0.764001
vn 0.432404 -0.816808 -0.381904
vn -0.226796 -0.933782 -0.276795
vn 0.407612 -0.888726 0.209806
vn -0.289088 -0.957259 -0.0091
vn -0.0082 -0.942216 0.334906
vn -0.476926 -0.826046 0.300317
vn -0.1433 -0.629101 0.764001
vn -0.289088 -0.957259 -0.0091
vn -0.476926 -0.826046 0.300317
vn -0.0001 -0.998754 -0.049898
vn 0.288997 -0.957291 -0.0086
vn 0.469587 -0.829377 0.302692
vn -0.226796 -0.933782 -0.276795
vn -0.0062 -0.958327 -0.285608
vn 0.219791 -0.934863 -0.278789
vn 0.566115 -0.272107 -0.778121
vn -0.067797 -0.035699 -0.99706
vn 0.566115 -0.272107 -0.778121
vn -0.34828 -0.712559 -0.609065
vn -0.226796 -0.933782 -0.276795
vn 0.432404 -0.816808 -0.381904
vn -0.108705 -0.613427 -0.782234
vn -0.34828 -0.712559 -0.609065
vn -0.0042 -0.700874 -0.713273
vn 0.344207 -0.713214 -0.610612
vn -0.84328 0.188895 0.503188
vn -0.594829 0.63233 0.496324
vn -0.811924 0.575117 0.100103
vn -0.721025 0.689623 0.067402
vn -0.108705 -0.613427 -0.782234
vn -0.594721 0.606221 0.528018
vn -0.530508 -0.771412 -0.351405
vn -0.532424 0.542924 0.649429
vn 0.979488 0.117499 -0.163698
vn -0.594721 0.606221 0.528018
vn -0.532424 0.542924 0.649429
vn 0.915776 0.219994 -0.336091
vn -0.522383 -0.716977 -0.461585
vn -0.530508 -0.771412 -0.351405
vn -0.522383 -0.716977 -0.461585
vn 0.979488 0.117499 -0.163698
vn 0.915776 0.219994 -0.336091
vn -0.607921 0.687324 0.397514
vn -0.471893 -0.653891 -0.591391
vn 0.999532 -0.030501 0.0024
vn -0.471893 -0.653891 -0.591391
vn -0.607921 0.687324 0.397514
vn 0.999532 -0.030501 0.0024
vn -0.532575 0.769264 0.352983
vn -0.471893 -0.653891 -0.591391
vn -0.607921 0.687324 0.397514
vn -0.532575 0.769264 0.352983
vn -0.926054 -0.348883 0.143893
vn -0.280607 -0.953124 -0.113203
vn -0.299015 -0.147707 0.942747
vn 0.3815 -0.758801 0.5279
vn -0.914142 0.31038 -0.260784
vn -0.926054 -0.348883 0.143893
vn -0.299015 -0.147707 0.942747
vn 0.065299 0.567491 0.820786
vn -0.299015 -0.147707 0.942747
vn 0.3815 -0.758801 0.5279
vn 0.065299 0.567491 0.820786
vn -0.280607 -0.953124 -0.113203
vn -0.926054 -0.348883 0.143893
vn -0.914142 0.31038 -0.260784
vn 0.100103 -0.676918 -0.72922
vn 0.100103 -0.676918 -0.72922
vn 0.3815 -0.758801 0.5279
vn -0.280607 -0.953124 -0.113203
vn -0.413191 0.690685 -0.593487
vn 0.100103 -0.676918 -0.72922
vn -0.914142 0.31038 -0.260784
vn -0.914142 0.31038 -0.260784
vn 0.065299 0.567491 0.820786
vn 0.124097 0.989676 0.071698
vn -0.413191 0.690685 -0.593487
vn 0.925534 -0.27781 0.257309
vn 0.925534 -0.27781 0.257309
vn 0.925534 -0.27781 0.257309
vn 0.100103 -0.676918 -0.72922
vn 0.86932 0.380609 -0.315307
vn 0.86932 0.380609 -0.315307
vn 0.065299 0.567491 0.820786
vn 0.925534 -0.27781 0.257309
vn -0.359796 0.526495 0.770292
vn -0.868401 0.3958 0.2987
vn -0.762083 0.583087 0.281494
vn -0.762083 0.583087 0.281494
vn -0.868401 0.3958 0.2987
vn -0.844 0.3309 -0.4221
vn -0.359796 0.526495 0.770292
vn -0.388802 0.312501 0.866704
vn -0.901475 0.282192 0.328191
vn -0.868401 0.3958 0.2987
vn -0.941375 0.137896 -0.307892
vn -0.359796 0.526495 0.770292
vn -0.941375 0.137896 -0.307892
vn 0.100103 -0.676918 -0.72922
vn -0.413191 0.690685 -0.593487
vn -0.0055 0.217393 -0.976069
vn -0.0055 0.217393 -0.976069
vn -0.901475 0.282192 0.328191
vn -0.388802 0.312501 0.866704
vn -0.414708 0.663512 0.622711
vn -0.725388 0.686389 0.051799
vn -0.972582 0.0111 -0.232296
vn -0.725388 0.686389 0.051799
vn -0.972582 0.0111 -0.232296
vn -0.901475 0.282192 0.328191
vn 0.124097 0.989676 0.071698
vn -0.413191 0.690685 -0.593487
vn 0.124097 0.989676 0.071698
vn -0.0055 0.217393 -0.976069
vn 0.86932 0.380609 -0.315307
vn 0.471127 0.209812 0.856749
vn -0.359796 0.526495 0.770292
vn -0.212306 0.574317 0.790624
vn 0.488991 0.311994 0.814584
vn -0.388802 0.312501 0.866704
vn -0.359796 0.526495 0.770292
vn 0.471127 0.209812 0.856749
vn 0.390514 0.535219 0.749026
vn 0.488991 0.311994 0.814584
vn 0.390514 0.535219 0.749026
vn -0.388802 0.312501 0.866704
vn 0.044799 0.902674 0.427988
vn -0.333008 0.570814 0.750518
vn 0.044799 0.902674 0.427988
vn 0.390514 0.535219 0.749026
vn 0.0878 0.216601 0.972304
vn 0.488991 0.311994 0.814584
vn 0.416307 -0.079801 0.905715
vn -0.414708 0.663512 0.622711
vn 0.044799 0.902674 0.427988
vn -0.725388 0.686389 0.051799
vn -0.484105 0.738508 0.469305
vn -0.484105 0.738508 0.469305
vn -0.507309 0.848715 -0.149403
vn -0.183592 0.969057 -0.164993
vn -0.818401 0.1276 0.560301
vn -0.484105 0.738508 0.469305
vn -0.333008 0.570814 0.750518
vn 0.0878 0.216601 0.972304
vn -0.815705 0.0086 0.578404
vn -0.786746 0.088094 0.610958
vn -0.507309 0.848715 -0.149403
vn -0.309804 -0.434505 0.845711
vn -0.721469 0.189992 0.665872
vn -0.219586 -0.136192 0.96604
vn -0.219586 -0.136192 0.96604
vn -0.309804 -0.434505 0.845711
vn 0.442185 -0.485483 0.754174
vn -0.169708 -0.554728 0.814541
vn -0.721469 0.189992 0.665872
vn -0.219586 -0.136192 0.96604
vn -0.219586 -0.136192 0.96604
vn 0.442185 -0.485483 0.754174
vn 0.184605 -0.521213 0.833221
vn -0.169708 -0.554728 0.814541
vn 0.0878 0.216601 0.972304
vn 0.416307 -0.079801 0.905715
vn 0.339494 -0.768688 0.542091
vn 0.416307 -0.079801 0.905715
vn 0.544885 -0.317492 0.776079
vn 0.416307 -0.079801 0.905715
vn 0.544885 -0.317492 0.776079
vn 0.339494 -0.768688 0.542091
vn 0.768082 -0.168496 0.617786
vn 0.667506 0.347003 0.658806
vn 0.844634 0.065503 0.531321
vn 0.544885 -0.317492 0.776079
vn 0.667506 0.347003 0.658806
vn 0.941974 -0.288692 0.171295
vn 0.941974 -0.288692 0.171295
vn 0.672909 -0.73881 -0.0368
vn 0.925269 0.351488 0.142595
vn 0.844634 0.065503 0.531321
vn 0.981515 -0.153202 0.114702
vn 0.866518 -0.0153 -0.498911
vn 0.866518 -0.0153 -0.498911
vn -0.996775 0.070898 0.037599
vn -0.904029 0.386412 0.182806
vn -0.849168 -0.121395 0.513981
vn -0.904029 0.386412 0.182806
vn -0.996775 0.070898 0.037599
vn -0.749821 0.542816 -0.378311
vn -0.87637 0.209093 -0.433885
vn -0.507309 0.848715 -0.149403
vn -0.951721 -0.237805 -0.194104
vn -0.910982 -0.145597 0.385892
vn -0.995589 0.054599 -0.076299
vn -0.928887 0.347395 0.128398
vn -0.801985 -0.050699 -0.595189
vn -0.951721 -0.237805 -0.194104
vn -0.995589 0.054599 -0.076299
vn -0.995589 0.054599 -0.076299
vn -0.928887 0.347395 0.128398
vn -0.878464 0.471981 -0.074397
vn -0.844283 0.287594 -0.452191
vn -0.801985 -0.050699 -0.595189
vn -0.849168 -0.121395 0.513981
vn -0.784028 -0.499718 0.368213
vn -0.393494 -0.64459 0.65549
vn -0.849168 -0.121395 0.513981
vn -0.393494 -0.64459 0.65549
vn -0.784028 -0.499718 0.368213
vn -0.996775 0.070898 0.037599
vn -0.849168 -0.121395 0.513981
vn -0.784028 -0.499718 0.368213
vn -0.679572 -0.282888 0.676872
vn -0.910982 -0.145597 0.385892
vn -0.368718 -0.050903 0.928146
vn -0.169708 -0.554728 0.814541
vn 0.096303 -0.635318 0.766222
vn -0.518912 0.819619 0.242806
vn -0.913664 0.24199 0.326587
vn -0.849628 0.216007 0.481116
vn -0.849628 0.216007 0.481116
vn -0.913664 0.24199 0.326587
vn -0.679572 -0.282888 0.676872
vn -0.645421 0.763826 0.0013
vn -0.78803 0.614524 -0.037001
vn -0.694973 0.331087 0.638275
vn -0.78803 0.614524 -0.037001
vn -0.913664 0.24199 0.326587
vn -0.518912 0.819619 0.242806
vn -0.565519 0.737925 0.368313
vn -0.565519 0.737925 0.368313
vn -0.4237 0.879401 0.2171
vn -0.518912 0.819619 0.242806
vn -0.645421 0.763826 0.0013
vn -0.686006 0.694106 -0.218202
vn -0.519079 0.854366 -0.024799
vn -0.519079 0.854366 -0.024799
vn -0.39398 0.79516 0.460977
vn -0.565519 0.737925 0.368313
vn -0.368718 -0.050903 0.928146
vn -0.871432 0.458917 -0.173206
vn -0.4237 0.879401 0.2171
vn -0.888571 0.458085 -0.024499
vn -0.946297 0.193899 0.258699
vn -0.39398 0.79516 0.460977
vn -0.4237 0.879401 0.2171
vn -0.97161 0.234902 0.0282
vn -0.4237 0.879401 0.2171
vn -0.97161 0.234902 0.0282
vn -0.946297 0.193899 0.258699
vn -0.833676 0.213094 -0.509485
vn -0.833676 0.213094 -0.509485
vn -0.616795 0.610295 0.497096
vn -0.928887 0.347395 0.128398
vn -0.565519 0.737925 0.368313
vn -0.565519 0.737925 0.368313
vn -0.39398 0.79516 0.460977
vn -0.564314 0.622015 0.542813
vn -0.616795 0.610295 0.497096
vn -0.928887 0.347395 0.128398
vn -0.616795 0.610295 0.497096
vn -0.878464 0.471981 -0.074397
vn -0.678685 0.375992 0.630886
vn -0.564314 0.622015 0.542813
vn -0.39398 0.79516 0.460977
vn -0.867272 0.194694 0.458185
vn -0.867272 0.194694 0.458185
vn -0.547697 0.579396 0.603596
vn -0.368718 -0.050903 0.928146
vn -0.547697 0.579396 0.603596
vn -0.694973 0.331087 0.638275
vn -0.547697 0.579396 0.603596
vn -0.5459 0.7375 0.3976
vn -0.888571 0.458085 -0.024499
vn -0.547697 0.579396 0.603596
vn -0.094804 0.487721 0.867837
vn -0.084801 0.854007 0.513304
vn -0.5459 0.7375 0.3976
vn -0.962127 0.261907 0.075602
vn -0.962127 0.261907 0.075602
vn -0.941236 0.226209 0.250809
vn -0.548076 0.803265 0.23319
vn -0.874868 0.243191 0.418885
vn -0.655292 0.753591 0.051899
vn -0.752492 0.397796 0.524894
vn -0.878464 0.471981 -0.074397
vn -0.616795 0.610295 0.497096
vn -0.752492 0.397796 0.524894
vn -0.770904 0.628203 -0.105201
vn -0.770904 0.628203 -0.105201
vn -0.678685 0.375992 0.630886
vn -0.678685 0.375992 0.630886
vn -0.867272 0.194694 0.458185
vn -0.655292 0.753591 0.051899
vn -0.305802 0.915507 -0.261402
vn -0.59069 0.635989 -0.496592
vn -0.655292 0.753591 0.051899
vn -0.548076 0.803265 0.23319
vn -0.305802 0.915507 -0.261402
vn -0.796186 -0.374794 0.474992
vn -0.841438 -0.426319 0.332015
vn -0.922199 -0.3695 -0.1141
vn -0.561606 -0.461405 0.686807
vn -0.775431 -0.600824 -0.194208
vn -0.673502 -0.725902 0.1395
vn -0.400399 -0.731498 0.551898
vn -0.317791 -0.552884 0.770278
vn 0.411718 -0.059903 0.90934
vn -0.368718 -0.050903 0.928146
vn 0.096303 -0.635318 0.766222
vn -0.35069 -0.678981 0.644982
vn 0.411718 -0.059903 0.90934
vn 0.096303 -0.635318 0.766222
vn 0.096303 -0.635318 0.766222
vn -0.169708 -0.554728 0.814541
vn 0.089102 -0.807921 0.582515
vn 0.089102 -0.807921 0.582515
vn -0.094804 0.487721 0.867837
vn -0.903099 0.0374 0.4278
vn -0.841438 -0.426319 0.332015
vn -0.71848 -0.168295 0.674881
vn -0.71848 -0.168295 0.674881
vn -0.841438 -0.426319 0.332015
vn -0.418393 -0.375994 0.826786
vn -0.618301 0.476001 0.625401
vn -0.903099 0.0374 0.4278
vn -0.71848 -0.168295 0.674881
vn -0.36418 0.334582 0.869153
vn -0.418393 -0.375994 0.826786
vn -0.35069 -0.678981 0.644982
vn -0.377116 -0.739032 0.558224
vn -0.841438 -0.426319 0.332015
vn -0.510785 -0.71658 0.474986
vn -0.377116 -0.739032 0.558224
vn -0.510785 -0.71658 0.474986
vn -0.561606 -0.461405 0.686807
vn -0.618301 0.476001 0.625401
vn -0.305817 0.18191 0.934551
vn -0.305817 0.18191 0.934551
vn 0.417701 0.467301 0.779202
vn 0.417701 0.467301 0.779202
vn 0.109693 0.62516 0.77275
vn 0.109693 0.62516 0.77275
vn 0.417701 0.467301 0.779202
vn -0.305817 0.18191 0.934551
vn -0.086898 0.745084 0.661286
vn 0.109693 0.62516 0.77275
vn 0.791061 -0.60087 0.114794
vn 0.442185 -0.485483 0.754174
vn 0.339494 -0.768688 0.542091
vn 0.672909 -0.73881 -0.0368
vn 0.074099 -0.802088 0.592591
vn -0.377116 -0.739032 0.558224
vn -0.377116 -0.739032 0.558224
vn 0.841873 -0.273591 -0.465185
vn 0.925269 0.351488 0.142595
vn 0.865429 0.249808 -0.434314
vn 0.865429 0.249808 -0.434314
vn -0.989255 -0.114195 0.091296
vn -0.980213 -0.145602 -0.134102
vn 0.628307 -0.746709 -0.218303
vn 0.146205 0.966836 0.209408
vn -0.980213 -0.145602 -0.134102
vn -0.989255 -0.114195 0.091296
vn 0.3877 -0.871601 -0.3
vn -0.930091 -0.0439 0.364696
vn -0.989255 -0.114195 0.091296
vn -0.930091 -0.0439 0.364696
vn 0.294912 0.944838 0.142506
vn 0.146205 0.966836 0.209408
vn 0.759584 -0.650086 -0.0205
vn -0.871167 -0.231691 -0.432883
vn 0.035698 0.987255 0.155093
vn -0.871167 -0.231691 -0.432883
vn 0.672909 -0.73881 -0.0368
vn 0.750584 -0.629687 -0.200296
vn 0.791061 -0.60087 0.114794
vn 0.866518 -0.0153 -0.498911
vn 0.02 -0.999422 -0.027501
vn 0.660907 -0.632506 -0.403904
vn 0.02 -0.999422 -0.027501
vn 0.750584 -0.629687 -0.200296
vn 0.866518 -0.0153 -0.498911
vn 0.02 -0.999422 -0.027501
vn 0.217388 -0.899551 -0.37888
vn -0.790864 0.0049 0.611972
vn 0.036001 -0.974426 -0.221806
vn 0.545227 0.837642 0.032902
vn -0.790864 0.0049 0.611972
vn 0.553923 0.816434 -0.163107
vn -0.56021 0.110002 0.821014
vn 0.036001 -0.974426 -0.221806
vn -0.56021 0.110002 0.821014
vn -0.790864 0.0049 0.611972
vn 0.553923 0.816434 -0.163107
vn 0.217388 -0.899551 -0.37888
vn 0.3877 -0.871601 -0.3
vn 0.545227 0.837642 0.032902
vn 0.628307 -0.746709 -0.218303
vn 0.217388 -0.899551 -0.37888
vn 0.553923 0.816434 -0.163107
vn 0.646399 0.649499 -0.400399
vn 0.036001 -0.974426 -0.221806
vn 0.646399 0.649499 -0.400399
vn 0.294912 0.944838 0.142506
vn -0.049799 -0.975477 -0.214395
vn -0.414801 0.1379 0.899402
vn -0.414801 0.1379 0.899402
vn -0.049799 -0.975477 -0.214395
vn 0.556525 0.525623 -0.643429
vn 0.556525 0.525623 -0.643429
vn -0.673502 -0.725902 0.1395
vn -0.775431 -0.600824 -0.194208
vn -0.787787 -0.61559 -0.021
vn -0.812512 -0.528308 0.246404
vn -0.400399 -0.731498 0.551898
vn -0.673502 -0.725902 0.1395
vn -0.812512 -0.528308 0.246404
vn -0.856505 -0.509503 0.0825
vn -0.922199 -0.3695 -0.1141
vn -0.377116 -0.739032 0.558224
vn 0.074099 -0.802088 0.592591
vn -0.749913 -0.547709 0.371006
vn -0.856505 -0.509503 0.0825
vn -0.856505 -0.509503 0.0825
vn -0.749913 -0.547709 0.371006
vn -0.787787 -0.61559 -0.021
vn -0.377116 -0.739032 0.558224
vn 0.759584 -0.650086 -0.0205
vn 0.294912 0.944838 0.142506
vn 0.759584 -0.650086 -0.0205
vn 0.146205 0.966836 0.209408
vn 0.810699 -0.5646 0.1549
vn 0.810699 -0.5646 0.1549
vn 0.035698 0.987255 0.155093
vn -0.68854 0.624937 -0.367922
vn -0.732604 -0.679604 0.0378
vn -0.749913 -0.547709 0.371006
vn 0.02 -0.999422 -0.027501
vn 0.074099 -0.802088 0.592591
vn -0.68406 -0.650062 -0.330881
vn -0.732604 -0.679604 0.0378
vn 0.02 -0.999422 -0.027501
vn -0.113399 -0.758193 -0.642094
vn -0.113399 -0.758193 -0.642094
vn -0.749913 -0.547709 0.371006
vn -0.886225 -0.439512 0.146404
vn -0.886225 -0.439512 0.146404
vn -0.787787 -0.61559 -0.021
vn -0.749913 -0.547709 0.371006
vn -0.81088 -0.524187 -0.260194
vn 0.184605 -0.521213 0.833221
vn 0.089102 -0.807921 0.582515
vn -0.169708 -0.554728 0.814541
vn -0.510785 -0.71658 0.474986
vn -0.35069 -0.678981 0.644982
vn -0.377116 -0.739032 0.558224
vn -0.510785 -0.71658 0.474986
vn 0.184605 -0.521213 0.833221
vn -0.089599 -0.987693 0.128199
vn -0.089599 -0.987693 0.128199
vn -0.125397 0.459888 0.879078
vn -0.125397 0.459888 0.879078
vn 0.461502 0.500602 -0.732403
vn 0.461502 0.500602 -0.732403
vn 0.954409 -0.182902 0.235902
vn 0.954409 -0.182902 0.235902
vn 0.954409 -0.182902 0.235902
vn -0.537613 -0.592515 0.599915
vn -0.382999 -0.577098 0.721297
vn -0.400399 -0.731498 0.551898
vn -0.317791 -0.552884 0.770278
vn -0.537613 -0.592515 0.599915
vn -0.382999 -0.577098 0.721297
vn -0.537613 -0.592515 0.599915
vn -0.461809 -0.388408 0.797416
vn -0.205298 -0.548296 0.810694
vn -0.205298 -0.548296 0.810694
vn -0.332916 -0.372318 0.866341
vn -0.332916 -0.372318 0.866341
vn -0.812512 -0.528308 0.246404
vn -0.332916 -0.372318 0.866341
vn -0.461809 -0.388408 0.797416
vn -0.724366 -0.260588 0.63827
vn -0.2172 -0.454801 0.863701
vn -0.154895 -0.393288 0.906273
vn -0.108101 -0.528205 0.842208
vn -0.150203 -0.391308 0.907919
vn -0.2172 -0.454801 0.863701
vn -0.150203 -0.391308 0.907919
vn -0.154895 -0.393288 0.906273
vn -0.205298 -0.548296 0.810694
vn -0.461809 -0.388408 0.797416
vn -0.108101 -0.528205 0.842208
vn -0.0037 -0.318505 0.947914
vn -0.0011 -0.538699 0.842498
vn -0.108101 -0.528205 0.842208
vn 0.104999 -0.530597 0.841096
vn -0.0037 -0.318505 0.947914
vn -0.0018 -0.418588 0.908174
vn -0.108101 -0.528205 0.842208
vn 0.460508 -0.388107 0.798314
vn 0.460508 -0.388107 0.798314
vn -0.002 -0.350399 0.936598
vn -0.150203 -0.391308 0.907919
vn -0.002 -0.350399 0.936598
vn 0.0046 -0.176692 0.984255
vn 0.0046 -0.176692 0.984255
vn -0.154895 -0.393288 0.906273
vn -0.150203 -0.391308 0.907919
vn -0.0011 -0.538699 0.842498
vn 0.104999 -0.530597 0.841096
vn 0.148905 -0.389914 0.908732
vn 0.0046 -0.176692 0.984255
vn -0.002 -0.350399 0.936598
vn 0.148905 -0.389914 0.908732
vn -0.332916 -0.372318 0.866341
vn -0.286086 -0.256787 0.923155
vn -0.0018 -0.418588 0.908174
vn 0.3305 -0.3727 0.867101
vn 0.3305 -0.3727 0.867101
vn -0.107099 -0.269996 0.956887
vn -0.159796 0.330792 0.930076
vn -0.107099 -0.269996 0.956887
vn 0.310409 -0.100003 0.945328
vn 0.0046 -0.176692 0.984255
vn 0.310409 -0.100003 0.945328
vn 0.361502 0.600903 0.712904
vn 0.335388 0.294189 0.894968
vn 0.0059 0.705994 0.708194
vn 0.0112 0.783234 0.621627
vn -0.086898 0.745084 0.661286
vn 0.109693 0.62516 0.77275
vn 0.361502 0.600903 0.712904
vn 0.0112 0.783234 0.621627
vn 0.0059 0.705994 0.708194
vn -0.256396 0.238896 0.936584
vn -0.266503 0.548406 0.792608
vn 0.109693 0.62516 0.77275
vn -0.304396 0.409795 0.85989
vn 0.310409 -0.100003 0.945328
vn 0.0046 -0.176692 0.984255
vn 0.038599 0.29869 0.953569
vn 0.335388 0.294189 0.894968
vn -0.281505 -0.099202 0.954418
vn 0.038599 0.29869 0.953569
vn 0.0046 -0.176692 0.984255
vn 0.154206 -0.394114 0.906032
vn 0.107799 -0.269698 0.956892
vn -0.281505 -0.099202 0.954418
vn 0.0046 -0.176692 0.984255
vn 0.154206 -0.394114 0.906032
vn 0.335388 0.294189 0.894968
vn 0.038599 0.29869 0.953569
vn 0.361502 0.600903 0.712904
vn 0.0059 0.705994 0.708194
vn -0.328601 0.606501 0.724001
vn 0.0059 0.705994 0.708194
vn 0.038599 0.29869 0.953569
vn 0.038599 0.29869 0.953569
vn -0.281505 -0.099202 0.954418
vn -0.299691 0.298991 0.905974
vn -0.328601 0.606501 0.724001
vn -0.0074 0.114796 0.993362
vn 0.2482 0.2412 0.9382
vn -0.0074 0.114796 0.993362
vn 0.0059 0.705994 0.708194
vn 0.0059 0.705994 0.708194
vn -0.328601 0.606501 0.724001
vn 0.087699 0.744987 0.661289
vn -0.0105 0.784297 0.620297
vn -0.0105 0.784297 0.620297
vn -0.811924 0.575117 0.100103
vn -0.787787 -0.61559 -0.021
vn -0.886225 -0.439512 0.146404
vn -0.81088 -0.524187 -0.260194
vn -0.789897 0.498398 -0.357299
vn -0.811924 0.575117 0.100103
vn -0.789897 0.498398 -0.357299
vn -0.458399 0.501699 -0.733599
vn -0.789897 0.498398 -0.357299
vn -0.494002 -0.517202 -0.698902
vn -0.458399 0.501699 -0.733599
vn -0.372992 -0.752284 -0.543089
vn 0.417701 0.467301 0.779202
vn 0.223603 0.851712 0.473907
vn 0.0153 0.851703 0.523802
vn 0.223603 0.851712 0.473907
vn 0.417701 0.467301 0.779202
vn 0.109693 0.62516 0.77275
vn -0.644079 -0.750976 0.145595
vn -0.026201 0.385513 0.92233
vn -0.662953 -0.741048 0.106493
vn 0.157493 0.43478 0.886658
vn -0.026201 0.385513 0.92233
vn -0.644079 -0.750976 0.145595
vn -0.644079 -0.750976 0.145595
vn -0.662953 -0.741048 0.106493
vn 0.903631 0.277909 -0.325911
vn 0.784273 0.331888 -0.524182
vn -0.644079 -0.750976 0.145595
vn -0.592676 -0.776769 0.212991
vn 0.157493 0.43478 0.886658
vn 0.784273 0.331888 -0.524182
vn -0.592676 -0.776769 0.212991
vn -0.644079 -0.750976 0.145595
vn -0.122204 0.519918 0.84543
vn 0.903631 0.277909 -0.325911
vn -0.122204 0.519918 0.84543
vn -0.026201 0.385513 0.92233
vn 0.784273 0.331888 -0.524182
vn 0.157493 0.43478 0.886658
vn -0.76994 -0.622432 0.140607
vn -0.165007 0.67553 0.718632
vn 0.928174 0.239793 -0.284592
vn -0.165007 0.67553 0.718632
vn -0.5459 0.7375 0.3976
vn -0.084801 0.854007 0.513304
vn -0.167995 0.97367 0.154095
vn 0.089603 0.991233 0.097103
vn 0.223603 0.851712 0.473907
vn 0.083797 0.87767 -0.471884
vn -0.337305 0.523507 -0.78241
vn 0.083797 0.87767 -0.471884
vn -0.405723 0.90385 0.135808
vn -0.798495 -0.595296 -0.089599
vn -0.838502 -0.539601 0.0758
vn -0.838502 -0.539601 0.0758
vn -0.798495 -0.595296 -0.089599
vn 0.989904 0.134001 0.0462
vn -0.838502 -0.539601 0.0758
vn -0.82229 -0.562193 0.088199
vn -0.314297 0.889192 0.332497
vn 0.989711 0.121601 -0.075401
vn -0.82229 -0.562193 0.088199
vn -0.314297 0.889192 0.332497
vn -0.393519 0.918843 -0.029501
vn 0.990025 0.113403 0.083602
vn -0.830493 -0.521295 -0.196298
vn -0.830493 -0.521295 -0.196298
vn 0.0153 0.851703 0.523802
vn -0.343095 0.70039 0.625891
vn 0.0153 0.851703 0.523802
vn -0.76994 -0.622432 0.140607
vn 0.928174 0.239793 -0.284592
vn -0.152697 0.98818 -0.0136
vn -0.409586 0.88087 0.237292
vn -0.409586 0.88087 0.237292
vn -0.287405 0.752313 0.59281
vn -0.803517 -0.584612 0.112202
vn -0.803517 -0.584612 0.112202
vn 0.939026 0.218606 -0.265407
vn -0.29921 0.830227 0.470315
vn 0.977394 0.149399 -0.149599
vn -0.29921 0.830227 0.470315
vn -0.287405 0.752313 0.59281
vn -0.165007 0.67553 0.718632
vn 0.939026 0.218606 -0.265407
vn -0.82229 -0.562193 0.088199
vn 0.977394 0.149399 -0.149599
vn 0.977394 0.149399 -0.149599
vn 0.989711 0.121601 -0.075401
vn -0.314297 0.889192 0.332497
vn 0.928174 0.239793 -0.284592
vn 0.989904 0.134001 0.0462
vn -0.405723 0.90385 0.135808
vn 0.990025 0.113403 0.083602
vn -0.393519 0.918843 -0.029501
vn -0.245102 0.954707 -0.168701
vn -0.152697 0.98818 -0.0136
vn -0.245102 0.954707 -0.168701
vn -0.287396 0.81799 -0.498294
vn -0.152697 0.98818 -0.0136
vn -0.011799 0.853857 -0.520374
vn 0.083797 0.87767 -0.471884
vn -0.011799 0.853857 -0.520374
vn -0.592676 -0.776769 0.212991
vn -0.476115 -0.761324 -0.440114
vn -0.1052 -0.0791 0.9913
vn 0.770007 -0.635806 0.0533
vn -0.1052 -0.0791 0.9913
vn 0.678504 0.681904 -0.273202
vn 0.157493 0.43478 0.886658
vn 0.770007 -0.635806 0.0533
vn -0.1052 -0.0791 0.9913
vn 0.678504 0.681904 -0.273202
vn -0.476115 -0.761324 -0.440114
vn 0.770007 -0.635806 0.0533
vn 0.71346 0.341281 -0.611966
vn 0.71346 0.341281 -0.611966
vn 0.678504 0.681904 -0.273202
vn -0.641029 -0.573726 0.509823
vn -0.995359 -0.029499 0.091596
vn -0.304396 0.409795 0.85989
vn -0.995359 -0.029499 0.091596
vn -0.592 0.4264 0.6839
vn -0.592 0.4264 0.6839
vn -0.844107 -0.527105 -0.098201
vn -0.8819 0.1471 0.4479
vn -0.977121 -0.037201 -0.209405
vn -0.928191 0.118599 0.352697
vn -0.995359 -0.029499 0.091596
vn -0.844107 -0.527105 -0.098201
vn -0.977121 -0.037201 -0.209405
vn -0.989128 -0.137404 -0.052401
vn -0.930354 -0.152193 0.333584
vn -0.995359 -0.029499 0.091596
vn -0.977121 -0.037201 -0.209405
vn -0.989128 -0.137404 -0.052401
vn -0.989128 -0.137404 -0.052401
vn -0.988353 -0.130307 0.078604
vn -0.949833 -0.29281 0.109904
vn -0.97422 0.105702 0.199304
vn -0.949833 -0.29281 0.109904
vn -0.995359 -0.029499 0.091596
vn -0.930354 -0.152193 0.333584
vn -0.96663 0.241308 0.086003
vn -0.949833 -0.29281 0.109904
vn -0.930354 -0.152193 0.333584
vn -0.989128 -0.137404 -0.052401
vn -0.949833 -0.29281 0.109904
vn -0.961586 -0.124598 0.244596
vn -0.949833 -0.29281 0.109904
vn -0.961586 -0.124598 0.244596
vn -0.969732 -0.204507 -0.133404
vn -0.954978 -0.236294 -0.179396
vn -0.954978 -0.236294 -0.179396
vn 0.0145 -0.898022 0.439711
vn -0.555914 -0.207905 0.80482
vn -0.479297 -0.832794 0.276998
vn -0.479297 -0.832794 0.276998
vn -0.555914 -0.207905 0.80482
vn -0.747521 -0.656819 0.099003
vn -0.747521 -0.656819 0.099003
vn 0.0145 -0.898022 0.439711
vn -0.479297 -0.832794 0.276998
vn -0.294315 -0.132007 0.946548
vn -0.81098 0.479888 0.334692
vn -0.555914 -0.207905 0.80482
vn -0.81098 0.479888 0.334692
vn -0.294315 -0.132007 0.946548
vn -0.81098 0.479888 0.334692
vn -0.294315 -0.132007 0.946548
vn -0.546132 0.569933 0.613935
vn -0.81098 0.479888 0.334692
vn -0.546132 0.569933 0.613935
vn -0.565103 0.361502 0.741603
vn -0.79284 0.336017 0.508426
vn -0.8819 0.1471 0.4479
vn -0.79284 0.336017 0.508426
vn -0.770143 -0.266715 0.579433
vn -0.740334 0.379717 0.554725
vn -0.740334 0.379717 0.554725
vn -0.770143 -0.266715 0.579433
vn -0.867988 -0.133898 0.478193
vn -0.8819 0.1471 0.4479
vn -0.79284 0.336017 0.508426
vn -0.740334 0.379717 0.554725
vn -0.867988 -0.133898 0.478193
vn -0.8819 0.1471 0.4479
vn -0.740334 0.379717 0.554725
vn -0.015 -0.138801 0.990207
vn -0.294315 -0.132007 0.946548
vn -0.015 -0.138801 0.990207
vn -0.546132 0.569933 0.613935
vn 0.0111 -0.25919 0.965763
vn -0.015 -0.138801 0.990207
vn 0.0111 -0.25919 0.965763
vn 0.0005 0.660089 0.751187
vn -0.151495 0.658277 0.737374
vn -0.151495 0.658277 0.737374
vn 0.0111 -0.25919 0.965763
vn 0.0145 -0.898022 0.439711
vn 0.012201 -0.902642 0.43022
vn 0.0111 -0.25919 0.965763
vn 0.012201 -0.902642 0.43022
vn -0.0033 -0.899014 0.437907
vn 0.028 -0.139602 0.989812
vn 0.028 -0.139602 0.989812
vn -0.015001 -0.89264 0.45052
vn 0.012201 -0.902642 0.43022
vn -0.0033 -0.899014 0.437907
vn -0.427219 -0.203109 0.881039
vn -0.553313 -0.213605 0.805119
vn -0.69121 -0.581608 0.428906
vn -0.903489 -0.356396 0.238097
vn -0.867988 -0.133898 0.478193
vn -0.94253 -0.279809 0.182606
vn -0.867988 -0.133898 0.478193
vn -0.69121 -0.581608 0.428906
vn -0.903489 -0.356396 0.238097
vn -0.151495 0.658277 0.737374
vn -0.267915 0.429024 0.862647
vn -0.565103 0.361502 0.741603
vn -0.471202 -0.186401 0.862104
vn -0.505094 0.067899 0.860389
vn -0.471202 -0.186401 0.862104
vn -0.273409 0.033001 0.961332
vn -0.427219 -0.203109 0.881039
vn -0.505094 0.067899 0.860389
vn -0.505094 0.067899 0.860389
vn -0.471202 -0.186401 0.862104
vn -0.216002 -0.100501 0.971207
vn -0.435197 0.0312 0.899794
vn -0.286712 -0.038602 0.957239
vn -0.105606 -0.310316 0.944749
vn -0.553313 -0.213605 0.805119
vn -0.553313 -0.213605 0.805119
vn -0.105606 -0.310316 0.944749
vn -0.895453 -0.115994 0.429778
vn -0.553313 -0.213605 0.805119
vn -0.427219 -0.203109 0.881039
vn -0.286712 -0.038602 0.957239
vn -0.895453 -0.115994 0.429778
vn -0.903489 -0.356396 0.238097
vn -0.553313 -0.213605 0.805119
vn -0.321817 -0.654934 0.683736
vn -0.467602 -0.730303 0.498002
vn -0.105606 -0.310316 0.944749
vn -0.105606 -0.310316 0.944749
vn -0.467602 -0.730303 0.498002
vn -0.895453 -0.115994 0.429778
vn -0.105606 -0.310316 0.944749
vn -0.286712 -0.038602 0.957239
vn -0.321817 -0.654934 0.683736
vn -0.443294 -0.76579 0.465894
vn -0.443294 -0.76579 0.465894
vn -0.381202 -0.263301 0.886204
vn -0.701577 -0.147895 0.697077
vn -0.360587 -0.725273 0.586478
vn -0.247709 -0.867031 0.432316
vn -0.186004 -0.306806 0.93342
vn -0.247709 -0.867031 0.432316
vn -0.286712 -0.038602 0.957239
vn -0.360587 -0.725273 0.586478
vn -0.273409 0.033001 0.961332
vn 0.0005 0.660089 0.751187
vn -0.0102 0.480592 0.876885
vn 0.151205 0.658622 0.737125
vn 0.151205 0.658622 0.737125
vn 0.276697 -0.321196 0.905689
vn -0.186004 -0.306806 0.93342
vn 0.276697 -0.321196 0.905689
vn 0.340005 0.242903 0.908512
vn 0.068599 0.344196 0.936389
vn -0.381202 -0.263301 0.886204
vn -0.186004 -0.306806 0.93342
vn 0.068599 0.344196 0.936389
vn -0.419996 -0.483995 0.767693
vn 0.0038 -0.233205 0.97242
vn 0.0038 -0.233205 0.97242
vn 0.072201 0.0464 0.99631
vn -0.267915 0.429024 0.862647
vn -0.216002 -0.100501 0.971207
vn -0.0112 -0.089403 0.995933
vn -0.0102 0.480592 0.876885
vn -0.022199 -0.28569 0.958065
vn -0.0112 -0.089403 0.995933
vn -0.435197 0.0312 0.899794
vn -0.022199 -0.28569 0.958065
vn -0.590427 -0.244911 0.769035
vn -0.557079 -0.145194 0.817669
vn -0.419996 -0.483995 0.767693
vn -0.557079 -0.145194 0.817669
vn -0.435197 0.0312 0.899794
vn -0.590427 -0.244911 0.769035
vn 0.258485 0.431775 0.86415
vn 0.204792 -0.101196 0.97356
vn -0.022199 -0.28569 0.958065
vn -0.0112 -0.089403 0.995933
vn 0.204792 -0.101196 0.97356
vn 0.258485 0.431775 0.86415
vn -0.043599 -0.448787 0.892574
vn -0.043599 -0.448787 0.892574
vn -0.022199 -0.28569 0.958065
vn 0.551989 -0.266895 0.789984
vn 0.0038 -0.233205 0.97242
vn -0.590427 -0.244911 0.769035
vn -0.043599 -0.448787 0.892574
vn 0.551989 -0.266895 0.789984
vn 0.0038 -0.233205 0.97242
vn -0.043599 -0.448787 0.892574
vn 0.4253 0.0286 0.9046
vn 0.4253 0.0286 0.9046
vn -0.421184 -0.763872 0.488982
vn -0.419996 -0.483995 0.767693
vn -0.360587 -0.725273 0.586478
vn -0.557079 -0.145194 0.817669
vn -0.421184 -0.763872 0.488982
vn -0.419996 -0.483995 0.767693
vn -0.273409 0.033001 0.961332
vn -0.557079 -0.145194 0.817669
vn -0.360587 -0.725273 0.586478
vn -0.419996 -0.483995 0.767693
vn -0.217598 -0.328797 0.918991
vn 0.072201 0.0464 0.99631
vn 0.0038 -0.233205 0.97242
vn 0.390195 -0.496194 0.77559
vn -0.217598 -0.328797 0.918991
vn 0.0038 -0.233205 0.97242
vn 0.390195 -0.496194 0.77559
vn 0.038299 0.162997 0.985883
vn -0.284291 0.243992 0.927171
vn 0.038299 0.162997 0.985883
vn 0.072201 0.0464 0.99631
vn -0.217598 -0.328797 0.918991
vn -0.844107 -0.527105 -0.098201
vn -0.641029 -0.573726 0.509823
vn -0.867988 -0.133898 0.478193
vn -0.015001 -0.89264 0.45052
vn -0.256396 0.238896 0.936584
vn -0.0074 0.114796 0.993362
vn -0.015001 -0.89264 0.45052
vn -0.641029 -0.573726 0.509823
vn -0.015001 -0.89264 0.45052
vn 0.745833 -0.658929 0.097704
vn 0.63489 -0.577091 0.513692
vn 0.63489 -0.577091 0.513692
vn -0.94253 -0.279809 0.182606
vn -0.988353 -0.130307 0.078604
vn -0.989128 -0.137404 -0.052401
vn -0.961992 -0.151799 0.226998
vn -0.981497 -0.164199 -0.0985
vn -0.969732 -0.204507 -0.133404
vn -0.899896 0.0023 0.436098
vn -0.960223 0.030101 0.277607
vn -0.961992 -0.151799 0.226998
vn -0.960223 0.030101 0.277607
vn -0.981497 -0.164199 -0.0985
vn -0.965593 -0.115099 0.233198
vn -0.883788 0.212997 0.416594
vn -0.905011 0.311304 0.289904
vn -0.960223 0.030101 0.277607
vn -0.960223 0.030101 0.277607
vn -0.905011 0.311304 0.289904
vn -0.978802 0.1996 -0.0459
vn -0.899896 0.0023 0.436098
vn -0.978802 0.1996 -0.0459
vn -0.905011 0.311304 0.289904
vn -0.883788 0.212997 0.416594
vn -0.762012 0.391906 0.515508
vn -0.749 0.5717 0.3349
vn -0.861173 0.507284 -0.032299
vn -0.861173 0.507284 -0.032299
vn -0.978802 0.1996 -0.0459
vn -0.905011 0.311304 0.289904
vn -0.701577 -0.147895 0.697077
vn -0.678011 0.454608 0.57761
vn -0.80716 0.307085 0.504175
vn -0.150404 0.422013 0.894027
vn -0.678011 0.454608 0.57761
vn -0.701577 -0.147895 0.697077
vn -0.381202 -0.263301 0.886204
vn -0.131796 0.460785 0.877671
vn -0.80716 0.307085 0.504175
vn -0.953026 0.149704 0.263307
vn -0.586298 0.299499 0.752698
vn -0.586298 0.299499 0.752698
vn -0.953026 0.149704 0.263307
vn 0.068599 0.344196 0.936389
vn -0.150404 0.422013 0.894027
vn -0.381202 -0.263301 0.886204
vn 0.078796 0.37208 0.92485
vn 0.068599 0.344196 0.936389
vn -0.226212 0.467525 0.854546
vn -0.0051 0.172596 0.984979
vn -0.0114 0.390101 0.920702
vn -0.762012 0.391906 0.515508
vn -0.561119 0.621221 0.547019
vn -0.436489 0.644683 0.627584
vn -0.54003 0.761842 0.35772
vn 0.078796 0.37208 0.92485
vn 0.078796 0.37208 0.92485
vn 0.340005 0.242903 0.908512
vn 0.038299 0.162997 0.985883
vn 0.078796 0.37208 0.92485
vn 0.038299 0.162997 0.985883
vn -0.0051 0.172596 0.984979
vn -0.073997 0.382084 0.92116
vn -0.073997 0.382084 0.92116
vn 0.171603 0.503109 0.847015
vn -0.0114 0.390101 0.920702
vn 0.0133 0.686298 0.727198
vn 0.36452 0.417323 0.832446
vn 0.36452 0.417323 0.832446
vn -0.489704 0.790606 0.367603
vn -0.037401 0.882719 0.46841
vn 0.499809 0.59021 0.633911
vn -0.037401 0.882719 0.46841
vn 0.0133 0.686298 0.727198
vn 0.36452 0.417323 0.832446
vn -0.749 0.5717 0.3349
vn -0.396005 0.914012 0.088101
vn -0.749 0.5717 0.3349
vn -0.54003 0.761842 0.35772
vn -0.54003 0.761842 0.35772
vn -0.489704 0.790606 0.367603
vn -0.396005 0.914012 0.088101
vn -0.717307 0.696707 0.0083
vn -0.717307 0.696707 0.0083
vn -0.489704 0.790606 0.367603
vn -0.037401 0.882719 0.46841
vn -0.360117 0.930344 0.069103
vn -0.0508 0.989295 0.136799
vn 0.499809 0.59021 0.633911
vn 0.440393 0.765388 0.469293
vn 0.399895 0.891588 0.212497
vn -0.609908 0.675608 0.414205
vn -0.609908 0.675608 0.414205
vn -0.96663 0.241308 0.086003
vn -0.954978 -0.236294 -0.179396
vn -0.916879 -0.071598 -0.392691
vn -0.452681 0.890562 -0.044498
vn -0.609908 0.675608 0.414205
vn -0.916879 -0.071598 -0.392691
vn -0.452681 0.890562 -0.044498
vn -0.609908 0.675608 0.414205
vn -0.147396 0.918872 -0.365989
vn 0.049399 0.909077 -0.413689
vn -0.287396 0.81799 -0.498294
vn -0.59113 -0.063903 -0.804041
vn -0.810875 -0.445586 -0.379388
vn -0.59113 -0.063903 -0.804041
vn -0.147396 0.918872 -0.365989
vn 0.0005 0.838501 -0.5449
vn -0.147396 0.918872 -0.365989
vn -0.59113 -0.063903 -0.804041
vn -0.011 -0.248399 -0.968595
vn 0.0005 0.838501 -0.5449
vn 0.049399 0.909077 -0.413689
vn 0.0005 0.838501 -0.5449
vn 0.0065 0.849784 -0.52709
vn 0.156102 0.730611 -0.66471
vn -0.287396 0.81799 -0.498294
vn 0.0158 -0.962873 -0.269492
vn -0.011 -0.248399 -0.968595
vn -0.59113 -0.063903 -0.804041
vn -0.609287 -0.641287 -0.46639
vn -0.609287 -0.641287 -0.46639
vn 0.1462 0.919497 -0.364899
vn 0.473577 -0.113894 -0.873357
vn 0.473577 -0.113894 -0.873357
vn -0.043901 0.909715 -0.412907
vn 0.0065 0.849784 -0.52709
vn 0.0005 0.838501 -0.5449
vn 0.0005 0.838501 -0.5449
vn 0.1462 0.919497 -0.364899
vn -0.043901 0.909715 -0.412907
vn 0.0113 0.691085 -0.722685
vn -0.1465 0.731699 -0.665699
vn 0.0113 0.691085 -0.722685
vn -0.969732 -0.204507 -0.133404
vn -0.981497 -0.164199 -0.0985
vn -0.810875 -0.445586 -0.379388
vn -0.910983 0.030799 -0.411292
vn -0.802334 0.434418 -0.409317
vn -0.910983 0.030799 -0.411292
vn -0.717307 0.696707 0.0083
vn -0.751787 0.57239 -0.327394
vn -0.583021 0.764928 -0.27381
vn -0.583021 0.764928 -0.27381
vn -0.180901 0.968907 -0.168801
vn -0.148299 0.974792 -0.166699
vn -0.0018 0.887399 -0.460999
vn 0.073402 0.948027 -0.309609
vn 0.202707 0.978533 -0.037201
vn -0.81531 0.239203 -0.527306
vn -0.786814 0.089202 -0.610711
vn -0.81531 0.239203 -0.527306
vn -0.655905 0.401503 -0.639205
vn -0.661005 -0.604704 -0.444303
vn -0.661005 -0.604704 -0.444303
vn -0.655905 0.401503 -0.639205
vn 0.065698 -0.995173 -0.072898
vn 0.211796 -0.896781 -0.388492
vn 0.473577 -0.113894 -0.873357
vn 0.0158 -0.962873 -0.269492
vn 0.211796 -0.896781 -0.388492
vn -0.709092 -0.179098 -0.681992
vn -0.194392 0.410582 -0.890861
vn -0.786814 0.089202 -0.610711
vn -0.194392 0.410582 -0.890861
vn -0.20481 0.778239 -0.59363
vn -0.751787 0.57239 -0.327394
vn -0.889517 0.031601 -0.455809
vn 0.74081 0.552307 0.382305
vn 0.073402 0.948027 -0.309609
vn -0.194392 0.410582 -0.890861
vn -0.194392 0.410582 -0.890861
vn 0.073402 0.948027 -0.309609
vn -0.184493 0.904465 -0.384585
vn -0.194392 0.410582 -0.890861
vn -0.709092 -0.179098 -0.681992
vn 0.592581 -0.737876 -0.32309
vn 0.763025 0.442115 0.471516
vn -0.184493 0.904465 -0.384585
vn -0.291391 0.928171 -0.231493
vn -0.555632 0.293917 -0.777744
vn 0.592581 -0.737876 -0.32309
vn -0.490704 0.835907 -0.245902
vn -0.889517 0.031601 -0.455809
vn -0.490704 0.835907 -0.245902
vn -0.709092 -0.179098 -0.681992
vn 0.74081 0.552307 0.382305
vn -0.468904 0.877907 -0.097001
vn -0.468904 0.877907 -0.097001
vn -0.0018 0.887399 -0.460999
vn 0.146593 0.558774 -0.816261
vn -0.596623 -0.163306 -0.78573
vn -0.410322 0.907348 0.091405
vn 0.763025 0.442115 0.471516
vn -0.410322 0.907348 0.091405
vn -0.754811 0.513607 -0.408006
vn -0.754811 0.513607 -0.408006
vn -0.443218 -0.365014 -0.818732
vn -0.407015 -0.066002 -0.911034
vn 0.177499 -0.685096 -0.706496
vn -0.687626 -0.173107 -0.705127
vn -0.844 0.3309 -0.4221
vn -0.646671 -0.383983 -0.65907
vn 0.177499 -0.685096 -0.706496
vn -0.687626 -0.173107 -0.705127
vn -0.941375 0.137896 -0.307892
vn -0.941375 0.137896 -0.307892
vn 0.104098 -0.561387 -0.82098
vn 0.104098 -0.561387 -0.82098
vn 0.841873 -0.273591 -0.465185
vn 0.104098 -0.561387 -0.82098
vn -0.646671 -0.383983 -0.65907
vn 0.321194 -0.209796 -0.923483
vn 0.321194 -0.209796 -0.923483
vn -0.727302 -0.0929 -0.680001
vn -0.468995 -0.806592 -0.359796
vn -0.468995 -0.806592 -0.359796
vn -0.727302 -0.0929 -0.680001
vn -0.148406 -0.013001 -0.988841
vn -0.727302 -0.0929 -0.680001
vn -0.817879 0.041599 -0.573885
vn -0.159295 0.125896 -0.979171
vn -0.148406 -0.013001 -0.988841
vn -0.082599 -0.726395 -0.682296
vn 0.55293 -0.712538 -0.431923
vn -0.082599 -0.726395 -0.682296
vn -0.027599 -0.956479 -0.290494
vn -0.027599 -0.956479 -0.290494
vn 0.46761 0.850218 0.241805
vn -0.027599 -0.956479 -0.290494
vn 0.753609 0.486706 0.441805
vn 0.753609 0.486706 0.441805
vn 0.605087 0.202095 -0.770083
vn 0.605087 0.202095 -0.770083
vn 0.605087 0.202095 -0.770083
vn -0.151103 0.311907 -0.93802
vn 0.086201 0.442506 -0.892613
vn -0.0534 0.135001 -0.989405
vn 0.086201 0.442506 -0.892613
vn -0.720216 0.423209 -0.549712
vn -0.810316 0.074702 -0.581212
vn -0.811904 0.176401 -0.556503
vn -0.151103 0.311907 -0.93802
vn -0.082599 -0.726395 -0.682296
vn 0.716311 -0.0282 -0.697211
vn 0.55293 -0.712538 -0.431923
vn 0.55293 -0.712538 -0.431923
vn 0.716311 -0.0282 -0.697211
vn 0.582122 -0.810531 0.064602
vn -0.148406 -0.013001 -0.988841
vn 0.698924 0.059402 -0.712725
vn 0.716311 -0.0282 -0.697211
vn -0.148406 -0.013001 -0.988841
vn 0.653309 0.205703 -0.72861
vn 0.698924 0.059402 -0.712725
vn -0.151103 0.311907 -0.93802
vn 0.086201 0.442506 -0.892613
vn 0.653309 0.205703 -0.72861
vn 0.839387 0.242996 -0.486192
vn -0.0534 0.135001 -0.989405
vn 0.685816 -0.049101 -0.726117
vn -0.851583 0.49429 0.174596
vn -0.285507 -0.922122 -0.261106
vn -0.851583 0.49429 0.174596
vn -0.285507 -0.922122 -0.261106
vn -0.102898 -0.859781 -0.500189
vn -0.867676 0.407189 0.285192
vn 0.735811 0.612609 0.288604
vn 0.76398 0.537486 0.356991
vn -0.851583 0.49429 0.174596
vn 0.76398 0.537486 0.356991
vn -0.861246 0.497327 -0.104506
vn -0.185196 -0.92168 -0.340893
vn 0.76398 0.537486 0.356991
vn -0.285507 -0.922122 -0.261106
vn -0.861246 0.497327 -0.104506
vn -0.185196 -0.92168 -0.340893
vn -0.285507 -0.922122 -0.261106
vn 0.720475 0.558281 0.411386
vn -0.861246 0.497327 -0.104506
vn 0.720475 0.558281 0.411386
vn -0.722987 0.605589 -0.332494
vn -0.350406 -0.885716 -0.304505
vn -0.722987 0.605589 -0.332494
vn -0.350406 -0.885716 -0.304505
vn -0.185196 -0.92168 -0.340893
vn 0.608677 0.636876 0.473182
vn -0.722987 0.605589 -0.332494
vn 0.608677 0.636876 0.473182
vn -0.317895 -0.909785 -0.266896
vn -0.532191 0.60729 -0.589891
vn -0.317895 -0.909785 -0.266896
vn -0.350406 -0.885716 -0.304505
vn -0.532191 0.60729 -0.589891
vn 0.463397 0.629496 0.623696
vn -0.251398 -0.941892 -0.222798
vn -0.265703 0.536906 -0.800709
vn -0.251398 -0.941892 -0.222798
vn 0.463397 0.629496 0.623696
vn -0.532191 0.60729 -0.589891
vn 0.3841 0.6216 0.6827
vn -0.265703 0.536906 -0.800709
vn 0.3841 0.6216 0.6827
vn -0.252502 -0.940107 -0.229002
vn 0.3841 0.6216 0.6827
vn -0.251398 -0.941892 -0.222798
vn 0.0477 0.446905 -0.893309
vn -0.252502 -0.940107 -0.229002
vn 0.252003 0.694607 0.673807
vn 0.252003 0.694607 0.673807
vn -0.265703 0.536906 -0.800709
vn 0.252003 0.694607 0.673807
vn 0.0477 0.446905 -0.893309
vn -0.0534 0.135001 -0.989405
vn 0.425882 0.197492 -0.882962
vn -0.238992 -0.950767 -0.197293
vn 0.348703 0.349303 -0.869709
vn -0.238992 -0.950767 -0.197293
vn 0.129698 0.731687 0.669188
vn 0.129698 0.731687 0.669188
vn 0.348703 0.349303 -0.869709
vn -0.085398 0.736082 0.671484
vn 0.601271 0.297585 -0.741564
vn -0.216898 -0.949292 -0.227598
vn -0.085398 0.736082 0.671484
vn -0.201607 -0.936134 -0.28811
vn -0.159106 0.781928 0.602722
vn -0.159106 0.781928 0.602722
vn -0.238992 -0.950767 -0.197293
vn 0.348703 0.349303 -0.869709
vn 0.601271 0.297585 -0.741564
vn -0.216898 -0.949292 -0.227598
vn 0.784564 0.273487 -0.556475
vn -0.201607 -0.936134 -0.28811
vn -0.593222 0.617323 0.51672
vn -0.715471 -0.155694 -0.681073
vn -0.679499 -0.2875 0.675
vn -0.679499 -0.2875 0.675
vn -0.715471 -0.155694 -0.681073
vn -0.223807 -0.867926 0.443413
vn -0.679499 -0.2875 0.675
vn 0.633104 0.083 0.769604
vn -0.593222 0.617323 0.51672
vn -0.223807 -0.867926 0.443413
vn 0.633104 0.083 0.769604
vn -0.679499 -0.2875 0.675
vn -0.638193 0.626393 -0.447595
vn -0.284808 -0.781422 -0.555216
vn 0.624992 0.246197 -0.740791
vn -0.284808 -0.781422 -0.555216
vn -0.715471 -0.155694 -0.681073
vn -0.638193 0.626393 -0.447595
vn -0.479501 0.814701 0.3261
vn -0.191497 -0.954883 -0.226996
vn -0.191497 -0.954883 -0.226996
vn -0.479501 0.814701 0.3261
vn 0.978572 0.104197 0.177595
vn 0.978572 0.104197 0.177595
vn -0.553504 0.710705 0.434203
vn -0.191497 -0.954883 -0.226996
vn -0.479501 0.814701 0.3261
vn -0.553504 0.710705 0.434203
vn -0.137801 -0.937307 -0.320103
vn -0.137801 -0.937307 -0.320103
vn 0.976923 0.212805 -0.0183
vn 0.978572 0.104197 0.177595
vn -0.137801 -0.937307 -0.320103
vn -0.175298 -0.94559 -0.274097
vn 0.976923 0.212805 -0.0183
vn -0.137801 -0.937307 -0.320103
vn -0.325897 0.805094 0.495596
vn -0.175298 -0.94559 -0.274097
vn 0.976923 0.212805 -0.0183
vn 0.916302 0.2156 -0.337501
vn -0.325897 0.805094 0.495596
vn 0.916302 0.2156 -0.337501
vn -0.159106 0.781928 0.602722
vn -0.201607 -0.936134 -0.28811
vn -0.159106 0.781928 0.602722
vn 0.784564 0.273487 -0.556475
vn 0.784564 0.273487 -0.556475
vn 0.422783 0.827666 0.369085
vn 0.624992 0.246197 -0.740791
vn 0.422783 0.827666 0.369085
vn 0.633104 0.083 0.769604
vn 0.704202 -0.618302 0.349001
vn 0.704202 -0.618302 0.349001
vn -0.593222 0.617323 0.51672
vn 0.422783 0.827666 0.369085
vn -0.638193 0.626393 -0.447595
vn 0.159107 0.86354 -0.478522
vn 0.159107 0.86354 -0.478522
vn -0.223807 -0.867926 0.443413
vn -0.284808 -0.781422 -0.555216
vn 0.704202 -0.618302 0.349001
vn 0.644911 -0.56531 -0.514309
vn 0.644911 -0.56531 -0.514309
vn 0.644911 -0.56531 -0.514309
vn 0.159107 0.86354 -0.478522
vn -0.779199 -0.3558 0.515999
vn -0.091404 -0.853135 0.513621
vn 0.589097 -0.458198 0.665597
vn -0.80421 -0.390905 -0.447705
vn -0.091404 -0.853135 0.513621
vn -0.779199 -0.3558 0.515999
vn -0.589097 0.458198 0.665597
vn -0.779199 -0.3558 0.515999
vn -0.589097 0.458198 0.665597
vn -0.80421 -0.390905 -0.447705
vn -0.119795 -0.890966 -0.437983
vn 0.589097 -0.458198 0.665597
vn -0.091404 -0.853135 0.513621
vn -0.119795 -0.890966 -0.437983
vn -0.589097 0.458198 0.665597
vn 0.589097 -0.458198 0.665597
vn 0.779199 0.3558 0.515999
vn 0.091404 0.853135 0.513621
vn -0.589097 0.458198 0.665597
vn 0.091404 0.853135 0.513621
vn -0.554233 0.440026 -0.706542
vn -0.554233 0.440026 -0.706542
vn 0.554303 -0.440002 -0.706503
vn 0.779199 0.3558 0.515999
vn 0.589097 -0.458198 0.665597
vn 0.554303 -0.440002 -0.706503
vn 0.091404 0.853135 0.513621
vn 0.779199 0.3558 0.515999
vn 0.80421 0.390905 -0.447705
vn 0.119795 0.890966 -0.437983
vn 0.119795 0.890966 -0.437983
vn 0.80421 0.390905 -0.447705
vn -0.554233 0.440026 -0.706542
vn -0.119795 -0.890966 -0.437983
vn -0.80421 -0.390905 -0.447705
vn 0.554303 -0.440002 -0.706503
vn 0.119795 0.890966 -0.437983
vn 0.554303 -0.440002 -0.706503
vn -0.554233 0.440026 -0.706542
vn 0.554303 -0.440002 -0.706503
vn 0.119795 0.890966 -0.437983
vn 0.80421 0.390905 -0.447705
vn -0.363814 -0.367214 -0.856033
vn -0.363814 -0.367214 -0.856033
vn -0.363814 -0.367214 -0.856033
vn -0.438498 -0.270699 -0.856996
vn -0.342395 -0.375894 -0.861086
vn -0.108705 -0.613427 -0.782234
vn -0.667234 -0.20481 -0.716136
vn -0.442276 0.55267 -0.706362
vn -0.438498 -0.270699 -0.856996
vn -0.162598 0.411496 -0.89679
vn -0.442276 0.55267 -0.706362
vn -0.139602 0.432806 -0.890612
vn -0.162598 0.411496 -0.89679
vn -0.458399 0.501699 -0.733599
vn -0.342395 -0.375894 -0.861086
vn -0.34828 -0.712559 -0.609065
vn -0.0025 -0.270108 -0.962827
vn -0.0042 -0.700874 -0.713273
vn -0.0042 -0.700874 -0.713273
vn -0.0025 -0.270108 -0.962827
vn 0.344207 -0.713214 -0.610612
vn -0.0017 0.391286 -0.920267
vn 0.161404 0.410809 -0.897321
vn 0.340704 -0.376004 -0.861709
vn 0.340704 -0.376004 -0.861709
vn -0.0009 0.481596 -0.876393
vn 0.0011 -0.337685 -0.941258
vn -0.0009 0.481596 -0.876393
vn -0.139602 0.432806 -0.890612
vn -0.458399 0.501699 -0.733599
vn -0.494002 -0.517202 -0.698902
vn -0.082099 -0.424095 -0.901889
vn -0.0017 0.391286 -0.920267
vn 0.161404 0.410809 -0.897321
vn 0.138597 0.433191 -0.890582
vn 0.138597 0.433191 -0.890582
vn -0.457992 -0.57259 -0.679988
vn -0.457992 -0.57259 -0.679988
vn 0.975258 -0.123295 0.183492
vn -0.443594 0.865088 0.234197
vn 0.975258 -0.123295 0.183492
vn -0.443594 0.865088 0.234197
vn -0.344798 -0.484797 -0.803795
vn -0.344798 -0.484797 -0.803795
vn -0.972582 0.0111 -0.232296
vn -0.748027 0.381414 -0.54312
vn -0.748027 0.381414 -0.54312
vn 0.923427 -0.248907 0.292109
vn 0.923427 -0.248907 0.292109
vn -0.183592 0.969057 -0.164993
vn -0.162496 0.751181 -0.639783
vn -0.748027 0.381414 -0.54312
vn -0.162496 0.751181 -0.639783
vn -0.313191 0.036899 -0.948973
vn -0.231692 0.924269 0.30339
vn 0.792098 -0.435199 0.427999
vn 0.792098 -0.435199 0.427999
vn -0.231692 0.924269 0.30339
vn -0.326316 -0.40702 -0.853143
vn -0.326316 -0.40702 -0.853143
vn 0.792098 -0.435199 0.427999
vn -0.326316 -0.40702 -0.853143
vn -0.094703 -0.423715 -0.900831
vn -0.169801 0.943307 0.285202
vn -0.231692 0.924269 0.30339
vn 0.792098 -0.435199 0.427999
vn 0.618127 -0.418318 0.665529
vn -0.094703 -0.423715 -0.900831
vn 0.618127 -0.418318 0.665529
vn 0.792098 -0.435199 0.427999
vn -0.169801 0.943307 0.285202
vn -0.094703 -0.423715 -0.900831
vn 0.884423 0.320308 -0.339409
vn 0.618127 -0.418318 0.665529
vn -0.094703 -0.423715 -0.900831
vn 0.884423 0.320308 -0.339409
vn 0.884423 0.320308 -0.339409
vn -0.039899 0.592491 -0.804588
vn -0.162496 0.751181 -0.639783
vn -0.183592 0.969057 -0.164993
vn -0.507309 0.848715 -0.149403
vn 0.130204 0.500614 -0.855823
vn 0.130204 0.500614 -0.855823
vn -0.87637 0.209093 -0.433885
vn -0.039899 0.592491 -0.804588
vn -0.507309 0.848715 -0.149403
vn -0.039899 0.592491 -0.804588
vn -0.404887 0.067498 -0.911872
vn 0.419699 0.2495 -0.872698
vn -0.404887 0.067498 -0.911872
vn 0.419699 0.2495 -0.872698
vn -0.039899 0.592491 -0.804588
vn 0.502602 0.311101 -0.806603
vn 0.502602 0.311101 -0.806603
vn 0.866518 -0.0153 -0.498911
vn 0.419699 0.2495 -0.872698
vn 0.248698 -0.281098 -0.926894
vn 0.865429 0.249808 -0.434314
vn 0.866518 -0.0153 -0.498911
vn 0.660907 -0.632506 -0.403904
vn 0.248698 -0.281098 -0.926894
vn -0.296786 0.406381 -0.86416
vn -0.296786 0.406381 -0.86416
vn 0.502602 0.311101 -0.806603
vn 0.865429 0.249808 -0.434314
vn 0.269907 -0.093603 -0.958326
vn 0.269907 -0.093603 -0.958326
vn -0.454407 0.135602 -0.880413
vn -0.296786 0.406381 -0.86416
vn -0.454407 0.135602 -0.880413
vn -0.020299 -0.123197 -0.992175
vn -0.020299 -0.123197 -0.992175
vn -0.50727 -0.137492 -0.850749
vn -0.454407 0.135602 -0.880413
vn -0.588974 0.22199 -0.777065
vn -0.588974 0.22199 -0.777065
vn -0.50727 -0.137492 -0.850749
vn -0.801985 -0.050699 -0.595189
vn -0.454407 0.135602 -0.880413
vn -0.117304 -0.356414 -0.926935
vn -0.117304 -0.356414 -0.926935
vn -0.020299 -0.123197 -0.992175
vn -0.454407 0.135602 -0.880413
vn 0.0429 -0.0132 -0.998992
vn -0.337305 0.523507 -0.78241
vn -0.649212 0.095302 0.754614
vn -0.57952 -0.722925 -0.376213
vn -0.756411 -0.490607 0.432606
vn -0.756411 -0.490607 0.432606
vn -0.57952 -0.722925 -0.376213
vn 0.351698 -0.780796 0.516397
vn 0.351698 -0.780796 0.516397
vn -0.649212 0.095302 0.754614
vn -0.756411 -0.490607 0.432606
vn -0.57952 -0.722925 -0.376213
vn -0.649212 0.095302 0.754614
vn -0.629825 0.115305 -0.768131
vn 0.333992 -0.81438 -0.474588
vn -0.629825 0.115305 -0.768131
vn 0.333992 -0.81438 -0.474588
vn -0.57952 -0.722925 -0.376213
vn -0.649212 0.095302 0.754614
vn 0.351698 -0.780796 0.516397
vn 0.707974 -0.132095 0.693775
vn -0.649212 0.095302 0.754614
vn 0.707974 -0.132095 0.693775
vn 0.582577 0.635675 0.50648
vn -0.282096 0.734589 0.617091
vn -0.431495 0.85889 -0.275897
vn -0.282096 0.734589 0.617091
vn 0.351698 -0.780796 0.516397
vn 0.333992 -0.81438 -0.474588
vn 0.707974 -0.132095 0.693775
vn 0.729591 -0.129598 -0.671492
vn 0.729591 -0.129598 -0.671492
vn 0.578607 0.683508 -0.445006
vn 0.582577 0.635675 0.50648
vn 0.707974 -0.132095 0.693775
vn 0.729591 -0.129598 -0.671492
vn -0.431495 0.85889 -0.275897
vn 0.582577 0.635675 0.50648
vn 0.578607 0.683508 -0.445006
vn -0.282096 0.734589 0.617091
vn -0.431495 0.85889 -0.275897
vn 0.578607 0.683508 -0.445006
vn -0.621579 -0.774474 -0.117596
vn 0.005 -0.853298 0.521399
vn -0.234502 -0.108801 0.966008
vn 0.774496 -0.603997 0.187999
vn 0.005 -0.853298 0.521399
vn -0.621579 -0.774474 -0.117596
vn -0.929194 -0.125599 0.347598
vn -0.621579 -0.774474 -0.117596
vn -0.929194 -0.125599 0.347598
vn -0.279198 -0.486797 -0.827694
vn -0.279198 -0.486797 -0.827694
vn 0.774496 -0.603997 0.187999
vn -0.234502 -0.108801 0.966008
vn 0.005 -0.853298 0.521399
vn -0.929194 -0.125599 0.347598
vn -0.234502 -0.108801 0.966008
vn -0.788914 0.609711 -0.076601
vn -0.788914 0.609711 -0.076601
vn 0.273599 0.545498 0.792197
vn 0.273599 0.545498 0.792197
vn -0.788914 0.609711 -0.076601
vn 0.273599 0.545498 0.792197
vn -0.071804 0.813346 -0.577332
vn -0.071804 0.813346 -0.577332
vn -0.279198 -0.486797 -0.827694
vn -0.788914 0.609711 -0.076601
vn 0.50511 0.854216 0.123202
vn 0.273599 0.545498 0.792197
vn 0.774496 -0.603997 0.187999
vn 0.50511 0.854216 0.123202
vn 0.350094 0.095998 -0.931783
vn -0.279198 -0.486797 -0.827694
vn 0.350094 0.095998 -0.931783
vn 0.923409 0.116201 -0.365804
vn 0.774496 -0.603997 0.187999
vn 0.350094 0.095998 -0.931783
vn -0.071804 0.813346 -0.577332
vn 0.50511 0.854216 0.123202
vn 0.923409 0.116201 -0.365804
vn 0.923409 0.116201 -0.365804
vn -0.113399 -0.758193 -0.642094
vn -0.752508 -0.208802 -0.624607
vn -0.752508 -0.208802 -0.624607
vn -0.059898 0.985169 0.160795
vn -0.059898 0.985169 0.160795
vn 0.752582 -0.495688 0.43349
vn 0.752582 -0.495688 0.43349
vn -0.579081 -0.30399 -0.756475
vn -0.579081 -0.30399 -0.756475
vn -0.111897 0.989869 0.087397
vn 0.691305 -0.459903 0.557304
vn 0.691305 -0.459903 0.557304
vn -0.111897 0.989869 0.087397
vn -0.546881 -0.442884 -0.710475
vn -0.115499 -0.318698 -0.940793
vn -0.438322 -0.114106 -0.891545
vn -0.546881 -0.442884 -0.710475
vn -0.438322 -0.114106 -0.891545
vn -0.1249 -0.1424 -0.981897
vn -0.122397 -0.478387 -0.869577
vn -0.122397 -0.478387 -0.869577
vn -0.33659 -0.349289 -0.874474
vn -0.122106 0.992246 -0.023201
vn -0.33659 -0.349289 -0.874474
vn -0.122106 0.992246 -0.023201
vn 0.567679 -0.304989 0.764672
vn 0.567679 -0.304989 0.764672
vn -0.115499 -0.318698 -0.940793
vn -0.117304 -0.356414 -0.926935
vn -0.115499 -0.318698 -0.940793
vn -0.020299 -0.123197 -0.992175
vn -0.115499 -0.318698 -0.940793
vn 0.0429 -0.0132 -0.998992
vn -0.043199 0.0142 -0.998966
vn -0.043199 0.0142 -0.998966
vn -0.115499 -0.318698 -0.940793
vn 0.176098 0.461495 -0.86949
vn -0.043199 0.0142 -0.998966
vn -0.157103 0.160703 -0.974419
vn 0.073397 0.45578 -0.887061
vn 0.176098 0.461495 -0.86949
vn 0.073397 0.45578 -0.887061
vn -0.043199 0.0142 -0.998966
vn 0.062702 -0.990336 -0.123705
vn -0.382414 -0.663924 0.642623
vn -0.975192 -0.221298 0.0052
vn -0.975192 -0.221298 0.0052
vn -0.382414 -0.663924 0.642623
vn -0.807614 0.57391 0.135602
vn -0.303109 -0.560317 -0.770824
vn -0.975192 -0.221298 0.0052
vn -0.807614 0.57391 0.135602
vn -0.164004 0.066402 -0.984222
vn -0.303109 -0.560317 -0.770824
vn -0.382414 -0.663924 0.642623
vn 0.062702 -0.990336 -0.123705
vn 0.813545 -0.581432 0.009
vn 0.050202 0.0025 0.998736
vn 0.050202 0.0025 0.998736
vn 0.062702 -0.990336 -0.123705
vn -0.303109 -0.560317 -0.770824
vn -0.164004 0.066402 -0.984222
vn 0.813545 -0.581432 0.009
vn 0.535121 0.557922 0.634325
vn -0.807614 0.57391 0.135602
vn 0.050202 0.0025 0.998736
vn 0.535121 0.557922 0.634325
vn -0.070299 0.997484 -0.0092
vn -0.070299 0.997484 -0.0092
vn 0.890547 0.286515 -0.353319
vn 0.192905 0.630518 -0.751821
vn 0.192905 0.630518 -0.751821
vn 0.890547 0.286515 -0.353319
vn -0.164004 0.066402 -0.984222
vn -0.494002 -0.517202 -0.698902
vn -0.372992 -0.752284 -0.543089
vn -0.082099 -0.424095 -0.901889
vn -0.372992 -0.752284 -0.543089
vn -0.122397 -0.478387 -0.869577
vn -0.082099 -0.424095 -0.901889
vn -0.071199 0.99568 -0.059599
vn -0.071199 0.99568 -0.059599
vn 0.480303 -0.339802 0.808606
vn 0.480303 -0.339802 0.808606
vn -0.193091 -0.379882 -0.904658
vn -0.193091 -0.379882 -0.904658
vn -0.0076 -0.21151 -0.977346
vn -0.071199 0.99568 -0.059599
vn 0.480303 -0.339802 0.808606
vn -0.020699 0.999772 -0.0052
vn -0.071199 0.99568 -0.059599
vn -0.020699 0.999772 -0.0052
vn -0.0076 -0.21151 -0.977346
vn 0.344708 -0.189804 0.919321
vn -0.0076 -0.21151 -0.977346
vn 0.344708 -0.189804 0.919321
vn 0.253709 -0.454916 -0.85363
vn 0.338095 -0.181797 -0.923386
vn 0.338095 -0.181797 -0.923386
vn 0.987507 0.0495 -0.149601
vn 0.987507 0.0495 -0.149601
vn 0.987507 0.0495 -0.149601
vn 0.0011 -0.337685 -0.941258
vn 0.0152 -0.391604 -0.920008
vn 0.0011 -0.337685 -0.941258
vn 0.0152 -0.391604 -0.920008
vn -0.239692 -0.456984 -0.856571
vn 0.082103 -0.424215 -0.901832
vn -0.239692 -0.456984 -0.856571
vn 0.082103 -0.424215 -0.901832
vn 0.0011 -0.337685 -0.941258
vn 0.020801 -0.229307 -0.973132
vn 0.020801 -0.229307 -0.973132
vn 0.279995 0.139697 -0.949783
vn 0.236997 0.442295 -0.86499
vn -0.166692 0.481478 -0.860461
vn 0.0184 0.118498 -0.992784
vn 0.279995 0.139697 -0.949783
vn 0.020801 -0.229307 -0.973132
vn 0.0184 0.118498 -0.992784
vn -0.319705 -0.182803 -0.929716
vn -0.319705 -0.182803 -0.929716
vn -0.239692 -0.456984 -0.856571
vn 0.020801 -0.229307 -0.973132
vn 0.014701 0.447725 -0.89405
vn 0.0184 0.118498 -0.992784
vn 0.279995 0.139697 -0.949783
vn 0.236997 0.442295 -0.86499
vn 0.014701 0.447725 -0.89405
vn -0.26431 0.139905 -0.954236
vn 0.890547 0.286515 -0.353319
vn 0.890547 0.286515 -0.353319
vn -0.070299 0.997484 -0.0092
vn 0.535121 0.557922 0.634325
vn -0.070299 0.997484 -0.0092
vn 0.890547 0.286515 -0.353319
vn 0.192905 0.630518 -0.751821
vn -0.337305 0.523507 -0.78241
vn 0.176098 0.461495 -0.86949
vn -0.32411 0.932629 -0.158605
vn 0.963882 0.101098 0.246395
vn -0.78598 -0.556086 -0.270193
vn -0.78598 -0.556086 -0.270193
vn 0.073397 0.45578 -0.887061
vn 0.073397 0.45578 -0.887061
vn -0.166692 0.481478 -0.860461
vn 0.963882 0.101098 0.246395
vn -0.32411 0.932629 -0.158605
vn -0.309106 0.898217 -0.312506
vn -0.756068 -0.559076 -0.340286
vn 0.941472 0.167395 0.292591
vn -0.756068 -0.559076 -0.340286
vn 0.941472 0.167395 0.292591
vn -0.309106 0.898217 -0.312506
vn 0.822977 0.084298 0.561785
vn -0.183603 0.903313 -0.387706
vn -0.183603 0.903313 -0.387706
vn 0.822977 0.084298 0.561785
vn -0.64421 -0.61831 -0.450207
vn -0.64421 -0.61831 -0.450207
vn -0.095898 0.856779 -0.506688
vn 0.817806 0.100201 0.566704
vn -0.571602 -0.579202 -0.581202
vn -0.571602 -0.579202 -0.581202
vn 0.817806 0.100201 0.566704
vn -0.095898 0.856779 -0.506688
vn -0.571602 -0.579202 -0.581202
vn -0.095898 0.856779 -0.506688
vn -0.0129 0.810791 -0.585194
vn -0.46769 -0.656186 -0.592187
vn 0.690218 0.158104 0.706118
vn -0.46769 -0.656186 -0.592187
vn 0.690218 0.158104 0.706118
vn -0.0129 0.810791 -0.585194
vn -0.166692 0.481478 -0.860461
vn -0.422086 -0.58508 -0.692477
vn 0.690218 0.158104 0.706118
vn -0.46769 -0.656186 -0.592187
vn -0.422086 -0.58508 -0.692477
vn 0.220997 0.856689 -0.466094
vn 0.496724 -0.078604 0.864342
vn 0.496724 -0.078604 0.864342
vn 0.220997 0.856689 -0.466094
vn 0.690218 0.158104 0.706118
vn 0.220997 0.856689 -0.466094
vn 0.014701 0.447725 -0.89405
vn -0.224406 0.443113 -0.867925
vn -0.224406 0.443113 -0.867925
vn -0.639315 0.275707 -0.717817
vn -0.154505 -0.987733 -0.022601
vn -0.154505 -0.987733 -0.022601
vn 0.361513 0.805928 -0.468816
vn -0.639315 0.275707 -0.717817
vn -0.709092 -0.179098 -0.681992
vn -0.596623 -0.163306 -0.78573
vn 0.592581 -0.737876 -0.32309
vn -0.447508 0.039301 -0.893416
vn -0.447508 0.039301 -0.893416
vn 0.592581 -0.737876 -0.32309
vn -0.596623 -0.163306 -0.78573
vn 0.87511 -0.365204 -0.317504
vn 0.87511 -0.365204 -0.317504
vn 0.87511 -0.365204 -0.317504
vn -0.502696 0.788794 0.353697
vn -0.974639 0.042502 0.219709
vn -0.962918 0.137202 0.232304
vn -0.962918 0.137202 0.232304
vn -0.974639 0.042502 0.219709
vn -0.665799 -0.742999 0.0683
vn -0.583982 -0.781976 0.217893
vn -0.914796 0.0589 0.399598
vn -0.4755 0.786301 0.3945
vn -0.502696 0.788794 0.353697
vn -0.934564 -0.123195 0.333787
vn -0.152198 -0.649593 -0.744892
vn -0.932269 -0.139495 0.333789
vn -0.0475 -0.958297 -0.281799
vn -0.914788 -0.092099 0.393295
vn -0.941124 0.128203 0.312808
vn 0.087302 -0.829519 -0.551613
vn 0.394687 0.777074 0.490284
vn 0.288809 0.613219 0.735223
vn -0.942691 0.048 0.330197
vn -0.914067 -0.27489 0.298189
vn 0.087302 -0.829519 -0.551613
vn -0.941124 0.128203 0.312808
vn -0.233796 0.669787 -0.704787
vn -0.914067 -0.27489 0.298189
vn -0.905593 -0.0446 0.421797
vn -0.196902 -0.632507 -0.749109
vn -0.920524 -0.116503 0.37291
vn -0.049 -0.681901 -0.729801
vn -0.548196 0.405097 -0.731695
vn -0.589399 -0.799499 0.1158
vn -0.985231 -0.171105 -0.0065
vn 0.019401 -0.998843 0.044002
vn -0.665799 -0.742999 0.0683
vn -0.589399 -0.799499 0.1158
vn 0.55971 -0.702912 -0.438908
vn 0.492693 -0.809588 -0.319095
vn -0.582122 -0.810531 0.064602
vn -0.582122 -0.810531 0.064602
vn -0.827273 -0.125596 0.547582
vn 0.252192 -0.952269 0.171994
vn 0.310288 -0.867865 0.387984
vn -0.862903 -0.0565 0.502202
vn 0.489517 -0.533918 0.689424
vn -0.892334 -0.145106 0.427416
vn 0.541213 -0.301907 0.784819
vn 0.57923 0.37912 0.721638
vn -0.855918 -0.178004 0.48551
vn -0.855918 -0.178004 0.48551
vn -0.541607 -0.133202 -0.830011
vn 0.541213 -0.301907 0.784819
vn -0.864263 0.036998 0.501678
vn -0.231399 -0.469998 -0.851796
vn 0.450808 0.0027 0.892617
vn -0.832989 -0.0315 0.552393
vn 0.433717 0.564222 0.702527
vn -0.815975 -0.0023 0.578082
vn -0.8026 0.2749 0.5294
vn -0.993764 -0.109996 0.018299
vn -0.881832 -0.191307 0.431016
vn -0.541607 -0.133202 -0.830011
vn -0.943701 0 0.3308
vn 0.301508 0.834823 0.460612
vn -0.866833 -0.075703 0.492819
vn -0.909292 -0.0196 0.415696
vn -0.0187 0.999818 0.0038
vn -0.895148 -0.126907 0.427323
vn 0.0206 0.993302 0.1137
vn -0.914792 0.0433 0.401597
vn -0.354689 0.688779 -0.632281
vn -0.916122 -0.058501 0.396609
vn -0.849413 -0.0256 0.527108
vn -0.814285 -0.058699 0.577489
vn 0.593891 0.804488 0.0096
vn 0.335301 -0.872504 -0.355401
vn -0.814285 -0.058699 0.577489
vn -0.849413 -0.0256 0.527108
vn -0.849413 -0.0256 0.527108
vn 0.593891 0.804488 0.0096
vn 0.644512 0.764414 0.0166
vn 0.189301 -0.923005 -0.335002
vn -0.849413 -0.0256 0.527108
vn 0.644512 0.764414 0.0166
vn -0.899315 0.141702 0.413707
vn -0.899315 0.141702 0.413707
vn 0.290892 0.838376 0.460987
vn -0.862783 0.038699 0.50409
vn -0.767324 -0.030801 0.64052
vn 0.363902 0.931405 0.0078
vn 0.150704 0.988127 0.029901
vn 0.076499 -0.919993 -0.384397
vn 0.2548 -0.7867 -0.5623
vn -0.767324 -0.030801 0.64052
vn -0.767324 -0.030801 0.64052
vn 0.2548 -0.7867 -0.5623
vn -0.628579 -0.262591 0.732075
vn -0.628579 -0.262591 0.732075
vn -0.936054 -0.229989 0.266287
vn -0.987284 -0.150698 0.050599
vn -0.7335 -0.335 0.5914
vn -0.290504 -0.285104 0.913413
vn -0.688701 -0.592001 0.418601
vn -0.278901 -0.439002 0.854103
vn -0.688701 -0.592001 0.418601
vn -0.7335 -0.335 0.5914
vn -0.278901 -0.439002 0.854103
vn 0.363902 0.931405 0.0078
vn 0.2548 -0.7867 -0.5623
vn 0.593891 0.804488 0.0096
vn 0.234905 -0.637213 -0.734015
vn 0.2548 -0.7867 -0.5623
vn 0.363902 0.931405 0.0078
vn 0.150704 0.988127 0.029901
vn 0.2548 -0.7867 -0.5623
vn 0.076499 -0.919993 -0.384397
vn 0.593891 0.804488 0.0096
vn 0.234905 -0.637213 -0.734015
vn -0.969548 -0.013801 -0.244512
vn -0.987284 -0.150698 0.050599
vn -0.969548 -0.013801 -0.244512
vn -0.839387 0.242996 -0.486192
vn -0.698924 0.059402 -0.712725
vn -0.993764 -0.109996 0.018299
vn -0.987284 -0.150698 0.050599
vn -0.653309 0.205703 -0.72861
vn -0.653309 0.205703 -0.72861
vn -0.839202 -0.510401 -0.1877
vn -0.969548 -0.013801 -0.244512
vn -0.936054 -0.229989 0.266287
vn -0.839202 -0.510401 -0.1877
vn 0.644512 0.764414 0.0166
vn 0.593891 0.804488 0.0096
vn 0.076499 -0.919993 -0.384397
vn 0.335301 -0.872504 -0.355401
vn 0.558627 0.802339 0.21021
vn 0.189301 -0.923005 -0.335002
vn 0.558627 0.802339 0.21021
vn -0.685816 -0.049101 -0.726117
vn -0.685816 -0.049101 -0.726117
vn -0.989 0.1479 0.0019
vn -0.955809 -0.0411 -0.291103
vn -0.933228 -0.218107 0.285509
vn -0.729392 0.366096 -0.577894
vn -0.955809 -0.0411 -0.291103
vn -0.989 0.1479 0.0019
vn -0.900302 0.0781 0.428201
vn -0.820705 0.555003 -0.135701
vn -0.820705 0.555003 -0.135701
vn -0.893381 -0.417391 -0.166296
vn -0.691884 -0.024799 -0.721583
vn -0.893381 -0.417391 -0.166296
vn -0.955809 -0.0411 -0.291103
vn -0.691884 -0.024799 -0.721583
vn -0.431494 -0.623892 0.651592
vn -0.408317 -0.415817 0.812634
vn -0.608906 -0.452805 0.651307
vn -0.721911 -0.135402 0.67861
vn -0.702078 -0.630081 0.33179
vn -0.608906 -0.452805 0.651307
vn -0.721911 -0.135402 0.67861
vn -0.702078 -0.630081 0.33179
vn -0.046198 -0.607377 0.79307
vn -0.535199 -0.0396 0.843798
vn -0.584306 -0.380304 0.716907
vn 0.0095 -0.329801 0.944003
vn -0.535199 -0.0396 0.843798
vn -0.784125 0.366512 0.500816
vn -0.584306 -0.380304 0.716907
vn -0.784125 0.366512 0.500816
vn -0.535199 -0.0396 0.843798
vn -0.947629 -0.140904 0.286609
vn -0.784125 0.366512 0.500816
vn -0.947629 -0.140904 0.286609
vn -0.836378 0.36929 -0.405089
vn -0.947629 -0.140904 0.286609
vn -0.584306 -0.380304 0.716907
vn -0.763423 -0.636719 0.108503
vn -0.642895 -0.537496 -0.545696
vn -0.836378 0.36929 -0.405089
vn -0.028 -0.385906 0.922113
vn -0.546999 -0.599099 0.584699
vn -0.584306 -0.380304 0.716907
vn -0.603106 -0.610306 0.513605
vn -0.584306 -0.380304 0.716907
vn 0.0095 -0.329801 0.944003
vn -0.028 -0.385906 0.922113
vn -0.603106 -0.610306 0.513605
vn -0.763423 -0.636719 0.108503
vn -0.584306 -0.380304 0.716907
vn 0.248886 -0.733257 0.632763
vn -0.149199 -0.617996 0.771894
vn -0.180905 -0.196706 0.963629
vn -0.307603 -0.330403 0.892308
vn -0.702078 -0.630081 0.33179
vn -0.688701 -0.592001 0.418601
vn -0.723392 -0.350096 -0.595094
vn -0.425882 0.197492 -0.882962
vn -0.685816 -0.049101 -0.726117
vn -0.723392 -0.350096 -0.595094
vn -0.691884 -0.024799 -0.721583
vn -0.320097 0.715994 -0.620395
vn -0.425882 0.197492 -0.882962
vn -0.729392 0.366096 -0.577894
vn -0.45358 -0.736467 0.501878
vn 0.730398 -0.675998 0.0977
vn -0.45358 -0.736467 0.501878
vn -0.583982 -0.781976 0.217893
vn 0.0074 -0.99903 0.043401
vn -0.703595 0.0642 0.707695
vn -0.4755 0.786301 0.3945
vn -0.703595 0.0642 0.707695
vn -0.296806 0.767416 0.568312
vn -0.4755 0.786301 0.3945
vn -0.296806 0.767416 0.568312
vn 0.623019 0.759523 0.187006
vn 0.145798 0.919285 0.365594
vn -0.502696 0.788794 0.353697
vn -0.45358 -0.736467 0.501878
vn 0.0094 -0.691201 0.722601
vn -0.110399 0.0371 0.993195
vn 0.0094 -0.691201 0.722601
vn -0.703595 0.0642 0.707695
vn 0.675504 0.0681 0.734205
vn -0.110399 0.0371 0.993195
vn 0.0094 -0.691201 0.722601
vn 0.383515 -0.699227 0.603323
vn 0.383515 -0.699227 0.603323
vn -0.110399 0.0371 0.993195
vn 0.0535 0.479896 0.875693
vn 0.0535 0.479896 0.875693
vn 0.0535 0.479896 0.875693
vn 0.490288 0.524487 0.696083
vn 0.490288 0.524487 0.696083
vn 0.145798 0.919285 0.365594
vn 0.623019 0.759523 0.187006
vn 0.991605 0.107801 0.0714
vn 0.40911 0.044001 0.911423
vn 0.40911 0.044001 0.911423
vn -0.238289 0.654569 0.717466
vn 0.145798 0.919285 0.365594
vn -0.238289 0.654569 0.717466
vn 0.227298 0.935993 0.268798
vn 0.232701 0.906106 0.353302
vn 0.730398 -0.675998 0.0977
vn 0.675504 0.0681 0.734205
vn 0.383515 -0.699227 0.603323
vn 0.623019 0.759523 0.187006
vn 0.490288 0.524487 0.696083
vn 0.675504 0.0681 0.734205
vn 0.991605 0.107801 0.0714
vn 0.991605 0.107801 0.0714
vn 0.730398 -0.675998 0.0977
vn 0.0074 -0.99903 0.043401
vn -0.5241 -0.0359 0.8509
vn 0.124195 -0.080797 0.988963
vn -0.238289 0.654569 0.717466
vn -0.5241 -0.0359 0.8509
vn 0.0074 -0.99903 0.043401
vn -0.312994 -0.740286 0.594989
vn -0.5241 -0.0359 0.8509
vn -0.312994 -0.740286 0.594989
vn 0.124195 -0.080797 0.988963
vn 0.675804 0.712305 0.189501
vn 0.181003 0.440507 0.879313
vn -0.238289 0.654569 0.717466
vn 0.181003 0.440507 0.879313
vn 0.675804 0.712305 0.189501
vn -0.312994 -0.740286 0.594989
vn 0.160804 -0.670018 0.724719
vn 0.661591 -0.747289 -0.062099
vn 0.160804 -0.670018 0.724719
vn 0.360981 0.888154 0.284385
vn 0.360981 0.888154 0.284385
vn 0.232701 0.906106 0.353302
vn 0.227298 0.935993 0.268798
vn 0.649909 -0.623208 0.435006
vn 0.124195 -0.080797 0.988963
vn 0.160804 -0.670018 0.724719
vn 0.649909 -0.623208 0.435006
vn 0.691065 0.442678 0.571371
vn 0.181003 0.440507 0.879313
vn 0.814269 -0.059998 0.577378
vn 0.691065 0.442678 0.571371
vn 0.661591 -0.747289 -0.062099
vn 0.814269 -0.059998 0.577378
vn 0.649909 -0.623208 0.435006
vn 0.814269 -0.059998 0.577378
vn 0.661591 -0.747289 -0.062099
vn 0.997453 -0.054597 -0.045898
vn 0.675804 0.712305 0.189501
vn 0.691065 0.442678 0.571371
vn 0.814269 -0.059998 0.577378
vn 0.997453 -0.054597 -0.045898
vn 0.675804 0.712305 0.189501
vn 0.814269 -0.059998 0.577378
vn 0.595201 -0.1704 0.785302
vn 0.997453 -0.054597 -0.045898
vn 0.661591 -0.747289 -0.062099
vn 0.019401 -0.998843 0.044002
vn 0.675804 0.712305 0.189501
vn 0.360981 0.888154 0.284385
vn -0.500513 0.096603 0.860322
vn -0.342399 -0.686098 0.641898
vn 0.187705 -0.0141 0.982124
vn 0.019401 -0.998843 0.044002
vn -0.342399 -0.686098 0.641898
vn -0.500513 0.096603 0.860322
vn -0.500513 0.096603 0.860322
vn 0.187705 -0.0141 0.982124
vn -0.141198 0.706789 0.69319
vn 0.595201 -0.1704 0.785302
vn 0.595201 -0.1704 0.785302
vn 0.243599 -0.581397 0.776297
vn 0.625915 -0.773019 -0.103303
vn 0.243599 -0.581397 0.776297
vn -0.342399 -0.686098 0.641898
vn 0.016101 -0.99965 0.021001
vn 0.920316 -0.049701 0.388007
vn 0.187705 -0.0141 0.982124
vn 0.243599 -0.581397 0.776297
vn 0.656772 -0.597475 0.460081
vn 0.656772 -0.597475 0.460081
vn 0.370394 0.436193 0.820087
vn 0.740651 0.524736 0.419629
vn 0.370394 0.436193 0.820087
vn -0.141198 0.706789 0.69319
vn 0.370394 0.436193 0.820087
vn 0.77314 0.634233 -0.0016
vn 0.360981 0.888154 0.284385
vn 0.433521 0.866742 0.246612
vn 0.360981 0.888154 0.284385
vn -0.141198 0.706789 0.69319
vn 0.77314 0.634233 -0.0016
vn 0.370394 0.436193 0.820087
vn 0.740651 0.524736 0.419629
vn 0.77314 0.634233 -0.0016
vn -0.180905 -0.196706 0.963629
vn -0.149199 -0.617996 0.771894
vn 0.248886 -0.733257 0.632763
vn -0.028 -0.385906 0.922113
vn 0.743045 -0.515631 0.426626
vn 0.248886 -0.733257 0.632763
vn 0.743045 -0.515631 0.426626
vn 0.276906 0.239705 0.930519
vn 0.907844 -0.153707 0.390119
vn 0.998081 0.0161 -0.059799
vn 0.907844 -0.153707 0.390119
vn 0.743045 -0.515631 0.426626
vn 0.792578 -0.168995 0.585884
vn 0.792578 -0.168995 0.585884
vn 0.826864 0.156193 0.540277
vn 0.826864 0.156193 0.540277
vn 0.327902 0.564103 0.757805
vn -0.8026 0.2749 0.5294
vn -0.283501 -0.470702 0.835504
vn 0.050297 -0.747758 -0.662063
vn 0.066099 -0.417894 0.906088
vn 0.089605 -0.72684 -0.680937
vn -0.273799 0.961497 -0.0236
vn -0.283501 -0.470702 0.835504
vn 0.066099 -0.417894 0.906088
vn -0.315907 0.942321 0.110603
vn 0.448209 -0.441109 0.777516
vn 0.448209 -0.441109 0.777516
vn -0.290504 -0.285104 0.913413
vn -0.8026 0.2749 0.5294
vn 0.327902 0.564103 0.757805
vn 0.617484 -0.155396 0.77108
vn -0.278901 -0.439002 0.854103
vn -0.290504 -0.285104 0.913413
vn 0.327902 0.564103 0.757805
vn -0.0255 0.999305 0.0272
vn 0.050297 -0.747758 -0.662063
vn -0.0255 0.999305 0.0272
vn 0.050297 -0.747758 -0.662063
vn -0.0255 0.999305 0.0272
vn 0.089605 -0.72684 -0.680937
vn -0.273799 0.961497 -0.0236
vn 0.617484 -0.155396 0.77108
vn 0.531707 -0.398705 0.74721
vn 0.083403 -0.59062 -0.802628
vn -0.315907 0.942321 0.110603
vn 0.083403 -0.59062 -0.802628
vn 0.938987 0.338695 -0.059899
vn 0.617484 -0.155396 0.77108
vn 0.327902 0.564103 0.757805
vn 0.327902 0.564103 0.757805
vn 0.659662 0.747357 -0.079395
vn 0.327902 0.564103 0.757805
vn 0.659662 0.747357 -0.079395
vn 0.938987 0.338695 -0.059899
vn 0.968907 0.131001 0.209901
vn 0.531707 -0.398705 0.74721
vn 0.617484 -0.155396 0.77108
vn 0.974545 0.202789 0.095595
vn 0.617484 -0.155396 0.77108
vn 0.974545 0.202789 0.095595
vn 0.968907 0.131001 0.209901
vn 0.980507 -0.116801 0.158001
vn 0.612126 -0.432918 0.661728
vn -0.046198 -0.607377 0.79307
vn 0.531707 -0.398705 0.74721
vn 0.612126 -0.432918 0.661728
vn 0.016101 -0.99965 0.021001
vn 0.597698 0.223299 0.769997
vn 0.625915 -0.773019 -0.103303
vn -0.387408 0.122603 0.91372
vn 0.597698 0.223299 0.769997
vn 0.016101 -0.99965 0.021001
vn 0.534599 -0.771299 -0.3454
vn -0.256898 -0.704295 0.661795
vn 0.74201 -0.662209 -0.104401
vn -0.256898 -0.704295 0.661795
vn 0.433521 0.866742 0.246612
vn 0.971779 -0.091098 -0.217595
vn -0.134906 0.730432 0.669529
vn 0.433521 0.866742 0.246612
vn 0.597698 0.223299 0.769997
vn -0.387408 0.122603 0.91372
vn 0.433521 0.866742 0.246612
vn 0.714004 0.685404 -0.142901
vn 0.77314 0.634233 -0.0016
vn -0.134906 0.730432 0.669529
vn 0.886806 0.148001 -0.437803
vn 0.829529 0.247109 -0.500818
vn 0.659662 0.747357 -0.079395
vn 0.858647 0.059796 -0.509068
vn 0.858647 0.059796 -0.509068
vn 0.938987 0.338695 -0.059899
vn 0.659662 0.747357 -0.079395
vn 0.714004 0.685404 -0.142901
vn 0.55971 -0.702912 -0.438908
vn 0.829529 0.247109 -0.500818
vn 0.534599 -0.771299 -0.3454
vn 0.858647 0.059796 -0.509068
vn 0.55971 -0.702912 -0.438908
vn 0.492693 -0.809588 -0.319095
vn 0.858647 0.059796 -0.509068
vn 0.886806 0.148001 -0.437803
vn 0.567404 -0.199102 0.799006
vn -0.555511 0.821316 0.129802
vn -0.315907 0.942321 0.110603
vn 0.448209 -0.441109 0.777516
vn 0.567404 -0.199102 0.799006
vn -0.555511 0.821316 0.129802
vn 0.448209 -0.441109 0.777516
vn 0.087102 -0.787514 -0.610111
vn 0.083403 -0.59062 -0.802628
vn 0.087102 -0.787514 -0.610111
vn 0.567404 -0.199102 0.799006
vn -0.555511 0.821316 0.129802
vn 0.024 -0.747514 -0.663812
vn 0.801529 -0.033401 0.597022
vn 0.024 -0.747514 -0.663812
vn -0.669704 0.722004 0.173801
vn -0.669704 0.722004 0.173801
vn 0.801529 -0.033401 0.597022
vn -0.891178 0.430989 0.141597
vn 0.069903 -0.060103 0.995742
vn -0.547838 0.827757 -0.121208
vn -0.310785 -0.861758 -0.400981
vn -0.483989 -0.87298 0.060499
vn -0.891178 0.430989 0.141597
vn -0.547838 0.827757 -0.121208
vn 0.024 -0.747514 -0.663812
vn -0.669704 0.722004 0.173801
vn -0.0006 -0.760702 -0.649101
vn 0.896668 0.098596 0.431585
vn -0.0006 -0.760702 -0.649101
vn -0.669704 0.722004 0.173801
vn 0.801529 -0.033401 0.597022
vn -0.705408 0.672408 0.224203
vn -0.705408 0.672408 0.224203
vn 0.817879 0.041599 -0.573885
vn 0.974545 0.202789 0.095595
vn 0.720216 0.423209 -0.549712
vn 0.968907 0.131001 0.209901
vn 0.811904 0.176401 -0.556503
vn 0.810316 0.074702 -0.581212
vn 0.980507 -0.116801 0.158001
vn 0.896668 0.098596 0.431585
vn 0.069903 -0.060103 0.995742
vn -0.483989 -0.87298 0.060499
vn 0.848308 -0.105901 0.518805
vn 0.848308 -0.105901 0.518805
vn -0.310785 -0.861758 -0.400981
vn -0.152205 -0.951934 -0.26581
vn 0.921003 0.228501 0.315501
vn -0.152205 -0.951934 -0.26581
vn 0.921003 0.228501 0.315501
vn -0.310785 -0.861758 -0.400981
vn -0.651391 0.75679 0.054399
vn -0.651391 0.75679 0.054399
vn 0.872017 0.289606 0.394608
vn 0.896668 0.098596 0.431585
vn -0.0006 -0.760702 -0.649101
vn 0.139299 -0.872791 -0.467795
vn -0.0006 -0.760702 -0.649101
vn 0.139299 -0.872791 -0.467795
vn 0.872017 0.289606 0.394608
vn -0.759944 0.577333 0.298617
vn 0.872017 0.289606 0.394608
vn 0.921003 0.228501 0.315501
vn 0.959895 0.167799 -0.224599
vn -0.413309 -0.837518 -0.357408
vn -0.152205 -0.951934 -0.26581
vn -0.651391 0.75679 0.054399
vn -0.46761 0.850218 0.241805
vn -0.651391 0.75679 0.054399
vn 0.959895 0.167799 -0.224599
vn -0.46761 0.850218 0.241805
vn -0.759944 0.577333 0.298617
vn 0.102898 -0.859781 -0.500189
vn 0.867676 0.407189 0.285192
vn 0.872017 0.289606 0.394608
vn 0.139299 -0.872791 -0.467795
vn 0.102898 -0.859781 -0.500189
vn 0.959895 0.167799 -0.224599
vn -0.152205 -0.951934 -0.26581
vn -0.413309 -0.837518 -0.357408
vn 0.959895 0.167799 -0.224599
vn 0.0095 -0.329801 0.944003
vn -0.046198 -0.607377 0.79307
vn 0.606978 -0.152895 0.779872
vn 0.606978 -0.152895 0.779872
vn -0.028 -0.385906 0.922113
vn 0.0095 -0.329801 0.944003
vn 0.967123 -0.132103 0.217305
vn 0.792578 -0.168995 0.585884
vn 0.834912 0.319005 0.448506
vn 0.834912 0.319005 0.448506
vn 0.940157 0.21859 0.261388
vn 0.940157 0.21859 0.261388
vn 0.940157 0.21859 0.261388
vn 0.834912 0.319005 0.448506
vn 0.690303 0.723403 -0.013
vn 0.777516 0.609512 -0.154803
vn 0.777516 0.609512 -0.154803
vn 0.834912 0.319005 0.448506
vn 0.967123 -0.132103 0.217305
vn 0.943842 0.161007 -0.288513
vn 0.690303 0.723403 -0.013
vn -0.735811 0.612609 0.288604
vn -0.735811 0.612609 0.288604
vn 0.867676 0.407189 0.285192
vn 0.559797 0.353598 -0.749397
vn 0.690303 0.723403 -0.013
vn 0.943842 0.161007 -0.288513
vn 0.559797 0.353598 -0.749397
vn -0.539531 -0.53293 0.651837
vn -0.707294 -0.130899 0.694694
vn -0.836844 -0.347118 0.423322
vn -0.082704 -0.316914 0.944842
vn -0.707294 -0.130899 0.694694
vn -0.539531 -0.53293 0.651837
vn -0.788893 -0.539095 0.294997
vn -0.788893 -0.539095 0.294997
vn -0.883684 -0.253195 0.393693
vn -0.290505 0.0103 0.956818
vn -0.707294 -0.130899 0.694694
vn -0.290505 0.0103 0.956818
vn -0.534024 0.118405 0.837137
vn -0.534024 0.118405 0.837137
vn -0.758223 -0.116404 0.64152
vn -0.290505 0.0103 0.956818
vn -0.082704 -0.316914 0.944842
vn 0.141799 -0.0563 0.988293
vn 0.405414 -0.108004 0.907731
vn 0.178407 0.117305 0.976939
vn -0.307603 -0.330403 0.892308
vn -0.307603 -0.330403 0.892308
vn -0.180905 -0.196706 0.963629
vn 0.276906 0.239705 0.930519
vn 0.296711 0.063802 0.952834
vn 0.296711 0.063802 0.952834
vn 0.095498 0.299592 0.949276
vn 0.095498 0.299592 0.949276
vn 0.558275 0.203691 0.804263
vn 0.425092 -0.401793 0.811085
vn 0.48361 -0.369608 0.793417
vn 0.1433 -0.629101 0.764001
vn 0.46621 -0.031301 0.88412
vn 0.643495 -0.145499 0.751494
vn 0.643495 -0.145499 0.751494
vn -0.187791 0.139493 0.972253
vn 0.425092 -0.401793 0.811085
vn -0.758223 -0.116404 0.64152
vn 0.46621 -0.031301 0.88412
vn -0.187791 0.139493 0.972253
vn 0.0064 0.451719 0.892137
vn -0.187791 0.139493 0.972253
vn 0.46621 -0.031301 0.88412
vn 0.1433 -0.629101 0.764001
vn -0.758223 -0.116404 0.64152
vn 0.425092 -0.401793 0.811085
vn 0.388316 0.48892 0.781132
vn 0.388316 0.48892 0.781132
vn 0.539173 0.235288 0.80866
vn 0.152997 0.299395 0.941783
vn 0.539173 0.235288 0.80866
vn 0.649316 -0.238306 0.722218
vn 0.649316 -0.238306 0.722218
vn 0.0064 0.451719 0.892137
vn 0.447611 0.632715 0.631915
vn 0.447611 0.632715 0.631915
vn 0.46621 -0.031301 0.88412
vn 0.0064 0.451719 0.892137
vn 0.689408 0.446105 0.570707
vn 0.594829 0.63233 0.496324
vn 0.851706 -0.011 0.523904
vn 0.851706 -0.011 0.523904
vn 0.539173 0.235288 0.80866
vn 0.388316 0.48892 0.781132
vn 0.724009 0.480806 0.494606
vn 0.724366 -0.260588 0.63827
vn 0.724009 0.480806 0.494606
vn 0.594829 0.63233 0.496324
vn -0.935907 -0.296802 0.189701
vn -0.881872 -0.453585 0.128696
vn -0.881872 -0.453585 0.128696
vn -0.935907 -0.296802 0.189701
vn -0.631197 -0.563097 -0.533397
vn -0.721089 -0.67239 -0.167098
vn -0.763423 -0.636719 0.108503
vn 0.288997 -0.957291 -0.0086
vn 0.1433 -0.629101 0.764001
vn -0.407612 -0.888726 0.209806
vn -0.432404 -0.816808 -0.381904
vn -0.691522 -0.430014 -0.580418
vn -0.432404 -0.816808 -0.381904
vn -0.407612 -0.888726 0.209806
vn -0.407612 -0.888726 0.209806
vn -0.432404 -0.816808 -0.381904
vn -0.631197 -0.563097 -0.533397
vn -0.691522 -0.430014 -0.580418
vn 0.069898 -0.432186 -0.899071
vn -0.1089 -0.1962 -0.974498
vn 0.069898 -0.432186 -0.899071
vn 0.108705 -0.613427 -0.782234
vn -0.432404 -0.816808 -0.381904
vn 0.219791 -0.934863 -0.278789
vn 0.079002 -0.234406 -0.968923
vn -0.566115 -0.272107 -0.778121
vn 0.067797 -0.035699 -0.99706
vn -0.566115 -0.272107 -0.778121
vn -0.763423 -0.636719 0.108503
vn -0.1089 -0.1962 -0.974498
vn -0.836378 0.36929 -0.405089
vn -0.642895 -0.537496 -0.545696
vn -0.339707 0.653914 -0.676014
vn -0.339707 0.653914 -0.676014
vn 0.246598 0.712793 -0.656594
vn 0.246598 0.712793 -0.656594
vn -0.320097 0.715994 -0.620395
vn -0.339707 0.653914 -0.676014
vn -0.1089 -0.1962 -0.974498
vn 0.069898 -0.432186 -0.899071
vn 0.611404 -0.0336 -0.790605
vn 0.611404 -0.0336 -0.790605
vn 0.252708 0.820025 -0.513516
vn -0.320097 0.715994 -0.620395
vn 0.252708 0.820025 -0.513516
vn 0.013401 0.363914 -0.931336
vn 0.013401 0.363914 -0.931336
vn -0.320097 0.715994 -0.620395
vn 0.703392 -0.136398 -0.697592
vn 0.079002 -0.234406 -0.968923
vn 0.108705 -0.613427 -0.782234
vn 0.447611 0.632715 0.631915
vn 0.84328 0.188895 0.503188
vn 0.46621 -0.031301 0.88412
vn 0.84328 0.188895 0.503188
vn 0.84328 0.188895 0.503188
vn 0.447611 0.632715 0.631915
vn 0.735702 0.662102 0.1427
vn 0.993315 -0.102602 0.052901
vn 0.877282 0.473091 0.080998
vn 0.986344 -0.134606 0.094904
vn 0.986344 -0.134606 0.094904
vn 0.689408 0.446105 0.570707
vn 0.594829 0.63233 0.496324
vn 0.851706 -0.011 0.523904
vn 0.725534 0.683932 0.076404
vn 0.806036 0.580626 0.114805
vn 0.724009 0.480806 0.494606
vn 0.594829 0.63233 0.496324
vn 0.725534 0.683932 0.076404
vn 0.806036 0.580626 0.114805
vn 0.594829 0.63233 0.496324
vn 0.993315 -0.102602 0.052901
vn 0.86799 0.474295 -0.147098
vn 0.986344 -0.134606 0.094904
vn 0.877282 0.473091 0.080998
vn 0.873285 0.335494 -0.353294
vn 0.86799 0.474295 -0.147098
vn 0.877282 0.473091 0.080998
vn 0.884338 0.453919 -0.109105
vn 0.877282 0.473091 0.080998
vn 0.884338 0.453919 -0.109105
vn 0.873285 0.335494 -0.353294
vn 0.986344 -0.134606 0.094904
vn 0.86799 0.474295 -0.147098
vn 0.920976 -0.055199 -0.38569
vn 0.920976 -0.055199 -0.38569
vn 0.685009 0.283504 -0.671109
vn 0.920976 -0.055199 -0.38569
vn 0.86799 0.474295 -0.147098
vn 0.873285 0.335494 -0.353294
vn 0.920976 -0.055199 -0.38569
vn 0.685009 0.283504 -0.671109
vn 0.627296 -0.226898 -0.744995
vn 0.920976 -0.055199 -0.38569
vn 0.918709 -0.106501 -0.380304
vn 0.993315 -0.102602 0.052901
vn 0.627296 -0.226898 -0.744995
vn 0.918709 -0.106501 -0.380304
vn 0.920976 -0.055199 -0.38569
vn 0.780204 0.131701 -0.611503
vn 0.685009 0.283504 -0.671109
vn 0.780204 0.131701 -0.611503
vn 0.067797 -0.035699 -0.99706
vn 0.067797 -0.035699 -0.99706
vn 0.725534 0.683932 0.076404
vn 0.688723 0.620021 -0.375813
vn 0.442276 0.55267 -0.706362
vn 0.667234 -0.20481 -0.716136
vn 0.667234 -0.20481 -0.716136
vn 0.714191 0.077099 0.695691
vn 0.296711 0.063802 0.952834
vn 0.276906 0.239705 0.930519
vn 0.826864 0.156193 0.540277
vn 0.674468 -0.107295 0.730466
vn 0.714191 0.077099 0.695691
vn 0.973653 -0.023601 0.226812
vn 0.924974 -0.177195 0.336191
vn 0.674468 -0.107295 0.730466
vn 0.714191 0.077099 0.695691
vn 0.973653 -0.023601 0.226812
vn 0.973653 -0.023601 0.226812
vn 0.881192 0.245698 0.403897
vn 0.558275 0.203691 0.804263
vn 0.674468 -0.107295 0.730466
vn 0.924974 -0.177195 0.336191
vn 0.916475 -0.0014 -0.400089
vn 0.965123 -0.193805 -0.176004
vn 0.916475 -0.0014 -0.400089
vn 0.924974 -0.177195 0.336191
vn 0.965123 -0.193805 -0.176004
vn 0.958597 0.181899 -0.219099
vn 0.881192 0.245698 0.403897
vn 0.916475 -0.0014 -0.400089
vn 0.777516 0.609512 -0.154803
vn 0.611404 -0.0336 -0.790605
vn 0.857628 0.032901 -0.513217
vn 0.916475 -0.0014 -0.400089
vn 0.611404 -0.0336 -0.790605
vn 0.777516 0.609512 -0.154803
vn 0.246598 0.712793 -0.656594
vn 0.611404 -0.0336 -0.790605
vn 0.777516 0.609512 -0.154803
vn 0.690303 0.723403 -0.013
vn 0.958597 0.181899 -0.219099
vn 0.884338 0.453919 -0.109105
vn 0.703392 -0.136398 -0.697592
vn -0.787228 -0.339612 0.514719
vn -0.852945 -0.502426 0.141607
vn -0.731723 -0.612319 0.29941
vn -0.864816 -0.059001 0.498609
vn -0.731723 -0.612319 0.29941
vn -0.518103 -0.377702 0.767405
vn -0.787228 -0.339612 0.514719
vn -0.518103 -0.377702 0.767405
vn -0.768082 -0.168496 0.617786
vn -0.608487 -0.762084 -0.221295
vn -0.731723 -0.612319 0.29941
vn -0.852945 -0.502426 0.141607
vn -0.701906 -0.593505 -0.393803
vn -0.981402 -0.1531 0.1158
vn -0.981402 -0.1531 0.1158
vn 0.656772 -0.597475 0.460081
vn 0.625915 -0.773019 -0.103303
vn 0.920316 -0.049701 0.388007
vn -0.984197 -0.046 0.170999
vn -0.4091 -0.612801 0.676101
vn -0.814713 0.524908 0.246404
vn -0.650781 -0.221694 -0.726179
vn -0.4091 -0.612801 0.676101
vn -0.984197 -0.046 0.170999
vn -0.984197 -0.046 0.170999
vn -0.814713 0.524908 0.246404
vn -0.650781 -0.221694 -0.726179
vn -0.081999 0.072599 0.993985
vn -0.447612 -0.399711 0.799922
vn 0.224092 -0.971466 0.077697
vn 0.224092 -0.971466 0.077697
vn -0.447612 -0.399711 0.799922
vn -0.444202 -0.611703 -0.654603
vn 0.776425 -0.61582 0.133904
vn -0.079596 -0.317983 -0.944749
vn 0.776425 -0.61582 0.133904
vn 0.224092 -0.971466 0.077697
vn -0.444202 -0.611703 -0.654603
vn -0.99088 -0.119998 -0.061299
vn -0.927075 0.35709 -0.114097
vn -0.99088 -0.119998 -0.061299
vn -0.447612 -0.399711 0.799922
vn -0.447612 -0.399711 0.799922
vn -0.081999 0.072599 0.993985
vn -0.927075 0.35709 -0.114097
vn -0.927075 0.35709 -0.114097
vn -0.444202 -0.611703 -0.654603
vn -0.99088 -0.119998 -0.061299
vn -0.081999 0.072599 0.993985
vn 0.776425 -0.61582 0.133904
vn 0.907877 -0.418589 0.023299
vn -0.983683 0.171897 0.053099
vn -0.0193 0.287707 0.957524
vn -0.0193 0.287707 0.957524
vn -0.071703 -0.493224 -0.866942
vn 0.907877 -0.418589 0.023299
vn 0.066503 -0.324514 0.94354
vn -0.4091 -0.612801 0.676101
vn -0.0483 -0.954493 -0.294298
vn 0.066503 -0.324514 0.94354
vn 0.589709 -0.751612 -0.295505
vn -0.892195 0.273798 0.359198
vn 0.747324 -0.546317 -0.378212
vn 0.143597 -0.130597 0.980981
vn 0.143597 -0.130597 0.980981
vn -0.444202 -0.611703 -0.654603
vn -0.927075 0.35709 -0.114097
vn -0.079596 -0.317983 -0.944749
vn -0.983683 0.171897 0.053099
vn -0.071703 -0.493224 -0.866942
vn -0.0483 -0.954493 -0.294298
vn -0.316688 0.102596 -0.942965
vn 0.589709 -0.751612 -0.295505
vn -0.0483 -0.954493 -0.294298
vn -0.650781 -0.221694 -0.726179
vn -0.316688 0.102596 -0.942965
vn -0.277094 -0.138697 -0.95078
vn -0.892195 0.273798 0.359198
vn -0.277094 -0.138697 -0.95078
vn 0.747324 -0.546317 -0.378212
vn 0.920316 -0.049701 0.388007
vn 0.740651 0.524736 0.419629
vn 0.287301 -0.696903 0.657103
vn -0.387408 0.122603 0.91372
vn -0.256898 -0.704295 0.661795
vn 0.287301 -0.696903 0.657103
vn 0.34319 0.0133 0.939172
vn 0.34319 0.0133 0.939172
vn 0.603597 -0.713597 0.355598
vn 0.603597 -0.713597 0.355598
vn 0.364911 0.514116 0.776224
vn 0.915906 0.0368 0.399703
vn 0.832499 0.3507 0.4289
vn 0.364911 0.514116 0.776224
vn -0.134906 0.730432 0.669529
vn 0.364911 0.514116 0.776224
vn 0.731105 0.680805 -0.0446
vn 0.714004 0.685404 -0.142901
vn 0.74201 -0.662209 -0.104401
vn 0.915906 0.0368 0.399703
vn 0.603597 -0.713597 0.355598
vn 0.731105 0.680805 -0.0446
vn 0.832499 0.3507 0.4289
vn 0.915906 0.0368 0.399703
vn 0.74201 -0.662209 -0.104401
vn 0.967352 0.118194 -0.224189
vn 0.364911 0.514116 0.776224
vn 0.832499 0.3507 0.4289
vn 0.731105 0.680805 -0.0446
vn 0.714004 0.685404 -0.142901
vn -0.674128 0.084803 -0.73373
vn -0.504709 -0.736112 0.451008
vn -0.977613 0.154902 0.142402
vn -0.977613 0.154902 0.142402
vn -0.504709 -0.736112 0.451008
vn -0.740572 0.53638 0.404785
vn -0.740572 0.53638 0.404785
vn -0.674128 0.084803 -0.73373
vn -0.977613 0.154902 0.142402
vn -0.0087 -0.5822 0.812999
vn -0.504709 -0.736112 0.451008
vn -0.189896 -0.807484 -0.558489
vn -0.0087 -0.5822 0.812999
vn 0.479606 -0.694208 -0.536706
vn -0.796805 0.307902 0.519903
vn 0.636597 -0.529598 -0.560598
vn 0.179705 -0.419212 0.889925
vn -0.0087 -0.5822 0.812999
vn 0.179705 -0.419212 0.889925
vn 0.479606 -0.694208 -0.536706
vn -0.189896 -0.807484 -0.558489
vn -0.189896 -0.807484 -0.558489
vn -0.674128 0.084803 -0.73373
vn -0.281793 0.426889 -0.859278
vn 0.479606 -0.694208 -0.536706
vn -0.281793 0.426889 -0.859278
vn -0.326793 0.123597 -0.936979
vn -0.796805 0.307902 0.519903
vn -0.326793 0.123597 -0.936979
vn 0.844507 -0.373603 -0.383703
vn 0.476227 -0.277016 0.834548
vn 0.476227 -0.277016 0.834548
vn 0.636597 -0.529598 -0.560598
vn -0.975448 0.102905 0.19471
vn -0.519593 -0.80699 0.280696
vn -0.749486 0.402393 0.52569
vn 0.0442 -0.7686 0.6382
vn -0.643466 0.212589 -0.735362
vn -0.975448 0.102905 0.19471
vn -0.749486 0.402393 0.52569
vn -0.257406 0.604815 -0.753619
vn -0.82847 0.215092 0.517081
vn -0.350213 0.441616 -0.82603
vn -0.82847 0.215092 0.517081
vn -0.519593 -0.80699 0.280696
vn -0.975448 0.102905 0.19471
vn -0.643466 0.212589 -0.735362
vn -0.087701 -0.684406 -0.723807
vn -0.519593 -0.80699 0.280696
vn -0.087701 -0.684406 -0.723807
vn 0.0442 -0.7686 0.6382
vn -0.257406 0.604815 -0.753619
vn -0.087701 -0.684406 -0.723807
vn -0.643466 0.212589 -0.735362
vn 0.528584 -0.516484 -0.673679
vn 0.528584 -0.516484 -0.673679
vn 0.0442 -0.7686 0.6382
vn 0.528584 -0.516484 -0.673679
vn 0.620498 -0.355899 -0.698798
vn 0.163591 -0.624064 0.764056
vn 0.163591 -0.624064 0.764056
vn -0.350213 0.441616 -0.82603
vn 0.620498 -0.355899 -0.698798
vn 0.920848 -0.325017 -0.215411
vn 0.920848 -0.325017 -0.215411
vn 0.476227 -0.277016 0.834548
vn 0.844507 -0.373603 -0.383703
vn 0.688598 -0.279299 0.669198
vn 0.854299 -0.407399 0.322799
vn 0.688598 -0.279299 0.669198
vn 0.854299 -0.407399 0.322799
vn 0.476227 -0.277016 0.834548
vn 0.844507 -0.373603 -0.383703
vn 0.812097 -0.569998 0.1249
vn 0.919478 -0.257594 -0.296993
vn 0.812097 -0.569998 0.1249
vn 0.3943 -0.47 0.789701
vn -0.82847 0.215092 0.517081
vn 0.163591 -0.624064 0.764056
vn 0.802129 -0.295311 -0.519019
vn 0.3943 -0.47 0.789701
vn 0.114299 -0.879591 0.461795
vn -0.210097 -0.216597 0.953386
vn -0.329711 -0.913431 -0.238608
vn 0.851278 -0.496687 0.169196
vn -0.210097 -0.216597 0.953386
vn 0.114299 -0.879591 0.461795
vn 0.114299 -0.879591 0.461795
vn -0.329711 -0.913431 -0.238608
vn 0.851278 -0.496687 0.169196
vn -0.954166 -0.297689 -0.030799
vn -0.933016 0.322106 -0.160403
vn -0.954166 -0.297689 -0.030799
vn -0.210097 -0.216597 0.953386
vn 0.879507 -0.424903 0.214302
vn -0.0276 0.355402 0.934306
vn -0.0276 0.355402 0.934306
vn -0.329711 -0.913431 -0.238608
vn -0.954166 -0.297689 -0.030799
vn 0.076797 -0.500081 -0.862567
vn 0.076797 -0.500081 -0.862567
vn 0.0159 -0.419589 -0.907575
vn 0.076797 -0.500081 -0.862567
vn -0.954166 -0.297689 -0.030799
vn -0.933016 0.322106 -0.160403
vn 0.879507 -0.424903 0.214302
vn 0.851278 -0.496687 0.169196
vn 0.076797 -0.500081 -0.862567
vn 0.0159 -0.419589 -0.907575
vn -0.949495 0.196299 -0.244799
vn -0.421618 -0.739032 -0.525423
vn -0.268705 -0.476308 0.837215
vn -0.421618 -0.739032 -0.525423
vn -0.030399 0.370685 0.928261
vn -0.949495 0.196299 -0.244799
vn -0.933016 0.322106 -0.160403
vn -0.0276 0.355402 0.934306
vn -0.137104 0.486913 0.862623
vn -0.951963 0.306188 0.0038
vn -0.949495 0.196299 -0.244799
vn -0.951963 0.306188 0.0038
vn -0.421618 -0.739032 -0.525423
vn -0.268705 -0.476308 0.837215
vn -0.030399 0.370685 0.928261
vn 0.2543 0.3022 0.918699
vn -0.137104 0.486913 0.862623
vn 0.123802 0.448407 0.885214
vn 0.988027 -0.152404 -0.024001
vn 0.123802 0.448407 0.885214
vn -0.557193 0.321096 0.76579
vn 0.123802 0.448407 0.885214
vn 0.994902 0.087 0.051
vn 0.117699 0.389696 0.913391
vn 0.988027 -0.152404 -0.024001
vn 0.117699 0.389696 0.913391
vn -0.983683 0.171897 0.053099
vn -0.958375 -0.170795 0.228794
vn -0.071703 -0.493224 -0.866942
vn -0.557193 0.321096 0.76579
vn -0.958375 -0.170795 0.228794
vn -0.983683 0.171897 0.053099
vn -0.810433 -0.550922 -0.199208
vn -0.622897 -0.776696 -0.0935
vn -0.268705 -0.476308 0.837215
vn -0.622897 -0.776696 -0.0935
vn 0.766884 -0.231995 0.598387
vn -0.810433 -0.550922 -0.199208
vn -0.810433 -0.550922 -0.199208
vn 0.766884 -0.231995 0.598387
vn -0.277094 -0.138697 -0.95078
vn -0.892195 0.273798 0.359198
vn -0.860866 -0.453582 -0.230591
vn 0.988027 -0.152404 -0.024001
vn 0.358498 0.0083 0.933494
vn 0.358498 0.0083 0.933494
vn 0.577197 -0.128099 0.806495
vn 0.766884 -0.231995 0.598387
vn 0.358498 0.0083 0.933494
vn 0.920848 -0.325017 -0.215411
vn 0.577197 -0.128099 0.806495
vn 0.358498 0.0083 0.933494
vn 0.994902 0.087 0.051
vn 0.766884 -0.231995 0.598387
vn 0.739699 0.0179 0.672699
vn 0.988027 -0.152404 -0.024001
vn 0.739699 0.0179 0.672699
vn 0.117699 0.389696 0.913391
vn 0.994902 0.087 0.051
vn 0.714322 -0.163205 0.680521
vn 0.761993 0.361497 0.537295
vn 0.761993 0.361497 0.537295
vn 0.957701 -0.2478 -0.1463
vn 0.921992 -0.327297 0.206898
vn 0.714322 -0.163205 0.680521
vn 0.577197 -0.128099 0.806495
vn 0.957701 -0.2478 -0.1463
vn 0.2543 0.3022 0.918699
vn 0.093 0.525003 0.846004
vn 0.2543 0.3022 0.918699
vn -0.268705 -0.476308 0.837215
vn -0.421618 -0.739032 -0.525423
vn -0.622897 -0.776696 -0.0935
vn 0.2543 0.3022 0.918699
vn 0.093 0.525003 0.846004
vn 0.761993 0.361497 0.537295
vn 0.761993 0.361497 0.537295
vn 0.181391 0.366781 0.912452
vn 0.739699 0.0179 0.672699
vn 0.093 0.525003 0.846004
vn 0.117699 0.389696 0.913391
vn 0.739699 0.0179 0.672699
vn 0.84699 0.176098 0.501594
vn 0.181391 0.366781 0.912452
vn 0.761993 0.361497 0.537295
vn 0.714322 -0.163205 0.680521
vn 0.939686 0.094599 0.328695
vn -0.86371 0.221503 0.452705
vn -0.312305 -0.936716 0.158203
vn -0.340008 0.366609 0.866021
vn -0.86371 0.221503 0.452705
vn -0.340008 0.366609 0.866021
vn -0.155899 0.436297 -0.886194
vn -0.86371 0.221503 0.452705
vn -0.155899 0.436297 -0.886194
vn -0.40781 -0.191205 -0.892822
vn -0.137104 0.486913 0.862623
vn 0.181391 0.366781 0.912452
vn -0.866515 -0.0065 0.499109
vn -0.866515 -0.0065 0.499109
vn -0.585004 0.143101 0.798306
vn 0.492991 -0.866284 0.080699
vn -0.286807 0.226106 0.930923
vn 0.471929 -0.848252 0.240315
vn -0.286807 0.226106 0.930923
vn -0.309781 0.598563 -0.738754
vn -0.585004 0.143101 0.798306
vn -0.585004 0.143101 0.798306
vn -0.309781 0.598563 -0.738754
vn -0.170196 0.637186 -0.751683
vn -0.829883 0.079198 0.552288
vn -0.829883 0.079198 0.552288
vn 0.3128 -0.9394 0.1403
vn -0.40781 -0.191205 -0.892822
vn 0.3128 -0.9394 0.1403
vn -0.312305 -0.936716 0.158203
vn 0.492991 -0.866284 0.080699
vn -0.309781 0.598563 -0.738754
vn 0.469018 -0.882735 -0.028301
vn -0.170196 0.637186 -0.751683
vn 0.469018 -0.882735 -0.028301
vn 0.471929 -0.848252 0.240315
vn -0.103295 0.422281 0.90056
vn -0.155899 0.436297 -0.886194
vn 0.281198 -0.953092 0.111999
vn 0.281198 -0.953092 0.111999
vn -0.352993 0.444891 -0.823084
vn -0.103295 0.422281 0.90056
vn -0.352993 0.444891 -0.823084
vn -0.505497 0.532897 -0.678596
vn -0.505497 0.532897 -0.678596
vn 0.181391 0.366781 0.912452
vn 0.0108 0.159604 0.987122
vn -0.866515 -0.0065 0.499109
vn 0.807085 0.0202 0.590089
vn 0.0108 0.159604 0.987122
vn 0.181391 0.366781 0.912452
vn 0.84699 0.176098 0.501594
vn -0.797893 -0.181598 0.574795
vn -0.866515 -0.0065 0.499109
vn 0.0108 0.159604 0.987122
vn 0.162893 0.246489 0.955358
vn -0.797893 -0.181598 0.574795
vn 0.0108 0.159604 0.987122
vn 0.162893 0.246489 0.955358
vn -0.286807 0.226106 0.930923
vn 0.469018 -0.882735 -0.028301
vn 0.024399 0.293787 0.955559
vn 0.024399 0.293787 0.955559
vn 0.469018 -0.882735 -0.028301
vn -0.505497 0.532897 -0.678596
vn 0.458996 -0.884392 -0.084699
vn 0.469018 -0.882735 -0.028301
vn 0.458996 -0.884392 -0.084699
vn 0.024399 0.293787 0.955559
vn 0.182206 0.390413 0.902429
vn -0.103295 0.422281 0.90056
vn 0.281198 -0.953092 0.111999
vn -0.495901 0.497701 -0.711601
vn 0.281198 -0.953092 0.111999
vn 0.220893 -0.975268 -0.0077
vn 0.182206 0.390413 0.902429
vn -0.495901 0.497701 -0.711601
vn 0.220893 -0.975268 -0.0077
vn 0.281198 -0.953092 0.111999
vn -0.495901 0.497701 -0.711601
vn 0.182206 0.390413 0.902429
vn -0.698385 0.402991 -0.591487
vn 0.458996 -0.884392 -0.084699
vn -0.505497 0.532897 -0.678596
vn -0.698385 0.402991 -0.591487
vn 0.289895 0.356994 0.887984
vn 0.458996 -0.884392 -0.084699
vn -0.698385 0.402991 -0.591487
vn 0.454991 -0.868682 -0.195896
vn 0.454991 -0.868682 -0.195896
vn 0.410998 0.376198 0.830395
vn 0.220893 -0.975268 -0.0077
vn -0.495901 0.497701 -0.711601
vn -0.59218 0.543982 -0.59448
vn 0.169498 -0.978489 -0.117599
vn 0.169498 -0.978489 -0.117599
vn -0.59218 0.543982 -0.59448
vn 0.410998 0.376198 0.830395
vn 0.289895 0.356994 0.887984
vn -0.846887 -0.291295 -0.444893
vn -0.866515 -0.0065 0.499109
vn -0.846887 -0.291295 -0.444893
vn -0.951963 0.306188 0.0038
vn 0.254508 -0.803125 0.538717
vn 0.088899 -0.901994 0.422497
vn 0.463973 0.842251 -0.274484
vn -0.951529 -0.054402 -0.302709
vn 0.088899 -0.901994 0.422497
vn 0.254508 -0.803125 0.538717
vn 0.254508 -0.803125 0.538717
vn 0.463973 0.842251 -0.274484
vn 0.519009 0.731312 -0.442507
vn 0.366305 -0.78721 0.496106
vn -0.997117 -0.063201 0.042001
vn 0.254508 -0.803125 0.538717
vn -0.951529 -0.054402 -0.302709
vn 0.357204 0.725709 -0.588007
vn 0.366305 -0.78721 0.496106
vn 0.254508 -0.803125 0.538717
vn 0.519009 0.731312 -0.442507
vn -0.650681 -0.69848 -0.297891
vn -0.650681 -0.69848 -0.297891
vn -0.622897 -0.776696 -0.0935
vn -0.421618 -0.739032 -0.525423
vn -0.657612 -0.371107 -0.655612
vn -0.489284 -0.61428 -0.61908
vn -0.869202 -0.475501 -0.1356
vn -0.846887 -0.291295 -0.444893
vn -0.866515 -0.0065 0.499109
vn -0.869202 -0.475501 -0.1356
vn -0.859398 -0.0269 -0.510599
vn -0.74811 -0.133002 -0.650109
vn 0.184303 -0.874416 0.448808
vn 0.088899 -0.901994 0.422497
vn 0.184303 -0.874416 0.448808
vn 0.569992 0.816989 -0.087399
vn 0.569992 0.816989 -0.087399
vn 0.463973 0.842251 -0.274484
vn 0.088899 -0.901994 0.422497
vn -0.859398 -0.0269 -0.510599
vn 0.463973 0.842251 -0.274484
vn -0.74811 -0.133002 -0.650109
vn 0.519009 0.731312 -0.442507
vn -0.951529 -0.054402 -0.302709
vn -0.598583 -0.573984 -0.558785
vn 0.396499 0.917797 -0.0209
vn 0.569992 0.816989 -0.087399
vn 0.184303 -0.874416 0.448808
vn 0.184303 -0.874416 0.448808
vn -0.598583 -0.573984 -0.558785
vn 0.474813 -0.676519 0.562916
vn 0.474813 -0.676519 0.562916
vn 0.569992 0.816989 -0.087399
vn -0.598583 -0.573984 -0.558785
vn 0.396499 0.917797 -0.0209
vn 0.716428 -0.130605 -0.685327
vn 0.716428 -0.130605 -0.685327
vn 0.716428 -0.130605 -0.685327
vn -0.860866 -0.453582 -0.230591
vn 0.854299 -0.407399 0.322799
vn -0.796805 0.307902 0.519903
vn -0.326793 0.123597 -0.936979
vn -0.860866 -0.453582 -0.230591
vn -0.864114 -0.434207 -0.254504
vn -0.326793 0.123597 -0.936979
vn -0.864114 -0.434207 -0.254504
vn 0.812097 -0.569998 0.1249
vn 0.812097 -0.569998 0.1249
vn -0.864114 -0.434207 -0.254504
vn -0.82847 0.215092 0.517081
vn -0.864114 -0.434207 -0.254504
vn -0.289209 -0.248207 -0.924528
vn 0.3943 -0.47 0.789701
vn -0.289209 -0.248207 -0.924528
vn 0.552901 0.0746 -0.829901
vn 0.802129 -0.295311 -0.519019
vn -0.289209 -0.248207 -0.924528
vn -0.657612 -0.371107 -0.655612
vn -0.489284 -0.61428 -0.61908
vn 0.135001 -0.131301 -0.982107
vn -0.289209 -0.248207 -0.924528
vn 0.440973 -0.364777 -0.820049
vn 0.305105 -0.569309 -0.763412
vn 0.440973 -0.364777 -0.820049
vn -0.489284 -0.61428 -0.61908
vn -0.435898 -0.731796 -0.523897
vn -0.435898 -0.731796 -0.523897
vn 0.135001 -0.131301 -0.982107
vn 0.440973 -0.364777 -0.820049
vn 0.96793 -0.063702 -0.243008
vn 0.135001 -0.131301 -0.982107
vn 0.552901 0.0746 -0.829901
vn -0.289209 -0.248207 -0.924528
vn 0.96793 -0.063702 -0.243008
vn 0.552901 0.0746 -0.829901
vn 0.135001 -0.131301 -0.982107
vn 0.305105 -0.569309 -0.763412
vn 0.952768 -0.155295 -0.260991
vn -0.964822 0.054901 0.257106
vn 0.492796 -0.779994 0.385697
vn -0.964822 0.054901 0.257106
vn 0.0385 0.695395 -0.717595
vn 0.230493 0.66168 -0.713479
vn -0.997117 -0.063201 0.042001
vn 0.0385 0.695395 -0.717595
vn 0.471929 -0.848252 0.240315
vn 0.492796 -0.779994 0.385697
vn 0.230493 0.66168 -0.713479
vn 0.0385 0.695395 -0.717595
vn 0.357204 0.725709 -0.588007
vn -0.866515 -0.0065 0.499109
vn -0.797893 -0.181598 0.574795
vn -0.869202 -0.475501 -0.1356
vn -0.797893 -0.181598 0.574795
vn -0.712175 -0.0133 0.701876
vn -0.822713 -0.567409 -0.034501
vn -0.712175 -0.0133 0.701876
vn -0.797893 -0.181598 0.574795
vn -0.822713 -0.567409 -0.034501
vn -0.869202 -0.475501 -0.1356
vn -0.877692 -0.204298 0.433496
vn -0.866327 -0.495216 0.065102
vn -0.48709 0.218095 0.845682
vn -0.48709 0.218095 0.845682
vn -0.791696 -0.179999 0.583797
vn -0.620027 -0.034202 0.783834
vn -0.822713 -0.567409 -0.034501
vn -0.866327 -0.495216 0.065102
vn -0.866327 -0.495216 0.065102
vn -0.791696 -0.179999 0.583797
vn -0.400089 -0.662482 -0.633283
vn -0.620027 -0.034202 0.783834
vn -0.470788 0.021799 0.881977
vn -0.470788 0.021799 0.881977
vn -0.498207 0.296704 0.814712
vn -0.558573 0.092695 0.82426
vn -0.558573 0.092695 0.82426
vn -0.470788 0.021799 0.881977
vn -0.620027 -0.034202 0.783834
vn -0.177499 -0.685096 -0.706496
vn 0.852971 0.198393 0.482784
vn 0.212306 0.574317 0.790624
vn 0.212306 0.574317 0.790624
vn -0.67737 0.471979 -0.564275
vn -0.67737 0.471979 -0.564275
vn -0.828691 0.354296 -0.433295
vn -0.828691 0.354296 -0.433295
vn -0.400089 -0.662482 -0.633283
vn 0.305105 -0.569309 -0.763412
vn -0.435898 -0.731796 -0.523897
vn 0.970969 -0.033199 -0.236892
vn 0.443218 -0.365014 -0.818732
vn 0.443218 -0.365014 -0.818732
vn 0.854299 -0.407399 0.322799
vn 0.957701 -0.2478 -0.1463
vn 0.920848 -0.325017 -0.215411
vn 0.921992 -0.327297 0.206898
vn 0.921992 -0.327297 0.206898
vn 0.939686 0.094599 0.328695
vn 0.784981 -0.084098 0.613785
vn -0.576507 -0.0334 0.816409
vn -0.487807 -0.66671 0.563508
vn -0.487807 -0.66671 0.563508
vn -0.402189 -0.74628 0.530386
vn 0.789095 -0.0096 0.614196
vn 0.784981 -0.084098 0.613785
vn -0.53399 0.238396 0.811185
vn 0.823896 -0.108299 0.556297
vn 0.823896 -0.108299 0.556297
vn -0.227191 0.950161 0.213491
vn -0.53399 0.238396 0.811185
vn 0.797999 -0.0964 0.594899
vn 0.789095 -0.0096 0.614196
vn -0.402189 -0.74628 0.530386
vn -0.363505 -0.900012 0.240503
vn 0.797689 -0.142498 0.585992
vn 0.157894 -0.884165 -0.439683
vn 0.832806 -0.169101 0.527104
vn 0.794969 -0.039298 0.605376
vn 0.80821 -0.064001 0.585407
vn -0.0059 0.984921 0.172904
vn 0.173397 0.978486 -0.111798
vn 0.828453 -0.071805 0.555436
vn 0.794969 -0.039298 0.605376
vn -0.0059 0.984921 0.172904
vn 0.80821 -0.064001 0.585407
vn 0.822385 -0.148197 0.54929
vn 0.822385 -0.148197 0.54929
vn -0.227191 0.950161 0.213491
vn 0.823896 -0.108299 0.556297
vn 0.226194 0.924475 -0.306892
vn 0.226194 0.924475 -0.306892
vn 0.173397 0.978486 -0.111798
vn 0.226194 0.924475 -0.306892
vn 0.828453 -0.071805 0.555436
vn 0.947487 0.0138 0.319496
vn 0.245411 -0.660129 -0.709932
vn 0.334508 0.329208 -0.883021
vn 0.942698 0.0369 0.331599
vn 0.103598 0.877586 -0.468092
vn 0.041101 -0.997716 0.053601
vn 0.941897 0.0706 0.328399
vn 0.932647 0.034702 0.359118
vn -0.259808 0.749722 0.608618
vn 0.490986 0.418288 0.764178
vn 0.490986 0.418288 0.764178
vn 0.816308 -0.319203 0.481405
vn 0.939686 0.094599 0.328695
vn 0.922693 -0.367097 0.117799
vn 0.816308 -0.319203 0.481405
vn 0.688598 -0.279299 0.669198
vn 0.919478 -0.257594 -0.296993
vn 0.816308 -0.319203 0.481405
vn 0.922693 -0.367097 0.117799
vn 0.939686 0.094599 0.328695
vn 0.619104 -0.421503 0.662605
vn 0.812097 -0.569998 0.1249
vn 0.3943 -0.47 0.789701
vn 0.619104 -0.421503 0.662605
vn 0.919478 -0.257594 -0.296993
vn 0.812097 -0.569998 0.1249
vn 0.922693 -0.367097 0.117799
vn 0.694196 -0.0237 0.719396
vn 0.974356 0.147993 -0.169492
vn 0.812097 -0.569998 0.1249
vn 0.694196 -0.0237 0.719396
vn 0.974356 0.147993 -0.169492
vn 0.926119 -0.337507 -0.168503
vn 0.694196 -0.0237 0.719396
vn 0.619104 -0.421503 0.662605
vn 0.898084 -0.093398 -0.429792
vn 0.898084 -0.093398 -0.429792
vn 0.926119 -0.337507 -0.168503
vn 0.619104 -0.421503 0.662605
vn 0.974356 0.147993 -0.169492
vn 0.694196 -0.0237 0.719396
vn 0.926119 -0.337507 -0.168503
vn 0.974356 0.147993 -0.169492
vn 0.96793 -0.063702 -0.243008
vn 0.939686 0.094599 0.328695
vn 0.84699 0.176098 0.501594
vn 0.96793 -0.063702 -0.243008
vn 0.807085 0.0202 0.590089
vn 0.898084 -0.093398 -0.429792
vn 0.802129 -0.295311 -0.519019
vn 0.552901 0.0746 -0.829901
vn 0.926119 -0.337507 -0.168503
vn 0.952768 -0.155295 -0.260991
vn 0.0042 0.999809 0.0191
vn 0.842983 -0.150397 0.516489
vn 0.832806 -0.169101 0.527104
vn 0.0042 0.999809 0.0191
vn 0.788214 -0.234404 0.56901
vn -0.0059 0.984921 0.172904
vn 0.875307 0.0457 0.481404
vn -0.0059 0.984921 0.172904
vn 0.875307 0.0457 0.481404
vn -0.102298 0.987979 0.115898
vn 0.852971 0.198393 0.482784
vn -0.493993 -0.70899 0.503293
vn 0.788214 -0.234404 0.56901
vn 0.933775 0.089098 0.346591
vn 0.941897 0.0706 0.328399
vn 0.103598 0.877586 -0.468092
vn -0.098295 0.994948 -0.020399
vn 0.846525 -0.055802 0.529416
vn 0.858786 -0.127598 0.496192
vn 0.330703 -0.606306 -0.723207
vn 0.509891 0.0097 -0.860184
vn 0.926183 0.084898 0.367393
vn 0.509891 0.0097 -0.860184
vn 0.875031 -0.030301 0.483117
vn 0.858786 -0.127598 0.496192
vn 0.509891 0.0097 -0.860184
vn 0.804987 0.0011 0.593291
vn 0.875031 -0.030301 0.483117
vn 0.846525 -0.055802 0.529416
vn 0.804987 0.0011 0.593291
vn -0.358991 0.156196 0.920178
vn 0.846525 -0.055802 0.529416
vn -0.358991 0.156196 0.920178
vn 0.560626 0.248711 -0.789836
vn -0.102298 0.987979 0.115898
vn 0.804987 0.0011 0.593291
vn 0.509891 0.0097 -0.860184
vn -0.358991 0.156196 0.920178
vn -0.237996 0.858685 0.453892
vn 0.929416 0.059501 0.364206
vn -0.259808 0.749722 0.608618
vn 0.932647 0.034702 0.359118
vn -0.259808 0.749722 0.608618
vn 0.929416 0.059501 0.364206
vn -0.106496 0.994264 0.0099
vn 0.929416 0.059501 0.364206
vn 0.939851 0.064797 0.335383
vn -0.106496 0.994264 0.0099
vn 0.204201 -0.859103 -0.469302
vn 0.939851 0.064797 0.335383
vn 0.955938 0.0123 0.293312
vn 0.204201 -0.859103 -0.469302
vn 0.945158 0.081096 0.316386
vn -0.134996 0.914171 0.382188
vn 0.945158 0.081096 0.316386
vn -0.237996 0.858685 0.453892
vn 0.984008 0.0171 0.177301
vn -0.189692 -0.846364 0.497679
vn 0.917566 0.021799 0.396985
vn -0.240312 0.241612 0.940146
vn 0.917589 0.042099 0.395295
vn 0.204201 -0.859103 -0.469302
vn 0.917589 0.042099 0.395295
vn -0.325613 -0.561622 0.76063
vn 0.917589 0.042099 0.395295
vn 0.917566 0.021799 0.396985
vn -0.325613 -0.561622 0.76063
vn -0.325613 -0.561622 0.76063
vn 0.608792 0.325696 0.723391
vn 0.188204 -0.96472 -0.184104
vn 0.188204 -0.96472 -0.184104
vn 0.608792 0.325696 0.723391
vn -0.774708 0.512905 -0.369804
vn 0.682178 0.373188 0.62878
vn 0.1377 -0.974999 -0.1744
vn 0.1377 -0.974999 -0.1744
vn 0.454991 -0.868682 -0.195896
vn -0.828691 0.354296 -0.433295
vn 0.451181 -0.845164 -0.286588
vn 0.451181 -0.845164 -0.286588
vn 0.970969 -0.033199 -0.236892
vn 0.762083 0.583087 0.281494
vn 0.762083 0.583087 0.281494
vn 0.212306 0.574317 0.790624
vn 0.852971 0.198393 0.482784
vn -0.774708 0.512905 -0.369804
vn 0.682178 0.373188 0.62878
vn -0.834786 0.476692 -0.275495
vn 0.764501 0.391 0.512501
vn 0.201001 -0.947704 -0.247901
vn 0.201001 -0.947704 -0.247901
vn 0.764501 0.391 0.512501
vn -0.834786 0.476692 -0.275495
vn 0.844 0.3309 -0.4221
vn 0.407015 -0.066002 -0.911034
vn 0.407015 -0.066002 -0.911034
vn 0.802295 0.434697 0.409098
vn -0.880164 0.469481 -0.069997
vn -0.880164 0.469481 -0.069997
vn 0.802295 0.434697 0.409098
vn 0.171805 -0.932425 -0.317909
vn 0.171805 -0.932425 -0.317909
vn -0.916836 0.394515 0.061402
vn 0.808419 0.515612 0.283907
vn 0.215804 -0.885116 -0.412308
vn 0.215804 -0.885116 -0.412308
vn 0.808419 0.515612 0.283907
vn -0.916836 0.394515 0.061402
vn 0.2172 -0.454801 0.863701
vn 0.2172 -0.454801 0.863701
vn 0.460508 -0.388107 0.798314
vn 0.3305 -0.3727 0.867101
vn 0.382999 -0.577098 0.721297
vn 0.205298 -0.548296 0.810694
vn 0.205298 -0.548296 0.810694
vn 0.724366 -0.260588 0.63827
vn 0.150597 0.472291 0.868483
vn -0.494121 0.47382 -0.72893
vn -0.934861 -0.178993 0.306587
vn -0.934861 -0.178993 0.306587
vn -0.494121 0.47382 -0.72893
vn 0.096898 -0.988882 0.112798
vn 0.096898 -0.988882 0.112798
vn 0.150597 0.472291 0.868483
vn -0.934861 -0.178993 0.306587
vn 0.537613 -0.592515 0.599915
vn 0.205298 -0.548296 0.810694
vn 0.382999 -0.577098 0.721297
vn 0.317791 -0.552884 0.770278
vn 0.537613 -0.592515 0.599915
vn 0.400399 -0.731498 0.551898
vn -0.556525 0.525623 -0.643429
vn -0.556525 0.525623 -0.643429
vn 0.414801 0.1379 0.899402
vn 0.414801 0.1379 0.899402
vn 0.049799 -0.975477 -0.214395
vn 0.096898 -0.988882 0.112798
vn 0.049799 -0.975477 -0.214395
vn 0.414801 0.1379 0.899402
vn 0.812512 -0.528308 0.246404
vn 0.400399 -0.731498 0.551898
vn 0.537613 -0.592515 0.599915
vn 0.812512 -0.528308 0.246404
vn 0.796186 -0.374794 0.474992
vn 0.317791 -0.552884 0.770278
vn 0.400399 -0.731498 0.551898
vn 0.673502 -0.725902 0.1395
vn 0.673502 -0.725902 0.1395
vn -0.646399 0.649499 -0.400399
vn 0.56021 0.110002 0.821014
vn -0.036001 -0.974426 -0.221806
vn -0.036001 -0.974426 -0.221806
vn -0.646399 0.649499 -0.400399
vn 0.56021 0.110002 0.821014
vn 0.317791 -0.552884 0.770278
vn 0.561606 -0.461405 0.686807
vn 0.561606 -0.461405 0.686807
vn 0.841438 -0.426319 0.332015
vn 0.418393 -0.375994 0.826786
vn 0.561606 -0.461405 0.686807
vn 0.418393 -0.375994 0.826786
vn 0.775431 -0.600824 -0.194208
vn 0.922199 -0.3695 -0.1141
vn 0.159796 0.330792 0.930076
vn -0.299691 0.298991 0.905974
vn -0.281505 -0.099202 0.954418
vn 0.107799 -0.269698 0.956892
vn 0.159796 0.330792 0.930076
vn 0.418393 -0.375994 0.826786
vn 0.087699 0.744987 0.661289
vn 0.36418 0.334582 0.869153
vn 0.087699 0.744987 0.661289
vn 0.71848 -0.168295 0.674881
vn 0.71848 -0.168295 0.674881
vn -0.109693 0.62516 0.77275
vn 0.618301 0.476001 0.625401
vn 0.087699 0.744987 0.661289
vn 0.618301 0.476001 0.625401
vn -0.109693 0.62516 0.77275
vn 0.304396 0.409795 0.85989
vn 0.2482 0.2412 0.9382
vn -0.0105 0.784297 0.620297
vn 0.266503 0.548406 0.792608
vn -0.109693 0.62516 0.77275
vn 0.266503 0.548406 0.792608
vn -0.0105 0.784297 0.620297
vn 0.806036 0.580626 0.114805
vn 0.812512 -0.528308 0.246404
vn 0.724009 0.480806 0.494606
vn 0.787787 -0.61559 -0.021
vn 0.673502 -0.725902 0.1395
vn 0.812512 -0.528308 0.246404
vn 0.886225 -0.439512 0.146404
vn 0.787787 -0.61559 -0.021
vn 0.812512 -0.528308 0.246404
vn 0.886225 -0.439512 0.146404
vn -0.217388 -0.899551 -0.37888
vn -0.553923 0.816434 -0.163107
vn -0.553923 0.816434 -0.163107
vn -0.217388 -0.899551 -0.37888
vn -0.646399 0.649499 -0.400399
vn 0.775431 -0.600824 -0.194208
vn 0.749913 -0.547709 0.371006
vn 0.856505 -0.509503 0.0825
vn 0.856505 -0.509503 0.0825
vn 0.777971 0.507081 -0.370986
vn 0.81141 -0.526206 -0.254403
vn 0.777971 0.507081 -0.370986
vn 0.688723 0.620021 -0.375813
vn 0.777971 0.507081 -0.370986
vn 0.725534 0.683932 0.076404
vn 0.81141 -0.526206 -0.254403
vn 0.732604 -0.679604 0.0378
vn 0.458399 0.501699 -0.733599
vn 0.487509 -0.52531 -0.697413
vn 0.81141 -0.526206 -0.254403
vn 0.777971 0.507081 -0.370986
vn 0.777971 0.507081 -0.370986
vn 0.458399 0.501699 -0.733599
vn 0.487509 -0.52531 -0.697413
vn 0.442276 0.55267 -0.706362
vn 0.686415 -0.647714 -0.330607
vn 0.81141 -0.526206 -0.254403
vn 0.487509 -0.52531 -0.697413
vn 0.379614 -0.760427 -0.526919
vn 0.81141 -0.526206 -0.254403
vn 0.379614 -0.760427 -0.526919
vn 0.686415 -0.647714 -0.330607
vn 0.903099 0.0374 0.4278
vn 0.903099 0.0374 0.4278
vn 0.35069 -0.678981 0.644982
vn 0.841438 -0.426319 0.332015
vn 0.922199 -0.3695 -0.1141
vn 0.377116 -0.739032 0.558224
vn 0.377116 -0.739032 0.558224
vn 0.510785 -0.71658 0.474986
vn 0.305817 0.18191 0.934551
vn 0.903099 0.0374 0.4278
vn 0.35069 -0.678981 0.644982
vn 0.35069 -0.678981 0.644982
vn -0.411718 -0.059903 0.90934
vn 0.305817 0.18191 0.934551
vn 0.305817 0.18191 0.934551
vn -0.411718 -0.059903 0.90934
vn -0.417701 0.467301 0.779202
vn -0.109693 0.62516 0.77275
vn -0.411718 -0.059903 0.90934
vn -0.096303 -0.635318 0.766222
vn 0.368718 -0.050903 0.928146
vn -0.096303 -0.635318 0.766222
vn 0.094804 0.487721 0.867837
vn 0.094804 0.487721 0.867837
vn -0.417701 0.467301 0.779202
vn -0.411718 -0.059903 0.90934
vn 0.393494 -0.64459 0.65549
vn -0.089102 -0.807921 0.582515
vn -0.096303 -0.635318 0.766222
vn -0.089102 -0.807921 0.582515
vn 0.169708 -0.554728 0.814541
vn -0.096303 -0.635318 0.766222
vn 0.169708 -0.554728 0.814541
vn 0.393494 -0.64459 0.65549
vn 0.679572 -0.282888 0.676872
vn 0.547697 0.579396 0.603596
vn 0.694973 0.331087 0.638275
vn 0.790864 0.0049 0.611972
vn -0.036001 -0.974426 -0.221806
vn -0.217388 -0.899551 -0.37888
vn 0.790864 0.0049 0.611972
vn 0.790864 0.0049 0.611972
vn -0.217388 -0.899551 -0.37888
vn -0.553923 0.816434 -0.163107
vn -0.3877 -0.871601 -0.3
vn 0.930091 -0.0439 0.364696
vn -0.3877 -0.871601 -0.3
vn -0.545227 0.837642 0.032902
vn -0.545227 0.837642 0.032902
vn 0.930091 -0.0439 0.364696
vn -0.545227 0.837642 0.032902
vn 0.790864 0.0049 0.611972
vn -0.3877 -0.871601 -0.3
vn -0.545227 0.837642 0.032902
vn -0.628307 -0.746709 -0.218303
vn 0.989255 -0.114195 0.091296
vn -0.628307 -0.746709 -0.218303
vn -0.545227 0.837642 0.032902
vn 0.930091 -0.0439 0.364696
vn -0.294912 0.944838 0.142506
vn -0.294912 0.944838 0.142506
vn -0.628307 -0.746709 -0.218303
vn -0.545227 0.837642 0.032902
vn 0.989255 -0.114195 0.091296
vn -0.294912 0.944838 0.142506
vn 0.930091 -0.0439 0.364696
vn 0.922199 -0.3695 -0.1141
vn 0.377116 -0.739032 0.558224
vn -0.074099 -0.802088 0.592591
vn 0.377116 -0.739032 0.558224
vn -0.628307 -0.746709 -0.218303
vn -0.294912 0.944838 0.142506
vn -0.759584 -0.650086 -0.0205
vn 0.980213 -0.145602 -0.134102
vn -0.759584 -0.650086 -0.0205
vn -0.146205 0.966836 0.209408
vn -0.146205 0.966836 0.209408
vn -0.759584 -0.650086 -0.0205
vn -0.294912 0.944838 0.142506
vn 0.980213 -0.145602 -0.134102
vn -0.759584 -0.650086 -0.0205
vn -0.146205 0.966836 0.209408
vn -0.810495 -0.564396 0.156699
vn 0.878936 -0.24041 -0.411917
vn -0.810495 -0.564396 0.156699
vn -0.035898 0.985557 0.165493
vn -0.035898 0.985557 0.165493
vn 0.878936 -0.24041 -0.411917
vn -0.0422 -0.998705 -0.0284
vn -0.074099 -0.802088 0.592591
vn -0.0422 -0.998705 -0.0284
vn -0.795382 -0.587787 0.147897
vn -0.656201 -0.588901 -0.471801
vn -0.339494 -0.768688 0.542091
vn -0.442185 -0.485483 0.754174
vn -0.795382 -0.587787 0.147897
vn -0.074099 -0.802088 0.592591
vn -0.637668 -0.769561 0.033998
vn -0.637668 -0.769561 0.033998
vn 0.113399 -0.758193 -0.642094
vn 0.113399 -0.758193 -0.642094
vn 0.219491 -0.136195 0.966061
vn -0.184605 -0.521213 0.833221
vn 0.309804 -0.434505 0.845711
vn 0.377116 -0.739032 0.558224
vn 0.169708 -0.554728 0.814541
vn -0.184605 -0.521213 0.833221
vn 0.219491 -0.136195 0.966061
vn 0.721469 0.189992 0.665872
vn 0.309804 -0.434505 0.845711
vn -0.339494 -0.768688 0.542091
vn -0.637668 -0.769561 0.033998
vn -0.544885 -0.317492 0.776079
vn -0.416307 -0.079801 0.905715
vn -0.544885 -0.317492 0.776079
vn -0.669037 0.345319 0.658137
vn -0.925269 0.351488 0.142595
vn -0.941974 -0.288692 0.171295
vn -0.925269 0.351488 0.142595
vn -0.669037 0.345319 0.658137
vn -0.544885 -0.317492 0.776079
vn -0.470788 0.021799 0.881977
vn -0.841873 -0.273591 -0.465185
vn -0.841873 -0.273591 -0.465185
vn -0.925269 0.351488 0.142595
vn -0.941974 -0.288692 0.171295
vn -0.856616 -0.0258 -0.515309
vn -0.865429 0.249808 -0.434314
vn -0.865429 0.249808 -0.434314
vn -0.941974 -0.288692 0.171295
vn -0.856616 -0.0258 -0.515309
vn -0.856616 -0.0258 -0.515309
vn 0.510785 -0.71658 0.474986
vn 0.169708 -0.554728 0.814541
vn 0.849168 -0.121395 0.513981
vn 0.393494 -0.64459 0.65549
vn 0.169708 -0.554728 0.814541
vn 0.169708 -0.554728 0.814541
vn 0.721469 0.189992 0.665872
vn 0.849168 -0.121395 0.513981
vn 0.784028 -0.499718 0.368213
vn 0.910982 -0.145597 0.385892
vn 0.679572 -0.282888 0.676872
vn 0.294315 -0.132007 0.946548
vn 0.546132 0.569933 0.613935
vn 0.294315 -0.132007 0.946548
vn 0.555914 -0.207905 0.80482
vn 0.555914 -0.207905 0.80482
vn 0.81098 0.479888 0.334692
vn 0.479297 -0.832794 0.276998
vn 0.479297 -0.832794 0.276998
vn 0.745833 -0.658929 0.097704
vn 0.555914 -0.207905 0.80482
vn 0.479297 -0.832794 0.276998
vn 0.881589 0.144998 0.449195
vn 0.81098 0.479888 0.334692
vn 0.565103 0.361502 0.741603
vn 0.546132 0.569933 0.613935
vn 0.81098 0.479888 0.334692
vn 0.79284 0.336017 0.508426
vn 0.881589 0.144998 0.449195
vn 0.79284 0.336017 0.508426
vn 0.81098 0.479888 0.334692
vn 0.770143 -0.266715 0.579433
vn 0.79284 0.336017 0.508426
vn 0.740334 0.379717 0.554725
vn 0.740334 0.379717 0.554725
vn 0.864322 -0.130503 0.485712
vn 0.770143 -0.266715 0.579433
vn 0.740334 0.379717 0.554725
vn 0.740334 0.379717 0.554725
vn 0.881589 0.144998 0.449195
vn 0.864322 -0.130503 0.485712
vn 0.346807 -0.832418 0.432209
vn 0.215902 -0.338103 0.916009
vn -0.217598 -0.328797 0.918991
vn 0.215902 -0.338103 0.916009
vn -0.284291 0.243992 0.927171
vn 0.215902 -0.338103 0.916009
vn 0.346807 -0.832418 0.432209
vn 0.692399 -0.665599 0.2785
vn 0.651898 -0.412498 0.636298
vn 0.651898 -0.412498 0.636298
vn 0.293199 -0.141 0.945597
vn -0.088199 0.360995 0.928388
vn 0.471202 -0.186401 0.862104
vn 0.258485 0.431775 0.86415
vn 0.565103 0.361502 0.741603
vn 0.505094 0.067899 0.860389
vn 0.273409 0.033001 0.961332
vn 0.390195 -0.496194 0.77559
vn 0.551989 -0.266895 0.789984
vn 0.4253 0.0286 0.9046
vn 0.557079 -0.145194 0.817669
vn 0.557079 -0.145194 0.817669
vn 0.471202 -0.186401 0.862104
vn 0.565103 0.361502 0.741603
vn 0.770143 -0.266715 0.579433
vn 0.864322 -0.130503 0.485712
vn 0.505094 0.067899 0.860389
vn 0.770143 -0.266715 0.579433
vn 0.427219 -0.203109 0.881039
vn 0.864322 -0.130503 0.485712
vn 0.427219 -0.203109 0.881039
vn 0.505094 0.067899 0.860389
vn 0.428069 -0.756545 0.494364
vn 0.346807 -0.832418 0.432209
vn 0.390195 -0.496194 0.77559
vn 0.557079 -0.145194 0.817669
vn 0.428069 -0.756545 0.494364
vn 0.390195 -0.496194 0.77559
vn 0.692399 -0.665599 0.2785
vn 0.327611 -0.659022 0.677023
vn 0.390294 -0.68989 0.609691
vn 0.354491 -0.800179 0.483787
vn 0.390294 -0.68989 0.609691
vn 0.692399 -0.665599 0.2785
vn 0.327611 -0.659022 0.677023
vn 0.354491 -0.800179 0.483787
vn 0.692399 -0.665599 0.2785
vn 0.327611 -0.659022 0.677023
vn 0.327611 -0.659022 0.677023
vn 0.293199 -0.141 0.945597
vn 0.354491 -0.800179 0.483787
vn -0.0112 -0.802987 0.595891
vn 0.390294 -0.68989 0.609691
vn 0.283302 -0.368503 0.885407
vn 0.293199 -0.141 0.945597
vn 0.327611 -0.659022 0.677023
vn -0.0112 -0.802987 0.595891
vn 0.327611 -0.659022 0.677023
vn 0.321817 -0.654934 0.683736
vn -0.0112 -0.802987 0.595891
vn 0.321817 -0.654934 0.683736
vn 0.467602 -0.730303 0.498002
vn 0.283302 -0.368503 0.885407
vn 0.286712 -0.038602 0.957239
vn 0.321817 -0.654934 0.683736
vn 0.105606 -0.310316 0.944749
vn 0.553313 -0.213605 0.805119
vn 0.105606 -0.310316 0.944749
vn 0.467602 -0.730303 0.498002
vn 0.321817 -0.654934 0.683736
vn 0.553313 -0.213605 0.805119
vn 0.69121 -0.581608 0.428906
vn 0.903489 -0.356396 0.238097
vn 0.945363 -0.26629 0.188093
vn 0.105606 -0.310316 0.944749
vn 0.901965 -0.101196 0.419784
vn 0.687226 -0.163406 0.707827
vn 0.901965 -0.101196 0.419784
vn 0.105606 -0.310316 0.944749
vn 0.553313 -0.213605 0.805119
vn 0.901965 -0.101196 0.419784
vn 0.304396 0.409795 0.85989
vn 0.844107 -0.527105 -0.098201
vn 0.995359 -0.029499 0.091596
vn 0.995359 -0.029499 0.091596
vn 0.844107 -0.527105 -0.098201
vn 0.63489 -0.577091 0.513692
vn 0.844107 -0.527105 -0.098201
vn 0.881589 0.144998 0.449195
vn 0.844107 -0.527105 -0.098201
vn 0.976668 -0.039499 -0.211093
vn 0.945363 -0.26629 0.188093
vn 0.864322 -0.130503 0.485712
vn 0.592 0.4264 0.6839
vn 0.995359 -0.029499 0.091596
vn 0.304396 0.409795 0.85989
vn 0.266503 0.548406 0.792608
vn 0.592 0.4264 0.6839
vn 0.304396 0.409795 0.85989
vn 0.976668 -0.039499 -0.211093
vn 0.988353 -0.130307 0.078604
vn 0.903489 -0.356396 0.238097
vn 0.945363 -0.26629 0.188093
vn 0.989496 -0.133399 -0.0557
vn 0.988353 -0.130307 0.078604
vn 0.945363 -0.26629 0.188093
vn 0.989496 -0.133399 -0.0557
vn 0.975472 0.070598 0.208494
vn 0.901965 -0.101196 0.419784
vn 0.989496 -0.133399 -0.0557
vn 0.978617 -0.167703 0.119102
vn 0.930354 -0.152193 0.333584
vn 0.976668 -0.039499 -0.211093
vn 0.995359 -0.029499 0.091596
vn 0.978617 -0.167703 0.119102
vn 0.930354 -0.152193 0.333584
vn 0.995359 -0.029499 0.091596
vn 0.96663 0.241308 0.086003
vn 0.978617 -0.167703 0.119102
vn 0.995359 -0.029499 0.091596
vn 0.96663 0.241308 0.086003
vn 0.900863 -0.389684 0.191292
vn 0.607031 -0.79204 0.064703
vn 0.965069 -0.187494 -0.182994
vn 0.978617 -0.167703 0.119102
vn 0.965069 -0.187494 -0.182994
vn 0.607031 -0.79204 0.064703
vn -0.722119 -0.656718 0.217406
vn -0.836375 0.423287 -0.348289
vn 0.517383 -0.820174 0.244192
vn -0.059201 0.359609 0.931223
vn -0.836375 0.423287 -0.348289
vn -0.722119 -0.656718 0.217406
vn -0.722119 -0.656718 0.217406
vn 0.517383 -0.820174 0.244192
vn -0.059201 0.359609 0.931223
vn 0.548508 -0.836112 0.0074
vn 0.0118 0.3882 0.9215
vn -0.747198 0.400599 -0.530298
vn -0.747198 0.400599 -0.530298
vn -0.088199 0.360995 0.928388
vn 0.171603 0.503109 0.847015
vn 0.153393 0.432979 0.888257
vn 0.153393 0.432979 0.888257
vn 0.283302 -0.368503 0.885407
vn 0.687226 -0.163406 0.707827
vn 0.171603 0.503109 0.847015
vn 0.153393 0.432979 0.888257
vn 0.634801 0.503501 0.586101
vn 0.800703 0.392001 0.453001
vn 0.800703 0.392001 0.453001
vn 0.634801 0.503501 0.586101
vn 0.800703 0.392001 0.453001
vn 0.790086 0.337394 0.511791
vn 0.901965 -0.101196 0.419784
vn 0.634801 0.503501 0.586101
vn 0.687226 -0.163406 0.707827
vn 0.800703 0.392001 0.453001
vn 0.930172 0.109897 0.350289
vn 0.800703 0.392001 0.453001
vn 0.907797 0.109 0.404999
vn 0.907797 0.109 0.404999
vn 0.930172 0.109897 0.350289
vn 0.975472 0.070598 0.208494
vn 0.877179 -0.043499 0.478189
vn 0.886554 0.037202 0.461128
vn 0.907797 0.109 0.404999
vn 0.930172 0.109897 0.350289
vn 0.886554 0.037202 0.461128
vn 0.975472 0.070598 0.208494
vn 0.900863 -0.389684 0.191292
vn 0.877179 -0.043499 0.478189
vn 0.739914 0.479209 0.472109
vn 0.803463 0.235089 0.546974
vn 0.803463 0.235089 0.546974
vn 0.767301 0.4936 0.4094
vn 0.710093 0.635293 0.303597
vn 0.906133 -0.169806 0.387414
vn 0.607031 -0.79204 0.064703
vn 0.923007 -0.0653 0.379203
vn 0.906133 -0.169806 0.387414
vn 0.923007 -0.0653 0.379203
vn 0.847837 0.321314 0.421818
vn 0.847837 0.321314 0.421818
vn 0.440393 0.765388 0.469293
vn 0.750406 0.617905 0.234702
vn 0.399895 0.891588 0.212497
vn 0.67611 0.71091 0.193603
vn 0.202707 0.978533 -0.037201
vn 0.688608 0.691808 0.217303
vn 0.609908 0.675608 0.414205
vn 0.266503 0.548406 0.792608
vn 0.343095 0.70039 0.625891
vn 0.927222 -0.225905 -0.298707
vn 0.452681 0.890562 -0.044498
vn 0.927222 -0.225905 -0.298707
vn 0.607031 -0.79204 0.064703
vn 0.452681 0.890562 -0.044498
vn 0.927222 -0.225905 -0.298707
vn 0.927222 -0.225905 -0.298707
vn 0.414097 -0.886593 -0.206098
vn 0.395912 -0.866926 -0.302809
vn 0.607031 -0.79204 0.064703
vn 0.927222 -0.225905 -0.298707
vn 0.414097 -0.886593 -0.206098
vn 0.245102 0.954707 -0.168701
vn 0.452681 0.890562 -0.044498
vn -0.043901 0.909715 -0.412907
vn 0.245102 0.954707 -0.168701
vn 0.287396 0.81799 -0.498294
vn -0.1465 0.731699 -0.665699
vn 0.609908 0.675608 0.414205
vn 0.409586 0.88087 0.237292
vn -0.109693 0.62516 0.77275
vn 0.409586 0.88087 0.237292
vn -0.0153 0.851703 0.523802
vn 0.152697 0.98818 -0.0136
vn 0.152697 0.98818 -0.0136
vn 0.152697 0.98818 -0.0136
vn -0.525711 0.057501 -0.848718
vn 0.068903 -0.983849 -0.165208
vn -0.094805 -0.992348 0.079104
vn -0.094805 -0.992348 0.079104
vn 0.068903 -0.983849 -0.165208
vn 0.821825 -0.024401 0.569217
vn 0.81595 -0.102106 0.569035
vn -0.166403 -0.96552 0.200204
vn -0.166403 -0.96552 0.200204
vn -0.509515 0.0153 -0.860326
vn 0.317808 -0.862321 -0.39421
vn 0.317808 -0.862321 -0.39421
vn 0.891006 -0.0608 0.449903
vn 0.395912 -0.866926 -0.302809
vn 0.607031 -0.79204 0.064703
vn 0.197199 0.980196 0.0181
vn 0.197199 0.980196 0.0181
vn 0.763636 0.542926 0.349416
vn 0.765782 0.622285 0.162296
vn 0.934214 0.236204 0.267304
vn 0.120004 0.961529 0.247107
vn 0.742623 0.229607 0.62912
vn 0.936177 0.323692 0.137097
vn 0.763636 0.542926 0.349416
vn 0.936177 0.323692 0.137097
vn 0.742623 0.229607 0.62912
vn 0.300298 -0.924495 -0.234799
vn 0.978061 0.100096 -0.182693
vn 0.994844 -0.0047 -0.101305
vn 0.999707 0.0242 -0.0009
vn 0.362994 -0.882687 -0.298495
vn 0.362994 -0.882687 -0.298495
vn -0.330596 0.558893 -0.76049
vn 0.146593 0.558774 -0.816261
vn -0.0018 0.887399 -0.460999
vn -0.330596 0.558893 -0.76049
vn -0.184493 0.904465 -0.384585
vn 0.146593 0.558774 -0.816261
vn -0.291391 0.928171 -0.231493
vn -0.332911 0.481216 -0.810926
vn 0.347594 -0.656988 -0.668988
vn 0.922182 0.079998 -0.378393
vn 0.146593 0.558774 -0.816261
vn 0.922182 0.079998 -0.378393
vn 0.474313 0.878723 0.053601
vn 0.347594 -0.656988 -0.668988
vn 0.120004 0.961529 0.247107
vn -0.332911 0.481216 -0.810926
vn 0.89123 -0.037301 0.452015
vn -0.097901 0.900307 0.424103
vn -0.097901 0.900307 0.424103
vn 0.966084 -0.048699 0.253596
vn 0.891006 -0.0608 0.449903
vn 0.966084 -0.048699 0.253596
vn 0.934214 0.236204 0.267304
vn 0.966084 -0.048699 0.253596
vn 0.891006 -0.0608 0.449903
vn 0.978061 0.100096 -0.182693
vn 0.978061 0.100096 -0.182693
vn 0.891006 -0.0608 0.449903
vn 0.356793 0.911482 -0.204696
vn 0.997478 0.065599 0.027099
vn -0.509515 0.0153 -0.860326
vn 0.395912 -0.866926 -0.302809
vn 0.978061 0.100096 -0.182693
vn 0.356793 0.911482 -0.204696
vn 0.81595 -0.102106 0.569035
vn 0.934214 0.236204 0.267304
vn 0.997478 0.065599 0.027099
vn 0.936177 0.323692 0.137097
vn 0.821825 -0.024401 0.569217
vn 0.994844 -0.0047 -0.101305
vn 0.936177 0.323692 0.137097
vn 0.994844 -0.0047 -0.101305
vn 0.922182 0.079998 -0.378393
vn 0.936177 0.323692 0.137097
vn 0.89123 -0.037301 0.452015
vn 0.89123 -0.037301 0.452015
vn -0.525711 0.057501 -0.848718
vn 0.999707 0.0242 -0.0009
vn 0.474313 0.878723 0.053601
vn 0.970948 0.106694 0.214188
vn 0.970948 0.106694 0.214188
vn 0.121897 0.991875 -0.036399
vn 0.121897 0.991875 -0.036399
vn -0.525711 0.057501 -0.848718
vn 0.121897 0.991875 -0.036399
vn -0.456907 0.192603 -0.868413
vn -0.456907 0.192603 -0.868413
vn 0.79343 -0.020301 0.608323
vn 0.79343 -0.020301 0.608323
vn -0.0718 0.980394 0.183499
vn -0.0718 0.980394 0.183499
vn 0.736288 0.445193 -0.509592
vn 0.736288 0.445193 -0.509592
vn 0.317808 -0.862321 -0.39421
vn -0.456907 0.192603 -0.868413
vn 0.736288 0.445193 -0.509592
vn 0.872916 0.029001 0.487009
vn 0.490627 -0.501428 -0.71264
vn 0.872916 0.029001 0.487009
vn 0.347594 -0.656988 -0.668988
vn -0.362116 0.576426 -0.732533
vn 0.490627 -0.501428 -0.71264
vn 0.872916 0.029001 0.487009
vn -0.097901 0.900307 0.424103
vn 0.89123 -0.037301 0.452015
vn -0.210002 0.795209 0.568807
vn -0.210002 0.795209 0.568807
vn -0.362116 0.576426 -0.732533
vn 0.579815 0.78882 -0.203905
vn -0.362116 0.576426 -0.732533
vn 0.872916 0.029001 0.487009
vn 0.490627 -0.501428 -0.71264
vn 0.579815 0.78882 -0.203905
vn 0.0572 0.973207 0.222702
vn 0.0572 0.973207 0.222702
vn 0.579815 0.78882 -0.203905
vn 0.084801 0.854007 0.513304
vn -0.0153 0.851703 0.523802
vn -0.109693 0.62516 0.77275
vn -0.223603 0.851712 0.473907
vn 0.0118 0.3882 0.9215
vn 0.548508 -0.836112 0.0074
vn 0.547697 0.579396 0.603596
vn 0.526382 -0.836571 0.151895
vn 0.548508 -0.836112 0.0074
vn -0.747198 0.400599 -0.530298
vn 0.526382 -0.836571 0.151895
vn 0.020499 0.553383 0.832675
vn 0.020499 0.553383 0.832675
vn -0.089603 0.991233 0.097103
vn -0.0153 0.851703 0.523802
vn -0.223603 0.851712 0.473907
vn 0.084801 0.854007 0.513304
vn 0.152697 0.98818 -0.0136
vn -0.696467 0.395481 -0.598772
vn -0.696467 0.395481 -0.598772
vn 0.526382 -0.836571 0.151895
vn -0.747198 0.400599 -0.530298
vn 0.519079 -0.834267 0.185893
vn 0.141407 0.558529 0.817343
vn -0.696467 0.395481 -0.598772
vn 0.020499 0.553383 0.832675
vn 0.141407 0.558529 0.817343
vn 0.519079 -0.834267 0.185893
vn -0.694196 0.562897 -0.448597
vn -0.696467 0.395481 -0.598772
vn 0.141407 0.558529 0.817343
vn -0.694196 0.562897 -0.448597
vn 0.377108 -0.866519 0.327007
vn 0.519079 -0.834267 0.185893
vn -0.694196 0.562897 -0.448597
vn 0.377108 -0.866519 0.327007
vn -0.685627 0.542121 -0.485819
vn -0.694196 0.562897 -0.448597
vn 0.141407 0.558529 0.817343
vn 0.205602 0.624706 0.753307
vn 0.205602 0.624706 0.753307
vn -0.685627 0.542121 -0.485819
vn -0.083797 0.87767 -0.471884
vn 0.011799 0.853857 -0.520374
vn -0.083797 0.87767 -0.471884
vn 0.011799 0.853857 -0.520374
vn 0.152697 0.98818 -0.0136
vn 0.167995 0.97367 0.154095
vn 0.305802 0.915507 -0.261402
vn 0.084801 0.854007 0.513304
vn 0.547697 0.579396 0.603596
vn 0.5459 0.7375 0.3976
vn 0.5459 0.7375 0.3976
vn 0.888571 0.458085 -0.024499
vn 0.78803 0.614524 -0.037001
vn 0.694973 0.331087 0.638275
vn 0.962127 0.261907 0.075602
vn 0.888571 0.458085 -0.024499
vn 0.871432 0.458917 -0.173206
vn 0.962127 0.261907 0.075602
vn 0.686006 0.694106 -0.218202
vn 0.871432 0.458917 -0.173206
vn 0.888571 0.458085 -0.024499
vn 0.78803 0.614524 -0.037001
vn 0.548076 0.803265 0.23319
vn 0.548076 0.803265 0.23319
vn 0.97161 0.234902 0.0282
vn 0.4237 0.879401 0.2171
vn 0.97161 0.234902 0.0282
vn 0.871432 0.458917 -0.173206
vn 0.686006 0.694106 -0.218202
vn 0.519079 0.854366 -0.024799
vn 0.941236 0.226209 0.250809
vn 0.946297 0.193899 0.258699
vn 0.946297 0.193899 0.258699
vn 0.941236 0.226209 0.250809
vn 0.941236 0.226209 0.250809
vn 0.946297 0.193899 0.258699
vn 0.874868 0.243191 0.418885
vn 0.655292 0.753591 0.051899
vn 0.874868 0.243191 0.418885
vn 0.333313 -0.880334 0.337513
vn 0.353084 0.650371 0.67257
vn 0.333313 -0.880334 0.337513
vn 0.353084 0.650371 0.67257
vn -0.594095 0.555696 -0.581595
vn -0.594095 0.555696 -0.581595
vn 0.229802 -0.903807 0.361003
vn -0.498883 0.60508 -0.620479
vn 0.459625 0.663337 0.590533
vn -0.498883 0.60508 -0.620479
vn 0.229802 -0.903807 0.361003
vn 0.459625 0.663337 0.590533
vn 0.509394 0.647593 0.566693
vn -0.495292 0.536091 -0.683588
vn 0.186593 -0.898967 0.396285
vn 0.186593 -0.898967 0.396285
vn -0.495292 0.536091 -0.683588
vn 0.509394 0.647593 0.566693
vn 0.39398 0.79516 0.460977
vn 0.867272 0.194694 0.458185
vn 0.867272 0.194694 0.458185
vn 0.655292 0.753591 0.051899
vn 0.305802 0.915507 -0.261402
vn 0.655292 0.753591 0.051899
vn 0.770904 0.628203 -0.105201
vn 0.59069 0.635989 -0.496592
vn 0.337305 0.523507 -0.78241
vn -0.083797 0.87767 -0.471884
vn 0.194401 -0.924103 0.329001
vn -0.490922 0.583726 -0.646729
vn -0.490922 0.583726 -0.646729
vn 0.736288 0.445193 -0.509592
vn 0.359796 0.526495 0.770292
vn -0.498207 0.296704 0.814712
vn -0.390514 0.535219 0.749026
vn -0.416307 -0.079801 0.905715
vn 0.388802 0.312501 0.866704
vn -0.390514 0.535219 0.749026
vn -0.498207 0.296704 0.814712
vn -0.498207 0.296704 0.814712
vn 0.359796 0.526495 0.770292
vn 0.388802 0.312501 0.866704
vn -0.0878 0.216601 0.972304
vn 0.815705 0.0086 0.578404
vn 0.309804 -0.434505 0.845711
vn 0.815705 0.0086 0.578404
vn -0.416307 -0.079801 0.905715
vn -0.0878 0.216601 0.972304
vn 0.333008 0.570814 0.750518
vn -0.0878 0.216601 0.972304
vn -0.044799 0.902674 0.427988
vn 0.414708 0.663512 0.622711
vn 0.333008 0.570814 0.750518
vn 0.815705 0.0086 0.578404
vn 0.333008 0.570814 0.750518
vn 0.786746 0.088094 0.610958
vn -0.558573 0.092695 0.82426
vn -0.416307 -0.079801 0.905715
vn -0.044799 0.902674 0.427988
vn 0.484105 0.738508 0.469305
vn 0.333008 0.570814 0.750518
vn 0.333008 0.570814 0.750518
vn 0.484105 0.738508 0.469305
vn 0.818401 0.1276 0.560301
vn 0.818401 0.1276 0.560301
vn 0.786746 0.088094 0.610958
vn 0.333008 0.570814 0.750518
vn 0.507309 0.848715 -0.149403
vn 0.507309 0.848715 -0.149403
vn 0.818401 0.1276 0.560301
vn 0.484105 0.738508 0.469305
vn 0.868401 0.3958 0.2987
vn 0.388802 0.312501 0.866704
vn 0.359796 0.526495 0.770292
vn 0.388802 0.312501 0.866704
vn 0.868401 0.3958 0.2987
vn 0.901475 0.282192 0.328191
vn 0.901475 0.282192 0.328191
vn 0.414708 0.663512 0.622711
vn 0.388802 0.312501 0.866704
vn 0.941375 0.137896 -0.307892
vn 0.901475 0.282192 0.328191
vn 0.868401 0.3958 0.2987
vn 0.868401 0.3958 0.2987
vn 0.762083 0.583087 0.281494
vn 0.844 0.3309 -0.4221
vn 0.941375 0.137896 -0.307892
vn -0.044799 0.902674 0.427988
vn 0.725388 0.686389 0.051799
vn 0.183592 0.969057 -0.164993
vn 0.183592 0.969057 -0.164993
vn 0.972582 0.0111 -0.232296
vn 0.725388 0.686389 0.051799
vn 0.951721 -0.237805 -0.194104
vn 0.910982 -0.145597 0.385892
vn 0.784028 -0.499718 0.368213
vn 0.996775 0.070898 0.037599
vn 0.951721 -0.237805 -0.194104
vn 0.913664 0.24199 0.326587
vn 0.849628 0.216007 0.481116
vn 0.849628 0.216007 0.481116
vn 0.518912 0.819619 0.242806
vn 0.645421 0.763826 0.0013
vn 0.849628 0.216007 0.481116
vn 0.913664 0.24199 0.326587
vn 0.645421 0.763826 0.0013
vn 0.519079 0.854366 -0.024799
vn 0.519079 0.854366 -0.024799
vn 0.645421 0.763826 0.0013
vn 0.4237 0.879401 0.2171
vn 0.518912 0.819619 0.242806
vn 0.39398 0.79516 0.460977
vn 0.928887 0.347395 0.128398
vn 0.913664 0.24199 0.326587
vn 0.995589 0.054599 -0.076299
vn 0.565519 0.737925 0.368313
vn 0.928887 0.347395 0.128398
vn 0.565519 0.737925 0.368313
vn 0.849168 -0.121395 0.513981
vn 0.849168 -0.121395 0.513981
vn 0.818401 0.1276 0.560301
vn 0.996775 0.070898 0.037599
vn 0.904029 0.386412 0.182806
vn 0.904029 0.386412 0.182806
vn 0.833676 0.213094 -0.509485
vn 0.996775 0.070898 0.037599
vn 0.749821 0.542816 -0.378311
vn 0.833676 0.213094 -0.509485
vn 0.801985 -0.050699 -0.595189
vn 0.39398 0.79516 0.460977
vn 0.565519 0.737925 0.368313
vn 0.564314 0.622015 0.542813
vn 0.564314 0.622015 0.542813
vn 0.678685 0.375992 0.630886
vn 0.616795 0.610295 0.497096
vn 0.616795 0.610295 0.497096
vn 0.564314 0.622015 0.542813
vn 0.565519 0.737925 0.368313
vn 0.878464 0.471981 -0.074397
vn 0.878464 0.471981 -0.074397
vn 0.844283 0.287594 -0.452191
vn 0.87637 0.209093 -0.433885
vn 0.749821 0.542816 -0.378311
vn 0.442013 -0.34061 0.829825
vn -0.262211 -0.043302 0.964039
vn -0.930239 -0.130105 0.343115
vn -0.930239 -0.130105 0.343115
vn -0.262211 -0.043302 0.964039
vn 0.220606 0.919726 0.324709
vn -0.788804 -0.592803 -0.162401
vn 0.442013 -0.34061 0.829825
vn -0.930239 -0.130105 0.343115
vn -0.539001 0.799301 -0.2657
vn -0.788804 -0.592803 -0.162401
vn -0.930239 -0.130105 0.343115
vn -0.539001 0.799301 -0.2657
vn -0.915766 0.230091 -0.329288
vn -0.915766 0.230091 -0.329288
vn 0.564399 0.516199 0.644199
vn 0.564399 0.516199 0.644199
vn 0.504401 -0.781501 -0.3672
vn 0.504401 -0.781501 -0.3672
vn -0.980591 0.123599 -0.152199
vn 0.564399 0.516199 0.644199
vn -0.980591 0.123599 -0.152199
vn -0.915766 0.230091 -0.329288
vn 0.498102 -0.719604 -0.483802
vn 0.640431 0.582428 0.500624
vn 0.564399 0.516199 0.644199
vn 0.504401 -0.781501 -0.3672
vn 0.498102 -0.719604 -0.483802
vn 0.640431 0.582428 0.500624
vn -0.999739 -0.014901 -0.017301
vn 0.601591 0.68699 0.407594
vn -0.999739 -0.014901 -0.017301
vn 0.808419 0.515612 0.283907
vn 0.215804 -0.885116 -0.412308
vn 0.775595 0.585696 0.235398
vn 0.775595 0.585696 0.235398
vn 0.601591 0.68699 0.407594
vn 0.463306 -0.663108 -0.587907
vn 0.463306 -0.663108 -0.587907
vn 0.567977 0.761169 0.313087
vn 0.567977 0.761169 0.313087
vn -0.262211 -0.043302 0.964039
vn 0.442013 -0.34061 0.829825
vn 0.220606 0.919726 0.324709
vn 0.26391 -0.863934 0.428917
vn 0.442013 -0.34061 0.829825
vn 0.26391 -0.863934 0.428917
vn 0.728204 -0.679103 0.0924
vn 0.728204 -0.679103 0.0924
vn 0.795 0.5978 -0.103
vn -0.459391 -0.876583 -0.143397
vn 0.26391 -0.863934 0.428917
vn -0.459391 -0.876583 -0.143397
vn 0.728204 -0.679103 0.0924
vn 0.752492 0.397796 0.524894
vn 0.678685 0.375992 0.630886
vn 0.564314 0.622015 0.542813
vn 0.616795 0.610295 0.497096
vn 0.867272 0.194694 0.458185
vn 0.874868 0.243191 0.418885
vn 0.752492 0.397796 0.524894
vn 0.770904 0.628203 -0.105201
vn 0.878464 0.471981 -0.074397
vn 0.844283 0.287594 -0.452191
vn 0.194401 -0.924103 0.329001
vn 0.542705 0.609506 0.577905
vn 0.61276 0.521966 0.593361
vn 0.257792 -0.953671 0.155095
vn 0.257792 -0.953671 0.155095
vn 0.542705 0.609506 0.577905
vn -0.504414 0.627518 -0.593117
vn 0.61276 0.521966 0.593361
vn -0.504414 0.627518 -0.593117
vn 0.349209 -0.936424 0.034101
vn -0.590885 0.686482 -0.423789
vn 0.585002 0.513701 0.627602
vn -0.590885 0.686482 -0.423789
vn 0.349209 -0.936424 0.034101
vn 0.585002 0.513701 0.627602
vn 0.424586 -0.89777 -0.117196
vn 0.649902 0.460001 0.605002
vn 0.349209 -0.936424 0.034101
vn 0.424586 -0.89777 -0.117196
vn 0.649902 0.460001 0.605002
vn -0.69281 0.65511 -0.301405
vn -0.69281 0.65511 -0.301405
vn 0.649902 0.460001 0.605002
vn -0.716311 -0.0282 -0.697211
vn -0.582122 -0.810531 0.064602
vn -0.985231 -0.171105 -0.0065
vn -0.985231 -0.171105 -0.0065
vn -0.993764 -0.109996 0.018299
vn -0.698924 0.059402 -0.712725
vn -0.716311 -0.0282 -0.697211
vn -0.55293 -0.712538 -0.431923
vn -0.55293 -0.712538 -0.431923
vn 0.468995 -0.806592 -0.359796
vn -0.55293 -0.712538 -0.431923
vn -0.716311 -0.0282 -0.697211
vn 0.082599 -0.726395 -0.682296
vn 0.082599 -0.726395 -0.682296
vn -0.698924 0.059402 -0.712725
vn 0.148406 -0.013001 -0.988841
vn -0.978572 0.104197 0.177595
vn 0.479501 0.814701 0.3261
vn 0.191497 -0.954883 -0.226996
vn -0.978572 0.104197 0.177595
vn -0.978572 0.104197 0.177595
vn 0.479501 0.814701 0.3261
vn 0.553504 0.710705 0.434203
vn -0.976923 0.212805 -0.0183
vn 0.137801 -0.937307 -0.320103
vn -0.976923 0.212805 -0.0183
vn 0.479501 0.814701 0.3261
vn 0.191497 -0.954883 -0.226996
vn 0.553504 0.710705 0.434203
vn 0.175298 -0.94559 -0.274097
vn -0.916302 0.2156 -0.337501
vn 0.325897 0.805094 0.495596
vn 0.325897 0.805094 0.495596
vn -0.916302 0.2156 -0.337501
vn -0.976923 0.212805 -0.0183
vn 0.137801 -0.937307 -0.320103
vn 0.175298 -0.94559 -0.274097
vn 0.325897 0.805094 0.495596
vn -0.086201 0.442506 -0.892613
vn -0.839387 0.242996 -0.486192
vn -0.086201 0.442506 -0.892613
vn -0.653309 0.205703 -0.72861
vn 0.159295 0.125896 -0.979171
vn -0.086201 0.442506 -0.892613
vn 0.151103 0.311907 -0.93802
vn 0.201607 -0.936134 -0.28811
vn 0.159106 0.781928 0.602722
vn 0.325897 0.805094 0.495596
vn 0.175298 -0.94559 -0.274097
vn 0.201607 -0.936134 -0.28811
vn 0.0534 0.135001 -0.989405
vn -0.784564 0.273487 -0.556475
vn -0.784564 0.273487 -0.556475
vn 0.159106 0.781928 0.602722
vn 0.216898 -0.949292 -0.227598
vn 0.201607 -0.936134 -0.28811
vn -0.784564 0.273487 -0.556475
vn -0.601271 0.297585 -0.741564
vn -0.601271 0.297585 -0.741564
vn 0.216898 -0.949292 -0.227598
vn -0.784564 0.273487 -0.556475
vn 0.085398 0.736082 0.671484
vn 0.216898 -0.949292 -0.227598
vn 0.085398 0.736082 0.671484
vn 0.085398 0.736082 0.671484
vn 0.216898 -0.949292 -0.227598
vn -0.129698 0.731687 0.669188
vn -0.348703 0.349303 -0.869709
vn -0.129698 0.731687 0.669188
vn 0.216898 -0.949292 -0.227598
vn -0.601271 0.297585 -0.741564
vn 0.238992 -0.950767 -0.197293
vn 0.238992 -0.950767 -0.197293
vn -0.348703 0.349303 -0.869709
vn -0.086201 0.442506 -0.892613
vn 0.720216 0.423209 -0.549712
vn 0.151103 0.311907 -0.93802
vn 0.0534 0.135001 -0.989405
vn 0.811904 0.176401 -0.556503
vn 0.810316 0.074702 -0.581212
vn 0.159295 0.125896 -0.979171
vn 0.151103 0.311907 -0.93802
vn 0.811904 0.176401 -0.556503
vn 0.727302 -0.0929 -0.680001
vn 0.148406 -0.013001 -0.988841
vn 0.159295 0.125896 -0.979171
vn 0.817879 0.041599 -0.573885
vn 0.817879 0.041599 -0.573885
vn 0.082599 -0.726395 -0.682296
vn 0.148406 -0.013001 -0.988841
vn 0.468995 -0.806592 -0.359796
vn 0.727302 -0.0929 -0.680001
vn 0.727302 -0.0929 -0.680001
vn 0.492693 -0.809588 -0.319095
vn 0.468995 -0.806592 -0.359796
vn -0.753609 0.486706 0.441805
vn 0.027599 -0.956479 -0.290494
vn -0.605087 0.202095 -0.770083
vn 0.027599 -0.956479 -0.290494
vn 0.754811 0.513607 -0.408006
vn -0.413309 -0.837518 -0.357408
vn -0.605087 0.202095 -0.770083
vn 0.754811 0.513607 -0.408006
vn 0.027599 -0.956479 -0.290494
vn -0.46761 0.850218 0.241805
vn 0.754811 0.513607 -0.408006
vn -0.753609 0.486706 0.441805
vn -0.605087 0.202095 -0.770083
vn 0.754811 0.513607 -0.408006
vn 0.959895 0.167799 -0.224599
vn 0.559797 0.353598 -0.749397
vn 0.810316 0.074702 -0.581212
vn 0.0534 0.135001 -0.989405
vn 0.559797 0.353598 -0.749397
vn 0.252502 -0.940107 -0.229002
vn -0.252003 0.694607 0.673807
vn 0.252502 -0.940107 -0.229002
vn -0.0477 0.446905 -0.893309
vn -0.0477 0.446905 -0.893309
vn -0.252003 0.694607 0.673807
vn -0.0477 0.446905 -0.893309
vn 0.251398 -0.941892 -0.222798
vn 0.252502 -0.940107 -0.229002
vn 0.252502 -0.940107 -0.229002
vn 0.251398 -0.941892 -0.222798
vn -0.3841 0.6216 0.6827
vn -0.252003 0.694607 0.673807
vn 0.265703 0.536906 -0.800709
vn -0.463397 0.629496 0.623696
vn 0.317895 -0.909785 -0.266896
vn 0.317895 -0.909785 -0.266896
vn 0.265703 0.536906 -0.800709
vn -0.0477 0.446905 -0.893309
vn -0.252003 0.694607 0.673807
vn -0.3841 0.6216 0.6827
vn -0.463397 0.629496 0.623696
vn 0.532191 0.60729 -0.589891
vn 0.532191 0.60729 -0.589891
vn -0.530109 -0.523909 0.666711
vn -0.530109 -0.523909 -0.666711
vn 0.182101 -0.841403 -0.508802
vn -0.83531 0.139802 0.531707
vn -0.530109 -0.523909 -0.666711
vn -0.530109 -0.523909 0.666711
vn 0.182101 -0.841403 0.508802
vn -0.530109 -0.523909 0.666711
vn 0.182101 -0.841403 0.508802
vn 0.484009 0.500909 0.717513
vn 0.484009 0.500909 0.717513
vn -0.83531 0.139802 0.531707
vn -0.530109 -0.523909 0.666711
vn 0.484009 0.500909 -0.717513
vn 0.182101 -0.841403 -0.508802
vn -0.530109 -0.523909 -0.666711
vn -0.835299 0.1399 -0.531699
vn -0.530109 -0.523909 -0.666711
vn -0.835299 0.1399 -0.531699
vn 0.484009 0.500909 -0.717513
vn 0.848913 -0.204403 -0.487407
vn 0.848913 -0.204403 0.487407
vn 0.182101 -0.841403 0.508802
vn 0.848913 -0.204403 0.487407
vn 0.182101 -0.841403 -0.508802
vn 0.848913 -0.204403 0.487407
vn 0.848913 -0.204403 -0.487407
vn 0.484009 0.500909 0.717513
vn 0.484009 0.500909 -0.717513
vn 0.848913 -0.204403 -0.487407
vn 0.182101 -0.841403 -0.508802
vn 0.484009 0.500909 -0.717513
vn 0.285507 -0.922122 -0.261106
vn 0.851583 0.49429 0.174596
vn 0.285507 -0.922122 -0.261106
vn -0.735811 0.612609 0.288604
vn 0.867676 0.407189 0.285192
vn -0.76398 0.537486 0.356991
vn -0.76398 0.537486 0.356991
vn 0.851583 0.49429 0.174596
vn 0.861246 0.497327 -0.104506
vn 0.185196 -0.92168 -0.340893
vn 0.185196 -0.92168 -0.340893
vn -0.720475 0.558281 0.411386
vn 0.861246 0.497327 -0.104506
vn -0.720475 0.558281 0.411386
vn 0.350406 -0.885716 -0.304505
vn 0.722987 0.605589 -0.332494
vn 0.350406 -0.885716 -0.304505
vn -0.608677 0.636876 0.473182
vn -0.608677 0.636876 0.473182
vn 0.722987 0.605589 -0.332494
vn -0.608677 0.636876 0.473182
vn 0.350406 -0.885716 -0.304505
vn 0.317895 -0.909785 -0.266896
vn 0.532191 0.60729 -0.589891
vn -0.269899 0.865197 0.422598
vn -0.93097 0.365088 0.0021
vn -0.783487 -0.451092 0.427393
vn -0.783487 -0.451092 0.427393
vn -0.93097 0.365088 0.0021
vn -0.215998 -0.435896 -0.873693
vn 0.233002 0.432503 0.871006
vn 0.265094 -0.904678 -0.333592
vn -0.210995 -0.90178 0.377192
vn -0.783487 -0.451092 0.427393
vn -0.210995 -0.90178 0.377192
vn 0.233002 0.432503 0.871006
vn -0.93097 0.365088 0.0021
vn -0.269899 0.865197 0.422598
vn 0.157892 0.885456 -0.437078
vn -0.505592 0.428593 -0.748788
vn -0.505592 0.428593 -0.748788
vn -0.269899 0.865197 0.422598
vn 0.233002 0.432503 0.871006
vn 0.793939 0.423421 -0.436321
vn 0.157892 0.885456 -0.437078
vn -0.215998 -0.435896 -0.873693
vn -0.505592 0.428593 -0.748788
vn 0.157892 0.885456 -0.437078
vn 0.793939 0.423421 -0.436321
vn 0.265094 -0.904678 -0.333592
vn -0.215998 -0.435896 -0.873693
vn 0.793939 0.423421 -0.436321
vn -0.210995 -0.90178 0.377192
vn 0.265094 -0.904678 -0.333592
vn 0.921338 -0.373516 -0.107804
vn 0.4376 -0.4042 0.803199
vn 0.4376 -0.4042 0.803199
vn 0.921338 -0.373516 -0.107804
vn 0.4376 -0.4042 0.803199
vn 0.921338 -0.373516 -0.107804
vn 0.363814 -0.367214 -0.856033
vn 0.108705 -0.613427 -0.782234
vn 0.363814 -0.367214 -0.856033
vn 0.438498 -0.270699 -0.856996
vn 0.627296 -0.226898 -0.744995
vn 0.438498 -0.270699 -0.856996
vn 0.138597 0.433191 -0.890582
vn 0.487509 -0.52531 -0.697413
vn 0.458399 0.501699 -0.733599
vn 0.442276 0.55267 -0.706362
vn 0.667234 -0.20481 -0.716136
vn -0.83531 0.139802 0.531707
vn -0.280198 0.821994 0.495797
vn -0.280198 0.821994 -0.495797
vn -0.280198 0.821994 0.495797
vn -0.835299 0.1399 -0.531699
vn -0.280198 0.821994 -0.495797
vn -0.280198 0.821994 0.495797
vn -0.280198 0.821994 -0.495797
vn -0.400089 -0.662482 -0.633283
vn -0.177499 -0.685096 -0.706496
vn -0.104098 -0.561387 -0.82098
vn -0.177499 -0.685096 -0.706496
vn -0.104098 -0.561387 -0.82098
vn 0.646671 -0.383983 -0.65907
vn -0.177499 -0.685096 -0.706496
vn 0.687626 -0.173107 -0.705127
vn 0.407015 -0.066002 -0.911034
vn 0.687626 -0.173107 -0.705127
vn -0.321194 -0.209796 -0.923483
vn -0.321194 -0.209796 -0.923483
vn 0.407015 -0.066002 -0.911034
vn 0.687626 -0.173107 -0.705127
vn 0.646671 -0.383983 -0.65907
vn 0.687626 -0.173107 -0.705127
vn -0.936408 0.269202 0.225102
vn 0.273509 -0.821326 -0.500616
vn 0.273509 -0.821326 -0.500616
vn 0.123693 -0.479373 -0.868851
vn 0.123693 -0.479373 -0.868851
vn -0.239692 -0.456984 -0.856571
vn -0.987507 0.0495 -0.149601
vn -0.344708 -0.189804 0.919321
vn 0.020699 0.999772 -0.0052
vn 0.0076 -0.21151 -0.977346
vn -0.344708 -0.189804 0.919321
vn -0.987507 0.0495 -0.149601
vn -0.987507 0.0495 -0.149601
vn 0.020699 0.999772 -0.0052
vn 0.0076 -0.21151 -0.977346
vn -0.480303 -0.339802 0.808606
vn 0.193091 -0.379882 -0.904658
vn -0.480303 -0.339802 0.808606
vn 0.071199 0.99568 -0.059599
vn 0.020699 0.999772 -0.0052
vn -0.480303 -0.339802 0.808606
vn 0.071199 0.99568 -0.059599
vn 0.193091 -0.379882 -0.904658
vn 0.546409 -0.443407 -0.710512
vn 0.122106 0.992246 -0.023201
vn -0.567679 -0.304989 0.764672
vn -0.691305 -0.459903 0.557304
vn -0.691305 -0.459903 0.557304
vn -0.567679 -0.304989 0.764672
vn 0.33659 -0.349289 -0.874474
vn 0.111897 0.989869 0.087397
vn 0.57522 -0.303211 -0.759727
vn -0.752926 -0.494617 0.434115
vn -0.752926 -0.494617 0.434115
vn 0.1249 -0.1424 -0.981897
vn 0.1249 -0.1424 -0.981897
vn 0.33659 -0.349289 -0.874474
vn 0.122106 0.992246 -0.023201
vn 0.57522 -0.303211 -0.759727
vn 0.111897 0.989869 0.087397
vn 0.157103 0.160703 -0.974419
vn 0.043199 0.0142 -0.998966
vn 0.438322 -0.114106 -0.891545
vn 0.438322 -0.114106 -0.891545
vn -0.073397 0.45578 -0.887061
vn 0.043199 0.0142 -0.998966
vn 0.157103 0.160703 -0.974419
vn 0.166692 0.481478 -0.860461
vn 0.166692 0.481478 -0.860461
vn -0.605467 -0.215788 0.766058
vn -0.62802 0.602919 0.492016
vn -0.730235 -0.227711 -0.644131
vn 0.771877 0.168695 0.612982
vn -0.62802 0.602919 0.492016
vn -0.605467 -0.215788 0.766058
vn -0.605467 -0.215788 0.766058
vn -0.730235 -0.227711 -0.644131
vn -0.133501 -0.827208 0.545806
vn -0.605467 -0.215788 0.766058
vn -0.133501 -0.827208 0.545806
vn 0.717381 -0.594584 0.36309
vn 0.771877 0.168695 0.612982
vn -0.667206 0.541005 -0.512005
vn 0.345593 0.884682 0.312894
vn -0.667206 0.541005 -0.512005
vn -0.62802 0.602919 0.492016
vn 0.345593 0.884682 0.312894
vn -0.730235 -0.227711 -0.644131
vn -0.667206 0.541005 -0.512005
vn 0.086399 0.856186 -0.509392
vn -0.236513 -0.845847 -0.478126
vn 0.578372 0.184391 -0.794661
vn -0.236513 -0.845847 -0.478126
vn 0.086399 0.856186 -0.509392
vn -0.236513 -0.845847 -0.478126
vn 0.717381 -0.594584 0.36309
vn -0.133501 -0.827208 0.545806
vn 0.578372 0.184391 -0.794661
vn 0.771877 0.168695 0.612982
vn 0.717381 -0.594584 0.36309
vn 0.694084 -0.564787 -0.44639
vn 0.694084 -0.564787 -0.44639
vn 0.345593 0.884682 0.312894
vn 0.771877 0.168695 0.612982
vn 0.578372 0.184391 -0.794661
vn 0.578372 0.184391 -0.794661
vn 0.086399 0.856186 -0.509392
vn 0.345593 0.884682 0.312894
vn 0.578372 0.184391 -0.794661
vn 0.694084 -0.564787 -0.44639
vn -0.236513 -0.845847 -0.478126
vn 0.754706 -0.171301 -0.633305
vn 0.019601 0.984936 0.171806
vn -0.810495 -0.564396 0.156699
vn -0.035898 0.985557 0.165493
vn -0.035898 0.985557 0.165493
vn 0.878936 -0.24041 -0.411917
vn 0.754706 -0.171301 -0.633305
vn 0.019601 0.984936 0.171806
vn 0.113399 -0.758193 -0.642094
vn 0.115499 -0.318698 -0.940793
vn -0.419699 0.2495 -0.872698
vn -0.248698 -0.281098 -0.926894
vn -0.419699 0.2495 -0.872698
vn -0.841873 -0.273591 -0.465185
vn -0.865429 0.249808 -0.434314
vn -0.502602 0.311101 -0.806603
vn -0.321194 -0.209796 -0.923483
vn -0.502602 0.311101 -0.806603
vn -0.269907 -0.093603 -0.958326
vn -0.248698 -0.281098 -0.926894
vn -0.269907 -0.093603 -0.958326
vn 0.296786 0.406381 -0.86416
vn 0.404887 0.067498 -0.911872
vn -0.419699 0.2495 -0.872698
vn 0.115499 -0.318698 -0.940793
vn 0.043199 0.0142 -0.998966
vn 0.115499 -0.318698 -0.940793
vn 0.043199 0.0142 -0.998966
vn -0.0429 -0.0132 -0.998992
vn 0.117304 -0.356414 -0.926935
vn 0.115499 -0.318698 -0.940793
vn 0.020299 -0.123197 -0.992175
vn 0.117304 -0.356414 -0.926935
vn 0.020299 -0.123197 -0.992175
vn 0.115499 -0.318698 -0.940793
vn -0.176098 0.461495 -0.86949
vn -0.073397 0.45578 -0.887061
vn -0.0429 -0.0132 -0.998992
vn 0.50727 -0.137492 -0.850749
vn 0.588974 0.22199 -0.777065
vn 0.50727 -0.137492 -0.850749
vn 0.337305 0.523507 -0.78241
vn 0.454407 0.135602 -0.880413
vn 0.454407 0.135602 -0.880413
vn 0.801985 -0.050699 -0.595189
vn 0.833676 0.213094 -0.509485
vn 0.588974 0.22199 -0.777065
vn -0.713329 0.224709 0.663827
vn -0.315309 -0.709421 -0.630319
vn -0.424193 -0.802288 -0.419993
vn -0.424193 -0.802288 -0.419993
vn -0.315309 -0.709421 -0.630319
vn 0.839651 0.531369 -0.112393
vn -0.532518 0.264809 0.803928
vn -0.713329 0.224709 0.663827
vn -0.424193 -0.802288 -0.419993
vn -0.546604 -0.780805 -0.302602
vn 0.590707 0.726008 -0.352104
vn -0.546604 -0.780805 -0.302602
vn -0.855007 0.291702 0.428804
vn -0.199605 -0.607515 -0.768819
vn -0.199605 -0.607515 -0.768819
vn 0.958405 0.283002 0.037
vn -0.855007 0.291702 0.428804
vn -0.713329 0.224709 0.663827
vn 0.958405 0.283002 0.037
vn -0.83911 0.437605 0.323104
vn 0.97045 0.045302 0.237012
vn -0.83911 0.437605 0.323104
vn -0.855007 0.291702 0.428804
vn 0.97045 0.045302 0.237012
vn -0.713329 0.224709 0.663827
vn -0.532518 0.264809 0.803928
vn 0.839651 0.531369 -0.112393
vn 0.839651 0.531369 -0.112393
vn 0.958405 0.283002 0.037
vn -0.713329 0.224709 0.663827
vn -0.139104 -0.565515 -0.812922
vn 0.97045 0.045302 0.237012
vn -0.139104 -0.565515 -0.812922
vn -0.768696 0.598997 0.224299
vn 0.917709 -0.220702 0.330303
vn -0.768696 0.598997 0.224299
vn -0.83911 0.437605 0.323104
vn -0.83911 0.437605 0.323104
vn 0.97045 0.045302 0.237012
vn 0.917709 -0.220702 0.330303
vn -0.106101 -0.480403 -0.870606
vn -0.139104 -0.565515 -0.812922
vn -0.768696 0.598997 0.224299
vn -0.562285 0.825478 0.049199
vn -0.562285 0.825478 0.049199
vn -0.224406 0.443113 -0.867925
vn -0.154505 -0.987733 -0.022601
vn 0.914777 -0.40359 -0.0173
vn 0.065698 -0.995173 -0.072898
vn 0.914777 -0.40359 -0.0173
vn -0.20481 0.778239 -0.59363
vn -0.555632 0.293917 -0.777744
vn 0.194204 -0.523311 -0.829717
vn 0.194204 -0.523311 -0.829717
vn 0.361513 0.805928 -0.468816
vn -0.20481 0.778239 -0.59363
vn -0.661518 0.212406 -0.71922
vn 0.194204 -0.523311 -0.829717
vn -0.555632 0.293917 -0.777744
vn -0.661518 0.212406 -0.71922
vn -0.731994 0.217398 -0.645695
vn -0.639315 0.275707 -0.717817
vn 0.361513 0.805928 -0.468816
vn 0.494413 0.810022 -0.315309
vn -0.731994 0.217398 -0.645695
vn 0.925546 -0.289014 0.244612
vn 0.914777 -0.40359 -0.0173
vn 0.361513 0.805928 -0.468816
vn 0.194204 -0.523311 -0.829717
vn 0.925546 -0.289014 0.244612
vn 0.361513 0.805928 -0.468816
vn 0.914777 -0.40359 -0.0173
vn 0.194204 -0.523311 -0.829717
vn 0.300298 -0.924495 -0.234799
vn 0.914777 -0.40359 -0.0173
vn -0.254797 -0.96639 -0.0342
vn -0.254797 -0.96639 -0.0342
vn 0.494413 0.810022 -0.315309
vn 0.194204 -0.523311 -0.829717
vn 0.296998 -0.771396 -0.562797
vn 0.296998 -0.771396 -0.562797
vn 0.740785 0.104998 0.663486
vn -0.458115 0.851228 0.256009
vn -0.458115 0.851228 0.256009
vn 0.563609 -0.712412 -0.418107
vn 0.740785 0.104998 0.663486
vn 0.563609 -0.712412 -0.418107
vn -0.661518 0.212406 -0.71922
vn 0.631117 -0.557715 -0.539115
vn -0.387382 0.307686 -0.86906
vn 0.631117 -0.557715 -0.539115
vn -0.458115 0.851228 0.256009
vn 0.740785 0.104998 0.663486
vn -0.471287 0.764279 0.440188
vn -0.387382 0.307686 -0.86906
vn -0.471287 0.764279 0.440188
vn -0.387382 0.307686 -0.86906
vn -0.458115 0.851228 0.256009
vn 0.735726 0.091103 0.671124
vn 0.735726 0.091103 0.671124
vn 0.57489 0.796787 -0.186097
vn 0.735726 0.091103 0.671124
vn 0.631117 -0.557715 -0.539115
vn 0.57489 0.796787 -0.186097
vn -0.387382 0.307686 -0.86906
vn -0.471287 0.764279 0.440188
vn 0.57489 0.796787 -0.186097
vn 0.57489 0.796787 -0.186097
vn 0.402913 -0.59502 -0.695423
vn 0.296998 -0.771396 -0.562797
vn -0.661518 0.212406 -0.71922
vn -0.619111 0.416408 -0.665812
vn -0.619111 0.416408 -0.665812
vn 0.385889 -0.199694 -0.900673
vn -0.731994 0.217398 -0.645695
vn 0.494413 0.810022 -0.315309
vn 0.385889 -0.199694 -0.900673
vn 0.385889 -0.199694 -0.900673
vn 0.385889 -0.199694 -0.900673
vn 0.296998 -0.771396 -0.562797
vn 0.805286 0.0153 0.592689
vn 0.805286 0.0153 0.592689
vn 0.402913 -0.59502 -0.695423
vn -0.219904 0.785914 0.577911
vn -0.219904 0.785914 0.577911
vn -0.219904 0.785914 0.577911
vn 0.805286 0.0153 0.592689
vn 0.458418 -0.408616 0.789231
vn -0.219904 0.785914 0.577911
vn 0.458418 -0.408616 0.789231
vn -0.303506 0.489609 0.817415
vn -0.219904 0.785914 0.577911
vn -0.303506 0.489609 0.817415
vn -0.425492 0.816186 -0.390893
vn -0.619111 0.416408 -0.665812
vn 0.458418 -0.408616 0.789231
vn 0.227599 -0.549498 0.803897
vn 0.458418 -0.408616 0.789231
vn 0.473019 -0.310213 -0.824634
vn 0.458418 -0.408616 0.789231
vn 0.473019 -0.310213 -0.824634
vn 0.227599 -0.549498 0.803897
vn -0.238909 0.968537 0.069703
vn 0.514013 -0.036101 -0.857022
vn -0.425492 0.816186 -0.390893
vn -0.238909 0.968537 0.069703
vn -0.187901 0.912606 0.363102
vn -0.187901 0.912606 0.363102
vn 0.473019 -0.310213 -0.824634
vn -0.425492 0.816186 -0.390893
vn 0.514013 -0.036101 -0.857022
vn 0.514013 -0.036101 -0.857022
vn 0.227599 -0.549498 0.803897
vn 0.473019 -0.310213 -0.824634
vn -0.176098 0.461495 -0.86949
vn -0.073397 0.45578 -0.887061
vn -0.176098 0.461495 -0.86949
vn 0.588974 0.22199 -0.777065
vn -0.747297 -0.562597 0.353598
vn 0.367189 -0.886973 -0.280091
vn -0.378191 0.752782 0.538787
vn -0.281597 -0.942991 0.177398
vn -0.426498 0.808097 0.406298
vn -0.281597 -0.942991 0.177398
vn -0.426498 0.808097 0.406298
vn -0.278013 -0.956844 0.084604
vn -0.217203 0.880812 0.420706
vn -0.278013 -0.956844 0.084604
vn -0.217203 0.880812 0.420706
vn 0.124402 -0.99212 -0.0149
vn 0.027499 0.99936 0.022899
vn 0.124402 -0.99212 -0.0149
vn -0.278013 -0.956844 0.084604
vn -0.278013 -0.956844 0.084604
vn -0.217203 0.880812 0.420706
vn 0.027499 0.99936 0.022899
vn 0.027499 0.99936 0.022899
vn -0.180997 -0.983085 0.028
vn 0.124402 -0.99212 -0.0149
vn 0.124402 -0.99212 -0.0149
vn -0.180997 -0.983085 0.028
vn 0.46061 0.861318 -0.214405
vn 0.027499 0.99936 0.022899
vn 0.46061 0.861318 -0.214405
vn 0.0437 -0.988096 -0.147499
vn -0.180997 -0.983085 0.028
vn 0.027499 0.99936 0.022899
vn 0.46061 0.861318 -0.214405
vn 0.565013 0.058301 -0.823019
vn 0.1438 -0.687299 0.711999
vn 0.514013 -0.036101 -0.857022
vn 0.1438 -0.687299 0.711999
vn 0.227599 -0.549498 0.803897
vn 0.069001 0.859708 0.506104
vn 0.1438 -0.687299 0.711999
vn 0.282687 0.103095 -0.953656
vn -0.025601 0.162804 -0.986326
vn 0.514013 -0.036101 -0.857022
vn 0.282687 0.103095 -0.953656
vn 0.1438 -0.687299 0.711999
vn 0.1438 -0.687299 0.711999
vn 0.137099 -0.782792 0.606994
vn 0.069001 0.859708 0.506104
vn -0.025601 0.162804 -0.986326
vn 0.137099 -0.782792 0.606994
vn 0.1438 -0.687299 0.711999
vn 0.069001 0.859708 0.506104
vn 0.282687 0.103095 -0.953656
vn 0.282687 0.103095 -0.953656
vn 0.069001 0.859708 0.506104
vn -0.025601 0.162804 -0.986326
vn 0.417003 0.777405 0.470903
vn 0.137099 -0.782792 0.606994
vn -0.025601 0.162804 -0.986326
vn 0.369186 -0.780771 0.504081
vn 0.369186 -0.780771 0.504081
vn 0.417003 0.777405 0.470903
vn -0.025601 0.162804 -0.986326
vn 0.069001 0.859708 0.506104
vn -0.298613 0.337414 -0.892738
vn -0.025601 0.162804 -0.986326
vn 0.417003 0.777405 0.470903
vn -0.298613 0.337414 -0.892738
vn 0.193605 -0.925822 0.324608
vn 0.417003 0.777405 0.470903
vn 0.369186 -0.780771 0.504081
vn 0.369186 -0.780771 0.504081
vn -0.298613 0.337414 -0.892738
vn 0.193605 -0.925822 0.324608
vn 0.747858 0.614666 0.250786
vn 0.417003 0.777405 0.470903
vn 0.193605 -0.925822 0.324608
vn 0.747858 0.614666 0.250786
vn -0.578334 0.234914 -0.781246
vn 0.747858 0.614666 0.250786
vn -0.578334 0.234914 -0.781246
vn -0.298613 0.337414 -0.892738
vn 0.449789 -0.326592 -0.83128
vn 0.449789 -0.326592 -0.83128
vn 0.449789 -0.326592 -0.83128
vn 0.747858 0.614666 0.250786
vn 0.193605 -0.925822 0.324608
vn 0.432795 -0.812191 -0.391196
vn 0.487518 0.577522 -0.654824
vn 0.181404 -0.467611 0.86512
vn -0.037598 -0.376982 0.925457
vn -0.177398 0.866391 -0.466795
vn 0.439484 -0.719774 0.537381
vn -0.177398 0.866391 -0.466795
vn -0.037598 -0.376982 0.925457
vn -0.291192 0.796378 -0.530085
vn -0.291192 0.796378 -0.530085
vn 0.439484 -0.719774 0.537381
vn -0.734812 -0.139302 0.663811
vn -0.52371 -0.318506 0.790115
vn -0.52371 -0.318506 0.790115
vn -0.574717 -0.799223 -0.175905
vn -0.680004 0.274702 0.679804
vn -0.953653 0.067297 -0.293286
vn -0.953653 0.067297 -0.293286
vn -0.680004 0.274702 0.679804
vn -0.417295 0.516694 -0.747591
vn -0.417295 0.516694 -0.747591
vn -0.574717 -0.799223 -0.175905
vn -0.953653 0.067297 -0.293286
vn -0.0708 0.7641 0.6412
vn -0.680004 0.274702 0.679804
vn -0.370622 -0.602036 0.707242
vn -0.370622 -0.602036 0.707242
vn 0.409819 -0.563327 0.717434
vn -0.370622 -0.602036 0.707242
vn -0.574717 -0.799223 -0.175905
vn 0.075299 -0.792891 -0.604693
vn 0.409819 -0.563327 0.717434
vn -0.680004 0.274702 0.679804
vn -0.0708 0.7641 0.6412
vn -0.417295 0.516694 -0.747591
vn 0.670002 0.738702 -0.0736
vn -0.417295 0.516694 -0.747591
vn -0.0708 0.7641 0.6412
vn 0.959903 -0.1226 0.252101
vn -0.0708 0.7641 0.6412
vn 0.959903 -0.1226 0.252101
vn 0.670002 0.738702 -0.0736
vn 0.075299 -0.792891 -0.604693
vn 0.664028 -0.300813 -0.684528
vn 0.959903 -0.1226 0.252101
vn 0.409819 -0.563327 0.717434
vn 0.075299 -0.792891 -0.604693
vn 0.664028 -0.300813 -0.684528
vn 0.959903 -0.1226 0.252101
vn 0.075299 -0.792891 -0.604693
vn 0.1325 0.690801 -0.710801
vn 0.1325 0.690801 -0.710801
vn -0.419699 0.2495 -0.872698
vn 0.404887 0.067498 -0.911872
vn 0.039899 0.592491 -0.804588
vn -0.130204 0.500614 -0.855823
vn 0.039899 0.592491 -0.804588
vn 0.039899 0.592491 -0.804588
vn 0.404887 0.067498 -0.911872
vn 0.749821 0.542816 -0.378311
vn 0.87637 0.209093 -0.433885
vn 0.404887 0.067498 -0.911872
vn 0.296786 0.406381 -0.86416
vn 0.313191 0.036899 -0.948973
vn 0.313191 0.036899 -0.948973
vn -0.130204 0.500614 -0.855823
vn -0.472586 -0.869573 -0.143196
vn 0.125096 -0.987972 0.090897
vn -0.443298 0.321599 0.836697
vn 0.368113 0.810329 -0.455916
vn 0.125096 -0.987972 0.090897
vn -0.472586 -0.869573 -0.143196
vn -0.532518 0.264809 0.803928
vn -0.472586 -0.869573 -0.143196
vn 0.162496 0.751181 -0.639783
vn -0.130204 0.500614 -0.855823
vn 0.162496 0.751181 -0.639783
vn 0.313191 0.036899 -0.948973
vn -0.425622 0.311916 0.849444
vn 0.752158 0.274985 0.598867
vn 0.752158 0.274985 0.598867
vn 0.507309 0.848715 -0.149403
vn 0.183592 0.969057 -0.164993
vn 0.748027 0.381414 -0.54312
vn 0.183592 0.969057 -0.164993
vn 0.725388 0.686389 0.051799
vn 0.748027 0.381414 -0.54312
vn 0.313191 0.036899 -0.948973
vn 0.833676 0.213094 -0.509485
vn 0.454407 0.135602 -0.880413
vn 0.588974 0.22199 -0.777065
vn -0.443298 0.321599 0.836697
vn -0.425622 0.311916 0.849444
vn 0.368113 0.810329 -0.455916
vn 0.590707 0.726008 -0.352104
vn 0.752158 0.274985 0.598867
vn 0.573607 0.760509 -0.304304
vn 0.573607 0.760509 -0.304304
vn 0.628677 0.769472 -0.112596
vn 0.793661 0.537374 0.285186
vn 0.628677 0.769472 -0.112596
vn 0.793661 0.537374 0.285186
vn -0.243006 0.362309 -0.899822
vn -0.459391 -0.876583 -0.143397
vn -0.788804 -0.592803 -0.162401
vn -0.539001 0.799301 -0.2657
vn -0.719731 -0.631327 -0.288813
vn -0.334308 -0.868322 0.366409
vn -0.334308 -0.868322 0.366409
vn -0.719731 -0.631327 -0.288813
vn 0.319704 0.89471 -0.311903
vn 0.168001 0.867504 -0.468202
vn 0.319704 0.89471 -0.311903
vn 0.168001 0.867504 -0.468202
vn 0.052301 -0.464709 -0.883917
vn -0.603192 -0.355495 0.713991
vn -0.888111 0.316704 -0.333104
vn -0.888111 0.316704 -0.333104
vn -0.603192 -0.355495 0.713991
vn 0.242698 0.955392 0.168299
vn 0.242698 0.955392 0.168299
vn 0.052301 -0.464709 -0.883917
vn -0.888111 0.316704 -0.333104
vn -0.603192 -0.355495 0.713991
vn 0.052301 -0.464709 -0.883917
vn -0.783928 -0.395814 0.478317
vn -0.783928 -0.395814 0.478317
vn 0.290498 -0.445398 -0.846895
vn 0.290498 -0.445398 -0.846895
vn -0.533688 -0.597587 -0.598387
vn 0.730076 0.011 0.683278
vn 0.473202 -0.432102 -0.767703
vn -0.867909 0.211802 -0.449304
vn 0.273689 -0.49798 -0.822867
vn 0.706882 -0.040299 0.706182
vn 0.836487 -0.0276 0.547291
vn -0.0742 0.637701 -0.766702
vn 0.597198 0.789298 0.1427
vn -0.0742 0.637701 -0.766702
vn 0.836487 -0.0276 0.547291
vn -0.3298 0.7598 -0.5603
vn -0.3298 0.7598 -0.5603
vn -0.876292 0.481095 -0.0257
vn -0.43299 -0.491389 -0.755683
vn -0.365495 -0.274596 0.889388
vn 0.39899 0.893379 0.206595
vn -0.43299 -0.491389 -0.755683
vn -0.876292 0.481095 -0.0257
vn -0.876292 0.481095 -0.0257
vn -0.365495 -0.274596 0.889388
vn 0.39899 0.893379 0.206595
vn -0.105102 -0.53621 -0.837516
vn -0.599499 -0.301299 0.741498
vn -0.105102 -0.53621 -0.837516
vn 0.917709 -0.220702 0.330303
vn -0.106101 -0.480403 -0.870606
vn 0.83248 -0.438789 0.338292
vn 0.83248 -0.438789 0.338292
vn -0.0197 -0.374506 -0.927015
vn -0.0197 -0.374506 -0.927015
vn -0.401611 0.915725 0.0125
vn 0.757787 -0.56769 0.321694
vn 0.757787 -0.56769 0.321694
vn -0.401611 0.915725 0.0125
vn 0.0122 -0.291196 -0.956586
vn -0.289007 0.957224 0.014
vn -0.289007 0.957224 0.014
vn 0.0122 -0.291196 -0.956586
vn 0.74806 -0.619567 0.237787
vn 0.74806 -0.619567 0.237787
vn -0.0386 -0.152102 -0.987611
vn -0.381096 0.116299 -0.917191
vn -0.0386 -0.152102 -0.987611
vn -0.809393 0.579695 0.093999
vn 0.886107 -0.412203 0.211902
vn 0.886107 -0.412203 0.211902
vn 0.597198 0.789298 0.1427
vn -0.976117 -0.104602 0.190403
vn -0.976117 -0.104602 0.190403
vn 0.405508 -0.592912 -0.695714
vn 0.418498 0.870296 0.259699
vn 0.32661 -0.517917 -0.790625
vn -0.921905 -0.239901 0.304202
vn -0.921905 -0.239901 0.304202
vn -0.861395 0.0647 0.503797
vn -0.79329 -0.0207 0.608492
vn -0.016099 -0.654979 -0.755476
vn 0.64197 0.762365 0.081696
vn -0.79329 -0.0207 0.608492
vn -0.861395 0.0647 0.503797
vn 0.157205 -0.716521 -0.67962
vn 0.698265 0.709265 0.096795
vn -0.907567 0.183093 0.377886
vn -0.907567 0.183093 0.377886
vn -0.071404 -0.582429 -0.80974
vn 0.573982 0.805875 0.145295
vn -0.700998 -0.1194 0.703098
vn -0.700998 -0.1194 0.703098
vn 0.573982 0.805875 0.145295
vn 0.64197 0.762365 0.081696
vn -0.016099 -0.654979 -0.755476
vn 0.157205 -0.716521 -0.67962
vn -0.071404 -0.582429 -0.80974
vn -0.599499 -0.301299 0.741498
vn -0.105102 -0.53621 -0.837516
vn 0.39899 0.893379 0.206595
vn -0.365495 -0.274596 0.889388
vn -0.599499 -0.301299 0.741498
vn 0.458884 0.867769 0.190793
vn 0.458884 0.867769 0.190793
vn -0.071404 -0.582429 -0.80974
vn 0.573982 0.805875 0.145295
vn 0.698265 0.709265 0.096795
vn -0.936408 0.269202 0.225102
vn 0.753729 0.639625 0.150906
vn -0.907567 0.183093 0.377886
vn 0.753729 0.639625 0.150906
vn 0.191906 -0.777323 -0.599117
vn 0.191906 -0.777323 -0.599117
vn 0.753729 0.639625 0.150906
vn 0.405508 -0.592912 -0.695714
vn 0.418498 0.870296 0.259699
vn 0.32661 -0.517917 -0.790625
vn 0.084498 -0.154496 -0.984373
vn -0.059098 -0.821676 -0.566883
vn -0.059098 -0.821676 -0.566883
vn 0.795 0.5978 -0.103
vn 0.084498 -0.154496 -0.984373
vn -0.243006 0.362309 -0.899822
vn -0.539001 0.799301 -0.2657
vn -0.059098 -0.821676 -0.566883
vn 0.084498 -0.154496 -0.984373
vn 0.965025 0.044201 -0.258407
vn 0.728204 -0.679103 0.0924
vn 0.965025 0.044201 -0.258407
vn 0.965025 0.044201 -0.258407
vn 0.220606 0.919726 0.324709
vn 0.308694 0.917283 0.251595
vn 0.308694 0.917283 0.251595
vn -0.703596 -0.527797 0.475797
vn 0.602206 0.158702 0.782408
vn -0.317083 0.397979 0.860855
vn -0.317083 0.397979 0.860855
vn 0.602206 0.158702 0.782408
vn -0.476493 0.830288 0.289096
vn -0.476493 0.830288 0.289096
vn -0.703596 -0.527797 0.475797
vn -0.317083 0.397979 0.860855
vn 0.410796 -0.805292 0.427496
vn 0.602206 0.158702 0.782408
vn 0.410796 -0.805292 0.427496
vn 0.916454 0.345183 0.20239
vn 0.916454 0.345183 0.20239
vn -0.476493 0.830288 0.289096
vn 0.602206 0.158702 0.782408
vn -0.829388 -0.525192 -0.190497
vn 0.410796 -0.805292 0.427496
vn -0.703596 -0.527797 0.475797
vn -0.829388 -0.525192 -0.190497
vn 0.446814 -0.835626 -0.31951
vn 0.446814 -0.835626 -0.31951
vn -0.77671 -0.333204 -0.534507
vn 0.504286 -0.495286 -0.70738
vn 0.446814 -0.835626 -0.31951
vn -0.829388 -0.525192 -0.190497
vn -0.829388 -0.525192 -0.190497
vn -0.77671 -0.333204 -0.534507
vn 0.504286 -0.495286 -0.70738
vn 0.904291 0.426896 0.0043
vn -0.509411 0.766916 0.390308
vn -0.476493 0.830288 0.289096
vn 0.904291 0.426896 0.0043
vn -0.509411 0.766916 0.390308
vn 0.504286 -0.495286 -0.70738
vn 0.916454 0.345183 0.20239
vn 0.446814 -0.835626 -0.31951
vn 0.904291 0.426896 0.0043
vn 0.308694 0.917283 0.251595
vn 0.290498 -0.445398 -0.846895
vn 0.38851 -0.062502 -0.919323
vn 0.504286 -0.495286 -0.70738
vn -0.77671 -0.333204 -0.534507
vn -0.77671 -0.333204 -0.534507
vn -0.509411 0.766916 0.390308
vn -0.372992 0.391092 -0.841382
vn -0.372992 0.391092 -0.841382
vn 0.38851 -0.062502 -0.919323
vn 0.471589 0.850481 -0.232995
vn 0.471589 0.850481 -0.232995
vn 0.471589 0.850481 -0.232995
vn -0.504307 0.841311 -0.194603
vn -0.509411 0.766916 0.390308
vn -0.509411 0.766916 0.390308
vn -0.504307 0.841311 -0.194603
vn -0.372992 0.391092 -0.841382
vn -0.504307 0.841311 -0.194603
vn 0.471589 0.850481 -0.232995
vn 0.38851 -0.062502 -0.919323
vn -0.504307 0.841311 -0.194603
vn 0.38851 -0.062502 -0.919323
vn -0.372992 0.391092 -0.841382
vn 0.49201 -0.828117 -0.268605
vn 0.656496 0.474997 0.585996
vn -0.831628 0.520417 -0.193806
vn -0.831628 0.520417 -0.193806
vn 0.49201 -0.828117 -0.268605
vn 0.656496 0.474997 0.585996
vn 0.615286 0.547987 0.566687
vn 0.609812 -0.658313 -0.441309
vn -0.872319 0.48801 -0.030101
vn -0.872319 0.48801 -0.030101
vn 0.609812 -0.658313 -0.441309
vn 0.656496 0.474997 0.585996
vn 0.609812 -0.658313 -0.441309
vn 0.615286 0.547987 0.566687
vn 0.634993 -0.527594 -0.564294
vn 0.634993 -0.527594 -0.564294
vn 0.59778 0.61828 0.510283
vn -0.939333 0.335212 0.072703
vn -0.939333 0.335212 0.072703
vn -0.939333 0.335212 0.072703
vn 0.59778 0.61828 0.510283
vn 0.545777 0.672271 0.500179
vn 0.637809 -0.324905 -0.69831
vn -0.956065 0.163994 0.242991
vn -0.956065 0.163994 0.242991
vn 0.59778 0.61828 0.510283
vn 0.637809 -0.324905 -0.69831
vn 0.545777 0.672271 0.500179
vn 0.484405 0.743708 0.460705
vn 0.554032 -0.103406 -0.826048
vn -0.88904 0.016801 0.457521
vn -0.88904 0.016801 0.457521
vn 0.554032 -0.103406 -0.826048
vn 0.484405 0.743708 0.460705
vn -0.559999 0.630899 -0.536999
vn -0.559999 0.630899 -0.536999
vn -0.559999 0.630899 -0.536999
vn -0.87258 0.485389 0.054799
vn -0.846067 -0.50588 0.168093
vn -0.235004 -0.341005 0.910214
vn -0.235004 -0.341005 0.910214
vn -0.846067 -0.50588 0.168093
vn -0.330814 -0.936439 -0.116805
vn 0.314196 0.573192 0.75679
vn -0.87258 0.485389 0.054799
vn -0.235004 -0.341005 0.910214
vn -0.330814 -0.936439 -0.116805
vn 0.151106 -0.958838 0.24041
vn -0.235004 -0.341005 0.910214
vn -0.235004 -0.341005 0.910214
vn 0.151106 -0.958838 0.24041
vn 0.857595 -0.506497 0.089399
vn 0.857595 -0.506497 0.089399
vn 0.314196 0.573192 0.75679
vn -0.235004 -0.341005 0.910214
vn -0.846067 -0.50588 0.168093
vn -0.87258 0.485389 0.054799
vn -0.320895 -0.495292 -0.807287
vn -0.330814 -0.936439 -0.116805
vn -0.87258 0.485389 0.054799
vn 0.314196 0.573192 0.75679
vn -0.267286 0.863955 -0.426778
vn -0.267286 0.863955 -0.426778
vn -0.320895 -0.495292 -0.807287
vn -0.87258 0.485389 0.054799
vn 0.857595 -0.506497 0.089399
vn -0.320895 -0.495292 -0.807287
vn 0.473798 0.875396 0.0959
vn 0.857595 -0.506497 0.089399
vn 0.473798 0.875396 0.0959
vn 0.314196 0.573192 0.75679
vn 0.122005 0.322313 -0.938738
vn -0.267286 0.863955 -0.426778
vn 0.473798 0.875396 0.0959
vn 0.867428 0.282609 -0.409513
vn 0.867428 0.282609 -0.409513
vn -0.320895 -0.495292 -0.807287
vn -0.267286 0.863955 -0.426778
vn 0.122005 0.322313 -0.938738
vn -0.320895 -0.495292 -0.807287
vn 0.122005 0.322313 -0.938738
vn 0.867428 0.282609 -0.409513
vn 0.857595 -0.506497 0.089399
vn -0.734812 -0.139302 0.663811
vn 0.663137 0.386921 -0.640735
vn 0.405112 0.613218 -0.67812
vn 0.405112 0.613218 -0.67812
vn 0.663137 0.386921 -0.640735
vn -0.743875 -0.444485 0.499083
vn -0.261312 -0.724933 0.637329
vn -0.261312 -0.724933 0.637329
vn 0.405112 0.613218 -0.67812
vn -0.743875 -0.444485 0.499083
vn -0.261312 -0.724933 0.637329
vn -0.743875 -0.444485 0.499083
vn -0.261312 -0.724933 0.637329
vn -0.939 0.3103 -0.1483
vn 0.781319 -0.575514 0.241506
vn -0.743875 -0.444485 0.499083
vn -0.939 0.3103 -0.1483
vn 0.781319 -0.575514 0.241506
vn -0.809393 0.579695 0.093999
vn 0.715028 0.665726 -0.213408
vn 0.250601 0.956004 -0.152501
vn 0.715028 0.665726 -0.213408
vn -0.939 0.3103 -0.1483
vn -0.939996 0.313299 -0.135099
vn 0.974171 -0.196594 -0.111097
vn 0.781319 -0.575514 0.241506
vn -0.939 0.3103 -0.1483
vn -0.939996 0.313299 -0.135099
vn 0.974171 -0.196594 -0.111097
vn 0.3478 -0.646 0.6795
vn -0.550202 -0.786403 -0.280801
vn 0.3478 -0.646 0.6795
vn -0.430087 -0.530084 -0.730778
vn -0.501821 0.812634 -0.296312
vn 0.794889 0.581392 0.173597
vn 0.794889 0.581392 0.173597
vn -0.711332 0.178808 0.679731
vn -0.430087 -0.530084 -0.730778
vn -0.65049 -0.759388 0.0139
vn -0.837587 0.0212 0.545892
vn -0.512619 0.400614 -0.759428
vn 0.469285 -0.494684 0.731477
vn -0.837587 0.0212 0.545892
vn -0.65049 -0.759388 0.0139
vn -0.65049 -0.759388 0.0139
vn -0.512619 0.400614 -0.759428
vn -0.068197 -0.859963 -0.505779
vn -0.068197 -0.859963 -0.505779
vn 0.469285 -0.494684 0.731477
vn -0.65049 -0.759388 0.0139
vn 0.152894 0.474882 0.866666
vn -0.688737 0.718039 -0.100305
vn -0.837587 0.0212 0.545892
vn -0.688737 0.718039 -0.100305
vn 0.469285 -0.494684 0.731477
vn 0.152894 0.474882 0.866666
vn -0.837587 0.0212 0.545892
vn -0.307501 0.846604 0.434402
vn -0.688737 0.718039 -0.100305
vn 0.152894 0.474882 0.866666
vn 0.651921 0.758124 -0.015701
vn -0.688737 0.718039 -0.100305
vn -0.307501 0.846604 0.434402
vn -0.307501 0.846604 0.434402
vn 0.152894 0.474882 0.866666
vn 0.651921 0.758124 -0.015701
vn -0.512619 0.400614 -0.759428
vn 0.469285 -0.494684 0.731477
vn 0.38819 -0.091998 -0.916976
vn -0.068197 -0.859963 -0.505779
vn -0.512619 0.400614 -0.759428
vn 0.38819 -0.091998 -0.916976
vn 0.787959 -0.610068 0.083296
vn 0.787959 -0.610068 0.083296
vn 0.787959 -0.610068 0.083296
vn -0.068197 -0.859963 -0.505779
vn 0.38819 -0.091998 -0.916976
vn 0.787959 -0.610068 0.083296
vn 0.38819 -0.091998 -0.916976
vn 0.936117 0.284605 -0.206604
vn 0.936117 0.284605 -0.206604
vn 0.936117 0.284605 -0.206604
vn 0.250601 0.956004 -0.152501
vn 0.250601 0.956004 -0.152501
vn 0.257807 -0.955926 0.140504
vn -0.815616 -0.567311 0.113702
vn 0.257807 -0.955926 0.140504
vn -0.815616 -0.567311 0.113702
vn -0.557913 0.825719 -0.083202
vn 0.977473 -0.191795 -0.088098
vn -0.557913 0.825719 -0.083202
vn 0.977473 -0.191795 -0.088098
vn 0.923339 0.313513 -0.221709
vn -0.94778 -0.262795 -0.180696
vn -0.302887 0.948159 0.096196
vn 0.1325 0.690801 -0.710801
vn 0.670002 0.738702 -0.0736
vn 0.664028 -0.300813 -0.684528
vn 0.959903 -0.1226 0.252101
vn 0.337094 0.899985 -0.276395
vn -0.939996 0.313299 -0.135099
vn 0.974171 -0.196594 -0.111097
vn -0.019201 0.960126 -0.278908
vn 0.337094 0.899985 -0.276395
vn -0.019201 0.960126 -0.278908
vn 0.8016 -0.567 0.1896
vn -0.690423 -0.706823 0.154005
vn 0.8016 -0.567 0.1896
vn 0.295314 -0.955346 -0.0102
vn -0.690423 -0.706823 0.154005
vn 0.082799 -0.995883 0.036899
vn 0.295314 -0.955346 -0.0102
vn 0.082799 -0.995883 0.036899
vn 0.691273 0.722172 0.024699
vn -0.935518 -0.353207 0.0071
vn -0.616709 0.780711 0.100801
vn -0.550202 -0.786403 -0.280801
vn 0.3478 -0.646 0.6795
vn -0.3298 0.7598 -0.5603
vn 0.485317 -0.747826 0.453016
vn -0.711332 0.178808 0.679731
vn -0.711332 0.178808 0.679731
vn 0.485317 -0.747826 0.453016
vn 0.485317 -0.747826 0.453016
vn 0.981515 -0.153202 0.114702
vn 0.844634 0.065503 0.531321
vn 0.849206 -0.112201 0.516004
vn 0.849206 -0.112201 0.516004
vn 0.891178 0.430989 0.141597
vn -0.069903 -0.060103 0.995742
vn 0.483989 -0.87298 0.060499
vn -0.483989 -0.87298 0.060499
vn 0.069903 -0.060103 0.995742
vn -0.891178 0.430989 0.141597
vn -0.40781 -0.191205 -0.892822
vn -0.312305 -0.936716 0.158203
vn -0.86371 0.221503 0.452705
vn -0.378191 0.752782 0.538787
vn -0.426498 0.808097 0.406298
vn -0.747297 -0.562597 0.353598
vn 0.367189 -0.886973 -0.280091
vn -0.747297 -0.562597 0.353598
vn 0.46061 0.861318 -0.214405
vn 0.565013 0.058301 -0.823019
vn -0.180997 -0.983085 0.028
vn 0.565013 0.058301 -0.823019
vn 0.0437 -0.988096 -0.147499
vn -0.180997 -0.983085 0.028
vn 0.181404 -0.467611 0.86512
vn -0.177398 0.866391 -0.466795
vn 0.432795 -0.812191 -0.391196
vn -0.177398 0.866391 -0.466795
vn 0.487518 0.577522 -0.654824
vn 0.432795 -0.812191 -0.391196
vn 0.181404 -0.467611 0.86512
vn -0.430087 -0.530084 -0.730778
vn -0.501821 0.812634 -0.296312
vn 0.485317 -0.747826 0.453016
vn 0.794889 0.581392 0.173597
vn -0.501821 0.812634 -0.296312
vn -0.302887 0.948159 0.096196
vn 0.977473 -0.191795 -0.088098
vn 0.923339 0.313513 -0.221709
vn -0.302887 0.948159 0.096196
vn -0.94778 -0.262795 -0.180696
vn 0.977473 -0.191795 -0.088098
vn -0.94778 -0.262795 -0.180696
vn -0.616709 0.780711 0.100801
vn 0.691273 0.722172 0.024699
vn -0.935518 -0.353207 0.0071
vn -0.833194 -0.112599 0.541396
vn -0.754688 -0.334695 0.564291
vn -0.84204 -0.232111 0.486923
vn -0.516516 0.269608 -0.812725
vn 0.412706 0.537307 0.73551
vn 0.511834 -0.573038 0.640042
vn -0.284199 -0.786998 -0.547599
vn 0.489112 -0.390309 0.780018
vn -0.280399 -0.525899 -0.802998
vn 0.56109 0.0211 0.827486
vn -0.430501 -0.1121 -0.895602
vn -0.405524 0.870652 -0.278417
vn -0.444505 -0.168902 -0.879709
vn -0.344116 0.875741 -0.338616
vn 0.404088 -0.844076 0.35249
vn 0.147094 0.959064 0.241991
vn -0.078702 0.995628 -0.050301
vn 0.504416 -0.766724 0.397113
vn 0.354008 0.597714 0.719317
vn 0.457406 -0.0091 0.889211
vn -0.157491 0.781757 -0.603367
vn 0.378794 0.090099 0.921085
vn -0.892519 0 0.45101
vn 0.281086 0.891456 0.355382
vn 0.1406 0.9372 0.3192
vn 0.106496 0.994264 0.0099
vn 0.192092 0.95046 0.24439
vn -0.210299 -0.803795 -0.556496
vn -0.236798 -0.510396 -0.826694
vn 0.0806 -0.950402 0.3004
vn -0.079896 -0.995252 -0.055597
vn 0.28221 -0.039601 0.958535
vn -0.337403 -0.222002 -0.914808
vn -0.433717 0.564222 0.702527
vn -0.310288 -0.867865 0.387984
vn -0.450808 0.0027 0.892617
vn -0.489517 -0.533918 0.689424
vn -0.290892 0.838376 0.460987
vn -0.252192 -0.952269 0.171994
vn 0.0475 -0.958297 -0.281799
vn 0.152198 -0.649593 -0.744892
vn -0.0206 0.993302 0.1137
vn 0.0187 0.999818 0.0038
vn 0.354689 0.688779 -0.632281
vn 0.19689 -0.632567 -0.749061
vn 0.049 -0.681901 -0.729801
vn 0.548196 0.405097 -0.731695
vn 0.862783 0.038699 0.50409
vn 0.862783 0.038699 0.50409
vn 0.862783 0.038699 0.50409
vn 0.914792 0.0433 0.401597
vn 0.909292 -0.0196 0.415696
vn 0.914792 0.0433 0.401597
vn 0.909292 -0.0196 0.415696
vn 0.920524 -0.116503 0.37291
vn 0.916122 -0.058501 0.396609
vn 0.909292 -0.0196 0.415696
vn 0.916122 -0.058501 0.396609
vn 0.895148 -0.126907 0.427323
vn 0.909292 -0.0196 0.415696
vn 0.231399 -0.469998 -0.851796
vn -0.288809 0.613219 0.735223
vn -0.57923 0.37912 0.721638
vn -0.541213 -0.301907 0.784819
vn 0.5416 -0.1333 -0.83
vn -0.301508 0.834823 0.460612
vn 0.233796 0.669787 -0.704787
vn 0.233796 0.669787 -0.704787
vn -0.087302 -0.829519 -0.551613
vn -0.288809 0.613219 0.735223
vn -0.087302 -0.829519 -0.551613
vn -0.394687 0.777074 0.490284
vn -0.288809 0.613219 0.735223
vn 0.881832 -0.191307 0.431016
vn 0.866833 -0.075703 0.492819
vn 0.855918 -0.178004 0.48551
vn 0.864263 0.036998 0.501678
vn 0.866833 -0.075703 0.492819
vn 0.943701 0 0.3308
vn 0.864263 0.036998 0.501678
vn 0.866833 -0.075703 0.492819
vn 0.942691 0.048 0.330197
vn 0.941124 0.128203 0.312808
vn 0.866833 -0.075703 0.492819
vn 0.866833 -0.075703 0.492819
vn 0.905593 -0.0446 0.421797
vn -0.196902 -0.632507 -0.749109
vn -0.354689 0.688779 -0.632281
vn -0.152198 -0.649593 -0.744892
vn -0.049 -0.681901 -0.729801
vn -0.049 -0.681901 -0.729801
vn -0.548196 0.405097 -0.731695
vn -0.354689 0.688779 -0.632281
vn -0.0187 0.999818 0.0038
vn 0.0206 0.993302 0.1137
vn 0.290892 0.838376 0.460987
vn -0.0475 -0.958297 -0.281799
vn 0.252192 -0.952269 0.171994
vn 0.310288 -0.867865 0.387984
vn 0.433717 0.564222 0.702527
vn 0.450808 0.0027 0.892617
vn 0.489517 -0.533918 0.689424
vn -0.233796 0.669787 -0.704787
vn 0.288809 0.613219 0.735223
vn 0.087302 -0.829519 -0.551613
vn 0.394687 0.777074 0.490284
vn 0.301508 0.834823 0.460612
vn -0.231399 -0.469998 -0.851796
vn 0.57923 0.37912 0.721638
vn 0.541213 -0.301907 0.784819
vn 0.541213 -0.301907 0.784819
vn -0.541607 -0.133202 -0.830011
vn 0.288809 0.613219 0.735223
vn -0.866833 -0.075703 0.492819
vn -0.914067 -0.27489 0.298189
vn -0.941124 0.128203 0.312808
vn -0.905593 -0.0446 0.421797
vn -0.53399 0.238396 0.811185
vn -0.487807 -0.66671 0.563508
vn -0.576507 -0.0334 0.816409
vn -0.227191 0.950161 0.213491
vn 0.226194 0.924475 -0.306892
vn -0.402189 -0.74628 0.530386
vn 0.173397 0.978486 -0.111798
vn -0.363505 -0.900012 0.240503
vn -0.0059 0.984921 0.172904
vn 0.157894 -0.884165 -0.439683
vn 0.0042 0.999809 0.0191
vn -0.493993 -0.70899 0.503293
vn 0.330703 -0.606306 -0.723207
vn -0.102298 0.987979 0.115898
vn 0.509891 0.0097 -0.860184
vn 0.560626 0.248711 -0.789836
vn -0.358991 0.156196 0.920178
vn 0.794969 -0.039298 0.605376
vn 0.794969 -0.039298 0.605376
vn 0.797999 -0.0964 0.594899
vn 0.858786 -0.127598 0.496192
vn 0.875031 -0.030301 0.483117
vn 0.875307 0.0457 0.481404
vn 0.875031 -0.030301 0.483117
vn 0.846525 -0.055802 0.529416
vn 0.875307 0.0457 0.481404
vn 0.875031 -0.030301 0.483117
vn 0.804987 0.0011 0.593291
vn 0.846525 -0.055802 0.529416
vn 0.041101 -0.997716 0.053601
vn 0.103598 0.877586 -0.468092
vn 0.245411 -0.660129 -0.709932
vn 0.103598 0.877586 -0.468092
vn 0.334508 0.329208 -0.883021
vn 0.245411 -0.660129 -0.709932
vn -0.259808 0.749722 0.608618
vn -0.106496 0.994264 0.0099
vn -0.098295 0.994948 -0.020399
vn 0.204201 -0.859103 -0.469302
vn -0.237996 0.858685 0.453892
vn -0.325613 -0.561622 0.76063
vn -0.134996 0.914171 0.382188
vn -0.325613 -0.561622 0.76063
vn -0.189692 -0.846364 0.497679
vn -0.134996 0.914171 0.382188
vn -0.189692 -0.846364 0.497679
vn -0.240312 0.241612 0.940146
vn -0.134996 0.914171 0.382188
vn 0.929416 0.059501 0.364206
vn 0.933775 0.089098 0.346591
vn 0.926183 0.084898 0.367393
vn -0.533688 -0.597587 -0.598387
vn 0.168001 0.867504 -0.468202
vn -0.867909 0.211802 -0.449304
vn -0.533688 -0.597587 -0.598387
vn 0.168001 0.867504 -0.468202
vn 0.730076 0.011 0.683278
vn -0.867909 0.211802 -0.449304
vn 0.706882 -0.040299 0.706182
vn -0.0742 0.637701 -0.766702
vn 0.273689 -0.49798 -0.822867
vn -0.867909 0.211802 -0.449304
usemtl Cyan-Tempest-Golem-Material
f 1/1/1 2/2/2 3/3/3
f 4/4/4 5/5/5 6/6/6
f 7/7/7 1/1/1 3/3/3
f 8/8/8 9/9/9 10/10/10
f 6/6/6 11/11/11 4/4/4
f 12/12/12 13/13/13 14/14/14
f 15/15/15 8/8/8 10/10/10
f 16/16/16 17/17/17 18/18/18
f 19/19/19 20/20/20 21/21/21
f 18/18/18 22/22/22 16/16/16
f 23/23/23 24/24/24 25/25/25
f 25/25/25 24/24/24 26/26/26
f 27/27/27 28/28/28 29/29/29
f 26/26/26 30/30/30 25/25/25
f 29/29/29 31/31/31 27/27/27
f 1/1/1 7/7/7 32/32/32
f 17/17/17 33/33/33 18/18/18
f 34/34/34 32/32/32 7/7/7
f 8/8/8 35/35/35 9/9/9
f 36/36/36 37/37/37 38/38/38
f 39/39/39 40/40/40 41/41/41
f 38/38/38 42/42/42 43/43/43
f 41/41/41 44/44/44 39/39/39
f 38/38/38 43/43/43 36/36/36
f 45/45/45 46/46/46 47/47/47
f 48/48/48 37/37/37 36/36/36
f 49/49/49 50/50/50 51/51/51
f 52/52/52 50/50/50 49/49/49
f 49/49/49 53/53/53 52/52/52
f 54/54/54 55/55/55 56/56/56
f 57/57/57 58/58/58 59/59/59
f 59/59/59 60/60/60 57/57/57
f 58/58/58 61/61/61 59/59/59
f 62/62/62 63/63/63 64/64/64
f 55/55/55 54/54/54 65/65/65
f 63/63/63 66/66/66 67/67/67
f 62/62/62 66/66/66 63/63/63
f 67/67/67 68/68/68 63/63/63
f 69/69/69 70/70/70 71/71/71
f 72/72/72 73/73/73 74/74/74
f 75/75/75 67/67/67 66/66/66
f 66/66/66 62/62/62 76/76/76
f 66/66/66 76/76/76 75/75/75
f 77/77/77 78/78/78 79/79/79
f 79/79/79 80/80/80 77/77/77
f 81/81/81 79/79/79 78/78/78
f 82/82/82 81/81/81 78/78/78
f 67/67/67 75/75/75 83/83/83
f 84/84/84 85/85/85 86/86/86
f 87/87/87 88/88/88 89/89/89
f 90/90/90 84/84/84 86/86/86
f 91/91/91 92/92/92 93/93/93
f 87/87/87 89/89/89 94/94/94
f 95/95/95 96/96/96 97/97/97
f 98/98/98 89/89/89 88/88/88
f 88/88/88 99/99/99 98/98/98
f 100/100/100 101/101/101 102/102/102
f 100/100/100 102/102/102 103/103/103
f 104/104/104 97/97/97 96/96/96
f 103/103/103 105/105/105 100/100/100
f 91/91/91 106/106/106 92/92/92
f 101/101/101 107/107/107 102/102/102
f 108/108/108 109/109/109 110/110/110
f 24/24/24 23/23/23 111/111/111
f 111/111/111 112/112/112 24/24/24
f 113/113/113 114/114/114 115/115/115
f 113/113/113 115/115/115 116/116/116
f 116/116/116 117/117/117 113/113/113
f 110/110/110 109/109/109 118/118/118
f 119/119/119 120/120/120 121/121/121
f 121/121/121 122/122/122 119/119/119
f 123/123/123 124/124/124 28/28/28
f 27/27/27 123/123/123 28/28/28
f 125/125/125 126/126/126 127/127/127
f 114/114/114 128/128/128 115/115/115
f 129/129/129 130/130/130 131/131/131
f 123/123/123 132/132/132 124/124/124
f 133/133/133 134/134/134 135/135/135
f 134/134/134 133/133/133 136/136/136
f 134/134/134 136/136/136 137/137/137
f 137/137/137 138/138/138 134/134/134
f 139/139/139 140/140/140 141/141/141
f 142/142/142 140/140/140 139/139/139
f 143/143/143 144/144/144 145/145/145
f 139/139/139 146/146/146 142/142/142
f 140/140/140 147/147/147 148/148/148
f 142/142/142 147/147/147 140/140/140
f 149/149/149 141/141/141 140/140/140
f 148/148/148 149/149/149 140/140/140
f 150/150/150 151/151/151 152/152/152
f 147/147/147 142/142/142 153/153/153
f 154/154/154 155/155/155 156/156/156
f 157/157/157 145/145/145 144/144/144
f 158/158/158 157/157/157 144/144/144
f 159/159/159 158/158/158 144/144/144
f 160/160/160 161/161/161 162/162/162
f 155/155/155 163/163/163 164/164/164
f 155/155/155 164/164/164 156/156/156
f 165/165/165 166/166/166 167/167/167
f 165/165/165 167/167/167 168/168/168
f 60/60/60 59/59/59 169/169/169
f 170/170/170 171/171/171 172/172/172
f 170/170/170 172/172/172 173/173/173
f 54/54/54 158/158/158 65/65/65
f 174/174/174 169/169/169 59/59/59
f 59/59/59 175/175/175 174/174/174
f 176/176/176 177/177/177 178/178/178
f 179/179/179 172/172/172 171/171/171
f 180/180/180 181/181/181 182/182/182
f 182/182/182 183/183/183 180/180/180
f 184/184/184 185/185/185 186/186/186
f 187/187/187 188/188/188 189/189/189
f 190/190/190 180/180/180 183/183/183
f 191/191/191 192/192/192 193/193/193
f 190/190/190 194/194/194 180/180/180
f 195/195/195 196/196/196 197/197/197
f 81/81/81 168/168/168 167/167/167
f 158/158/158 159/159/159 198/198/198
f 158/158/158 198/198/198 199/199/199
f 199/199/199 65/65/65 158/158/158
f 168/168/168 81/81/81 200/200/200
f 201/201/201 156/156/156 164/164/164
f 81/81/81 82/82/82 200/200/200
f 161/161/161 160/160/160 202/202/202
f 202/202/202 203/203/203 161/161/161
f 201/201/201 204/204/204 156/156/156
f 203/203/203 202/202/202 205/205/205
f 206/206/206 199/199/199 198/198/198
f 207/207/207 206/206/206 198/198/198
f 205/205/205 208/208/208 203/203/203
f 204/204/204 201/201/201 209/209/209
f 210/210/210 211/211/211 212/212/212
f 213/213/213 214/214/214 215/215/215
f 216/216/216 210/210/210 212/212/212
f 213/213/213 215/215/215 217/217/217
f 218/218/218 216/216/216 212/212/212
f 219/219/219 220/220/220 221/221/221
f 221/221/221 222/222/222 219/219/219
f 33/33/33 223/223/223 224/224/224
f 33/33/33 224/224/224 18/18/18
f 35/35/35 225/225/225 226/226/226
f 8/8/8 225/225/225 35/35/35
f 227/227/227 226/226/226 225/225/225
f 228/228/228 229/229/229 230/230/230
f 231/231/231 228/228/228 230/230/230
f 232/232/232 233/233/233 234/234/234
f 232/232/232 234/234/234 235/235/235
f 223/223/223 236/236/236 224/224/224
f 228/228/228 237/237/237 229/229/229
f 228/228/228 231/231/231 238/238/238
f 239/239/239 240/240/240 40/40/40
f 40/40/40 240/240/240 41/41/41
f 45/45/45 241/241/241 46/46/46
f 240/240/240 239/239/239 242/242/242
f 243/243/243 244/244/244 245/245/245
f 245/245/245 244/244/244 246/246/246
f 247/247/247 243/243/243 245/245/245
f 245/245/245 246/246/246 248/248/248
f 249/249/249 250/250/250 251/251/251
f 249/249/249 251/251/251 252/252/252
f 253/253/253 51/51/51 50/50/50
f 254/254/254 255/255/255 256/256/256
f 257/257/257 258/258/258 259/259/259
f 260/260/260 254/254/254 256/256/256
f 261/261/261 262/262/262 263/263/263
f 264/264/264 261/261/261 263/263/263
f 104/104/104 265/265/265 97/97/97
f 99/99/99 266/266/266 98/98/98
f 267/267/267 268/268/268 269/269/269
f 270/270/270 271/271/271 272/272/272
f 266/266/266 273/273/273 98/98/98
f 265/265/265 104/104/104 274/274/274
f 275/275/275 276/276/276 277/277/277
f 278/278/278 30/30/30 26/26/26
f 279/279/279 280/280/280 281/281/281
f 116/116/116 282/282/282 283/283/283
f 283/283/283 117/117/117 116/116/116
f 276/276/276 275/275/275 284/284/284
f 285/285/285 262/262/262 261/261/261
f 31/31/31 286/286/286 27/27/27
f 255/255/255 254/254/254 287/287/287
f 255/255/255 287/287/287 288/288/288
f 289/289/289 290/290/290 291/291/291
f 292/292/292 269/269/269 268/268/268
f 293/293/293 294/294/294 295/295/295
f 271/271/271 270/270/270 296/296/296
f 297/297/297 298/298/298 299/299/299
f 300/300/300 98/98/98 273/273/273
f 282/282/282 116/116/116 301/301/301
f 302/302/302 303/303/303 304/304/304
f 304/304/304 305/305/305 302/302/302
f 306/306/306 307/307/307 308/308/308
f 309/309/309 310/310/310 303/303/303
f 303/303/303 302/302/302 311/311/311
f 303/303/303 311/311/311 309/309/309
f 312/312/312 313/313/313 314/314/314
f 315/315/315 313/313/313 312/312/312
f 312/312/312 316/316/316 315/315/315
f 317/317/317 318/318/318 319/319/319
f 320/320/320 316/316/316 317/317/317
f 319/319/319 320/320/320 317/317/317
f 321/321/321 322/322/322 323/323/323
f 323/323/323 324/324/324 321/321/321
f 321/321/321 324/324/324 325/325/325
f 326/326/326 323/323/323 322/322/322
f 327/327/327 325/325/325 324/324/324
f 323/323/323 326/326/326 328/328/328
f 329/329/329 318/318/318 330/330/330
f 319/319/319 318/318/318 329/329/329
f 329/329/329 330/330/330 331/331/331
f 332/332/332 328/328/328 326/326/326
f 333/333/333 334/334/334 335/335/335
f 336/336/336 337/337/337 333/333/333
f 335/335/335 336/336/336 333/333/333
f 334/334/334 338/338/338 335/335/335
f 339/339/339 335/335/335 338/338/338
f 338/338/338 340/340/340 339/339/339
f 337/337/337 336/336/336 314/314/314
f 314/314/314 313/313/313 337/337/337
f 339/339/339 331/331/331 330/330/330
f 339/339/339 340/340/340 331/331/331
f 341/341/341 342/342/342 343/343/343
f 344/344/344 345/345/345 346/346/346
f 341/341/341 343/343/343 347/347/347
f 348/348/348 349/349/349 350/350/350
f 348/348/348 350/350/350 351/351/351
f 351/351/351 352/352/352 348/348/348
f 353/353/353 354/354/354 355/355/355
f 307/307/307 356/356/356 357/357/357
f 355/355/355 358/358/358 353/353/353
f 353/353/353 358/358/358 359/359/359
f 360/360/360 361/361/361 362/362/362
f 363/363/363 361/361/361 360/360/360
f 364/364/364 365/365/365 366/366/366
f 367/367/367 368/368/368 369/369/369
f 354/354/354 370/370/370 355/355/355
f 14/14/14 13/13/13 371/371/371
f 372/372/372 14/14/14 371/371/371
f 356/356/356 307/307/307 373/373/373
f 361/361/361 374/374/374 362/362/362
f 375/375/375 376/376/376 377/377/377
f 378/378/378 379/379/379 380/380/380
f 377/377/377 381/381/381 375/375/375
f 382/382/382 27/27/27 286/286/286
f 22/22/22 18/18/18 383/383/383
f 41/41/41 384/384/384 44/44/44
f 8/8/8 15/15/15 385/385/385
f 386/386/386 387/387/387 388/388/388
f 388/388/388 389/389/389 386/386/386
f 41/41/41 390/390/390 384/384/384
f 307/307/307 306/306/306 391/391/391
f 391/391/391 373/373/373 307/307/307
f 392/392/392 391/391/391 306/306/306
f 309/309/309 393/393/393 310/310/310
f 394/394/394 395/395/395 396/396/396
f 396/396/396 397/397/397 394/394/394
f 398/398/398 396/396/396 395/395/395
f 399/399/399 400/400/400 401/401/401
f 52/52/52 401/401/401 400/400/400
f 402/402/402 52/52/52 400/400/400
f 403/403/403 402/402/402 400/400/400
f 400/400/400 404/404/404 403/403/403
f 52/52/52 53/53/53 401/401/401
f 405/405/405 406/406/406 407/407/407
f 408/408/408 409/409/409 410/410/410
f 411/411/411 412/412/412 413/413/413
f 414/414/414 411/411/411 413/413/413
f 415/415/415 406/406/406 405/405/405
f 409/409/409 416/416/416 410/410/410
f 417/417/417 418/418/418 419/419/419
f 420/420/420 417/417/417 419/419/419
f 391/391/391 392/392/392 421/421/421
f 422/422/422 423/423/423 424/424/424
f 416/416/416 425/425/425 410/410/410
f 417/417/417 420/420/420 426/426/426
f 427/427/427 428/428/428 429/429/429
f 430/430/430 431/431/431 432/432/432
f 432/432/432 431/431/431 433/433/433
f 432/432/432 433/433/433 434/434/434
f 431/431/431 430/430/430 435/435/435
f 430/430/430 436/436/436 435/435/435
f 436/436/436 437/437/437 438/438/438
f 439/439/439 435/435/435 436/436/436
f 438/438/438 439/439/439 436/436/436
f 437/437/437 440/440/440 441/441/441
f 437/437/437 441/441/441 438/438/438
f 442/442/442 441/441/441 440/440/440
f 440/440/440 443/443/443 442/442/442
f 325/325/325 327/327/327 434/434/434
f 434/434/434 433/433/433 325/325/325
f 444/444/444 445/445/445 446/446/446
f 447/447/447 319/319/319 446/446/446
f 446/446/446 319/319/319 444/444/444
f 448/448/448 449/449/449 450/450/450
f 450/450/450 449/449/449 451/451/451
f 451/451/451 316/316/316 450/450/450
f 448/448/448 452/452/452 449/449/449
f 452/452/452 448/448/448 453/453/453
f 454/454/454 445/445/445 455/455/455
f 455/455/455 445/445/445 456/456/456
f 453/453/453 454/454/454 455/455/455
f 453/453/453 448/448/448 457/457/457
f 457/457/457 454/454/454 453/453/453
f 445/445/445 444/444/444 456/456/456
f 316/316/316 451/451/451 315/315/315
f 316/316/316 320/320/320 447/447/447
f 320/320/320 319/319/319 447/447/447
f 328/328/328 332/332/332 458/458/458
f 459/459/459 458/458/458 332/332/332
f 459/459/459 460/460/460 458/458/458
f 460/460/460 459/459/459 442/442/442
f 442/442/442 443/443/443 460/460/460
f 392/392/392 461/461/461 421/421/421
f 462/462/462 463/463/463 393/393/393
f 393/393/393 309/309/309 464/464/464
f 393/393/393 464/464/464 462/462/462
f 465/465/465 466/466/466 467/467/467
f 468/468/468 465/465/465 467/467/467
f 345/345/345 344/344/344 469/469/469
f 467/467/467 470/470/470 468/468/468
f 471/471/471 421/421/421 461/461/461
f 472/472/472 471/471/471 461/461/461
f 463/463/463 462/462/462 473/473/473
f 473/473/473 474/474/474 463/463/463
f 475/475/475 426/426/426 420/420/420
f 426/426/426 475/475/475 476/476/476
f 477/477/477 478/478/478 479/479/479
f 480/480/480 481/481/481 482/482/482
f 482/482/482 483/483/483 480/480/480
f 471/471/471 472/472/472 484/484/484
f 485/485/485 476/476/476 475/475/475
f 486/486/486 485/485/485 475/475/475
f 103/103/103 487/487/487 105/105/105
f 487/487/487 103/103/103 488/488/488
f 489/489/489 296/296/296 270/270/270
f 490/490/490 491/491/491 492/492/492
f 493/493/493 494/494/494 495/495/495
f 496/496/496 497/497/497 498/498/498
f 499/499/499 500/500/500 501/501/501
f 497/497/497 496/496/496 502/502/502
f 503/503/503 504/504/504 505/505/505
f 103/103/103 506/506/506 488/488/488
f 507/507/507 508/508/508 509/509/509
f 510/510/510 511/511/511 512/512/512
f 508/508/508 513/513/513 514/514/514
f 513/513/513 508/508/508 515/515/515
f 508/508/508 507/507/507 515/515/515
f 516/516/516 517/517/517 518/518/518
f 519/519/519 520/520/520 521/521/521
f 522/522/522 523/523/523 524/524/524
f 525/525/525 516/516/516 518/518/518
f 519/519/519 521/521/521 526/526/526
f 527/527/527 528/528/528 529/529/529
f 520/520/520 530/530/530 531/531/531
f 532/532/532 533/533/533 517/517/517
f 520/520/520 531/531/531 521/521/521
f 516/516/516 532/532/532 517/517/517
f 311/311/311 534/534/534 535/535/535
f 535/535/535 309/309/309 311/311/311
f 536/536/536 537/537/537 538/538/538
f 539/539/539 533/533/533 540/540/540
f 541/541/541 542/542/542 543/543/543
f 533/533/533 532/532/532 540/540/540
f 542/542/542 541/541/541 544/544/544
f 545/545/545 546/546/546 547/547/547
f 547/547/547 548/548/548 545/545/545
f 549/549/549 550/550/550 551/551/551
f 551/551/551 552/552/552 549/549/549
f 553/553/553 551/551/551 550/550/550
f 550/550/550 554/554/554 553/553/553
f 555/555/555 554/554/554 550/550/550
f 547/547/547 556/556/556 548/548/548
f 547/547/547 557/557/557 556/556/556
f 556/556/556 557/557/557 558/558/558
f 559/559/559 558/558/558 557/557/557
f 554/554/554 555/555/555 560/560/560
f 561/561/561 562/562/562 563/563/563
f 564/564/564 565/565/565 566/566/566
f 562/562/562 561/561/561 567/567/567
f 567/567/567 568/568/568 562/562/562
f 558/558/558 559/559/559 569/569/569
f 570/570/570 347/347/347 343/343/343
f 571/571/571 572/572/572 573/573/573
f 465/465/465 574/574/574 466/466/466
f 575/575/575 576/576/576 349/349/349
f 349/349/349 576/576/576 350/350/350
f 347/347/347 570/570/570 577/577/577
f 578/578/578 573/573/573 572/572/572
f 576/576/576 575/575/575 579/579/579
f 580/580/580 577/577/577 570/570/570
f 573/573/573 578/578/578 581/581/581
f 582/582/582 579/579/579 575/575/575
f 577/577/577 580/580/580 583/583/583
f 584/584/584 581/581/581 578/578/578
f 579/579/579 582/582/582 585/585/585
f 586/586/586 583/583/583 580/580/580
f 584/584/584 587/587/587 581/581/581
f 588/588/588 589/589/589 590/590/590
f 582/582/582 591/591/591 585/585/585
f 592/592/592 505/505/505 504/504/504
f 593/593/593 594/594/594 595/595/595
f 596/596/596 597/597/597 598/598/598
f 598/598/598 597/597/597 599/599/599
f 600/600/600 601/601/601 602/602/602
f 602/602/602 601/601/601 603/603/603
f 604/604/604 605/605/605 606/606/606
f 607/607/607 608/608/608 609/609/609
f 603/603/603 610/610/610 602/602/602
f 477/477/477 611/611/611 478/478/478
f 612/612/612 613/613/613 614/614/614
f 615/615/615 616/616/616 617/617/617
f 618/618/618 619/619/619 620/620/620
f 621/621/621 615/615/615 617/617/617
f 617/617/617 622/622/622 623/623/623
f 624/624/624 625/625/625 618/618/618
f 617/617/617 623/623/623 621/621/621
f 620/620/620 624/624/624 618/618/618
f 626/626/626 613/613/613 612/612/612
f 627/627/627 628/628/628 629/629/629
f 630/630/630 631/631/631 632/632/632
f 633/633/633 634/634/634 619/619/619
f 616/616/616 627/627/627 629/629/629
f 635/635/635 636/636/636 637/637/637
f 635/635/635 638/638/638 636/636/636
f 638/638/638 635/635/635 639/639/639
f 640/640/640 619/619/619 634/634/634
f 638/638/638 639/639/639 641/641/641
f 627/627/627 616/616/616 615/615/615
f 619/619/619 640/640/640 620/620/620
f 642/642/642 641/641/641 639/639/639
f 641/641/641 642/642/642 643/643/643
f 644/644/644 645/645/645 646/646/646
f 568/568/568 567/567/567 647/647/647
f 568/568/568 647/647/647 648/648/648
f 648/648/648 649/649/649 568/568/568
f 611/611/611 477/477/477 650/650/650
f 651/651/651 646/646/646 645/645/645
f 652/652/652 653/653/653 481/481/481
f 480/480/480 652/652/652 481/481/481
f 654/654/654 655/655/655 656/656/656
f 657/657/657 658/658/658 659/659/659
f 660/660/660 661/661/661 662/662/662
f 663/663/663 660/660/660 662/662/662
f 658/658/658 664/664/664 659/659/659
f 625/625/625 664/664/664 658/658/658
f 661/661/661 660/660/660 665/665/665
f 666/666/666 667/667/667 668/668/668
f 669/669/669 591/591/591 670/670/670
f 671/671/671 672/672/672 673/673/673
f 664/664/664 625/625/625 624/624/624
f 673/673/673 674/674/674 671/671/671
f 591/591/591 669/669/669 585/585/585
f 675/675/675 623/623/623 622/622/622
f 671/671/671 674/674/674 676/676/676
f 676/676/676 674/674/674 643/643/643
f 643/643/643 642/642/642 676/676/676
f 677/677/677 678/678/678 679/679/679
f 680/680/680 681/681/681 682/682/682
f 679/679/679 683/683/683 677/677/677
f 678/678/678 677/677/677 684/684/684
f 685/685/685 686/686/686 687/687/687
f 688/688/688 682/682/682 681/681/681
f 689/689/689 684/684/684 677/677/677
f 677/677/677 690/690/690 689/689/689
f 691/691/691 692/692/692 693/693/693
f 689/689/689 694/694/694 684/684/684
f 695/695/695 696/696/696 697/697/697
f 697/697/697 698/698/698 695/695/695
f 699/699/699 689/689/689 690/690/690
f 700/700/700 699/699/699 690/690/690
f 701/701/701 480/480/480 702/702/702
f 701/701/701 702/702/702 703/703/703
f 689/689/689 704/704/704 694/694/694
f 694/694/694 704/704/704 705/705/705
f 705/705/705 706/706/706 694/694/694
f 704/704/704 689/689/689 699/699/699
f 704/704/704 699/699/699 707/707/707
f 707/707/707 705/705/705 704/704/704
f 708/708/708 707/707/707 699/699/699
f 709/709/709 710/710/710 711/711/711
f 712/712/712 713/713/713 714/714/714
f 715/715/715 716/716/716 717/717/717
f 718/718/718 719/719/719 720/720/720
f 718/718/718 720/720/720 721/721/721
f 716/716/716 722/722/722 723/723/723
f 715/715/715 722/722/722 716/716/716
f 723/723/723 724/724/724 716/716/716
f 725/725/725 726/726/726 727/727/727
f 728/728/728 714/714/714 713/713/713
f 727/727/727 729/729/729 725/725/725
f 730/730/730 731/731/731 732/732/732
f 733/733/733 734/734/734 735/735/735
f 736/736/736 737/737/737 738/738/738
f 726/726/726 739/739/739 740/740/740
f 740/740/740 727/727/727 726/726/726
f 741/741/741 742/742/742 743/743/743
f 744/744/744 741/741/741 743/743/743
f 745/745/745 746/746/746 747/747/747
f 748/748/748 749/749/749 750/750/750
f 751/751/751 750/750/750 749/749/749
f 752/752/752 751/751/751 749/749/749
f 749/749/749 753/753/753 752/752/752
f 754/754/754 755/755/755 756/756/756
f 199/199/199 721/721/721 720/720/720
f 756/756/756 757/757/757 754/754/754
f 758/758/758 759/759/759 760/760/760
f 761/761/761 756/756/756 755/755/755
f 742/742/742 741/741/741 82/82/82
f 199/199/199 762/762/762 721/721/721
f 741/741/741 744/744/744 763/763/763
f 763/763/763 82/82/82 741/741/741
f 764/764/764 765/765/765 766/766/766
f 767/767/767 768/768/768 769/769/769
f 770/770/770 771/771/771 772/772/772
f 765/765/765 773/773/773 774/774/774
f 775/775/775 776/776/776 777/777/777
f 778/778/778 766/766/766 765/765/765
f 774/774/774 778/778/778 765/765/765
f 768/768/768 767/767/767 779/779/779
f 780/780/780 775/775/775 777/777/777
f 781/781/781 782/782/782 783/783/783
f 784/784/784 785/785/785 786/786/786
f 784/784/784 786/786/786 787/787/787
f 771/771/771 762/762/762 788/788/788
f 789/789/789 772/772/772 771/771/771
f 788/788/788 789/789/789 771/771/771
f 790/790/790 791/791/791 792/792/792
f 792/792/792 793/793/793 790/790/790
f 794/794/794 744/744/744 795/795/795
f 796/796/796 797/797/797 798/798/798
f 795/795/795 799/799/799 794/794/794
f 800/800/800 788/788/788 762/762/762
f 762/762/762 199/199/199 800/800/800
f 744/744/744 794/794/794 801/801/801
f 801/801/801 763/763/763 744/744/744
f 802/802/802 803/803/803 804/804/804
f 805/805/805 803/803/803 806/806/806
f 807/807/807 806/806/806 803/803/803
f 803/803/803 802/802/802 807/807/807
f 808/808/808 809/809/809 810/810/810
f 811/811/811 812/812/812 813/813/813
f 813/813/813 814/814/814 811/811/811
f 815/815/815 810/810/810 809/809/809
f 816/816/816 811/811/811 814/814/814
f 817/817/817 816/816/816 814/814/814
f 810/810/810 815/815/815 818/818/818
f 810/810/810 818/818/818 819/819/819
f 820/820/820 821/821/821 822/822/822
f 823/823/823 821/821/821 820/820/820
f 824/824/824 825/825/825 826/826/826
f 820/820/820 827/827/827 828/828/828
f 826/826/826 829/829/829 824/824/824
f 828/828/828 823/823/823 820/820/820
f 823/823/823 830/830/830 821/821/821
f 831/831/831 832/832/832 833/833/833
f 834/834/834 835/835/835 836/836/836
f 833/833/833 837/837/837 831/831/831
f 830/830/830 823/823/823 838/838/838
f 832/832/832 839/839/839 833/833/833
f 825/825/825 824/824/824 840/840/840
f 206/206/206 800/800/800 199/199/199
f 82/82/82 763/763/763 200/200/200
f 841/841/841 200/200/200 763/763/763
f 801/801/801 841/841/841 763/763/763
f 200/200/200 841/841/841 842/842/842
f 201/201/201 843/843/843 209/209/209
f 844/844/844 845/845/845 846/846/846
f 846/846/846 845/845/845 847/847/847
f 848/848/848 849/849/849 850/850/850
f 851/851/851 852/852/852 853/853/853
f 854/854/854 855/855/855 856/856/856
f 856/856/856 857/857/857 854/854/854
f 858/858/858 859/859/859 860/860/860
f 861/861/861 847/847/847 845/845/845
f 858/858/858 860/860/860 862/862/862
f 862/862/862 863/863/863 858/858/858
f 864/864/864 860/860/860 859/859/859
f 865/865/865 866/866/866 867/867/867
f 859/859/859 868/868/868 864/864/864
f 869/869/869 870/870/870 871/871/871
f 872/872/872 873/873/873 874/874/874
f 874/874/874 214/214/214 872/872/872
f 875/875/875 876/876/876 877/877/877
f 870/870/870 869/869/869 878/878/878
f 879/879/879 880/880/880 881/881/881
f 882/882/882 883/883/883 852/852/852
f 852/852/852 883/883/883 853/853/853
f 847/847/847 861/861/861 884/884/884
f 883/883/883 882/882/882 885/885/885
f 214/214/214 874/874/874 215/215/215
f 886/886/886 881/881/881 880/880/880
f 886/886/886 887/887/887 881/881/881
f 888/888/888 884/884/884 861/861/861
f 889/889/889 890/890/890 863/863/863
f 862/862/862 889/889/889 863/863/863
f 891/891/891 892/892/892 893/893/893
f 882/882/882 894/894/894 885/885/885
f 887/887/887 886/886/886 895/895/895
f 896/896/896 217/217/217 215/215/215
f 887/887/887 895/895/895 897/897/897
f 216/216/216 218/218/218 898/898/898
f 899/899/899 900/900/900 901/901/901
f 894/894/894 902/902/902 885/885/885
f 903/903/903 902/902/902 894/894/894
f 901/901/901 904/904/904 899/899/899
f 905/905/905 906/906/906 907/907/907
f 908/908/908 864/864/864 868/868/868
f 909/909/909 908/908/908 868/868/868
f 907/907/907 910/910/910 905/905/905
f 855/855/855 854/854/854 911/911/911
f 912/912/912 913/913/913 914/914/914
f 915/915/915 916/916/916 917/917/917
f 918/918/918 919/919/919 920/920/920
f 841/841/841 801/801/801 921/921/921
f 922/922/922 923/923/923 924/924/924
f 916/916/916 925/925/925 926/926/926
f 927/927/927 928/928/928 929/929/929
f 930/930/930 917/917/917 916/916/916
f 926/926/926 930/930/930 916/916/916
f 929/929/929 931/931/931 927/927/927
f 908/908/908 909/909/909 932/932/932
f 933/933/933 926/926/926 925/925/925
f 928/928/928 927/927/927 934/934/934
f 925/925/925 935/935/935 933/933/933
f 934/934/934 936/936/936 928/928/928
f 843/843/843 937/937/937 938/938/938
f 938/938/938 209/209/209 843/843/843
f 939/939/939 940/940/940 941/941/941
f 939/939/939 941/941/941 942/942/942
f 943/943/943 944/944/944 945/945/945
f 940/940/940 946/946/946 947/947/947
f 947/947/947 941/941/941 940/940/940
f 948/948/948 819/819/819 818/818/818
f 949/949/949 950/950/950 951/951/951
f 819/819/819 948/948/948 952/952/952
f 950/950/950 953/953/953 951/951/951
f 910/910/910 907/907/907 954/954/954
f 955/955/955 956/956/956 957/957/957
f 910/910/910 954/954/954 958/958/958
f 959/959/959 960/960/960 961/961/961
f 206/206/206 207/207/207 962/962/962
f 961/961/961 963/963/963 959/959/959
f 964/964/964 952/952/952 948/948/948
f 965/965/965 966/966/966 967/967/967
f 913/913/913 912/912/912 968/968/968
f 968/968/968 969/969/969 913/913/913
f 956/956/956 955/955/955 970/970/970
f 971/971/971 958/958/958 954/954/954
f 969/969/969 968/968/968 972/972/972
f 973/973/973 974/974/974 975/975/975
f 976/976/976 970/970/970 955/955/955
f 958/958/958 971/971/971 977/977/977
f 978/978/978 979/979/979 980/980/980
f 981/981/981 982/982/982 983/983/983
f 984/984/984 985/985/985 986/986/986
f 987/987/987 988/988/988 989/989/989
f 990/990/990 975/975/975 974/974/974
f 979/979/979 978/978/978 991/991/991
f 991/991/991 992/992/992 979/979/979
f 993/993/993 977/977/977 971/971/971
f 975/975/975 990/990/990 994/994/994
f 995/995/995 996/996/996 997/997/997
f 998/998/998 999/999/999 1000/1000/1000
f 1001/1001/1001 986/986/986 985/985/985
f 1002/1002/1002 1003/1003/1003 988/988/988
f 988/988/988 987/987/987 1002/1002/1002
f 992/992/992 991/991/991 1004/1004/1004
f 1005/1005/1005 994/994/994 990/990/990
f 1004/1004/1004 1006/1006/1006 992/992/992
f 996/996/996 995/995/995 1007/1007/1007
f 996/996/996 1007/1007/1007 1008/1008/1008
f 1009/1009/1009 1010/1010/1010 1011/1011/1011
f 1012/1012/1012 1003/1003/1003 1013/1013/1013
f 1013/1013/1013 1014/1014/1014 1012/1012/1012
f 1003/1003/1003 1002/1002/1002 1015/1015/1015
f 1015/1015/1015 1013/1013/1013 1003/1003/1003
f 935/935/935 1016/1016/1016 1017/1017/1017
f 1018/1018/1018 1019/1019/1019 936/936/936
f 1017/1017/1017 933/933/933 935/935/935
f 934/934/934 1018/1018/1018 936/936/936
f 1016/1016/1016 1020/1020/1020 1017/1017/1017
f 1021/1021/1021 1020/1020/1020 1016/1016/1016
f 1022/1022/1022 1023/1023/1023 1024/1024/1024
f 1024/1024/1024 1025/1025/1025 1022/1022/1022
f 1026/1026/1026 1017/1017/1017 1020/1020/1020
f 1027/1027/1027 1026/1026/1026 1020/1020/1020
f 1028/1028/1028 1029/1029/1029 1030/1030/1030
f 1028/1028/1028 1030/1030/1030 1031/1031/1031
f 890/890/890 889/889/889 1032/1032/1032
f 1032/1032/1032 1033/1033/1033 890/890/890
f 902/902/902 903/903/903 1034/1034/1034
f 1035/1035/1035 1036/1036/1036 1037/1037/1037
f 1036/1036/1036 1038/1038/1038 1037/1037/1037
f 1039/1039/1039 1040/1040/1040 1041/1041/1041
f 1041/1041/1041 1042/1042/1042 1039/1039/1039
f 1043/1043/1043 1014/1014/1014 1044/1044/1044
f 1045/1045/1045 1046/1046/1046 1047/1047/1047
f 1048/1048/1048 1045/1045/1045 1047/1047/1047
f 1013/1013/1013 1044/1044/1044 1014/1014/1014
f 833/833/833 1049/1049/1049 837/837/837
f 1050/1050/1050 1051/1051/1051 1052/1052/1052
f 1053/1053/1053 1031/1031/1031 1030/1030/1030
f 1046/1046/1046 1045/1045/1045 1054/1054/1054
f 1055/1055/1055 824/824/824 829/829/829
f 1045/1045/1045 1048/1048/1048 1054/1054/1054
f 824/824/824 1055/1055/1055 1056/1056/1056
f 824/824/824 1056/1056/1056 1057/1057/1057
f 1058/1058/1058 840/840/840 824/824/824
f 1057/1057/1057 1058/1058/1058 824/824/824
f 1059/1059/1059 1060/1060/1060 1061/1061/1061
f 1061/1061/1061 1062/1062/1062 1059/1059/1059
f 1060/1060/1060 1059/1059/1059 1063/1063/1063
f 1064/1064/1064 1065/1065/1065 1066/1066/1066
f 1062/1062/1062 1067/1067/1067 1068/1068/1068
f 1068/1068/1068 1059/1059/1059 1062/1062/1062
f 1069/1069/1069 1068/1068/1068 1067/1067/1067
f 1070/1070/1070 1069/1069/1069 1067/1067/1067
f 1071/1071/1071 1072/1072/1072 1063/1063/1063
f 1073/1073/1073 1074/1074/1074 1075/1075/1075
f 1076/1076/1076 1077/1077/1077 1078/1078/1078
f 1079/1079/1079 1080/1080/1080 1081/1081/1081
f 1077/1077/1077 1076/1076/1076 1082/1082/1082
f 1077/1077/1077 1082/1082/1082 1083/1083/1083
f 1080/1080/1080 1084/1084/1084 1085/1085/1085
f 1085/1085/1085 1081/1081/1081 1080/1080/1080
f 1086/1086/1086 1087/1087/1087 1088/1088/1088
f 1089/1089/1089 1086/1086/1086 1088/1088/1088
f 1084/1084/1084 1090/1090/1090 1085/1085/1085
f 1091/1091/1091 1092/1092/1092 1093/1093/1093
f 1094/1094/1094 1095/1095/1095 1096/1096/1096
f 1097/1097/1097 1098/1098/1098 1099/1099/1099
f 1100/1100/1100 1101/1101/1101 1102/1102/1102
f 1103/1103/1103 1096/1096/1096 1095/1095/1095
f 1104/1104/1104 1105/1105/1105 1106/1106/1106
f 1107/1107/1107 1108/1108/1108 1109/1109/1109
f 1109/1109/1109 1110/1110/1110 1107/1107/1107
f 1111/1111/1111 1112/1112/1112 1113/1113/1113
f 1112/1112/1112 1111/1111/1111 1114/1114/1114
f 1115/1115/1115 1116/1116/1116 1117/1117/1117
f 1118/1118/1118 1119/1119/1119 1120/1120/1120
f 1121/1121/1121 1122/1122/1122 1123/1123/1123
f 1122/1122/1122 1124/1124/1124 1123/1123/1123
f 1125/1125/1125 1123/1123/1123 1124/1124/1124
f 1123/1123/1123 1125/1125/1125 1126/1126/1126
f 1127/1127/1127 1128/1128/1128 1129/1129/1129
f 1130/1130/1130 1127/1127/1127 1129/1129/1129
f 1129/1129/1129 1131/1131/1131 1132/1132/1132
f 967/967/967 1131/1131/1131 1129/1129/1129
f 1129/1129/1129 1132/1132/1132 1130/1130/1130
f 1133/1133/1133 1134/1134/1134 1135/1135/1135
f 1136/1136/1136 1137/1137/1137 1138/1138/1138
f 1139/1139/1139 1140/1140/1140 1141/1141/1141
f 1142/1142/1142 1143/1143/1143 1144/1144/1144
f 1125/1125/1125 1145/1145/1145 1126/1126/1126
f 1146/1146/1146 1147/1147/1147 1148/1148/1148
f 1149/1149/1149 1150/1150/1150 1151/1151/1151
f 1150/1150/1150 1149/1149/1149 1152/1152/1152
f 1118/1118/1118 1153/1153/1153 1119/1119/1119
f 1154/1154/1154 1155/1155/1155 1156/1156/1156
f 1153/1153/1153 1118/1118/1118 1157/1157/1157
f 1158/1158/1158 1011/1011/1011 1010/1010/1010
f 1006/1006/1006 1004/1004/1004 1159/1159/1159
f 1159/1159/1159 1160/1160/1160 1006/1006/1006
f 1128/1128/1128 1127/1127/1127 1161/1161/1161
f 1162/1162/1162 1015/1015/1015 1002/1002/1002
f 1163/1163/1163 1008/1008/1008 1007/1007/1007
f 1011/1011/1011 1158/1158/1158 1164/1164/1164
f 1008/1008/1008 1163/1163/1163 1165/1165/1165
f 1166/1166/1166 1161/1161/1161 1127/1127/1127
f 1130/1130/1130 1166/1166/1166 1127/1127/1127
f 1167/1167/1167 1164/1164/1164 1158/1158/1158
f 1160/1160/1160 1159/1159/1159 1168/1168/1168
f 1168/1168/1168 1169/1169/1169 1160/1160/1160
f 1170/1170/1170 1165/1165/1165 1163/1163/1163
f 1167/1167/1167 1171/1171/1171 1164/1164/1164
f 1165/1165/1165 1170/1170/1170 1172/1172/1172
f 1044/1044/1044 1013/1013/1013 1173/1173/1173
f 1048/1048/1048 1174/1174/1174 1175/1175/1175
f 1176/1176/1176 1054/1054/1054 1048/1048/1048
f 1175/1175/1175 1176/1176/1176 1048/1048/1048
f 1177/1177/1177 1173/1173/1173 1013/1013/1013
f 1013/1013/1013 1015/1015/1015 1177/1177/1177
f 1178/1178/1178 1179/1179/1179 1173/1173/1173
f 1173/1173/1173 1177/1177/1177 1178/1178/1178
f 1054/1054/1054 1176/1176/1176 1180/1180/1180
f 1181/1181/1181 1056/1056/1056 1055/1055/1055
f 1180/1180/1180 1182/1182/1182 1054/1054/1054
f 1176/1176/1176 1175/1175/1175 1183/1183/1183
f 1176/1176/1176 1183/1183/1183 1180/1180/1180
f 1056/1056/1056 1181/1181/1181 1184/1184/1184
f 1184/1184/1184 1057/1057/1057 1056/1056/1056
f 1185/1185/1185 1186/1186/1186 1187/1187/1187
f 1188/1188/1188 1189/1189/1189 1190/1190/1190
f 1190/1190/1190 1191/1191/1191 1188/1188/1188
f 1178/1178/1178 1192/1192/1192 1179/1179/1179
f 1193/1193/1193 1186/1186/1186 1194/1194/1194
f 1195/1195/1195 1196/1196/1196 1197/1197/1197
f 1194/1194/1194 1198/1198/1198 1193/1193/1193
f 1186/1186/1186 1193/1193/1193 1187/1187/1187
f 1015/1015/1015 1162/1162/1162 1177/1177/1177
f 1199/1199/1199 1200/1200/1200 1201/1201/1201
f 1202/1202/1202 1200/1200/1200 1199/1199/1199
f 1203/1203/1203 1177/1177/1177 1162/1162/1162
f 1204/1204/1204 1205/1205/1205 1206/1206/1206
f 1200/1200/1200 1202/1202/1202 1207/1207/1207
f 1200/1200/1200 1207/1207/1207 1208/1208/1208
f 1203/1203/1203 1178/1178/1178 1177/1177/1177
f 1196/1196/1196 1205/1205/1205 1209/1209/1209
f 1209/1209/1209 1197/1197/1197 1196/1196/1196
f 1204/1204/1204 1209/1209/1209 1205/1205/1205
f 1210/1210/1210 1211/1211/1211 1197/1197/1197
f 1209/1209/1209 1210/1210/1210 1197/1197/1197
f 1212/1212/1212 1213/1213/1213 1214/1214/1214
f 1212/1212/1212 1214/1214/1214 1215/1215/1215
f 1210/1210/1210 1209/1209/1209 1204/1204/1204
f 1216/1216/1216 1214/1214/1214 1213/1213/1213
f 1217/1217/1217 1216/1216/1216 1213/1213/1213
f 1218/1218/1218 1219/1219/1219 1220/1220/1220
f 1221/1221/1221 1218/1218/1218 1220/1220/1220
f 1222/1222/1222 1223/1223/1223 1224/1224/1224
f 1222/1222/1222 1224/1224/1224 1225/1225/1225
f 839/839/839 1226/1226/1226 1227/1227/1227
f 1227/1227/1227 833/833/833 839/839/839
f 1228/1228/1228 1229/1229/1229 1230/1230/1230
f 1231/1231/1231 1229/1229/1229 1228/1228/1228
f 1228/1228/1228 1230/1230/1230 1232/1232/1232
f 1233/1233/1233 1234/1234/1234 1235/1235/1235
f 1236/1236/1236 1237/1237/1237 1238/1238/1238
f 1238/1238/1238 1239/1239/1239 1236/1236/1236
f 1226/1226/1226 1240/1240/1240 1227/1227/1227
f 1232/1232/1232 1230/1230/1230 1241/1241/1241
f 1242/1242/1242 1232/1232/1232 1241/1241/1241
f 1243/1243/1243 1242/1242/1242 1241/1241/1241
f 1057/1057/1057 1244/1244/1244 1058/1058/1058
f 1245/1245/1245 1235/1235/1235 1234/1234/1234
f 1246/1246/1246 1245/1245/1245 1234/1234/1234
f 1242/1242/1242 1247/1247/1247 1232/1232/1232
f 1235/1235/1235 1245/1245/1245 1248/1248/1248
f 1249/1249/1249 1250/1250/1250 1235/1235/1235
f 1248/1248/1248 1249/1249/1249 1235/1235/1235
f 1251/1251/1251 1252/1252/1252 1253/1253/1253
f 1251/1251/1251 1253/1253/1253 1254/1254/1254
f 1255/1255/1255 1256/1256/1256 1257/1257/1257
f 1255/1255/1255 1257/1257/1257 1258/1258/1258
f 1259/1259/1259 1260/1260/1260 1239/1239/1239
f 1261/1261/1261 1262/1262/1262 1263/1263/1263
f 1238/1238/1238 1259/1259/1259 1239/1239/1239
f 1262/1262/1262 1264/1264/1264 1265/1265/1265
f 1266/1266/1266 1263/1263/1263 1262/1262/1262
f 1265/1265/1265 1266/1266/1266 1262/1262/1262
f 1259/1259/1259 1238/1238/1238 1267/1267/1267
f 1268/1268/1268 1269/1269/1269 1270/1270/1270
f 1270/1270/1270 1271/1271/1271 1268/1268/1268
f 1272/1272/1272 1273/1273/1273 1274/1274/1274
f 1040/1040/1040 1275/1275/1275 1041/1041/1041
f 1276/1276/1276 1258/1258/1258 1257/1257/1257
f 1265/1265/1265 1277/1277/1277 1266/1266/1266
f 1276/1276/1276 1278/1278/1278 1258/1258/1258
f 1273/1273/1273 1279/1279/1279 1274/1274/1274
f 1280/1280/1280 1267/1267/1267 1238/1238/1238
f 1281/1281/1281 1282/1282/1282 1283/1283/1283
f 1214/1214/1214 1284/1284/1284 1285/1285/1285
f 1285/1285/1285 1286/1286/1286 1214/1214/1214
f 1283/1283/1283 1287/1287/1287 1281/1281/1281
f 1277/1277/1277 1265/1265/1265 1288/1288/1288
f 1282/1282/1282 1289/1289/1289 1290/1290/1290
f 1290/1290/1290 1283/1283/1283 1282/1282/1282
f 1284/1284/1284 1214/1214/1214 1291/1291/1291
f 1292/1292/1292 1293/1293/1293 1294/1294/1294
f 1215/1215/1215 1214/1214/1214 1286/1286/1286
f 1295/1295/1295 1296/1296/1296 1297/1297/1297
f 1216/1216/1216 1291/1291/1291 1214/1214/1214
f 1298/1298/1298 1299/1299/1299 1269/1269/1269
f 1269/1269/1269 1268/1268/1268 1298/1298/1298
f 1289/1289/1289 1300/1300/1300 1301/1301/1301
f 1301/1301/1301 1290/1290/1290 1289/1289/1289
f 1267/1267/1267 1280/1280/1280 1302/1302/1302
f 1271/1271/1271 1303/1303/1303 1304/1304/1304
f 1271/1271/1271 1304/1304/1304 1268/1268/1268
f 1305/1305/1305 1306/1306/1306 1249/1249/1249
f 1249/1249/1249 1248/1248/1248 1305/1305/1305
f 1307/1307/1307 1304/1304/1304 1303/1303/1303
f 1306/1306/1306 1305/1305/1305 1308/1308/1308
f 1309/1309/1309 1310/1310/1310 1311/1311/1311
f 1311/1311/1311 1312/1312/1312 1309/1309/1309
f 1313/1313/1313 1312/1312/1312 1311/1311/1311
f 1314/1314/1314 1298/1298/1298 1268/1268/1268
f 1268/1268/1268 1315/1315/1315 1314/1314/1314
f 1300/1300/1300 1316/1316/1316 1317/1317/1317
f 1317/1317/1317 1301/1301/1301 1300/1300/1300
f 1318/1318/1318 1315/1315/1315 1319/1319/1319
f 1313/1313/1313 1320/1320/1320 1312/1312/1312
f 1321/1321/1321 1322/1322/1322 1323/1323/1323
f 1318/1318/1318 1314/1314/1314 1315/1315/1315
f 1322/1322/1322 1324/1324/1324 1323/1323/1323
f 1325/1325/1325 1326/1326/1326 1327/1327/1327
f 1320/1320/1320 1313/1313/1313 1328/1328/1328
f 1320/1320/1320 1328/1328/1328 1329/1329/1329
f 1314/1314/1314 1318/1318/1318 1330/1330/1330
f 1331/1331/1331 1317/1317/1317 1316/1316/1316
f 1332/1332/1332 1323/1323/1323 1324/1324/1324
f 1326/1326/1326 1325/1325/1325 1333/1333/1333
f 1326/1326/1326 1333/1333/1333 1334/1334/1334
f 1335/1335/1335 1332/1332/1332 1324/1324/1324
f 1334/1334/1334 1336/1336/1336 1326/1326/1326
f 1252/1252/1252 1337/1337/1337 1253/1253/1253
f 1337/1337/1337 1338/1338/1338 1339/1339/1339
f 1337/1337/1337 1339/1339/1339 1253/1253/1253
f 1340/1340/1340 1341/1341/1341 1244/1244/1244
f 1342/1342/1342 1340/1340/1340 1244/1244/1244
f 1244/1244/1244 1057/1057/1057 1342/1342/1342
f 1341/1341/1341 1340/1340/1340 1343/1343/1343
f 1344/1344/1344 1253/1253/1253 1339/1339/1339
f 1345/1345/1345 1344/1344/1344 1339/1339/1339
f 1341/1341/1341 1343/1343/1343 1346/1346/1346
f 1340/1340/1340 1342/1342/1342 1343/1343/1343
f 1344/1344/1344 1254/1254/1254 1253/1253/1253
f 1344/1344/1344 1347/1347/1347 1254/1254/1254
f 1248/1248/1248 1348/1348/1348 1305/1305/1305
f 1347/1347/1347 1344/1344/1344 1349/1349/1349
f 1347/1347/1347 1349/1349/1349 1350/1350/1350
f 1351/1351/1351 1305/1305/1305 1348/1348/1348
f 1352/1352/1352 1353/1353/1353 1354/1354/1354
f 1345/1345/1345 1355/1355/1355 1349/1349/1349
f 1349/1349/1349 1355/1355/1355 1350/1350/1350
f 1356/1356/1356 1357/1357/1357 1358/1358/1358
f 1359/1359/1359 1360/1360/1360 1361/1361/1361
f 1362/1362/1362 1363/1363/1363 1364/1364/1364
f 1365/1365/1365 1363/1363/1363 1362/1362/1362
f 1366/1366/1366 1367/1367/1367 1368/1368/1368
f 1362/1362/1362 1369/1369/1369 1365/1365/1365
f 1370/1370/1370 1371/1371/1371 1357/1357/1357
f 1372/1372/1372 1373/1373/1373 1374/1374/1374
f 1357/1357/1357 1356/1356/1356 1370/1370/1370
f 1374/1374/1374 1375/1375/1375 1372/1372/1372
f 1376/1376/1376 1377/1377/1377 1378/1378/1378
f 1379/1379/1379 1380/1380/1380 1381/1381/1381
f 1379/1379/1379 1381/1381/1381 1382/1382/1382
f 1383/1383/1383 1384/1384/1384 1385/1385/1385
f 1386/1386/1386 1363/1363/1363 1387/1387/1387
f 1383/1383/1383 1385/1385/1385 1388/1388/1388
f 1389/1389/1389 1386/1386/1386 1387/1387/1387
f 1390/1390/1390 1389/1389/1389 1387/1387/1387
f 1388/1388/1388 1391/1391/1391 1383/1383/1383
f 1365/1365/1365 1392/1392/1392 1363/1363/1363
f 1363/1363/1363 1386/1386/1386 1364/1364/1364
f 1355/1355/1355 1345/1345/1345 1393/1393/1393
f 1394/1394/1394 1395/1395/1395 1396/1396/1396
f 1397/1397/1397 1364/1364/1364 1386/1386/1386
f 1398/1398/1398 1399/1399/1399 1394/1394/1394
f 1394/1394/1394 1396/1396/1396 1400/1400/1400
f 1394/1394/1394 1400/1400/1400 1398/1398/1398
f 1389/1389/1389 1390/1390/1390 1401/1401/1401
f 1389/1389/1389 1401/1401/1401 1402/1402/1402
f 1403/1403/1403 1404/1404/1404 1405/1405/1405
f 1406/1406/1406 1370/1370/1370 1356/1356/1356
f 1356/1356/1356 1407/1407/1407 1406/1406/1406
f 1377/1377/1377 1408/1408/1408 1409/1409/1409
f 1409/1409/1409 1378/1378/1378 1377/1377/1377
f 1410/1410/1410 1406/1406/1406 1407/1407/1407
f 1411/1411/1411 1409/1409/1409 1408/1408/1408
f 1412/1412/1412 1413/1413/1413 1414/1414/1414
f 1406/1406/1406 1410/1410/1410 1415/1415/1415
f 1414/1414/1414 1416/1416/1416 1412/1412/1412
f 1184/1184/1184 1342/1342/1342 1057/1057/1057
f 1342/1342/1342 1184/1184/1184 1417/1417/1417
f 1417/1417/1417 1343/1343/1343 1342/1342/1342
f 1418/1418/1418 1419/1419/1419 1420/1420/1420
f 1184/1184/1184 1421/1421/1421 1417/1417/1417
f 1343/1343/1343 1417/1417/1417 1422/1422/1422
f 1422/1422/1422 1346/1346/1346 1343/1343/1343
f 1423/1423/1423 1424/1424/1424 1425/1425/1425
f 1426/1426/1426 1427/1427/1427 1428/1428/1428
f 1424/1424/1424 1297/1297/1297 1296/1296/1296
f 1425/1425/1425 1424/1424/1424 1296/1296/1296
f 1296/1296/1296 1429/1429/1429 1425/1425/1425
f 1430/1430/1430 1425/1425/1425 1429/1429/1429
f 1431/1431/1431 1430/1430/1430 1429/1429/1429
f 1432/1432/1432 1428/1428/1428 1427/1427/1427
f 1433/1433/1433 1432/1432/1432 1427/1427/1427
f 1346/1346/1346 1422/1422/1422 1434/1434/1434
f 1422/1422/1422 1435/1435/1435 1434/1434/1434
f 1436/1436/1436 1437/1437/1437 1432/1432/1432
f 1432/1432/1432 1433/1433/1433 1436/1436/1436
f 1438/1438/1438 1439/1439/1439 1440/1440/1440
f 1441/1441/1441 1442/1442/1442 1443/1443/1443
f 1444/1444/1444 1445/1445/1445 1446/1446/1446
f 1447/1447/1447 1448/1448/1448 1449/1449/1449
f 1450/1450/1450 1451/1451/1451 1452/1452/1452
f 1448/1448/1448 1447/1447/1447 1453/1453/1453
f 1448/1448/1448 1453/1453/1453 1454/1454/1454
f 1454/1454/1454 1455/1455/1455 1448/1448/1448
f 1456/1456/1456 1453/1453/1453 1447/1447/1447
f 1453/1453/1453 1456/1456/1456 1457/1457/1457
f 1453/1453/1453 1457/1457/1457 1458/1458/1458
f 1458/1458/1458 1454/1454/1454 1453/1453/1453
f 1459/1459/1459 1436/1436/1436 1433/1433/1433
f 1430/1430/1430 1431/1431/1431 1460/1460/1460
f 1430/1430/1430 1460/1460/1460 1461/1461/1461
f 1462/1462/1462 1457/1457/1457 1456/1456/1456
f 1463/1463/1463 1464/1464/1464 1465/1465/1465
f 1463/1463/1463 1465/1465/1465 1466/1466/1466
f 1457/1457/1457 1462/1462/1462 1467/1467/1467
f 1457/1457/1457 1467/1467/1467 1468/1468/1468
f 1468/1468/1468 1458/1458/1458 1457/1457/1457
f 1351/1351/1351 1308/1308/1308 1305/1305/1305
f 1365/1365/1365 1369/1369/1369 1469/1469/1469
f 1328/1328/1328 1470/1470/1470 1329/1329/1329
f 1471/1471/1471 1472/1472/1472 1375/1375/1375
f 1375/1375/1375 1374/1374/1374 1471/1471/1471
f 1436/1436/1436 1459/1459/1459 1473/1473/1473
f 1474/1474/1474 1475/1475/1475 1476/1476/1476
f 1476/1476/1476 1475/1475/1475 469/469/469
f 1477/1477/1477 1478/1478/1478 1479/1479/1479
f 469/469/469 344/344/344 1476/1476/1476
f 1479/1479/1479 352/352/352 1480/1480/1480
f 1479/1479/1479 1480/1480/1480 1477/1477/1477
f 1474/1474/1474 1481/1481/1481 1475/1475/1475
f 1482/1482/1482 1483/1483/1483 1484/1484/1484
f 1485/1485/1485 470/470/470 1482/1482/1482
f 1484/1484/1484 1485/1485/1485 1482/1482/1482
f 1481/1481/1481 1474/1474/1474 1486/1486/1486
f 1481/1481/1481 1486/1486/1486 1487/1487/1487
f 1488/1488/1488 1484/1484/1484 1483/1483/1483
f 1483/1483/1483 1489/1489/1489 1488/1488/1488
f 1477/1477/1477 1490/1490/1490 1478/1478/1478
f 1490/1490/1490 1477/1477/1477 1491/1491/1491
f 1492/1492/1492 1493/1493/1493 1494/1494/1494
f 1491/1491/1491 1495/1495/1495 1490/1490/1490
f 351/351/351 1480/1480/1480 352/352/352
f 470/470/470 1485/1485/1485 468/468/468
f 1496/1496/1496 1497/1497/1497 1498/1498/1498
f 1498/1498/1498 1497/1497/1497 1499/1499/1499
f 1500/1500/1500 1501/1501/1501 1502/1502/1502
f 1503/1503/1503 1500/1500/1500 1502/1502/1502
f 1504/1504/1504 1505/1505/1505 1506/1506/1506
f 1507/1507/1507 1508/1508/1508 1509/1509/1509
f 1507/1507/1507 1509/1509/1509 1510/1510/1510
f 1511/1511/1511 1512/1512/1512 1513/1513/1513
f 1514/1514/1514 1515/1515/1515 1516/1516/1516
f 1517/1517/1517 1518/1518/1518 1519/1519/1519
f 1519/1519/1519 1520/1520/1520 1517/1517/1517
f 1511/1511/1511 1521/1521/1521 1512/1512/1512
f 1505/1505/1505 1522/1522/1522 1506/1506/1506
f 1523/1523/1523 1524/1524/1524 1525/1525/1525
f 1526/1526/1526 1527/1527/1527 1528/1528/1528
f 1529/1529/1529 1530/1530/1530 1531/1531/1531
f 1532/1532/1532 1533/1533/1533 1534/1534/1534
f 474/474/474 473/473/473 1535/1535/1535
f 1536/1536/1536 1537/1537/1537 1538/1538/1538
f 1538/1538/1538 1537/1537/1537 1539/1539/1539
f 1538/1538/1538 1540/1540/1540 1536/1536/1536
f 1541/1541/1541 1534/1534/1534 1533/1533/1533
f 1542/1542/1542 1543/1543/1543 1544/1544/1544
f 1524/1524/1524 1545/1545/1545 1525/1525/1525
f 1546/1546/1546 1547/1547/1547 1548/1548/1548
f 1546/1546/1546 1548/1548/1548 1549/1549/1549
f 1537/1537/1537 1550/1550/1550 1539/1539/1539
f 1551/1551/1551 1552/1552/1552 1553/1553/1553
f 1526/1526/1526 1554/1554/1554 1527/1527/1527
f 1555/1555/1555 1556/1556/1556 1557/1557/1557
f 1558/1558/1558 1557/1557/1557 1556/1556/1556
f 1559/1559/1559 1560/1560/1560 1561/1561/1561
f 1562/1562/1562 1563/1563/1563 1564/1564/1564
f 1564/1564/1564 1565/1565/1565 1562/1562/1562
f 1547/1547/1547 1566/1566/1566 1548/1548/1548
f 1567/1567/1567 1568/1568/1568 1569/1569/1569
f 1570/1570/1570 1548/1548/1548 1566/1566/1566
f 1571/1571/1571 1572/1572/1572 1573/1573/1573
f 1574/1574/1574 1571/1571/1571 1573/1573/1573
f 1573/1573/1573 1575/1575/1575 1576/1576/1576
f 1573/1573/1573 1576/1576/1576 1574/1574/1574
f 1577/1577/1577 1578/1578/1578 1579/1579/1579
f 1572/1572/1572 1571/1571/1571 1580/1580/1580
f 1578/1578/1578 1581/1581/1581 1582/1582/1582
f 1583/1583/1583 1579/1579/1579 1578/1578/1578
f 1582/1582/1582 1583/1583/1583 1578/1578/1578
f 1584/1584/1584 1585/1585/1585 1586/1586/1586
f 1587/1587/1587 1588/1588/1588 1586/1586/1586
f 1586/1586/1586 1588/1588/1588 1589/1589/1589
f 1589/1589/1589 1584/1584/1584 1586/1586/1586
f 1585/1585/1585 1584/1584/1584 1590/1590/1590
f 688/688/688 1575/1575/1575 682/682/682
f 1575/1575/1575 688/688/688 1576/1576/1576
f 1587/1587/1587 1591/1591/1591 1588/1588/1588
f 1588/1588/1588 1591/1591/1591 1592/1592/1592
f 1588/1588/1588 1592/1592/1592 1589/1589/1589
f 1592/1592/1592 1591/1591/1591 1593/1593/1593
f 1594/1594/1594 1595/1595/1595 1596/1596/1596
f 1597/1597/1597 1598/1598/1598 1599/1599/1599
f 1600/1600/1600 1601/1601/1601 1602/1602/1602
f 1602/1602/1602 1603/1603/1603 1600/1600/1600
f 1604/1604/1604 1605/1605/1605 1595/1595/1595
f 1595/1595/1595 1605/1605/1605 1606/1606/1606
f 1595/1595/1595 1606/1606/1606 1596/1596/1596
f 697/697/697 1607/1607/1607 698/698/698
f 1607/1607/1607 697/697/697 1608/1608/1608
f 1609/1609/1609 1610/1610/1610 1611/1611/1611
f 697/697/697 1612/1612/1612 1613/1613/1613
f 1613/1613/1613 1608/1608/1608 697/697/697
f 1614/1614/1614 1613/1613/1613 1612/1612/1612
f 1615/1615/1615 1616/1616/1616 1617/1617/1617
f 1610/1610/1610 1618/1618/1618 1619/1619/1619
f 1619/1619/1619 1611/1611/1611 1610/1610/1610
f 1620/1620/1620 1617/1617/1617 1616/1616/1616
f 1616/1616/1616 1621/1621/1621 1622/1622/1622
f 1616/1616/1616 1622/1622/1622 1620/1620/1620
f 1617/1617/1617 1620/1620/1620 1623/1623/1623
f 1624/1624/1624 1619/1619/1619 1618/1618/1618
f 1625/1625/1625 1626/1626/1626 1584/1584/1584
f 1584/1584/1584 1626/1626/1626 1590/1590/1590
f 1584/1584/1584 1589/1589/1589 1627/1627/1627
f 1584/1584/1584 1627/1627/1627 1625/1625/1625
f 1628/1628/1628 1629/1629/1629 1630/1630/1630
f 1631/1631/1631 1632/1632/1632 1628/1628/1628
f 1630/1630/1630 1631/1631/1631 1628/1628/1628
f 1633/1633/1633 1634/1634/1634 1635/1635/1635
f 1635/1635/1635 1634/1634/1634 1636/1636/1636
f 1637/1637/1637 1638/1638/1638 1639/1639/1639
f 1640/1640/1640 1641/1641/1641 1642/1642/1642
f 1640/1640/1640 1642/1642/1642 1643/1643/1643
f 1643/1643/1643 1644/1644/1644 1640/1640/1640
f 1627/1627/1627 1589/1589/1589 1592/1592/1592
f 1597/1597/1597 1645/1645/1645 1598/1598/1598
f 1646/1646/1646 1647/1647/1647 1634/1634/1634
f 1648/1648/1648 1649/1649/1649 1650/1650/1650
f 1646/1646/1646 1634/1634/1634 1633/1633/1633
f 1651/1651/1651 1652/1652/1652 1653/1653/1653
f 1638/1638/1638 1651/1651/1651 1653/1653/1653
f 1654/1654/1654 1655/1655/1655 1649/1649/1649
f 1656/1656/1656 1654/1654/1654 1649/1649/1649
f 1649/1649/1649 1648/1648/1648 1657/1657/1657
f 1649/1649/1649 1658/1658/1658 1656/1656/1656
f 1657/1657/1657 1658/1658/1658 1649/1649/1649
f 1659/1659/1659 1660/1660/1660 1661/1661/1661
f 1662/1662/1662 1663/1663/1663 1664/1664/1664
f 1661/1661/1661 1665/1665/1665 1659/1659/1659
f 1666/1666/1666 1665/1665/1665 1661/1661/1661
f 1662/1662/1662 1664/1664/1664 1667/1667/1667
f 1662/1662/1662 1667/1667/1667 1668/1668/1668
f 1664/1664/1664 1663/1663/1663 1634/1634/1634
f 1634/1634/1634 1663/1663/1663 1636/1636/1636
f 1669/1669/1669 1670/1670/1670 1671/1671/1671
f 1663/1663/1663 1672/1672/1672 1636/1636/1636
f 1673/1673/1673 1674/1674/1674 1675/1675/1675
f 1676/1676/1676 1677/1677/1677 1665/1665/1665
f 1675/1675/1675 1678/1678/1678 1673/1673/1673
f 1666/1666/1666 1676/1676/1676 1665/1665/1665
f 1674/1674/1674 1673/1673/1673 1679/1679/1679
f 1679/1679/1679 1680/1680/1680 1674/1674/1674
f 1681/1681/1681 1667/1667/1667 1664/1664/1664
f 1677/1677/1677 1676/1676/1676 1682/1682/1682
f 1682/1682/1682 1683/1683/1683 1677/1677/1677
f 1676/1676/1676 1666/1666/1666 1684/1684/1684
f 1676/1676/1676 1684/1684/1684 1682/1682/1682
f 1685/1685/1685 1686/1686/1686 1687/1687/1687
f 1683/1683/1683 1682/1682/1682 1688/1688/1688
f 1689/1689/1689 1690/1690/1690 1691/1691/1691
f 1651/1651/1651 1638/1638/1638 1692/1692/1692
f 1693/1693/1693 1630/1630/1630 1629/1629/1629
f 1637/1637/1637 1692/1692/1692 1638/1638/1638
f 1694/1694/1694 1695/1695/1695 1696/1696/1696
f 1697/1697/1697 1698/1698/1698 1699/1699/1699
f 1699/1699/1699 1700/1700/1700 1697/1697/1697
f 1701/1701/1701 1702/1702/1702 1703/1703/1703
f 1704/1704/1704 1705/1705/1705 1706/1706/1706
f 1707/1707/1707 1704/1704/1704 1706/1706/1706
f 1686/1686/1686 1685/1685/1685 1708/1708/1708
f 1709/1709/1709 1668/1668/1668 1667/1667/1667
f 1710/1710/1710 1711/1711/1711 1712/1712/1712
f 1666/1666/1666 1713/1713/1713 1684/1684/1684
f 1714/1714/1714 1715/1715/1715 1716/1716/1716
f 1711/1711/1711 1710/1710/1710 1717/1717/1717
f 1711/1711/1711 1717/1717/1717 1718/1718/1718
f 1718/1718/1718 1719/1719/1719 1711/1711/1711
f 1720/1720/1720 1682/1682/1682 1684/1684/1684
f 1714/1714/1714 1721/1721/1721 1715/1715/1715
f 1720/1720/1720 1688/1688/1688 1682/1682/1682
f 1690/1690/1690 1721/1721/1721 1722/1722/1722
f 1690/1690/1690 1722/1722/1722 1691/1691/1691
f 1723/1723/1723 1722/1722/1722 1721/1721/1721
f 1721/1721/1721 1714/1714/1714 1723/1723/1723
f 1724/1724/1724 1691/1691/1691 1722/1722/1722
f 1725/1725/1725 1724/1724/1724 1722/1722/1722
f 1723/1723/1723 1725/1725/1725 1722/1722/1722
f 1726/1726/1726 1727/1727/1727 1728/1728/1728
f 1700/1700/1700 1699/1699/1699 1729/1729/1729
f 1727/1727/1727 1726/1726/1726 1730/1730/1730
f 1642/1642/1642 1731/1731/1731 1643/1643/1643
f 1699/1699/1699 1732/1732/1732 1729/1729/1729
f 1733/1733/1733 1734/1734/1734 1724/1724/1724
f 1733/1733/1733 1724/1724/1724 1726/1726/1726
f 1724/1724/1724 1734/1734/1734 1691/1691/1691
f 1725/1725/1725 1726/1726/1726 1724/1724/1724
f 1725/1725/1725 1730/1730/1730 1726/1726/1726
f 1731/1731/1731 1735/1735/1735 1736/1736/1736
f 1731/1731/1731 1736/1736/1736 1737/1737/1737
f 1737/1737/1737 1643/1643/1643 1731/1731/1731
f 1738/1738/1738 1739/1739/1739 1740/1740/1740
f 1741/1741/1741 1742/1742/1742 1743/1743/1743
f 1744/1744/1744 1742/1742/1742 1741/1741/1741
f 1745/1745/1745 1746/1746/1746 1741/1741/1741
f 1741/1741/1741 1746/1746/1746 1747/1747/1747
f 1741/1741/1741 1743/1743/1743 1745/1745/1745
f 1741/1741/1741 1747/1747/1747 1748/1748/1748
f 1741/1741/1741 1748/1748/1748 1744/1744/1744
f 1749/1749/1749 1750/1750/1750 1751/1751/1751
f 1752/1752/1752 1753/1753/1753 1754/1754/1754
f 1755/1755/1755 1756/1756/1756 1757/1757/1757
f 1754/1754/1754 1758/1758/1758 1752/1752/1752
f 1750/1750/1750 1749/1749/1749 1759/1759/1759
f 1760/1760/1760 1761/1761/1761 1762/1762/1762
f 1763/1763/1763 1764/1764/1764 1765/1765/1765
f 1766/1766/1766 1767/1767/1767 1768/1768/1768
f 1769/1769/1769 1766/1766/1766 1768/1768/1768
f 1768/1768/1768 1770/1770/1770 1769/1769/1769
f 1761/1761/1761 1760/1760/1760 1771/1771/1771
f 1772/1772/1772 1743/1743/1743 1742/1742/1742
f 1773/1773/1773 1774/1774/1774 1775/1775/1775
f 1771/1771/1771 1776/1776/1776 1761/1761/1761
f 1764/1764/1764 1777/1777/1777 1765/1765/1765
f 1778/1778/1778 1779/1779/1779 1760/1760/1760
f 1760/1760/1760 1779/1779/1779 1771/1771/1771
f 1752/1752/1752 1780/1780/1780 1753/1753/1753
f 1753/1753/1753 1780/1780/1780 1781/1781/1781
f 1782/1782/1782 1759/1759/1759 1749/1749/1749
f 1779/1779/1779 1778/1778/1778 1783/1783/1783
f 1784/1784/1784 1785/1785/1785 1786/1786/1786
f 1766/1766/1766 1769/1769/1769 1787/1787/1787
f 1766/1766/1766 1787/1787/1787 1788/1788/1788
f 1789/1789/1789 1790/1790/1790 1791/1791/1791
f 1791/1791/1791 1792/1792/1792 1789/1789/1789
f 1790/1790/1790 1789/1789/1789 1793/1793/1793
f 1794/1794/1794 1602/1602/1602 1601/1601/1601
f 1793/1793/1793 1795/1795/1795 1790/1790/1790
f 1796/1796/1796 1797/1797/1797 710/710/710
f 710/710/710 709/709/709 1796/1796/1796
f 1798/1798/1798 1623/1623/1623 1620/1620/1620
f 1797/1797/1797 1796/1796/1796 1799/1799/1799
f 1800/1800/1800 1801/1801/1801 1802/1802/1802
f 1803/1803/1803 1804/1804/1804 1805/1805/1805
f 1800/1800/1800 1806/1806/1806 1807/1807/1807
f 1802/1802/1802 1806/1806/1806 1800/1800/1800
f 1808/1808/1808 1809/1809/1809 1810/1810/1810
f 1808/1808/1808 1810/1810/1810 1811/1811/1811
f 1812/1812/1812 1802/1802/1802 1801/1801/1801
f 1813/1813/1813 1812/1812/1812 1801/1801/1801
f 1804/1804/1804 1803/1803/1803 1814/1814/1814
f 1814/1814/1814 1815/1815/1815 1804/1804/1804
f 1816/1816/1816 1817/1817/1817 1818/1818/1818
f 1819/1819/1819 1817/1817/1817 1816/1816/1816
f 1820/1820/1820 1818/1818/1818 1817/1817/1817
f 1821/1821/1821 1822/1822/1822 1823/1823/1823
f 1823/1823/1823 1824/1824/1824 1821/1821/1821
f 1789/1789/1789 1825/1825/1825 1793/1793/1793
f 1807/1807/1807 1826/1826/1826 1827/1827/1827
f 1827/1827/1827 1826/1826/1826 1828/1828/1828
f 1829/1829/1829 1809/1809/1809 1830/1830/1830
f 1830/1830/1830 1831/1831/1831 1829/1829/1829
f 1832/1832/1832 1831/1831/1831 1830/1830/1830
f 1833/1833/1833 1834/1834/1834 1835/1835/1835
f 1806/1806/1806 1826/1826/1826 1807/1807/1807
f 1836/1836/1836 1837/1837/1837 1838/1838/1838
f 1839/1839/1839 1836/1836/1836 1838/1838/1838
f 1840/1840/1840 1839/1839/1839 1838/1838/1838
f 1841/1841/1841 1842/1842/1842 1843/1843/1843
f 1843/1843/1843 1844/1844/1844 1841/1841/1841
f 1809/1809/1809 1829/1829/1829 1810/1810/1810
f 1831/1831/1831 1832/1832/1832 1845/1845/1845
f 1839/1839/1839 1840/1840/1840 1846/1846/1846
f 1834/1834/1834 1833/1833/1833 1847/1847/1847
f 1848/1848/1848 1845/1845/1845 1832/1832/1832
f 1834/1834/1834 1847/1847/1847 1849/1849/1849
f 1844/1844/1844 1843/1843/1843 1850/1850/1850
f 1851/1851/1851 1850/1850/1850 1843/1843/1843
f 1845/1845/1845 1848/1848/1848 1852/1852/1852
f 1853/1853/1853 1854/1854/1854 1855/1855/1855
f 1856/1856/1856 1857/1857/1857 1858/1858/1858
f 1855/1855/1855 1859/1859/1859 1853/1853/1853
f 1860/1860/1860 1854/1854/1854 1861/1861/1861
f 1862/1862/1862 1860/1860/1860 1861/1861/1861
f 1854/1854/1854 1860/1860/1860 1855/1855/1855
f 1863/1863/1863 1864/1864/1864 1865/1865/1865
f 1866/1866/1866 1867/1867/1867 1868/1868/1868
f 1865/1865/1865 1869/1869/1869 1863/1863/1863
f 1870/1870/1870 1846/1846/1846 1840/1840/1840
f 1871/1871/1871 1872/1872/1872 1873/1873/1873
f 1874/1874/1874 1873/1873/1873 1872/1872/1872
f 1812/1812/1812 1813/1813/1813 1875/1875/1875
f 1874/1874/1874 1876/1876/1876 1873/1873/1873
f 1472/1472/1472 1471/1471/1471 1877/1877/1877
f 1878/1878/1878 1879/1879/1879 1880/1880/1880
f 1880/1880/1880 1879/1879/1879 1881/1881/1881
f 1882/1882/1882 1883/1883/1883 1884/1884/1884
f 1822/1822/1822 1821/1821/1821 1885/1885/1885
f 1886/1886/1886 1882/1882/1882 1884/1884/1884
f 1887/1887/1887 1883/1883/1883 1888/1888/1888
f 1889/1889/1889 1890/1890/1890 1891/1891/1891
f 1892/1892/1892 1888/1888/1888 1883/1883/1883
f 1882/1882/1882 1892/1892/1892 1883/1883/1883
f 1893/1893/1893 1894/1894/1894 1895/1895/1895
f 1894/1894/1894 1893/1893/1893 1896/1896/1896
f 1894/1894/1894 1896/1896/1896 1897/1897/1897
f 1898/1898/1898 1899/1899/1899 1900/1900/1900
f 1901/1901/1901 1849/1849/1849 1847/1847/1847
f 1850/1850/1850 1851/1851/1851 1902/1902/1902
f 1903/1903/1903 1852/1852/1852 1848/1848/1848
f 1901/1901/1901 1904/1904/1904 1849/1849/1849
f 1852/1852/1852 1903/1903/1903 1905/1905/1905
f 1906/1906/1906 1902/1902/1902 1851/1851/1851
f 1904/1904/1904 1901/1901/1901 1907/1907/1907
f 1908/1908/1908 1905/1905/1905 1903/1903/1903
f 1902/1902/1902 1906/1906/1906 1909/1909/1909
f 1910/1910/1910 1911/1911/1911 1912/1912/1912
f 1912/1912/1912 1911/1911/1911 1913/1913/1913
f 1856/1856/1856 1914/1914/1914 1857/1857/1857
f 1915/1915/1915 1916/1916/1916 1381/1381/1381
f 1915/1915/1915 1381/1381/1381 1917/1917/1917
f 1918/1918/1918 1913/1913/1913 1911/1911/1911
f 1917/1917/1917 1919/1919/1919 1915/1915/1915
f 1920/1920/1920 1381/1381/1381 1380/1380/1380
f 1378/1378/1378 1409/1409/1409 1921/1921/1921
f 1382/1382/1382 1381/1381/1381 1916/1916/1916
f 1922/1922/1922 1382/1382/1382 1916/1916/1916
f 1923/1923/1923 1924/1924/1924 1925/1925/1925
f 1926/1926/1926 1777/1777/1777 1913/1913/1913
f 1918/1918/1918 1926/1926/1926 1913/1913/1913
f 1777/1777/1777 1926/1926/1926 1927/1927/1927
f 1927/1927/1927 1765/1765/1765 1777/1777/1777
f 1926/1926/1926 1918/1918/1918 1928/1928/1928
f 1928/1928/1928 1929/1929/1929 1926/1926/1926
f 1930/1930/1930 1931/1931/1931 1932/1932/1932
f 1933/1933/1933 1934/1934/1934 1935/1935/1935
f 1936/1936/1936 1937/1937/1937 1938/1938/1938
f 1939/1939/1939 1937/1937/1937 1936/1936/1936
f 1940/1940/1940 1924/1924/1924 1941/1941/1941
f 1942/1942/1942 1924/1924/1924 1940/1940/1940
f 1940/1940/1940 1941/1941/1941 1943/1943/1943
f 1936/1936/1936 1944/1944/1944 1939/1939/1939
f 1928/1928/1928 1945/1945/1945 1929/1929/1929
f 1946/1946/1946 1947/1947/1947 1948/1948/1948
f 1949/1949/1949 1950/1950/1950 1951/1951/1951
f 1928/1928/1928 1952/1952/1952 1945/1945/1945
f 1945/1945/1945 1952/1952/1952 1953/1953/1953
f 1954/1954/1954 1955/1955/1955 1956/1956/1956
f 1953/1953/1953 1957/1957/1957 1945/1945/1945
f 1413/1413/1413 1958/1958/1958 1959/1959/1959
f 1924/1924/1924 1923/1923/1923 1941/1941/1941
f 1958/1958/1958 1413/1413/1413 1960/1960/1960
f 1961/1961/1961 1960/1960/1960 1413/1413/1413
f 1413/1413/1413 1412/1412/1412 1961/1961/1961
f 1962/1962/1962 1943/1943/1943 1941/1941/1941
f 1770/1770/1770 1963/1963/1963 1964/1964/1964
f 1927/1927/1927 1965/1965/1965 1765/1765/1765
f 1770/1770/1770 1964/1964/1964 1769/1769/1769
f 1966/1966/1966 1964/1964/1964 1963/1963/1963
f 1965/1965/1965 1927/1927/1927 1967/1967/1967
f 1967/1967/1967 1968/1968/1968 1965/1965/1965
f 1787/1787/1787 1769/1769/1769 1964/1964/1964
f 1969/1969/1969 1787/1787/1787 1964/1964/1964
f 1964/1964/1964 1966/1966/1966 1970/1970/1970
f 1964/1964/1964 1970/1970/1970 1969/1969/1969
f 1971/1971/1971 1972/1972/1972 1973/1973/1973
f 1973/1973/1973 1972/1972/1972 1974/1974/1974
f 1973/1973/1973 1975/1975/1975 1971/1971/1971
f 1976/1976/1976 1977/1977/1977 1978/1978/1978
f 1979/1979/1979 1980/1980/1980 1976/1976/1976
f 1978/1978/1978 1981/1981/1981 1976/1976/1976
f 1976/1976/1976 1981/1981/1981 1979/1979/1979
f 1982/1982/1982 1983/1983/1983 1984/1984/1984
f 1984/1984/1984 1985/1985/1985 1982/1982/1982
f 1986/1986/1986 1987/1987/1987 1988/1988/1988
f 1955/1955/1955 1954/1954/1954 1989/1989/1989
f 1990/1990/1990 1991/1991/1991 1992/1992/1992
f 1992/1992/1992 1993/1993/1993 1990/1990/1990
f 1994/1994/1994 1995/1995/1995 1996/1996/1996
f 1997/1997/1997 1996/1996/1996 1995/1995/1995
f 1998/1998/1998 1999/1999/1999 2000/2000/2000
f 2001/2001/2001 2002/2002/2002 2003/2003/2003
f 2001/2001/2001 2003/2003/2003 2004/2004/2004
f 2005/2005/2005 1978/1978/1978 1977/1977/1977
f 2006/2006/2006 2007/2007/2007 2008/2008/2008
f 2009/2009/2009 2010/2010/2010 2011/2011/2011
f 2009/2009/2009 2011/2011/2011 2012/2012/2012
f 2008/2008/2008 2013/2013/2013 2006/2006/2006
f 1382/1382/1382 1922/1922/1922 2014/2014/2014
f 1922/1922/1922 2015/2015/2015 2016/2016/2016
f 2016/2016/2016 2014/2014/2014 1922/1922/1922
f 2014/2014/2014 2016/2016/2016 2017/2017/2017
f 2018/2018/2018 1333/1333/1333 2019/2019/2019
f 2017/2017/2017 2020/2020/2020 2014/2014/2014
f 1333/1333/1333 2018/2018/2018 2021/2021/2021
f 2021/2021/2021 1334/1334/1334 1333/1333/1333
f 2022/2022/2022 1892/1892/1892 2023/2023/2023
f 2023/2023/2023 2024/2024/2024 2022/2022/2022
f 1892/1892/1892 1882/1882/1882 2025/2025/2025
f 2025/2025/2025 2023/2023/2023 1892/1892/1892
f 1717/1717/1717 2026/2026/2026 1718/1718/1718
f 2027/2027/2027 1718/1718/1718 2026/2026/2026
f 2028/2028/2028 2029/2029/2029 2030/2030/2030
f 2030/2030/2030 2031/2031/2031 2028/2028/2028
f 2032/2032/2032 2033/2033/2033 2034/2034/2034
f 2035/2035/2035 2036/2036/2036 2037/2037/2037
f 2038/2038/2038 2039/2039/2039 2040/2040/2040
f 2038/2038/2038 2040/2040/2040 2041/2041/2041
f 2042/2042/2042 2043/2043/2043 2044/2044/2044
f 2045/2045/2045 2046/2046/2046 2047/2047/2047
f 2033/2033/2033 2048/2048/2048 2034/2034/2034
f 2049/2049/2049 2050/2050/2050 2051/2051/2051
f 2052/2052/2052 2049/2049/2049 2051/2051/2051
f 2051/2051/2051 2053/2053/2053 2052/2052/2052
f 2054/2054/2054 2034/2034/2034 2048/2048/2048
f 2055/2055/2055 2054/2054/2054 2048/2048/2048
f 2056/2056/2056 2057/2057/2057 2050/2050/2050
f 2050/2050/2050 2049/2049/2049 2056/2056/2056
f 2058/2058/2058 2059/2059/2059 2060/2060/2060
f 2060/2060/2060 1739/1739/1739 2058/2058/2058
f 2061/2061/2061 2060/2060/2060 2059/2059/2059
f 2059/2059/2059 2062/2062/2062 2061/2061/2061
f 2060/2060/2060 1740/1740/1740 1739/1739/1739
f 1740/1740/1740 2060/2060/2060 2061/2061/2061
f 1740/1740/1740 2061/2061/2061 2063/2063/2063
f 2064/2064/2064 1737/1737/1737 1736/1736/1736
f 2065/2065/2065 2064/2064/2064 1736/1736/1736
f 2066/2066/2066 2067/2067/2067 2068/2068/2068
f 2069/2069/2069 2070/2070/2070 2071/2071/2071
f 2072/2072/2072 2073/2073/2073 2074/2074/2074
f 2075/2075/2075 2076/2076/2076 2069/2069/2069
f 2068/2068/2068 2077/2077/2077 2066/2066/2066
f 2071/2071/2071 2075/2075/2075 2069/2069/2069
f 2067/2067/2067 2066/2066/2066 2078/2078/2078
f 2079/2079/2079 2071/2071/2071 2070/2070/2070
f 2078/2078/2078 2080/2080/2080 2067/2067/2067
f 2070/2070/2070 2081/2081/2081 2079/2079/2079
f 2062/2062/2062 2082/2082/2082 2061/2061/2061
f 2083/2083/2083 2084/2084/2084 1980/1980/1980
f 1980/1980/1980 1979/1979/1979 2083/2083/2083
f 2039/2039/2039 2085/2085/2085 2086/2086/2086
f 2086/2086/2086 2040/2040/2040 2039/2039/2039
f 2087/2087/2087 2061/2061/2061 2082/2082/2082
f 2088/2088/2088 2087/2087/2087 2082/2082/2082
f 2084/2084/2084 2083/2083/2083 2089/2089/2089
f 2054/2054/2054 2090/2090/2090 2091/2091/2091
f 2055/2055/2055 2090/2090/2090 2054/2054/2054
f 2085/2085/2085 2092/2092/2092 2093/2093/2093
f 2093/2093/2093 2086/2086/2086 2085/2085/2085
f 2094/2094/2094 2091/2091/2091 2090/2090/2090
f 2095/2095/2095 2096/2096/2096 2097/2097/2097
f 2097/2097/2097 2098/2098/2098 2099/2099/2099
f 2097/2097/2097 2099/2099/2099 2095/2095/2095
f 2094/2094/2094 2073/2073/2073 2091/2091/2091
f 2092/2092/2092 2100/2100/2100 2101/2101/2101
f 2101/2101/2101 2093/2093/2093 2092/2092/2092
f 2073/2073/2073 2094/2094/2094 2074/2074/2074
f 2075/2075/2075 2102/2102/2102 2076/2076/2076
f 2096/2096/2096 2095/2095/2095 2103/2103/2103
f 2103/2103/2103 2104/2104/2104 2096/2096/2096
f 2098/2098/2098 2105/2105/2105 2099/2099/2099
f 2061/2061/2061 2087/2087/2087 2063/2063/2063
f 2104/2104/2104 2103/2103/2103 2106/2106/2106
f 2106/2106/2106 2107/2107/2107 2104/2104/2104
f 2107/2107/2107 2106/2106/2106 2108/2108/2108
f 2108/2108/2108 2109/2109/2109 2107/2107/2107
f 2087/2087/2087 2088/2088/2088 2110/2110/2110
f 2111/2111/2111 2112/2112/2112 2113/2113/2113
f 2114/2114/2114 2115/2115/2115 2116/2116/2116
f 2113/2113/2113 2117/2117/2117 2111/2111/2111
f 2118/2118/2118 2119/2119/2119 2120/2120/2120
f 2120/2120/2120 2119/2119/2119 2121/2121/2121
f 2122/2122/2122 2123/2123/2123 2124/2124/2124
f 2125/2125/2125 2123/2123/2123 2122/2122/2122
f 2044/2044/2044 2043/2043/2043 2126/2126/2126
f 2046/2046/2046 2127/2127/2127 2128/2128/2128
f 2128/2128/2128 2127/2127/2127 2129/2129/2129
f 2127/2127/2127 2046/2046/2046 2130/2130/2130
f 2131/2131/2131 2053/2053/2053 2132/2132/2132
f 2046/2046/2046 2045/2045/2045 2130/2130/2130
f 2131/2131/2131 2052/2052/2052 2053/2053/2053
f 1981/1981/1981 1978/1978/1978 2133/2133/2133
f 1981/1981/1981 2133/2133/2133 2134/2134/2134
f 2135/2135/2135 2136/2136/2136 2137/2137/2137
f 2138/2138/2138 1979/1979/1979 1981/1981/1981
f 2139/2139/2139 2140/2140/2140 2141/2141/2141
f 2141/2141/2141 2140/2140/2140 2142/2142/2142
f 2143/2143/2143 2144/2144/2144 2145/2145/2145
f 2141/2141/2141 2142/2142/2142 2146/2146/2146
f 2147/2147/2147 2148/2148/2148 2149/2149/2149
f 2149/2149/2149 2150/2150/2150 2147/2147/2147
f 2151/2151/2151 2152/2152/2152 2153/2153/2153
f 2153/2153/2153 2152/2152/2152 2154/2154/2154
f 2155/2155/2155 2156/2156/2156 2157/2157/2157
f 2158/2158/2158 2136/2136/2136 2159/2159/2159
f 2160/2160/2160 2161/2161/2161 2162/2162/2162
f 2154/2154/2154 2163/2163/2163 2153/2153/2153
f 2164/2164/2164 2165/2165/2165 2166/2166/2166
f 2167/2167/2167 2158/2158/2158 2159/2159/2159
f 2166/2166/2166 2168/2168/2168 2164/2164/2164
f 2169/2169/2169 2170/2170/2170 2171/2171/2171
f 2172/2172/2172 2173/2173/2173 2174/2174/2174
f 2175/2175/2175 2176/2176/2176 2177/2177/2177
f 2178/2178/2178 2179/2179/2179 2180/2180/2180
f 2173/2173/2173 2181/2181/2181 2140/2140/2140
f 2169/2169/2169 2182/2182/2182 2170/2170/2170
f 2140/2140/2140 2174/2174/2174 2173/2173/2173
f 2183/2183/2183 2184/2184/2184 2185/2185/2185
f 2186/2186/2186 2187/2187/2187 2188/2188/2188
f 2188/2188/2188 2189/2189/2189 2186/2186/2186
f 2186/2186/2186 2189/2189/2189 2190/2190/2190
f 2191/2191/2191 2192/2192/2192 2193/2193/2193
f 2194/2194/2194 2195/2195/2195 2196/2196/2196
f 2197/2197/2197 2198/2198/2198 2199/2199/2199
f 2200/2200/2200 2201/2201/2201 2202/2202/2202
f 2169/2169/2169 2203/2203/2203 2182/2182/2182
f 2204/2204/2204 2205/2205/2205 2206/2206/2206
f 2169/2169/2169 2207/2207/2207 2203/2203/2203
f 2208/2208/2208 2209/2209/2209 2210/2210/2210
f 2211/2211/2211 2206/2206/2206 2205/2205/2205
f 2210/2210/2210 2212/2212/2212 2208/2208/2208
f 2213/2213/2213 2214/2214/2214 2215/2215/2215
f 2216/2216/2216 2217/2217/2217 2218/2218/2218
f 2219/2219/2219 2210/2210/2210 2209/2209/2209
f 2218/2218/2218 2220/2220/2220 2216/2216/2216
f 2221/2221/2221 2222/2222/2222 2176/2176/2176
f 2176/2176/2176 2175/2175/2175 2221/2221/2221
f 2222/2222/2222 2221/2221/2221 2223/2223/2223
f 2224/2224/2224 2225/2225/2225 2226/2226/2226
f 2226/2226/2226 2225/2225/2225 2227/2227/2227
f 2228/2228/2228 2224/2224/2224 2226/2226/2226
f 2229/2229/2229 2230/2230/2230 2231/2231/2231
f 2231/2231/2231 2232/2232/2232 2229/2229/2229
f 2187/2187/2187 2233/2233/2233 2234/2234/2234
f 2234/2234/2234 2188/2188/2188 2187/2187/2187
f 2192/2192/2192 2191/2191/2191 2235/2235/2235
f 2236/2236/2236 2237/2237/2237 2195/2195/2195
f 2195/2195/2195 2237/2237/2237 2196/2196/2196
f 2192/2192/2192 2235/2235/2235 2238/2238/2238
f 2239/2239/2239 2240/2240/2240 2241/2241/2241
f 2242/2242/2242 2224/2224/2224 2228/2228/2228
f 2241/2241/2241 2243/2243/2243 2244/2244/2244
f 2241/2241/2241 2244/2244/2244 2245/2245/2245
f 2241/2241/2241 2245/2245/2245 2239/2239/2239
f 2246/2246/2246 2247/2247/2247 2248/2248/2248
f 2249/2249/2249 2250/2250/2250 2251/2251/2251
f 2252/2252/2252 2253/2253/2253 2254/2254/2254
f 2255/2255/2255 2256/2256/2256 2257/2257/2257
f 2258/2258/2258 2259/2259/2259 2260/2260/2260
f 2261/2261/2261 2262/2262/2262 2263/2263/2263
f 2264/2264/2264 2265/2265/2265 2266/2266/2266
f 2258/2258/2258 2267/2267/2267 2259/2259/2259
f 2262/2262/2262 2268/2268/2268 2269/2269/2269
f 2262/2262/2262 2270/2270/2270 2263/2263/2263
f 2269/2269/2269 2270/2270/2270 2262/2262/2262
f 2267/2267/2267 2258/2258/2258 2271/2271/2271
f 2272/2272/2272 2273/2273/2273 2268/2268/2268
f 2268/2268/2268 2273/2273/2273 2269/2269/2269
f 2271/2271/2271 2274/2274/2274 2267/2267/2267
f 2239/2239/2239 2275/2275/2275 2240/2240/2240
f 2276/2276/2276 2266/2266/2266 2265/2265/2265
f 2265/2265/2265 2277/2277/2277 2276/2276/2276
f 2233/2233/2233 2278/2278/2278 2279/2279/2279
f 2279/2279/2279 2234/2234/2234 2233/2233/2233
f 2280/2280/2280 2279/2279/2279 2278/2278/2278
f 2210/2210/2210 2219/2219/2219 2281/2281/2281
f 2272/2272/2272 2282/2282/2282 2273/2273/2273
f 2283/2283/2283 2284/2284/2284 2285/2285/2285
f 2286/2286/2286 2287/2287/2287 2288/2288/2288
f 2285/2285/2285 2289/2289/2289 2283/2283/2283
f 2282/2282/2282 2272/2272/2272 2290/2290/2290
f 2282/2282/2282 2290/2290/2290 2291/2291/2291
f 2284/2284/2284 2292/2292/2292 2293/2293/2293
f 2284/2284/2284 2293/2293/2293 2285/2285/2285
f 2294/2294/2294 2238/2238/2238 2235/2235/2235
f 2238/2238/2238 2294/2294/2294 2295/2295/2295
f 2296/2296/2296 2295/2295/2295 2294/2294/2294
f 2297/2297/2297 2296/2296/2296 2294/2294/2294
f 2298/2298/2298 2245/2245/2245 2244/2244/2244
f 2244/2244/2244 2299/2299/2299 2298/2298/2298
f 2300/2300/2300 2301/2301/2301 2302/2302/2302
f 2303/2303/2303 2239/2239/2239 2245/2245/2245
f 2304/2304/2304 2305/2305/2305 2306/2306/2306
f 2306/2306/2306 2307/2307/2307 2304/2304/2304
f 2296/2296/2296 2297/2297/2297 2308/2308/2308
f 2309/2309/2309 2310/2310/2310 2311/2311/2311
f 2296/2296/2296 2308/2308/2308 2312/2312/2312
f 2279/2279/2279 2280/2280/2280 2313/2313/2313
f 2302/2302/2302 2301/2301/2301 2314/2314/2314
f 2315/2315/2315 2316/2316/2316 2317/2317/2317
f 2318/2318/2318 2319/2319/2319 2320/2320/2320
f 2321/2321/2321 2322/2322/2322 2323/2323/2323
f 2310/2310/2310 2309/2309/2309 2324/2324/2324
f 2316/2316/2316 2325/2325/2325 2317/2317/2317
f 2271/2271/2271 2326/2326/2326 2274/2274/2274
f 2274/2274/2274 2326/2326/2326 2327/2327/2327
f 2328/2328/2328 2329/2329/2329 2330/2330/2330
f 2330/2330/2330 2329/2329/2329 2331/2331/2331
f 2332/2332/2332 2333/2333/2333 2334/2334/2334
f 2318/2318/2318 2335/2335/2335 2319/2319/2319
f 2336/2336/2336 2337/2337/2337 2338/2338/2338
f 2339/2339/2339 2340/2340/2340 2341/2341/2341
f 2322/2322/2322 2321/2321/2321 2342/2342/2342
f 2343/2343/2343 2285/2285/2285 2293/2293/2293
f 2344/2344/2344 2345/2345/2345 2346/2346/2346
f 2346/2346/2346 2347/2347/2347 2344/2344/2344
f 2174/2174/2174 2140/2140/2140 2139/2139/2139
f 2175/2175/2175 2348/2348/2348 2349/2349/2349
f 2175/2175/2175 2349/2349/2349 2221/2221/2221
f 2350/2350/2350 2142/2142/2142 2140/2140/2140
f 2351/2351/2351 2133/2133/2133 1978/1978/1978
f 2352/2352/2352 2353/2353/2353 2354/2354/2354
f 2143/2143/2143 2355/2355/2355 2144/2144/2144
f 2006/2006/2006 2356/2356/2356 2007/2007/2007
f 2357/2357/2357 2223/2223/2223 2221/2221/2221
f 2356/2356/2356 2006/2006/2006 2358/2358/2358
f 2221/2221/2221 2359/2359/2359 2357/2357/2357
f 2142/2142/2142 2350/2350/2350 2360/2360/2360
f 2142/2142/2142 2360/2360/2360 2146/2146/2146
f 2361/2361/2361 2229/2229/2229 2232/2232/2232
f 2154/2154/2154 2152/2152/2152 2256/2256/2256
f 2256/2256/2256 2255/2255/2255 2154/2154/2154
f 2229/2229/2229 2361/2361/2361 2362/2362/2362
f 2158/2158/2158 2137/2137/2137 2136/2136/2136
f 2154/2154/2154 2363/2363/2363 2163/2163/2163
f 2163/2163/2163 2363/2363/2363 2364/2364/2364
f 2364/2364/2364 2365/2365/2365 2163/2163/2163
f 2366/2366/2366 2367/2367/2367 2363/2363/2363
f 2368/2368/2368 2369/2369/2369 2370/2370/2370
f 2363/2363/2363 2371/2371/2371 2366/2366/2366
f 2154/2154/2154 2371/2371/2371 2363/2363/2363
f 2372/2372/2372 2373/2373/2373 2374/2374/2374
f 2375/2375/2375 2376/2376/2376 2377/2377/2377
f 2374/2374/2374 2378/2378/2378 2372/2372/2372
f 2369/2369/2369 2379/2379/2379 2370/2370/2370
f 2380/2380/2380 2381/2381/2381 2382/2382/2382
f 2380/2380/2380 2382/2382/2382 2383/2383/2383
f 2380/2380/2380 2383/2383/2383 2384/2384/2384
f 2385/2385/2385 2386/2386/2386 2387/2387/2387
f 2388/2388/2388 2389/2389/2389 2390/2390/2390
f 2391/2391/2391 2392/2392/2392 2393/2393/2393
f 2390/2390/2390 2255/2255/2255 2388/2388/2388
f 2393/2393/2393 2394/2394/2394 2391/2391/2391
f 2395/2395/2395 2396/2396/2396 2392/2392/2392
f 2392/2392/2392 2391/2391/2391 2395/2395/2395
f 2255/2255/2255 2390/2390/2390 2397/2397/2397
f 2255/2255/2255 2397/2397/2397 2371/2371/2371
f 2255/2255/2255 2371/2371/2371 2154/2154/2154
f 2381/2381/2381 2397/2397/2397 2390/2390/2390
f 2396/2396/2396 2395/2395/2395 2398/2398/2398
f 2390/2390/2390 2399/2399/2399 2381/2381/2381
f 2366/2366/2366 2371/2371/2371 2397/2397/2397
f 2372/2372/2372 2378/2378/2378 2400/2400/2400
f 2401/2401/2401 2402/2402/2402 2403/2403/2403
f 2404/2404/2404 2395/2395/2395 2391/2391/2391
f 2391/2391/2391 2405/2405/2405 2404/2404/2404
f 2406/2406/2406 2398/2398/2398 2395/2395/2395
f 2395/2395/2395 2404/2404/2404 2407/2407/2407
f 2395/2395/2395 2407/2407/2407 2408/2408/2408
f 2408/2408/2408 2406/2406/2406 2395/2395/2395
f 2398/2398/2398 2406/2406/2406 2409/2409/2409
f 2382/2382/2382 2381/2381/2381 2399/2399/2399
f 2410/2410/2410 2406/2406/2406 2411/2411/2411
f 2409/2409/2409 2406/2406/2406 2410/2410/2410
f 2410/2410/2410 2411/2411/2411 2412/2412/2412
f 2412/2412/2412 2409/2409/2409 2410/2410/2410
f 2285/2285/2285 2413/2413/2413 2289/2289/2289
f 2414/2414/2414 2415/2415/2415 2416/2416/2416
f 2417/2417/2417 2418/2418/2418 2419/2419/2419
f 2420/2420/2420 2419/2419/2419 2418/2418/2418
f 2345/2345/2345 2344/2344/2344 2421/2421/2421
f 2422/2422/2422 2423/2423/2423 2419/2419/2419
f 2419/2419/2419 2420/2420/2420 2422/2422/2422
f 2406/2406/2406 2408/2408/2408 2411/2411/2411
f 2424/2424/2424 2411/2411/2411 2408/2408/2408
f 2425/2425/2425 2424/2424/2424 2408/2408/2408
f 2423/2423/2423 2422/2422/2422 2426/2426/2426
f 2411/2411/2411 2424/2424/2424 2427/2427/2427
f 2427/2427/2427 2412/2412/2412 2411/2411/2411
f 2428/2428/2428 2427/2427/2427 2424/2424/2424
f 2429/2429/2429 2430/2430/2430 2431/2431/2431
f 2431/2431/2431 2432/2432/2432 2429/2429/2429
f 2409/2409/2409 2412/2412/2412 2433/2433/2433
f 2434/2434/2434 2435/2435/2435 2436/2436/2436
f 2437/2437/2437 2438/2438/2438 2439/2439/2439
f 2440/2440/2440 2384/2384/2384 2383/2383/2383
f 2434/2434/2434 2441/2441/2441 2435/2435/2435
f 2442/2442/2442 2443/2443/2443 2444/2444/2444
f 2444/2444/2444 2434/2434/2434 2442/2442/2442
f 2445/2445/2445 2444/2444/2444 2443/2443/2443
f 2443/2443/2443 2446/2446/2446 2447/2447/2447
f 2443/2443/2443 2447/2447/2447 2448/2448/2448
f 2443/2443/2443 2448/2448/2448 2445/2445/2445
f 1979/1979/1979 2138/2138/2138 2083/2083/2083
f 2449/2449/2449 2083/2083/2083 2138/2138/2138
f 2137/2137/2137 2158/2158/2158 2450/2450/2450
f 2083/2083/2083 2449/2449/2449 2089/2089/2089
f 2451/2451/2451 2452/2452/2452 2453/2453/2453
f 2454/2454/2454 2455/2455/2455 2451/2451/2451
f 2451/2451/2451 2453/2453/2453 2454/2454/2454
f 2166/2166/2166 2456/2456/2456 2168/2168/2168
f 2457/2457/2457 2088/2088/2088 2458/2458/2458
f 2457/2457/2457 2110/2110/2110 2088/2088/2088
f 2110/2110/2110 2457/2457/2457 2459/2459/2459
f 2110/2110/2110 2459/2459/2459 2460/2460/2460
f 2110/2110/2110 2460/2460/2460 2461/2461/2461
f 2462/2462/2462 2454/2454/2454 2453/2453/2453
f 2463/2463/2463 2464/2464/2464 2456/2456/2456
f 2456/2456/2456 2166/2166/2166 2463/2463/2463
f 2462/2462/2462 2465/2465/2465 2454/2454/2454
f 2466/2466/2466 2460/2460/2460 2459/2459/2459
f 2467/2467/2467 2468/2468/2468 2469/2469/2469
f 2467/2467/2467 2469/2469/2469 2470/2470/2470
f 2471/2471/2471 2472/2472/2472 2473/2473/2473
f 2471/2471/2471 2473/2473/2473 2474/2474/2474
f 2474/2474/2474 2475/2475/2475 2471/2471/2471
f 2476/2476/2476 2477/2477/2477 2478/2478/2478
f 2464/2464/2464 2463/2463/2463 2479/2479/2479
f 2478/2478/2478 2480/2480/2480 2476/2476/2476
f 2481/2481/2481 2470/2470/2470 2469/2469/2469
f 2477/2477/2477 2476/2476/2476 2482/2482/2482
f 2469/2469/2469 2483/2483/2483 2481/2481/2481
f 2484/2484/2484 2485/2485/2485 2486/2486/2486
f 2487/2487/2487 2488/2488/2488 2489/2489/2489
f 2490/2490/2490 2474/2474/2474 2473/2473/2473
f 2491/2491/2491 2492/2492/2492 2485/2485/2485
f 2485/2485/2485 2484/2484/2484 2491/2491/2491
f 2493/2493/2493 2494/2494/2494 2495/2495/2495
f 2496/2496/2496 2370/2370/2370 2379/2379/2379
f 2386/2386/2386 2385/2385/2385 2497/2497/2497
f 2497/2497/2497 2498/2498/2498 2386/2386/2386
f 2496/2496/2496 2463/2463/2463 2370/2370/2370
f 2385/2385/2385 2499/2499/2499 2500/2500/2500
f 2500/2500/2500 2497/2497/2497 2385/2385/2385
f 2441/2441/2441 2434/2434/2434 2501/2501/2501
f 2502/2502/2502 2500/2500/2500 2499/2499/2499
f 2434/2434/2434 2444/2444/2444 2503/2503/2503
f 2434/2434/2434 2503/2503/2503 2501/2501/2501
f 2504/2504/2504 2503/2503/2503 2444/2444/2444
f 2445/2445/2445 2504/2504/2504 2444/2444/2444
f 2503/2503/2503 2504/2504/2504 2505/2505/2505
f 2506/2506/2506 2501/2501/2501 2503/2503/2503
f 2505/2505/2505 2506/2506/2506 2503/2503/2503
f 2504/2504/2504 2445/2445/2445 2507/2507/2507
f 2504/2504/2504 2507/2507/2507 2505/2505/2505
f 2463/2463/2463 2496/2496/2496 2508/2508/2508
f 2508/2508/2508 2479/2479/2479 2463/2463/2463
f 2498/2498/2498 2497/2497/2497 2509/2509/2509
f 2509/2509/2509 2510/2510/2510 2498/2498/2498
f 2500/2500/2500 2509/2509/2509 2497/2497/2497
f 2479/2479/2479 2508/2508/2508 2511/2511/2511
f 2512/2512/2512 2476/2476/2476 2480/2480/2480
f 2511/2511/2511 2513/2513/2513 2479/2479/2479
f 2510/2510/2510 2509/2509/2509 2514/2514/2514
f 2476/2476/2476 2512/2512/2512 2515/2515/2515
f 2516/2516/2516 2517/2517/2517 2518/2518/2518
f 2515/2515/2515 2519/2519/2519 2476/2476/2476
f 2520/2520/2520 2521/2521/2521 2522/2522/2522
f 2509/2509/2509 2523/2523/2523 2524/2524/2524
f 2522/2522/2522 2525/2525/2525 2526/2526/2526
f 2522/2522/2522 2526/2526/2526 2520/2520/2520
f 2524/2524/2524 2514/2514/2514 2509/2509/2509
f 2527/2527/2527 2528/2528/2528 2529/2529/2529
f 2530/2530/2530 2531/2531/2531 2532/2532/2532
f 2533/2533/2533 2534/2534/2534 2535/2535/2535
f 2536/2536/2536 2527/2527/2527 2529/2529/2529
f 2523/2523/2523 2537/2537/2537 2538/2538/2538
f 2539/2539/2539 2524/2524/2524 2523/2523/2523
f 2538/2538/2538 2539/2539/2539 2523/2523/2523
f 2540/2540/2540 2536/2536/2536 2529/2529/2529
f 2500/2500/2500 2502/2502/2502 2541/2541/2541
f 2541/2541/2541 2542/2542/2542 2500/2500/2500
f 2506/2506/2506 2543/2543/2543 2501/2501/2501
f 2542/2542/2542 2541/2541/2541 2544/2544/2544
f 2543/2543/2543 2506/2506/2506 2545/2545/2545
f 2541/2541/2541 2546/2546/2546 2544/2544/2544
f 2545/2545/2545 2547/2547/2547 2543/2543/2543
f 2531/2531/2531 2548/2548/2548 2549/2549/2549
f 2549/2549/2549 2532/2532/2532 2531/2531/2531
f 2550/2550/2550 2544/2544/2544 2546/2546/2546
f 2551/2551/2551 2550/2550/2550 2546/2546/2546
f 2547/2547/2547 2545/2545/2545 2552/2552/2552
f 2552/2552/2552 2553/2553/2553 2547/2547/2547
f 2554/2554/2554 898/898/898 218/218/218
f 217/217/217 896/896/896 2555/2555/2555
f 2556/2556/2556 2557/2557/2557 2558/2558/2558
f 702/702/702 480/480/480 483/483/483
f 2557/2557/2557 2559/2559/2559 2558/2558/2558
f 2560/2560/2560 2559/2559/2559 2557/2557/2557
f 2561/2561/2561 2562/2562/2562 2563/2563/2563
f 2559/2559/2559 2560/2560/2560 2564/2564/2564
f 2563/2563/2563 2565/2565/2565 2561/2561/2561
f 2566/2566/2566 703/703/703 702/702/702
f 2561/2561/2561 2567/2567/2567 2562/2562/2562
f 703/703/703 2566/2566/2566 2568/2568/2568
f 2569/2569/2569 2570/2570/2570 2571/2571/2571
f 2566/2566/2566 2572/2572/2572 2568/2568/2568
f 208/208/208 205/205/205 2573/2573/2573
f 208/208/208 2573/2573/2573 2574/2574/2574
f 207/207/207 2575/2575/2575 962/962/962
f 938/938/938 2576/2576/2576 209/209/209
f 2577/2577/2577 2574/2574/2574 2573/2573/2573
f 2578/2578/2578 2579/2579/2579 2580/2580/2580
f 2578/2578/2578 2580/2580/2580 2581/2581/2581
f 2582/2582/2582 2583/2583/2583 2575/2575/2575
f 2575/2575/2575 2583/2583/2583 962/962/962
f 2577/2577/2577 2584/2584/2584 2574/2574/2574
f 2585/2585/2585 897/897/897 895/895/895
f 2554/2554/2554 2586/2586/2586 898/898/898
f 2587/2587/2587 2588/2588/2588 2589/2589/2589
f 2590/2590/2590 2555/2555/2555 896/896/896
f 2586/2586/2586 2554/2554/2554 2591/2591/2591
f 2592/2592/2592 2589/2589/2589 2588/2588/2588
f 2555/2555/2555 2590/2590/2590 2593/2593/2593
f 2594/2594/2594 942/942/942 941/941/941
f 2595/2595/2595 2594/2594/2594 941/941/941
f 2596/2596/2596 2597/2597/2597 2598/2598/2598
f 2598/2598/2598 2599/2599/2599 2596/2596/2596
f 2579/2579/2579 2600/2600/2600 2580/2580/2580
f 2601/2601/2601 2580/2580/2580 2600/2600/2600
f 2602/2602/2602 2603/2603/2603 2604/2604/2604
f 2605/2605/2605 2606/2606/2606 2607/2607/2607
f 2608/2608/2608 2609/2609/2609 2610/2610/2610
f 2606/2606/2606 1131/1131/1131 966/966/966
f 2603/2603/2603 2602/2602/2602 2611/2611/2611
f 966/966/966 2607/2607/2607 2606/2606/2606
f 2580/2580/2580 2601/2601/2601 2612/2612/2612
f 2612/2612/2612 2613/2613/2613 2580/2580/2580
f 2580/2580/2580 2613/2613/2613 2581/2581/2581
f 2614/2614/2614 2615/2615/2615 2616/2616/2616
f 2617/2617/2617 2616/2616/2616 2615/2615/2615
f 2615/2615/2615 2618/2618/2618 2619/2619/2619
f 2615/2615/2615 2619/2619/2619 2617/2617/2617
f 967/967/967 966/966/966 1131/1131/1131
f 904/904/904 901/901/901 2620/2620/2620
f 2621/2621/2621 1034/1034/1034 903/903/903
f 2622/2622/2622 2623/2623/2623 2624/2624/2624
f 2625/2625/2625 2626/2626/2626 2627/2627/2627
f 2627/2627/2627 2628/2628/2628 2625/2625/2625
f 1034/1034/1034 2621/2621/2621 2629/2629/2629
f 2623/2623/2623 2622/2622/2622 2630/2630/2630
f 2631/2631/2631 2632/2632/2632 2633/2633/2633
f 2634/2634/2634 2635/2635/2635 2636/2636/2636
f 2628/2628/2628 2627/2627/2627 2637/2637/2637
f 2637/2637/2637 2638/2638/2638 2628/2628/2628
f 2632/2632/2632 2631/2631/2631 2639/2639/2639
f 2635/2635/2635 2634/2634/2634 2640/2640/2640
f 2641/2641/2641 2639/2639/2639 2631/2631/2631
f 2642/2642/2642 2643/2643/2643 2644/2644/2644
f 2638/2638/2638 2637/2637/2637 2645/2645/2645
f 2645/2645/2645 2646/2646/2646 2638/2638/2638
f 2639/2639/2639 2641/2641/2641 2647/2647/2647
f 2599/2599/2599 1293/1293/1293 2596/2596/2596
f 1292/1292/1292 2596/2596/2596 1293/1293/1293
f 2641/2641/2641 2648/2648/2648 2647/2647/2647
f 2649/2649/2649 2650/2650/2650 2651/2651/2651
f 2643/2643/2643 2642/2642/2642 2652/2652/2652
f 2653/2653/2653 2647/2647/2647 2648/2648/2648
f 2654/2654/2654 2653/2653/2653 2648/2648/2648
f 2655/2655/2655 2656/2656/2656 2650/2650/2650
f 2650/2650/2650 2649/2649/2649 2655/2655/2655
f 2646/2646/2646 2645/2645/2645 2657/2657/2657
f 2646/2646/2646 2657/2657/2657 2658/2658/2658
f 2653/2653/2653 2654/2654/2654 2659/2659/2659
f 2660/2660/2660 2658/2658/2658 2657/2657/2657
f 2657/2657/2657 2661/2661/2661 2660/2660/2660
f 2662/2662/2662 2663/2663/2663 2664/2664/2664
f 2656/2656/2656 2655/2655/2655 2665/2665/2665
f 2665/2665/2665 2666/2666/2666 2656/2656/2656
f 2667/2667/2667 2660/2660/2660 2661/2661/2661
f 2663/2663/2663 2662/2662/2662 2668/2668/2668
f 2669/2669/2669 2670/2670/2670 2671/2671/2671
f 1207/1207/1207 1202/1202/1202 2672/2672/2672
f 2596/2596/2596 1292/1292/1292 2673/2673/2673
f 2674/2674/2674 2668/2668/2668 2662/2662/2662
f 2666/2666/2666 2665/2665/2665 2675/2675/2675
f 2675/2675/2675 2676/2676/2676 2666/2666/2666
f 2677/2677/2677 2671/2671/2671 2670/2670/2670
f 2668/2668/2668 2674/2674/2674 2678/2678/2678
f 2677/2677/2677 2679/2679/2679 2671/2671/2671
f 2680/2680/2680 2679/2679/2679 2677/2677/2677
f 2681/2681/2681 2679/2679/2679 2680/2680/2680
f 2678/2678/2678 2682/2682/2682 2683/2683/2683
f 2683/2683/2683 2682/2682/2682 2684/2684/2684
f 2683/2683/2683 2684/2684/2684 2685/2685/2685
f 2680/2680/2680 2686/2686/2686 2681/2681/2681
f 2687/2687/2687 2688/2688/2688 2689/2689/2689
f 2674/2674/2674 2682/2682/2682 2678/2678/2678
f 2689/2689/2689 2690/2690/2690 2687/2687/2687
f 2691/2691/2691 2692/2692/2692 2690/2690/2690
f 2689/2689/2689 2691/2691/2691 2690/2690/2690
f 2693/2693/2693 2694/2694/2694 2695/2695/2695
f 2696/2696/2696 2697/2697/2697 2698/2698/2698
f 2699/2699/2699 2700/2700/2700 2701/2701/2701
f 2702/2702/2702 2703/2703/2703 2704/2704/2704
f 2694/2694/2694 2693/2693/2693 2705/2705/2705
f 2706/2706/2706 2698/2698/2698 2697/2697/2697
f 2707/2707/2707 2708/2708/2708 2709/2709/2709
f 2709/2709/2709 2710/2710/2710 2707/2707/2707
f 1171/1171/1171 1167/1167/1167 2711/2711/2711
f 2712/2712/2712 1172/1172/1172 1170/1170/1170
f 1171/1171/1171 2711/2711/2711 2713/2713/2713
f 1169/1169/1169 1168/1168/1168 2714/2714/2714
f 2715/2715/2715 2714/2714/2714 1168/1168/1168
f 1172/1172/1172 2712/2712/2712 2716/2716/2716
f 2717/2717/2717 2718/2718/2718 2719/2719/2719
f 2714/2714/2714 2715/2715/2715 2720/2720/2720
f 2712/2712/2712 2721/2721/2721 2716/2716/2716
f 2717/2717/2717 2722/2722/2722 2718/2718/2718
f 2723/2723/2723 2724/2724/2724 2725/2725/2725
f 2726/2726/2726 2727/2727/2727 2728/2728/2728
f 2729/2729/2729 2730/2730/2730 2722/2722/2722
f 2722/2722/2722 2717/2717/2717 2729/2729/2729
f 2715/2715/2715 2731/2731/2731 2720/2720/2720
f 2727/2727/2727 2726/2726/2726 2732/2732/2732
f 2733/2733/2733 2720/2720/2720 2731/2731/2731
f 2734/2734/2734 2733/2733/2733 2731/2731/2731
f 2735/2735/2735 2736/2736/2736 2730/2730/2730
f 2726/2726/2726 2692/2692/2692 2732/2732/2732
f 2729/2729/2729 2735/2735/2735 2730/2730/2730
f 2691/2691/2691 2732/2732/2732 2692/2692/2692
f 2737/2737/2737 2733/2733/2733 2738/2738/2738
f 2686/2686/2686 2739/2739/2739 2681/2681/2681
f 2733/2733/2733 2734/2734/2734 2738/2738/2738
f 2740/2740/2740 2701/2701/2701 2700/2700/2700
f 2741/2741/2741 2742/2742/2742 2743/2743/2743
f 2703/2703/2703 2702/2702/2702 2744/2744/2744
f 2743/2743/2743 2745/2745/2745 2741/2741/2741
f 2746/2746/2746 2747/2747/2747 2748/2748/2748
f 2749/2749/2749 2748/2748/2748 2747/2747/2747
f 2741/2741/2741 2750/2750/2750 2742/2742/2742
f 2751/2751/2751 2752/2752/2752 2753/2753/2753
f 2754/2754/2754 2753/2753/2753 2752/2752/2752
f 2707/2707/2707 2755/2755/2755 2708/2708/2708
f 2745/2745/2745 2756/2756/2756 2741/2741/2741
f 2710/2710/2710 2757/2757/2757 2707/2707/2707
f 2758/2758/2758 2759/2759/2759 2760/2760/2760
f 2761/2761/2761 2762/2762/2762 2763/2763/2763
f 2760/2760/2760 2764/2764/2764 2758/2758/2758
f 2765/2765/2765 2766/2766/2766 2767/2767/2767
f 2768/2768/2768 2769/2769/2769 2770/2770/2770
f 2762/2762/2762 2761/2761/2761 2771/2771/2771
f 2772/2772/2772 2773/2773/2773 2774/2774/2774
f 2774/2774/2774 2775/2775/2775 2772/2772/2772
f 2776/2776/2776 2777/2777/2777 2778/2778/2778
f 2779/2779/2779 2767/2767/2767 2766/2766/2766
f 2780/2780/2780 2781/2781/2781 2782/2782/2782
f 2769/2769/2769 2768/2768/2768 2783/2783/2783
f 2784/2784/2784 2785/2785/2785 2786/2786/2786
f 2787/2787/2787 2778/2778/2778 2777/2777/2777
f 2786/2786/2786 2788/2788/2788 2784/2784/2784
f 2781/2781/2781 2780/2780/2780 2789/2789/2789
f 2790/2790/2790 2791/2791/2791 2792/2792/2792
f 2791/2791/2791 2790/2790/2790 2793/2793/2793
f 2794/2794/2794 2795/2795/2795 2796/2796/2796
f 2797/2797/2797 2798/2798/2798 2799/2799/2799
f 1331/1331/1331 2800/2800/2800 1317/1317/1317
f 1460/1460/1460 2801/2801/2801 1461/1461/1461
f 2802/2802/2802 1332/1332/1332 2803/2803/2803
f 2802/2802/2802 2803/2803/2803 2804/2804/2804
f 2805/2805/2805 1461/1461/1461 2801/2801/2801
f 1466/1466/1466 1465/1465/1465 2802/2802/2802
f 2804/2804/2804 1466/1466/1466 2802/2802/2802
f 1332/1332/1332 1335/1335/1335 2803/2803/2803
f 2806/2806/2806 2807/2807/2807 2808/2808/2808
f 2809/2809/2809 2808/2808/2808 2807/2807/2807
f 2810/2810/2810 2811/2811/2811 2812/2812/2812
f 2813/2813/2813 2811/2811/2811 2810/2810/2810
f 2809/2809/2809 2814/2814/2814 2808/2808/2808
f 2815/2815/2815 2814/2814/2814 2816/2816/2816
f 2816/2816/2816 2817/2817/2817 2815/2815/2815
f 2809/2809/2809 2816/2816/2816 2814/2814/2814
f 2818/2818/2818 2819/2819/2819 2820/2820/2820
f 2816/2816/2816 2809/2809/2809 2821/2821/2821
f 2816/2816/2816 2821/2821/2821 2822/2822/2822
f 2823/2823/2823 2820/2820/2820 2819/2819/2819
f 2822/2822/2822 2824/2824/2824 2816/2816/2816
f 2825/2825/2825 2812/2812/2812 2811/2811/2811
f 2826/2826/2826 2827/2827/2827 2828/2828/2828
f 2828/2828/2828 2829/2829/2829 2830/2830/2830
f 2828/2828/2828 2830/2830/2830 2831/2831/2831
f 2828/2828/2828 2831/2831/2831 2826/2826/2826
f 2812/2812/2812 2825/2825/2825 2832/2832/2832
f 2833/2833/2833 2832/2832/2832 2825/2825/2825
f 2827/2827/2827 2826/2826/2826 2834/2834/2834
f 2825/2825/2825 2835/2835/2835 2833/2833/2833
f 1493/1493/1493 1492/1492/1492 2836/2836/2836
f 1489/1489/1489 2837/2837/2837 2838/2838/2838
f 2838/2838/2838 1488/1488/1488 1489/1489/1489
f 2839/2839/2839 2836/2836/2836 1492/1492/1492
f 1495/1495/1495 1491/1491/1491 2840/2840/2840
f 1495/1495/1495 2840/2840/2840 2841/2841/2841
f 2842/2842/2842 2838/2838/2838 2837/2837/2837
f 2836/2836/2836 2839/2839/2839 2843/2843/2843
f 2561/2561/2561 2565/2565/2565 2844/2844/2844
f 1551/1551/1551 2845/2845/2845 1552/1552/1552
f 2844/2844/2844 2846/2846/2846 2561/2561/2561
f 2840/2840/2840 2847/2847/2847 2841/2841/2841
f 2842/2842/2842 2848/2848/2848 2838/2838/2838
f 2845/2845/2845 1551/1551/1551 2849/2849/2849
f 2845/2845/2845 2849/2849/2849 2850/2850/2850
f 2851/2851/2851 2852/2852/2852 2853/2853/2853
f 2853/2853/2853 2570/2570/2570 2851/2851/2851
f 2854/2854/2854 2841/2841/2841 2847/2847/2847
f 2848/2848/2848 2842/2842/2842 2855/2855/2855
f 2847/2847/2847 2856/2856/2856 2854/2854/2854
f 2857/2857/2857 2843/2843/2843 2839/2839/2839
f 2858/2858/2858 2855/2855/2855 2842/2842/2842
f 2857/2857/2857 2859/2859/2859 2843/2843/2843
f 2860/2860/2860 2861/2861/2861 2862/2862/2862
f 2863/2863/2863 2864/2864/2864 2865/2865/2865
f 2865/2865/2865 2866/2866/2866 2863/2863/2863
f 2867/2867/2867 2868/2868/2868 2869/2869/2869
f 2859/2859/2859 2857/2857/2857 2870/2870/2870
f 2859/2859/2859 2870/2870/2870 2871/2871/2871
f 2872/2872/2872 2863/2863/2863 2866/2866/2866
f 2873/2873/2873 2874/2874/2874 2875/2875/2875
f 2876/2876/2876 2871/2871/2871 2870/2870/2870
f 2877/2877/2877 2878/2878/2878 2879/2879/2879
f 2879/2879/2879 2880/2880/2880 2877/2877/2877
f 2878/2878/2878 2877/2877/2877 2881/2881/2881
f 2882/2882/2882 2853/2853/2853 2852/2852/2852
f 2883/2883/2883 2884/2884/2884 2885/2885/2885
f 2886/2886/2886 1631/1631/1631 2887/2887/2887
f 2888/2888/2888 2881/2881/2881 2877/2877/2877
f 2889/2889/2889 2890/2890/2890 2891/2891/2891
f 1630/1630/1630 2887/2887/2887 1631/1631/1631
f 2570/2570/2570 2853/2853/2853 2571/2571/2571
f 2853/2853/2853 2882/2882/2882 2892/2892/2892
f 2892/2892/2892 2571/2571/2571 2853/2853/2853
f 2881/2881/2881 2888/2888/2888 2893/2893/2893
f 2894/2894/2894 2895/2895/2895 2896/2896/2896
f 2897/2897/2897 2888/2888/2888 2898/2898/2898
f 2894/2894/2894 2896/2896/2896 2899/2899/2899
f 2890/2890/2890 2889/2889/2889 2900/2900/2900
f 2897/2897/2897 2893/2893/2893 2888/2888/2888
f 2901/2901/2901 2900/2900/2900 2889/2889/2889
f 2887/2887/2887 1630/1630/1630 2902/2902/2902
f 2572/2572/2572 2903/2903/2903 2568/2568/2568
f 2904/2904/2904 2568/2568/2568 2903/2903/2903
f 2900/2900/2900 2901/2901/2901 2905/2905/2905
f 2906/2906/2906 2899/2899/2899 2896/2896/2896
f 1693/1693/1693 2902/2902/2902 1630/1630/1630
f 2902/2902/2902 1693/1693/1693 2907/2907/2907
f 2908/2908/2908 2909/2909/2909 2910/2910/2910
f 2901/2901/2901 2911/2911/2911 2905/2905/2905
f 1692/1692/1692 1637/1637/1637 2912/2912/2912
f 2912/2912/2912 2913/2913/2913 1692/1692/1692
f 1644/1644/1644 1643/1643/1643 2914/2914/2914
f 2915/2915/2915 2916/2916/2916 2917/2917/2917
f 1737/1737/1737 2914/2914/2914 1643/1643/1643
f 2918/2918/2918 2916/2916/2916 2919/2919/2919
f 2920/2920/2920 2921/2921/2921 2922/2922/2922
f 2916/2916/2916 2915/2915/2915 2923/2923/2923
f 2923/2923/2923 2919/2919/2919 2916/2916/2916
f 2914/2914/2914 1737/1737/1737 2064/2064/2064
f 2924/2924/2924 2923/2923/2923 2915/2915/2915
f 2925/2925/2925 2926/2926/2926 2927/2927/2927
f 2928/2928/2928 2929/2929/2929 2930/2930/2930
f 2931/2931/2931 2932/2932/2932 2933/2933/2933
f 2934/2934/2934 2935/2935/2935 2936/2936/2936
f 2937/2937/2937 2930/2930/2930 2929/2929/2929
f 2938/2938/2938 2939/2939/2939 2940/2940/2940
f 2941/2941/2941 2942/2942/2942 2943/2943/2943
f 2944/2944/2944 2945/2945/2945 2946/2946/2946
f 2947/2947/2947 2948/2948/2948 2935/2935/2935
f 2935/2935/2935 2948/2948/2948 2936/2936/2936
f 2944/2944/2944 2946/2946/2946 2949/2949/2949
f 2950/2950/2950 2951/2951/2951 2952/2952/2952
f 2953/2953/2953 2952/2952/2952 2951/2951/2951
f 2939/2939/2939 2938/2938/2938 2954/2954/2954
f 2955/2955/2955 2956/2956/2956 2957/2957/2957
f 2958/2958/2958 2955/2955/2955 2957/2957/2957
f 2959/2959/2959 2960/2960/2960 2961/2961/2961
f 2962/2962/2962 2960/2960/2960 2959/2959/2959
f 2963/2963/2963 2964/2964/2964 2938/2938/2938
f 2954/2954/2954 2938/2938/2938 2964/2964/2964
f 2965/2965/2965 2966/2966/2966 2967/2967/2967
f 2968/2968/2968 2969/2969/2969 2970/2970/2970
f 2967/2967/2967 2971/2971/2971 2965/2965/2965
f 2972/2972/2972 2973/2973/2973 2974/2974/2974
f 2970/2970/2970 2975/2975/2975 2968/2968/2968
f 2976/2976/2976 2977/2977/2977 2978/2978/2978
f 2979/2979/2979 2980/2980/2980 2981/2981/2981
f 2973/2973/2973 2982/2982/2982 2974/2974/2974
f 2983/2983/2983 2981/2981/2981 2980/2980/2980
f 2976/2976/2976 2984/2984/2984 2977/2977/2977
f 2985/2985/2985 2986/2986/2986 2987/2987/2987
f 2988/2988/2988 2989/2989/2989 2990/2990/2990
f 2991/2991/2991 2987/2987/2987 2986/2986/2986
f 2992/2992/2992 2993/2993/2993 2994/2994/2994
f 2988/2988/2988 2995/2995/2995 2989/2989/2989
f 2996/2996/2996 2997/2997/2997 2998/2998/2998
f 2998/2998/2998 2999/2999/2999 2996/2996/2996
f 3000/3000/3000 3001/3001/3001 3002/3002/3002
f 3002/3002/3002 3003/3003/3003 3000/3000/3000
f 2993/2993/2993 3004/3004/3004 2994/2994/2994
f 2899/2899/2899 2906/2906/2906 3005/3005/3005
f 1815/1815/1815 1814/1814/1814 3006/3006/3006
f 3007/3007/3007 1875/1875/1875 1813/1813/1813
f 1876/1876/1876 1874/1874/1874 3008/3008/3008
f 3009/3009/3009 3006/3006/3006 1814/1814/1814
f 1875/1875/1875 3007/3007/3007 3010/3010/3010
f 1874/1874/1874 3011/3011/3011 3008/3008/3008
f 3012/3012/3012 3010/3010/3010 3007/3007/3007
f 3006/3006/3006 3009/3009/3009 3013/3013/3013
f 3014/3014/3014 3008/3008/3008 3011/3011/3011
f 3010/3010/3010 3012/3012/3012 3015/3015/3015
f 3011/3011/3011 3016/3016/3016 3014/3014/3014
f 3017/3017/3017 3013/3013/3013 3009/3009/3009
f 3018/3018/3018 1882/1882/1882 1886/1886/1886
f 2025/2025/2025 1882/1882/1882 3018/3018/3018
f 1886/1886/1886 3019/3019/3019 3018/3018/3018
f 3018/3018/3018 3019/3019/3019 3020/3020/3020
f 3021/3021/3021 3022/3022/3022 3023/3023/3023
f 3024/3024/3024 2025/2025/2025 3018/3018/3018
f 3023/3023/3023 3025/3025/3025 3021/3021/3021
f 3026/3026/3026 3015/3015/3015 3012/3012/3012
f 3013/3013/3013 3017/3017/3017 3027/3027/3027
f 3013/3013/3013 3027/3027/3027 3028/3028/3028
f 3029/3029/3029 3014/3014/3014 3016/3016/3016
f 3030/3030/3030 3029/3029/3029 3016/3016/3016
f 3026/3026/3026 3031/3031/3031 3015/3015/3015
f 2911/2911/2911 3032/3032/3032 2905/2905/2905
f 3033/3033/3033 3034/3034/3034 3035/3035/3035
f 3005/3005/3005 2906/2906/2906 3036/3036/3036
f 3034/3034/3034 3033/3033/3033 3037/3037/3037
f 3034/3034/3034 3037/3037/3037 3038/3038/3038
f 3039/3039/3039 3022/3022/3022 3040/3040/3040
f 3041/3041/3041 3042/3042/3042 2923/2923/2923
f 2923/2923/2923 2924/2924/2924 3041/3041/3041
f 3022/3022/3022 3039/3039/3039 3023/3023/3023
f 3043/3043/3043 3023/3023/3023 3039/3039/3039
f 3044/3044/3044 3043/3043/3043 3039/3039/3039
f 3045/3045/3045 3046/3046/3046 3047/3047/3047
f 3048/3048/3048 3049/3049/3049 3050/3050/3050
f 3051/3051/3051 3052/3052/3052 3053/3053/3053
f 3054/3054/3054 3048/3048/3048 3050/3050/3050
f 3055/3055/3055 3056/3056/3056 3057/3057/3057
f 3057/3057/3057 3058/3058/3058 3055/3055/3055
f 3059/3059/3059 3060/3060/3060 3061/3061/3061
f 3052/3052/3052 3062/3062/3062 3053/3053/3053
f 3061/3061/3061 3063/3063/3063 3059/3059/3059
f 3064/3064/3064 3065/3065/3065 3066/3066/3066
f 3064/3064/3064 3066/3066/3066 3067/3067/3067
f 3068/3068/3068 3069/3069/3069 3070/3070/3070
f 3063/3063/3063 3061/3061/3061 3071/3071/3071
f 3072/3072/3072 3057/3057/3057 3056/3056/3056
f 3069/3069/3069 3068/3068/3068 3073/3073/3073
f 3074/3074/3074 3067/3067/3067 3066/3066/3066
f 3057/3057/3057 3072/3072/3072 3075/3075/3075
f 3076/3076/3076 3077/3077/3077 3078/3078/3078
f 3079/3079/3079 3080/3080/3080 3081/3081/3081
f 3082/3082/3082 3083/3083/3083 3084/3084/3084
f 3029/3029/3029 3030/3030/3030 3085/3085/3085
f 3086/3086/3086 3028/3028/3028 3027/3027/3027
f 3031/3031/3031 3026/3026/3026 3087/3087/3087
f 3088/3088/3088 3085/3085/3085 3030/3030/3030
f 3028/3028/3028 3086/3086/3086 3089/3089/3089
f 3026/3026/3026 3090/3090/3090 3087/3087/3087
f 3091/3091/3091 3089/3089/3089 3086/3086/3086
f 3092/3092/3092 3093/3093/3093 3094/3094/3094
f 3095/3095/3095 3096/3096/3096 3097/3097/3097
f 3098/3098/3098 3087/3087/3087 3090/3090/3090
f 3099/3099/3099 3098/3098/3098 3090/3090/3090
f 3093/3093/3093 3100/3100/3100 3094/3094/3094
f 3101/3101/3101 3084/3084/3084 3083/3083/3083
f 3102/3102/3102 3101/3101/3101 3083/3083/3083
f 3025/3025/3025 3023/3023/3023 3103/3103/3103
f 3104/3104/3104 3094/3094/3094 3100/3100/3100
f 3098/3098/3098 3099/3099/3099 3105/3105/3105
f 3106/3106/3106 3097/3097/3097 3096/3096/3096
f 3101/3101/3101 3107/3107/3107 3084/3084/3084
f 3101/3101/3101 3108/3108/3108 3107/3107/3107
f 3109/3109/3109 3110/3110/3110 3111/3111/3111
f 3112/3112/3112 2834/2834/2834 2826/2826/2826
f 3113/3113/3113 3114/3114/3114 3115/3115/3115
f 3108/3108/3108 3101/3101/3101 3116/3116/3116
f 3110/3110/3110 3117/3117/3117 3111/3111/3111
f 3101/3101/3101 3102/3102/3102 3116/3116/3116
f 3023/3023/3023 3043/3043/3043 3118/3118/3118
f 3118/3118/3118 3103/3103/3103 3023/3023/3023
f 3119/3119/3119 3118/3118/3118 3043/3043/3043
f 3043/3043/3043 3044/3044/3044 3120/3120/3120
f 3043/3043/3043 3120/3120/3120 3119/3119/3119
f 3121/3121/3121 3116/3116/3116 3102/3102/3102
f 3102/3102/3102 3122/3122/3122 3121/3121/3121
f 3123/3123/3123 3124/3124/3124 3125/3125/3125
f 3126/3126/3126 3127/3127/3127 3128/3128/3128
f 3129/3129/3129 3130/3130/3130 3131/3131/3131
f 3132/3132/3132 3129/3129/3129 3131/3131/3131
f 3124/3124/3124 3133/3133/3133 3134/3134/3134
f 3134/3134/3134 3125/3125/3125 3124/3124/3124
f 3135/3135/3135 3071/3071/3071 3061/3061/3061
f 3136/3136/3136 3137/3137/3137 3138/3138/3138
f 3139/3139/3139 3140/3140/3140 3141/3141/3141
f 3142/3142/3142 2116/2116/2116 3143/3143/3143
f 2080/2080/2080 2078/2078/2078 3144/3144/3144
f 3145/3145/3145 2079/2079/2079 2081/2081/2081
f 3144/3144/3144 3146/3146/3146 2080/2080/2080
f 2081/2081/2081 3147/3147/3147 3145/3145/3145
f 2115/2115/2115 3148/3148/3148 3143/3143/3143
f 2113/2113/2113 3149/3149/3149 2117/2117/2117
f 3143/3143/3143 2116/2116/2116 2115/2115/2115
f 3149/3149/3149 2113/2113/2113 3150/3150/3150
f 2109/2109/2109 2108/2108/2108 3151/3151/3151
f 3151/3151/3151 3152/3152/3152 2109/2109/2109
f 3146/3146/3146 3144/3144/3144 3153/3153/3153
f 3146/3146/3146 3153/3153/3153 3154/3154/3154
f 3155/3155/3155 3145/3145/3145 3147/3147/3147
f 3156/3156/3156 3155/3155/3155 3147/3147/3147
f 3157/3157/3157 3158/3158/3158 3152/3152/3152
f 3152/3152/3152 3151/3151/3151 3157/3157/3157
f 3158/3158/3158 3157/3157/3157 3159/3159/3159
f 3160/3160/3160 3154/3154/3154 3153/3153/3153
f 3159/3159/3159 3161/3161/3161 3158/3158/3158
f 3155/3155/3155 3156/3156/3156 3162/3162/3162
f 3160/3160/3160 3163/3163/3163 3154/3154/3154
f 3156/3156/3156 3164/3164/3164 3162/3162/3162
f 3163/3163/3163 3160/3160/3160 3165/3165/3165
f 3166/3166/3166 3162/3162/3162 3164/3164/3164
f 3165/3165/3165 3167/3167/3167 3163/3163/3163
f 3164/3164/3164 3168/3168/3168 3166/3166/3166
f 3161/3161/3161 3159/3159/3159 3169/3169/3169
f 3169/3169/3169 3170/3170/3170 3161/3161/3161
f 3171/3171/3171 3172/3172/3172 3173/3173/3173
f 3168/3168/3168 3174/3174/3174 3175/3175/3175
f 3173/3173/3173 3176/3176/3176 3171/3171/3171
f 3175/3175/3175 3166/3166/3166 3168/3168/3168
f 3170/3170/3170 3169/3169/3169 3177/3177/3177
f 3170/3170/3170 3177/3177/3177 3178/3178/3178
f 2474/2474/2474 3179/3179/3179 2475/2475/2475
f 3179/3179/3179 2474/2474/2474 3132/3132/3132
f 3180/3180/3180 3181/3181/3181 3182/3182/3182
f 3176/3176/3176 3173/3173/3173 3183/3183/3183
f 3184/3184/3184 3178/3178/3178 3177/3177/3177
f 3181/3181/3181 3180/3180/3180 3185/3185/3185
f 3186/3186/3186 3187/3187/3187 3188/3188/3188
f 3189/3189/3189 3183/3183/3183 3173/3173/3173
f 3132/3132/3132 2490/2490/2490 3129/3129/3129
f 3190/3190/3190 2492/2492/2492 3191/3191/3191
f 3192/3192/3192 3134/3134/3134 3133/3133/3133
f 2474/2474/2474 2490/2490/2490 3132/3132/3132
f 2492/2492/2492 2491/2491/2491 3191/3191/3191
f 2513/2513/2513 2511/2511/2511 3193/3193/3193
f 3194/3194/3194 2515/2515/2515 2512/2512/2512
f 2513/2513/2513 3193/3193/3193 3195/3195/3195
f 2514/2514/2514 2524/2524/2524 3196/3196/3196
f 3196/3196/3196 3197/3197/3197 2514/2514/2514
f 3198/3198/3198 3199/3199/3199 3200/3200/3200
f 2550/2550/2550 2551/2551/2551 3201/3201/3201
f 3202/3202/3202 3203/3203/3203 3204/3204/3204
f 3183/3183/3183 3189/3189/3189 3205/3205/3205
f 3206/3206/3206 3185/3185/3185 3180/3180/3180
f 3187/3187/3187 3186/3186/3186 3207/3207/3207
f 3208/3208/3208 3209/3209/3209 3210/3210/3210
f 3211/3211/3211 3212/3212/3212 3213/3213/3213
f 3211/3211/3211 3214/3214/3214 3215/3215/3215
f 3213/3213/3213 3214/3214/3214 3211/3211/3211
f 3211/3211/3211 3215/3215/3215 3216/3216/3216
f 3211/3211/3211 3216/3216/3216 3217/3217/3217
f 3218/3218/3218 3219/3219/3219 3220/3220/3220
f 3220/3220/3220 3219/3219/3219 3221/3221/3221
f 3220/3220/3220 3221/3221/3221 3222/3222/3222
f 3223/3223/3223 3224/3224/3224 3225/3225/3225
f 3225/3225/3225 3226/3226/3226 3227/3227/3227
f 3225/3225/3225 3227/3227/3227 3223/3223/3223
f 3228/3228/3228 3229/3229/3229 3230/3230/3230
f 3231/3231/3231 3224/3224/3224 3232/3232/3232
f 3232/3232/3232 3233/3233/3233 3231/3231/3231
f 3219/3219/3219 3218/3218/3218 3234/3234/3234
f 3235/3235/3235 3234/3234/3234 3218/3218/3218
f 3235/3235/3235 3236/3236/3236 3234/3234/3234
f 3235/3235/3235 3237/3237/3237 3236/3236/3236
f 3213/3213/3213 3212/3212/3212 3238/3238/3238
f 3238/3238/3238 3212/3212/3212 3239/3239/3239
f 3240/3240/3240 3241/3241/3241 3242/3242/3242
f 3243/3243/3243 3240/3240/3240 3242/3242/3242
f 3244/3244/3244 3243/3243/3243 3242/3242/3242
f 3238/3238/3238 3239/3239/3239 3245/3245/3245
f 3242/3242/3242 3246/3246/3246 3244/3244/3244
f 3247/3247/3247 3248/3248/3248 3249/3249/3249
f 3249/3249/3249 3250/3250/3250 3247/3247/3247
f 3251/3251/3251 3250/3250/3250 3249/3249/3249
f 3247/3247/3247 3252/3252/3252 3248/3248/3248
f 3248/3248/3248 3252/3252/3252 3221/3221/3221
f 3222/3222/3222 3221/3221/3221 3252/3252/3252
f 3253/3253/3253 3254/3254/3254 3255/3255/3255
f 3256/3256/3256 3257/3257/3257 3258/3258/3258
f 3259/3259/3259 3255/3255/3255 3254/3254/3254
f 3260/3260/3260 3259/3259/3259 3254/3254/3254
f 3261/3261/3261 3262/3262/3262 3250/3250/3250
f 3250/3250/3250 3251/3251/3251 3261/3261/3261
f 3262/3262/3262 3261/3261/3261 3263/3263/3263
f 3262/3262/3262 3263/3263/3263 3264/3264/3264
f 3212/3212/3212 3217/3217/3217 3265/3265/3265
f 3212/3212/3212 3265/3265/3265 3266/3266/3266
f 3266/3266/3266 3239/3239/3239 3212/3212/3212
f 3267/3267/3267 3227/3227/3227 3226/3226/3226
f 3226/3226/3226 3268/3268/3268 3267/3267/3267
f 3268/3268/3268 3255/3255/3255 3267/3267/3267
f 3259/3259/3259 3260/3260/3260 3269/3269/3269
f 3270/3270/3270 3231/3231/3231 3233/3233/3233
f 3233/3233/3233 3271/3271/3271 3270/3270/3270
f 3272/3272/3272 3273/3273/3273 3274/3274/3274
f 3275/3275/3275 3273/3273/3273 3272/3272/3272
f 3272/3272/3272 3276/3276/3276 3275/3275/3275
f 3277/3277/3277 3274/3274/3274 3273/3273/3273
f 3237/3237/3237 3235/3235/3235 3278/3278/3278
f 3237/3237/3237 3278/3278/3278 3277/3277/3277
f 3278/3278/3278 3274/3274/3274 3277/3277/3277
f 3279/3279/3279 3280/3280/3280 3281/3281/3281
f 3282/3282/3282 3283/3283/3283 3284/3284/3284
f 3285/3285/3285 3286/3286/3286 3287/3287/3287
f 3288/3288/3288 3282/3282/3282 3284/3284/3284
f 3289/3289/3289 3290/3290/3290 3291/3291/3291
f 3292/3292/3292 3288/3288/3288 3284/3284/3284
f 3293/3293/3293 3264/3264/3264 3263/3263/3263
f 3294/3294/3294 3264/3264/3264 3293/3293/3293
f 3294/3294/3294 3293/3293/3293 3276/3276/3276
f 3275/3275/3275 3276/3276/3276 3293/3293/3293
f 3295/3295/3295 3296/3296/3296 3280/3280/3280
f 3297/3297/3297 3296/3296/3296 3295/3295/3295
f 3298/3298/3298 3299/3299/3299 3300/3300/3300
f 3301/3301/3301 3302/3302/3302 3303/3303/3303
f 3300/3300/3300 3283/3283/3283 3298/3298/3298
f 3295/3295/3295 3304/3304/3304 3297/3297/3297
f 3305/3305/3305 3306/3306/3306 3307/3307/3307
f 3307/3307/3307 3306/3306/3306 3308/3308/3308
f 3309/3309/3309 3305/3305/3305 3307/3307/3307
f 3310/3310/3310 3311/3311/3311 3312/3312/3312
f 3307/3307/3307 3308/3308/3308 3313/3313/3313
f 3314/3314/3314 3315/3315/3315 3316/3316/3316
f 3317/3317/3317 3318/3318/3318 3319/3319/3319
f 3281/3281/3281 3280/3280/3280 3296/3296/3296
f 3319/3319/3319 3320/3320/3320 3317/3317/3317
f 3321/3321/3321 3322/3322/3322 3323/3323/3323
f 3324/3324/3324 3303/3303/3303 3302/3302/3302
f 3271/3271/3271 3269/3269/3269 3260/3260/3260
f 3270/3270/3270 3271/3271/3271 3260/3260/3260
f 3306/3306/3306 3305/3305/3305 3325/3325/3325
f 3326/3326/3326 3327/3327/3327 3328/3328/3328
f 3265/3265/3265 3308/3308/3308 3306/3306/3306
f 3266/3266/3266 3265/3265/3265 3306/3306/3306
f 3329/3329/3329 3330/3330/3330 3331/3331/3331
f 3326/3326/3326 3328/3328/3328 3332/3332/3332
f 3333/3333/3333 3329/3329/3329 3331/3331/3331
f 3282/3282/3282 3298/3298/3298 3283/3283/3283
f 3334/3334/3334 3335/3335/3335 3336/3336/3336
f 3305/3305/3305 3309/3309/3309 3337/3337/3337
f 3338/3338/3338 3339/3339/3339 3340/3340/3340
f 3340/3340/3340 3341/3341/3341 3338/3338/3338
f 3342/3342/3342 3338/3338/3338 3341/3341/3341
f 3341/3341/3341 3343/3343/3343 3342/3342/3342
f 3344/3344/3344 3291/3291/3291 3290/3290/3290
f 3335/3335/3335 3334/3334/3334 3345/3345/3345
f 3346/3346/3346 3328/3328/3328 3327/3327/3327
f 3347/3347/3347 3348/3348/3348 3349/3349/3349
f 3350/3350/3350 3351/3351/3351 3352/3352/3352
f 3349/3349/3349 3353/3353/3353 3347/3347/3347
f 3347/3347/3347 3353/3353/3353 3354/3354/3354
f 3352/3352/3352 3355/3355/3355 3350/3350/3350
f 3356/3356/3356 3349/3349/3349 3348/3348/3348
f 3357/3357/3357 3358/3358/3358 3359/3359/3359
f 3351/3351/3351 3350/3350/3350 3360/3360/3360
f 3361/3361/3361 3362/3362/3362 3363/3363/3363
f 3363/3363/3363 3362/3362/3362 3364/3364/3364
f 3365/3365/3365 3361/3361/3361 3363/3363/3363
f 3366/3366/3366 3367/3367/3367 3349/3349/3349
f 3349/3349/3349 3368/3368/3368 3366/3366/3366
f 3362/3362/3362 3361/3361/3361 3369/3369/3369
f 3362/3362/3362 3370/3370/3370 3364/3364/3364
f 3371/3371/3371 3370/3370/3370 3362/3362/3362
f 3372/3372/3372 3371/3371/3371 3362/3362/3362
f 3369/3369/3369 3372/3372/3372 3362/3362/3362
f 3361/3361/3361 3365/3365/3365 3311/3311/3311
f 3361/3361/3361 3311/3311/3311 3310/3310/3310
f 3361/3361/3361 3310/3310/3310 3369/3369/3369
f 3353/3353/3353 3367/3367/3367 3373/3373/3373
f 3374/3374/3374 3353/3353/3353 3373/3373/3373
f 3375/3375/3375 3376/3376/3376 3377/3377/3377
f 3367/3367/3367 3353/3353/3353 3349/3349/3349
f 3353/3353/3353 3374/3374/3374 3354/3354/3354
f 3375/3375/3375 3378/3378/3378 3376/3376/3376
f 3379/3379/3379 3380/3380/3380 3381/3381/3381
f 3381/3381/3381 3355/3355/3355 3379/3379/3379
f 3382/3382/3382 3383/3383/3383 3384/3384/3384
f 3382/3382/3382 3384/3384/3384 3385/3385/3385
f 3382/3382/3382 3385/3385/3385 3386/3386/3386
f 3387/3387/3387 3388/3388/3388 3389/3389/3389
f 3389/3389/3389 3388/3388/3388 3390/3390/3390
f 3391/3391/3391 3392/3392/3392 3393/3393/3393
f 3394/3394/3394 3395/3395/3395 3396/3396/3396
f 3388/3388/3388 3397/3397/3397 3398/3398/3398
f 3387/3387/3387 3397/3397/3397 3388/3388/3388
f 3388/3388/3388 3398/3398/3398 3399/3399/3399
f 3388/3388/3388 3400/3400/3400 3390/3390/3390
f 3399/3399/3399 3400/3400/3400 3388/3388/3388
f 3368/3368/3368 3349/3349/3349 3356/3356/3356
f 3401/3401/3401 3358/3358/3358 3334/3334/3334
f 3334/3334/3334 3402/3402/3402 3401/3401/3401
f 3358/3358/3358 3403/3403/3403 3334/3334/3334
f 3357/3357/3357 3403/3403/3403 3358/3358/3358
f 3345/3345/3345 3334/3334/3334 3403/3403/3403
f 3404/3404/3404 3405/3405/3405 3406/3406/3406
f 3406/3406/3406 3407/3407/3407 3404/3404/3404
f 3408/3408/3408 3350/3350/3350 3355/3355/3355
f 3355/3355/3355 3381/3381/3381 3408/3408/3408
f 3350/3350/3350 3408/3408/3408 3409/3409/3409
f 3404/3404/3404 3407/3407/3407 3410/3410/3410
f 3411/3411/3411 3215/3215/3215 3214/3214/3214
f 3412/3412/3412 3413/3413/3413 3414/3414/3414
f 3415/3415/3415 3412/3412/3412 3414/3414/3414
f 3241/3241/3241 3415/3415/3415 3414/3414/3414
f 3416/3416/3416 3216/3216/3216 3215/3215/3215
f 3215/3215/3215 3411/3411/3411 3416/3416/3416
f 3417/3417/3417 3418/3418/3418 3419/3419/3419
f 3420/3420/3420 3421/3421/3421 3422/3422/3422
f 3422/3422/3422 3423/3423/3423 3420/3420/3420
f 3420/3420/3420 3423/3423/3423 3424/3424/3424
f 3425/3425/3425 3426/3426/3426 3427/3427/3427
f 3412/3412/3412 3428/3428/3428 3413/3413/3413
f 3427/3427/3427 3429/3429/3429 3425/3425/3425
f 3430/3430/3430 3431/3431/3431 3432/3432/3432
f 3432/3432/3432 3433/3433/3433 3430/3430/3430
f 3412/3412/3412 3434/3434/3434 3428/3428/3428
f 3418/3418/3418 3435/3435/3435 3419/3419/3419
f 3435/3435/3435 3436/3436/3436 3419/3419/3419
f 3430/3430/3430 3437/3437/3437 3431/3431/3431
f 3422/3422/3422 3421/3421/3421 3438/3438/3438
f 3437/3437/3437 3430/3430/3430 3439/3439/3439
f 3438/3438/3438 3440/3440/3440 3422/3422/3422
f 3441/3441/3441 3442/3442/3442 3443/3443/3443
f 3441/3441/3441 3443/3443/3443 3444/3444/3444
f 3445/3445/3445 3446/3446/3446 3447/3447/3447
f 3423/3423/3423 3448/3448/3448 3449/3449/3449
f 3423/3423/3423 3449/3449/3449 3450/3450/3450
f 3450/3450/3450 3424/3424/3424 3423/3423/3423
f 3451/3451/3451 3452/3452/3452 3453/3453/3453
f 3454/3454/3454 3455/3455/3455 3456/3456/3456
f 3452/3452/3452 3451/3451/3451 3457/3457/3457
f 3458/3458/3458 3454/3454/3454 3456/3456/3456
f 3444/3444/3444 3443/3443/3443 3459/3459/3459
f 3459/3459/3459 3460/3460/3460 3444/3444/3444
f 3461/3461/3461 3446/3446/3446 3445/3445/3445
f 3462/3462/3462 3463/3463/3463 3464/3464/3464
f 3445/3445/3445 3465/3465/3465 3461/3461/3461
f 3461/3461/3461 3465/3465/3465 3466/3466/3466
f 3467/3467/3467 3468/3468/3468 3469/3469/3469
f 3470/3470/3470 3449/3449/3449 3448/3448/3448
f 3463/3463/3463 3462/3462/3462 3471/3471/3471
f 3472/3472/3472 3473/3473/3473 3474/3474/3474
f 3240/3240/3240 3475/3475/3475 3415/3415/3415
f 3415/3415/3415 3241/3241/3241 3240/3240/3240
f 3468/3468/3468 3476/3476/3476 3469/3469/3469
f 3477/3477/3477 3478/3478/3478 3475/3475/3475
f 3240/3240/3240 3477/3477/3477 3475/3475/3475
f 3449/3449/3449 3470/3470/3470 3479/3479/3479
f 3480/3480/3480 3481/3481/3481 3482/3482/3482
f 3483/3483/3483 3484/3484/3484 3485/3485/3485
f 3477/3477/3477 3486/3486/3486 3478/3478/3478
f 3487/3487/3487 3488/3488/3488 3484/3484/3484
f 3484/3484/3484 3483/3483/3483 3489/3489/3489
f 3484/3484/3484 3489/3489/3489 3487/3487/3487
f 3473/3473/3473 3490/3490/3490 3474/3474/3474
f 3491/3491/3491 3492/3492/3492 3493/3493/3493
f 3494/3494/3494 3495/3495/3495 3496/3496/3496
f 3497/3497/3497 3498/3498/3498 3499/3499/3499
f 3500/3500/3500 3501/3501/3501 3502/3502/3502
f 3503/3503/3503 3504/3504/3504 3505/3505/3505
f 3505/3505/3505 3506/3506/3506 3503/3503/3503
f 3507/3507/3507 3504/3504/3504 3508/3508/3508
f 3504/3504/3504 3503/3503/3503 3508/3508/3508
f 3509/3509/3509 3510/3510/3510 3511/3511/3511
f 3512/3512/3512 3513/3513/3513 3514/3514/3514
f 3515/3515/3515 3516/3516/3516 3517/3517/3517
f 3515/3515/3515 3517/3517/3517 3518/3518/3518
f 3519/3519/3519 3512/3512/3512 3514/3514/3514
f 3510/3510/3510 3520/3520/3520 3511/3511/3511
f 3521/3521/3521 3522/3522/3522 3523/3523/3523
f 3523/3523/3523 3240/3240/3240 3524/3524/3524
f 3523/3523/3523 3524/3524/3524 3521/3521/3521
f 3525/3525/3525 3526/3526/3526 3527/3527/3527
f 3521/3521/3521 3528/3528/3528 3522/3522/3522
f 3527/3527/3527 3529/3529/3529 3525/3525/3525
f 3530/3530/3530 3517/3517/3517 3516/3516/3516
f 3531/3531/3531 3532/3532/3532 3526/3526/3526
f 3526/3526/3526 3525/3525/3525 3531/3531/3531
f 3533/3533/3533 3534/3534/3534 3535/3535/3535
f 3536/3536/3536 3518/3518/3518 3517/3517/3517
f 3537/3537/3537 3538/3538/3538 3539/3539/3539
f 3540/3540/3540 3537/3537/3537 3539/3539/3539
f 3541/3541/3541 3542/3542/3542 3543/3543/3543
f 3544/3544/3544 3545/3545/3545 3546/3546/3546
f 3547/3547/3547 3548/3548/3548 3549/3549/3549
f 3546/3546/3546 3550/3550/3550 3551/3551/3551
f 3551/3551/3551 3544/3544/3544 3546/3546/3546
f 3550/3550/3550 3552/3552/3552 3551/3551/3551
f 3553/3553/3553 3554/3554/3554 3555/3555/3555
f 3548/3548/3548 3547/3547/3547 3556/3556/3556
f 3555/3555/3555 3557/3557/3557 3553/3553/3553
f 3558/3558/3558 3551/3551/3551 3552/3552/3552
f 3553/3553/3553 3559/3559/3559 3554/3554/3554
f 3560/3560/3560 3561/3561/3561 3424/3424/3424
f 3450/3450/3450 3560/3560/3560 3424/3424/3424
f 3562/3562/3562 3563/3563/3563 3564/3564/3564
f 3564/3564/3564 3563/3563/3563 3565/3565/3565
f 3566/3566/3566 3567/3567/3567 3568/3568/3568
f 3569/3569/3569 3566/3566/3566 3568/3568/3568
f 3564/3564/3564 3565/3565/3565 3570/3570/3570
f 3568/3568/3568 3571/3571/3571 3569/3569/3569
f 3572/3572/3572 3573/3573/3573 3574/3574/3574
f 3575/3575/3575 3576/3576/3576 3577/3577/3577
f 3577/3577/3577 3578/3578/3578 3575/3575/3575
f 3579/3579/3579 3297/3297/3297 3304/3304/3304
f 3303/3303/3303 3324/3324/3324 3562/3562/3562
f 3304/3304/3304 3567/3567/3567 3579/3579/3579
f 3580/3580/3580 3317/3317/3317 3320/3320/3320
f 3581/3581/3581 3580/3580/3580 3320/3320/3320
f 3324/3324/3324 3563/3563/3563 3562/3562/3562
f 3582/3582/3582 3583/3583/3583 3584/3584/3584
f 3566/3566/3566 3579/3579/3579 3567/3567/3567
f 3583/3583/3583 3585/3585/3585 3584/3584/3584
f 3310/3310/3310 3586/3586/3586 3587/3587/3587
f 3310/3310/3310 3587/3587/3587 3369/3369/3369
f 3588/3588/3588 3584/3584/3584 3585/3585/3585
f 3589/3589/3589 3588/3588/3588 3585/3585/3585
f 3590/3590/3590 3570/3570/3570 3565/3565/3565
f 3591/3591/3591 3592/3592/3592 3593/3593/3593
f 3594/3594/3594 3481/3481/3481 3595/3595/3595
f 3596/3596/3596 3597/3597/3597 3598/3598/3598
f 3599/3599/3599 3600/3600/3600 3601/3601/3601
f 3592/3592/3592 3591/3591/3591 3602/3602/3602
f 3603/3603/3603 3604/3604/3604 3605/3605/3605
f 3600/3600/3600 3599/3599/3599 3606/3606/3606
f 3607/3607/3607 3608/3608/3608 3609/3609/3609
f 3606/3606/3606 3610/3610/3610 3600/3600/3600
f 3243/3243/3243 3524/3524/3524 3240/3240/3240
f 3481/3481/3481 3480/3480/3480 3595/3595/3595
f 3611/3611/3611 3612/3612/3612 3613/3613/3613
f 3614/3614/3614 3615/3615/3615 3616/3616/3616
f 3524/3524/3524 3243/3243/3243 3617/3617/3617
f 3616/3616/3616 3618/3618/3618 3614/3614/3614
f 3619/3619/3619 3620/3620/3620 3524/3524/3524
f 3617/3617/3617 3619/3619/3619 3524/3524/3524
f 3612/3612/3612 3621/3621/3621 3622/3622/3622
f 3623/3623/3623 3624/3624/3624 3625/3625/3625
f 3622/3622/3622 3613/3613/3613 3612/3612/3612
f 3625/3625/3625 3626/3626/3626 3623/3623/3623
f 3480/3480/3480 3627/3627/3627 3595/3595/3595
f 3628/3628/3628 3595/3595/3595 3627/3627/3627
f 3629/3629/3629 3622/3622/3622 3621/3621/3621
f 3627/3627/3627 3630/3630/3630 3628/3628/3628
f 3631/3631/3631 3632/3632/3632 3633/3633/3633
f 3633/3633/3633 3632/3632/3632 3634/3634/3634
f 3635/3635/3635 3636/3636/3636 3637/3637/3637
f 3633/3633/3633 3638/3638/3638 3631/3631/3631
f 3639/3639/3639 3640/3640/3640 3641/3641/3641
f 3642/3642/3642 3640/3640/3640 3639/3639/3639
f 3643/3643/3643 3644/3644/3644 3645/3645/3645
f 3646/3646/3646 3641/3641/3641 3640/3640/3640
f 3570/3570/3570 3590/3590/3590 3647/3647/3647
f 3648/3648/3648 3649/3649/3649 3650/3650/3650
f 3651/3651/3651 3652/3652/3652 3653/3653/3653
f 3589/3589/3589 3654/3654/3654 3588/3588/3588
f 3655/3655/3655 3656/3656/3656 3657/3657/3657
f 3654/3654/3654 3589/3589/3589 3658/3658/3658
f 3654/3654/3654 3658/3658/3658 3659/3659/3659
f 3660/3660/3660 3657/3657/3657 3656/3656/3656
f 3656/3656/3656 3661/3661/3661 3660/3660/3660
f 3652/3652/3652 3651/3651/3651 3662/3662/3662
f 3663/3663/3663 3659/3659/3659 3658/3658/3658
f 3664/3664/3664 3662/3662/3662 3651/3651/3651
f 3665/3665/3665 3666/3666/3666 3667/3667/3667
f 3668/3668/3668 3669/3669/3669 3670/3670/3670
f 3671/3671/3671 3668/3668/3668 3670/3670/3670
f 3672/3672/3672 3673/3673/3673 3674/3674/3674
f 3675/3675/3675 3660/3660/3660 3661/3661/3661
f 3661/3661/3661 3676/3676/3676 3675/3675/3675
f 3677/3677/3677 3678/3678/3678 3679/3679/3679
f 3680/3680/3680 3674/3674/3674 3673/3673/3673
f 3681/3681/3681 3682/3682/3682 3636/3636/3636
f 3636/3636/3636 3635/3635/3635 3681/3681/3681
f 3683/3683/3683 3684/3684/3684 3682/3682/3682
f 3685/3685/3685 3683/3683/3683 3682/3682/3682
f 3682/3682/3682 3681/3681/3681 3685/3685/3685
f 3686/3686/3686 3687/3687/3687 3684/3684/3684
f 3684/3684/3684 3683/3683/3683 3686/3686/3686
f 3678/3678/3678 3688/3688/3688 3679/3679/3679
f 3689/3689/3689 3690/3690/3690 3691/3691/3691
f 3692/3692/3692 3667/3667/3667 3666/3666/3666
f 3690/3690/3690 3693/3693/3693 3691/3691/3691
f 3668/3668/3668 3671/3671/3671 3694/3694/3694
f 3695/3695/3695 3691/3691/3691 3693/3693/3693
f 3696/3696/3696 3697/3697/3697 3698/3698/3698
f 3692/3692/3692 3699/3699/3699 3667/3667/3667
f 3671/3671/3671 3700/3700/3700 3694/3694/3694
f 3701/3701/3701 3702/3702/3702 3703/3703/3703
f 3680/3680/3680 3704/3704/3704 3674/3674/3674
f 3705/3705/3705 3706/3706/3706 3707/3707/3707
f 3708/3708/3708 3679/3679/3679 3688/3688/3688
f 3709/3709/3709 3708/3708/3708 3688/3688/3688
f 3699/3699/3699 3692/3692/3692 3710/3710/3710
f 3699/3699/3699 3710/3710/3710 3711/3711/3711
f 3712/3712/3712 3713/3713/3713 3714/3714/3714
f 3715/3715/3715 3712/3712/3712 3714/3714/3714
f 3716/3716/3716 3717/3717/3717 3718/3718/3718
f 3704/3704/3704 3680/3680/3680 3719/3719/3719
f 3704/3704/3704 3719/3719/3719 3720/3720/3720
f 3721/3721/3721 3722/3722/3722 3723/3723/3723
f 3723/3723/3723 3724/3724/3724 3721/3721/3721
f 3697/3697/3697 3696/3696/3696 3725/3725/3725
f 3726/3726/3726 3727/3727/3727 3728/3728/3728
f 3729/3729/3729 3730/3730/3730 3610/3610/3610
f 3729/3729/3729 3610/3610/3610 3731/3731/3731
f 3732/3732/3732 3733/3733/3733 3734/3734/3734
f 3735/3735/3735 3731/3731/3731 3610/3610/3610
f 3610/3610/3610 3606/3606/3606 3735/3735/3735
f 3733/3733/3733 3732/3732/3732 3736/3736/3736
f 3737/3737/3737 3736/3736/3736 3732/3732/3732
f 3735/3735/3735 3738/3738/3738 3731/3731/3731
f 3737/3737/3737 3739/3739/3739 3736/3736/3736
f 3557/3557/3557 3740/3740/3740 3553/3553/3553
f 3741/3741/3741 3742/3742/3742 3743/3743/3743
f 3744/3744/3744 3553/3553/3553 3740/3740/3740
f 3743/3743/3743 3745/3745/3745 3741/3741/3741
f 3746/3746/3746 3747/3747/3747 3748/3748/3748
f 3746/3746/3746 3748/3748/3748 3749/3749/3749
f 3686/3686/3686 3747/3747/3747 3687/3687/3687
f 3686/3686/3686 3748/3748/3748 3747/3747/3747
f 3708/3708/3708 3709/3709/3709 3750/3750/3750
f 3751/3751/3751 3720/3720/3720 3719/3719/3719
f 3752/3752/3752 3750/3750/3750 3709/3709/3709
f 3753/3753/3753 3754/3754/3754 3755/3755/3755
f 3748/3748/3748 3686/3686/3686 3756/3756/3756
f 3757/3757/3757 3758/3758/3758 3759/3759/3759
f 3760/3760/3760 3761/3761/3761 3762/3762/3762
f 3757/3757/3757 3759/3759/3759 3763/3763/3763
f 3762/3762/3762 3400/3400/3400 3760/3760/3760
f 3390/3390/3390 3400/3400/3400 3762/3762/3762
f 3762/3762/3762 3764/3764/3764 3390/3390/3390
f 3765/3765/3765 3759/3759/3759 3758/3758/3758
f 3761/3761/3761 3760/3760/3760 3766/3766/3766
f 3767/3767/3767 3768/3768/3768 3769/3769/3769
f 3758/3758/3758 3770/3770/3770 3771/3771/3771
f 3771/3771/3771 3765/3765/3765 3758/3758/3758
f 3759/3759/3759 3765/3765/3765 3763/3763/3763
f 3772/3772/3772 3773/3773/3773 3774/3774/3774
f 3774/3774/3774 3773/3773/3773 3775/3775/3775
f 3776/3776/3776 3772/3772/3772 3774/3774/3774
f 3775/3775/3775 3776/3776/3776 3774/3774/3774
f 3775/3775/3775 3773/3773/3773 3777/3777/3777
f 3778/3778/3778 3779/3779/3779 3780/3780/3780
f 3778/3778/3778 3780/3780/3780 3781/3781/3781
f 3777/3777/3777 3782/3782/3782 3775/3775/3775
f 3772/3772/3772 3776/3776/3776 3783/3783/3783
f 3784/3784/3784 3769/3769/3769 3768/3768/3768
f 3785/3785/3785 3783/3783/3783 3776/3776/3776
f 3776/3776/3776 3775/3775/3775 3785/3785/3785
f 3786/3786/3786 3787/3787/3787 1404/1404/1404
f 3788/3788/3788 3786/3786/3786 1404/1404/1404
f 1404/1404/1404 1403/1403/1403 3788/3788/3788
f 3787/3787/3787 3786/3786/3786 3789/3789/3789
f 3790/3790/3790 1398/1398/1398 1400/1400/1400
f 3789/3789/3789 3791/3791/3791 3787/3787/3787
f 3792/3792/3792 3793/3793/3793 3794/3794/3794
f 3795/3795/3795 3793/3793/3793 3792/3792/3792
f 3796/3796/3796 3769/3769/3769 3797/3797/3797
f 3771/3771/3771 3770/3770/3770 3798/3798/3798
f 3796/3796/3796 3797/3797/3797 3799/3799/3799
f 3800/3800/3800 3801/3801/3801 3802/3802/3802
f 3803/3803/3803 1415/1415/1415 1410/1410/1410
f 1398/1398/1398 3790/3790/3790 3804/3804/3804
f 3803/3803/3803 3805/3805/3805 1415/1415/1415
f 3806/3806/3806 3807/3807/3807 3808/3808/3808
f 3809/3809/3809 1412/1412/1412 1416/1416/1416
f 3784/3784/3784 3797/3797/3797 3769/3769/3769
f 3810/3810/3810 3783/3783/3783 3811/3811/3811
f 3812/3812/3812 3813/3813/3813 3814/3814/3814
f 3815/3815/3815 3811/3811/3811 3783/3783/3783
f 3783/3783/3783 3785/3785/3785 3815/3815/3815
f 3816/3816/3816 3804/3804/3804 3790/3790/3790
f 3791/3791/3791 3789/3789/3789 3817/3817/3817
f 3818/3818/3818 3816/3816/3816 3790/3790/3790
f 3819/3819/3819 3820/3820/3820 3821/3821/3821
f 3822/3822/3822 3808/3808/3808 3807/3807/3807
f 3823/3823/3823 3822/3822/3822 3807/3807/3807
f 3820/3820/3820 3824/3824/3824 3821/3821/3821
f 3825/3825/3825 3826/3826/3826 3765/3765/3765
f 3765/3765/3765 3826/3826/3826 3763/3763/3763
f 3771/3771/3771 3825/3825/3825 3765/3765/3765
f 3827/3827/3827 3828/3828/3828 3829/3829/3829
f 3827/3827/3827 3829/3829/3829 3830/3830/3830
f 3831/3831/3831 3763/3763/3763 3826/3826/3826
f 3830/3830/3830 3384/3384/3384 3827/3827/3827
f 1403/1403/1403 3832/3832/3832 3788/3788/3788
f 3833/3833/3833 3834/3834/3834 3825/3825/3825
f 3825/3825/3825 3834/3834/3834 3835/3835/3835
f 3825/3825/3825 3771/3771/3771 3833/3833/3833
f 3836/3836/3836 3829/3829/3829 3828/3828/3828
f 3837/3837/3837 3836/3836/3836 3828/3828/3828
f 1458/1458/1458 3838/3838/3838 1454/1454/1454
f 3832/3832/3832 3839/3839/3839 3788/3788/3788
f 3838/3838/3838 1458/1458/1458 3840/3840/3840
f 3841/3841/3841 3842/3842/3842 3843/3843/3843
f 3385/3385/3385 3830/3830/3830 3829/3829/3829
f 3844/3844/3844 3385/3385/3385 3829/3829/3829
f 3845/3845/3845 3844/3844/3844 3829/3829/3829
f 3846/3846/3846 3847/3847/3847 3848/3848/3848
f 3848/3848/3848 2820/2820/2820 3846/3846/3846
f 3849/3849/3849 3843/3843/3843 3842/3842/3842
f 3836/3836/3836 3837/3837/3837 3850/3850/3850
f 3851/3851/3851 3849/3849/3849 3842/3842/3842
f 3842/3842/3842 3852/3852/3852 3851/3851/3851
f 3764/3764/3764 3853/3853/3853 3390/3390/3390
f 3384/3384/3384 3830/3830/3830 3385/3385/3385
f 3854/3854/3854 3855/3855/3855 3856/3856/3856
f 3854/3854/3854 3857/3857/3857 3855/3855/3855
f 3381/3381/3381 3858/3858/3858 3408/3408/3408
f 3857/3857/3857 3854/3854/3854 3859/3859/3859
f 3860/3860/3860 3861/3861/3861 3862/3862/3862
f 3863/3863/3863 3864/3864/3864 3865/3865/3865
f 3866/3866/3866 3859/3859/3859 3854/3854/3854
f 3861/3861/3861 3860/3860/3860 3867/3867/3867
f 3868/3868/3868 3869/3869/3869 3870/3870/3870
f 3871/3871/3871 3404/3404/3404 3872/3872/3872
f 3873/3873/3873 3865/3865/3865 3864/3864/3864
f 3874/3874/3874 3873/3873/3873 3864/3864/3864
f 3875/3875/3875 3850/3850/3850 3837/3837/3837
f 3876/3876/3876 3877/3877/3877 3878/3878/3878
f 3789/3789/3789 3879/3879/3879 3817/3817/3817
f 3880/3880/3880 3881/3881/3881 3882/3882/3882
f 3883/3883/3883 3817/3817/3817 3879/3879/3879
f 3880/3880/3880 3884/3884/3884 3885/3885/3885
f 3882/3882/3882 3884/3884/3884 3880/3880/3880
f 3879/3879/3879 3886/3886/3886 3883/3883/3883
f 3881/3881/3881 3887/3887/3887 3882/3882/3882
f 3888/3888/3888 3889/3889/3889 3890/3890/3890
f 3891/3891/3891 3892/3892/3892 3893/3893/3893
f 3894/3894/3894 3895/3895/3895 3896/3896/3896
f 3889/3889/3889 3897/3897/3897 3890/3890/3890
f 3898/3898/3898 3899/3899/3899 3900/3900/3900
f 3901/3901/3901 3902/3902/3902 3903/3903/3903
f 3882/3882/3882 3904/3904/3904 3884/3884/3884
f 3905/3905/3905 3906/3906/3906 3907/3907/3907
f 3908/3908/3908 3909/3909/3909 3910/3910/3910
f 3886/3886/3886 3911/3911/3911 3883/3883/3883
f 3912/3912/3912 3913/3913/3913 3914/3914/3914
f 3915/3915/3915 3912/3912/3912 3914/3914/3914
f 3916/3916/3916 3917/3917/3917 3918/3918/3918
f 3919/3919/3919 3920/3920/3920 3921/3921/3921
f 3922/3922/3922 3923/3923/3923 3924/3924/3924
f 3912/3912/3912 3915/3915/3915 3925/3925/3925
f 3926/3926/3926 3927/3927/3927 3928/3928/3928
f 3917/3917/3917 3929/3929/3929 3918/3918/3918
f 3930/3930/3930 3921/3921/3921 3920/3920/3920
f 3931/3931/3931 3930/3930/3930 3920/3920/3920
f 3932/3932/3932 3931/3931/3931 3920/3920/3920
f 3923/3923/3923 3922/3922/3922 3933/3933/3933
f 3920/3920/3920 3934/3934/3934 3932/3932/3932
f 3935/3935/3935 3936/3936/3936 3937/3937/3937
f 3938/3938/3938 3935/3935/3935 3937/3937/3937
f 3939/3939/3939 3775/3775/3775 3782/3782/3782
f 3782/3782/3782 3940/3940/3940 3939/3939/3939
f 3775/3775/3775 3939/3939/3939 3785/3785/3785
f 3935/3935/3935 3938/3938/3938 3941/3941/3941
f 3942/3942/3942 3943/3943/3943 3944/3944/3944
f 3944/3944/3944 3945/3945/3945 3942/3942/3942
f 3553/3553/3553 3946/3946/3946 3559/3559/3559
f 3947/3947/3947 3948/3948/3948 3949/3949/3949
f 3949/3949/3949 3950/3950/3950 3947/3947/3947
f 3948/3948/3948 3947/3947/3947 3887/3887/3887
f 3946/3946/3946 3553/3553/3553 3951/3951/3951
f 3952/3952/3952 3942/3942/3942 3945/3945/3945
f 3945/3945/3945 3953/3953/3953 3952/3952/3952
f 3744/3744/3744 3951/3951/3951 3553/3553/3553
f 3954/3954/3954 3955/3955/3955 3956/3956/3956
f 3956/3956/3956 3957/3957/3957 3954/3954/3954
f 3958/3958/3958 3959/3959/3959 3960/3960/3960
f 3961/3961/3961 3955/3955/3955 3962/3962/3962
f 3962/3962/3962 3963/3963/3963 3961/3961/3961
f 3964/3964/3964 3965/3965/3965 3966/3966/3966
f 3867/3867/3867 3860/3860/3860 3967/3967/3967
f 3967/3967/3967 3968/3968/3968 3867/3867/3867
f 3961/3961/3961 3956/3956/3956 3955/3955/3955
f 3947/3947/3947 3969/3969/3969 3904/3904/3904
f 3904/3904/3904 3887/3887/3887 3947/3947/3947
f 3956/3956/3956 3961/3961/3961 3915/3915/3915
f 3915/3915/3915 3970/3970/3970 3956/3956/3956
f 3963/3963/3963 3971/3971/3971 3961/3961/3961
f 3753/3753/3753 3869/3869/3869 3754/3754/3754
f 3753/3753/3753 3870/3870/3870 3869/3869/3869
f 3925/3925/3925 3961/3961/3961 3971/3971/3971
f 3874/3874/3874 3927/3927/3927 3873/3873/3873
f 3925/3925/3925 3915/3915/3915 3961/3961/3961
f 3887/3887/3887 3904/3904/3904 3882/3882/3882
f 3927/3927/3927 3874/3874/3874 3928/3928/3928
f 3972/3972/3972 3973/3973/3973 3974/3974/3974
f 3975/3975/3975 3973/3973/3973 3972/3972/3972
f 3976/3976/3976 3977/3977/3977 3978/3978/3978
f 3972/3972/3972 3979/3979/3979 3980/3980/3980
f 3980/3980/3980 3975/3975/3975 3972/3972/3972
f 3981/3981/3981 3982/3982/3982 3983/3983/3983
f 3984/3984/3984 3981/3981/3981 3983/3983/3983
f 3973/3973/3973 3975/3975/3975 3985/3985/3985
f 3983/3983/3983 3986/3986/3986 3984/3984/3984
f 3987/3987/3987 3988/3988/3988 3989/3989/3989
f 3990/3990/3990 3991/3991/3991 3992/3992/3992
f 3993/3993/3993 3994/3994/3994 3995/3995/3995
f 3996/3996/3996 3997/3997/3997 3998/3998/3998
f 3999/3999/3999 4000/4000/4000 4001/4001/4001
f 4002/4002/4002 4003/4003/4003 4004/4004/4004
f 4005/4005/4005 3999/3999/3999 4001/4001/4001
f 4006/4006/4006 4007/4007/4007 4008/4008/4008
f 4008/4008/4008 4009/4009/4009 4006/4006/4006
f 4003/4003/4003 4010/4010/4010 4004/4004/4004
f 4011/4011/4011 4012/4012/4012 4013/4013/4013
f 4014/4014/4014 4015/4015/4015 4016/4016/4016
f 4017/4017/4017 4018/4018/4018 4019/4019/4019
f 4020/4020/4020 4021/4021/4021 4022/4022/4022
f 4023/4023/4023 4016/4016/4016 4015/4015/4015
f 4015/4015/4015 4024/4024/4024 4023/4023/4023
f 4022/4022/4022 4025/4025/4025 4020/4020/4020
f 4007/4007/4007 4006/4006/4006 4026/4026/4026
f 4007/4007/4007 4026/4026/4026 4027/4027/4027
f 4028/4028/4028 4029/4029/4029 4030/4030/4030
f 3992/3992/3992 3991/3991/3991 4031/4031/4031
f 4028/4028/4028 4030/4030/4030 4032/4032/4032
f 4033/4033/4033 3992/3992/3992 4031/4031/4031
f 4028/4028/4028 4032/4032/4032 4034/4034/4034
f 4028/4028/4028 4034/4034/4034 4035/4035/4035
f 4031/4031/4031 4036/4036/4036 4033/4033/4033
f 4037/4037/4037 4038/4038/4038 4039/4039/4039
f 4040/4040/4040 4039/4039/4039 4038/4038/4038
f 4039/4039/4039 4040/4040/4040 4041/4041/4041
f 3993/3993/3993 4042/4042/4042 3994/3994/3994
f 4043/4043/4043 4044/4044/4044 4045/4045/4045
f 4045/4045/4045 4046/4046/4046 4043/4043/4043
f 4047/4047/4047 3998/3998/3998 3997/3997/3997
f 4048/4048/4048 4047/4047/4047 3997/3997/3997
f 3997/3997/3997 4049/4049/4049 4048/4048/4048
f 4044/4044/4044 4043/4043/4043 4050/4050/4050
f 4050/4050/4050 4051/4051/4051 4044/4044/4044
f 3622/3622/3622 4052/4052/4052 3613/3613/3613
f 4052/4052/4052 3622/3622/3622 3629/3629/3629
f 3629/3629/3629 4053/4053/4053 4052/4052/4052
f 4054/4054/4054 4055/4055/4055 4056/4056/4056
f 3619/3619/3619 4057/4057/4057 3620/3620/3620
f 4055/4055/4055 4054/4054/4054 4058/4058/4058
f 3626/3626/3626 4059/4059/4059 3623/3623/3623
f 4060/4060/4060 4058/4058/4058 4054/4054/4054
f 3619/3619/3619 4061/4061/4061 4057/4057/4057
f 4062/4062/4062 3623/3623/3623 4059/4059/4059
f 4058/4058/4058 4060/4060/4060 4063/4063/4063
f 4058/4058/4058 4063/4063/4063 4064/4064/4064
f 4064/4064/4064 4065/4065/4065 4058/4058/4058
f 4066/4066/4066 4067/4067/4067 4068/4068/4068
f 4068/4068/4068 4069/4069/4069 4066/4066/4066
f 4070/4070/4070 4071/4071/4071 4072/4072/4072
f 4073/4073/4073 4074/4074/4074 4075/4075/4075
f 4075/4075/4075 4076/4076/4076 4077/4077/4077
f 4075/4075/4075 4077/4077/4077 4073/4073/4073
f 4078/4078/4078 4079/4079/4079 4080/4080/4080
f 4073/4073/4073 4077/4077/4077 4081/4081/4081
f 4081/4081/4081 4077/4077/4077 3646/3646/3646
f 3646/3646/3646 4077/4077/4077 4076/4076/4076
f 4076/4076/4076 3641/3641/3641 3646/3646/3646
f 4082/4082/4082 4083/4083/4083 4084/4084/4084
f 4085/4085/4085 4086/4086/4086 4087/4087/4087
f 4088/4088/4088 4089/4089/4089 4090/4090/4090
f 4091/4091/4091 4092/4092/4092 4093/4093/4093
f 4087/4087/4087 4086/4086/4086 4094/4094/4094
f 4091/4091/4091 4093/4093/4093 4095/4095/4095
f 4096/4096/4096 4087/4087/4087 4094/4094/4094
f 4097/4097/4097 4098/4098/4098 4099/4099/4099
f 4094/4094/4094 4100/4100/4100 4096/4096/4096
f 4099/4099/4099 4101/4101/4101 4097/4097/4097
f 4082/4082/4082 4102/4102/4102 4083/4083/4083
f 4103/4103/4103 4104/4104/4104 4105/4105/4105
f 4103/4103/4103 4105/4105/4105 4106/4106/4106
f 4089/4089/4089 4088/4088/4088 4107/4107/4107
f 4108/4108/4108 4107/4107/4107 4088/4088/4088
f 4088/4088/4088 4109/4109/4109 4108/4108/4108
f 4110/4110/4110 4106/4106/4106 4105/4105/4105
f 4111/4111/4111 4112/4112/4112 4098/4098/4098
f 4100/4100/4100 4113/4113/4113 4096/4096/4096
f 4098/4098/4098 4097/4097/4097 4111/4111/4111
f 4110/4110/4110 4114/4114/4114 4106/4106/4106
f 4115/4115/4115 4116/4116/4116 4117/4117/4117
f 4117/4117/4117 4116/4116/4116 4118/4118/4118
f 4119/4119/4119 4120/4120/4120 4121/4121/4121
f 4122/4122/4122 4119/4119/4119 4121/4121/4121
f 4117/4117/4117 4118/4118/4118 4123/4123/4123
f 4124/4124/4124 4122/4122/4122 4121/4121/4121
f 4121/4121/4121 4125/4125/4125 4124/4124/4124
f 4126/4126/4126 4127/4127/4127 4128/4128/4128
f 4126/4126/4126 4128/4128/4128 4129/4129/4129
f 4130/4130/4130 4131/4131/4131 4132/4132/4132
f 4133/4133/4133 4134/4134/4134 4135/4135/4135
f 4136/4136/4136 4132/4132/4132 4131/4131/4131
f 4134/4134/4134 4133/4133/4133 4137/4137/4137
f 4138/4138/4138 4139/4139/4139 4140/4140/4140
f 4118/4118/4118 4141/4141/4141 4123/4123/4123
f 4140/4140/4140 4142/4142/4142 4138/4138/4138
f 4143/4143/4143 4137/4137/4137 4133/4133/4133
f 4137/4137/4137 4143/4143/4143 4144/4144/4144
f 4145/4145/4145 4035/4035/4035 4034/4034/4034
f 4051/4051/4051 4050/4050/4050 4146/4146/4146
f 4147/4147/4147 4148/4148/4148 4149/4149/4149
f 4150/4150/4150 4096/4096/4096 4113/4113/4113
f 4151/4151/4151 4152/4152/4152 4153/4153/4153
f 4110/4110/4110 4154/4154/4154 4114/4114/4114
f 4154/4154/4154 4110/4110/4110 4155/4155/4155
f 4156/4156/4156 4149/4149/4149 4148/4148/4148
f 4157/4157/4157 4156/4156/4156 4148/4148/4148
f 4158/4158/4158 4159/4159/4159 4160/4160/4160
f 4161/4161/4161 4162/4162/4162 4142/4142/4142
f 4142/4142/4142 4140/4140/4140 4161/4161/4161
f 4163/4163/4163 4164/4164/4164 4165/4165/4165
f 4166/4166/4166 4167/4167/4167 4168/4168/4168
f 4169/4169/4169 4170/4170/4170 4171/4171/4171
f 4172/4172/4172 4165/4165/4165 4164/4164/4164
f 4173/4173/4173 4174/4174/4174 4175/4175/4175
f 4167/4167/4167 4166/4166/4166 4176/4176/4176
f 4177/4177/4177 4173/4173/4173 4175/4175/4175
f 4176/4176/4176 4178/4178/4178 4167/4167/4167
f 4179/4179/4179 4180/4180/4180 4181/4181/4181
f 4170/4170/4170 4182/4182/4182 4171/4171/4171
f 4183/4183/4183 4184/4184/4184 4185/4185/4185
f 4186/4186/4186 4183/4183/4183 4185/4185/4185
f 4187/4187/4187 4188/4188/4188 4189/4189/4189
f 4189/4189/4189 4190/4190/4190 4187/4187/4187
f 4183/4183/4183 4186/4186/4186 4191/4191/4191
f 4183/4183/4183 4191/4191/4191 4192/4192/4192
f 4193/4193/4193 4187/4187/4187 4190/4190/4190
f 4194/4194/4194 4193/4193/4193 4190/4190/4190
f 4195/4195/4195 4196/4196/4196 4197/4197/4197
f 4197/4197/4197 4198/4198/4198 4195/4195/4195
f 4196/4196/4196 4195/4195/4195 4199/4199/4199
f 4196/4196/4196 4199/4199/4199 4200/4200/4200
f 4201/4201/4201 4202/4202/4202 4203/4203/4203
f 4204/4204/4204 4205/4205/4205 4178/4178/4178
f 4178/4178/4178 4176/4176/4176 4204/4204/4204
f 4205/4205/4205 4204/4204/4204 4206/4206/4206
f 4205/4205/4205 4206/4206/4206 4207/4207/4207
f 4024/4024/4024 4208/4208/4208 4023/4023/4023
f 4209/4209/4209 4210/4210/4210 4025/4025/4025
f 4025/4025/4025 4022/4022/4022 4209/4209/4209
f 4211/4211/4211 4023/4023/4023 4208/4208/4208
f 4212/4212/4212 4213/4213/4213 4214/4214/4214
f 4215/4215/4215 4213/4213/4213 4212/4212/4212
f 4216/4216/4216 4211/4211/4211 4208/4208/4208
f 4217/4217/4217 4218/4218/4218 4219/4219/4219
f 4220/4220/4220 4221/4221/4221 4222/4222/4222
f 4218/4218/4218 4223/4223/4223 4219/4219/4219
f 4224/4224/4224 4223/4223/4223 4218/4218/4218
f 4221/4221/4221 4220/4220/4220 4225/4225/4225
f 4221/4221/4221 4225/4225/4225 4226/4226/4226
f 4227/4227/4227 4026/4026/4026 4228/4228/4228
f 4229/4229/4229 4033/4033/4033 4230/4230/4230
f 4231/4231/4231 4232/4232/4232 4223/4223/4223
f 4233/4233/4233 4231/4231/4231 4223/4223/4223
f 4224/4224/4224 4233/4233/4233 4223/4223/4223
f 4234/4234/4234 4027/4027/4027 4026/4026/4026
f 4026/4026/4026 4227/4227/4227 4234/4234/4234
f 4036/4036/4036 4235/4235/4235 4033/4033/4033
f 4145/4145/4145 4236/4236/4236 4035/4035/4035
f 4230/4230/4230 4033/4033/4033 4235/4235/4235
f 4237/4237/4237 4238/4238/4238 4239/4239/4239
f 4240/4240/4240 4241/4241/4241 4242/4242/4242
f 4243/4243/4243 4244/4244/4244 4245/4245/4245
f 4246/4246/4246 4244/4244/4244 4243/4243/4243
f 4247/4247/4247 4248/4248/4248 4249/4249/4249
f 4238/4238/4238 4237/4237/4237 4250/4250/4250
f 4251/4251/4251 4245/4245/4245 4244/4244/4244
f 4250/4250/4250 4252/4252/4252 4238/4238/4238
f 4241/4241/4241 4240/4240/4240 4253/4253/4253
f 4254/4254/4254 4255/4255/4255 4256/4256/4256
f 4257/4257/4257 4254/4254/4254 4256/4256/4256
f 4258/4258/4258 4225/4225/4225 4220/4220/4220
f 4259/4259/4259 4260/4260/4260 4211/4211/4211
f 4211/4211/4211 4216/4216/4216 4259/4259/4259
f 4261/4261/4261 4262/4262/4262 4263/4263/4263
f 4264/4264/4264 4265/4265/4265 4266/4266/4266
f 4206/4206/4206 4267/4267/4267 4268/4268/4268
f 4268/4268/4268 4207/4207/4207 4206/4206/4206
f 4269/4269/4269 4270/4270/4270 4271/4271/4271
f 4265/4265/4265 4272/4272/4272 4266/4266/4266
f 4273/4273/4273 4274/4274/4274 4275/4275/4275
f 4275/4275/4275 4276/4276/4276 4277/4277/4277
f 4275/4275/4275 4277/4277/4277 4273/4273/4273
f 4278/4278/4278 4279/4279/4279 4280/4280/4280
f 4281/4281/4281 4282/4282/4282 4283/4283/4283
f 4284/4284/4284 4285/4285/4285 4286/4286/4286
f 4287/4287/4287 4288/4288/4288 4289/4289/4289
f 4290/4290/4290 4200/4200/4200 4199/4199/4199
f 4291/4291/4291 4292/4292/4292 4293/4293/4293
f 4294/4294/4294 4292/4292/4292 4291/4291/4291
f 4295/4295/4295 4296/4296/4296 4297/4297/4297
f 4298/4298/4298 4299/4299/4299 4300/4300/4300
f 4291/4291/4291 4301/4301/4301 4294/4294/4294
f 4300/4300/4300 4302/4302/4302 4298/4298/4298
f 4279/4279/4279 4303/4303/4303 4280/4280/4280
f 4304/4304/4304 4305/4305/4305 4306/4306/4306
f 4307/4307/4307 4308/4308/4308 4309/4309/4309
f 4310/4310/4310 4308/4308/4308 4307/4307/4307
f 4311/4311/4311 4293/4293/4293 4292/4292/4292
f 4307/4307/4307 4312/4312/4312 4310/4310/4310
f 4313/4313/4313 4280/4280/4280 4303/4303/4303
f 4305/4305/4305 4314/4314/4314 4315/4315/4315
f 4304/4304/4304 4314/4314/4314 4305/4305/4305
f 4303/4303/4303 4316/4316/4316 4313/4313/4313
f 4317/4317/4317 4283/4283/4283 4282/4282/4282
f 4282/4282/4282 4318/4318/4318 4317/4317/4317
f 4319/4319/4319 4315/4315/4315 4314/4314/4314
f 4296/4296/4296 4295/4295/4295 4320/4320/4320
f 4321/4321/4321 4309/4309/4309 4308/4308/4308
f 4322/4322/4322 4323/4323/4323 4324/4324/4324
f 4325/4325/4325 4326/4326/4326 4327/4327/4327
f 4327/4327/4327 4328/4328/4328 4325/4325/4325
f 4329/4329/4329 4330/4330/4330 4331/4331/4331
f 4332/4332/4332 4333/4333/4333 4334/4334/4334
f 4325/4325/4325 4335/4335/4335 4326/4326/4326
f 4336/4336/4336 4337/4337/4337 4338/4338/4338
f 4339/4339/4339 4320/4320/4320 4295/4295/4295
f 4340/4340/4340 4341/4341/4341 4342/4342/4342
f 4343/4343/4343 4344/4344/4344 4345/4345/4345
f 4346/4346/4346 4347/4347/4347 4348/4348/4348
f 4315/4315/4315 4319/4319/4319 4349/4349/4349
f 4350/4350/4350 4351/4351/4351 4352/4352/4352
f 4353/4353/4353 4354/4354/4354 4355/4355/4355
f 4356/4356/4356 4317/4317/4317 4318/4318/4318
f 4318/4318/4318 4357/4357/4357 4356/4356/4356
f 4358/4358/4358 4359/4359/4359 4360/4360/4360
f 4320/4320/4320 4339/4339/4339 4361/4361/4361
f 4362/4362/4362 4345/4345/4345 4344/4344/4344
f 4363/4363/4363 4364/4364/4364 4365/4365/4365
f 4366/4366/4366 4362/4362/4362 4344/4344/4344
f 4367/4367/4367 4352/4352/4352 4351/4351/4351
f 4368/4368/4368 4369/4369/4369 4370/4370/4370
f 4368/4368/4368 4370/4370/4370 4371/4371/4371
f 4351/4351/4351 4372/4372/4372 4367/4367/4367
f 4373/4373/4373 4356/4356/4356 4357/4357/4357
f 4374/4374/4374 4373/4373/4373 4357/4357/4357
f 4375/4375/4375 4361/4361/4361 4339/4339/4339
f 4376/4376/4376 4203/4203/4203 4202/4202/4202
f 4377/4377/4377 4378/4378/4378 4379/4379/4379
f 4380/4380/4380 4381/4381/4381 4382/4382/4382
f 4383/4383/4383 4384/4384/4384 4385/4385/4385
f 4386/4386/4386 4387/4387/4387 4388/4388/4388
f 4389/4389/4389 4390/4390/4390 4391/4391/4391
f 4391/4391/4391 4390/4390/4390 4392/4392/4392
f 4393/4393/4393 4394/4394/4394 4395/4395/4395
f 4396/4396/4396 4393/4393/4393 4395/4395/4395
f 4203/4203/4203 4376/4376/4376 4397/4397/4397
f 4398/4398/4398 4399/4399/4399 4400/4400/4400
f 4401/4401/4401 4397/4397/4397 4376/4376/4376
f 4402/4402/4402 4401/4401/4401 4376/4376/4376
f 4403/4403/4403 4402/4402/4402 4376/4376/4376
f 4404/4404/4404 4405/4405/4405 4406/4406/4406
f 4384/4384/4384 4407/4407/4407 4408/4408/4408
f 4383/4383/4383 4407/4407/4407 4384/4384/4384
f 4408/4408/4408 4409/4409/4409 4384/4384/4384
f 4410/4410/4410 4411/4411/4411 4412/4412/4412
f 4413/4413/4413 4414/4414/4414 4415/4415/4415
f 4416/4416/4416 4417/4417/4417 4418/4418/4418
f 4419/4419/4419 4417/4417/4417 4416/4416/4416
f 4416/4416/4416 4420/4420/4420 4419/4419/4419
f 4409/4409/4409 4408/4408/4408 4421/4421/4421
f 4422/4422/4422 4423/4423/4423 4424/4424/4424
f 4425/4425/4425 4426/4426/4426 4427/4427/4427
f 4424/4424/4424 4428/4428/4428 4422/4422/4422
f 4429/4429/4429 4418/4418/4418 4417/4417/4417
f 4418/4418/4418 4429/4429/4429 4430/4430/4430
f 4431/4431/4431 4430/4430/4430 4429/4429/4429
f 4432/4432/4432 4427/4427/4427 4426/4426/4426
f 4430/4430/4430 4431/4431/4431 4433/4433/4433
f 4434/4434/4434 4422/4422/4422 4428/4428/4428
f 4050/4050/4050 4435/4435/4435 4436/4436/4436
f 4436/4436/4436 4146/4146/4146 4050/4050/4050
f 4437/4437/4437 4233/4233/4233 4438/4438/4438
f 4150/4150/4150 4439/4439/4439 4096/4096/4096
f 4440/4440/4440 4438/4438/4438 4233/4233/4233
f 4233/4233/4233 4224/4224/4224 4397/4397/4397
f 4233/4233/4233 4397/4397/4397 4440/4440/4440
f 4441/4441/4441 4442/4442/4442 4443/4443/4443
f 4401/4401/4401 4440/4440/4440 4397/4397/4397
f 4444/4444/4444 4445/4445/4445 4446/4446/4446
f 4125/4125/4125 4447/4447/4447 4448/4448/4448
f 4448/4448/4448 4124/4124/4124 4125/4125/4125
f 4446/4446/4446 4449/4449/4449 4444/4444/4444
f 4440/4440/4440 4401/4401/4401 4450/4450/4450
f 4143/4143/4143 4451/4451/4451 4452/4452/4452
f 4453/4453/4453 4451/4451/4451 4143/4143/4143
f 4452/4452/4452 4144/4144/4144 4143/4143/4143
f 4454/4454/4454 4455/4455/4455 4456/4456/4456
f 4454/4454/4454 4456/4456/4456 4457/4457/4457
f 4458/4458/4458 4456/4456/4456 4455/4455/4455
f 4459/4459/4459 4460/4460/4460 4461/4461/4461
f 4402/4402/4402 4403/4403/4403 4462/4462/4462
f 4461/4461/4461 4463/4463/4463 4459/4459/4459
f 4464/4464/4464 4465/4465/4465 4466/4466/4466
f 4467/4467/4467 4468/4468/4468 4469/4469/4469
f 4470/4470/4470 4471/4471/4471 4472/4472/4472
f 4465/4465/4465 4473/4473/4473 4474/4474/4474
f 4474/4474/4474 4466/4466/4466 4465/4465/4465
f 4475/4475/4475 4476/4476/4476 4301/4301/4301
f 4389/4389/4389 4476/4476/4476 4475/4475/4475
f 4477/4477/4477 4302/4302/4302 4478/4478/4478
f 4477/4477/4477 4478/4478/4478 4479/4479/4479
f 4475/4475/4475 4390/4390/4390 4389/4389/4389
f 4479/4479/4479 4480/4480/4480 4477/4477/4477
f 4294/4294/4294 4301/4301/4301 4476/4476/4476
f 4481/4481/4481 4482/4482/4482 4483/4483/4483
f 4484/4484/4484 4481/4481/4481 4483/4483/4483
f 4483/4483/4483 4394/4394/4394 4484/4484/4484
f 4300/4300/4300 4478/4478/4478 4302/4302/4302
f 4312/4312/4312 4485/4485/4485 4310/4310/4310
f 4479/4479/4479 4486/4486/4486 4480/4480/4480
f 4480/4480/4480 4486/4486/4486 4420/4420/4420
f 4394/4394/4394 4393/4393/4393 4484/4484/4484
f 4419/4419/4419 4420/4420/4420 4486/4486/4486
f 4487/4487/4487 4488/4488/4488 4489/4489/4489
f 4490/4490/4490 4491/4491/4491 4492/4492/4492
f 4332/4332/4332 4493/4493/4493 4333/4333/4333
f 4494/4494/4494 4495/4495/4495 4496/4496/4496
f 4491/4491/4491 4497/4497/4497 4498/4498/4498
f 4499/4499/4499 4497/4497/4497 4491/4491/4491
f 4498/4498/4498 4492/4492/4492 4491/4491/4491
f 4493/4493/4493 4332/4332/4332 4500/4500/4500
f 4501/4501/4501 4498/4498/4498 4497/4497/4497
f 4502/4502/4502 4501/4501/4501 4497/4497/4497
f 4499/4499/4499 4502/4502/4502 4497/4497/4497
f 4462/4462/4462 4403/4403/4403 4503/4503/4503
f 4503/4503/4503 4504/4504/4504 4462/4462/4462
f 4505/4505/4505 4506/4506/4506 3976/3976/3976
f 4504/4504/4504 3982/3982/3982 3981/3981/3981
f 4504/4504/4504 3981/3981/3981 4507/4507/4507
f 4507/4507/4507 4462/4462/4462 4504/4504/4504
f 3977/3977/3977 4506/4506/4506 4508/4508/4508
f 3976/3976/3976 4506/4506/4506 3977/3977/3977
f 3977/3977/3977 4508/4508/4508 4509/4509/4509
f 4510/4510/4510 3980/3980/3980 3979/3979/3979
f 4502/4502/4502 4499/4499/4499 4511/4511/4511
f 4502/4502/4502 4511/4511/4511 4512/4512/4512
f 4513/4513/4513 4514/4514/4514 4515/4515/4515
f 4516/4516/4516 4507/4507/4507 3981/3981/3981
f 3981/3981/3981 3984/3984/3984 4516/4516/4516
f 4335/4335/4335 4325/4325/4325 4517/4517/4517
f 4335/4335/4335 4517/4517/4517 4518/4518/4518
f 4519/4519/4519 4500/4500/4500 4332/4332/4332
f 4520/4520/4520 4371/4371/4371 4370/4370/4370
f 4373/4373/4373 4374/4374/4374 4521/4521/4521
f 4361/4361/4361 4375/4375/4375 4522/4522/4522
f 4523/4523/4523 4365/4365/4365 4364/4364/4364
f 4524/4524/4524 4525/4525/4525 4526/4526/4526
f 4527/4527/4527 4474/4474/4474 4473/4473/4473
f 4528/4528/4528 4527/4527/4527 4473/4473/4473
f 4525/4525/4525 4524/4524/4524 4529/4529/4529
f 4530/4530/4530 4531/4531/4531 4532/4532/4532
f 4276/4276/4276 4533/4533/4533 4277/4277/4277
f 4534/4534/4534 4531/4531/4531 4530/4530/4530
f 4534/4534/4534 4530/4530/4530 4535/4535/4535
f 4536/4536/4536 4537/4537/4537 4538/4538/4538
f 4539/4539/4539 4540/4540/4540 4541/4541/4541
f 4539/4539/4539 4541/4541/4541 4542/4542/4542
f 4536/4536/4536 4543/4543/4543 4537/4537/4537
f 4543/4543/4543 4536/4536/4536 4544/4544/4544
f 4545/4545/4545 4546/4546/4546 4547/4547/4547
f 4548/4548/4548 4549/4549/4549 4550/4550/4550
f 4550/4550/4550 4551/4551/4551 4548/4548/4548
f 4551/4551/4551 4552/4552/4552 4548/4548/4548
f 4553/4553/4553 4552/4552/4552 4551/4551/4551
f 4552/4552/4552 4553/4553/4553 4554/4554/4554
f 4555/4555/4555 4556/4556/4556 4557/4557/4557
f 4558/4558/4558 4559/4559/4559 4560/4560/4560
f 4561/4561/4561 4558/4558/4558 4560/4560/4560
f 4562/4562/4562 4554/4554/4554 4563/4563/4563
f 4556/4556/4556 4564/4564/4564 4557/4557/4557
f 4565/4565/4565 4566/4566/4566 4567/4567/4567
f 4544/4544/4544 4559/4559/4559 4568/4568/4568
f 4569/4569/4569 4570/4570/4570 4571/4571/4571
f 4572/4572/4572 4573/4573/4573 4574/4574/4574
f 4574/4574/4574 4575/4575/4575 4572/4572/4572
f 4576/4576/4576 4575/4575/4575 4574/4574/4574
f 4573/4573/4573 4572/4572/4572 4577/4577/4577
f 4575/4575/4575 4576/4576/4576 4578/4578/4578
f 4579/4579/4579 4577/4577/4577 4572/4572/4572
f 4577/4577/4577 4579/4579/4579 4580/4580/4580
f 4362/4362/4362 4366/4366/4366 4581/4581/4581
f 4582/4582/4582 4522/4522/4522 4375/4375/4375
f 4152/4152/4152 4151/4151/4151 4583/4583/4583
f 4152/4152/4152 4583/4583/4583 4584/4584/4584
f 4585/4585/4585 4586/4586/4586 4587/4587/4587
f 4587/4587/4587 4588/4588/4588 4585/4585/4585
f 4589/4589/4589 4590/4590/4590 4591/4591/4591
f 4592/4592/4592 4593/4593/4593 4594/4594/4594
f 4161/4161/4161 4595/4595/4595 4162/4162/4162
f 4596/4596/4596 4597/4597/4597 4598/4598/4598
f 4593/4593/4593 4592/4592/4592 4599/4599/4599
f 4600/4600/4600 4598/4598/4598 4597/4597/4597
f 4601/4601/4601 4602/4602/4602 4603/4603/4603
f 4604/4604/4604 4605/4605/4605 4606/4606/4606
f 4595/4595/4595 4161/4161/4161 4607/4607/4607
f 4608/4608/4608 4609/4609/4609 4610/4610/4610
f 4611/4611/4611 4591/4591/4591 4590/4590/4590
f 4612/4612/4612 4613/4613/4613 4614/4614/4614
f 4615/4615/4615 4273/4273/4273 4277/4277/4277
f 4616/4616/4616 4614/4614/4614 4470/4470/4470
f 4617/4617/4617 4618/4618/4618 4619/4619/4619
f 4620/4620/4620 4621/4621/4621 4622/4622/4622
f 4614/4614/4614 4613/4613/4613 4471/4471/4471
f 4622/4622/4622 4623/4623/4623 4620/4620/4620
f 4470/4470/4470 4614/4614/4614 4471/4471/4471
f 4624/4624/4624 4619/4619/4619 4618/4618/4618
f 4625/4625/4625 4554/4554/4554 4553/4553/4553
f 4626/4626/4626 4563/4563/4563 4554/4554/4554
f 4627/4627/4627 4628/4628/4628 4629/4629/4629
f 4626/4626/4626 4630/4630/4630 4563/4563/4563
f 4630/4630/4630 4626/4626/4626 4631/4631/4631
f 4632/4632/4632 4633/4633/4633 4634/4634/4634
f 4624/4624/4624 4635/4635/4635 4619/4619/4619
f 4636/4636/4636 4637/4637/4637 4625/4625/4625
f 4638/4638/4638 4639/4639/4639 4640/4640/4640
f 4641/4641/4641 4638/4638/4638 4640/4640/4640
f 4633/4633/4633 4642/4642/4642 4634/4634/4634
f 4637/4637/4637 4636/4636/4636 4643/4643/4643
f 4636/4636/4636 4644/4644/4644 4643/4643/4643
f 4645/4645/4645 4643/4643/4643 4644/4644/4644
f 4638/4638/4638 4641/4641/4641 4646/4646/4646
f 4647/4647/4647 4648/4648/4648 4649/4649/4649
f 4650/4650/4650 4651/4651/4651 4652/4652/4652
f 4653/4653/4653 4654/4654/4654 4655/4655/4655
f 4656/4656/4656 4657/4657/4657 4658/4658/4658
f 4658/4658/4658 4659/4659/4659 4656/4656/4656
f 4660/4660/4660 4661/4661/4661 4662/4662/4662
f 4663/4663/4663 4646/4646/4646 4641/4641/4641
f 4664/4664/4664 4665/4665/4665 4666/4666/4666
f 4667/4667/4667 4668/4668/4668 4669/4669/4669
f 4670/4670/4670 4671/4671/4671 4672/4672/4672
f 4673/4673/4673 4672/4672/4672 4671/4671/4671
f 4674/4674/4674 4675/4675/4675 4676/4676/4676
f 4646/4646/4646 4663/4663/4663 4677/4677/4677
f 4678/4678/4678 4679/4679/4679 4680/4680/4680
f 4678/4678/4678 4681/4681/4681 4679/4679/4679
f 4682/4682/4682 4683/4683/4683 4681/4681/4681
f 4681/4681/4681 4678/4678/4678 4684/4684/4684
f 4681/4681/4681 4684/4684/4684 4682/4682/4682
f 4685/4685/4685 4676/4676/4676 4675/4675/4675
f 4686/4686/4686 4687/4687/4687 4688/4688/4688
f 4689/4689/4689 4690/4690/4690 4691/4691/4691
f 4682/4682/4682 4692/4692/4692 4683/4683/4683
f 4693/4693/4693 4367/4367/4367 4372/4372/4372
f 4520/4520/4520 4694/4694/4694 4371/4371/4371
f 4372/4372/4372 4695/4695/4695 4693/4693/4693
f 4696/4696/4696 4521/4521/4521 4374/4374/4374
f 4694/4694/4694 4520/4520/4520 4697/4697/4697
f 4698/4698/4698 4693/4693/4693 4695/4695/4695
f 4697/4697/4697 4699/4699/4699 4694/4694/4694
f 4695/4695/4695 4700/4700/4700 4698/4698/4698
f 4701/4701/4701 4702/4702/4702 4703/4703/4703
f 4704/4704/4704 4581/4581/4581 4366/4366/4366
f 4635/4635/4635 4624/4624/4624 4705/4705/4705
f 4635/4635/4635 4705/4705/4705 4706/4706/4706
f 4707/4707/4707 4708/4708/4708 4709/4709/4709
f 4521/4521/4521 4696/4696/4696 4710/4710/4710
f 4711/4711/4711 4710/4710/4710 4696/4696/4696
f 4699/4699/4699 4697/4697/4697 4712/4712/4712
f 4713/4713/4713 4698/4698/4698 4700/4700/4700
f 4699/4699/4699 4712/4712/4712 4714/4714/4714
f 4715/4715/4715 4713/4713/4713 4700/4700/4700
f 4710/4710/4710 4711/4711/4711 4716/4716/4716
f 4716/4716/4716 4717/4717/4717 4710/4710/4710
f 4718/4718/4718 4706/4706/4706 4705/4705/4705
f 4527/4527/4527 4528/4528/4528 4719/4719/4719
f 4705/4705/4705 4720/4720/4720 4718/4718/4718
f 4717/4717/4717 4716/4716/4716 4721/4721/4721
f 4722/4722/4722 4714/4714/4714 4712/4712/4712
f 4721/4721/4721 4723/4723/4723 4717/4717/4717
f 4713/4713/4713 4715/4715/4715 4724/4724/4724
f 4722/4722/4722 4725/4725/4725 4714/4714/4714
f 4715/4715/4715 4726/4726/4726 4724/4724/4724
f 4725/4725/4725 4722/4722/4722 4727/4727/4727
f 4728/4728/4728 4724/4724/4724 4726/4726/4726
f 4729/4729/4729 4728/4728/4728 4726/4726/4726
f 4727/4727/4727 4730/4730/4730 4725/4725/4725
f 4723/4723/4723 4721/4721/4721 4731/4731/4731
f 4723/4723/4723 4731/4731/4731 4732/4732/4732
f 1957/1957/1957 1953/1953/1953 4733/4733/4733
f 1954/1954/1954 4734/4734/4734 1989/1989/1989
f 3809/3809/3809 1961/1961/1961 1412/1412/1412
f 4735/4735/4735 4736/4736/4736 3822/3822/3822
f 4735/4735/4735 3822/3822/3822 4737/4737/4737
f 4738/4738/4738 1939/1939/1939 1944/1944/1944
f 4737/4737/4737 4739/4739/4739 4735/4735/4735
f 1961/1961/1961 3809/3809/3809 4740/4740/4740
f 4741/4741/4741 4742/4742/4742 4743/4743/4743
f 4744/4744/4744 4745/4745/4745 4746/4746/4746
f 4747/4747/4747 4748/4748/4748 4749/4749/4749
f 4750/4750/4750 4737/4737/4737 3822/3822/3822
f 3823/3823/3823 4750/4750/4750 3822/3822/3822
f 1953/1953/1953 4751/4751/4751 4733/4733/4733
f 4751/4751/4751 4752/4752/4752 4753/4753/4753
f 4753/4753/4753 4733/4733/4733 4751/4751/4751
f 4752/4752/4752 4754/4754/4754 4755/4755/4755
f 4752/4752/4752 4755/4755/4755 4753/4753/4753
f 4742/4742/4742 4741/4741/4741 4756/4756/4756
f 4757/4757/4757 4746/4746/4746 4745/4745/4745
f 4748/4748/4748 4747/4747/4747 4758/4758/4758
f 4759/4759/4759 4756/4756/4756 4741/4741/4741
f 4757/4757/4757 4760/4760/4760 4746/4746/4746
f 4761/4761/4761 4762/4762/4762 4763/4763/4763
f 4764/4764/4764 4765/4765/4765 4766/4766/4766
f 4750/4750/4750 3823/3823/3823 4767/4767/4767
f 4768/4768/4768 4769/4769/4769 4770/4770/4770
f 4771/4771/4771 4768/4768/4768 4770/4770/4770
f 4765/4765/4765 4764/4764/4764 4772/4772/4772
f 4760/4760/4760 4757/4757/4757 4773/4773/4773
f 4774/4774/4774 4763/4763/4763 4762/4762/4762
f 4760/4760/4760 4773/4773/4773 4775/4775/4775
f 4762/4762/4762 4776/4776/4776 4774/4774/4774
f 4756/4756/4756 4759/4759/4759 4777/4777/4777
f 4778/4778/4778 4777/4777/4777 4759/4759/4759
f 4734/4734/4734 4779/4779/4779 4780/4780/4780
f 4734/4734/4734 4780/4780/4780 1989/1989/1989
f 4768/4768/4768 4781/4781/4781 4769/4769/4769
f 4781/4781/4781 4768/4768/4768 4782/4782/4782
f 4783/4783/4783 1993/1993/1993 4784/4784/4784
f 4782/4782/4782 4785/4785/4785 4781/4781/4781
f 4768/4768/4768 4771/4771/4771 4786/4786/4786
f 4787/4787/4787 4782/4782/4782 4768/4768/4768
f 4768/4768/4768 4786/4786/4786 4787/4787/4787
f 4788/4788/4788 4789/4789/4789 4790/4790/4790
f 4790/4790/4790 4791/4791/4791 4788/4788/4788
f 4792/4792/4792 2004/2004/2004 2003/2003/2003
f 4783/4783/4783 1990/1990/1990 1993/1993/1993
f 4793/4793/4793 4788/4788/4788 4791/4791/4791
f 2004/2004/2004 4792/4792/4792 4794/4794/4794
f 4788/4788/4788 4793/4793/4793 4795/4795/4795
f 4795/4795/4795 4796/4796/4796 4788/4788/4788
f 4797/4797/4797 4795/4795/4795 4793/4793/4793
f 4782/4782/4782 4798/4798/4798 4785/4785/4785
f 4799/4799/4799 2012/2012/2012 2011/2011/2011
f 4796/4796/4796 4795/4795/4795 4800/4800/4800
f 4801/4801/4801 4802/4802/4802 4803/4803/4803
f 4804/4804/4804 4805/4805/4805 4806/4806/4806
f 4807/4807/4807 4804/4804/4804 4806/4806/4806
f 4808/4808/4808 4809/4809/4809 4810/4810/4810
f 4795/4795/4795 4797/4797/4797 4800/4800/4800
f 4811/4811/4811 4812/4812/4812 4813/4813/4813
f 4814/4814/4814 4815/4815/4815 4816/4816/4816
f 4817/4817/4817 4818/4818/4818 4819/4819/4819
f 4812/4812/4812 4811/4811/4811 4820/4820/4820
f 4821/4821/4821 4775/4775/4775 4773/4773/4773
f 4777/4777/4777 4778/4778/4778 4822/4822/4822
f 4823/4823/4823 4824/4824/4824 4825/4825/4825
f 4815/4815/4815 4814/4814/4814 4826/4826/4826
f 4818/4818/4818 4817/4817/4817 4827/4827/4827
f 4828/4828/4828 4826/4826/4826 4814/4814/4814
f 4827/4827/4827 4829/4829/4829 4818/4818/4818
f 3895/3895/3895 3894/3894/3894 4830/4830/4830
f 4831/4831/4831 4820/4820/4820 4811/4811/4811
f 4811/4811/4811 4832/4832/4832 4831/4831/4831
f 4833/4833/4833 4834/4834/4834 4835/4835/4835
f 4817/4817/4817 4836/4836/4836 4837/4837/4837
f 4837/4837/4837 4827/4827/4827 4817/4817/4817
f 4834/4834/4834 4833/4833/4833 4838/4838/4838
f 4839/4839/4839 4840/4840/4840 4841/4841/4841
f 4842/4842/4842 4843/4843/4843 4844/4844/4844
f 4833/4833/4833 4845/4845/4845 4838/4838/4838
f 4846/4846/4846 4837/4837/4837 4836/4836/4836
f 4847/4847/4847 4848/4848/4848 4849/4849/4849
f 4850/4850/4850 4851/4851/4851 4852/4852/4852
f 4798/4798/4798 4782/4782/4782 4853/4853/4853
f 4797/4797/4797 4854/4854/4854 4800/4800/4800
f 4855/4855/4855 4853/4853/4853 4782/4782/4782
f 4856/4856/4856 4857/4857/4857 4858/4858/4858
f 4859/4859/4859 4860/4860/4860 4782/4782/4782
f 4782/4782/4782 4860/4860/4860 4855/4855/4855
f 4861/4861/4861 4802/4802/4802 4862/4862/4862
f 4863/4863/4863 4861/4861/4861 4862/4862/4862
f 4802/4802/4802 4861/4861/4861 4803/4803/4803
f 4864/4864/4864 4865/4865/4865 4866/4866/4866
f 4867/4867/4867 4868/4868/4868 4869/4869/4869
f 4867/4867/4867 4869/4869/4869 4870/4870/4870
f 4871/4871/4871 4872/4872/4872 4873/4873/4873
f 4864/4864/4864 4874/4874/4874 4865/4865/4865
f 4871/4871/4871 4873/4873/4873 4875/4875/4875
f 4876/4876/4876 4877/4877/4877 4878/4878/4878
f 4879/4879/4879 4873/4873/4873 4872/4872/4872
f 4864/4864/4864 4880/4880/4880 4874/4874/4874
f 4881/4881/4881 4882/4882/4882 4883/4883/4883
f 4884/4884/4884 4885/4885/4885 4886/4886/4886
f 4873/4873/4873 4879/4879/4879 4887/4887/4887
f 4888/4888/4888 4875/4875/4875 4873/4873/4873
f 4889/4889/4889 4888/4888/4888 4873/4873/4873
f 4873/4873/4873 4887/4887/4887 4889/4889/4889
f 4890/4890/4890 4774/4774/4774 4776/4776/4776
f 4891/4891/4891 4892/4892/4892 4893/4893/4893
f 4894/4894/4894 4822/4822/4822 4778/4778/4778
f 4895/4895/4895 4896/4896/4896 4897/4897/4897
f 4898/4898/4898 4893/4893/4893 4892/4892/4892
f 4892/4892/4892 4899/4899/4899 4898/4898/4898
f 4822/4822/4822 4894/4894/4894 4900/4900/4900
f 4901/4901/4901 4897/4897/4897 4896/4896/4896
f 4902/4902/4902 4903/4903/4903 4904/4904/4904
f 4905/4905/4905 4906/4906/4906 4907/4907/4907
f 4908/4908/4908 4898/4898/4898 4899/4899/4899
f 4899/4899/4899 4909/4909/4909 4908/4908/4908
f 4910/4910/4910 4911/4911/4911 4912/4912/4912
f 4913/4913/4913 4914/4914/4914 4915/4915/4915
f 4916/4916/4916 4917/4917/4917 4918/4918/4918
f 4826/4826/4826 4828/4828/4828 4919/4919/4919
f 4920/4920/4920 4919/4919/4919 4828/4828/4828
f 4829/4829/4829 4827/4827/4827 4921/4921/4921
f 4921/4921/4921 4922/4922/4922 4829/4829/4829
f 4923/4923/4923 4924/4924/4924 4925/4925/4925
f 4926/4926/4926 4908/4908/4908 4909/4909/4909
f 4909/4909/4909 4927/4927/4927 4926/4926/4926
f 4917/4917/4917 4916/4916/4916 4928/4928/4928
f 4929/4929/4929 4930/4930/4930 4931/4931/4931
f 4932/4932/4932 4928/4928/4928 4916/4916/4916
f 4933/4933/4933 4934/4934/4934 4935/4935/4935
f 4936/4936/4936 4926/4926/4926 4927/4927/4927
f 4927/4927/4927 4937/4937/4937 4936/4936/4936
f 4928/4928/4928 4932/4932/4932 4938/4938/4938
f 4939/4939/4939 4935/4935/4935 4934/4934/4934
f 4940/4940/4940 4938/4938/4938 4932/4932/4932
f 4827/4827/4827 4837/4837/4837 4941/4941/4941
f 4827/4827/4827 4941/4941/4941 4921/4921/4921
f 4846/4846/4846 4941/4941/4941 4837/4837/4837
f 4942/4942/4942 4943/4943/4943 4944/4944/4944
f 4944/4944/4944 4943/4943/4943 4945/4945/4945
f 4946/4946/4946 4947/4947/4947 4948/4948/4948
f 4948/4948/4948 4947/4947/4947 4949/4949/4949
f 4950/4950/4950 4946/4946/4946 4948/4948/4948
f 4945/4945/4945 4951/4951/4951 4944/4944/4944
f 4941/4941/4941 4846/4846/4846 4952/4952/4952
f 4953/4953/4953 4945/4945/4945 4943/4943/4943
f 4947/4947/4947 4954/4954/4954 4955/4955/4955
f 4956/4956/4956 4954/4954/4954 4947/4947/4947
f 4947/4947/4947 4946/4946/4946 4956/4956/4956
f 4947/4947/4947 4955/4955/4955 4957/4957/4957
f 4947/4947/4947 4957/4957/4957 4949/4949/4949
f 4958/4958/4958 4959/4959/4959 4960/4960/4960
f 4961/4961/4961 4958/4958/4958 4960/4960/4960
f 4960/4960/4960 4962/4962/4962 4961/4961/4961
f 4963/4963/4963 4964/4964/4964 4965/4965/4965
f 4966/4966/4966 4956/4956/4956 4946/4946/4946
f 4946/4946/4946 4967/4967/4967 4966/4966/4966
f 3975/3975/3975 3980/3980/3980 4968/4968/4968
f 3975/3975/3975 4968/4968/4968 3985/3985/3985
f 4510/4510/4510 4968/4968/4968 3980/3980/3980
f 4969/4969/4969 3985/3985/3985 4968/4968/4968
f 4970/4970/4970 4971/4971/4971 4972/4972/4972
f 4973/4973/4973 4970/4970/4970 4972/4972/4972
f 4972/4972/4972 4974/4974/4974 4973/4973/4973
f 3985/3985/3985 4969/4969/4969 4975/4975/4975
f 4976/4976/4976 3984/3984/3984 3986/3986/3986
f 4977/4977/4977 4978/4978/4978 4979/4979/4979
f 4977/4977/4977 4979/4979/4979 4980/4980/4980
f 4981/4981/4981 4975/4975/4975 4969/4969/4969
f 4965/4965/4965 4964/4964/4964 4982/4982/4982
f 4982/4982/4982 4964/4964/4964 4983/4983/4983
f 4945/4945/4945 4984/4984/4984 4951/4951/4951
f 4955/4955/4955 4880/4880/4880 4985/4985/4985
f 4985/4985/4985 4880/4880/4880 4864/4864/4864
f 4957/4957/4957 4955/4955/4955 4985/4985/4985
f 4880/4880/4880 4955/4955/4955 4986/4986/4986
f 4987/4987/4987 4988/4988/4988 4989/4989/4989
f 4990/4990/4990 4991/4991/4991 4992/4992/4992
f 4988/4988/4988 4993/4993/4993 4994/4994/4994
f 4987/4987/4987 4993/4993/4993 4988/4988/4988
f 4994/4994/4994 4995/4995/4995 4988/4988/4988
f 4996/4996/4996 2220/2220/2220 2218/2218/2218
f 4997/4997/4997 2219/2219/2219 4998/4998/4998
f 4996/4996/4996 2218/2218/2218 4999/4999/4999
f 4998/4998/4998 5000/5000/5000 5001/5001/5001
f 4998/4998/4998 5001/5001/5001 4997/4997/4997
f 4997/4997/4997 2281/2281/2281 2219/2219/2219
f 2218/2218/2218 5002/5002/5002 4999/4999/4999
f 2357/2357/2357 5003/5003/5003 2223/2223/2223
f 5004/5004/5004 5005/5005/5005 5006/5006/5006
f 5007/5007/5007 5008/5008/5008 5005/5005/5005
f 5005/5005/5005 5004/5004/5004 5007/5007/5007
f 5009/5009/5009 5010/5010/5010 5011/5011/5011
f 5012/5012/5012 5009/5009/5009 5011/5011/5011
f 5013/5013/5013 5014/5014/5014 5015/5015/5015
f 5016/5016/5016 5017/5017/5017 5018/5018/5018
f 5019/5019/5019 5014/5014/5014 5013/5013/5013
f 5020/5020/5020 5021/5021/5021 5022/5022/5022
f 5023/5023/5023 5024/5024/5024 5025/5025/5025
f 5010/5010/5010 2313/2313/2313 2280/2280/2280
f 5026/5026/5026 5027/5027/5027 2340/2340/2340
f 5028/5028/5028 5029/5029/5029 5030/5030/5030
f 2340/2340/2340 2339/2339/2339 5026/5026/5026
f 5031/5031/5031 5032/5032/5032 5033/5033/5033
f 5031/5031/5031 5033/5033/5033 5034/5034/5034
f 5029/5029/5029 5035/5035/5035 5036/5036/5036
f 5037/5037/5037 5030/5030/5030 5029/5029/5029
f 5036/5036/5036 5037/5037/5037 5029/5029/5029
f 5038/5038/5038 2309/2309/2309 5039/5039/5039
f 2313/2313/2313 5010/5010/5010 5009/5009/5009
f 5039/5039/5039 5040/5040/5040 5038/5038/5038
f 5041/5041/5041 2324/2324/2324 2309/2309/2309
f 2309/2309/2309 5038/5038/5038 5041/5041/5041
f 2324/2324/2324 5041/5041/5041 5042/5042/5042
f 5043/5043/5043 5044/5044/5044 5045/5045/5045
f 5046/5046/5046 5043/5043/5043 5045/5045/5045
f 5042/5042/5042 5047/5047/5047 2324/2324/2324
f 5016/5016/5016 5048/5048/5048 5049/5049/5049
f 5049/5049/5049 5017/5017/5017 5016/5016/5016
f 5038/5038/5038 5050/5050/5050 5041/5041/5041
f 5051/5051/5051 5052/5052/5052 5053/5053/5053
f 5054/5054/5054 5042/5042/5042 5041/5041/5041
f 5055/5055/5055 5056/5056/5056 5057/5057/5057
f 5058/5058/5058 5059/5059/5059 5060/5060/5060
f 5061/5061/5061 5062/5062/5062 5063/5063/5063
f 5058/5058/5058 5064/5064/5064 5059/5059/5059
f 5064/5064/5064 5058/5058/5058 5065/5065/5065
f 5066/5066/5066 5034/5034/5034 5033/5033/5033
f 5067/5067/5067 5068/5068/5068 5069/5069/5069
f 5070/5070/5070 5071/5071/5071 5072/5072/5072
f 5062/5062/5062 5061/5061/5061 5073/5073/5073
f 5047/5047/5047 5042/5042/5042 5074/5074/5074
f 5034/5034/5034 5066/5066/5066 5075/5075/5075
f 5076/5076/5076 5077/5077/5077 5078/5078/5078
f 5078/5078/5078 5077/5077/5077 5079/5079/5079
f 5079/5079/5079 5080/5080/5080 5078/5078/5078
f 5077/5077/5077 5076/5076/5076 5081/5081/5081
f 5082/5082/5082 5083/5083/5083 5084/5084/5084
f 5085/5085/5085 5086/5086/5086 5087/5087/5087
f 5085/5085/5085 5087/5087/5087 5088/5088/5088
f 5089/5089/5089 5074/5074/5074 5042/5042/5042
f 5054/5054/5054 5089/5089/5089 5042/5042/5042
f 5074/5074/5074 5089/5089/5089 5090/5090/5090
f 5091/5091/5091 5090/5090/5090 5089/5089/5089
f 5089/5089/5089 5054/5054/5054 5092/5092/5092
f 5089/5089/5089 5092/5092/5092 5091/5091/5091
f 5093/5093/5093 5094/5094/5094 5095/5095/5095
f 5096/5096/5096 5056/5056/5056 5097/5097/5097
f 5097/5097/5097 5056/5056/5056 5055/5055/5055
f 5098/5098/5098 5096/5096/5096 5097/5097/5097
f 5097/5097/5097 5055/5055/5055 5099/5099/5099
f 5097/5097/5097 5099/5099/5099 5098/5098/5098
f 5087/5087/5087 5100/5100/5100 5101/5101/5101
f 5102/5102/5102 5088/5088/5088 5087/5087/5087
f 5101/5101/5101 5102/5102/5102 5087/5087/5087
f 5103/5103/5103 5104/5104/5104 5105/5105/5105
f 5096/5096/5096 5098/5098/5098 5106/5106/5106
f 5107/5107/5107 2358/2358/2358 2006/2006/2006
f 5108/5108/5108 2357/2357/2357 2359/2359/2359
f 2358/2358/2358 5107/5107/5107 5109/5109/5109
f 5110/5110/5110 5111/5111/5111 5112/5112/5112
f 5113/5113/5113 5007/5007/5007 5004/5004/5004
f 5114/5114/5114 5115/5115/5115 5116/5116/5116
f 5117/5117/5117 5118/5118/5118 5114/5114/5114
f 5116/5116/5116 5117/5117/5117 5114/5114/5114
f 5119/5119/5119 5120/5120/5120 5121/5121/5121
f 5122/5122/5122 5123/5123/5123 5124/5124/5124
f 5111/5111/5111 5110/5110/5110 5125/5125/5125
f 5126/5126/5126 5127/5127/5127 5128/5128/5128
f 5129/5129/5129 5130/5130/5130 5131/5131/5131
f 5117/5117/5117 5116/5116/5116 5132/5132/5132
f 5127/5127/5127 5126/5126/5126 5133/5133/5133
f 5133/5133/5133 5134/5134/5134 5127/5127/5127
f 5126/5126/5126 5135/5135/5135 5136/5136/5136
f 5126/5126/5126 5136/5136/5136 5133/5133/5133
f 5137/5137/5137 5138/5138/5138 5139/5139/5139
f 5140/5140/5140 5141/5141/5141 5142/5142/5142
f 5143/5143/5143 5144/5144/5144 5145/5145/5145
f 5120/5120/5120 5119/5119/5119 5146/5146/5146
f 5137/5137/5137 5135/5135/5135 5138/5138/5138
f 5135/5135/5135 5137/5137/5137 5136/5136/5136
f 5147/5147/5147 5133/5133/5133 5136/5136/5136
f 5148/5148/5148 5147/5147/5147 5136/5136/5136
f 5144/5144/5144 5143/5143/5143 5149/5149/5149
f 5150/5150/5150 5151/5151/5151 5152/5152/5152
f 5153/5153/5153 5154/5154/5154 5155/5155/5155
f 5156/5156/5156 5157/5157/5157 5158/5158/5158
f 5159/5159/5159 5160/5160/5160 5161/5161/5161
f 5162/5162/5162 5155/5155/5155 5154/5154/5154
f 5157/5157/5157 5156/5156/5156 5163/5163/5163
f 5164/5164/5164 5162/5162/5162 5154/5154/5154
f 5157/5157/5157 5163/5163/5163 5165/5165/5165
f 2344/2344/2344 5166/5166/5166 2421/2421/2421
f 5167/5167/5167 2421/2421/2421 5166/5166/5166
f 5037/5037/5037 5036/5036/5036 5168/5168/5168
f 5169/5169/5169 5167/5167/5167 5166/5166/5166
f 5036/5036/5036 5170/5170/5170 5168/5168/5168
f 5171/5171/5171 5168/5168/5168 5170/5170/5170
f 5172/5172/5172 5173/5173/5173 5174/5174/5174
f 5175/5175/5175 2426/2426/2426 2422/2422/2422
f 5172/5172/5172 5174/5174/5174 5176/5176/5176
f 5168/5168/5168 5171/5171/5171 5177/5177/5177
f 2432/2432/2432 5178/5178/5178 5179/5179/5179
f 2432/2432/2432 5179/5179/5179 2429/2429/2429
f 5180/5180/5180 5181/5181/5181 5182/5182/5182
f 5181/5181/5181 5180/5180/5180 5183/5183/5183
f 5184/5184/5184 5185/5185/5185 5134/5134/5134
f 5133/5133/5133 5184/5184/5184 5134/5134/5134
f 5185/5185/5185 5184/5184/5184 5186/5186/5186
f 5178/5178/5178 5187/5187/5187 5179/5179/5179
f 5188/5188/5188 5189/5189/5189 5190/5190/5190
f 5191/5191/5191 5192/5192/5192 5193/5193/5193
f 5188/5188/5188 5190/5190/5190 5194/5194/5194
f 5195/5195/5195 5196/5196/5196 5197/5197/5197
f 5198/5198/5198 5179/5179/5179 5187/5187/5187
f 5199/5199/5199 5198/5198/5198 5187/5187/5187
f 5192/5192/5192 5191/5191/5191 5200/5200/5200
f 5179/5179/5179 5198/5198/5198 5201/5201/5201
f 5201/5201/5201 2429/2429/2429 5179/5179/5179
f 5198/5198/5198 5199/5199/5199 5202/5202/5202
f 5202/5202/5202 5201/5201/5201 5198/5198/5198
f 5203/5203/5203 5197/5197/5197 5196/5196/5196
f 5196/5196/5196 5204/5204/5204 5203/5203/5203
f 5205/5205/5205 5194/5194/5194 5190/5190/5190
f 5190/5190/5190 5206/5206/5206 5205/5205/5205
f 5207/5207/5207 5200/5200/5200 5191/5191/5191
f 5208/5208/5208 5202/5202/5202 5199/5199/5199
f 5200/5200/5200 5207/5207/5207 5209/5209/5209
f 5201/5201/5201 5210/5210/5210 2429/2429/2429
f 5211/5211/5211 5212/5212/5212 5210/5210/5210
f 5210/5210/5210 5201/5201/5201 5211/5211/5211
f 5212/5212/5212 5211/5211/5211 5213/5213/5213
f 2507/2507/2507 2445/2445/2445 2448/2448/2448
f 5213/5213/5213 5214/5214/5214 5212/5212/5212
f 5202/5202/5202 5211/5211/5211 5201/5201/5201
f 5211/5211/5211 5202/5202/5202 5213/5213/5213
f 5202/5202/5202 5215/5215/5215 5213/5213/5213
f 5208/5208/5208 5215/5215/5215 5202/5202/5202
f 5216/5216/5216 5146/5146/5146 5119/5119/5119
f 5119/5119/5119 5217/5217/5217 5218/5218/5218
f 5218/5218/5218 5216/5216/5216 5119/5119/5119
f 5219/5219/5219 5149/5149/5149 5143/5143/5143
f 5220/5220/5220 5221/5221/5221 5146/5146/5146
f 5216/5216/5216 5220/5220/5220 5146/5146/5146
f 5149/5149/5149 5219/5219/5219 5222/5222/5222
f 5223/5223/5223 2483/2483/2483 5224/5224/5224
f 5225/5225/5225 2482/2482/2482 5226/5226/5226
f 5227/5227/5227 5228/5228/5228 5229/5229/5229
f 5229/5229/5229 5230/5230/5230 5227/5227/5227
f 5223/5223/5223 2481/2481/2481 2483/2483/2483
f 2482/2482/2482 2519/2519/2519 5226/5226/5226
f 5231/5231/5231 2489/2489/2489 2488/2488/2488
f 2488/2488/2488 5232/5232/5232 5231/5231/5231
f 5233/5233/5233 5234/5234/5234 5235/5235/5235
f 5235/5235/5235 5236/5236/5236 5233/5233/5233
f 5232/5232/5232 5237/5237/5237 5238/5238/5238
f 5238/5238/5238 5231/5231/5231 5232/5232/5232
f 5239/5239/5239 5218/5218/5218 5217/5217/5217
f 5216/5216/5216 5218/5218/5218 5240/5240/5240
f 5241/5241/5241 5240/5240/5240 5218/5218/5218
f 5218/5218/5218 5239/5239/5239 5241/5241/5241
f 5231/5231/5231 5238/5238/5238 5242/5242/5242
f 5234/5234/5234 5243/5243/5243 5235/5235/5235
f 5240/5240/5240 5241/5241/5241 5244/5244/5244
f 5245/5245/5245 5246/5246/5246 5247/5247/5247
f 5248/5248/5248 5249/5249/5249 5250/5250/5250
f 5251/5251/5251 5252/5252/5252 5248/5248/5248
f 5247/5247/5247 5253/5253/5253 5254/5254/5254
f 5250/5250/5250 5251/5251/5251 5248/5248/5248
f 5247/5247/5247 5254/5254/5254 5245/5245/5245
f 5246/5246/5246 5245/5245/5245 5255/5255/5255
f 5256/5256/5256 5250/5250/5250 5249/5249/5249
f 5257/5257/5257 5203/5203/5203 5204/5204/5204
f 5252/5252/5252 5257/5257/5257 5204/5204/5204
f 5258/5258/5258 5253/5253/5253 5259/5259/5259
f 5214/5214/5214 5213/5213/5213 5260/5260/5260
f 5261/5261/5261 2505/2505/2505 2507/2507/2507
f 5262/5262/5262 5213/5213/5213 5215/5215/5215
f 5263/5263/5263 5262/5262/5262 5215/5215/5215
f 5215/5215/5215 5208/5208/5208 5264/5264/5264
f 5215/5215/5215 5264/5264/5264 5263/5263/5263
f 5213/5213/5213 5262/5262/5262 5260/5260/5260
f 5265/5265/5265 5260/5260/5260 5262/5262/5262
f 5266/5266/5266 5265/5265/5265 5262/5262/5262
f 5262/5262/5262 5263/5263/5263 5267/5267/5267
f 5268/5268/5268 5269/5269/5269 5270/5270/5270
f 5271/5271/5271 5226/5226/5226 2519/2519/2519
f 2519/2519/2519 2515/2515/2515 5271/5271/5271
f 5230/5230/5230 5272/5272/5272 5227/5227/5227
f 5273/5273/5273 5272/5272/5272 5230/5230/5230
f 5274/5274/5274 5273/5273/5273 5230/5230/5230
f 5275/5275/5275 5274/5274/5274 5230/5230/5230
f 5226/5226/5226 5271/5271/5271 5276/5276/5276
f 5277/5277/5277 5278/5278/5278 5279/5279/5279
f 2505/2505/2505 5261/5261/5261 5280/5280/5280
f 5281/5281/5281 5282/5282/5282 5283/5283/5283
f 5278/5278/5278 5277/5277/5277 5284/5284/5284
f 5285/5285/5285 5286/5286/5286 5287/5287/5287
f 5282/5282/5282 5288/5288/5288 5289/5289/5289
f 5284/5284/5284 5290/5290/5290 5278/5278/5278
f 5282/5282/5282 5289/5289/5289 5283/5283/5283
f 5261/5261/5261 5291/5291/5291 5280/5280/5280
f 5292/5292/5292 5280/5280/5280 5291/5291/5291
f 5265/5265/5265 5266/5266/5266 5293/5293/5293
f 5265/5265/5265 5293/5293/5293 5294/5294/5294
f 5291/5291/5291 5295/5295/5295 5292/5292/5292
f 5296/5296/5296 5205/5205/5205 5206/5206/5206
f 5206/5206/5206 5297/5297/5297 5296/5296/5296
f 5298/5298/5298 5209/5209/5209 5207/5207/5207
f 5209/5209/5209 5298/5298/5298 5299/5299/5299
f 5300/5300/5300 5301/5301/5301 5302/5302/5302
f 5303/5303/5303 5304/5304/5304 5305/5305/5305
f 5306/5306/5306 5298/5298/5298 5272/5272/5272
f 5273/5273/5273 5306/5306/5306 5272/5272/5272
f 5307/5307/5307 5308/5308/5308 5309/5309/5309
f 5310/5310/5310 5307/5307/5307 5309/5309/5309
f 5257/5257/5257 5252/5252/5252 5251/5251/5251
f 5304/5304/5304 5311/5311/5311 5305/5305/5305
f 5253/5253/5253 5258/5258/5258 5254/5254/5254
f 5306/5306/5306 5299/5299/5299 5298/5298/5298
f 5312/5312/5312 5313/5313/5313 5314/5314/5314
f 5267/5267/5267 5263/5263/5263 5264/5264/5264
f 5315/5315/5315 5305/5305/5305 5311/5311/5311
f 5316/5316/5316 5314/5314/5314 5313/5313/5313
f 5317/5317/5317 5318/5318/5318 5319/5319/5319
f 5320/5320/5320 5286/5286/5286 5321/5321/5321
f 5322/5322/5322 5270/5270/5270 5269/5269/5269
f 5307/5307/5307 5310/5310/5310 5323/5323/5323
f 5318/5318/5318 5324/5324/5324 5325/5325/5325
f 5325/5325/5325 5319/5319/5319 5318/5318/5318
f 5326/5326/5326 5325/5325/5325 5324/5324/5324
f 5274/5274/5274 5275/5275/5275 5327/5327/5327
f 5328/5328/5328 5323/5323/5323 5310/5310/5310
f 5305/5305/5305 5315/5315/5315 5329/5329/5329
f 5330/5330/5330 5331/5331/5331 5332/5332/5332
f 5245/5245/5245 5333/5333/5333 5255/5255/5255
f 5334/5334/5334 5329/5329/5329 5315/5315/5315
f 5256/5256/5256 5335/5335/5335 5250/5250/5250
f 5336/5336/5336 5332/5332/5332 5331/5331/5331
f 5334/5334/5334 5337/5337/5337 5329/5329/5329
f 5332/5332/5332 5336/5336/5336 5338/5338/5338
f 5339/5339/5339 5340/5340/5340 5341/5341/5341
f 5337/5337/5337 5334/5334/5334 5342/5342/5342
f 5286/5286/5286 5285/5285/5285 5321/5321/5321
f 5343/5343/5343 5321/5321/5321 5285/5285/5285
f 5344/5344/5344 5345/5345/5345 5346/5346/5346
f 5290/5290/5290 5284/5284/5284 5347/5347/5347
f 5290/5290/5290 5347/5347/5347 5348/5348/5348
f 5349/5349/5349 5350/5350/5350 5351/5351/5351
f 5349/5349/5349 5352/5352/5352 5350/5350/5350
f 5295/5295/5295 5353/5353/5353 5354/5354/5354
f 5354/5354/5354 5292/5292/5292 5295/5295/5295
f 5352/5352/5352 5349/5349/5349 5355/5355/5355
f 5355/5355/5355 5356/5356/5356 5352/5352/5352
f 5357/5357/5357 5358/5358/5358 5359/5359/5359
f 5360/5360/5360 5283/5283/5283 5289/5289/5289
f 5325/5325/5325 5326/5326/5326 5361/5361/5361
f 5362/5362/5362 5348/5348/5348 5347/5347/5347
f 4877/4877/4877 4876/4876/4876 5363/5363/5363
f 5364/5364/5364 5365/5365/5365 4877/4877/4877
f 4877/4877/4877 5366/5366/5366 5364/5364/5364
f 5363/5363/5363 5366/5366/5366 4877/4877/4877
f 5367/5367/5367 5161/5161/5161 5160/5160/5160
f 5160/5160/5160 5368/5368/5368 5367/5367/5367
f 5369/5369/5369 5363/5363/5363 4876/4876/4876
f 5370/5370/5370 5367/5367/5367 5368/5368/5368
f 5371/5371/5371 5372/5372/5372 5373/5373/5373
f 5374/5374/5374 5165/5165/5165 5163/5163/5163
f 5370/5370/5370 5375/5375/5375 5367/5367/5367
f 5376/5376/5376 5377/5377/5377 5378/5378/5378
f 5379/5379/5379 5376/5376/5376 5378/5378/5378
f 5376/5376/5376 5380/5380/5380 5377/5377/5377
f 5165/5165/5165 5374/5374/5374 5381/5381/5381
f 5382/5382/5382 5383/5383/5383 5384/5384/5384
f 5375/5375/5375 5370/5370/5370 5385/5385/5385
f 5386/5386/5386 5387/5387/5387 5388/5388/5388
f 5375/5375/5375 5385/5385/5385 5389/5389/5389
f 5383/5383/5383 5382/5382/5382 5390/5390/5390
f 5391/5391/5391 5390/5390/5390 5382/5382/5382
f 5392/5392/5392 5393/5393/5393 5394/5394/5394
f 5395/5395/5395 5389/5389/5389 5385/5385/5385
f 5396/5396/5396 5397/5397/5397 5398/5398/5398
f 5399/5399/5399 5400/5400/5400 5401/5401/5401
f 5389/5389/5389 5395/5395/5395 5402/5402/5402
f 5403/5403/5403 5399/5399/5399 5401/5401/5401
f 5404/5404/5404 5398/5398/5398 5397/5397/5397
f 5380/5380/5380 5376/5376/5376 5405/5405/5405
f 5406/5406/5406 5235/5235/5235 5243/5243/5243
f 5407/5407/5407 5408/5408/5408 5409/5409/5409
f 5376/5376/5376 5379/5379/5379 5410/5410/5410
f 5376/5376/5376 5410/5410/5410 5411/5411/5411
f 5376/5376/5376 5411/5411/5411 5405/5405/5405
f 5412/5412/5412 5413/5413/5413 5414/5414/5414
f 5379/5379/5379 5415/5415/5415 5410/5410/5410
f 5413/5413/5413 5416/5416/5416 5414/5414/5414
f 5417/5417/5417 5416/5416/5416 5413/5413/5413
f 5413/5413/5413 5418/5418/5418 5417/5417/5417
f 5419/5419/5419 5414/5414/5414 5416/5416/5416
f 5420/5420/5420 5421/5421/5421 5422/5422/5422
f 5423/5423/5423 5424/5424/5424 5425/5425/5425
f 5426/5426/5426 5423/5423/5423 5425/5425/5425
f 5414/5414/5414 5419/5419/5419 5427/5427/5427
f 5415/5415/5415 5428/5428/5428 5410/5410/5410
f 5421/5421/5421 5429/5429/5429 5422/5422/5422
f 5430/5430/5430 5431/5431/5431 5432/5432/5432
f 5432/5432/5432 5433/5433/5433 5434/5434/5434
f 5432/5432/5432 5434/5434/5434 5430/5430/5430
f 5435/5435/5435 5422/5422/5422 5429/5429/5429
f 5436/5436/5436 5435/5435/5435 5429/5429/5429
f 5430/5430/5430 5437/5437/5437 5431/5431/5431
f 5419/5419/5419 5438/5438/5438 5427/5427/5427
f 5439/5439/5439 5440/5440/5440 5441/5441/5441
f 5442/5442/5442 5427/5427/5427 5438/5438/5438
f 5438/5438/5438 5443/5443/5443 5442/5442/5442
f 5398/5398/5398 5404/5404/5404 5444/5444/5444
f 5445/5445/5445 5402/5402/5402 5395/5395/5395
f 5395/5395/5395 5446/5446/5446 5445/5445/5445
f 5399/5399/5399 5403/5403/5403 5447/5447/5447
f 5404/5404/5404 5448/5448/5448 5444/5444/5444
f 5447/5447/5447 5449/5449/5449 5399/5399/5399
f 5450/5450/5450 5444/5444/5444 5448/5448/5448
f 5451/5451/5451 5450/5450/5450 5448/5448/5448
f 5449/5449/5449 5447/5447/5447 5452/5452/5452
f 5449/5449/5449 5452/5452/5452 5453/5453/5453
f 5446/5446/5446 5454/5454/5454 5445/5445/5445
f 5455/5455/5455 5445/5445/5445 5454/5454/5454
f 5456/5456/5456 5455/5455/5455 5454/5454/5454
f 5450/5450/5450 5451/5451/5451 5457/5457/5457
f 5450/5450/5450 5457/5457/5457 5458/5458/5458
f 5454/5454/5454 5459/5459/5459 5456/5456/5456
f 5460/5460/5460 5453/5453/5453 5452/5452/5452
f 5461/5461/5461 5460/5460/5460 5452/5452/5452
f 5437/5437/5437 5430/5430/5430 5462/5462/5462
f 5437/5437/5437 5462/5462/5462 5463/5463/5463
f 5440/5440/5440 5464/5464/5464 5441/5441/5441
f 5411/5411/5411 5410/5410/5410 5428/5428/5428
f 5465/5465/5465 5411/5411/5411 5428/5428/5428
f 5466/5466/5466 5467/5467/5467 5468/5468/5468
f 5466/5466/5466 5468/5468/5468 5469/5469/5469
f 5470/5470/5470 5471/5471/5471 5466/5466/5466
f 5469/5469/5469 5470/5470/5470 5466/5466/5466
f 5472/5472/5472 5458/5458/5458 5457/5457/5457
f 5473/5473/5473 5472/5472/5472 5457/5457/5457
f 5460/5460/5460 5461/5461/5461 5474/5474/5474
f 5335/5335/5335 5256/5256/5256 5475/5475/5475
f 5476/5476/5476 5477/5477/5477 4500/4500/4500
f 4519/4519/4519 5476/5476/5476 4500/4500/4500
f 4511/4511/4511 5478/5478/5478 5479/5479/5479
f 5480/5480/5480 5481/5481/5481 5482/5482/5482
f 5479/5479/5479 4512/4512/4512 4511/4511/4511
f 5483/5483/5483 5484/5484/5484 5485/5485/5485
f 5486/5486/5486 5487/5487/5487 5488/5488/5488
f 4962/4962/4962 5489/5489/5489 4961/4961/4961
f 5488/5488/5488 5490/5490/5490 5486/5486/5486
f 5491/5491/5491 5479/5479/5479 5478/5478/5478
f 5492/5492/5492 5493/5493/5493 5481/5481/5481
f 5494/5494/5494 5492/5492/5492 5481/5481/5481
f 5481/5481/5481 5480/5480/5480 5495/5495/5495
f 5495/5495/5495 5494/5494/5494 5481/5481/5481
f 5487/5487/5487 5486/5486/5486 5496/5496/5496
f 5497/5497/5497 5498/5498/5498 5499/5499/5499
f 5499/5499/5499 4991/4991/4991 5497/5497/5497
f 4974/4974/4974 5500/5500/5500 5501/5501/5501
f 5501/5501/5501 4973/4973/4973 4974/4974/4974
f 5502/5502/5502 5503/5503/5503 5504/5504/5504
f 5505/5505/5505 5506/5506/5506 5507/5507/5507
f 5508/5508/5508 5509/5509/5509 5510/5510/5510
f 5503/5503/5503 5502/5502/5502 5511/5511/5511
f 5512/5512/5512 5513/5513/5513 5514/5514/5514
f 5515/5515/5515 5516/5516/5516 5517/5517/5517
f 5517/5517/5517 4708/4708/4708 4707/4707/4707
f 4707/4707/4707 5515/5515/5515 5517/5517/5517
f 5518/5518/5518 5519/5519/5519 5520/5520/5520
f 5521/5521/5521 5522/5522/5522 5523/5523/5523
f 5524/5524/5524 5525/5525/5525 5526/5526/5526
f 5527/5527/5527 5528/5528/5528 5529/5529/5529
f 5529/5529/5529 5530/5530/5530 5527/5527/5527
f 5531/5531/5531 5522/5522/5522 5532/5532/5532
f 5533/5533/5533 5511/5511/5511 5502/5502/5502
f 5532/5532/5532 5534/5534/5534 5531/5531/5531
f 5522/5522/5522 5521/5521/5521 5532/5532/5532
f 5525/5525/5525 5524/5524/5524 5535/5535/5535
f 5535/5535/5535 5536/5536/5536 5525/5525/5525
f 5499/5499/5499 4992/4992/4992 4991/4991/4991
f 5537/5537/5537 5538/5538/5538 5539/5539/5539
f 4993/4993/4993 4987/4987/4987 5540/5540/5540
f 4993/4993/4993 5540/5540/5540 5541/5541/5541
f 5542/5542/5542 5543/5543/5543 4995/4995/4995
f 4887/4887/4887 5544/5544/5544 4889/4889/4889
f 4995/4995/4995 4994/4994/4994 5542/5542/5542
f 5545/5545/5545 5546/5546/5546 5547/5547/5547
f 5547/5547/5547 5546/5546/5546 5417/5417/5417
f 5547/5547/5547 5548/5548/5548 5545/5545/5545
f 5417/5417/5417 5418/5418/5418 5547/5547/5547
f 5549/5549/5549 5550/5550/5550 5423/5423/5423
f 5426/5426/5426 5549/5549/5549 5423/5423/5423
f 5551/5551/5551 5552/5552/5552 5553/5553/5553
f 5554/5554/5554 5553/5553/5553 5552/5552/5552
f 5553/5553/5553 5554/5554/5554 5555/5555/5555
f 5556/5556/5556 5557/5557/5557 5538/5538/5538
f 5538/5538/5538 5537/5537/5537 5558/5558/5558
f 5558/5558/5558 5556/5556/5556 5538/5538/5538
f 5559/5559/5559 5545/5545/5545 5548/5548/5548
f 5560/5560/5560 5559/5559/5559 5548/5548/5548
f 5561/5561/5561 5555/5555/5555 5554/5554/5554
f 5562/5562/5562 5509/5509/5509 5508/5508/5508
f 5563/5563/5563 5564/5564/5564 5565/5565/5565
f 5566/5566/5566 5565/5565/5565 5564/5564/5564
f 5512/5512/5512 5567/5567/5567 5513/5513/5513
f 5568/5568/5568 5537/5537/5537 5569/5569/5569
f 5565/5565/5565 5566/5566/5566 5570/5570/5570
f 5565/5565/5565 5570/5570/5570 5571/5571/5571
f 5572/5572/5572 5558/5558/5558 5537/5537/5537
f 5537/5537/5537 5568/5568/5568 5572/5572/5572
f 5573/5573/5573 5574/5574/5574 5575/5575/5575
f 5462/5462/5462 5576/5576/5576 5577/5577/5577
f 5577/5577/5577 5463/5463/5463 5462/5462/5462
f 5559/5559/5559 5560/5560/5560 5578/5578/5578
f 5579/5579/5579 5580/5580/5580 5581/5581/5581
f 5556/5556/5556 5558/5558/5558 5582/5582/5582
f 5583/5583/5583 5578/5578/5578 5560/5560/5560
f 5584/5584/5584 5582/5582/5582 5558/5558/5558
f 5558/5558/5558 5572/5572/5572 5584/5584/5584
f 5567/5567/5567 5512/5512/5512 5585/5585/5585
f 5567/5567/5567 5585/5585/5585 5586/5586/5586
f 5587/5587/5587 5588/5588/5588 5589/5589/5589
f 5590/5590/5590 5591/5591/5591 5592/5592/5592
f 5593/5593/5593 5594/5594/5594 5595/5595/5595
f 5596/5596/5596 5597/5597/5597 5598/5598/5598
f 5592/5592/5592 5599/5599/5599 5590/5590/5590
f 4522/4522/4522 4582/4582/4582 5600/5600/5600
f 5601/5601/5601 4703/4703/4703 4702/4702/4702
f 4581/4581/4581 4704/4704/4704 5602/5602/5602
f 5603/5603/5603 5600/5600/5600 4582/4582/4582
f 4703/4703/4703 5601/5601/5601 5604/5604/5604
f 4704/4704/4704 5605/5605/5605 5602/5602/5602
f 5606/5606/5606 5604/5604/5604 5601/5601/5601
f 5607/5607/5607 5608/5608/5608 5609/5609/5609
f 5604/5604/5604 5606/5606/5606 5610/5610/5610
f 5611/5611/5611 5612/5612/5612 5613/5613/5613
f 5613/5613/5613 5614/5614/5614 5611/5611/5611
f 5608/5608/5608 5607/5607/5607 5615/5615/5615
f 5616/5616/5616 5610/5610/5610 5606/5606/5606
f 5608/5608/5608 5615/5615/5615 5617/5617/5617
f 5608/5608/5608 5617/5617/5617 5618/5618/5618
f 5619/5619/5619 5620/5620/5620 5621/5621/5621
f 5622/5622/5622 4732/4732/4732 4731/4731/4731
f 5623/5623/5623 5611/5611/5611 5614/5614/5614
f 5624/5624/5624 5623/5623/5623 5614/5614/5614
f 5610/5610/5610 5616/5616/5616 5625/5625/5625
f 5626/5626/5626 5618/5618/5618 5617/5617/5617
f 5623/5623/5623 5624/5624/5624 5627/5627/5627
f 5628/5628/5628 5629/5629/5629 5630/5630/5630
f 5593/5593/5593 5631/5631/5631 5594/5594/5594
f 5632/5632/5632 5633/5633/5633 5634/5634/5634
f 5629/5629/5629 5635/5635/5635 5636/5636/5636
f 5629/5629/5629 5636/5636/5636 5630/5630/5630
f 5631/5631/5631 5593/5593/5593 5637/5637/5637
f 5638/5638/5638 5639/5639/5639 5640/5640/5640
f 5641/5641/5641 5642/5642/5642 5643/5643/5643
f 5643/5643/5643 5644/5644/5644 5641/5641/5641
f 5645/5645/5645 5642/5642/5642 5646/5646/5646
f 5641/5641/5641 5646/5646/5646 5642/5642/5642
f 5583/5583/5583 5647/5647/5647 5578/5578/5578
f 5443/5443/5443 5647/5647/5647 5442/5442/5442
f 5648/5648/5648 5442/5442/5442 5647/5647/5647
f 5583/5583/5583 5648/5648/5648 5647/5647/5647
f 5468/5468/5468 5649/5649/5649 5650/5650/5650
f 5650/5650/5650 5469/5469/5469 5468/5468/5468
f 5459/5459/5459 5651/5651/5651 5652/5652/5652
f 5652/5652/5652 5456/5456/5456 5459/5459/5459
f 5653/5653/5653 5652/5652/5652 5651/5651/5651
f 5472/5472/5472 5473/5473/5473 5654/5654/5654
f 5651/5651/5651 5655/5655/5655 5653/5653/5653
f 5461/5461/5461 5656/5656/5656 5474/5474/5474
f 5657/5657/5657 5474/5474/5474 5656/5656/5656
f 5658/5658/5658 5657/5657/5657 5656/5656/5656
f 5473/5473/5473 5659/5659/5659 5654/5654/5654
f 5660/5660/5660 5654/5654/5654 5659/5659/5659
f 5661/5661/5661 5660/5660/5660 5659/5659/5659
f 5657/5657/5657 5658/5658/5658 5662/5662/5662
f 5662/5662/5662 5663/5663/5663 5657/5657/5657
f 5655/5655/5655 5664/5664/5664 5665/5665/5665
f 5665/5665/5665 5653/5653/5653 5655/5655/5655
f 5660/5660/5660 5661/5661/5661 5666/5666/5666
f 5667/5667/5667 5665/5665/5665 5664/5664/5664
f 5668/5668/5668 5669/5669/5669 5670/5670/5670
f 5663/5663/5663 5662/5662/5662 5671/5671/5671
f 5661/5661/5661 5672/5672/5672 5666/5666/5666
f 5673/5673/5673 5671/5671/5671 5662/5662/5662
f 5674/5674/5674 5675/5675/5675 5676/5676/5676
f 5677/5677/5677 5678/5678/5678 5679/5679/5679
f 5679/5679/5679 5680/5680/5680 5677/5677/5677
f 5674/5674/5674 5681/5681/5681 5675/5675/5675
f 3246/3246/3246 5682/5682/5682 5683/5683/5683
f 5683/5683/5683 3244/3244/3244 3246/3246/3246
f 5684/5684/5684 5685/5685/5685 5686/5686/5686
f 5682/5682/5682 5687/5687/5687 5683/5683/5683
f 5685/5685/5685 5688/5688/5688 5689/5689/5689
f 5689/5689/5689 5686/5686/5686 5685/5685/5685
f 5690/5690/5690 3291/3291/3291 5691/5691/5691
f 5692/5692/5692 3292/3292/3292 5693/5693/5693
f 5694/5694/5694 5695/5695/5695 5696/5696/5696
f 5693/5693/5693 5697/5697/5697 5698/5698/5698
f 5696/5696/5696 5699/5699/5699 5694/5694/5694
f 5698/5698/5698 5692/5692/5692 5693/5693/5693
f 3288/3288/3288 3292/3292/3292 5692/5692/5692
f 5700/5700/5700 3342/3342/3342 3343/3343/3343
f 5701/5701/5701 5700/5700/5700 3343/3343/3343
f 3291/3291/3291 3344/3344/3344 5691/5691/5691
f 5700/5700/5700 5701/5701/5701 5702/5702/5702
f 5703/5703/5703 5698/5698/5698 5697/5697/5697
f 5704/5704/5704 5703/5703/5703 5697/5697/5697
f 5699/5699/5699 5696/5696/5696 5705/5705/5705
f 5706/5706/5706 5707/5707/5707 5708/5708/5708
f 5701/5701/5701 5709/5709/5709 5702/5702/5702
f 5709/5709/5709 5710/5710/5710 5711/5711/5711
f 5711/5711/5711 5702/5702/5702 5709/5709/5709
f 5712/5712/5712 3332/3332/3332 3328/3328/3328
f 5713/5713/5713 3405/3405/3405 5714/5714/5714
f 5688/5688/5688 5715/5715/5715 5716/5716/5716
f 5688/5688/5688 5716/5716/5716 5689/5689/5689
f 5715/5715/5715 5717/5717/5717 5718/5718/5718
f 5718/5718/5718 5716/5716/5716 5715/5715/5715
f 5703/5703/5703 5704/5704/5704 5719/5719/5719
f 5720/5720/5720 5721/5721/5721 5722/5722/5722
f 5722/5722/5722 5723/5723/5723 5720/5720/5720
f 3405/3405/3405 3404/3404/3404 5724/5724/5724
f 5724/5724/5724 5714/5714/5714 3405/3405/3405
f 3871/3871/3871 5724/5724/5724 3404/3404/3404
f 5707/5707/5707 5706/5706/5706 5725/5725/5725
f 5704/5704/5704 5726/5726/5726 5719/5719/5719
f 5727/5727/5727 5725/5725/5725 5706/5706/5706
f 5728/5728/5728 5729/5729/5729 5730/5730/5730
f 5725/5725/5725 5727/5727/5727 5731/5731/5731
f 5732/5732/5732 5733/5733/5733 5734/5734/5734
f 5735/5735/5735 5720/5720/5720 5723/5723/5723
f 5736/5736/5736 5735/5735/5735 5723/5723/5723
f 5727/5727/5727 5737/5737/5737 5731/5731/5731
f 5738/5738/5738 5739/5739/5739 5740/5740/5740
f 5741/5741/5741 5731/5731/5731 5737/5737/5737
f 5742/5742/5742 5741/5741/5741 5737/5737/5737
f 5743/5743/5743 5744/5744/5744 5745/5745/5745
f 5739/5739/5739 5746/5746/5746 5740/5740/5740
f 5747/5747/5747 5745/5745/5745 5744/5744/5744
f 5748/5748/5748 5749/5749/5749 5750/5750/5750
f 5751/5751/5751 5749/5749/5749 5748/5748/5748
f 5752/5752/5752 5750/5750/5750 5749/5749/5749
f 5749/5749/5749 5751/5751/5751 5753/5753/5753
f 5754/5754/5754 5755/5755/5755 5756/5756/5756
f 5757/5757/5757 5758/5758/5758 5759/5759/5759
f 5760/5760/5760 5757/5757/5757 5759/5759/5759
f 5756/5756/5756 5761/5761/5761 5754/5754/5754
f 5762/5762/5762 5763/5763/5763 5764/5764/5764
f 5765/5765/5765 5764/5764/5764 5763/5763/5763
f 5766/5766/5766 3635/3635/3635 5767/5767/5767
f 5767/5767/5767 5768/5768/5768 5766/5766/5766
f 3635/3635/3635 5766/5766/5766 3681/3681/3681
f 3715/3715/3715 5769/5769/5769 5770/5770/5770
f 5770/5770/5770 5769/5769/5769 5771/5771/5771
f 5772/5772/5772 5773/5773/5773 5774/5774/5774
f 5775/5775/5775 5776/5776/5776 5777/5777/5777
f 5770/5770/5770 3712/3712/3712 3715/3715/3715
f 5778/5778/5778 5779/5779/5779 5780/5780/5780
f 5780/5780/5780 5779/5779/5779 5781/5781/5781
f 3728/3728/3728 3727/3727/3727 5782/5782/5782
f 5778/5778/5778 5783/5783/5783 5779/5779/5779
f 5784/5784/5784 5785/5785/5785 5786/5786/5786
f 5724/5724/5724 3871/3871/3871 5787/5787/5787
f 5745/5745/5745 5747/5747/5747 5788/5788/5788
f 5789/5789/5789 5740/5740/5740 5746/5746/5746
f 5746/5746/5746 5790/5790/5790 5789/5789/5789
f 5741/5741/5741 5742/5742/5742 5791/5791/5791
f 5792/5792/5792 5788/5788/5788 5747/5747/5747
f 5742/5742/5742 5793/5793/5793 5791/5791/5791
f 5794/5794/5794 5795/5795/5795 5796/5796/5796
f 5797/5797/5797 5798/5798/5798 5799/5799/5799
f 5799/5799/5799 5800/5800/5800 5797/5797/5797
f 5795/5795/5795 5794/5794/5794 5801/5801/5801
f 5802/5802/5802 5799/5799/5799 5798/5798/5798
f 5795/5795/5795 5801/5801/5801 5803/5803/5803
f 5798/5798/5798 5804/5804/5804 5802/5802/5802
f 5805/5805/5805 5806/5806/5806 5807/5807/5807
f 5807/5807/5807 5808/5808/5808 5805/5805/5805
f 5809/5809/5809 5805/5805/5805 5808/5808/5808
f 5810/5810/5810 5803/5803/5803 5801/5801/5801
f 5805/5805/5805 5809/5809/5809 5811/5811/5811
f 5812/5812/5812 5813/5813/5813 5814/5814/5814
f 5815/5815/5815 5816/5816/5816 5817/5817/5817
f 5814/5814/5814 5818/5818/5818 5812/5812/5812
f 5819/5819/5819 5820/5820/5820 5821/5821/5821
f 5822/5822/5822 5823/5823/5823 5824/5824/5824
f 5825/5825/5825 5826/5826/5826 5827/5827/5827
f 5816/5816/5816 5815/5815/5815 5828/5828/5828
f 5829/5829/5829 5830/5830/5830 5831/5831/5831
f 5832/5832/5832 5833/5833/5833 5834/5834/5834
f 5820/5820/5820 5835/5835/5835 5821/5821/5821
f 5834/5834/5834 5836/5836/5836 5832/5832/5832
f 5837/5837/5837 5838/5838/5838 5839/5839/5839
f 5840/5840/5840 5841/5841/5841 5842/5842/5842
f 5843/5843/5843 5839/5839/5839 5838/5838/5838
f 3720/3720/3720 3751/3751/3751 5844/5844/5844
f 5845/5845/5845 3721/3721/3721 3724/3724/3724
f 3724/3724/3724 5846/5846/5846 5845/5845/5845
f 5847/5847/5847 5848/5848/5848 5849/5849/5849
f 5850/5850/5850 5844/5844/5844 3751/3751/3751
f 5848/5848/5848 5851/5851/5851 5849/5849/5849
f 5852/5852/5852 5845/5845/5845 5846/5846/5846
f 5844/5844/5844 5850/5850/5850 5853/5853/5853
f 5846/5846/5846 5854/5854/5854 5852/5852/5852
f 5855/5855/5855 5849/5849/5849 5851/5851/5851
f 5856/5856/5856 5855/5855/5855 5851/5851/5851
f 5857/5857/5857 5853/5853/5853 5850/5850/5850
f 5853/5853/5853 5857/5857/5857 5858/5858/5858
f 5859/5859/5859 5852/5852/5852 5854/5854/5854
f 5854/5854/5854 5860/5860/5860 5859/5859/5859
f 5855/5855/5855 5856/5856/5856 5861/5861/5861
f 5857/5857/5857 5862/5862/5862 5858/5858/5858
f 5863/5863/5863 5861/5861/5861 5856/5856/5856
f 5864/5864/5864 5802/5802/5802 5804/5804/5804
f 5865/5865/5865 5864/5864/5864 5804/5804/5804
f 5866/5866/5866 5867/5867/5867 5860/5860/5860
f 5809/5809/5809 5861/5861/5861 5863/5863/5863
f 5863/5863/5863 5811/5811/5811 5809/5809/5809
f 5859/5859/5859 5860/5860/5860 5867/5867/5867
f 5868/5868/5868 5869/5869/5869 5870/5870/5870
f 5871/5871/5871 5872/5872/5872 5873/5873/5873
f 5874/5874/5874 5868/5868/5868 5870/5870/5870
f 5871/5871/5871 5873/5873/5873 5875/5875/5875
f 5875/5875/5875 5876/5876/5876 5871/5871/5871
f 5877/5877/5877 5878/5878/5878 5879/5879/5879
f 5880/5880/5880 5881/5881/5881 5882/5882/5882
f 5883/5883/5883 5873/5873/5873 5872/5872/5872
f 5882/5882/5882 5884/5884/5884 5880/5880/5880
f 5885/5885/5885 5886/5886/5886 5887/5887/5887
f 5887/5887/5887 5888/5888/5888 5885/5885/5885
f 5889/5889/5889 5890/5890/5890 5891/5891/5891
f 5892/5892/5892 5893/5893/5893 5894/5894/5894
f 5889/5889/5889 5891/5891/5891 5895/5895/5895
f 5896/5896/5896 5897/5897/5897 5898/5898/5898
f 5898/5898/5898 5899/5899/5899 5896/5896/5896
f 5878/5878/5878 5900/5900/5900 5879/5879/5879
f 5892/5892/5892 5901/5901/5901 5893/5893/5893
f 5902/5902/5902 5903/5903/5903 5886/5886/5886
f 5887/5887/5887 5886/5886/5886 5903/5903/5903
f 5904/5904/5904 3846/3846/3846 2820/2820/2820
f 2823/2823/2823 5904/5904/5904 2820/2820/2820
f 3852/3852/3852 5905/5905/5905 5906/5906/5906
f 3852/3852/3852 5906/5906/5906 3851/3851/3851
f 5904/5904/5904 2823/2823/2823 5907/5907/5907
f 5904/5904/5904 5907/5907/5907 3922/3922/3922
f 5908/5908/5908 3851/3851/3851 5906/5906/5906
f 2822/2822/2822 5909/5909/5909 2824/2824/2824
f 4845/4845/4845 2833/2833/2833 2835/2835/2835
f 4838/4838/4838 4845/4845/4845 2835/2835/2835
f 5910/5910/5910 3114/3114/3114 5911/5911/5911
f 5911/5911/5911 5912/5912/5912 5910/5910/5910
f 5909/5909/5909 2822/2822/2822 5913/5913/5913
f 3933/3933/3933 3922/3922/3922 5907/5907/5907
f 5913/5913/5913 5914/5914/5914 5909/5909/5909
f 5915/5915/5915 5916/5916/5916 5917/5917/5917
f 5822/5822/5822 5918/5918/5918 5823/5823/5823
f 5917/5917/5917 5919/5919/5919 5915/5915/5915
f 5843/5843/5843 5920/5920/5920 5921/5921/5921
f 5921/5921/5921 5839/5839/5839 5843/5843/5843
f 5830/5830/5830 5922/5922/5922 5831/5831/5831
f 5923/5923/5923 5924/5924/5924 4528/4528/4528
f 5925/5925/5925 4516/4516/4516 3984/3984/3984
f 4976/4976/4976 5925/5925/5925 3984/3984/3984
f 5926/5926/5926 5927/5927/5927 5928/5928/5928
f 4719/4719/4719 4528/4528/4528 5924/5924/5924
f 5929/5929/5929 5930/5930/5930 5931/5931/5931
f 5928/5928/5928 5932/5932/5932 5926/5926/5926
f 5925/5925/5925 4976/4976/4976 5933/5933/5933
f 5927/5927/5927 5934/5934/5934 5928/5928/5928
f 5529/5529/5529 5935/5935/5935 5936/5936/5936
f 5937/5937/5937 5524/5524/5524 5938/5938/5938
f 5936/5936/5936 5530/5530/5530 5529/5529/5529
f 4730/4730/4730 4727/4727/4727 5939/5939/5939
f 4730/4730/4730 5939/5939/5939 5940/5940/5940
f 5941/5941/5941 5621/5621/5621 5620/5620/5620
f 3114/3114/3114 3113/3113/3113 5942/5942/5942
f 4851/4851/4851 5911/5911/5911 3114/3114/3114
f 5942/5942/5942 4851/4851/4851 3114/3114/3114
f 3125/3125/3125 5943/5943/5943 5944/5944/5944
f 5945/5945/5945 5946/5946/5946 5947/5947/5947
f 5948/5948/5948 5949/5949/5949 5950/5950/5950
f 5951/5951/5951 5952/5952/5952 5953/5953/5953
f 5954/5954/5954 5947/5947/5947 5946/5946/5946
f 5949/5949/5949 5948/5948/5948 5955/5955/5955
f 5955/5955/5955 5956/5956/5956 5949/5949/5949
f 5957/5957/5957 5953/5953/5953 5952/5952/5952
f 5958/5958/5958 5959/5959/5959 5960/5960/5960
f 5953/5953/5953 5957/5957/5957 5961/5961/5961
f 4851/4851/4851 5942/5942/5942 5962/5962/5962
f 5962/5962/5962 4852/4852/4852 4851/4851/4851
f 5963/5963/5963 5964/5964/5964 5965/5965/5965
f 5966/5966/5966 5967/5967/5967 5968/5968/5968
f 5969/5969/5969 5963/5963/5963 5965/5965/5965
f 5966/5966/5966 5968/5968/5968 5970/5970/5970
f 5970/5970/5970 5971/5971/5971 5966/5966/5966
f 5965/5965/5965 5972/5972/5972 5969/5969/5969
f 5964/5964/5964 5960/5960/5960 5959/5959/5959
f 5956/5956/5956 5955/5955/5955 5968/5968/5968
f 5968/5968/5968 5967/5967/5967 5956/5956/5956
f 5943/5943/5943 3125/3125/3125 5973/5973/5973
f 5942/5942/5942 5974/5974/5974 5962/5962/5962
f 5975/5975/5975 5961/5961/5961 5957/5957/5957
f 5960/5960/5960 5964/5964/5964 5963/5963/5963
f 5957/5957/5957 5976/5976/5976 5975/5975/5975
f 5977/5977/5977 5975/5975/5975 5976/5976/5976
f 5978/5978/5978 5977/5977/5977 5976/5976/5976
f 3125/3125/3125 3134/3134/3134 5973/5973/5973
f 5979/5979/5979 5973/5973/5973 3134/3134/3134
f 3192/3192/3192 5979/5979/5979 3134/3134/3134
f 5973/5973/5973 5979/5979/5979 5980/5980/5980
f 5981/5981/5981 5962/5962/5962 5974/5974/5974
f 5980/5980/5980 5982/5982/5982 5973/5973/5973
f 5983/5983/5983 5984/5984/5984 5985/5985/5985
f 5979/5979/5979 3192/3192/3192 5986/5986/5986
f 5985/5985/5985 5987/5987/5987 5983/5983/5983
f 5988/5988/5988 5989/5989/5989 5990/5990/5990
f 5991/5991/5991 5992/5992/5992 5993/5993/5993
f 5994/5994/5994 5995/5995/5995 5996/5996/5996
f 5997/5997/5997 5998/5998/5998 5999/5999/5999
f 5997/5997/5997 5999/5999/5999 6000/6000/6000
f 6001/6001/6001 5990/5990/5990 5989/5989/5989
f 6002/6002/6002 6003/6003/6003 6004/6004/6004
f 5991/5991/5991 6005/6005/6005 5992/5992/5992
f 6006/6006/6006 6007/6007/6007 6008/6008/6008
f 6009/6009/6009 5996/5996/5996 5995/5995/5995
f 6010/6010/6010 6011/6011/6011 6006/6006/6006
f 6006/6006/6006 6008/6008/6008 6010/6010/6010
f 6003/6003/6003 6002/6002/6002 6012/6012/6012
f 6013/6013/6013 6014/6014/6014 6015/6015/6015
f 6016/6016/6016 6017/6017/6017 6018/6018/6018
f 6014/6014/6014 6013/6013/6013 6019/6019/6019
f 6018/6018/6018 6020/6020/6020 6016/6016/6016
f 6021/6021/6021 6022/6022/6022 6023/6023/6023
f 6024/6024/6024 6025/6025/6025 6026/6026/6026
f 6027/6027/6027 6028/6028/6028 6029/6029/6029
f 4937/4937/4937 5971/5971/5971 6030/6030/6030
f 6031/6031/6031 5972/5972/5972 6032/6032/6032
f 6032/6032/6032 6033/6033/6033 6031/6031/6031
f 6030/6030/6030 4936/4936/4936 4937/4937/4937
f 5970/5970/5970 6030/6030/6030 5971/5971/5971
f 5972/5972/5972 6031/6031/6031 5969/5969/5969
f 6034/6034/6034 6035/6035/6035 6036/6036/6036
f 6034/6034/6034 6036/6036/6036 6037/6037/6037
f 5977/5977/5977 6037/6037/6037 6036/6036/6036
f 4852/4852/4852 5962/5962/5962 6038/6038/6038
f 6037/6037/6037 5977/5977/5977 5978/5978/5978
f 6039/6039/6039 6038/6038/6038 5962/5962/5962
f 5981/5981/5981 6039/6039/6039 5962/5962/5962
f 6040/6040/6040 4980/4980/4980 4979/4979/4979
f 4984/4984/4984 4945/4945/4945 6041/6041/6041
f 4984/4984/4984 6041/6041/6041 6042/6042/6042
f 6043/6043/6043 6044/6044/6044 6045/6045/6045
f 6045/6045/6045 6046/6046/6046 6043/6043/6043
f 4980/4980/4980 6040/6040/6040 6047/6047/6047
f 6048/6048/6048 6041/6041/6041 4945/4945/4945
f 4945/4945/4945 4953/4953/4953 6048/6048/6048
f 6049/6049/6049 6050/6050/6050 6051/6051/6051
f 6052/6052/6052 6053/6053/6053 6049/6049/6049
f 6051/6051/6051 6052/6052/6052 6049/6049/6049
f 4953/4953/4953 6054/6054/6054 6048/6048/6048
f 6039/6039/6039 5981/5981/5981 6055/6055/6055
f 6056/6056/6056 6057/6057/6057 6058/6058/6058
f 6056/6056/6056 6058/6058/6058 6059/6059/6059
f 6060/6060/6060 6061/6061/6061 6050/6050/6050
f 6062/6062/6062 6063/6063/6063 6064/6064/6064
f 6065/6065/6065 6058/6058/6058 6057/6057/6057
f 6057/6057/6057 6066/6066/6066 6065/6065/6065
f 6067/6067/6067 6068/6068/6068 6062/6062/6062
f 6069/6069/6069 6070/6070/6070 6058/6058/6058
f 6058/6058/6058 6065/6065/6065 6071/6071/6071
f 6058/6058/6058 6071/6071/6071 6069/6069/6069
f 6051/6051/6051 6050/6050/6050 6061/6061/6061
f 6063/6063/6063 6062/6062/6062 6072/6072/6072
f 6073/6073/6073 6051/6051/6051 6061/6061/6061
f 6072/6072/6072 6062/6062/6062 6068/6068/6068
f 6074/6074/6074 6075/6075/6075 6068/6068/6068
f 6068/6068/6068 6075/6075/6075 6072/6072/6072
f 6076/6076/6076 6074/6074/6074 6068/6068/6068
f 6077/6077/6077 6078/6078/6078 6079/6079/6079
f 6080/6080/6080 6081/6081/6081 6082/6082/6082
f 6083/6083/6083 6084/6084/6084 6085/6085/6085
f 6085/6085/6085 6086/6086/6086 6083/6083/6083
f 6087/6087/6087 6088/6088/6088 6080/6080/6080
f 6082/6082/6082 6087/6087/6087 6080/6080/6080
f 6077/6077/6077 6089/6089/6089 6078/6078/6078
f 6078/6078/6078 6089/6089/6089 6090/6090/6090
f 6081/6081/6081 6091/6091/6091 6092/6092/6092
f 6081/6081/6081 6092/6092/6092 6082/6082/6082
f 6093/6093/6093 6094/6094/6094 6095/6095/6095
f 6096/6096/6096 6090/6090/6090 6089/6089/6089
f 6097/6097/6097 6098/6098/6098 6099/6099/6099
f 6093/6093/6093 6095/6095/6095 6100/6100/6100
f 6101/6101/6101 6102/6102/6102 6103/6103/6103
f 6104/6104/6104 6105/6105/6105 6106/6106/6106
f 6090/6090/6090 6096/6096/6096 6107/6107/6107
f 6108/6108/6108 6092/6092/6092 6091/6091/6091
f 6109/6109/6109 6108/6108/6108 6091/6091/6091
f 6096/6096/6096 6110/6110/6110 6107/6107/6107
f 6111/6111/6111 6112/6112/6112 6113/6113/6113
f 6114/6114/6114 6115/6115/6115 6116/6116/6116
f 6117/6117/6117 6118/6118/6118 6119/6119/6119
f 6112/6112/6112 6111/6111/6111 6120/6120/6120
f 6121/6121/6121 6117/6117/6117 6119/6119/6119
f 5987/5987/5987 6122/6122/6122 5236/5236/5236
f 5236/5236/5236 5235/5235/5235 5987/5987/5987
f 5983/5983/5983 5987/5987/5987 5235/5235/5235
f 5235/5235/5235 5406/5406/5406 5983/5983/5983
f 6123/6123/6123 6124/6124/6124 6125/6125/6125
f 2515/2515/2515 6126/6126/6126 5271/5271/5271
f 6127/6127/6127 6128/6128/6128 6129/6129/6129
f 6130/6130/6130 6131/6131/6131 6132/6132/6132
f 6133/6133/6133 6134/6134/6134 6135/6135/6135
f 2539/2539/2539 2538/2538/2538 6136/6136/6136
f 6137/6137/6137 3195/3195/3195 3193/3193/3193
f 6138/6138/6138 6139/6139/6139 6140/6140/6140
f 6140/6140/6140 6141/6141/6141 6138/6138/6138
f 6124/6124/6124 6123/6123/6123 6142/6142/6142
f 6143/6143/6143 6144/6144/6144 6145/6145/6145
f 6146/6146/6146 6147/6147/6147 6148/6148/6148
f 6149/6149/6149 6150/6150/6150 6151/6151/6151
f 3195/3195/3195 6137/6137/6137 6152/6152/6152
f 6123/6123/6123 6153/6153/6153 6142/6142/6142
f 6146/6146/6146 6154/6154/6154 6147/6147/6147
f 5271/5271/5271 6155/6155/6155 5276/5276/5276
f 6134/6134/6134 6133/6133/6133 6156/6156/6156
f 6157/6157/6157 5276/5276/5276 6155/6155/6155
f 2553/2553/2553 2552/2552/2552 6158/6158/6158
f 6158/6158/6158 6159/6159/6159 2553/2553/2553
f 2551/2551/2551 6160/6160/6160 3201/3201/3201
f 2536/2536/2536 2540/2540/2540 6161/6161/6161
f 2536/2536/2536 6161/6161/6161 6162/6162/6162
f 3202/3202/3202 6163/6163/6163 3203/3203/3203
f 5360/5360/5360 6164/6164/6164 5283/5283/5283
f 6165/6165/6165 6162/6162/6162 6161/6161/6161
f 6163/6163/6163 3202/3202/3202 6166/6166/6166
f 6163/6163/6163 6166/6166/6166 6167/6167/6167
f 6168/6168/6168 6169/6169/6169 6170/6170/6170
f 6171/6171/6171 3201/3201/3201 6160/6160/6160
f 6172/6172/6172 6173/6173/6173 6174/6174/6174
f 6169/6169/6169 6175/6175/6175 6170/6170/6170
f 6165/6165/6165 6176/6176/6176 6162/6162/6162
f 6177/6177/6177 6170/6170/6170 6175/6175/6175
f 6178/6178/6178 6179/6179/6179 6180/6180/6180
f 6181/6181/6181 6182/6182/6182 6183/6183/6183
f 6184/6184/6184 6167/6167/6167 6166/6166/6166
f 6185/6185/6185 6186/6186/6186 6187/6187/6187
f 6164/6164/6164 5360/5360/5360 6188/6188/6188
f 6187/6187/6187 6189/6189/6189 6185/6185/6185
f 6190/6190/6190 6152/6152/6152 6137/6137/6137
f 6191/6191/6191 6192/6192/6192 6193/6193/6193
f 6194/6194/6194 6142/6142/6142 6153/6153/6153
f 6154/6154/6154 6146/6146/6146 6195/6195/6195
f 6196/6196/6196 5327/5327/5327 5275/5275/5275
f 5327/5327/5327 6196/6196/6196 6197/6197/6197
f 6198/6198/6198 5361/5361/5361 5326/5326/5326
f 6199/6199/6199 6197/6197/6197 6196/6196/6196
f 6198/6198/6198 6200/6200/6200 5361/5361/5361
f 5360/5360/5360 6201/6201/6201 6188/6188/6188
f 6202/6202/6202 6203/6203/6203 6204/6204/6204
f 6205/6205/6205 6206/6206/6206 6207/6207/6207
f 6208/6208/6208 6209/6209/6209 6210/6210/6210
f 6210/6210/6210 6211/6211/6211 6208/6208/6208
f 6199/6199/6199 6212/6212/6212 6197/6197/6197
f 6213/6213/6213 6209/6209/6209 6214/6214/6214
f 6212/6212/6212 6199/6199/6199 6215/6215/6215
f 6216/6216/6216 6217/6217/6217 6218/6218/6218
f 6209/6209/6209 6219/6219/6219 6210/6210/6210
f 6213/6213/6213 6219/6219/6219 6209/6209/6209
f 6220/6220/6220 6221/6221/6221 6222/6222/6222
f 6219/6219/6219 6213/6213/6213 6223/6223/6223
f 6222/6222/6222 6224/6224/6224 6220/6220/6220
f 6225/6225/6225 6185/6185/6185 6189/6189/6189
f 6189/6189/6189 6226/6226/6226 6225/6225/6225
f 6227/6227/6227 6225/6225/6225 6226/6226/6226
f 6228/6228/6228 6229/6229/6229 6230/6230/6230
f 6231/6231/6231 6232/6232/6232 5408/5408/5408
f 5408/5408/5408 5407/5407/5407 6231/6231/6231
f 5470/5470/5470 6233/6233/6233 5471/5471/5471
f 5470/5470/5470 5469/5469/5469 6234/6234/6234
f 5650/5650/5650 6234/6234/6234 5469/5469/5469
f 6235/6235/6235 6236/6236/6236 6237/6237/6237
f 6238/6238/6238 6237/6237/6237 6236/6236/6236
f 6237/6237/6237 6238/6238/6238 6239/6239/6239
f 6240/6240/6240 6241/6241/6241 6242/6242/6242
f 6243/6243/6243 6239/6239/6239 6238/6238/6238
f 6238/6238/6238 6244/6244/6244 6243/6243/6243
f 6245/6245/6245 6242/6242/6242 6241/6241/6241
f 6244/6244/6244 6246/6246/6246 6243/6243/6243
f 6247/6247/6247 6248/6248/6248 6249/6249/6249
f 6250/6250/6250 6251/6251/6251 6252/6252/6252
f 6253/6253/6253 6254/6254/6254 6255/6255/6255
f 6256/6256/6256 6257/6257/6257 6258/6258/6258
f 6259/6259/6259 6243/6243/6243 6246/6246/6246
f 6260/6260/6260 6259/6259/6259 6246/6246/6246
f 6257/6257/6257 6261/6261/6261 6258/6258/6258
f 6262/6262/6262 6263/6263/6263 6264/6264/6264
f 6261/6261/6261 6265/6265/6265 6258/6258/6258
f 6213/6213/6213 6266/6266/6266 6223/6223/6223
f 6267/6267/6267 6268/6268/6268 6269/6269/6269
f 6270/6270/6270 6223/6223/6223 6266/6266/6266
f 6271/6271/6271 6272/6272/6272 6273/6273/6273
f 6274/6274/6274 6275/6275/6275 6276/6276/6276
f 6277/6277/6277 6278/6278/6278 6279/6279/6279
f 6280/6280/6280 6281/6281/6281 6282/6282/6282
f 6283/6283/6283 6284/6284/6284 6224/6224/6224
f 6224/6224/6224 6284/6284/6284 6220/6220/6220
f 6285/6285/6285 6286/6286/6286 6287/6287/6287
f 6288/6288/6288 6279/6279/6279 6278/6278/6278
f 6289/6289/6289 6290/6290/6290 6291/6291/6291
f 6278/6278/6278 6292/6292/6292 6288/6288/6288
f 6293/6293/6293 6294/6294/6294 6295/6295/6295
f 6296/6296/6296 6291/6291/6291 6290/6290/6290
f 6297/6297/6297 6298/6298/6298 6299/6299/6299
f 6300/6300/6300 6301/6301/6301 6302/6302/6302
f 6303/6303/6303 6304/6304/6304 6305/6305/6305
f 6306/6306/6306 6299/6299/6299 6298/6298/6298
f 6307/6307/6307 6308/6308/6308 6309/6309/6309
f 6304/6304/6304 6310/6310/6310 6305/6305/6305
f 6311/6311/6311 6312/6312/6312 6313/6313/6313
f 6314/6314/6314 6305/6305/6305 6310/6310/6310
f 6312/6312/6312 6311/6311/6311 6315/6315/6315
f 6316/6316/6316 6317/6317/6317 6318/6318/6318
f 6319/6319/6319 6320/6320/6320 6321/6321/6321
f 6322/6322/6322 6320/6320/6320 6323/6323/6323
f 6324/6324/6324 6322/6322/6322 6323/6323/6323
f 6325/6325/6325 6326/6326/6326 6327/6327/6327
f 6328/6328/6328 6324/6324/6324 6323/6323/6323
f 6322/6322/6322 6321/6321/6321 6320/6320/6320
f 6326/6326/6326 6329/6329/6329 6327/6327/6327
f 6330/6330/6330 6327/6327/6327 6329/6329/6329
f 6324/6324/6324 6328/6328/6328 6331/6331/6331
f 6332/6332/6332 6330/6330/6330 6329/6329/6329
f 6333/6333/6333 6334/6334/6334 6335/6335/6335
f 6336/6336/6336 6337/6337/6337 6338/6338/6338
f 6339/6339/6339 6340/6340/6340 6341/6341/6341
f 6342/6342/6342 6343/6343/6343 6344/6344/6344
f 6345/6345/6345 6334/6334/6334 6333/6333/6333
f 6346/6346/6346 6342/6342/6342 6344/6344/6344
f 6347/6347/6347 6348/6348/6348 6349/6349/6349
f 6347/6347/6347 6349/6349/6349 6350/6350/6350
f 6351/6351/6351 6352/6352/6352 6353/6353/6353
f 6354/6354/6354 6355/6355/6355 6356/6356/6356
f 6342/6342/6342 6346/6346/6346 6357/6357/6357
f 6358/6358/6358 6359/6359/6359 6360/6360/6360
f 6339/6339/6339 6361/6361/6361 6340/6340/6340
f 6361/6361/6361 6339/6339/6339 6362/6362/6362
f 6363/6363/6363 6364/6364/6364 6365/6365/6365
f 6366/6366/6366 6367/6367/6367 6368/6368/6368
f 6354/6354/6354 6369/6369/6369 6355/6355/6355
f 6339/6339/6339 6370/6370/6370 6362/6362/6362
f 6371/6371/6371 6372/6372/6372 6373/6373/6373
f 6374/6374/6374 6047/6047/6047 6040/6040/6040
f 6375/6375/6375 6374/6374/6374 6040/6040/6040
f 5585/5585/5585 6376/6376/6376 6377/6377/6377
f 6378/6378/6378 6379/6379/6379 6380/6380/6380
f 6380/6380/6380 6381/6381/6381 6378/6378/6378
f 6046/6046/6046 6045/6045/6045 6382/6382/6382
f 5934/5934/5934 6383/6383/6383 5928/5928/5928
f 6045/6045/6045 6384/6384/6384 6382/6382/6382
f 6385/6385/6385 6386/6386/6386 6387/6387/6387
f 6388/6388/6388 6389/6389/6389 6390/6390/6390
f 6385/6385/6385 6387/6387/6387 6391/6391/6391
f 6087/6087/6087 6388/6388/6388 6390/6390/6390
f 6083/6083/6083 6086/6086/6086 6392/6392/6392
f 6390/6390/6390 6088/6088/6088 6087/6087/6087
f 6374/6374/6374 6375/6375/6375 6393/6393/6393
f 6394/6394/6394 6395/6395/6395 6396/6396/6396
f 6397/6397/6397 6387/6387/6387 6386/6386/6386
f 6398/6398/6398 6397/6397/6397 6386/6386/6386
f 6388/6388/6388 6399/6399/6399 6389/6389/6389
f 5524/5524/5524 5937/5937/5937 5535/5535/5535
f 6400/6400/6400 6401/6401/6401 6375/6375/6375
f 5512/5512/5512 6376/6376/6376 5585/5585/5585
f 6393/6393/6393 6375/6375/6375 6401/6401/6401
f 6402/6402/6402 6395/6395/6395 6403/6403/6403
f 6403/6403/6403 6404/6404/6404 6402/6402/6402
f 6395/6395/6395 6402/6402/6402 6396/6396/6396
f 5535/5535/5535 6405/6405/6405 5536/5536/5536
f 5937/5937/5937 6406/6406/6406 6405/6405/6405
f 5535/5535/5535 5937/5937/5937 6405/6405/6405
f 6407/6407/6407 6378/6378/6378 6381/6381/6381
f 6408/6408/6408 6407/6407/6407 6381/6381/6381
f 5572/5572/5572 6409/6409/6409 5584/5584/5584
f 6410/6410/6410 6411/6411/6411 6412/6412/6412
f 6410/6410/6410 6412/6412/6412 6413/6413/6413
f 6413/6413/6413 6102/6102/6102 6410/6410/6410
f 6411/6411/6411 6414/6414/6414 6415/6415/6415
f 6415/6415/6415 6412/6412/6412 6411/6411/6411
f 6399/6399/6399 6388/6388/6388 6416/6416/6416
f 6417/6417/6417 6415/6415/6415 6414/6414/6414
f 6399/6399/6399 6416/6416/6416 6418/6418/6418
f 6418/6418/6418 6419/6419/6419 6399/6399/6399
f 6415/6415/6415 6417/6417/6417 6420/6420/6420
f 6421/6421/6421 6422/6422/6422 6423/6423/6423
f 6424/6424/6424 6421/6421/6421 6423/6423/6423
f 6419/6419/6419 6418/6418/6418 6425/6425/6425
f 6426/6426/6426 6420/6420/6420 6417/6417/6417
f 6419/6419/6419 6425/6425/6425 6427/6427/6427
f 6426/6426/6426 6428/6428/6428 6420/6420/6420
f 6428/6428/6428 6426/6426/6426 6429/6429/6429
f 6430/6430/6430 6427/6427/6427 6425/6425/6425
f 6425/6425/6425 6431/6431/6431 6430/6430/6430
f 6432/6432/6432 6429/6429/6429 6426/6426/6426
f 6433/6433/6433 6434/6434/6434 6435/6435/6435
f 6436/6436/6436 6437/6437/6437 6438/6438/6438
f 6439/6439/6439 6440/6440/6440 6441/6441/6441
f 6442/6442/6442 6443/6443/6443 6444/6444/6444
f 6437/6437/6437 6445/6445/6445 6438/6438/6438
f 6446/6446/6446 6444/6444/6444 6443/6443/6443
f 6439/6439/6439 6447/6447/6447 6440/6440/6440
f 6431/6431/6431 6448/6448/6448 6449/6449/6449
f 6449/6449/6449 6430/6430/6430 6431/6431/6431
f 6450/6450/6450 6449/6449/6449 6448/6448/6448
f 6451/6451/6451 6450/6450/6450 6448/6448/6448
f 6450/6450/6450 6451/6451/6451 6452/6452/6452
f 6450/6450/6450 6452/6452/6452 6453/6453/6453
f 6454/6454/6454 6453/6453/6453 6452/6452/6452
f 6455/6455/6455 6454/6454/6454 6452/6452/6452
f 6456/6456/6456 6457/6457/6457 6458/6458/6458
f 6454/6454/6454 6455/6455/6455 6459/6459/6459
f 6460/6460/6460 6456/6456/6456 6458/6458/6458
f 6461/6461/6461 6462/6462/6462 6463/6463/6463
f 6464/6464/6464 6465/6465/6465 6466/6466/6466
f 6467/6467/6467 6468/6468/6468 6469/6469/6469
f 6470/6470/6470 6471/6471/6471 6462/6462/6462
f 6462/6462/6462 6471/6471/6471 6463/6463/6463
f 6464/6464/6464 6472/6472/6472 6465/6465/6465
f 6102/6102/6102 6413/6413/6413 6103/6103/6103
f 6108/6108/6108 6109/6109/6109 6473/6473/6473
f 6474/6474/6474 6473/6473/6473 6109/6109/6109
f 6473/6473/6473 6474/6474/6474 6475/6475/6475
f 6111/6111/6111 6476/6476/6476 6120/6120/6120
f 6477/6477/6477 6475/6475/6475 6474/6474/6474
f 6117/6117/6117 6121/6121/6121 6478/6478/6478
f 6479/6479/6479 6120/6120/6120 6476/6476/6476
f 6480/6480/6480 6479/6479/6479 6476/6476/6476
f 6475/6475/6475 6477/6477/6477 6481/6481/6481
f 6121/6121/6121 6482/6482/6482 6478/6478/6478
f 6483/6483/6483 6478/6478/6478 6482/6482/6482
f 6479/6479/6479 6480/6480/6480 6484/6484/6484
f 6485/6485/6485 6483/6483/6483 6482/6482/6482
f 6486/6486/6486 6481/6481/6481 6477/6477/6477
f 6481/6481/6481 6486/6486/6486 6487/6487/6487
f 6480/6480/6480 6488/6488/6488 6484/6484/6484
f 6489/6489/6489 6487/6487/6487 6486/6486/6486
f 6483/6483/6483 6485/6485/6485 6490/6490/6490
f 6483/6483/6483 6490/6490/6490 6491/6491/6491
f 6492/6492/6492 6484/6484/6484 6488/6488/6488
f 6493/6493/6493 6492/6492/6492 6488/6488/6488
f 6487/6487/6487 6489/6489/6489 6494/6494/6494
f 6455/6455/6455 6495/6495/6495 6459/6459/6459
f 5616/5616/5616 6496/6496/6496 5625/5625/5625
f 5626/5626/5626 6497/6497/6497 5618/5618/5618
f 6498/6498/6498 5625/5625/5625 6496/6496/6496
f 6497/6497/6497 5626/5626/5626 6499/6499/6499
f 6500/6500/6500 6498/6498/6498 6496/6496/6496
f 6499/6499/6499 6501/6501/6501 6497/6497/6497
f 6496/6496/6496 6502/6502/6502 6500/6500/6500
f 6503/6503/6503 6504/6504/6504 6505/6505/6505
f 6506/6506/6506 6507/6507/6507 6508/6508/6508
f 6503/6503/6503 6505/6505/6505 6509/6509/6509
f 6510/6510/6510 6506/6506/6506 6508/6508/6508
f 6508/6508/6508 6511/6511/6511 6510/6510/6510
f 6509/6509/6509 6512/6512/6512 6503/6503/6503
f 6513/6513/6513 6505/6505/6505 6504/6504/6504
f 6507/6507/6507 6506/6506/6506 6514/6514/6514
f 6514/6514/6514 6515/6515/6515 6507/6507/6507
f 6504/6504/6504 6516/6516/6516 6513/6513/6513
f 6517/6517/6517 6518/6518/6518 6519/6519/6519
f 6519/6519/6519 6518/6518/6518 6520/6520/6520
f 6521/6521/6521 6517/6517/6517 6519/6519/6519
f 6522/6522/6522 6523/6523/6523 6513/6513/6513
f 6524/6524/6524 6525/6525/6525 6526/6526/6526
f 6527/6527/6527 6524/6524/6524 6526/6526/6526
f 6515/6515/6515 6527/6527/6527 6526/6526/6526
f 6513/6513/6513 6516/6516/6516 6522/6522/6522
f 6472/6472/6472 6464/6464/6464 6528/6528/6528
f 6472/6472/6472 6528/6528/6528 6529/6529/6529
f 6527/6527/6527 6515/6515/6515 6514/6514/6514
f 6528/6528/6528 6530/6530/6530 6529/6529/6529
f 6518/6518/6518 6531/6531/6531 6520/6520/6520
f 5622/5622/5622 6532/6532/6532 4732/4732/4732
f 6532/6532/6532 5622/5622/5622 6533/6533/6533
f 6512/6512/6512 5940/5940/5940 5939/5939/5939
f 6533/6533/6533 6534/6534/6534 6532/6532/6532
f 5621/5621/5621 5941/5941/5941 6535/6535/6535
f 6536/6536/6536 5940/5940/5940 6512/6512/6512
f 6535/6535/6535 5941/5941/5941 6537/6537/6537
f 6536/6536/6536 6512/6512/6512 6509/6509/6509
f 6531/6531/6531 6535/6535/6535 6537/6537/6537
f 6520/6520/6520 6531/6531/6531 6537/6537/6537
f 6511/6511/6511 6538/6538/6538 6510/6510/6510
f 6539/6539/6539 5627/5627/5627 5624/5624/5624
f 5627/5627/5627 6539/6539/6539 6540/6540/6540
f 6541/6541/6541 6540/6540/6540 6539/6539/6539
f 6422/6422/6422 6421/6421/6421 6542/6542/6542
f 6542/6542/6542 6543/6543/6543 6422/6422/6422
f 5639/5639/5639 6544/6544/6544 5640/5640/5640
f 6545/6545/6545 6546/6546/6546 6547/6547/6547
f 6548/6548/6548 6545/6545/6545 6547/6547/6547
f 6549/6549/6549 6550/6550/6550 6551/6551/6551
f 6551/6551/6551 6552/6552/6552 6549/6549/6549
f 6545/6545/6545 6553/6553/6553 6546/6546/6546
f 5635/5635/5635 6554/6554/6554 5636/5636/5636
f 6545/6545/6545 6548/6548/6548 6555/6555/6555
f 6501/6501/6501 6499/6499/6499 6556/6556/6556
f 6556/6556/6556 6445/6445/6445 6501/6501/6501
f 6502/6502/6502 6444/6444/6444 6500/6500/6500
f 6541/6541/6541 6557/6557/6557 6540/6540/6540
f 6558/6558/6558 6559/6559/6559 6560/6560/6560
f 6561/6561/6561 6562/6562/6562 6563/6563/6563
f 6564/6564/6564 6565/6565/6565 6566/6566/6566
f 6559/6559/6559 6558/6558/6558 6567/6567/6567
f 6568/6568/6568 6569/6569/6569 6570/6570/6570
f 6571/6571/6571 6572/6572/6572 6573/6573/6573
f 6574/6574/6574 6575/6575/6575 6576/6576/6576
f 6564/6564/6564 6577/6577/6577 6565/6565/6565
f 6575/6575/6575 6574/6574/6574 6578/6578/6578
f 6569/6569/6569 6579/6579/6579 6570/6570/6570
f 6577/6577/6577 6564/6564/6564 6580/6580/6580
f 6581/6581/6581 6582/6582/6582 6583/6583/6583
f 6584/6584/6584 6585/6585/6585 6586/6586/6586
f 6572/6572/6572 6571/6571/6571 6587/6587/6587
f 6588/6588/6588 6580/6580/6580 6564/6564/6564
f 6589/6589/6589 6590/6590/6590 6591/6591/6591
f 6592/6592/6592 6593/6593/6593 6594/6594/6594
f 6592/6592/6592 6595/6595/6595 6593/6593/6593
f 6444/6444/6444 6446/6446/6446 6500/6500/6500
f 6445/6445/6445 6556/6556/6556 6438/6438/6438
f 6439/6439/6439 6596/6596/6596 6447/6447/6447
f 6597/6597/6597 6557/6557/6557 6541/6541/6541
f 6598/6598/6598 6599/6599/6599 6600/6600/6600
f 6601/6601/6601 6602/6602/6602 6603/6603/6603
f 6604/6604/6604 6598/6598/6598 6600/6600/6600
f 6595/6595/6595 6592/6592/6592 6605/6605/6605
f 6606/6606/6606 6591/6591/6591 6590/6590/6590
f 6605/6605/6605 6607/6607/6607 6595/6595/6595
f 6608/6608/6608 6609/6609/6609 6610/6610/6610
f 6611/6611/6611 6612/6612/6612 6613/6613/6613
f 6614/6614/6614 6615/6615/6615 6616/6616/6616
f 6617/6617/6617 6618/6618/6618 6619/6619/6619
f 6620/6620/6620 5666/5666/5666 5672/5672/5672
f 5671/5671/5671 5673/5673/5673 6621/6621/6621
f 6621/6621/6621 6622/6622/6622 5671/5671/5671
f 5672/5672/5672 6623/6623/6623 6620/6620/6620
f 6624/6624/6624 5670/5670/5670 5669/5669/5669
f 6624/6624/6624 6625/6625/6625 5670/5670/5670
f 6622/6622/6622 6621/6621/6621 6626/6626/6626
f 6627/6627/6627 6620/6620/6620 6623/6623/6623
f 6628/6628/6628 6627/6627/6627 6623/6623/6623
f 6626/6626/6626 6629/6629/6629 6622/6622/6622
f 6625/6625/6625 6624/6624/6624 6630/6630/6630
f 6631/6631/6631 6632/6632/6632 6633/6633/6633
f 6627/6627/6627 6628/6628/6628 6634/6634/6634
f 6635/6635/6635 6633/6633/6633 6632/6632/6632
f 6636/6636/6636 6637/6637/6637 6629/6629/6629
f 6628/6628/6628 6638/6638/6638 6634/6634/6634
f 6629/6629/6629 6626/6626/6626 6636/6636/6636
f 6639/6639/6639 6640/6640/6640 6641/6641/6641
f 6642/6642/6642 6634/6634/6634 6638/6638/6638
f 6641/6641/6641 6643/6643/6643 6639/6639/6639
f 6638/6638/6638 6644/6644/6644 6642/6642/6642
f 6635/6635/6635 6645/6645/6645 6633/6633/6633
f 6645/6645/6645 6635/6635/6635 6646/6646/6646
f 6646/6646/6646 6647/6647/6647 6645/6645/6645
f 6643/6643/6643 6641/6641/6641 6648/6648/6648
f 6649/6649/6649 6642/6642/6642 6644/6644/6644
f 6648/6648/6648 6650/6650/6650 6643/6643/6643
f 6644/6644/6644 6651/6651/6651 6649/6649/6649
f 6647/6647/6647 6646/6646/6646 6652/6652/6652
f 6652/6652/6652 6653/6653/6653 6647/6647/6647
f 6650/6650/6650 6648/6648/6648 6654/6654/6654
f 6651/6651/6651 6655/6655/6655 6649/6649/6649
f 6652/6652/6652 6656/6656/6656 6653/6653/6653
f 6657/6657/6657 6658/6658/6658 6659/6659/6659
f 6660/6660/6660 6661/6661/6661 6662/6662/6662
f 6663/6663/6663 6664/6664/6664 6665/6665/6665
f 6666/6666/6666 6667/6667/6667 6668/6668/6668
f 6669/6669/6669 6670/6670/6670 6671/6671/6671
f 6672/6672/6672 6673/6673/6673 6674/6674/6674
f 6675/6675/6675 6676/6676/6676 6677/6677/6677
f 6677/6677/6677 6678/6678/6678 6675/6675/6675
f 6679/6679/6679 6680/6680/6680 6681/6681/6681
f 6682/6682/6682 6683/6683/6683 6684/6684/6684
f 6667/6667/6667 6666/6666/6666 6685/6685/6685
f 6666/6666/6666 6686/6686/6686 6685/6685/6685
f 6680/6680/6680 6687/6687/6687 6681/6681/6681
f 6688/6688/6688 6689/6689/6689 6690/6690/6690
f 6691/6691/6691 6692/6692/6692 6693/6693/6693
f 6694/6694/6694 6691/6691/6691 6693/6693/6693
f 6689/6689/6689 6688/6688/6688 6695/6695/6695
f 6696/6696/6696 6697/6697/6697 6698/6698/6698
f 6699/6699/6699 6700/6700/6700 6701/6701/6701
f 6701/6701/6701 6702/6702/6702 6699/6699/6699
f 6328/6328/6328 6703/6703/6703 6331/6331/6331
f 6330/6330/6330 6332/6332/6332 6704/6704/6704
f 6705/6705/6705 6331/6331/6331 6703/6703/6703
f 6330/6330/6330 6704/6704/6704 6706/6706/6706
f 6705/6705/6705 6707/6707/6707 6331/6331/6331
f 6708/6708/6708 6706/6706/6706 6704/6704/6704
f 6707/6707/6707 6705/6705/6705 6709/6709/6709
f 6710/6710/6710 6708/6708/6708 6704/6704/6704
f 6711/6711/6711 6712/6712/6712 6713/6713/6713
f 6714/6714/6714 6715/6715/6715 6716/6716/6716
f 6717/6717/6717 6713/6713/6713 6712/6712/6712
f 6718/6718/6718 6719/6719/6719 6720/6720/6720
f 6485/6485/6485 6721/6721/6721 6490/6490/6490
f 6722/6722/6722 6490/6490/6490 6721/6721/6721
f 6492/6492/6492 6493/6493/6493 6723/6723/6723
f 6723/6723/6723 6724/6724/6724 6492/6492/6492
f 6717/6717/6717 6725/6725/6725 6713/6713/6713
f 6725/6725/6725 6717/6717/6717 6726/6726/6726
f 6727/6727/6727 6728/6728/6728 6729/6729/6729
f 6729/6729/6729 6730/6730/6730 6727/6727/6727
f 6731/6731/6731 6726/6726/6726 6717/6717/6717
f 6456/6456/6456 6460/6460/6460 6732/6732/6732
f 6733/6733/6733 6459/6459/6459 6495/6495/6495
f 6495/6495/6495 6734/6734/6734 6733/6733/6733
f 6735/6735/6735 6736/6736/6736 6737/6737/6737
f 6738/6738/6738 6739/6739/6739 6740/6740/6740
f 6741/6741/6741 6742/6742/6742 6743/6743/6743
f 6744/6744/6744 6745/6745/6745 6746/6746/6746
f 6747/6747/6747 6748/6748/6748 6749/6749/6749
f 6750/6750/6750 6751/6751/6751 6752/6752/6752
f 6753/6753/6753 6754/6754/6754 6755/6755/6755
f 6742/6742/6742 6756/6756/6756 6743/6743/6743
f 6757/6757/6757 6758/6758/6758 6759/6759/6759
f 6760/6760/6760 6761/6761/6761 6762/6762/6762
f 6763/6763/6763 6764/6764/6764 6765/6765/6765
f 6766/6766/6766 6767/6767/6767 6768/6768/6768
f 6763/6763/6763 6769/6769/6769 6764/6764/6764
f 6767/6767/6767 6770/6770/6770 6768/6768/6768
f 6771/6771/6771 6772/6772/6772 6773/6773/6773
f 6763/6763/6763 6774/6774/6774 6769/6769/6769
f 6750/6750/6750 6775/6775/6775 6751/6751/6751
f 6770/6770/6770 6776/6776/6776 6768/6768/6768
f 6777/6777/6777 6778/6778/6778 6779/6779/6779
f 6780/6780/6780 6781/6781/6781 6782/6782/6782
f 6776/6776/6776 6783/6783/6783 6768/6768/6768
f 6763/6763/6763 6784/6784/6784 6774/6774/6774
f 6785/6785/6785 6491/6491/6491 6490/6490/6490
f 6490/6490/6490 6722/6722/6722 6785/6785/6785
f 6786/6786/6786 6494/6494/6494 6489/6489/6489
f 6724/6724/6724 6723/6723/6723 6787/6787/6787
f 6788/6788/6788 6785/6785/6785 6722/6722/6722
f 6722/6722/6722 6789/6789/6789 6788/6788/6788
f 6790/6790/6790 6787/6787/6787 6723/6723/6723
f 6789/6789/6789 6791/6791/6791 6788/6788/6788
f 6792/6792/6792 6793/6793/6793 6787/6787/6787
f 6787/6787/6787 6790/6790/6790 6792/6792/6792
f 6794/6794/6794 6788/6788/6788 6791/6791/6791
f 6795/6795/6795 6794/6794/6794 6791/6791/6791
f 6791/6791/6791 6796/6796/6796 6795/6795/6795
f 6796/6796/6796 6797/6797/6797 6795/6795/6795
f 6798/6798/6798 6799/6799/6799 6800/6800/6800
f 6800/6800/6800 6799/6799/6799 6801/6801/6801
f 6802/6802/6802 6727/6727/6727 6730/6730/6730
f 6803/6803/6803 6804/6804/6804 6805/6805/6805
f 6805/6805/6805 6806/6806/6806 6803/6803/6803
f 6727/6727/6727 6802/6802/6802 6807/6807/6807
f 6802/6802/6802 6808/6808/6808 6809/6809/6809
f 6805/6805/6805 6810/6810/6810 6806/6806/6806
f 6802/6802/6802 6809/6809/6809 6807/6807/6807
f 6811/6811/6811 6810/6810/6810 6812/6812/6812
f 6813/6813/6813 6808/6808/6808 6814/6814/6814
f 6811/6811/6811 6812/6812/6812 6815/6815/6815
f 6816/6816/6816 6813/6813/6813 6814/6814/6814
f 6814/6814/6814 6817/6817/6817 6816/6816/6816
f 6813/6813/6813 6809/6809/6809 6808/6808/6808
f 6805/6805/6805 6812/6812/6812 6810/6810/6810
f 6818/6818/6818 6816/6816/6816 6817/6817/6817
f 6819/6819/6819 6820/6820/6820 6821/6821/6821
f 6820/6820/6820 6819/6819/6819 6822/6822/6822
f 6823/6823/6823 6733/6733/6733 6734/6734/6734
f 6820/6820/6820 6822/6822/6822 6824/6824/6824
f 6823/6823/6823 6825/6825/6825 6733/6733/6733
f 6826/6826/6826 6739/6739/6739 6738/6738/6738
f 6827/6827/6827 6828/6828/6828 6829/6829/6829
f 1614/1614/1614 1612/1612/1612 6830/6830/6830
f 6831/6831/6831 6832/6832/6832 6833/6833/6833
f 6834/6834/6834 6835/6835/6835 6836/6836/6836
f 6837/6837/6837 6838/6838/6838 6839/6839/6839
f 6840/6840/6840 6841/6841/6841 6842/6842/6842
f 6241/6241/6241 6843/6843/6843 6844/6844/6844
f 6241/6241/6241 6240/6240/6240 6843/6843/6843
f 6845/6845/6845 6846/6846/6846 6847/6847/6847
f 6848/6848/6848 6849/6849/6849 6850/6850/6850
f 6851/6851/6851 6852/6852/6852 6853/6853/6853
f 6854/6854/6854 6855/6855/6855 6856/6856/6856
f 6857/6857/6857 6326/6326/6326 6325/6325/6325
f 6824/6824/6824 6822/6822/6822 6858/6858/6858
f 6822/6822/6822 6859/6859/6859 6858/6858/6858
f 6860/6860/6860 6861/6861/6861 6862/6862/6862
f 6863/6863/6863 6864/6864/6864 6865/6865/6865
f 6866/6866/6866 6867/6867/6867 6868/6868/6868
f 6869/6869/6869 6793/6793/6793 6792/6792/6792
f 6870/6870/6870 6815/6815/6815 6871/6871/6871
f 6870/6870/6870 6872/6872/6872 6815/6815/6815
f 6872/6872/6872 6811/6811/6811 6815/6815/6815
f 336/336/336 318/318/318 314/314/314
f 336/336/336 335/335/335 318/318/318
f 335/335/335 330/330/330 318/318/318
f 335/335/335 339/339/339 330/330/330
f 318/318/318 317/317/317 314/314/314
f 317/317/317 312/312/312 314/314/314
f 317/317/317 316/316/316 312/312/312
f 447/447/447 450/450/450 316/316/316
f 447/447/447 448/448/448 450/450/450
f 447/447/447 446/446/446 448/448/448
f 446/446/446 457/457/457 448/448/448
f 446/446/446 454/454/454 457/457/457
f 6873/6873/6873 6874/6874/6874 6875/6875/6875
f 6876/6876/6876 6877/6877/6877 6878/6878/6878
f 6877/6877/6877 6879/6879/6879 6878/6878/6878
f 6876/6876/6876 6880/6880/6880 6877/6877/6877
f 6880/6880/6880 6881/6881/6881 6877/6877/6877
f 6881/6881/6881 6882/6882/6882 6877/6877/6877
f 6881/6881/6881 6883/6883/6883 6882/6882/6882
f 6883/6883/6883 6884/6884/6884 6882/6882/6882
f 6883/6883/6883 6885/6885/6885 6884/6884/6884
f 6877/6877/6877 6886/6886/6886 6879/6879/6879
f 6886/6886/6886 6887/6887/6887 6879/6879/6879
f 6886/6886/6886 6888/6888/6888 6887/6887/6887
f 6888/6888/6888 6889/6889/6889 6887/6887/6887
f 6889/6889/6889 6890/6890/6890 6887/6887/6887
f 6889/6889/6889 6891/6891/6891 6890/6890/6890
f 6891/6891/6891 6892/6892/6892 6890/6890/6890
f 6893/6893/6893 6894/6894/6894 6895/6895/6895
f 6893/6893/6893 6896/6896/6896 6894/6894/6894
f 6893/6893/6893 6897/6897/6897 6896/6896/6896
f 6893/6893/6893 6898/6898/6898 6897/6897/6897
f 6893/6893/6893 6899/6899/6899 6898/6898/6898
f 6899/6899/6899 6900/6900/6900 6898/6898/6898
f 6899/6899/6899 6901/6901/6901 6900/6900/6900
f 6901/6901/6901 6902/6902/6902 6900/6900/6900
f 6901/6901/6901 6903/6903/6903 6902/6902/6902
f 6903/6903/6903 6904/6904/6904 6902/6902/6902
f 6903/6903/6903 6905/6905/6905 6904/6904/6904
f 328/328/328 324/324/324 323/323/323
f 328/328/328 327/327/327 324/324/324
f 328/328/328 458/458/458 327/327/327
f 458/458/458 460/460/460 327/327/327
f 460/460/460 434/434/434 327/327/327
f 460/460/460 443/443/443 434/434/434
f 443/443/443 432/432/432 434/434/434
f 443/443/443 440/440/440 432/432/432
f 440/440/440 430/430/430 432/432/432
f 440/440/440 437/437/437 430/430/430
f 437/437/437 436/436/436 430/430/430
f 6906/6906/6906 6907/6907/6907 6908/6908/6908
f 6907/6907/6907 6909/6909/6909 6908/6908/6908
f 6906/6906/6906 6910/6910/6910 6907/6907/6907
f 6910/6910/6910 6911/6911/6911 6907/6907/6907
f 6910/6910/6910 6912/6912/6912 6911/6911/6911
f 6910/6910/6910 6913/6913/6913 6912/6912/6912
f 6910/6910/6910 6914/6914/6914 6913/6913/6913
f 6914/6914/6914 6915/6915/6915 6913/6913/6913
f 6915/6915/6915 6916/6916/6916 6913/6913/6913
f 6916/6916/6916 6917/6917/6917 6913/6913/6913
f 6916/6916/6916 6918/6918/6918 6917/6917/6917
f 6916/6916/6916 6919/6919/6919 6918/6918/6918
f 1068/1068/1068 1063/1063/1063 1059/1059/1059
f 1068/1068/1068 1069/1069/1069 1063/1063/1063
f 1069/1069/1069 1071/1071/1071 1063/1063/1063
f 1069/1069/1069 6920/6920/6920 1071/1071/1071
f 1073/1073/1073 1075/1075/1075 6921/6921/6921
f 1087/1087/1087 1086/1086/1086 6922/6922/6922
f 1086/1086/1086 6923/6923/6923 6922/6922/6922
f 1100/1100/1100 6924/6924/6924 6925/6925/6925
f 1100/1100/1100 1102/1102/1102 6924/6924/6924
f 1112/1112/1112 1114/1114/1114 6926/6926/6926
f 6927/6927/6927 6928/6928/6928 6929/6929/6929
f 6930/6930/6930 6931/6931/6931 6932/6932/6932
f 6933/6933/6933 6934/6934/6934 6935/6935/6935
f 6934/6934/6934 6936/6936/6936 6935/6935/6935
f 6934/6934/6934 6937/6937/6937 6936/6936/6936
f 6933/6933/6933 6938/6938/6938 6934/6934/6934
f 6938/6938/6938 6939/6939/6939 6934/6934/6934
f 6940/6940/6940 6941/6941/6941 6942/6942/6942
f 6943/6943/6943 6944/6944/6944 6945/6945/6945
f 6946/6946/6946 6947/6947/6947 6948/6948/6948
f 6947/6947/6947 6949/6949/6949 6948/6948/6948
f 6950/6950/6950 6951/6951/6951 6952/6952/6952
f 1085/1085/1085 1090/1090/1090 6953/6953/6953
f 6954/6954/6954 6955/6955/6955 6956/6956/6956
f 1106/1106/1106 1105/1105/1105 6957/6957/6957
f 1105/1105/1105 6958/6958/6958 6957/6957/6957
f 3222/3222/3222 3294/3294/3294 3220/3220/3220
f 3222/3222/3222 3252/3252/3252 3294/3294/3294
f 3252/3252/3252 3264/3264/3264 3294/3294/3294
f 3252/3252/3252 3262/3262/3262 3264/3264/3264
f 3252/3252/3252 3247/3247/3247 3262/3262/3262
f 3247/3247/3247 3250/3250/3250 3262/3262/3262
f 3294/3294/3294 3276/3276/3276 3220/3220/3220
f 3276/3276/3276 3272/3272/3272 3220/3220/3220
f 3272/3272/3272 3218/3218/3218 3220/3220/3220
f 3272/3272/3272 3235/3235/3235 3218/3218/3218
f 3272/3272/3272 3278/3278/3278 3235/3235/3235
f 3272/3272/3272 3274/3274/3274 3278/3278/3278
f 6959/6959/6959 6960/6960/6960 6961/6961/6961
f 6959/6959/6959 6962/6962/6962 6960/6960/6960
f 6963/6963/6963 6964/6964/6964 6965/6965/6965
f 6960/6960/6960 6966/6966/6966 6961/6961/6961
f 6966/6966/6966 6967/6967/6967 6961/6961/6961
f 6967/6967/6967 6968/6968/6968 6961/6961/6961
f 6968/6968/6968 6969/6969/6969 6961/6961/6961
f 6968/6968/6968 6970/6970/6970 6969/6969/6969
f 6968/6968/6968 6971/6971/6971 6970/6970/6970
f 6968/6968/6968 6972/6972/6972 6971/6971/6971
f 6972/6972/6972 6973/6973/6973 6971/6971/6971
f 6973/6973/6973 6974/6974/6974 6971/6971/6971
f 6975/6975/6975 6976/6976/6976 6977/6977/6977
f 6976/6976/6976 6978/6978/6978 6977/6977/6977
f 6975/6975/6975 6979/6979/6979 6976/6976/6976
f 6979/6979/6979 6980/6980/6980 6976/6976/6976
f 6980/6980/6980 6981/6981/6981 6976/6976/6976
f 6981/6981/6981 6982/6982/6982 6976/6976/6976
f 6983/6983/6983 6984/6984/6984 6985/6985/6985
f 3267/3267/3267 3271/3271/3271 3227/3227/3227
f 3267/3267/3267 3255/3255/3255 3271/3271/3271
f 3255/3255/3255 3259/3259/3259 3271/3271/3271
f 3259/3259/3259 3269/3269/3269 3271/3271/3271
f 3271/3271/3271 3223/3223/3223 3227/3227/3227
f 6986/6986/6986 6987/6987/6987 6988/6988/6988
f 6986/6986/6986 6989/6989/6989 6987/6987/6987
f 6990/6990/6990 6991/6991/6991 6992/6992/6992
f 6990/6990/6990 6993/6993/6993 6991/6991/6991
f 6993/6993/6993 6994/6994/6994 6991/6991/6991
f 6994/6994/6994 6995/6995/6995 6991/6991/6991
f 6994/6994/6994 6996/6996/6996 6995/6995/6995
f 6996/6996/6996 6997/6997/6997 6995/6995/6995
f 6996/6996/6996 6998/6998/6998 6997/6997/6997
f 6998/6998/6998 6999/6999/6999 6997/6997/6997
f 6998/6998/6998 7000/7000/7000 6999/6999/6999
f 6998/6998/6998 7001/7001/7001 7000/7000/7000
f 6998/6998/6998 7002/7002/7002 7001/7001/7001
f 6998/6998/6998 7003/7003/7003 7002/7002/7002
f 7003/7003/7003 7004/7004/7004 7002/7002/7002
f 7003/7003/7003 7005/7005/7005 7004/7004/7004
f 7005/7005/7005 7006/7006/7006 7004/7004/7004
f 4548/4548/4548 7007/7007/7007 4549/4549/4549
f 7008/7008/7008 4542/4542/4542 4541/4541/4541
f 4560/4560/4560 4559/4559/4559 4536/4536/4536
f 4559/4559/4559 4544/4544/4544 4536/4536/4536
f 7009/7009/7009 4556/4556/4556 4555/4555/4555
f 4548/4548/4548 4552/4552/4552 4562/4562/4562
f 4552/4552/4552 4554/4554/4554 4562/4562/4562
f 4637/4637/4637 4626/4626/4626 4554/4554/4554
f 4637/4637/4637 4643/4643/4643 4626/4626/4626
f 4643/4643/4643 4631/4631/4631 4626/4626/4626
f 7010/7010/7010 7011/7011/7011 7012/7012/7012
f 7013/7013/7013 7014/7014/7014 7015/7015/7015
f 7016/7016/7016 7017/7017/7017 7018/7018/7018
f 7019/7019/7019 7020/7020/7020 7021/7021/7021
f 7022/7022/7022 7023/7023/7023 7024/7024/7024
f 7019/7019/7019 7025/7025/7025 7020/7020/7020
f 7025/7025/7025 7026/7026/7026 7020/7020/7020
f 7026/7026/7026 7027/7027/7027 7020/7020/7020
f 7026/7026/7026 7028/7028/7028 7027/7027/7027
f 7028/7028/7028 7029/7029/7029 7027/7027/7027
f 7028/7028/7028 7030/7030/7030 7029/7029/7029
f 7030/7030/7030 7031/7031/7031 7029/7029/7029
f 7032/7032/7032 7033/7033/7033 7034/7034/7034
f 7035/7035/7035 7036/7036/7036 7037/7037/7037
f 4578/4578/4578 4579/4579/4579 4575/4575/4575
f 4579/4579/4579 4572/4572/4572 4575/4575/4575
f 4578/4578/4578 7038/7038/7038 4579/4579/4579
f 4578/4578/4578 4674/4674/4674 7038/7038/7038
f 4578/4578/4578 7039/7039/7039 4674/4674/4674
f 7039/7039/7039 4675/4675/4675 4674/4674/4674
f 7039/7039/7039 7040/7040/7040 4675/4675/4675
f 7040/7040/7040 4685/4685/4685 4675/4675/4675
f 4646/4646/4646 4677/4677/4677 4689/4689/4689
f 4677/4677/4677 4690/4690/4690 4689/4689/4689
f 4679/4679/4679 4681/4681/4681 4683/4683/4683
f 6432/6432/6432 7041/7041/7041 6429/6429/6429
f 7042/7042/7042 7043/7043/7043 7044/7044/7044
f 7045/7045/7045 7046/7046/7046 7047/7047/7047
f 7046/7046/7046 7048/7048/7048 7047/7047/7047
f 6449/6449/6449 6450/6450/6450 6453/6453/6453
f 7048/7048/7048 6457/6457/6457 7047/7047/7047
f 7049/7049/7049 7050/7050/7050 7051/7051/7051
f 7048/7048/7048 6458/6458/6458 6457/6457/6457
