mtllib Frostcrag-Ice-Colossus.mtl
o Frostcrag-Ice-Colossus-Mesh
g Frostcrag-Ice-Colossus-Mesh
v -0.395508 -0.225586 0.075195
v -0.387695 -0.266602 0.094727
v -0.391602 -0.260742 0.098633
v -0.391602 -0.260742 0.098633
v -0.387695 -0.266602 0.094727
v -0.368164 -0.243164 0.125977
v -0.391602 -0.260742 0.098633
v -0.37793 -0.206055 0.112305
v -0.395508 -0.223633 0.083008
v -0.374023 -0.243164 0.125977
v -0.395508 -0.223633 0.083008
v -0.368164 -0.243164 0.125977
v -0.374023 -0.243164 0.125977
v -0.391602 -0.260742 0.098633
v -0.360352 -0.260742 0.081055
v -0.37207 -0.297852 0.104492
v -0.387695 -0.266602 0.094727
v -0.37207 -0.297852 0.104492
v -0.358398 -0.233398 0.061523
v -0.360352 -0.260742 0.081055
v -0.387695 -0.266602 0.094727
v -0.387695 -0.266602 0.094727
v -0.395508 -0.225586 0.075195
v -0.358398 -0.233398 0.061523
v -0.37793 -0.299805 0.084961
v -0.393555 -0.266602 0.084961
v -0.411133 -0.280273 0.040039
v -0.364258 -0.262695 0.067383
v -0.393555 -0.266602 0.084961
v -0.37793 -0.299805 0.084961
v -0.395508 -0.311523 0.043945
v -0.37793 -0.299805 0.084961
v -0.395508 -0.311523 0.043945
v -0.364258 -0.338867 0.041992
v -0.350586 -0.327148 0.077148
v -0.334961 -0.303711 0.063477
v -0.350586 -0.327148 0.077148
v -0.352539 -0.28418 0.067383
v -0.393555 -0.266602 0.084961
v -0.399414 -0.264648 0.081055
v -0.411133 -0.280273 0.040039
v -0.40332 -0.227539 0.073242
v -0.399414 -0.264648 0.081055
v -0.393555 -0.266602 0.084961
v -0.358398 -0.233398 0.061523
v -0.395508 -0.225586 0.075195
v -0.395508 -0.225586 0.075195
v -0.415039 -0.274414 0.045898
v -0.40332 -0.227539 0.073242
v -0.415039 -0.274414 0.045898
v -0.399414 -0.264648 0.081055
v -0.37207 -0.295898 0.012695
v -0.407227 -0.28418 0.02832
v -0.389648 -0.31543 0.024414
v -0.389648 -0.31543 0.024414
v -0.407227 -0.28418 0.02832
v -0.405273 -0.317383 -0.016602
v -0.366211 -0.331055 0.014648
v -0.366211 -0.331055 0.014648
v -0.420898 -0.239258 0.030273
v -0.411133 -0.280273 0.040039
v -0.415039 -0.274414 0.045898
v -0.415039 -0.274414 0.045898
v -0.422852 -0.237305 0.040039
v -0.422852 -0.237305 0.040039
v -0.379883 -0.274414 0.02832
v -0.395508 -0.311523 0.043945
v -0.411133 -0.280273 0.040039
v -0.420898 -0.239258 0.030273
v -0.415039 -0.282227 0.026367
v -0.407227 -0.28418 0.02832
v -0.426758 -0.241211 0.026367
v -0.422852 -0.286133 -0.014648
v -0.407227 -0.28418 0.02832
v -0.415039 -0.282227 0.026367
v -0.415039 -0.282227 0.026367
v -0.426758 -0.241211 0.026367
v -0.426758 -0.282227 -0.008789
v -0.426758 -0.282227 -0.008789
v -0.381836 -0.274414 0.014648
v -0.379883 -0.24707 0.016602
v -0.420898 -0.239258 0.030273
v -0.420898 -0.239258 0.030273
v -0.422852 -0.286133 -0.014648
v -0.405273 -0.317383 -0.016602
v -0.407227 -0.28418 0.02832
v -0.368164 -0.295898 0.030273
v -0.364258 -0.338867 0.041992
v -0.379883 -0.274414 0.02832
v -0.364258 -0.262695 0.067383
v -0.368164 -0.295898 0.030273
v -0.358398 -0.233398 0.061523
v -0.364258 -0.262695 0.067383
v -0.379883 -0.274414 0.02832
v -0.379883 -0.24707 0.016602
v -0.379883 -0.24707 0.016602
v -0.381836 -0.274414 0.014648
v -0.37207 -0.295898 0.012695
v -0.385742 -0.299805 -0.026367
v -0.397461 -0.27832 -0.026367
v -0.381836 -0.274414 0.014648
v -0.381836 -0.274414 0.014648
v -0.385742 -0.299805 -0.026367
v -0.397461 -0.27832 -0.026367
v -0.249023 -0.483398 0.135742
v -0.250977 -0.483398 0.12793
v -0.250977 -0.49707 0.125977
v -0.250977 -0.49707 0.125977
v -0.250977 -0.483398 0.12793
v -0.245117 -0.49707 0.100586
v -0.250977 -0.49707 0.125977
v -0.24707 -0.49707 0.133789
v -0.249023 -0.483398 0.135742
v -0.219727 -0.49707 0.124023
v -0.24707 -0.49707 0.133789
v -0.250977 -0.49707 0.125977
v -0.245117 -0.49707 0.100586
v -0.24707 -0.469727 0.124023
v -0.250977 -0.483398 0.118164
v -0.250977 -0.483398 0.118164
v -0.37207 -0.297852 0.104492
v -0.325195 -0.303711 0.129883
v -0.356445 -0.27832 0.135742
v -0.356445 -0.27832 0.135742
v -0.325195 -0.303711 0.129883
v -0.31543 -0.282227 0.114258
v -0.356445 -0.27832 0.135742
v -0.333008 -0.266602 0.116211
v -0.344727 -0.241211 0.110352
v -0.368164 -0.243164 0.125977
v -0.325195 -0.303711 0.129883
v -0.336914 -0.321289 0.100586
v -0.327148 -0.317383 0.102539
v -0.336914 -0.321289 0.100586
v -0.319336 -0.305664 0.120117
v -0.325195 -0.303711 0.129883
v -0.319336 -0.305664 0.120117
v -0.31543 -0.282227 0.114258
v -0.266602 -0.49707 0.110352
v -0.268555 -0.483398 0.110352
v -0.268555 -0.49707 0.104492
v -0.256836 -0.49707 0.118164
v -0.268555 -0.483398 0.110352
v -0.266602 -0.49707 0.110352
v -0.266602 -0.49707 0.110352
v -0.268555 -0.49707 0.104492
v -0.256836 -0.49707 0.118164
v -0.270508 -0.485352 0.104492
v -0.266602 -0.473633 0.104492
v -0.250977 -0.47168 0.116211
v -0.256836 -0.483398 0.120117
v -0.256836 -0.483398 0.120117
v -0.268555 -0.49707 0.104492
v -0.270508 -0.485352 0.104492
v -0.266602 -0.49707 0.088867
v -0.266602 -0.49707 0.088867
v -0.268555 -0.483398 0.09082
v -0.268555 -0.483398 0.09082
v -0.266602 -0.473633 0.104492
v -0.250977 -0.47168 0.116211
v -0.241211 -0.463867 0.086914
v -0.241211 -0.463867 0.086914
v -0.268555 -0.483398 0.09082
v -0.266602 -0.473633 0.104492
v -0.256836 -0.49707 0.118164
v -0.25293 -0.49707 0.118164
v -0.256836 -0.483398 0.120117
v -0.25293 -0.49707 0.118164
v -0.250977 -0.483398 0.120117
v -0.245117 -0.49707 0.100586
v -0.250977 -0.483398 0.120117
v -0.25293 -0.49707 0.118164
v -0.250977 -0.47168 0.116211
v -0.245117 -0.483398 0.102539
v -0.250977 -0.47168 0.116211
v -0.241211 -0.463867 0.086914
v -0.245117 -0.483398 0.102539
v -0.241211 -0.463867 0.086914
v -0.241211 -0.463867 0.086914
v -0.258789 -0.49707 0.063477
v -0.258789 -0.49707 0.063477
v -0.124023 -0.499023 0.104492
v -0.260742 -0.483398 0.063477
v -0.25293 -0.469727 0.073242
v -0.260742 -0.483398 0.063477
v -0.268555 -0.483398 0.09082
v -0.24707 -0.463867 0.081055
v -0.241211 -0.463867 0.086914
v -0.24707 -0.463867 0.081055
v -0.268555 -0.483398 0.09082
v -0.254883 -0.483398 0.024414
v -0.250977 -0.49707 0.026367
v -0.250977 -0.49707 0.026367
v -0.125977 -0.499023 0.049805
v -0.254883 -0.475586 0.05957
v -0.25293 -0.477539 0.041992
v -0.254883 -0.483398 0.024414
v -0.25293 -0.469727 0.073242
v -0.254883 -0.459961 0.071289
v -0.254883 -0.475586 0.05957
v -0.24707 -0.463867 0.081055
v -0.254883 -0.459961 0.071289
v -0.25293 -0.469727 0.073242
v -0.256836 -0.463867 0.05957
v -0.24707 -0.446289 0.069336
v -0.256836 -0.463867 0.05957
v -0.254883 -0.459961 0.071289
v -0.24707 -0.458008 0.083008
v -0.24707 -0.458008 0.083008
v -0.256836 -0.46582 0.043945
v -0.25293 -0.477539 0.041992
v -0.249023 -0.473633 0.02832
v -0.249023 -0.473633 0.02832
v -0.254883 -0.483398 0.024414
v -0.25293 -0.477539 0.041992
v -0.24707 -0.444336 0.047852
v -0.256836 -0.46582 0.043945
v -0.24707 -0.444336 0.047852
v -0.25293 -0.463867 0.030273
v -0.256836 -0.46582 0.043945
v -0.25293 -0.463867 0.030273
v -0.229492 -0.49707 -0.024414
v -0.229492 -0.49707 -0.024414
v -0.254883 -0.483398 0.024414
v -0.249023 -0.473633 0.02832
v -0.237305 -0.459961 0.018555
v -0.233398 -0.481445 -0.030273
v -0.233398 -0.481445 -0.030273
v -0.245117 -0.452148 0.026367
v -0.237305 -0.459961 0.018555
v -0.249023 -0.473633 0.02832
v -0.25293 -0.463867 0.030273
v -0.245117 -0.452148 0.026367
v -0.352539 -0.334961 0.045898
v -0.342773 -0.329102 0.06543
v -0.350586 -0.327148 0.077148
v -0.350586 -0.327148 0.077148
v -0.342773 -0.329102 0.06543
v -0.334961 -0.317383 0.05957
v -0.334961 -0.303711 0.063477
v -0.350586 -0.327148 0.077148
v -0.364258 -0.338867 0.041992
v -0.352539 -0.334961 0.045898
v -0.327148 -0.299805 0.086914
v -0.327148 -0.317383 0.102539
v -0.336914 -0.321289 0.100586
v -0.336914 -0.321289 0.100586
v -0.344727 -0.286133 0.086914
v -0.327148 -0.299805 0.086914
v -0.321289 -0.307617 0.09668
v -0.319336 -0.305664 0.120117
v -0.327148 -0.317383 0.102539
v -0.321289 -0.307617 0.09668
v -0.342773 -0.329102 0.06543
v -0.352539 -0.334961 0.045898
v -0.344727 -0.323242 0.038086
v -0.334961 -0.317383 0.05957
v -0.344727 -0.286133 0.086914
v -0.360352 -0.260742 0.081055
v -0.344727 -0.241211 0.110352
v -0.333008 -0.266602 0.116211
v -0.31543 -0.282227 0.114258
v -0.327148 -0.299805 0.086914
v -0.352539 -0.28418 0.067383
v -0.352539 -0.28418 0.067383
v -0.334961 -0.303711 0.063477
v -0.368164 -0.295898 0.030273
v -0.34082 -0.208008 0.09668
v -0.344727 -0.241211 0.110352
v -0.360352 -0.260742 0.081055
v -0.31543 -0.295898 0.112305
v -0.31543 -0.295898 0.112305
v -0.327148 -0.299805 0.086914
v -0.31543 -0.282227 0.114258
v -0.348633 -0.31543 0.02832
v -0.334961 -0.303711 0.063477
v -0.348633 -0.31543 0.02832
v -0.348633 -0.31543 0.02832
v -0.352539 -0.334961 0.045898
v -0.364258 -0.338867 0.041992
v -0.348633 -0.31543 0.02832
v -0.344727 -0.323242 0.038086
v -0.366211 -0.331055 0.014648
v -0.362305 -0.331055 0.00293
v -0.358398 -0.307617 0.006836
v -0.381836 -0.334961 -0.022461
v -0.362305 -0.331055 0.00293
v -0.358398 -0.307617 0.006836
v -0.356445 -0.319336 -0.000977
v -0.358398 -0.307617 0.006836
v -0.362305 -0.331055 0.00293
v -0.370117 -0.334961 -0.018555
v -0.362305 -0.331055 0.00293
v -0.370117 -0.334961 -0.018555
v -0.366211 -0.321289 -0.022461
v -0.356445 -0.319336 -0.000977
v -0.37207 -0.295898 0.012695
v -0.358398 -0.307617 0.006836
v -0.385742 -0.299805 -0.026367
v -0.37207 -0.311523 -0.02832
v -0.358398 -0.307617 0.006836
v -0.356445 -0.319336 -0.000977
v -0.37207 -0.311523 -0.02832
v -0.456055 -0.139648 0.006836
v -0.446289 -0.180664 0.008789
v -0.442383 -0.161133 0.022461
v -0.426758 -0.170898 0.024414
v -0.432617 -0.145508 0.036133
v -0.420898 -0.157227 0.03418
v -0.446289 -0.180664 0.008789
v -0.456055 -0.139648 0.006836
v -0.452148 -0.149414 -0.022461
v -0.43457 -0.188477 0.014648
v -0.442383 -0.186523 -0.000977
v -0.43457 -0.188477 0.014648
v -0.446289 -0.180664 0.008789
v -0.442383 -0.186523 -0.000977
v -0.448242 -0.124023 0.024414
v -0.456055 -0.139648 0.006836
v -0.448242 -0.124023 0.024414
v -0.448242 -0.106445 0.012695
v -0.454102 -0.118164 -0.008789
v -0.454102 -0.118164 -0.008789
v -0.411133 -0.211914 0.081055
v -0.37793 -0.206055 0.112305
v -0.375977 -0.19043 0.114258
v -0.395508 -0.223633 0.083008
v -0.411133 -0.211914 0.081055
v -0.375977 -0.19043 0.114258
v -0.405273 -0.15332 0.061523
v -0.395508 -0.225586 0.075195
v -0.395508 -0.223633 0.083008
v -0.411133 -0.211914 0.081055
v -0.411133 -0.211914 0.081055
v -0.436523 -0.225586 0.032227
v -0.413086 -0.15332 0.047852
v -0.436523 -0.225586 0.032227
v -0.370117 -0.204102 0.112305
v -0.375977 -0.19043 0.114258
v -0.37793 -0.206055 0.112305
v -0.374023 -0.243164 0.125977
v -0.389648 -0.145508 0.075195
v -0.356445 -0.163086 0.100586
v -0.389648 -0.145508 0.075195
v -0.375977 -0.19043 0.114258
v -0.34082 -0.208008 0.09668
v -0.356445 -0.163086 0.100586
v -0.389648 -0.145508 0.075195
v -0.401367 -0.133789 0.079102
v -0.415039 -0.141602 0.06543
v -0.422852 -0.116211 0.061523
v -0.405273 -0.15332 0.061523
v -0.415039 -0.141602 0.06543
v -0.424805 -0.141602 0.049805
v -0.405273 -0.15332 0.061523
v -0.436523 -0.118164 0.041992
v -0.424805 -0.141602 0.049805
v -0.37793 -0.131836 0.081055
v -0.385742 -0.120117 0.086914
v -0.411133 -0.108398 0.075195
v -0.356445 -0.163086 0.100586
v -0.366211 -0.116211 0.088867
v -0.37793 -0.131836 0.081055
v -0.356445 -0.163086 0.100586
v -0.364258 -0.131836 0.083008
v -0.364258 -0.131836 0.083008
v -0.422852 -0.237305 0.040039
v -0.436523 -0.225586 0.032227
v -0.420898 -0.239258 0.030273
v -0.436523 -0.225586 0.032227
v -0.432617 -0.250977 -0.016602
v -0.426758 -0.241211 0.026367
v -0.436523 -0.225586 0.032227
v -0.43457 -0.188477 0.014648
v -0.436523 -0.200195 0.004883
v -0.426758 -0.170898 0.024414
v -0.436523 -0.225586 0.032227
v -0.436523 -0.200195 0.004883
v -0.436523 -0.202148 -0.008789
v -0.436523 -0.241211 -0.02832
v -0.432617 -0.250977 -0.016602
v -0.442383 -0.186523 -0.000977
v -0.436523 -0.200195 0.004883
v -0.43457 -0.188477 0.014648
v -0.448242 -0.194336 -0.012695
v -0.436523 -0.200195 0.004883
v -0.448242 -0.194336 -0.012695
v -0.436523 -0.202148 -0.008789
v -0.331055 -0.200195 0.041992
v -0.364258 -0.209961 -0.00293
v -0.395508 -0.250977 -0.036133
v -0.420898 -0.157227 0.03418
v -0.432617 -0.145508 0.036133
v -0.413086 -0.15332 0.047852
v -0.420898 -0.157227 0.03418
v -0.436523 -0.118164 0.041992
v -0.43457 -0.100586 0.030273
v -0.44043 -0.098633 0.004883
v -0.448242 -0.106445 0.012695
v -0.44043 -0.098633 0.004883
v -0.442383 -0.108398 -0.012695
v -0.454102 -0.118164 -0.008789
v -0.44043 -0.098633 0.004883
v -0.43457 -0.100586 0.030273
v -0.426758 -0.094727 0.022461
v -0.44043 -0.098633 0.004883
v -0.426758 -0.094727 0.022461
v -0.43457 0.014648 -0.026367
v -0.442383 -0.108398 -0.012695
v -0.393555 -0.086914 0.075195
v -0.411133 -0.108398 0.075195
v -0.393555 -0.086914 0.075195
v -0.405273 -0.088867 0.061523
v -0.416992 -0.098633 0.047852
v -0.422852 -0.116211 0.061523
v -0.362305 -0.088867 0.077148
v -0.393555 -0.086914 0.075195
v -0.385742 -0.120117 0.086914
v -0.385742 -0.120117 0.086914
v -0.366211 -0.116211 0.088867
v -0.362305 -0.088867 0.077148
v -0.399414 -0.083008 0.049805
v -0.405273 -0.088867 0.061523
v -0.393555 -0.086914 0.075195
v -0.389648 -0.081055 0.061523
v -0.362305 -0.088867 0.077148
v -0.416992 -0.098633 0.047852
v -0.40918 -0.092773 0.040039
v -0.43457 -0.100586 0.030273
v -0.405273 -0.088867 0.061523
v -0.40918 -0.092773 0.040039
v -0.416992 -0.098633 0.047852
v -0.426758 -0.094727 0.022461
v -0.40918 -0.092773 0.040039
v -0.399414 -0.083008 0.049805
v -0.399414 -0.083008 0.049805
v -0.389648 -0.081055 0.061523
v -0.37793 0.024414 0.038086
v -0.368164 -0.079102 0.061523
v -0.389648 -0.081055 0.061523
v -0.368164 -0.079102 0.061523
v -0.37793 0.024414 0.038086
v -0.426758 0.026367 0.024414
v -0.405273 -0.024414 0.006836
v -0.401367 -0.02832 0.022461
v -0.401367 -0.02832 0.022461
v -0.385742 -0.022461 0.024414
v -0.418945 0.020508 0.045898
v -0.418945 0.020508 0.045898
v -0.407227 0.032227 0.016602
v -0.391602 -0.016602 0.000977
v -0.405273 -0.024414 0.006836
v -0.426758 0.026367 0.024414
v -0.393555 0.030273 0.030273
v -0.381836 -0.016602 0.010742
v -0.391602 -0.016602 0.000977
v -0.407227 0.032227 0.016602
v -0.385742 -0.022461 0.024414
v -0.381836 -0.016602 0.010742
v -0.399414 0.022461 0.045898
v -0.399414 0.022461 0.045898
v -0.393555 0.030273 0.030273
v -0.301758 -0.237305 0.120117
v -0.293945 -0.235352 0.131836
v -0.297852 -0.225586 0.137695
v -0.297852 -0.225586 0.137695
v -0.293945 -0.235352 0.131836
v -0.27832 -0.239258 0.120117
v -0.297852 -0.225586 0.137695
v -0.301758 -0.194336 0.12793
v -0.317383 -0.213867 0.106445
v -0.272461 -0.200195 0.102539
v -0.301758 -0.194336 0.12793
v -0.311523 -0.229492 0.116211
v -0.311523 -0.229492 0.116211
v -0.270508 -0.231445 0.116211
v -0.293945 -0.235352 0.131836
v -0.301758 -0.237305 0.120117
v -0.27832 -0.239258 0.120117
v -0.329102 -0.194336 0.092773
v -0.317383 -0.213867 0.106445
v -0.301758 -0.194336 0.12793
v -0.313477 -0.168945 0.110352
v -0.272461 -0.200195 0.102539
v -0.313477 -0.168945 0.110352
v -0.301758 -0.194336 0.12793
v -0.336914 -0.196289 0.09082
v -0.331055 -0.200195 0.041992
v -0.336914 -0.196289 0.09082
v -0.34082 -0.208008 0.09668
v -0.317383 -0.213867 0.106445
v -0.329102 -0.194336 0.092773
v -0.303711 -0.198242 0.063477
v -0.286133 -0.235352 0.094727
v -0.311523 -0.229492 0.116211
v -0.317383 -0.213867 0.106445
v -0.290039 -0.219727 0.084961
v -0.303711 -0.198242 0.063477
v -0.290039 -0.219727 0.084961
v -0.317383 -0.213867 0.106445
v -0.336914 -0.196289 0.09082
v -0.356445 -0.163086 0.100586
v -0.303711 -0.198242 0.063477
v -0.329102 -0.194336 0.092773
v -0.336914 -0.196289 0.09082
v -0.336914 -0.196289 0.09082
v -0.331055 -0.200195 0.041992
v -0.303711 -0.198242 0.063477
v -0.325195 -0.161133 0.112305
v -0.348633 -0.137695 0.09082
v -0.325195 -0.161133 0.112305
v -0.348633 -0.137695 0.09082
v -0.348633 -0.12207 0.09082
v -0.334961 -0.135742 0.092773
v -0.348633 -0.137695 0.09082
v -0.334961 -0.135742 0.092773
v -0.348633 -0.12207 0.09082
v -0.325195 -0.161133 0.112305
v -0.313477 -0.168945 0.110352
v -0.313477 -0.15332 0.110352
v -0.313477 -0.15332 0.110352
v -0.323242 -0.129883 0.088867
v -0.28418 -0.155273 0.086914
v -0.28418 -0.172852 0.086914
v -0.28418 -0.172852 0.086914
v -0.311523 -0.12793 0.079102
v -0.28418 -0.155273 0.086914
v -0.323242 -0.129883 0.088867
v -0.327148 -0.118164 0.086914
v -0.338867 -0.12207 0.09082
v -0.311523 -0.12793 0.079102
v -0.313477 -0.114258 0.075195
v -0.321289 -0.15332 0.004883
v -0.311523 -0.135742 0.012695
v -0.307617 -0.129883 0.024414
v -0.303711 -0.198242 0.063477
v -0.313477 -0.147461 -0.006836
v -0.311523 -0.135742 0.012695
v -0.321289 -0.15332 0.004883
v -0.336914 -0.165039 -0.006836
v -0.336914 -0.165039 -0.006836
v -0.327148 -0.15918 -0.018555
v -0.301758 -0.237305 0.120117
v -0.311523 -0.229492 0.116211
v -0.286133 -0.241211 0.108398
v -0.286133 -0.241211 0.108398
v -0.286133 -0.235352 0.094727
v -0.286133 -0.241211 0.108398
v -0.311523 -0.229492 0.116211
v -0.286133 -0.241211 0.108398
v -0.286133 -0.235352 0.094727
v -0.270508 -0.231445 0.116211
v -0.27832 -0.239258 0.120117
v -0.290039 -0.219727 0.084961
v -0.272461 -0.200195 0.102539
v -0.303711 -0.198242 0.063477
v -0.28418 -0.172852 0.086914
v -0.272461 -0.200195 0.102539
v -0.303711 -0.198242 0.063477
v -0.280273 -0.165039 0.077148
v -0.28418 -0.172852 0.086914
v -0.301758 -0.131836 0.040039
v -0.280273 -0.165039 0.077148
v -0.28418 -0.155273 0.086914
v -0.28418 -0.172852 0.086914
v -0.299805 -0.12793 0.06543
v -0.311523 -0.12793 0.079102
v -0.299805 -0.114258 0.061523
v -0.313477 -0.114258 0.075195
v -0.297852 -0.131836 0.053711
v -0.297852 -0.118164 0.049805
v -0.301758 -0.131836 0.040039
v -0.297852 -0.131836 0.053711
v -0.297852 -0.118164 0.049805
v -0.297852 -0.118164 0.038086
v -0.301758 -0.118164 0.020508
v -0.305664 -0.12793 0.00293
v -0.305664 -0.12793 0.00293
v -0.305664 -0.104492 0.008789
v -0.301758 -0.114258 -0.008789
v -0.305664 -0.104492 0.008789
v -0.305664 -0.12793 0.00293
v -0.305664 -0.12793 0.00293
v -0.313477 -0.147461 -0.006836
v -0.301758 -0.114258 -0.008789
v -0.366211 -0.116211 0.088867
v -0.348633 -0.12207 0.09082
v -0.336914 -0.098633 0.075195
v -0.336914 -0.098633 0.075195
v -0.362305 -0.088867 0.077148
v -0.366211 -0.116211 0.088867
v -0.338867 -0.12207 0.09082
v -0.362305 -0.088867 0.077148
v -0.336914 -0.098633 0.075195
v -0.348633 -0.088867 0.061523
v -0.348633 -0.088867 0.061523
v -0.327148 -0.118164 0.086914
v -0.313477 -0.114258 0.075195
v -0.321289 -0.09668 0.063477
v -0.338867 -0.09082 0.061523
v -0.348633 -0.088867 0.061523
v -0.307617 -0.100586 0.049805
v -0.321289 -0.09668 0.063477
v -0.313477 -0.114258 0.075195
v -0.313477 -0.114258 0.075195
v -0.299805 -0.114258 0.061523
v -0.307617 -0.100586 0.049805
v -0.321289 -0.09668 0.063477
v -0.317383 -0.094727 0.038086
v -0.329102 -0.088867 0.051758
v -0.307617 -0.100586 0.049805
v -0.329102 -0.088867 0.051758
v -0.348633 -0.088867 0.061523
v -0.297852 0.004883 0.032227
v -0.338867 -0.09082 0.061523
v -0.329102 -0.088867 0.051758
v -0.317383 -0.094727 0.038086
v -0.311523 -0.094727 0.022461
v -0.317383 -0.094727 0.038086
v -0.311523 -0.094727 0.022461
v -0.297852 0.004883 0.032227
v -0.307617 -0.100586 0.049805
v -0.297852 -0.118164 0.038086
v -0.303711 -0.104492 0.030273
v -0.301758 -0.118164 0.020508
v -0.305664 -0.104492 0.008789
v -0.254883 -0.032227 -0.05957
v -0.305664 -0.104492 0.008789
v -0.301758 -0.114258 -0.008789
v -0.254883 -0.032227 -0.05957
v -0.225586 -0.483398 0.155273
v -0.223633 -0.49707 0.15332
v -0.219727 -0.483398 0.165039
v -0.217773 -0.49707 0.161133
v -0.219727 -0.463867 0.147461
v -0.225586 -0.483398 0.155273
v -0.219727 -0.483398 0.165039
v -0.196289 -0.463867 0.157227
v -0.219727 -0.463867 0.147461
v -0.219727 -0.483398 0.165039
v -0.204102 -0.49707 0.166992
v -0.202148 -0.483398 0.170898
v -0.202148 -0.483398 0.170898
v -0.233398 -0.49707 0.143555
v -0.229492 -0.49707 0.141602
v -0.233398 -0.49707 0.143555
v -0.233398 -0.483398 0.145508
v -0.249023 -0.483398 0.135742
v -0.233398 -0.483398 0.145508
v -0.225586 -0.469727 0.135742
v -0.24707 -0.469727 0.124023
v -0.233398 -0.49707 0.143555
v -0.229492 -0.49707 0.141602
v -0.233398 -0.483398 0.145508
v -0.227539 -0.483398 0.143555
v -0.219727 -0.49707 0.124023
v -0.227539 -0.483398 0.143555
v -0.229492 -0.49707 0.141602
v -0.223633 -0.49707 0.15332
v -0.225586 -0.483398 0.155273
v -0.219727 -0.49707 0.124023
v -0.196289 -0.49707 0.163086
v -0.217773 -0.49707 0.161133
v -0.223633 -0.49707 0.15332
v -0.186523 -0.499023 0.135742
v -0.225586 -0.469727 0.135742
v -0.219727 -0.483398 0.125977
v -0.225586 -0.469727 0.135742
v -0.223633 -0.483398 0.139648
v -0.223633 -0.483398 0.139648
v -0.219727 -0.463867 0.147461
v -0.219727 -0.483398 0.125977
v -0.213867 -0.458008 0.114258
v -0.213867 -0.458008 0.114258
v -0.213867 -0.458008 0.114258
v -0.200195 -0.452148 0.125977
v -0.219727 -0.463867 0.147461
v -0.200195 -0.452148 0.125977
v -0.208008 -0.456055 0.124023
v -0.213867 -0.458008 0.114258
v -0.204102 -0.49707 0.166992
v -0.204102 -0.49707 0.166992
v -0.196289 -0.49707 0.163086
v -0.196289 -0.483398 0.166992
v -0.202148 -0.483398 0.170898
v -0.186523 -0.499023 0.135742
v -0.196289 -0.483398 0.166992
v -0.196289 -0.49707 0.163086
v -0.192383 -0.499023 0.168945
v -0.192383 -0.481445 0.170898
v -0.19043 -0.499023 0.155273
v -0.182617 -0.481445 0.18457
v -0.192383 -0.481445 0.170898
v -0.192383 -0.499023 0.168945
v -0.192383 -0.499023 0.168945
v -0.19043 -0.499023 0.155273
v -0.137695 -0.499023 0.166992
v -0.182617 -0.499023 0.180664
v -0.155273 -0.499023 0.182617
v -0.182617 -0.499023 0.180664
v -0.196289 -0.463867 0.157227
v -0.186523 -0.483398 0.139648
v -0.196289 -0.463867 0.157227
v -0.19043 -0.481445 0.157227
v -0.176758 -0.452148 0.157227
v -0.19043 -0.481445 0.157227
v -0.192383 -0.481445 0.170898
v -0.182617 -0.481445 0.18457
v -0.186523 -0.499023 0.135742
v -0.19043 -0.481445 0.157227
v -0.176758 -0.452148 0.157227
v -0.186523 -0.483398 0.139648
v -0.186523 -0.483398 0.139648
v -0.176758 -0.448242 0.125977
v -0.176758 -0.448242 0.125977
v -0.18457 -0.448242 0.124023
v -0.206055 -0.442383 0.124023
v -0.208008 -0.456055 0.124023
v -0.200195 -0.452148 0.125977
v -0.198242 -0.43457 0.120117
v -0.206055 -0.442383 0.124023
v -0.200195 -0.452148 0.125977
v -0.192383 -0.448242 0.124023
v -0.192383 -0.448242 0.124023
v -0.151367 -0.481445 0.186523
v -0.182617 -0.481445 0.18457
v -0.182617 -0.499023 0.180664
v -0.155273 -0.499023 0.182617
v -0.143555 -0.454102 0.15918
v -0.176758 -0.452148 0.157227
v -0.182617 -0.481445 0.18457
v -0.151367 -0.481445 0.186523
v -0.176758 -0.448242 0.125977
v -0.186523 -0.483398 0.139648
v -0.176758 -0.452148 0.157227
v -0.168945 -0.446289 0.125977
v -0.176758 -0.448242 0.125977
v -0.157227 -0.446289 0.125977
v -0.176758 -0.448242 0.125977
v -0.168945 -0.446289 0.125977
v -0.170898 -0.436523 0.124023
v -0.18457 -0.448242 0.124023
v -0.157227 -0.446289 0.125977
v -0.157227 -0.446289 0.125977
v -0.143555 -0.454102 0.15918
v -0.141602 -0.450195 0.124023
v -0.139648 -0.44043 0.120117
v -0.155273 -0.438477 0.124023
v -0.141602 -0.450195 0.124023
v -0.129883 -0.481445 0.170898
v -0.151367 -0.481445 0.186523
v -0.155273 -0.499023 0.182617
v -0.137695 -0.499023 0.166992
v -0.151367 -0.481445 0.186523
v -0.129883 -0.481445 0.170898
v -0.143555 -0.454102 0.15918
v -0.124023 -0.499023 0.104492
v -0.116211 -0.481445 0.106445
v -0.143555 -0.454102 0.15918
v -0.129883 -0.481445 0.170898
v -0.116211 -0.481445 0.106445
v -0.131836 -0.458008 0.118164
v -0.131836 -0.458008 0.118164
v -0.188477 -0.286133 0.124023
v -0.147461 -0.286133 0.155273
v -0.188477 -0.27832 0.147461
v -0.188477 -0.27832 0.147461
v -0.147461 -0.286133 0.155273
v -0.141602 -0.225586 0.165039
v -0.200195 -0.241211 0.125977
v -0.188477 -0.286133 0.124023
v -0.188477 -0.27832 0.147461
v -0.198242 -0.245117 0.149414
v -0.198242 -0.245117 0.149414
v -0.12793 -0.258789 0.163086
v -0.147461 -0.286133 0.155273
v -0.143555 -0.295898 0.133789
v -0.12793 -0.258789 0.163086
v -0.116211 -0.256836 0.145508
v -0.12793 -0.258789 0.163086
v -0.116211 -0.256836 0.145508
v -0.141602 -0.225586 0.165039
v -0.143555 -0.295898 0.133789
v -0.186523 -0.293945 0.094727
v -0.137695 -0.305664 0.106445
v -0.137695 -0.305664 0.106445
v -0.233398 -0.459961 0.088867
v -0.241211 -0.463867 0.086914
v -0.24707 -0.469727 0.124023
v -0.21582 -0.454102 0.102539
v -0.21582 -0.454102 0.102539
v -0.219727 -0.454102 0.094727
v -0.223633 -0.44043 0.094727
v -0.227539 -0.456055 0.088867
v -0.217773 -0.442383 0.106445
v -0.227539 -0.456055 0.088867
v -0.233398 -0.459961 0.088867
v -0.219727 -0.454102 0.094727
v -0.21582 -0.454102 0.102539
v -0.21582 -0.454102 0.102539
v -0.231445 -0.444336 0.086914
v -0.219727 -0.430664 0.084961
v -0.231445 -0.444336 0.086914
v -0.223633 -0.44043 0.094727
v -0.217773 -0.442383 0.106445
v -0.241211 -0.463867 0.086914
v -0.241211 -0.450195 0.083008
v -0.241211 -0.450195 0.083008
v -0.233398 -0.459961 0.088867
v -0.231445 -0.43457 0.073242
v -0.241211 -0.450195 0.083008
v -0.241211 -0.450195 0.083008
v -0.24707 -0.446289 0.069336
v -0.231445 -0.43457 0.073242
v -0.223633 -0.426758 0.040039
v -0.213867 -0.458008 0.114258
v -0.208008 -0.456055 0.124023
v -0.209961 -0.446289 0.124023
v -0.213867 -0.446289 0.118164
v -0.213867 -0.458008 0.114258
v -0.213867 -0.446289 0.118164
v -0.217773 -0.442383 0.106445
v -0.21582 -0.454102 0.102539
v -0.213867 -0.458008 0.114258
v -0.206055 -0.442383 0.124023
v -0.209961 -0.446289 0.124023
v -0.208008 -0.456055 0.124023
v -0.209961 -0.446289 0.124023
v -0.206055 -0.442383 0.124023
v -0.208008 -0.428711 0.102539
v -0.198242 -0.43457 0.120117
v -0.208008 -0.428711 0.102539
v -0.206055 -0.442383 0.124023
v -0.18457 -0.432617 0.120117
v -0.206055 -0.422852 0.069336
v -0.219727 -0.430664 0.084961
v -0.208008 -0.428711 0.102539
v -0.178711 -0.420898 0.104492
v -0.206055 -0.422852 0.069336
v -0.18457 -0.432617 0.120117
v -0.229492 -0.389648 0.02832
v -0.223633 -0.426758 0.040039
v -0.206055 -0.422852 0.069336
v -0.204102 -0.364258 0.077148
v -0.176758 -0.413086 0.081055
v -0.206055 -0.422852 0.069336
v -0.176758 -0.413086 0.081055
v -0.204102 -0.364258 0.077148
v -0.233398 -0.436523 0.024414
v -0.229492 -0.446289 0.018555
v -0.229492 -0.446289 0.018555
v -0.233398 -0.436523 0.024414
v -0.229492 -0.446289 0.018555
v -0.233398 -0.436523 0.024414
v -0.227539 -0.432617 -0.030273
v -0.22168 -0.444336 -0.02832
v -0.233398 -0.481445 -0.030273
v -0.229492 -0.446289 0.018555
v -0.22168 -0.444336 -0.02832
v -0.233398 -0.436523 0.024414
v -0.229492 -0.389648 0.02832
v -0.225586 -0.387695 -0.024414
v -0.229492 -0.389648 0.02832
v -0.219727 -0.325195 0.05957
v -0.229492 -0.313477 -0.018555
v -0.229492 -0.375977 0.008789
v -0.217773 -0.375977 0.030273
v -0.235352 -0.362305 0.024414
v -0.229492 -0.375977 0.008789
v -0.235352 -0.362305 0.024414
v -0.229492 -0.350586 0.000977
v -0.225586 -0.37793 0.00293
v -0.21582 -0.368164 0.012695
v -0.260742 -0.321289 -0.008789
v -0.225586 -0.37793 0.00293
v -0.260742 -0.321289 -0.008789
v -0.258789 -0.331055 -0.024414
v -0.21582 -0.375977 -0.010742
v -0.217773 -0.375977 0.030273
v -0.225586 -0.356445 0.047852
v -0.229492 -0.364258 0.041992
v -0.217773 -0.368164 0.053711
v -0.225586 -0.356445 0.047852
v -0.217773 -0.375977 0.030273
v -0.229492 -0.364258 0.041992
v -0.233398 -0.366211 0.03418
v -0.155273 -0.438477 0.124023
v -0.139648 -0.44043 0.120117
v -0.145508 -0.424805 0.106445
v -0.170898 -0.436523 0.124023
v -0.131836 -0.458008 0.118164
v -0.12793 -0.446289 0.114258
v -0.124023 -0.461914 0.104492
v -0.12793 -0.446289 0.114258
v -0.139648 -0.44043 0.120117
v -0.12793 -0.446289 0.114258
v -0.125977 -0.436523 0.102539
v -0.125977 -0.436523 0.102539
v -0.120117 -0.452148 0.104492
v -0.12793 -0.446289 0.114258
v -0.124023 -0.461914 0.104492
v -0.120117 -0.452148 0.104492
v -0.125977 -0.454102 0.073242
v -0.133789 -0.438477 0.06543
v -0.120117 -0.444336 0.079102
v -0.120117 -0.444336 0.040039
v -0.133789 -0.438477 0.06543
v -0.125977 -0.454102 0.073242
v -0.118164 -0.450195 0.092773
v -0.12207 -0.461914 0.088867
v -0.125977 -0.454102 0.073242
v -0.12207 -0.461914 0.088867
v -0.116211 -0.481445 0.049805
v -0.120117 -0.444336 0.079102
v -0.129883 -0.430664 0.067383
v -0.125977 -0.436523 0.073242
v -0.133789 -0.438477 0.06543
v -0.125977 -0.436523 0.073242
v -0.112305 -0.43457 0.041992
v -0.129883 -0.430664 0.067383
v -0.133789 -0.438477 0.06543
v -0.120117 -0.444336 0.040039
v -0.147461 -0.416992 0.088867
v -0.147461 -0.416992 0.088867
v -0.145508 -0.424805 0.106445
v -0.125977 -0.436523 0.102539
v -0.147461 -0.416992 0.088867
v -0.12793 -0.426758 0.086914
v -0.147461 -0.416992 0.088867
v -0.125977 -0.436523 0.102539
v -0.120117 -0.444336 0.079102
v -0.12793 -0.426758 0.086914
v -0.118164 -0.450195 0.092773
v -0.147461 -0.416992 0.088867
v -0.12793 -0.426758 0.086914
v -0.133789 -0.420898 0.075195
v -0.147461 -0.416992 0.088867
v -0.133789 -0.420898 0.075195
v -0.139648 -0.374023 0.094727
v -0.139648 -0.374023 0.094727
v -0.125977 -0.436523 0.073242
v -0.129883 -0.430664 0.067383
v -0.133789 -0.420898 0.075195
v -0.110352 -0.395508 0.045898
v -0.112305 -0.43457 0.041992
v -0.139648 -0.374023 0.094727
v -0.116211 -0.481445 0.049805
v -0.124023 -0.499023 0.104492
v -0.125977 -0.499023 0.049805
v -0.102539 -0.479492 -0.014648
v -0.116211 -0.481445 0.049805
v -0.125977 -0.499023 0.049805
v -0.112305 -0.499023 -0.010742
v -0.112305 -0.499023 -0.010742
v -0.213867 -0.34668 0.063477
v -0.198242 -0.305664 0.100586
v -0.227539 -0.331055 0.047852
v -0.225586 -0.342773 0.051758
v -0.217773 -0.368164 0.053711
v -0.186523 -0.293945 0.094727
v -0.213867 -0.262695 0.05957
v -0.219727 -0.325195 0.05957
v -0.198242 -0.305664 0.100586
v -0.198242 -0.256836 0.05957
v -0.213867 -0.262695 0.05957
v -0.198242 -0.305664 0.100586
v -0.186523 -0.293945 0.094727
v -0.133789 -0.321289 0.118164
v -0.133789 -0.321289 0.118164
v -0.231445 -0.354492 0.03418
v -0.229492 -0.364258 0.041992
v -0.225586 -0.356445 0.047852
v -0.227539 -0.348633 0.038086
v -0.225586 -0.342773 0.051758
v -0.225586 -0.356445 0.047852
v -0.233398 -0.366211 0.03418
v -0.231445 -0.34668 0.030273
v -0.235352 -0.362305 0.024414
v -0.227539 -0.34082 0.038086
v -0.227539 -0.34082 0.038086
v -0.225586 -0.342773 0.051758
v -0.227539 -0.331055 0.047852
v -0.227539 -0.331055 0.047852
v -0.227539 -0.317383 0.040039
v -0.231445 -0.329102 0.038086
v -0.231445 -0.329102 0.038086
v -0.233398 -0.327148 0.02832
v -0.229492 -0.338867 0.030273
v -0.229492 -0.338867 0.030273
v -0.229492 -0.311523 0.018555
v -0.233398 -0.327148 0.02832
v -0.235352 -0.348633 0.018555
v -0.235352 -0.348633 0.018555
v -0.233398 -0.334961 0.020508
v -0.233398 -0.334961 0.020508
v -0.231445 -0.325195 0.004883
v -0.231445 -0.325195 0.004883
v -0.229492 -0.313477 -0.018555
v -0.243164 -0.30957 -0.006836
v -0.21582 -0.368164 0.012695
v -0.208008 -0.368164 -0.000977
v -0.243164 -0.30957 -0.006836
v -0.208008 -0.333008 0.00293
v -0.258789 -0.268555 -0.03418
v -0.211914 -0.34668 -0.030273
v -0.243164 -0.249023 -0.022461
v -0.258789 -0.268555 -0.03418
v -0.208008 -0.333008 0.00293
v -0.208008 -0.333008 0.00293
v -0.19043 -0.329102 -0.008789
v -0.243164 -0.249023 -0.022461
v -0.213867 -0.254883 0.000977
v -0.213867 -0.262695 0.05957
v -0.198242 -0.256836 0.05957
v -0.213867 -0.254883 0.000977
v -0.198242 -0.250977 0.012695
v -0.196289 -0.233398 0.018555
v -0.198242 -0.250977 0.012695
v -0.198242 -0.256836 0.05957
v -0.198242 -0.256836 0.05957
v -0.204102 -0.237305 0.098633
v -0.198242 -0.256836 0.05957
v -0.204102 -0.237305 0.098633
v -0.19043 -0.225586 0.077148
v -0.19043 -0.225586 0.077148
v -0.213867 -0.254883 0.000977
v -0.198242 -0.250977 0.012695
v -0.170898 -0.266602 -0.040039
v -0.170898 -0.266602 -0.040039
v -0.229492 -0.313477 -0.018555
v -0.213867 -0.254883 0.000977
v -0.198242 -0.250977 0.012695
v -0.196289 -0.233398 0.018555
v -0.15918 -0.243164 -0.010742
v -0.163086 -0.262695 -0.018555
v -0.163086 -0.262695 -0.018555
v -0.086914 -0.334961 0.084961
v -0.133789 -0.321289 0.118164
v -0.139648 -0.374023 0.094727
v -0.110352 -0.395508 0.045898
v -0.137695 -0.305664 0.106445
v -0.094727 -0.290039 0.09668
v -0.133789 -0.321289 0.118164
v -0.086914 -0.334961 0.084961
v -0.094727 -0.290039 0.09668
v -0.106445 -0.27832 0.09082
v -0.106445 -0.27832 0.09082
v -0.102539 -0.254883 0.125977
v -0.102539 -0.254883 0.125977
v -0.129883 -0.208008 0.133789
v -0.135742 -0.217773 0.151367
v -0.106445 -0.27832 0.09082
v -0.108398 -0.24707 0.102539
v -0.116211 -0.481445 0.106445
v -0.120117 -0.452148 0.104492
v -0.124023 -0.461914 0.104492
v -0.102539 -0.479492 -0.014648
v -0.100586 -0.43457 -0.020508
v -0.108398 -0.446289 -0.020508
v -0.108398 -0.446289 -0.020508
v -0.09668 -0.393555 -0.018555
v -0.100586 -0.43457 -0.020508
v -0.069336 -0.333008 0.040039
v -0.09668 -0.393555 -0.018555
v -0.069336 -0.333008 0.040039
v -0.094727 -0.290039 0.09668
v -0.086914 -0.334961 0.084961
v -0.09082 -0.274414 0.051758
v -0.106445 -0.27832 0.09082
v -0.094727 -0.290039 0.09668
v -0.075195 -0.28418 0.049805
v -0.075195 -0.28418 0.049805
v -0.106445 -0.27832 0.09082
v -0.09082 -0.274414 0.051758
v -0.088867 -0.260742 0.057617
v -0.088867 -0.260742 0.057617
v -0.069336 -0.331055 -0.018555
v -0.069336 -0.333008 0.040039
v -0.09668 -0.393555 -0.018555
v -0.069336 -0.331055 -0.018555
v -0.094727 -0.272461 0.008789
v -0.079102 -0.280273 -0.000977
v -0.088867 -0.260742 0.057617
v -0.09082 -0.274414 0.051758
v -0.094727 -0.272461 0.008789
v -0.092773 -0.258789 0.014648
v -0.120117 -0.270508 -0.016602
v -0.092773 -0.258789 0.014648
v -0.094727 -0.272461 0.008789
v -0.114258 -0.276367 -0.038086
v -0.120117 -0.270508 -0.016602
v -0.079102 -0.280273 -0.000977
v -0.071289 -0.243164 0.014648
v -0.083008 -0.225586 0.12207
v -0.108398 -0.24707 0.102539
v -0.088867 -0.260742 0.057617
v -0.06543 -0.243164 0.069336
v -0.06543 -0.243164 0.069336
v -0.104492 -0.231445 -0.030273
v -0.071289 -0.243164 0.014648
v -0.092773 -0.258789 0.014648
v -0.118164 -0.250977 -0.008789
v -0.118164 -0.250977 -0.008789
v -0.174805 -0.208008 0.143555
v -0.200195 -0.241211 0.125977
v -0.198242 -0.245117 0.149414
v -0.176758 -0.217773 0.15918
v -0.176758 -0.217773 0.15918
v -0.170898 -0.198242 0.124023
v -0.204102 -0.237305 0.098633
v -0.135742 -0.217773 0.151367
v -0.174805 -0.208008 0.143555
v -0.176758 -0.217773 0.15918
v -0.141602 -0.225586 0.165039
v -0.129883 -0.208008 0.133789
v -0.170898 -0.198242 0.124023
v -0.124023 -0.192383 0.145508
v -0.170898 -0.198242 0.124023
v -0.129883 -0.208008 0.133789
v -0.083008 -0.225586 0.12207
v -0.108398 -0.24707 0.102539
v -0.213867 -0.19043 0.079102
v -0.19043 -0.225586 0.077148
v -0.176758 -0.180664 0.131836
v -0.168945 -0.12207 0.112305
v -0.213867 -0.19043 0.079102
v -0.176758 -0.180664 0.131836
v -0.104492 -0.133789 0.129883
v -0.168945 -0.12207 0.112305
v -0.176758 -0.180664 0.131836
v -0.176758 -0.180664 0.131836
v -0.124023 -0.192383 0.145508
v -0.104492 -0.133789 0.129883
v -0.170898 -0.198242 0.124023
v -0.19043 -0.225586 0.077148
v -0.213867 -0.19043 0.079102
v -0.209961 -0.204102 0.014648
v -0.196289 -0.233398 0.018555
v -0.196289 -0.137695 0.073242
v -0.202148 -0.147461 0.069336
v -0.204102 -0.149414 0.061523
v -0.206055 -0.15332 0.040039
v -0.206055 -0.15332 0.040039
v -0.208008 -0.141602 0.069336
v -0.202148 -0.147461 0.069336
v -0.202148 -0.135742 0.071289
v -0.204102 -0.149414 0.061523
v -0.202148 -0.147461 0.069336
v -0.208008 -0.141602 0.069336
v -0.208008 -0.141602 0.069336
v -0.202148 -0.135742 0.071289
v -0.211914 -0.129883 0.05957
v -0.211914 -0.141602 0.05957
v -0.211914 -0.141602 0.05957
v -0.196289 -0.137695 0.073242
v -0.202148 -0.135742 0.071289
v -0.196289 -0.137695 0.073242
v -0.204102 -0.124023 0.06543
v -0.204102 -0.124023 0.06543
v -0.196289 -0.137695 0.073242
v -0.192383 -0.12793 0.071289
v -0.204102 -0.124023 0.06543
v -0.192383 -0.12793 0.071289
v -0.196289 -0.110352 0.06543
v -0.188477 -0.118164 0.071289
v -0.188477 -0.118164 0.071289
v -0.163086 -0.217773 -0.032227
v -0.15918 -0.243164 -0.010742
v -0.206055 -0.157227 0.018555
v -0.202148 -0.15332 0.006836
v -0.196289 -0.143555 -0.006836
v -0.192383 -0.147461 -0.012695
v -0.188477 -0.141602 -0.020508
v -0.209961 -0.204102 0.014648
v -0.188477 -0.141602 -0.020508
v -0.163086 -0.217773 -0.032227
v -0.206055 -0.15332 0.040039
v -0.211914 -0.141602 0.05957
v -0.211914 -0.129883 0.05957
v -0.213867 -0.145508 0.038086
v -0.213867 -0.145508 0.038086
v -0.213867 -0.133789 0.036133
v -0.186523 -0.067383 0.010742
v -0.213867 -0.133789 0.036133
v -0.200195 -0.106445 0.055664
v -0.182617 -0.06543 0.038086
v -0.206055 -0.157227 0.018555
v -0.211914 -0.149414 0.016602
v -0.213867 -0.137695 0.014648
v -0.213867 -0.137695 0.014648
v -0.209961 -0.145508 0.006836
v -0.208008 -0.137695 -0.000977
v -0.208008 -0.137695 -0.000977
v -0.202148 -0.15332 0.006836
v -0.209961 -0.145508 0.006836
v -0.188477 -0.071289 -0.016602
v -0.202148 -0.135742 -0.010742
v -0.208008 -0.137695 -0.000977
v -0.213867 -0.137695 0.014648
v -0.202148 -0.114258 -0.010742
v -0.202148 -0.135742 -0.010742
v -0.213867 -0.137695 0.014648
v -0.202148 -0.114258 -0.010742
v -0.200195 -0.145508 0.000977
v -0.200195 -0.145508 0.000977
v -0.196289 -0.110352 0.06543
v -0.182617 -0.110352 0.075195
v -0.188477 -0.100586 0.071289
v -0.188477 -0.100586 0.071289
v -0.182617 -0.110352 0.075195
v -0.178711 -0.110352 0.084961
v -0.180664 -0.098633 0.086914
v -0.180664 -0.098633 0.086914
v -0.178711 -0.088867 0.083008
v -0.168945 -0.102539 0.108398
v -0.174805 -0.102539 0.100586
v -0.172852 -0.114258 0.098633
v -0.172852 -0.114258 0.098633
v -0.174805 -0.102539 0.100586
v -0.178711 -0.110352 0.084961
v -0.172852 -0.114258 0.098633
v -0.165039 -0.112305 0.106445
v -0.178711 -0.110352 0.084961
v -0.165039 -0.112305 0.106445
v -0.174805 -0.102539 0.100586
v -0.168945 -0.102539 0.108398
v -0.170898 -0.092773 0.102539
v -0.180664 -0.098633 0.086914
v -0.157227 -0.108398 0.106445
v -0.165039 -0.112305 0.106445
v -0.163086 -0.100586 0.108398
v -0.168945 -0.102539 0.108398
v -0.165039 -0.112305 0.106445
v -0.157227 -0.108398 0.106445
v -0.168945 -0.102539 0.108398
v -0.163086 -0.100586 0.108398
v -0.163086 -0.092773 0.104492
v -0.170898 -0.092773 0.102539
v -0.163086 -0.092773 0.104492
v -0.163086 -0.100586 0.108398
v -0.157227 -0.108398 0.106445
v -0.15332 -0.098633 0.102539
v -0.163086 -0.092773 0.104492
v -0.157227 -0.108398 0.106445
v -0.147461 -0.09082 0.100586
v -0.15332 -0.098633 0.102539
v -0.137695 -0.086914 0.100586
v -0.129883 -0.088867 0.102539
v -0.124023 -0.09668 0.108398
v -0.155273 -0.081055 0.102539
v -0.15918 -0.063477 0.081055
v -0.15918 -0.063477 0.081055
v -0.155273 -0.081055 0.102539
v -0.139648 -0.077148 0.102539
v -0.125977 -0.05957 0.094727
v -0.147461 -0.047852 0.069336
v -0.147461 -0.047852 0.069336
v -0.165039 -0.045898 0.030273
v -0.147461 -0.09082 0.100586
v -0.139648 -0.077148 0.102539
v -0.137695 -0.086914 0.100586
v -0.137695 -0.086914 0.100586
v -0.129883 -0.088867 0.102539
v -0.139648 -0.077148 0.102539
v -0.124023 -0.079102 0.108398
v -0.124023 -0.09668 0.108398
v -0.124023 -0.079102 0.108398
v -0.135742 -0.043945 0.055664
v -0.120117 -0.049805 0.071289
v -0.100586 -0.073242 0.108398
v -0.102539 -0.055664 0.084961
v -0.147461 -0.040039 0.022461
v -0.165039 -0.045898 0.030273
v -0.170898 -0.051758 0.004883
v -0.186523 -0.067383 0.010742
v -0.182617 -0.06543 0.038086
v -0.170898 -0.051758 0.004883
v -0.188477 -0.071289 -0.016602
v -0.147461 -0.040039 0.022461
v -0.170898 -0.051758 0.004883
v -0.165039 -0.045898 0.030273
v -0.161133 -0.047852 0.00293
v -0.170898 -0.051758 0.004883
v -0.161133 -0.047852 0.00293
v -0.155273 -0.040039 -0.014648
v -0.170898 -0.049805 -0.018555
v -0.188477 -0.071289 -0.016602
v -0.170898 -0.051758 0.004883
v -0.155273 -0.040039 -0.014648
v -0.170898 -0.049805 -0.018555
v -0.170898 -0.051758 0.004883
v -0.161133 -0.047852 0.00293
v -0.147461 -0.040039 0.022461
v -0.155273 -0.040039 -0.014648
v -0.135742 -0.043945 0.055664
v -0.139648 -0.030273 0.061523
v -0.147461 -0.040039 0.022461
v -0.112305 -0.041992 0.086914
v -0.139648 -0.030273 0.061523
v -0.135742 -0.043945 0.055664
v -0.120117 -0.049805 0.071289
v -0.135742 -0.006836 0.061523
v -0.139648 -0.030273 0.061523
v -0.135742 -0.006836 0.061523
v -0.155273 -0.00293 -0.014648
v -0.161133 -0.026367 -0.016602
v -0.161133 -0.026367 -0.016602
v -0.083008 -0.053711 0.112305
v -0.073242 -0.030273 0.112305
v -0.135742 -0.006836 0.061523
v -0.073242 -0.030273 0.112305
v -0.118164 -0.00293 0.053711
v -0.141602 0.00293 -0.014648
v -0.141602 0.00293 -0.014648
v -0.155273 -0.00293 -0.014648
v -0.135742 -0.006836 0.061523
v -0.155273 -0.040039 -0.014648
v -0.053711 -0.165039 0.110352
v -0.083008 -0.225586 0.12207
v -0.084961 -0.100586 0.106445
v -0.114258 -0.102539 0.112305
v -0.098633 -0.102539 0.114258
v -0.098633 -0.102539 0.114258
v -0.053711 -0.165039 0.110352
v -0.043945 -0.188477 0.000977
v -0.038086 -0.186523 0.061523
v -0.038086 -0.186523 0.061523
v -0.104492 -0.231445 -0.030273
v -0.053711 -0.165039 0.110352
v -0.038086 -0.186523 0.061523
v -0.03418 -0.147461 0.047852
v -0.049805 -0.12207 0.075195
v -0.077148 -0.092773 0.09668
v -0.077148 -0.092773 0.09668
v -0.03418 -0.124023 0.102539
v -0.010742 -0.149414 0.047852
v -0.010742 -0.125977 0.104492
v 0.012695 -0.124023 0.102539
v -0.010742 -0.084961 0.118164
v -0.03418 -0.124023 0.102539
v -0.010742 -0.125977 0.104492
v 0.012695 -0.124023 0.102539
v -0.010742 -0.084961 0.118164
v -0.010742 -0.125977 0.104492
v -0.038086 -0.145508 -0.000977
v -0.084961 -0.170898 -0.053711
v -0.057617 -0.125977 -0.043945
v -0.03418 -0.147461 0.047852
v -0.03418 -0.147461 0.047852
v -0.010742 -0.145508 -0.000977
v -0.049805 -0.12207 0.075195
v -0.038086 -0.145508 -0.000977
v -0.010742 -0.149414 0.047852
v -0.010742 -0.145508 -0.000977
v 0.012695 -0.147461 0.047852
v 0.012695 -0.147461 0.047852
v -0.116211 -0.086914 0.114258
v -0.114258 -0.102539 0.112305
v -0.098633 -0.102539 0.114258
v -0.110352 -0.092773 0.118164
v -0.098633 -0.09082 0.118164
v -0.110352 -0.092773 0.118164
v -0.116211 -0.086914 0.114258
v -0.110352 -0.092773 0.118164
v -0.098633 -0.09082 0.118164
v -0.084961 -0.081055 0.104492
v -0.100586 -0.073242 0.108398
v -0.098633 -0.09082 0.118164
v -0.088867 -0.086914 0.112305
v -0.098633 -0.09082 0.118164
v -0.088867 -0.086914 0.112305
v -0.084961 -0.081055 0.104492
v -0.100586 -0.073242 0.108398
v -0.084961 -0.081055 0.104492
v -0.084961 -0.073242 0.094727
v -0.100586 -0.073242 0.108398
v -0.084961 -0.073242 0.094727
v -0.09082 -0.063477 0.092773
v -0.09082 -0.063477 0.092773
v -0.084961 -0.081055 0.104492
v -0.088867 -0.086914 0.112305
v -0.084961 -0.100586 0.106445
v -0.084961 -0.073242 0.094727
v -0.079102 -0.083008 0.088867
v -0.084961 -0.073242 0.094727
v -0.079102 -0.083008 0.088867
v -0.051758 -0.084961 0.116211
v -0.09082 -0.063477 0.092773
v -0.084961 -0.073242 0.094727
v -0.051758 -0.084961 0.116211
v -0.049805 -0.12207 0.075195
v -0.102539 -0.055664 0.084961
v -0.051758 -0.084961 0.116211
v -0.073242 -0.030273 0.112305
v -0.083008 -0.053711 0.112305
v -0.06543 -0.022461 0.09668
v -0.081055 -0.014648 0.077148
v -0.041992 -0.022461 0.110352
v -0.073242 -0.030273 0.112305
v -0.051758 -0.084961 0.116211
v -0.041992 -0.02832 0.118164
v -0.041992 -0.02832 0.118164
v -0.081055 0.026367 0.108398
v -0.081055 -0.014648 0.077148
v -0.06543 -0.022461 0.09668
v -0.041992 -0.022461 0.110352
v -0.086914 0.030273 0.05957
v -0.118164 -0.00293 0.053711
v -0.081055 -0.014648 0.077148
v -0.081055 -0.014648 0.077148
v -0.081055 0.026367 0.108398
v -0.083008 0.032227 0.071289
v -0.081055 -0.014648 0.077148
v -0.083008 0.032227 0.071289
v -0.086914 0.030273 0.05957
v -0.09668 0.040039 0.061523
v -0.12793 0.043945 0.045898
v -0.118164 -0.00293 0.053711
v -0.118164 -0.00293 0.053711
v -0.12793 0.043945 0.045898
v -0.141602 0.045898 -0.012695
v -0.086914 0.030273 0.05957
v -0.09668 0.040039 0.061523
v -0.118164 -0.00293 0.053711
v -0.141602 0.045898 -0.012695
v -0.141602 0.00293 -0.014648
v -0.118164 -0.00293 0.053711
v -0.051758 -0.084961 0.116211
v -0.049805 -0.12207 0.075195
v -0.051758 -0.084961 0.116211
v -0.010742 -0.022461 0.124023
v -0.010742 -0.022461 0.124023
v 0.032227 -0.084961 0.116211
v -0.010742 -0.014648 0.104492
v -0.010742 -0.022461 0.124023
v -0.041992 -0.022461 0.110352
v -0.010742 -0.014648 0.104492
v -0.010742 0.02832 0.108398
v -0.045898 0.026367 0.12207
v -0.045898 0.026367 0.12207
v 0.022461 -0.022461 0.110352
v 0.022461 -0.02832 0.118164
v 0.022461 -0.02832 0.118164
v 0.022461 -0.022461 0.110352
v -0.010742 0.02832 0.108398
v -0.010742 -0.014648 0.104492
v -0.418945 0.020508 0.045898
v -0.413086 0.045898 0.038086
v -0.426758 0.026367 0.024414
v -0.413086 0.045898 0.038086
v -0.407227 0.032227 0.016602
v -0.426758 0.026367 0.024414
v -0.413086 0.045898 0.038086
v -0.393555 0.030273 0.030273
v -0.407227 0.032227 0.016602
v -0.413086 0.045898 0.038086
v -0.413086 0.045898 0.038086
v -0.356445 0.06543 0.014648
v -0.370117 0.069336 0.00293
v -0.37793 0.024414 0.038086
v -0.383789 0.063477 -0.00293
v -0.336914 0.063477 0.016602
v -0.336914 0.063477 0.016602
v -0.393555 0.063477 -0.010742
v -0.393555 0.063477 -0.010742
v -0.356445 0.077148 0.018555
v -0.374023 0.081055 0.006836
v -0.370117 0.069336 0.00293
v -0.383789 0.063477 -0.00293
v -0.356445 0.06543 0.014648
v -0.374023 0.081055 0.006836
v -0.356445 0.077148 0.018555
v -0.348633 0.088867 0.014648
v -0.364258 0.098633 -0.000977
v -0.387695 0.079102 -0.00293
v -0.364258 0.098633 -0.000977
v -0.387695 0.079102 -0.00293
v -0.374023 0.081055 0.006836
v -0.336914 0.063477 0.016602
v -0.336914 0.077148 0.020508
v -0.348633 0.088867 0.014648
v -0.356445 0.077148 0.018555
v -0.336914 0.077148 0.020508
v -0.336914 0.077148 0.020508
v -0.321289 0.077148 0.010742
v -0.333008 0.092773 0.004883
v -0.348633 0.102539 -0.010742
v -0.321289 0.063477 0.012695
v -0.336914 0.077148 0.020508
v -0.293945 0.038086 0.008789
v -0.321289 0.077148 0.010742
v -0.333008 0.092773 0.004883
v -0.321289 0.077148 0.010742
v -0.30957 0.112305 0.03418
v -0.350586 0.135742 -0.020508
v -0.348633 0.102539 -0.010742
v -0.293945 0.038086 0.008789
v -0.264648 0.03418 -0.036133
v -0.293945 0.038086 0.008789
v -0.250977 0.014648 -0.073242
v -0.245117 0.084961 0.032227
v -0.219727 0.075195 -0.030273
v -0.245117 0.084961 0.032227
v -0.293945 0.038086 0.008789
v -0.264648 0.03418 -0.036133
v -0.213867 0.174805 0.016602
v -0.293945 0.157227 0.030273
v -0.30957 0.112305 0.03418
v -0.30957 0.112305 0.03418
v -0.293945 0.157227 0.030273
v -0.350586 0.135742 -0.020508
v -0.245117 0.084961 0.032227
v -0.297852 0.172852 0.049805
v -0.293945 0.157227 0.030273
v -0.208008 0.186523 0.05957
v -0.333008 0.163086 -0.022461
v -0.293945 0.157227 0.030273
v -0.297852 0.172852 0.049805
v -0.217773 0.200195 0.079102
v -0.276367 0.254883 0.063477
v -0.297852 0.172852 0.049805
v -0.297852 0.172852 0.049805
v -0.276367 0.254883 0.063477
v -0.34668 0.182617 -0.016602
v -0.217773 0.200195 0.079102
v -0.34668 0.182617 -0.016602
v -0.213867 0.174805 0.016602
v -0.333008 0.163086 -0.022461
v -0.319336 0.290039 0.000977
v -0.305664 0.301758 0.006836
v -0.311523 0.307617 0.000977
v -0.295898 0.290039 0.00293
v -0.319336 0.290039 0.000977
v -0.311523 0.307617 0.000977
v -0.325195 0.282227 -0.00293
v -0.307617 0.27832 -0.000977
v -0.325195 0.282227 -0.00293
v -0.266602 0.286133 0.036133
v -0.28418 0.295898 0.010742
v -0.276367 0.254883 0.063477
v -0.28418 0.295898 0.010742
v -0.307617 0.27832 -0.000977
v -0.25293 0.288086 0.047852
v -0.266602 0.286133 0.036133
v -0.276367 0.254883 0.063477
v -0.241211 0.280273 0.055664
v -0.25293 0.288086 0.047852
v -0.276367 0.254883 0.063477
v -0.276367 0.254883 0.063477
v -0.217773 0.200195 0.079102
v -0.18457 0.264648 0.075195
v -0.186523 0.276367 0.06543
v -0.18457 0.264648 0.075195
v -0.317383 0.270508 -0.00293
v -0.291992 0.323242 0.008789
v -0.28418 0.295898 0.010742
v -0.291992 0.311523 0.014648
v -0.305664 0.301758 0.006836
v -0.291992 0.311523 0.014648
v -0.291992 0.323242 0.008789
v -0.291992 0.323242 0.008789
v -0.28418 0.334961 -0.010742
v -0.331055 0.28418 -0.026367
v -0.327148 0.288086 -0.008789
v -0.317383 0.30957 -0.020508
v -0.295898 0.290039 0.00293
v -0.276367 0.293945 0.022461
v -0.266602 0.286133 0.036133
v -0.280273 0.30957 0.02832
v -0.280273 0.30957 0.02832
v -0.272461 0.327148 0.022461
v -0.254883 0.303711 0.055664
v -0.270508 0.301758 0.043945
v -0.25293 0.288086 0.047852
v -0.270508 0.301758 0.043945
v -0.254883 0.303711 0.055664
v -0.24707 0.313477 0.055664
v -0.264648 0.31543 0.041992
v -0.241211 0.280273 0.055664
v -0.243164 0.295898 0.063477
v -0.24707 0.313477 0.055664
v -0.291992 0.323242 0.008789
v -0.272461 0.327148 0.022461
v -0.28418 0.334961 -0.010742
v -0.264648 0.31543 0.041992
v -0.250977 0.331055 0.03418
v -0.21582 0.323242 0.063477
v -0.24707 0.313477 0.055664
v -0.208008 0.354492 0.012695
v -0.237305 0.450195 0.02832
v -0.280273 0.495117 0.004883
v -0.28418 0.424805 0.014648
v -0.28418 0.424805 0.014648
v -0.280273 0.495117 0.004883
v -0.286133 0.422852 -0.03418
v -0.176758 0.352539 0.004883
v -0.209961 0.331055 -0.004883
v -0.28418 0.424805 0.014648
v -0.286133 0.422852 -0.03418
v -0.209961 0.331055 -0.004883
v -0.188477 0.319336 0.03418
v -0.241211 0.374023 0.05957
v -0.25293 0.375977 0.032227
v -0.25293 0.375977 0.032227
v -0.241211 0.374023 0.05957
v -0.24707 0.407227 0.047852
v -0.198242 0.319336 0.014648
v -0.237305 0.395508 0.022461
v -0.198242 0.319336 0.014648
v -0.25293 0.375977 0.032227
v -0.25293 0.375977 0.032227
v -0.24707 0.407227 0.047852
v -0.237305 0.395508 0.022461
v -0.280273 0.495117 0.004883
v -0.237305 0.450195 0.02832
v -0.223633 0.46582 -0.024414
v -0.25293 0.448242 -0.053711
v -0.286133 0.422852 -0.03418
v -0.280273 0.495117 0.004883
v -0.223633 0.46582 -0.024414
v -0.25293 0.448242 -0.053711
v -0.280273 0.495117 0.004883
v -0.182617 0.186523 0.098633
v -0.137695 0.118164 0.12207
v -0.131836 0.163086 0.135742
v -0.061523 0.124023 0.141602
v -0.118164 0.229492 0.110352
v -0.182617 0.186523 0.098633
v -0.131836 0.163086 0.135742
v -0.131836 0.163086 0.135742
v -0.061523 0.124023 0.141602
v -0.02832 0.151367 0.141602
v -0.118164 0.229492 0.110352
v -0.200195 0.12793 -0.030273
v -0.213867 0.174805 0.016602
v -0.245117 0.084961 0.032227
v -0.200195 0.12793 -0.030273
v -0.18457 0.145508 0.083008
v -0.147461 0.110352 0.09082
v -0.137695 0.118164 0.12207
v -0.110352 0.102539 0.110352
v -0.18457 0.145508 0.083008
v -0.053711 0.112305 0.12793
v -0.061523 0.124023 0.141602
v -0.151367 0.083008 0.084961
v -0.147461 0.110352 0.09082
v -0.186523 0.106445 0.040039
v -0.110352 0.102539 0.110352
v -0.151367 0.083008 0.084961
v -0.141602 0.051758 0.053711
v -0.116211 0.047852 0.088867
v -0.182617 0.081055 -0.020508
v -0.141602 0.051758 0.053711
v -0.151367 0.083008 0.084961
v -0.151367 0.083008 0.084961
v -0.186523 0.106445 0.040039
v -0.182617 0.081055 -0.020508
v -0.116211 0.047852 0.088867
v -0.098633 0.075195 0.114258
v -0.112305 0.088867 0.112305
v -0.176758 0.131836 0.063477
v -0.176758 0.131836 0.063477
v -0.12793 0.043945 0.045898
v -0.09668 0.040039 0.061523
v -0.155273 0.051758 -0.014648
v -0.182617 0.081055 -0.020508
v -0.141602 0.045898 -0.012695
v -0.176758 0.131836 0.063477
v -0.196289 0.155273 0.024414
v -0.186523 0.106445 0.040039
v -0.186523 0.106445 0.040039
v -0.196289 0.155273 0.024414
v -0.196289 0.110352 -0.026367
v -0.182617 0.081055 -0.020508
v -0.178711 0.24707 0.071289
v -0.178711 0.24707 0.071289
v -0.213867 0.174805 0.016602
v -0.196289 0.155273 0.024414
v -0.208008 0.186523 0.05957
v -0.208008 0.186523 0.05957
v -0.196289 0.155273 0.024414
v -0.176758 0.131836 0.063477
v -0.208008 0.186523 0.05957
v -0.208008 0.186523 0.05957
v -0.182617 0.186523 0.098633
v -0.166992 0.237305 0.083008
v -0.18457 0.145508 0.083008
v -0.166992 0.237305 0.083008
v -0.178711 0.24707 0.071289
v -0.208008 0.186523 0.05957
v -0.200195 0.12793 -0.030273
v -0.200195 0.12793 -0.030273
v -0.149414 0.233398 0.092773
v -0.166992 0.237305 0.083008
v -0.133789 0.241211 0.094727
v -0.178711 0.24707 0.071289
v -0.166992 0.237305 0.083008
v -0.168945 0.250977 0.106445
v -0.168945 0.250977 0.106445
v -0.178711 0.266602 0.09668
v -0.178711 0.24707 0.071289
v -0.18457 0.264648 0.075195
v -0.149414 0.233398 0.092773
v -0.155273 0.249023 0.112305
v -0.155273 0.249023 0.112305
v -0.149414 0.233398 0.092773
v -0.141602 0.256836 0.112305
v -0.161133 0.293945 0.094727
v -0.168945 0.250977 0.106445
v -0.155273 0.249023 0.112305
v -0.141602 0.256836 0.112305
v -0.161133 0.293945 0.094727
v -0.155273 0.249023 0.112305
v -0.12793 0.243164 0.09668
v -0.133789 0.241211 0.094727
v -0.12793 0.243164 0.09668
v -0.120117 0.243164 0.100586
v -0.12793 0.243164 0.09668
v -0.120117 0.243164 0.100586
v -0.129883 0.260742 0.112305
v -0.129883 0.260742 0.112305
v -0.051758 0.086914 0.12793
v -0.053711 0.112305 0.12793
v -0.010742 0.092773 0.12207
v -0.053711 0.112305 0.12793
v -0.051758 0.086914 0.12793
v -0.051758 0.086914 0.12793
v -0.098633 0.075195 0.114258
v -0.049805 0.075195 0.112305
v -0.010742 0.079102 0.104492
v -0.010742 0.092773 0.12207
v -0.061523 0.124023 0.141602
v -0.053711 0.112305 0.12793
v -0.010742 0.141602 0.12793
v -0.02832 0.151367 0.141602
v -0.010742 0.112305 0.12793
v -0.010742 0.141602 0.12793
v 0.03418 0.112305 0.12793
v -0.010742 0.141602 0.12793
v -0.02832 0.219727 0.116211
v -0.010742 0.223633 0.092773
v -0.02832 0.219727 0.116211
v -0.010742 0.141602 0.12793
v 0.008789 0.219727 0.116211
v -0.010742 0.223633 0.092773
v -0.010742 0.141602 0.12793
v 0.03418 0.112305 0.12793
v 0.040039 0.124023 0.141602
v -0.010742 0.141602 0.12793
v 0.006836 0.151367 0.141602
v 0.006836 0.151367 0.141602
v -0.116211 0.047852 0.088867
v -0.098633 0.041992 0.081055
v -0.084961 0.063477 0.100586
v -0.098633 0.041992 0.081055
v -0.083008 0.032227 0.071289
v -0.083008 0.032227 0.071289
v -0.084961 0.063477 0.100586
v -0.084961 0.063477 0.100586
v -0.086914 0.030273 0.05957
v -0.049805 0.075195 0.112305
v -0.049805 0.075195 0.112305
v -0.010742 0.079102 0.104492
v 0.02832 0.075195 0.112305
v -0.010742 0.079102 0.104492
v 0.026367 0.026367 0.12207
v -0.010742 0.092773 0.12207
v -0.010742 0.079102 0.104492
v 0.032227 0.086914 0.12793
v 0.032227 0.086914 0.12793
v 0.02832 0.075195 0.112305
v -0.112305 0.237305 0.104492
v -0.100586 0.233398 0.108398
v -0.02832 0.219727 0.116211
v -0.112305 0.237305 0.104492
v -0.118164 0.258789 0.112305
v -0.100586 0.233398 0.108398
v -0.108398 0.250977 0.114258
v -0.100586 0.24707 0.116211
v -0.100586 0.233398 0.108398
v -0.088867 0.237305 0.106445
v -0.100586 0.24707 0.116211
v -0.088867 0.237305 0.106445
v -0.09082 0.249023 0.112305
v -0.100586 0.24707 0.116211
v -0.100586 0.24707 0.116211
v -0.09082 0.249023 0.112305
v -0.108398 0.250977 0.114258
v -0.088867 0.237305 0.106445
v -0.09082 0.249023 0.112305
v -0.088867 0.237305 0.106445
v -0.077148 0.237305 0.106445
v -0.077148 0.237305 0.106445
v -0.077148 0.24707 0.110352
v -0.09082 0.249023 0.112305
v -0.09082 0.249023 0.112305
v -0.077148 0.24707 0.110352
v -0.067383 0.243164 0.104492
v -0.09082 0.249023 0.112305
v -0.067383 0.243164 0.104492
v -0.098633 0.262695 0.106445
v -0.108398 0.250977 0.114258
v -0.077148 0.237305 0.106445
v -0.067383 0.243164 0.104492
v -0.02832 0.219727 0.116211
v -0.02832 0.219727 0.116211
v -0.06543 0.249023 0.09082
v -0.067383 0.243164 0.104492
v -0.098633 0.262695 0.106445
v -0.010742 0.223633 0.092773
v -0.06543 0.249023 0.09082
v -0.010742 0.223633 0.092773
v -0.05957 0.254883 0.086914
v -0.086914 0.260742 0.083008
v -0.098633 0.262695 0.106445
v -0.06543 0.249023 0.09082
v -0.05957 0.254883 0.086914
v -0.086914 0.260742 0.083008
v -0.06543 0.249023 0.09082
v -0.010742 0.243164 0.083008
v 0.038086 0.254883 0.086914
v -0.010742 0.243164 0.083008
v -0.010742 0.223633 0.092773
v 0.008789 0.219727 0.116211
v 0.045898 0.243164 0.104492
v 0.038086 0.245117 0.092773
v -0.010742 0.243164 0.083008
v -0.010742 0.276367 0.12793
v -0.05957 0.254883 0.086914
v 0.038086 0.254883 0.086914
v -0.010742 0.276367 0.12793
v -0.010742 0.243164 0.083008
v -0.229492 0.28418 0.055664
v -0.237305 0.297852 0.067383
v -0.243164 0.295898 0.063477
v -0.237305 0.297852 0.067383
v -0.243164 0.295898 0.063477
v -0.241211 0.280273 0.055664
v -0.229492 0.28418 0.055664
v -0.219727 0.291992 0.055664
v -0.225586 0.305664 0.069336
v -0.237305 0.297852 0.067383
v -0.237305 0.297852 0.067383
v -0.225586 0.305664 0.069336
v -0.229492 0.28418 0.055664
v -0.209961 0.307617 0.075195
v -0.208008 0.293945 0.055664
v -0.209961 0.307617 0.075195
v -0.225586 0.305664 0.069336
v -0.208008 0.293945 0.055664
v -0.196289 0.288086 0.05957
v -0.192383 0.299805 0.083008
v -0.192383 0.299805 0.083008
v -0.170898 0.329102 0.069336
v -0.192383 0.299805 0.083008
v -0.196289 0.288086 0.05957
v -0.186523 0.276367 0.06543
v -0.180664 0.286133 0.09082
v -0.229492 0.28418 0.055664
v -0.208008 0.293945 0.055664
v -0.219727 0.291992 0.055664
v -0.229492 0.28418 0.055664
v -0.196289 0.288086 0.05957
v -0.186523 0.276367 0.06543
v -0.241211 0.374023 0.05957
v -0.188477 0.319336 0.03418
v -0.172852 0.334961 0.036133
v -0.219727 0.387695 0.061523
v -0.241211 0.374023 0.05957
v -0.219727 0.387695 0.061523
v -0.24707 0.407227 0.047852
v -0.186523 0.334961 0.00293
v -0.137695 0.358398 0.051758
v -0.12793 0.379883 0.038086
v -0.139648 0.401367 0.000977
v -0.241211 0.366211 -0.061523
v -0.178711 0.266602 0.09668
v -0.186523 0.276367 0.06543
v -0.18457 0.264648 0.075195
v -0.178711 0.266602 0.09668
v -0.180664 0.286133 0.09082
v -0.143555 0.297852 0.094727
v -0.139648 0.329102 0.073242
v -0.129883 0.260742 0.112305
v -0.112305 0.27832 0.098633
v -0.143555 0.297852 0.094727
v -0.129883 0.260742 0.112305
v -0.129883 0.260742 0.112305
v -0.118164 0.258789 0.112305
v -0.112305 0.27832 0.098633
v -0.112305 0.27832 0.098633
v -0.125977 0.299805 0.088867
v -0.143555 0.297852 0.094727
v -0.118164 0.321289 0.061523
v -0.118164 0.321289 0.061523
v -0.139648 0.329102 0.073242
v -0.143555 0.297852 0.094727
v -0.125977 0.299805 0.088867
v -0.112305 0.27832 0.098633
v -0.100586 0.274414 0.077148
v -0.110352 0.293945 0.071289
v -0.118164 0.321289 0.061523
v -0.137695 0.358398 0.051758
v -0.172852 0.334961 0.036133
v -0.170898 0.344727 0.016602
v -0.219727 0.387695 0.061523
v -0.213867 0.399414 0.036133
v -0.170898 0.344727 0.016602
v -0.186523 0.334961 0.00293
v -0.237305 0.395508 0.022461
v -0.165039 0.368164 -0.032227
v -0.176758 0.352539 0.004883
v -0.172852 0.366211 0.004883
v -0.15918 0.368164 0.018555
v -0.194336 0.422852 0.010742
v -0.172852 0.366211 0.004883
v -0.194336 0.422852 0.010742
v -0.180664 0.430664 -0.012695
v -0.165039 0.370117 -0.012695
v -0.213867 0.399414 0.036133
v -0.15918 0.368164 0.018555
v -0.143555 0.374023 0.008789
v -0.172852 0.424805 0.026367
v -0.172852 0.424805 0.026367
v -0.114258 0.344727 0.041992
v -0.12793 0.379883 0.038086
v -0.155273 0.430664 0.014648
v -0.147461 0.374023 -0.008789
v -0.155273 0.430664 0.014648
v -0.143555 0.374023 0.008789
v -0.213867 0.399414 0.036133
v -0.24707 0.407227 0.047852
v -0.219727 0.387695 0.061523
v -0.213867 0.399414 0.036133
v -0.237305 0.395508 0.022461
v -0.24707 0.407227 0.047852
v -0.178711 0.452148 0.012695
v -0.194336 0.422852 0.010742
v -0.178711 0.452148 0.012695
v -0.180664 0.430664 -0.012695
v -0.178711 0.452148 0.012695
v -0.110352 0.395508 0.024414
v -0.106445 0.358398 0.03418
v -0.110352 0.395508 0.024414
v -0.100586 0.418945 -0.016602
v -0.100586 0.418945 -0.016602
v -0.241211 0.366211 -0.061523
v -0.139648 0.401367 0.000977
v -0.15918 0.432617 -0.008789
v -0.178711 0.452148 0.012695
v -0.155273 0.430664 0.014648
v -0.15918 0.432617 -0.008789
v -0.180664 0.430664 -0.012695
v -0.067383 0.272461 0.206055
v -0.069336 0.295898 0.211914
v -0.079102 0.299805 0.178711
v -0.057617 0.270508 0.219727
v -0.069336 0.295898 0.211914
v -0.067383 0.272461 0.206055
v -0.079102 0.299805 0.178711
v -0.079102 0.27832 0.172852
v -0.067383 0.272461 0.206055
v -0.067383 0.272461 0.206055
v -0.079102 0.27832 0.172852
v -0.045898 0.264648 0.172852
v -0.045898 0.266602 0.22168
v -0.057617 0.270508 0.219727
v -0.069336 0.295898 0.211914
v -0.06543 0.313477 0.213867
v -0.043945 0.297852 0.237305
v -0.06543 0.313477 0.213867
v -0.045898 0.276367 0.231445
v -0.063477 0.323242 0.213867
v -0.071289 0.319336 0.182617
v -0.041992 0.317383 0.233398
v -0.063477 0.323242 0.213867
v -0.057617 0.327148 0.208008
v -0.071289 0.319336 0.182617
v -0.063477 0.323242 0.213867
v -0.041992 0.329102 0.235352
v -0.041992 0.329102 0.235352
v -0.09082 0.301758 0.124023
v -0.09082 0.301758 0.124023
v -0.045898 0.264648 0.172852
v -0.079102 0.27832 0.172852
v -0.083008 0.319336 0.149414
v -0.063477 0.323242 0.18457
v -0.071289 0.327148 0.172852
v -0.071289 0.319336 0.182617
v -0.071289 0.327148 0.172852
v -0.063477 0.323242 0.18457
v -0.071289 0.327148 0.172852
v -0.063477 0.323242 0.18457
v -0.06543 0.329102 0.176758
v -0.063477 0.334961 0.174805
v -0.071289 0.327148 0.172852
v -0.063477 0.334961 0.174805
v -0.067383 0.338867 0.170898
v -0.067383 0.338867 0.170898
v -0.057617 0.325195 0.18457
v -0.06543 0.329102 0.176758
v -0.063477 0.323242 0.18457
v -0.057617 0.325195 0.18457
v -0.057617 0.329102 0.174805
v -0.063477 0.334961 0.174805
v -0.06543 0.329102 0.176758
v -0.057617 0.329102 0.174805
v -0.053711 0.344727 0.198242
v -0.057617 0.329102 0.174805
v -0.053711 0.344727 0.198242
v -0.063477 0.334961 0.174805
v -0.067383 0.338867 0.170898
v -0.077148 0.370117 0.182617
v -0.079102 0.348633 0.145508
v -0.049805 0.362305 0.196289
v -0.077148 0.370117 0.182617
v -0.067383 0.338867 0.170898
v -0.079102 0.348633 0.145508
v -0.067383 0.338867 0.170898
v -0.053711 0.344727 0.198242
v -0.049805 0.362305 0.196289
v -0.077148 0.381836 0.147461
v -0.077148 0.370117 0.182617
v -0.049805 0.362305 0.196289
v -0.045898 0.374023 0.192383
v -0.077148 0.370117 0.182617
v -0.045898 0.374023 0.192383
v -0.05957 0.379883 0.186523
v -0.077148 0.370117 0.182617
v -0.063477 0.391602 0.180664
v -0.075195 0.393555 0.168945
v -0.063477 0.391602 0.180664
v -0.077148 0.381836 0.147461
v -0.09082 0.331055 0.112305
v -0.083008 0.362305 0.108398
v -0.045898 0.266602 0.22168
v -0.045898 0.276367 0.231445
v -0.045898 0.266602 0.22168
v -0.010742 0.27832 0.239258
v -0.010742 0.27832 0.239258
v -0.010742 0.262695 0.225586
v -0.010742 0.27832 0.239258
v -0.045898 0.266602 0.22168
v -0.010742 0.260742 0.174805
v -0.010742 0.262695 0.225586
v -0.010742 0.299805 0.245117
v -0.043945 0.297852 0.237305
v -0.010742 0.299805 0.245117
v -0.010742 0.319336 0.239258
v -0.041992 0.317383 0.233398
v -0.010742 0.27832 0.239258
v -0.010742 0.262695 0.225586
v 0.024414 0.276367 0.231445
v 0.024414 0.276367 0.231445
v -0.010742 0.27832 0.239258
v 0.024414 0.266602 0.22168
v 0.024414 0.266602 0.22168
v 0.014648 0.319336 0.233398
v 0.024414 0.297852 0.237305
v -0.010742 0.319336 0.239258
v -0.038086 0.333008 0.225586
v -0.010742 0.334961 0.229492
v -0.038086 0.333008 0.225586
v -0.041992 0.329102 0.235352
v -0.010742 0.333008 0.241211
v -0.010742 0.333008 0.241211
v -0.036133 0.331055 0.217773
v -0.057617 0.327148 0.208008
v -0.038086 0.333008 0.225586
v -0.010742 0.331055 0.22168
v -0.010742 0.334961 0.229492
v -0.053711 0.327148 0.202148
v -0.057617 0.325195 0.18457
v -0.03418 0.317383 0.200195
v -0.049805 0.336914 0.194336
v -0.032227 0.334961 0.211914
v -0.053711 0.344727 0.198242
v -0.03418 0.34668 0.200195
v -0.032227 0.334961 0.211914
v -0.049805 0.336914 0.194336
v -0.057617 0.329102 0.174805
v -0.057617 0.329102 0.174805
v -0.03418 0.34668 0.200195
v -0.049805 0.336914 0.194336
v -0.03418 0.342773 0.213867
v -0.010742 0.334961 0.21582
v -0.032227 0.334961 0.211914
v -0.03418 0.34668 0.200195
v -0.010742 0.34668 0.204102
v -0.010742 0.334961 0.21582
v -0.03418 0.360352 0.200195
v -0.053711 0.344727 0.198242
v -0.03418 0.342773 0.213867
v -0.022461 0.350586 0.211914
v -0.010742 0.342773 0.217773
v -0.03418 0.342773 0.213867
v -0.010742 0.342773 0.217773
v -0.010742 0.348633 0.213867
v -0.010742 0.348633 0.213867
v -0.022461 0.350586 0.211914
v -0.03418 0.342773 0.213867
v -0.010742 0.317383 0.204102
v -0.03418 0.317383 0.200195
v -0.010742 0.317383 0.204102
v -0.010742 0.327148 0.15332
v -0.049805 0.327148 0.15332
v -0.049805 0.327148 0.15332
v -0.010742 0.334961 0.196289
v -0.030273 0.334961 0.192383
v -0.032227 0.329102 0.194336
v -0.032227 0.329102 0.194336
v -0.030273 0.334961 0.192383
v -0.038086 0.331055 0.172852
v -0.032227 0.329102 0.194336
v -0.010742 0.327148 0.198242
v -0.010742 0.334961 0.196289
v -0.010742 0.329102 0.172852
v -0.010742 0.327148 0.198242
v -0.032227 0.329102 0.194336
v -0.038086 0.331055 0.172852
v -0.03418 0.360352 0.200195
v -0.049805 0.362305 0.196289
v -0.053711 0.344727 0.198242
v -0.030273 0.37207 0.198242
v -0.049805 0.362305 0.196289
v -0.03418 0.360352 0.200195
v -0.030273 0.37207 0.198242
v -0.03418 0.362305 0.209961
v -0.03418 0.360352 0.200195
v -0.022461 0.350586 0.211914
v -0.030273 0.37207 0.198242
v -0.03418 0.360352 0.200195
v -0.03418 0.362305 0.209961
v -0.03418 0.362305 0.209961
v -0.022461 0.354492 0.223633
v -0.020508 0.37207 0.22168
v -0.022461 0.354492 0.223633
v -0.020508 0.37207 0.22168
v -0.030273 0.374023 0.208008
v -0.045898 0.350586 0.15332
v -0.010742 0.34668 0.204102
v -0.03418 0.34668 0.200195
v -0.03418 0.34668 0.200195
v -0.057617 0.329102 0.174805
v -0.045898 0.350586 0.15332
v -0.036133 0.37793 0.192383
v -0.036133 0.379883 0.192383
v -0.045898 0.375977 0.192383
v -0.045898 0.374023 0.192383
v -0.045898 0.375977 0.192383
v -0.036133 0.37793 0.192383
v -0.010742 0.333008 0.241211
v 0.012695 0.331055 0.237305
v -0.010742 0.334961 0.229492
v -0.010742 0.333008 0.241211
v 0.012695 0.331055 0.237305
v 0.012695 0.334961 0.227539
v -0.010742 0.334961 0.229492
v 0.012695 0.331055 0.237305
v 0.012695 0.334961 0.227539
v 0.018555 0.331055 0.217773
v -0.010742 0.317383 0.204102
v -0.010742 0.331055 0.22168
v 0.014648 0.331055 0.219727
v 0.018555 0.331055 0.217773
v -0.010742 0.354492 0.225586
v -0.020508 0.37207 0.22168
v -0.022461 0.354492 0.223633
v -0.010742 0.348633 0.213867
v -0.010742 0.354492 0.225586
v -0.020508 0.37207 0.22168
v -0.010742 0.354492 0.225586
v -0.010742 0.37207 0.223633
v -0.020508 0.37207 0.22168
v -0.010742 0.37207 0.223633
v -0.010742 0.375977 0.211914
v -0.020508 0.375977 0.211914
v -0.030273 0.374023 0.208008
v 0.000977 0.37207 0.22168
v -0.010742 0.37207 0.223633
v -0.010742 0.354492 0.225586
v 0.000977 0.354492 0.223633
v 0.000977 0.354492 0.223633
v 0.000977 0.37207 0.22168
v -0.010742 0.317383 0.202148
v -0.026367 0.333008 0.198242
v -0.026367 0.317383 0.198242
v -0.026367 0.317383 0.198242
v -0.026367 0.333008 0.198242
v -0.036133 0.333008 0.182617
v -0.036133 0.317383 0.182617
v -0.010742 0.333008 0.202148
v -0.030273 0.334961 0.194336
v -0.010742 0.334961 0.200195
v -0.010742 0.350586 0.200195
v -0.030273 0.350586 0.194336
v -0.043945 0.350586 0.174805
v -0.043945 0.334961 0.174805
v -0.010742 0.34082 0.174805
v -0.032227 0.338867 0.174805
v -0.032227 0.338867 0.174805
v 0.014648 0.317383 0.200195
v 0.014648 0.317383 0.200195
v 0.012695 0.342773 0.213867
v -0.010742 0.342773 0.217773
v -0.010742 0.334961 0.21582
v 0.012695 0.334961 0.211914
v 0.012695 0.334961 0.211914
v 0.012695 0.342773 0.213867
v 0.004883 0.333008 0.198242
v -0.010742 0.333008 0.202148
v -0.010742 0.317383 0.202148
v 0.004883 0.317383 0.198242
v 0.010742 0.327148 0.194336
v 0.010742 0.327148 0.194336
v 0.008789 0.334961 0.194336
v -0.010742 0.350586 0.200195
v -0.010742 0.334961 0.200195
v 0.010742 0.338867 0.174805
v 0.010742 0.327148 0.194336
v 0.004883 0.333008 0.192383
v -0.024414 0.375977 0.204102
v -0.030273 0.37207 0.198242
v -0.030273 0.374023 0.208008
v -0.024414 0.375977 0.204102
v -0.024414 0.375977 0.204102
v -0.036133 0.37793 0.192383
v -0.030273 0.37207 0.198242
v 0.000977 0.350586 0.211914
v 0.000977 0.354492 0.223633
v -0.010742 0.348633 0.213867
v -0.010742 0.348633 0.213867
v 0.012695 0.342773 0.213867
v 0.000977 0.350586 0.211914
v -0.010742 0.34668 0.204102
v -0.045898 0.350586 0.15332
v -0.010742 0.352539 0.15332
v -0.010742 0.34668 0.204102
v -0.010742 0.352539 0.15332
v 0.024414 0.350586 0.15332
v 0.014648 0.34668 0.200195
v 0.014648 0.34668 0.200195
v 0.008789 0.350586 0.194336
v -0.049805 0.282227 0.124023
v -0.010742 0.260742 0.174805
v -0.045898 0.264648 0.172852
v -0.045898 0.264648 0.172852
v -0.09082 0.301758 0.124023
v -0.083008 0.301758 0.108398
v -0.049805 0.282227 0.124023
v -0.010742 0.276367 0.12793
v 0.02832 0.282227 0.124023
v 0.024414 0.264648 0.172852
v 0.024414 0.264648 0.172852
v -0.049805 0.282227 0.124023
v 0.02832 0.282227 0.124023
v -0.049805 0.327148 0.15332
v -0.057617 0.329102 0.174805
v -0.057617 0.325195 0.18457
v -0.045898 0.350586 0.15332
v -0.040039 0.333008 0.165039
v -0.040039 0.317383 0.165039
v -0.043945 0.334961 0.174805
v -0.043945 0.350586 0.174805
v -0.045898 0.350586 0.15332
v -0.045898 0.334961 0.15332
v -0.038086 0.331055 0.172852
v -0.032227 0.338867 0.174805
v -0.024414 0.338867 0.151367
v -0.010742 0.331055 0.151367
v -0.02832 0.333008 0.151367
v -0.02832 0.333008 0.151367
v -0.032227 0.338867 0.174805
v -0.010742 0.34082 0.174805
v -0.024414 0.338867 0.151367
v -0.047852 0.37207 0.176758
v -0.036133 0.374023 0.176758
v -0.038086 0.37793 0.188477
v -0.045898 0.375977 0.188477
v -0.047852 0.37207 0.176758
v -0.045898 0.375977 0.188477
v -0.057617 0.379883 0.176758
v -0.032227 0.383789 0.188477
v -0.02832 0.383789 0.176758
v -0.010742 0.327148 0.15332
v -0.045898 0.350586 0.15332
v -0.049805 0.327148 0.15332
v -0.010742 0.352539 0.15332
v 0.016602 0.329102 0.172852
v -0.010742 0.338867 0.151367
v 0.010742 0.338867 0.174805
v 0.024414 0.350586 0.15332
v 0.02832 0.327148 0.15332
v 0.02832 0.327148 0.15332
v 0.006836 0.331055 0.151367
v 0.00293 0.336914 0.151367
v -0.067383 0.399414 0.192383
v -0.073242 0.40918 0.19043
v -0.075195 0.393555 0.168945
v -0.051758 0.416992 0.213867
v -0.075195 0.393555 0.168945
v -0.063477 0.391602 0.180664
v -0.067383 0.399414 0.192383
v -0.061523 0.393555 0.186523
v -0.049805 0.397461 0.213867
v -0.049805 0.397461 0.213867
v -0.073242 0.411133 0.15332
v -0.073242 0.40918 0.19043
v -0.06543 0.420898 0.182617
v -0.051758 0.416992 0.213867
v -0.05957 0.391602 0.182617
v -0.05957 0.391602 0.182617
v -0.06543 0.432617 0.15918
v -0.05957 0.43457 0.176758
v -0.049805 0.424805 0.204102
v -0.049805 0.43457 0.186523
v -0.055664 0.43457 0.182617
v -0.067383 0.430664 0.151367
v -0.067383 0.442383 0.161133
v -0.067383 0.430664 0.151367
v -0.06543 0.432617 0.15918
v -0.06543 0.442383 0.170898
v -0.061523 0.43457 0.168945
v -0.06543 0.442383 0.170898
v -0.06543 0.432617 0.15918
v -0.061523 0.43457 0.168945
v -0.077148 0.428711 0.120117
v -0.081055 0.397461 0.112305
v -0.069336 0.430664 0.143555
v -0.071289 0.44043 0.151367
v -0.069336 0.430664 0.143555
v -0.067383 0.430664 0.151367
v -0.067383 0.430664 0.151367
v -0.067383 0.442383 0.161133
v -0.071289 0.44043 0.151367
v -0.071289 0.44043 0.145508
v -0.071289 0.43457 0.137695
v -0.071289 0.43457 0.137695
v -0.073242 0.442383 0.137695
v -0.071289 0.43457 0.131836
v -0.071289 0.43457 0.137695
v -0.071289 0.43457 0.131836
v -0.077148 0.428711 0.120117
v -0.073242 0.44043 0.129883
v -0.071289 0.43457 0.131836
v -0.073242 0.44043 0.129883
v -0.075195 0.432617 0.124023
v -0.075195 0.432617 0.124023
v -0.077148 0.428711 0.120117
v -0.071289 0.43457 0.131836
v -0.063477 0.442383 0.178711
v -0.06543 0.442383 0.170898
v -0.061523 0.43457 0.168945
v -0.057617 0.456055 0.174805
v -0.06543 0.442383 0.170898
v -0.063477 0.442383 0.178711
v -0.05957 0.43457 0.176758
v -0.063477 0.442383 0.178711
v -0.05957 0.43457 0.176758
v -0.05957 0.442383 0.18457
v -0.05957 0.442383 0.18457
v -0.067383 0.442383 0.161133
v -0.071289 0.44043 0.151367
v -0.061523 0.463867 0.141602
v -0.071289 0.44043 0.145508
v -0.073242 0.442383 0.137695
v -0.063477 0.459961 0.108398
v -0.073242 0.44043 0.129883
v -0.045898 0.391602 0.202148
v -0.020508 0.385742 0.22168
v -0.020508 0.405273 0.223633
v -0.020508 0.385742 0.22168
v -0.045898 0.37793 0.192383
v -0.053711 0.383789 0.188477
v -0.057617 0.381836 0.188477
v -0.057617 0.391602 0.182617
v -0.057617 0.381836 0.188477
v -0.045898 0.37793 0.192383
v -0.05957 0.391602 0.182617
v -0.05957 0.379883 0.186523
v -0.057617 0.381836 0.188477
v -0.05957 0.391602 0.182617
v -0.055664 0.389648 0.188477
v -0.051758 0.381836 0.19043
v -0.043945 0.387695 0.192383
v -0.05957 0.391602 0.176758
v -0.051758 0.381836 0.19043
v -0.055664 0.389648 0.188477
v -0.047852 0.397461 0.19043
v -0.055664 0.389648 0.188477
v -0.047852 0.397461 0.19043
v -0.051758 0.399414 0.176758
v -0.05957 0.391602 0.176758
v -0.051758 0.381836 0.19043
v -0.045898 0.375977 0.188477
v -0.043945 0.387695 0.192383
v -0.051758 0.381836 0.19043
v -0.05957 0.391602 0.176758
v -0.057617 0.379883 0.176758
v -0.051758 0.381836 0.19043
v -0.053711 0.383789 0.188477
v -0.045898 0.37793 0.192383
v -0.045898 0.37793 0.188477
v -0.055664 0.381836 0.18457
v -0.053711 0.383789 0.188477
v -0.055664 0.381836 0.18457
v -0.057617 0.391602 0.182617
v -0.047852 0.397461 0.19043
v -0.041992 0.397461 0.188477
v -0.047852 0.397461 0.19043
v -0.041992 0.397461 0.188477
v -0.040039 0.401367 0.176758
v -0.051758 0.399414 0.176758
v -0.043945 0.391602 0.19043
v -0.032227 0.385742 0.19043
v -0.043945 0.389648 0.196289
v -0.043945 0.389648 0.196289
v -0.032227 0.385742 0.19043
v -0.02832 0.387695 0.192383
v -0.02832 0.387695 0.192383
v -0.043945 0.391602 0.194336
v -0.043945 0.389648 0.196289
v -0.055664 0.391602 0.186523
v -0.057617 0.393555 0.182617
v -0.043945 0.391602 0.19043
v -0.043945 0.389648 0.196289
v -0.055664 0.391602 0.186523
v -0.038086 0.381836 0.192383
v -0.045898 0.37793 0.192383
v -0.036133 0.379883 0.188477
v -0.045898 0.37793 0.188477
v -0.045898 0.37793 0.192383
v -0.038086 0.381836 0.192383
v -0.038086 0.37793 0.188477
v -0.032227 0.383789 0.188477
v -0.03418 0.393555 0.188477
v -0.030273 0.385742 0.19043
v -0.036133 0.37793 0.192383
v -0.024414 0.375977 0.204102
v -0.026367 0.385742 0.19043
v -0.026367 0.385742 0.19043
v -0.030273 0.383789 0.186523
v -0.030273 0.385742 0.19043
v -0.032227 0.385742 0.19043
v -0.043945 0.391602 0.19043
v -0.030273 0.387695 0.188477
v -0.026367 0.385742 0.19043
v -0.030273 0.385742 0.19043
v -0.02832 0.383789 0.176758
v -0.03418 0.393555 0.188477
v -0.032227 0.383789 0.188477
v -0.043945 0.391602 0.194336
v -0.02832 0.387695 0.192383
v -0.020508 0.383789 0.202148
v -0.057617 0.393555 0.18457
v -0.043945 0.391602 0.194336
v -0.057617 0.393555 0.18457
v -0.055664 0.391602 0.186523
v -0.041992 0.397461 0.188477
v -0.03418 0.393555 0.188477
v -0.032227 0.395508 0.176758
v -0.040039 0.401367 0.176758
v -0.032227 0.395508 0.176758
v -0.020508 0.405273 0.223633
v -0.049805 0.424805 0.204102
v -0.051758 0.416992 0.213867
v -0.010742 0.40918 0.217773
v -0.045898 0.436523 0.19043
v -0.045898 0.436523 0.19043
v -0.040039 0.44043 0.19043
v -0.043945 0.448242 0.192383
v -0.049805 0.444336 0.192383
v -0.045898 0.436523 0.19043
v -0.045898 0.436523 0.19043
v -0.049805 0.444336 0.192383
v -0.049805 0.43457 0.186523
v -0.040039 0.44043 0.19043
v -0.010742 0.385742 0.21582
v -0.020508 0.405273 0.223633
v -0.020508 0.385742 0.22168
v -0.010742 0.385742 0.21582
v -0.010742 0.40918 0.217773
v -0.010742 0.40918 0.217773
v -0.010742 0.385742 0.21582
v -0.000977 0.40332 0.223633
v 0.000977 0.383789 0.22168
v 0.02832 0.422852 0.202148
v -0.010742 0.40918 0.217773
v -0.000977 0.40332 0.223633
v -0.000977 0.40332 0.223633
v 0.000977 0.383789 0.22168
v 0.030273 0.391602 0.211914
v 0.032227 0.413086 0.211914
v 0.032227 0.413086 0.211914
v -0.024414 0.375977 0.204102
v -0.020508 0.375977 0.211914
v -0.020508 0.383789 0.202148
v -0.026367 0.385742 0.19043
v -0.010742 0.383789 0.206055
v -0.020508 0.383789 0.202148
v -0.026367 0.385742 0.19043
v -0.030273 0.385742 0.19043
v -0.030273 0.387695 0.188477
v -0.030273 0.383789 0.186523
v -0.010742 0.383789 0.206055
v -0.000977 0.375977 0.211914
v 0.000977 0.383789 0.202148
v 0.000977 0.383789 0.22168
v 0.000977 0.383789 0.202148
v -0.000977 0.375977 0.211914
v 0.000977 0.37207 0.22168
v 0.008789 0.374023 0.208008
v 0.004883 0.375977 0.204102
v -0.000977 0.375977 0.211914
v 0.004883 0.375977 0.204102
v 0.000977 0.383789 0.202148
v -0.00293 0.436523 0.198242
v -0.010742 0.438477 0.196289
v 0.004883 0.43457 0.198242
v -0.03418 0.442383 0.19043
v -0.02832 0.444336 0.19043
v -0.022461 0.444336 0.19043
v -0.016602 0.442383 0.194336
v 0.014648 0.43457 0.198242
v 0.02832 0.422852 0.202148
v 0.014648 0.43457 0.198242
v -0.010742 0.40918 0.217773
v -0.008789 0.446289 0.200195
v -0.010742 0.438477 0.196289
v -0.00293 0.436523 0.198242
v -0.000977 0.446289 0.200195
v -0.008789 0.446289 0.200195
v -0.00293 0.436523 0.198242
v 0.004883 0.43457 0.198242
v -0.053711 0.444336 0.188477
v -0.053711 0.444336 0.188477
v -0.049805 0.444336 0.192383
v -0.049805 0.444336 0.192383
v -0.043945 0.448242 0.192383
v -0.057617 0.456055 0.174805
v -0.03418 0.442383 0.19043
v -0.038086 0.452148 0.19043
v -0.038086 0.452148 0.19043
v -0.030273 0.454102 0.19043
v -0.02832 0.444336 0.19043
v -0.030273 0.454102 0.19043
v -0.010742 0.467773 0.180664
v -0.038086 0.463867 0.176758
v -0.02832 0.444336 0.19043
v -0.022461 0.444336 0.19043
v -0.020508 0.454102 0.192383
v -0.020508 0.454102 0.192383
v -0.030273 0.454102 0.19043
v -0.02832 0.444336 0.19043
v -0.022461 0.444336 0.19043
v -0.016602 0.442383 0.194336
v -0.012695 0.452148 0.196289
v -0.020508 0.454102 0.192383
v -0.020508 0.454102 0.192383
v -0.012695 0.452148 0.196289
v -0.008789 0.446289 0.200195
v -0.000977 0.446289 0.200195
v -0.00293 0.458008 0.194336
v 0.006836 0.444336 0.200195
v -0.00293 0.458008 0.194336
v 0.014648 0.456055 0.194336
v 0.014648 0.456055 0.194336
v -0.057617 0.391602 0.180664
v -0.057617 0.391602 0.182617
v -0.055664 0.381836 0.18457
v -0.061523 0.393555 0.186523
v -0.05957 0.391602 0.182617
v -0.057617 0.393555 0.18457
v -0.057617 0.391602 0.182617
v -0.057617 0.391602 0.182617
v -0.055664 0.391602 0.186523
v -0.057617 0.391602 0.182617
v -0.057617 0.391602 0.180664
v -0.057617 0.391602 0.180664
v -0.057617 0.393555 0.182617
v -0.055664 0.391602 0.186523
v -0.055664 0.43457 0.182617
v -0.040039 0.47168 0.141602
v -0.061523 0.463867 0.141602
v -0.061523 0.463867 0.141602
v -0.040039 0.47168 0.141602
v -0.063477 0.459961 0.108398
v -0.010742 0.473633 0.143555
v -0.040039 0.47168 0.141602
v -0.010742 0.473633 0.143555
v -0.040039 0.46582 0.106445
v -0.040039 0.46582 0.106445
v 0.016602 0.467773 0.143555
v -0.010742 0.467773 0.180664
v 0.014648 0.461914 0.180664
v 0.014648 0.461914 0.180664
v -0.010742 0.467773 0.106445
v 0.018555 0.461914 0.106445
v -0.108398 0.250977 0.114258
v -0.112305 0.27832 0.098633
v -0.118164 0.258789 0.112305
v -0.112305 0.27832 0.098633
v -0.108398 0.250977 0.114258
v -0.098633 0.262695 0.106445
v -0.098633 0.262695 0.106445
v -0.100586 0.274414 0.077148
v -0.083008 0.301758 0.108398
v -0.110352 0.293945 0.071289
v -0.100586 0.274414 0.077148
v -0.049805 0.282227 0.124023
v -0.100586 0.274414 0.077148
v -0.086914 0.260742 0.083008
v -0.05957 0.254883 0.086914
v -0.100586 0.274414 0.077148
v -0.110352 0.293945 0.071289
v -0.083008 0.301758 0.108398
v -0.092773 0.338867 0.086914
v -0.110352 0.293945 0.071289
v -0.092773 0.338867 0.086914
v -0.118164 0.321289 0.061523
v -0.09082 0.331055 0.112305
v -0.083008 0.301758 0.108398
v -0.09082 0.301758 0.124023
v -0.083008 0.301758 0.108398
v -0.09082 0.331055 0.112305
v -0.083008 0.362305 0.108398
v -0.083008 0.362305 0.108398
v -0.084961 0.375977 0.057617
v -0.083008 0.362305 0.108398
v -0.081055 0.397461 0.112305
v -0.071289 0.415039 0.073242
v -0.071289 0.387695 0.075195
v -0.071289 0.387695 0.075195
v -0.118164 0.321289 0.061523
v -0.114258 0.344727 0.041992
v -0.092773 0.37207 0.030273
v -0.106445 0.358398 0.03418
v -0.114258 0.344727 0.041992
v -0.092773 0.37207 0.030273
v -0.092773 0.37207 0.030273
v -0.084961 0.407227 0.010742
v -0.092773 0.37207 0.030273
v -0.084961 0.375977 0.057617
v -0.051758 0.393555 0.038086
v -0.071289 0.381836 0.022461
v -0.071289 0.381836 0.022461
v -0.077148 0.428711 0.120117
v -0.067383 0.442383 0.086914
v -0.067383 0.442383 0.086914
v -0.071289 0.387695 0.075195
v -0.071289 0.415039 0.073242
v -0.043945 0.418945 0.05957
v -0.071289 0.387695 0.075195
v -0.043945 0.397461 0.05957
v -0.043945 0.397461 0.05957
v -0.067383 0.442383 0.086914
v -0.067383 0.442383 0.086914
v -0.041992 0.448242 0.075195
v -0.041992 0.448242 0.075195
v -0.084961 0.407227 0.010742
v -0.057617 0.389648 0.012695
v -0.057617 0.389648 0.012695
v -0.057617 0.401367 0.006836
v -0.057617 0.401367 0.006836
v -0.05957 0.420898 -0.010742
v -0.061523 0.428711 -0.032227
v -0.010742 0.450195 0.073242
v -0.010742 0.467773 0.106445
v -0.010742 0.450195 0.073242
v 0.022461 0.448242 0.075195
v -0.010742 0.450195 0.073242
v -0.010742 0.418945 0.057617
v -0.043945 0.418945 0.05957
v -0.010742 0.450195 0.073242
v 0.024414 0.418945 0.05957
v 0.022461 0.448242 0.075195
v -0.051758 0.393555 0.038086
v -0.043945 0.397461 0.05957
v -0.010742 0.391602 0.032227
v -0.032227 0.389648 0.018555
v -0.057617 0.389648 0.012695
v -0.010742 0.391602 0.020508
v -0.010742 0.397461 0.055664
v -0.010742 0.397461 0.055664
v -0.010742 0.418945 0.057617
v -0.032227 0.389648 0.018555
v -0.057617 0.389648 0.012695
v -0.03418 0.413086 0.004883
v -0.03418 0.424805 -0.012695
v -0.010742 0.391602 0.020508
v -0.010742 0.415039 0.006836
v -0.010742 0.430664 -0.03418
v 0.024414 0.397461 0.05957
v -0.010742 0.397461 0.055664
v 0.024414 0.397461 0.05957
v 0.022461 0.391602 0.010742
v 0.030273 0.393555 0.038086
v 0.004883 0.416992 0.000977
v -0.010742 0.415039 0.006836
v -0.010742 0.391602 0.020508
v 0.022461 0.391602 0.010742
v 0.006836 0.391602 0.016602
v -0.010742 0.391602 0.020508
v -0.010742 0.391602 0.020508
v 0.006836 0.391602 0.016602
v 0.004883 0.416992 0.000977
v 0.004883 0.416992 0.000977
v -0.385742 -0.299805 -0.026367
v -0.381836 -0.334961 -0.022461
v -0.405273 -0.317383 -0.016602
v -0.422852 -0.286133 -0.014648
v -0.37207 -0.311523 -0.02832
v -0.370117 -0.334961 -0.018555
v -0.381836 -0.334961 -0.022461
v -0.426758 -0.25293 -0.024414
v -0.422852 -0.286133 -0.014648
v -0.426758 -0.25293 -0.024414
v -0.395508 -0.250977 -0.036133
v -0.397461 -0.27832 -0.026367
v -0.436523 -0.241211 -0.02832
v -0.393555 -0.208008 -0.055664
v -0.395508 -0.250977 -0.036133
v -0.393555 -0.208008 -0.055664
v -0.385742 -0.204102 -0.055664
v -0.385742 -0.204102 -0.055664
v -0.366211 -0.321289 -0.022461
v -0.260742 -0.303711 -0.026367
v -0.243164 -0.30957 -0.006836
v -0.260742 -0.303711 -0.026367
v -0.260742 -0.321289 -0.008789
v -0.258789 -0.331055 -0.024414
v -0.260742 -0.303711 -0.026367
v -0.245117 -0.323242 -0.03418
v -0.245117 -0.323242 -0.03418
v -0.21582 -0.375977 -0.010742
v -0.258789 -0.331055 -0.024414
v -0.233398 -0.30957 -0.020508
v -0.245117 -0.323242 -0.03418
v -0.260742 -0.303711 -0.026367
v -0.260742 -0.303711 -0.026367
v -0.243164 -0.30957 -0.006836
v -0.233398 -0.30957 -0.020508
v -0.254883 -0.233398 -0.049805
v -0.249023 -0.270508 -0.061523
v -0.243164 -0.249023 -0.022461
v -0.254883 -0.233398 -0.049805
v -0.258789 -0.268555 -0.03418
v -0.24707 -0.327148 -0.079102
v -0.260742 -0.333008 -0.110352
v -0.260742 -0.350586 -0.083008
v -0.260742 -0.350586 -0.083008
v -0.260742 -0.333008 -0.110352
v -0.243164 -0.362305 -0.102539
v -0.22168 -0.375977 -0.036133
v -0.213867 -0.356445 -0.03418
v -0.243164 -0.362305 -0.102539
v -0.22168 -0.375977 -0.036133
v -0.260742 -0.350586 -0.083008
v -0.260742 -0.333008 -0.110352
v -0.24707 -0.327148 -0.079102
v -0.227539 -0.327148 -0.092773
v -0.260742 -0.333008 -0.110352
v -0.227539 -0.327148 -0.092773
v -0.223633 -0.34668 -0.104492
v -0.223633 -0.34668 -0.104492
v -0.243164 -0.362305 -0.102539
v -0.260742 -0.333008 -0.110352
v -0.452148 -0.166992 -0.045898
v -0.446289 -0.196289 -0.03418
v -0.448242 -0.194336 -0.012695
v -0.446289 -0.196289 -0.03418
v -0.436523 -0.206055 -0.02832
v -0.448242 -0.194336 -0.012695
v -0.442383 -0.186523 -0.000977
v -0.452148 -0.166992 -0.045898
v -0.438477 -0.196289 -0.051758
v -0.438477 -0.196289 -0.051758
v -0.44043 -0.168945 -0.06543
v -0.438477 -0.196289 -0.051758
v -0.44043 -0.168945 -0.06543
v -0.416992 -0.198242 -0.063477
v -0.432617 -0.206055 -0.041992
v -0.436523 -0.206055 -0.02832
v -0.438477 -0.196289 -0.051758
v -0.416992 -0.198242 -0.063477
v -0.432617 -0.206055 -0.041992
v -0.438477 -0.196289 -0.051758
v -0.450195 -0.133789 -0.030273
v -0.444336 -0.137695 -0.051758
v -0.43457 -0.124023 -0.051758
v -0.444336 -0.137695 -0.051758
v -0.450195 -0.133789 -0.030273
v -0.438477 -0.12207 -0.032227
v -0.432617 -0.139648 -0.069336
v -0.426758 -0.12793 -0.067383
v -0.432617 -0.139648 -0.069336
v -0.416992 -0.170898 -0.079102
v -0.432617 -0.139648 -0.069336
v -0.432617 -0.206055 -0.041992
v -0.413086 -0.206055 -0.049805
v -0.413086 -0.206055 -0.049805
v -0.395508 -0.200195 -0.069336
v -0.375977 -0.198242 -0.045898
v -0.370117 -0.19043 -0.057617
v -0.364258 -0.186523 -0.032227
v -0.383789 -0.196289 -0.069336
v -0.383789 -0.196289 -0.069336
v -0.395508 -0.200195 -0.069336
v -0.387695 -0.174805 -0.083008
v -0.387695 -0.174805 -0.083008
v -0.387695 -0.174805 -0.083008
v -0.411133 -0.143555 -0.081055
v -0.387695 -0.149414 -0.084961
v -0.426758 -0.12793 -0.067383
v -0.407227 -0.129883 -0.075195
v -0.413086 -0.020508 -0.116211
v -0.426758 -0.12793 -0.067383
v -0.43457 -0.124023 -0.051758
v -0.413086 -0.020508 -0.116211
v -0.387695 -0.149414 -0.084961
v -0.411133 -0.143555 -0.081055
v -0.407227 -0.129883 -0.075195
v -0.385742 -0.135742 -0.079102
v -0.387695 -0.174805 -0.083008
v -0.387695 -0.149414 -0.084961
v -0.364258 -0.151367 -0.081055
v -0.366211 -0.174805 -0.073242
v -0.370117 -0.19043 -0.057617
v -0.387695 -0.174805 -0.083008
v -0.366211 -0.174805 -0.073242
v -0.385742 -0.135742 -0.079102
v -0.323242 -0.041992 -0.141602
v -0.364258 -0.139648 -0.077148
v -0.323242 -0.041992 -0.141602
v -0.364258 -0.139648 -0.077148
v -0.385742 -0.135742 -0.079102
v -0.438477 -0.12207 -0.032227
v -0.442383 -0.108398 -0.012695
v -0.43457 0.014648 -0.026367
v -0.413086 -0.038086 -0.071289
v -0.416992 -0.036133 -0.057617
v -0.454102 -0.000977 -0.094727
v -0.458008 0.00293 -0.077148
v -0.401367 -0.030273 -0.075195
v -0.413086 -0.038086 -0.071289
v -0.454102 -0.000977 -0.094727
v -0.44043 0.012695 -0.100586
v -0.454102 -0.000977 -0.094727
v -0.458008 0.00293 -0.077148
v -0.459961 0.026367 -0.094727
v -0.454102 -0.000977 -0.094727
v -0.459961 0.026367 -0.094727
v -0.44043 0.012695 -0.100586
v -0.428711 -0.016602 -0.02832
v -0.415039 -0.006836 -0.004883
v -0.459961 0.086914 -0.053711
v -0.436523 0.079102 -0.079102
v -0.415039 -0.016602 -0.045898
v -0.428711 -0.016602 -0.02832
v -0.459961 0.086914 -0.053711
v -0.415039 -0.006836 -0.004883
v -0.387695 -0.00293 -0.014648
v -0.442383 0.102539 -0.024414
v -0.442383 0.102539 -0.024414
v -0.416992 -0.036133 -0.057617
v -0.40918 -0.024414 -0.051758
v -0.458008 0.00293 -0.077148
v -0.407227 0.086914 -0.071289
v -0.387695 -0.008789 -0.040039
v -0.415039 -0.016602 -0.045898
v -0.436523 0.079102 -0.079102
v -0.40918 -0.024414 -0.051758
v -0.397461 -0.020508 -0.063477
v -0.454102 0.020508 -0.073242
v -0.454102 0.020508 -0.073242
v -0.387695 -0.00293 -0.014648
v -0.387695 -0.008789 -0.040039
v -0.407227 0.086914 -0.071289
v -0.40918 0.106445 -0.040039
v -0.40918 0.106445 -0.040039
v -0.30957 0.008789 -0.145508
v -0.413086 -0.020508 -0.116211
v -0.43457 0.014648 -0.026367
v -0.397461 0.06543 -0.079102
v -0.397461 0.06543 -0.079102
v -0.395508 0.047852 -0.108398
v -0.413086 -0.020508 -0.116211
v -0.413086 -0.020508 -0.116211
v -0.395508 0.047852 -0.108398
v -0.379883 0.03418 -0.129883
v -0.358398 0.024414 -0.143555
v -0.333008 0.014648 -0.147461
v -0.413086 -0.020508 -0.116211
v -0.333008 0.014648 -0.147461
v -0.30957 0.008789 -0.145508
v -0.438477 0.026367 -0.084961
v -0.397461 -0.020508 -0.063477
v -0.401367 -0.030273 -0.075195
v -0.44043 0.012695 -0.100586
v -0.438477 0.026367 -0.084961
v -0.350586 -0.174805 -0.018555
v -0.356445 -0.180664 -0.045898
v -0.364258 -0.186523 -0.032227
v -0.370117 -0.19043 -0.057617
v -0.366211 -0.174805 -0.073242
v -0.356445 -0.180664 -0.045898
v -0.370117 -0.19043 -0.057617
v -0.350586 -0.174805 -0.018555
v -0.342773 -0.168945 -0.032227
v -0.350586 -0.165039 -0.05957
v -0.342773 -0.168945 -0.032227
v -0.313477 -0.131836 -0.040039
v -0.327148 -0.133789 -0.055664
v -0.342773 -0.141602 -0.069336
v -0.364258 -0.151367 -0.081055
v -0.327148 -0.15918 -0.018555
v -0.303711 -0.118164 -0.024414
v -0.313477 -0.131836 -0.040039
v -0.327148 -0.133789 -0.055664
v -0.31543 -0.116211 -0.041992
v -0.31543 -0.116211 -0.041992
v -0.342773 -0.141602 -0.069336
v -0.329102 -0.118164 -0.057617
v -0.34668 -0.12793 -0.069336
v -0.323242 -0.041992 -0.141602
v -0.34668 -0.12793 -0.069336
v -0.364258 -0.139648 -0.077148
v -0.329102 -0.118164 -0.057617
v -0.22168 -0.254883 -0.061523
v -0.249023 -0.270508 -0.061523
v -0.254883 -0.233398 -0.049805
v -0.217773 -0.243164 -0.041992
v -0.22168 -0.254883 -0.061523
v -0.254883 -0.233398 -0.049805
v -0.254883 -0.233398 -0.049805
v -0.243164 -0.249023 -0.022461
v -0.217773 -0.243164 -0.041992
v -0.254883 -0.032227 -0.05957
v -0.290039 0.006836 -0.129883
v -0.250977 0.014648 -0.073242
v -0.323242 -0.041992 -0.141602
v -0.30957 0.008789 -0.145508
v -0.290039 0.006836 -0.129883
v -0.229492 -0.49707 -0.024414
v -0.233398 -0.481445 -0.030273
v -0.19043 -0.49707 -0.05957
v -0.19043 -0.49707 -0.05957
v -0.22168 -0.444336 -0.02832
v -0.186523 -0.430664 -0.057617
v -0.192383 -0.479492 -0.069336
v -0.227539 -0.432617 -0.030273
v -0.19043 -0.49707 -0.05957
v -0.192383 -0.479492 -0.069336
v -0.131836 -0.479492 -0.063477
v -0.137695 -0.499023 -0.053711
v -0.137695 -0.499023 -0.053711
v -0.225586 -0.387695 -0.024414
v -0.188477 -0.420898 -0.063477
v -0.186523 -0.385742 -0.05957
v -0.182617 -0.319336 -0.067383
v -0.229492 -0.313477 -0.018555
v -0.209961 -0.383789 -0.049805
v -0.219727 -0.40332 -0.077148
v -0.202148 -0.424805 -0.024414
v -0.209961 -0.415039 -0.018555
v -0.209961 -0.415039 -0.018555
v -0.204102 -0.405273 -0.016602
v -0.227539 -0.391602 -0.067383
v -0.227539 -0.391602 -0.067383
v -0.202148 -0.395508 -0.081055
v -0.192383 -0.420898 -0.026367
v -0.202148 -0.424805 -0.024414
v -0.219727 -0.40332 -0.077148
v -0.19043 -0.40918 -0.020508
v -0.192383 -0.420898 -0.026367
v -0.200195 -0.381836 -0.077148
v -0.217773 -0.37793 -0.069336
v -0.204102 -0.405273 -0.016602
v -0.19043 -0.40918 -0.020508
v -0.200195 -0.381836 -0.077148
v -0.202148 -0.395508 -0.081055
v -0.21582 -0.375977 -0.010742
v -0.208008 -0.368164 -0.000977
v -0.217773 -0.37793 -0.069336
v -0.223633 -0.34668 -0.104492
v -0.194336 -0.37207 -0.055664
v -0.209961 -0.383789 -0.049805
v -0.243164 -0.362305 -0.102539
v -0.192383 -0.479492 -0.069336
v -0.186523 -0.430664 -0.057617
v -0.131836 -0.479492 -0.063477
v -0.219727 -0.381836 -0.088867
v -0.219727 -0.381836 -0.088867
v -0.219727 -0.381836 -0.088867
v -0.219727 -0.381836 -0.088867
v -0.217773 -0.37793 -0.069336
v -0.200195 -0.381836 -0.077148
v -0.219727 -0.381836 -0.088867
v -0.200195 -0.381836 -0.077148
v -0.202148 -0.395508 -0.081055
v -0.137695 -0.432617 -0.053711
v -0.186523 -0.430664 -0.057617
v -0.188477 -0.420898 -0.063477
v -0.188477 -0.420898 -0.063477
v -0.186523 -0.385742 -0.05957
v -0.135742 -0.420898 -0.05957
v -0.135742 -0.420898 -0.05957
v -0.137695 -0.499023 -0.053711
v -0.131836 -0.479492 -0.063477
v -0.112305 -0.499023 -0.010742
v -0.137695 -0.432617 -0.053711
v -0.131836 -0.387695 -0.057617
v -0.135742 -0.420898 -0.05957
v -0.112305 -0.327148 -0.06543
v -0.137695 -0.432617 -0.053711
v -0.135742 -0.420898 -0.05957
v -0.108398 -0.446289 -0.020508
v -0.108398 -0.446289 -0.020508
v -0.135742 -0.420898 -0.05957
v -0.131836 -0.387695 -0.057617
v -0.100586 -0.43457 -0.020508
v -0.100586 -0.43457 -0.020508
v -0.09668 -0.393555 -0.018555
v -0.131836 -0.387695 -0.057617
v -0.112305 -0.327148 -0.06543
v -0.102539 -0.479492 -0.014648
v -0.108398 -0.446289 -0.020508
v -0.229492 -0.313477 -0.018555
v -0.170898 -0.266602 -0.040039
v -0.182617 -0.319336 -0.067383
v -0.233398 -0.30957 -0.020508
v -0.22168 -0.254883 -0.061523
v -0.194336 -0.338867 -0.030273
v -0.211914 -0.34668 -0.030273
v -0.211914 -0.34668 -0.030273
v -0.249023 -0.270508 -0.061523
v -0.22168 -0.254883 -0.061523
v -0.19043 -0.329102 -0.008789
v -0.194336 -0.338867 -0.030273
v -0.22168 -0.254883 -0.061523
v -0.217773 -0.243164 -0.041992
v -0.217773 -0.243164 -0.041992
v -0.213867 -0.356445 -0.03418
v -0.196289 -0.354492 -0.045898
v -0.24707 -0.327148 -0.079102
v -0.196289 -0.354492 -0.045898
v -0.194336 -0.37207 -0.055664
v -0.227539 -0.327148 -0.092773
v -0.227539 -0.327148 -0.092773
v -0.223633 -0.34668 -0.104492
v -0.227539 -0.327148 -0.092773
v -0.194336 -0.37207 -0.055664
v -0.225586 -0.282227 -0.083008
v -0.21582 -0.342773 -0.053711
v -0.208008 -0.336914 -0.043945
v -0.208008 -0.336914 -0.043945
v -0.192383 -0.336914 -0.049805
v -0.211914 -0.270508 -0.069336
v -0.211914 -0.270508 -0.069336
v -0.213867 -0.290039 -0.098633
v -0.208008 -0.34668 -0.063477
v -0.21582 -0.342773 -0.053711
v -0.225586 -0.282227 -0.083008
v -0.192383 -0.336914 -0.049805
v -0.192383 -0.344727 -0.063477
v -0.196289 -0.270508 -0.075195
v -0.196289 -0.270508 -0.075195
v -0.194336 -0.282227 -0.094727
v -0.192383 -0.344727 -0.063477
v -0.208008 -0.34668 -0.063477
v -0.213867 -0.290039 -0.098633
v -0.194336 -0.282227 -0.094727
v -0.213867 -0.260742 -0.09668
v -0.213867 -0.260742 -0.09668
v -0.213867 -0.290039 -0.098633
v -0.225586 -0.282227 -0.083008
v -0.211914 -0.270508 -0.069336
v -0.196289 -0.270508 -0.075195
v -0.213867 -0.260742 -0.09668
v -0.196289 -0.270508 -0.075195
v -0.194336 -0.282227 -0.094727
v -0.213867 -0.260742 -0.09668
v -0.213867 -0.260742 -0.09668
v -0.194336 -0.282227 -0.094727
v -0.213867 -0.290039 -0.098633
v -0.15918 -0.243164 -0.010742
v -0.163086 -0.262695 -0.018555
v -0.114258 -0.276367 -0.038086
v -0.182617 -0.319336 -0.067383
v -0.170898 -0.266602 -0.040039
v -0.112305 -0.327148 -0.06543
v -0.069336 -0.331055 -0.018555
v -0.079102 -0.280273 -0.000977
v -0.15918 -0.243164 -0.010742
v -0.202148 -0.135742 -0.010742
v -0.192383 -0.147461 -0.012695
v -0.202148 -0.135742 -0.010742
v -0.200195 -0.139648 -0.016602
v -0.200195 -0.139648 -0.016602
v -0.188477 -0.141602 -0.020508
v -0.192383 -0.147461 -0.012695
v -0.200195 -0.139648 -0.016602
v -0.188477 -0.141602 -0.020508
v -0.200195 -0.139648 -0.016602
v -0.196289 -0.135742 -0.020508
v -0.18457 -0.12793 -0.024414
v -0.15332 -0.15918 -0.049805
v -0.188477 -0.141602 -0.020508
v -0.18457 -0.12793 -0.024414
v -0.180664 -0.118164 -0.030273
v -0.168945 -0.131836 -0.041992
v -0.165039 -0.149414 -0.043945
v -0.188477 -0.141602 -0.020508
v -0.165039 -0.149414 -0.043945
v -0.15332 -0.15918 -0.049805
v -0.174805 -0.120117 -0.038086
v -0.174805 -0.120117 -0.038086
v -0.196289 -0.12207 -0.022461
v -0.196289 -0.12207 -0.022461
v -0.163086 -0.217773 -0.032227
v -0.139648 -0.15332 -0.055664
v -0.104492 -0.231445 -0.030273
v -0.180664 -0.118164 -0.030273
v -0.168945 -0.131836 -0.041992
v -0.165039 -0.145508 -0.055664
v -0.168945 -0.12793 -0.055664
v -0.176758 -0.110352 -0.045898
v -0.165039 -0.145508 -0.055664
v -0.168945 -0.12793 -0.055664
v -0.155273 -0.151367 -0.061523
v -0.155273 -0.151367 -0.061523
v -0.15332 -0.129883 -0.069336
v -0.139648 -0.092773 -0.077148
v -0.176758 -0.110352 -0.045898
v -0.15332 -0.15918 -0.049805
v -0.155273 -0.151367 -0.061523
v -0.145508 -0.149414 -0.063477
v -0.139648 -0.15332 -0.055664
v -0.145508 -0.149414 -0.063477
v -0.145508 -0.131836 -0.069336
v -0.135742 -0.133789 -0.061523
v -0.139648 -0.15332 -0.055664
v -0.135742 -0.133789 -0.061523
v -0.116211 -0.112305 -0.069336
v -0.145508 -0.149414 -0.063477
v -0.084961 -0.170898 -0.053711
v -0.137695 -0.112305 -0.075195
v -0.129883 -0.116211 -0.067383
v -0.129883 -0.116211 -0.067383
v -0.145508 -0.131836 -0.069336
v -0.137695 -0.112305 -0.075195
v -0.188477 -0.108398 -0.032227
v -0.188477 -0.071289 -0.016602
v -0.188477 -0.108398 -0.032227
v -0.170898 -0.079102 -0.053711
v -0.157227 -0.055664 -0.051758
v -0.170898 -0.079102 -0.053711
v -0.188477 -0.071289 -0.016602
v -0.188477 -0.108398 -0.032227
v -0.170898 -0.079102 -0.053711
v -0.188477 -0.108398 -0.032227
v -0.157227 -0.055664 -0.051758
v -0.129883 -0.069336 -0.075195
v -0.139648 -0.043945 -0.041992
v -0.149414 -0.041992 -0.026367
v -0.149414 -0.041992 -0.026367
v -0.139648 -0.043945 -0.041992
v -0.155273 -0.00293 -0.014648
v -0.120117 -0.012695 -0.079102
v -0.12207 -0.040039 -0.079102
v -0.129883 -0.069336 -0.075195
v -0.112305 -0.006836 -0.067383
v -0.120117 -0.012695 -0.079102
v -0.120117 -0.053711 -0.063477
v -0.120117 -0.053711 -0.063477
v -0.118164 -0.104492 -0.079102
v -0.129883 -0.116211 -0.067383
v -0.137695 -0.112305 -0.075195
v -0.118164 -0.104492 -0.079102
v -0.116211 -0.112305 -0.069336
v -0.09668 -0.084961 -0.084961
v -0.092773 -0.06543 -0.073242
v -0.09668 -0.084961 -0.084961
v -0.129883 -0.069336 -0.075195
v -0.120117 -0.053711 -0.063477
v -0.09668 -0.114258 -0.069336
v -0.057617 -0.125977 -0.043945
v -0.084961 -0.170898 -0.053711
v -0.09668 -0.114258 -0.069336
v -0.038086 -0.145508 -0.000977
v -0.057617 -0.125977 -0.043945
v -0.010742 -0.124023 -0.047852
v -0.010742 -0.145508 -0.000977
v -0.09668 -0.114258 -0.069336
v -0.081055 -0.100586 -0.069336
v -0.057617 -0.092773 -0.094727
v 0.016602 -0.145508 -0.000977
v 0.016602 -0.145508 -0.000977
v 0.012695 -0.147461 0.047852
v -0.010742 -0.145508 -0.000977
v -0.09668 -0.114258 -0.069336
v -0.098633 -0.106445 -0.079102
v -0.098633 -0.106445 -0.079102
v -0.09668 -0.114258 -0.069336
v -0.098633 -0.106445 -0.079102
v -0.081055 -0.100586 -0.069336
v -0.098633 -0.106445 -0.079102
v -0.09668 -0.084961 -0.084961
v -0.081055 -0.100586 -0.069336
v -0.083008 -0.094727 -0.075195
v -0.09668 -0.084961 -0.084961
v -0.084961 -0.079102 -0.073242
v -0.083008 -0.094727 -0.075195
v -0.083008 -0.094727 -0.075195
v -0.084961 -0.079102 -0.073242
v -0.057617 -0.092773 -0.094727
v -0.084961 -0.079102 -0.073242
v -0.092773 -0.06543 -0.073242
v -0.081055 -0.053711 -0.098633
v -0.057617 -0.092773 -0.094727
v -0.092773 -0.06543 -0.073242
v -0.120117 -0.053711 -0.063477
v -0.081055 -0.053711 -0.098633
v -0.12207 -0.040039 -0.079102
v -0.12207 -0.040039 -0.079102
v -0.120117 -0.012695 -0.079102
v -0.081055 -0.053711 -0.098633
v -0.061523 -0.020508 -0.102539
v -0.120117 -0.012695 -0.079102
v -0.112305 -0.006836 -0.067383
v -0.112305 -0.006836 -0.067383
v -0.05957 -0.012695 -0.086914
v -0.061523 -0.020508 -0.102539
v -0.05957 0.03418 -0.083008
v -0.05957 -0.012695 -0.086914
v -0.112305 -0.006836 -0.067383
v -0.112305 -0.006836 -0.067383
v -0.141602 0.00293 -0.014648
v -0.112305 0.038086 -0.06543
v -0.112305 0.038086 -0.06543
v -0.061523 -0.020508 -0.102539
v -0.010742 -0.051758 -0.104492
v -0.057617 -0.092773 -0.094727
v -0.010742 -0.010742 -0.104492
v -0.010742 -0.092773 -0.09668
v 0.038086 -0.092773 -0.094727
v 0.038086 -0.125977 -0.043945
v -0.010742 -0.092773 -0.09668
v 0.038086 -0.092773 -0.094727
v -0.010742 -0.010742 -0.104492
v -0.010742 -0.00293 -0.079102
v -0.05957 0.03418 -0.083008
v -0.010742 -0.00293 -0.079102
v -0.05957 -0.012695 -0.086914
v 0.040039 -0.012695 -0.086914
v -0.010742 -0.010742 -0.104492
v -0.010742 -0.00293 -0.079102
v -0.010742 0.036133 -0.075195
v -0.010742 -0.00293 -0.079102
v -0.010742 0.036133 -0.075195
v 0.040039 -0.012695 -0.086914
v -0.010742 -0.051758 -0.104492
v -0.010742 -0.010742 -0.104492
v 0.05957 -0.053711 -0.098633
v 0.05957 -0.053711 -0.098633
v 0.040039 -0.020508 -0.102539
v 0.040039 -0.020508 -0.102539
v 0.05957 -0.053711 -0.098633
v -0.010742 -0.010742 -0.104492
v -0.444336 0.124023 -0.067383
v -0.459961 0.086914 -0.053711
v -0.442383 0.102539 -0.024414
v -0.40918 0.106445 -0.040039
v -0.444336 0.124023 -0.067383
v -0.442383 0.102539 -0.024414
v -0.459961 0.086914 -0.053711
v -0.444336 0.124023 -0.067383
v -0.436523 0.079102 -0.079102
v -0.458008 0.00293 -0.077148
v -0.454102 0.020508 -0.073242
v -0.459961 0.026367 -0.094727
v -0.459961 0.026367 -0.094727
v -0.44043 0.012695 -0.100586
v -0.459961 0.026367 -0.094727
v -0.438477 0.026367 -0.084961
v -0.444336 0.124023 -0.067383
v -0.40918 0.106445 -0.040039
v -0.407227 0.086914 -0.071289
v -0.444336 0.124023 -0.067383
v -0.401367 0.06543 -0.022461
v -0.399414 0.073242 -0.036133
v -0.395508 0.075195 -0.053711
v -0.397461 0.06543 -0.079102
v -0.393555 0.063477 -0.010742
v -0.399414 0.079102 -0.008789
v -0.401367 0.06543 -0.022461
v -0.405273 0.081055 -0.016602
v -0.37793 0.108398 -0.022461
v -0.405273 0.081055 -0.016602
v -0.399414 0.079102 -0.008789
v -0.387695 0.079102 -0.00293
v -0.401367 0.06543 -0.022461
v -0.405273 0.081055 -0.016602
v -0.399414 0.073242 -0.036133
v -0.37793 0.108398 -0.022461
v -0.40332 0.086914 -0.030273
v -0.405273 0.081055 -0.016602
v -0.40332 0.086914 -0.030273
v -0.40332 0.086914 -0.030273
v -0.37793 0.108398 -0.022461
v -0.381836 0.108398 -0.053711
v -0.395508 0.075195 -0.053711
v -0.399414 0.088867 -0.053711
v -0.399414 0.088867 -0.053711
v -0.37793 0.108398 -0.022461
v -0.358398 0.118164 -0.03418
v -0.37793 0.108398 -0.022461
v -0.358398 0.106445 -0.022461
v -0.358398 0.118164 -0.03418
v -0.397461 0.06543 -0.079102
v -0.389648 0.09082 -0.084961
v -0.399414 0.077148 -0.084961
v -0.399414 0.077148 -0.084961
v -0.37207 0.09668 -0.077148
v -0.362305 0.116211 -0.053711
v -0.397461 0.05957 -0.114258
v -0.395508 0.047852 -0.108398
v -0.379883 0.045898 -0.137695
v -0.379883 0.03418 -0.129883
v -0.397461 0.05957 -0.114258
v -0.385742 0.077148 -0.110352
v -0.379883 0.045898 -0.137695
v -0.366211 0.067383 -0.135742
v -0.368164 0.084961 -0.100586
v -0.348633 0.083008 -0.120117
v -0.358398 0.024414 -0.143555
v -0.356445 0.03418 -0.15332
v -0.342773 0.057617 -0.151367
v -0.356445 0.03418 -0.15332
v -0.379883 0.045898 -0.137695
v -0.366211 0.067383 -0.135742
v -0.358398 0.106445 -0.022461
v -0.348633 0.102539 -0.010742
v -0.358398 0.118164 -0.03418
v -0.362305 0.116211 -0.053711
v -0.358398 0.149414 -0.09668
v -0.37207 0.09668 -0.077148
v -0.358398 0.149414 -0.09668
v -0.348633 0.083008 -0.120117
v -0.37207 0.09668 -0.077148
v -0.348633 0.083008 -0.120117
v -0.358398 0.149414 -0.09668
v -0.323242 0.104492 -0.139648
v -0.342773 0.057617 -0.151367
v -0.34082 0.069336 -0.133789
v -0.342773 0.057617 -0.151367
v -0.348633 0.083008 -0.120117
v -0.34082 0.069336 -0.133789
v -0.262695 0.036133 -0.081055
v -0.264648 0.03418 -0.036133
v -0.262695 0.036133 -0.081055
v -0.217773 0.081055 -0.108398
v -0.219727 0.075195 -0.030273
v -0.274414 0.036133 -0.102539
v -0.262695 0.036133 -0.081055
v -0.250977 0.014648 -0.073242
v -0.274414 0.016602 -0.108398
v -0.274414 0.016602 -0.108398
v -0.262695 0.036133 -0.081055
v -0.274414 0.036133 -0.102539
v -0.272461 0.047852 -0.112305
v -0.262695 0.036133 -0.081055
v -0.272461 0.047852 -0.112305
v -0.217773 0.081055 -0.108398
v -0.274414 0.016602 -0.108398
v -0.268555 0.018555 -0.120117
v -0.266602 0.030273 -0.118164
v -0.290039 0.006836 -0.129883
v -0.268555 0.018555 -0.120117
v -0.274414 0.016602 -0.108398
v -0.274414 0.036133 -0.102539
v -0.276367 0.032227 -0.137695
v -0.266602 0.030273 -0.118164
v -0.268555 0.018555 -0.120117
v -0.290039 0.006836 -0.129883
v -0.282227 0.012695 -0.137695
v -0.272461 0.047852 -0.112305
v -0.276367 0.032227 -0.137695
v -0.272461 0.047852 -0.112305
v -0.266602 0.030273 -0.118164
v -0.272461 0.047852 -0.112305
v -0.276367 0.032227 -0.137695
v -0.27832 0.055664 -0.125977
v -0.272461 0.047852 -0.112305
v -0.27832 0.055664 -0.125977
v -0.274414 0.086914 -0.145508
v -0.274414 0.086914 -0.145508
v -0.344727 0.204102 -0.102539
v -0.333008 0.163086 -0.022461
v -0.34668 0.182617 -0.016602
v -0.325195 0.258789 -0.030273
v -0.344727 0.204102 -0.102539
v -0.321289 0.264648 -0.012695
v -0.331055 0.18457 -0.098633
v -0.331055 0.18457 -0.098633
v -0.358398 0.149414 -0.09668
v -0.331055 0.18457 -0.098633
v -0.30957 0.155273 -0.161133
v -0.30957 0.155273 -0.161133
v -0.323242 0.104492 -0.139648
v -0.358398 0.149414 -0.09668
v -0.291992 0.211914 -0.172852
v -0.288086 0.194336 -0.151367
v -0.291992 0.211914 -0.172852
v -0.288086 0.194336 -0.151367
v -0.331055 0.18457 -0.098633
v -0.276367 0.280273 -0.15918
v -0.291992 0.211914 -0.172852
v -0.344727 0.204102 -0.102539
v -0.327148 0.258789 -0.051758
v -0.323242 0.280273 -0.092773
v -0.323242 0.280273 -0.092773
v -0.358398 0.024414 -0.143555
v -0.356445 0.03418 -0.15332
v -0.329102 0.024414 -0.15918
v -0.329102 0.024414 -0.15918
v -0.31543 0.045898 -0.157227
v -0.303711 0.067383 -0.141602
v -0.31543 0.045898 -0.157227
v -0.342773 0.057617 -0.151367
v -0.342773 0.057617 -0.151367
v -0.34082 0.069336 -0.133789
v -0.323242 0.073242 -0.137695
v -0.323242 0.073242 -0.137695
v -0.329102 0.024414 -0.15918
v -0.293945 0.03418 -0.155273
v -0.303711 0.016602 -0.155273
v -0.303711 0.016602 -0.155273
v -0.323242 0.073242 -0.137695
v -0.274414 0.086914 -0.145508
v -0.303711 0.067383 -0.141602
v -0.239258 0.133789 -0.170898
v -0.30957 0.155273 -0.161133
v -0.282227 0.012695 -0.137695
v -0.290039 0.006836 -0.129883
v -0.293945 0.03418 -0.155273
v -0.303711 0.016602 -0.155273
v -0.288086 0.049805 -0.137695
v -0.293945 0.03418 -0.155273
v -0.291992 0.055664 -0.143555
v -0.276367 0.032227 -0.137695
v -0.293945 0.03418 -0.155273
v -0.288086 0.049805 -0.137695
v -0.27832 0.055664 -0.125977
v -0.291992 0.055664 -0.143555
v -0.291992 0.055664 -0.143555
v -0.239258 0.133789 -0.170898
v -0.288086 0.194336 -0.151367
v -0.211914 0.186523 -0.161133
v -0.206055 0.206055 -0.200195
v -0.211914 0.186523 -0.161133
v -0.291992 0.211914 -0.172852
v -0.276367 0.280273 -0.15918
v -0.178711 0.274414 -0.196289
v -0.206055 0.206055 -0.200195
v -0.321289 0.264648 -0.012695
v -0.317383 0.270508 -0.00293
v -0.327148 0.288086 -0.008789
v -0.325195 0.258789 -0.030273
v -0.321289 0.264648 -0.012695
v -0.325195 0.282227 -0.00293
v -0.331055 0.28418 -0.026367
v -0.327148 0.258789 -0.051758
v -0.333008 0.28418 -0.047852
v -0.333008 0.28418 -0.047852
v -0.321289 0.311523 -0.051758
v -0.331055 0.293945 -0.069336
v -0.327148 0.258789 -0.051758
v -0.325195 0.266602 -0.071289
v -0.323242 0.280273 -0.092773
v -0.325195 0.266602 -0.071289
v -0.331055 0.293945 -0.069336
v -0.30957 0.319336 -0.09082
v -0.331055 0.293945 -0.069336
v -0.321289 0.311523 -0.051758
v -0.28418 0.334961 -0.010742
v -0.28418 0.342773 -0.088867
v -0.325195 0.266602 -0.071289
v -0.323242 0.27832 -0.084961
v -0.323242 0.280273 -0.092773
v -0.323242 0.27832 -0.084961
v -0.323242 0.280273 -0.092773
v -0.331055 0.293945 -0.069336
v -0.313477 0.297852 -0.09082
v -0.28418 0.301758 -0.12793
v -0.30957 0.319336 -0.09082
v -0.313477 0.297852 -0.09082
v -0.331055 0.293945 -0.069336
v -0.299805 0.313477 -0.102539
v -0.313477 0.297852 -0.09082
v -0.299805 0.313477 -0.102539
v -0.290039 0.31543 -0.116211
v -0.313477 0.297852 -0.09082
v -0.290039 0.31543 -0.116211
v -0.28418 0.301758 -0.12793
v -0.313477 0.387695 -0.02832
v -0.303711 0.350586 -0.040039
v -0.307617 0.354492 -0.016602
v -0.307617 0.354492 -0.016602
v -0.303711 0.350586 -0.040039
v -0.249023 0.317383 -0.016602
v -0.290039 0.375977 -0.008789
v -0.313477 0.387695 -0.02832
v -0.307617 0.354492 -0.016602
v -0.237305 0.333008 -0.012695
v -0.249023 0.317383 -0.016602
v -0.303711 0.350586 -0.040039
v -0.290039 0.368164 -0.049805
v -0.250977 0.31543 -0.036133
v -0.313477 0.387695 -0.02832
v -0.250977 0.31543 -0.036133
v -0.239258 0.329102 -0.043945
v -0.290039 0.368164 -0.049805
v -0.313477 0.387695 -0.02832
v -0.280273 0.381836 -0.03418
v -0.290039 0.368164 -0.049805
v -0.280273 0.381836 -0.03418
v -0.239258 0.329102 -0.043945
v -0.290039 0.31543 -0.116211
v -0.290039 0.31543 -0.116211
v -0.299805 0.313477 -0.102539
v -0.30957 0.319336 -0.09082
v -0.268555 0.334961 -0.133789
v -0.286133 0.311523 -0.129883
v -0.28418 0.301758 -0.12793
v -0.290039 0.31543 -0.116211
v -0.286133 0.311523 -0.129883
v -0.28418 0.387695 -0.116211
v -0.274414 0.360352 -0.12207
v -0.290039 0.368164 -0.104492
v -0.249023 0.323242 -0.077148
v -0.27832 0.383789 -0.092773
v -0.28418 0.387695 -0.116211
v -0.290039 0.368164 -0.104492
v -0.239258 0.336914 -0.069336
v -0.27832 0.383789 -0.092773
v -0.290039 0.368164 -0.104492
v -0.249023 0.323242 -0.077148
v -0.28418 0.387695 -0.116211
v -0.254883 0.374023 -0.12207
v -0.274414 0.360352 -0.12207
v -0.274414 0.360352 -0.12207
v -0.254883 0.374023 -0.12207
v -0.239258 0.321289 -0.094727
v -0.239258 0.321289 -0.094727
v -0.249023 0.323242 -0.077148
v -0.274414 0.360352 -0.12207
v -0.254883 0.374023 -0.12207
v -0.28418 0.387695 -0.116211
v -0.254883 0.387695 -0.104492
v -0.254883 0.374023 -0.12207
v -0.254883 0.387695 -0.104492
v -0.225586 0.333008 -0.094727
v -0.225586 0.333008 -0.094727
v -0.313477 0.387695 -0.02832
v -0.290039 0.375977 -0.008789
v -0.280273 0.381836 -0.03418
v -0.231445 0.34082 -0.030273
v -0.280273 0.381836 -0.03418
v -0.290039 0.375977 -0.008789
v -0.237305 0.333008 -0.012695
v -0.286133 0.422852 -0.03418
v -0.25293 0.448242 -0.053711
v -0.21582 0.334961 -0.041992
v -0.21582 0.334961 -0.041992
v -0.231445 0.34082 -0.030273
v -0.19043 0.354492 -0.057617
v -0.223633 0.46582 -0.024414
v -0.19043 0.354492 -0.057617
v -0.25293 0.448242 -0.053711
v -0.28418 0.387695 -0.116211
v -0.27832 0.383789 -0.092773
v -0.254883 0.387695 -0.104492
v -0.223633 0.342773 -0.081055
v -0.239258 0.336914 -0.069336
v -0.254883 0.387695 -0.104492
v -0.223633 0.342773 -0.081055
v -0.225586 0.333008 -0.094727
v -0.276367 0.291992 -0.139648
v -0.28418 0.301758 -0.12793
v -0.276367 0.291992 -0.139648
v -0.276367 0.280273 -0.15918
v -0.280273 0.307617 -0.145508
v -0.280273 0.307617 -0.145508
v -0.266602 0.293945 -0.151367
v -0.276367 0.291992 -0.139648
v -0.266602 0.293945 -0.151367
v -0.276367 0.280273 -0.15918
v -0.270508 0.30957 -0.157227
v -0.254883 0.290039 -0.15918
v -0.266602 0.293945 -0.151367
v -0.270508 0.30957 -0.157227
v -0.254883 0.290039 -0.15918
v -0.25293 0.329102 -0.155273
v -0.270508 0.30957 -0.157227
v -0.237305 0.293945 -0.165039
v -0.217773 0.295898 -0.174805
v -0.217773 0.295898 -0.174805
v -0.258789 0.305664 -0.166992
v -0.254883 0.290039 -0.15918
v -0.270508 0.30957 -0.157227
v -0.258789 0.305664 -0.166992
v -0.254883 0.290039 -0.15918
v -0.258789 0.305664 -0.166992
v -0.241211 0.30957 -0.174805
v -0.241211 0.30957 -0.174805
v -0.237305 0.293945 -0.165039
v -0.254883 0.290039 -0.15918
v -0.233398 0.329102 -0.168945
v -0.233398 0.329102 -0.168945
v -0.227539 0.34668 -0.149414
v -0.200195 0.12793 -0.030273
v -0.188477 0.120117 -0.116211
v -0.161133 0.088867 -0.118164
v -0.198242 0.131836 -0.106445
v -0.198242 0.131836 -0.106445
v -0.239258 0.133789 -0.170898
v -0.155273 0.151367 -0.182617
v -0.19043 0.192383 -0.182617
v -0.141602 0.045898 -0.012695
v -0.124023 0.045898 -0.079102
v -0.112305 0.038086 -0.06543
v -0.155273 0.051758 -0.014648
v -0.161133 0.088867 -0.118164
v -0.161133 0.088867 -0.118164
v -0.155273 0.151367 -0.182617
v -0.084961 0.083008 -0.151367
v -0.063477 0.043945 -0.100586
v -0.124023 0.045898 -0.079102
v -0.211914 0.186523 -0.161133
v -0.198242 0.131836 -0.106445
v -0.19043 0.192383 -0.182617
v -0.19043 0.192383 -0.182617
v -0.206055 0.206055 -0.200195
v -0.178711 0.274414 -0.196289
v -0.133789 0.260742 -0.194336
v -0.155273 0.151367 -0.182617
v -0.19043 0.192383 -0.182617
v -0.178711 0.274414 -0.196289
v -0.163086 0.262695 -0.18457
v -0.19043 0.192383 -0.182617
v -0.163086 0.262695 -0.18457
v -0.151367 0.260742 -0.188477
v -0.086914 0.147461 -0.196289
v -0.081055 0.237305 -0.209961
v -0.086914 0.147461 -0.196289
v -0.112305 0.038086 -0.06543
v -0.05957 0.03418 -0.083008
v -0.010742 0.045898 -0.092773
v -0.010742 0.088867 -0.147461
v -0.010742 0.036133 -0.075195
v 0.040039 0.03418 -0.083008
v 0.040039 0.03418 -0.083008
v 0.041992 0.043945 -0.100586
v -0.010742 0.149414 -0.19043
v 0.063477 0.083008 -0.151367
v -0.010742 0.149414 -0.19043
v -0.081055 0.237305 -0.209961
v -0.06543 0.243164 -0.208008
v -0.010742 0.219727 -0.202148
v -0.106445 0.264648 -0.202148
v -0.010742 0.219727 -0.202148
v -0.106445 0.264648 -0.202148
v -0.06543 0.243164 -0.208008
v -0.061523 0.249023 -0.231445
v -0.038086 0.233398 -0.231445
v -0.081055 0.258789 -0.208008
v -0.061523 0.249023 -0.231445
v -0.06543 0.243164 -0.208008
v -0.010742 0.225586 -0.229492
v -0.010742 0.219727 -0.202148
v -0.06543 0.243164 -0.208008
v -0.106445 0.264648 -0.202148
v -0.081055 0.258789 -0.208008
v 0.018555 0.223633 -0.204102
v 0.067383 0.147461 -0.196289
v 0.043945 0.237305 -0.208008
v 0.061523 0.237305 -0.209961
v 0.067383 0.147461 -0.196289
v -0.047852 0.264648 -0.243164
v -0.038086 0.233398 -0.231445
v -0.061523 0.249023 -0.231445
v -0.081055 0.266602 -0.231445
v -0.081055 0.266602 -0.231445
v -0.010742 0.256836 -0.245117
v -0.010742 0.225586 -0.229492
v -0.038086 0.233398 -0.231445
v -0.010742 0.256836 -0.245117
v -0.010742 0.219727 -0.202148
v -0.010742 0.225586 -0.229492
v 0.016602 0.229492 -0.231445
v 0.018555 0.223633 -0.204102
v 0.008789 0.256836 -0.243164
v 0.008789 0.256836 -0.243164
v 0.016602 0.229492 -0.231445
v -0.010742 0.225586 -0.229492
v -0.145508 0.379883 -0.161133
v -0.098633 0.424805 -0.086914
v -0.165039 0.368164 -0.032227
v -0.15918 0.432617 -0.008789
v -0.147461 0.374023 -0.008789
v -0.165039 0.370117 -0.012695
v -0.180664 0.430664 -0.012695
v -0.219727 0.30957 -0.18457
v -0.217773 0.295898 -0.174805
v -0.209961 0.327148 -0.182617
v -0.219727 0.30957 -0.18457
v -0.196289 0.286133 -0.18457
v -0.217773 0.295898 -0.174805
v -0.219727 0.30957 -0.18457
v -0.198242 0.299805 -0.196289
v -0.196289 0.286133 -0.18457
v -0.219727 0.30957 -0.18457
v -0.186523 0.319336 -0.196289
v -0.198242 0.299805 -0.196289
v -0.217773 0.295898 -0.174805
v -0.196289 0.286133 -0.18457
v -0.178711 0.274414 -0.196289
v -0.178711 0.28418 -0.206055
v -0.178711 0.274414 -0.196289
v -0.209961 0.327148 -0.182617
v -0.120117 0.325195 -0.213867
v -0.186523 0.319336 -0.196289
v -0.161133 0.303711 -0.209961
v -0.178711 0.28418 -0.206055
v -0.163086 0.262695 -0.18457
v -0.178711 0.274414 -0.196289
v -0.157227 0.276367 -0.208008
v -0.151367 0.260742 -0.188477
v -0.178711 0.28418 -0.206055
v -0.157227 0.276367 -0.208008
v -0.131836 0.297852 -0.22168
v -0.137695 0.274414 -0.213867
v -0.137695 0.274414 -0.213867
v -0.120117 0.325195 -0.213867
v -0.133789 0.260742 -0.194336
v -0.108398 0.274414 -0.223633
v -0.106445 0.264648 -0.202148
v -0.094727 0.290039 -0.231445
v -0.108398 0.274414 -0.223633
v -0.010742 0.432617 -0.104492
v -0.010742 0.375977 -0.188477
v -0.010742 0.299805 -0.237305
v -0.010742 0.375977 -0.188477
v -0.010742 0.299805 -0.237305
v -0.145508 0.379883 -0.161133
v -0.061523 0.428711 -0.032227
v -0.098633 0.424805 -0.086914
v -0.061523 0.428711 -0.032227
v -0.010742 0.430664 -0.03418
v -0.010742 0.432617 -0.104492
v 0.077148 0.424805 -0.088867
v 0.020508 0.424805 -0.018555
v 0.041992 0.426758 -0.030273
v 0.041992 0.426758 -0.030273
v 0.124023 0.379883 -0.161133
v -0.010742 0.375977 -0.188477
v -0.081055 0.266602 -0.231445
v -0.081055 0.258789 -0.208008
v -0.010742 0.299805 -0.237305
v -0.010742 0.256836 -0.245117
v -0.047852 0.264648 -0.243164
v -0.094727 0.290039 -0.231445
v -0.010742 0.256836 -0.245117
v -0.010742 0.299805 -0.237305
v 0.008789 0.256836 -0.243164
v -0.010742 0.299805 -0.237305
v -0.010742 0.375977 -0.188477
v 0.124023 0.379883 -0.161133
v 0.026367 0.270508 -0.241211
v 0.008789 0.256836 -0.243164
v -0.010742 0.299805 -0.237305
v 0.049805 0.28418 -0.237305
v 0.026367 0.270508 -0.241211
v -0.010742 0.299805 -0.237305
v 0.083008 0.288086 -0.229492
v 0.098633 0.325195 -0.213867
v 0.124023 0.379883 -0.161133
v 0.098633 0.325195 -0.213867
v -0.010742 0.299805 -0.237305
v 0.116211 -0.499023 0.166992
v 0.110352 -0.481445 0.170898
v 0.104492 -0.499023 0.104492
v 0.133789 -0.499023 0.182617
v 0.110352 -0.481445 0.170898
v 0.116211 -0.499023 0.166992
v 0.116211 -0.499023 0.166992
v 0.104492 -0.499023 0.104492
v 0.165039 -0.49707 0.135742
v 0.172852 -0.499023 0.168945
v 0.133789 -0.499023 0.182617
v 0.170898 -0.499023 0.155273
v 0.110352 -0.481445 0.170898
v 0.12207 -0.454102 0.15918
v 0.09668 -0.481445 0.106445
v 0.129883 -0.481445 0.186523
v 0.09668 -0.481445 0.106445
v 0.129883 -0.481445 0.186523
v 0.114258 -0.454102 0.116211
v 0.12207 -0.448242 0.12207
v 0.137695 -0.444336 0.124023
v 0.12207 -0.448242 0.12207
v 0.12207 -0.454102 0.15918
v 0.129883 -0.481445 0.186523
v 0.161133 -0.481445 0.18457
v 0.155273 -0.452148 0.157227
v 0.084961 -0.27832 0.09082
v 0.09668 -0.256836 0.145508
v 0.083008 -0.254883 0.125977
v 0.083008 -0.254883 0.125977
v 0.09668 -0.256836 0.145508
v 0.108398 -0.208008 0.133789
v 0.086914 -0.24707 0.102539
v 0.084961 -0.27832 0.09082
v 0.083008 -0.254883 0.125977
v 0.086914 -0.24707 0.102539
v 0.12207 -0.295898 0.133789
v 0.108398 -0.258789 0.163086
v 0.12793 -0.286133 0.155273
v 0.12207 -0.225586 0.165039
v 0.108398 -0.258789 0.163086
v 0.108398 -0.258789 0.163086
v 0.12793 -0.286133 0.155273
v 0.12207 -0.225586 0.165039
v 0.118164 -0.305664 0.106445
v 0.12207 -0.295898 0.133789
v 0.118164 -0.305664 0.106445
v 0.166992 -0.293945 0.094727
v 0.166992 -0.286133 0.124023
v 0.12793 -0.286133 0.155273
v 0.116211 -0.217773 0.151367
v 0.09668 -0.481445 0.049805
v 0.106445 -0.499023 0.049805
v 0.106445 -0.499023 0.049805
v 0.239258 -0.49707 0.063477
v 0.198242 -0.49707 0.124023
v 0.223633 -0.49707 0.100586
v 0.24707 -0.49707 0.088867
v 0.110352 -0.456055 0.104492
v 0.110352 -0.454102 0.088867
v 0.09668 -0.481445 0.049805
v 0.112305 -0.444336 0.114258
v 0.108398 -0.444336 0.104492
v 0.118164 -0.426758 0.102539
v 0.110352 -0.454102 0.088867
v 0.110352 -0.456055 0.104492
v 0.108398 -0.444336 0.104492
v 0.108398 -0.442383 0.092773
v 0.108398 -0.442383 0.092773
v 0.120117 -0.438477 0.118164
v 0.112305 -0.444336 0.114258
v 0.114258 -0.454102 0.116211
v 0.12207 -0.448242 0.12207
v 0.120117 -0.438477 0.118164
v 0.120117 -0.438477 0.118164
v 0.147461 -0.416992 0.106445
v 0.118164 -0.426758 0.102539
v 0.120117 -0.438477 0.118164
v 0.120117 -0.438477 0.118164
v 0.137695 -0.444336 0.124023
v 0.137695 -0.43457 0.12207
v 0.137695 -0.43457 0.12207
v 0.112305 -0.446289 0.077148
v 0.110352 -0.436523 0.081055
v 0.120117 -0.418945 0.081055
v 0.110352 -0.436523 0.081055
v 0.112305 -0.446289 0.077148
v 0.114258 -0.426758 0.073242
v 0.112305 -0.446289 0.077148
v 0.114258 -0.426758 0.073242
v 0.118164 -0.436523 0.071289
v 0.118164 -0.436523 0.071289
v 0.12793 -0.415039 0.088867
v 0.12793 -0.415039 0.088867
v 0.114258 -0.426758 0.073242
v 0.09082 -0.395508 0.045898
v 0.114258 -0.426758 0.073242
v 0.120117 -0.418945 0.081055
v 0.120117 -0.374023 0.094727
v 0.12793 -0.415039 0.088867
v 0.092773 -0.43457 0.041992
v 0.118164 -0.436523 0.071289
v 0.098633 -0.444336 0.040039
v 0.098633 -0.444336 0.040039
v 0.081055 -0.479492 -0.014648
v 0.231445 -0.49707 0.026367
v 0.209961 -0.49707 -0.024414
v 0.092773 -0.499023 -0.010742
v 0.092773 -0.499023 -0.010742
v 0.081055 -0.479492 -0.014648
v 0.098633 -0.444336 0.040039
v 0.092773 -0.43457 0.041992
v 0.079102 -0.43457 -0.020508
v 0.086914 -0.446289 -0.020508
v 0.086914 -0.446289 -0.020508
v 0.092773 -0.43457 0.041992
v 0.09082 -0.395508 0.045898
v 0.075195 -0.393555 -0.018555
v 0.075195 -0.393555 -0.018555
v 0.067383 -0.334961 0.084961
v 0.049805 -0.333008 0.040039
v 0.09082 -0.395508 0.045898
v 0.09082 -0.395508 0.045898
v 0.049805 -0.333008 0.040039
v 0.075195 -0.393555 -0.018555
v 0.067383 -0.334961 0.084961
v 0.073242 -0.290039 0.09668
v 0.055664 -0.28418 0.049805
v 0.049805 -0.333008 0.040039
v 0.047852 -0.331055 -0.018555
v 0.067383 -0.334961 0.084961
v 0.047852 -0.331055 -0.018555
v 0.069336 -0.274414 0.051758
v 0.055664 -0.28418 0.049805
v 0.069336 -0.274414 0.051758
v 0.073242 -0.272461 0.008789
v 0.057617 -0.280273 -0.000977
v 0.057617 -0.280273 -0.000977
v 0.114258 -0.321289 0.118164
v 0.073242 -0.290039 0.09668
v 0.178711 -0.305664 0.100586
v 0.114258 -0.321289 0.118164
v 0.120117 -0.374023 0.094727
v 0.12793 -0.415039 0.088867
v 0.149414 -0.40332 0.083008
v 0.182617 -0.364258 0.077148
v 0.118164 -0.305664 0.106445
v 0.073242 -0.290039 0.09668
v 0.114258 -0.321289 0.118164
v 0.166992 -0.293945 0.094727
v 0.178711 -0.305664 0.100586
v 0.084961 -0.27832 0.09082
v 0.084961 -0.27832 0.09082
v 0.069336 -0.260742 0.057617
v 0.086914 -0.24707 0.102539
v 0.069336 -0.274414 0.051758
v 0.069336 -0.260742 0.057617
v 0.073242 -0.272461 0.008789
v 0.073242 -0.258789 0.014648
v 0.049805 -0.243164 0.014648
v 0.073242 -0.258789 0.014648
v 0.069336 -0.260742 0.057617
v 0.061523 -0.225586 0.12207
v 0.045898 -0.243164 0.069336
v 0.086914 -0.24707 0.102539
v 0.073242 -0.272461 0.008789
v 0.073242 -0.258789 0.014648
v 0.100586 -0.270508 -0.016602
v 0.092773 -0.276367 -0.038086
v 0.100586 -0.270508 -0.016602
v 0.073242 -0.258789 0.014648
v 0.049805 -0.243164 0.014648
v 0.084961 -0.231445 -0.030273
v 0.098633 -0.250977 -0.008789
v 0.098633 -0.250977 -0.008789
v 0.163086 -0.499023 0.180664
v 0.129883 -0.481445 0.186523
v 0.133789 -0.499023 0.182617
v 0.163086 -0.499023 0.180664
v 0.161133 -0.481445 0.18457
v 0.15918 -0.448242 0.125977
v 0.151367 -0.446289 0.125977
v 0.155273 -0.452148 0.157227
v 0.137695 -0.444336 0.124023
v 0.155273 -0.452148 0.157227
v 0.161133 -0.481445 0.18457
v 0.172852 -0.481445 0.170898
v 0.168945 -0.481445 0.157227
v 0.165039 -0.483398 0.139648
v 0.15918 -0.448242 0.125977
v 0.151367 -0.446289 0.125977
v 0.15918 -0.448242 0.125977
v 0.157227 -0.438477 0.124023
v 0.137695 -0.444336 0.124023
v 0.172852 -0.499023 0.168945
v 0.163086 -0.499023 0.180664
v 0.170898 -0.499023 0.155273
v 0.165039 -0.49707 0.135742
v 0.168945 -0.481445 0.157227
v 0.165039 -0.49707 0.135742
v 0.165039 -0.483398 0.139648
v 0.176758 -0.49707 0.163086
v 0.182617 -0.49707 0.166992
v 0.174805 -0.483398 0.166992
v 0.198242 -0.49707 0.161133
v 0.182617 -0.49707 0.166992
v 0.176758 -0.49707 0.163086
v 0.165039 -0.49707 0.135742
v 0.202148 -0.49707 0.15332
v 0.182617 -0.483398 0.170898
v 0.200195 -0.483398 0.165039
v 0.182617 -0.483398 0.170898
v 0.182617 -0.49707 0.166992
v 0.198242 -0.49707 0.161133
v 0.174805 -0.483398 0.166992
v 0.182617 -0.483398 0.170898
v 0.174805 -0.463867 0.157227
v 0.174805 -0.483398 0.166992
v 0.174805 -0.463867 0.157227
v 0.165039 -0.483398 0.139648
v 0.165039 -0.49707 0.135742
v 0.200195 -0.483398 0.165039
v 0.15918 -0.448242 0.125977
v 0.200195 -0.463867 0.147461
v 0.15918 -0.448242 0.125977
v 0.176758 -0.450195 0.12207
v 0.178711 -0.44043 0.12207
v 0.176758 -0.450195 0.12207
v 0.202148 -0.49707 0.15332
v 0.200195 -0.483398 0.165039
v 0.198242 -0.49707 0.161133
v 0.200195 -0.483398 0.165039
v 0.202148 -0.49707 0.15332
v 0.204102 -0.483398 0.155273
v 0.200195 -0.463867 0.147461
v 0.198242 -0.49707 0.124023
v 0.204102 -0.483398 0.155273
v 0.202148 -0.49707 0.15332
v 0.200195 -0.483398 0.125977
v 0.208008 -0.483398 0.143555
v 0.206055 -0.467773 0.135742
v 0.198242 -0.49707 0.124023
v 0.204102 -0.483398 0.139648
v 0.200195 -0.483398 0.125977
v 0.200195 -0.483398 0.125977
v 0.204102 -0.483398 0.139648
v 0.192383 -0.458008 0.114258
v 0.192383 -0.458008 0.114258
v 0.208008 -0.49707 0.141602
v 0.213867 -0.49707 0.143555
v 0.213867 -0.483398 0.145508
v 0.227539 -0.49707 0.133789
v 0.213867 -0.49707 0.143555
v 0.208008 -0.49707 0.141602
v 0.208008 -0.483398 0.143555
v 0.208008 -0.49707 0.141602
v 0.227539 -0.483398 0.135742
v 0.213867 -0.483398 0.145508
v 0.213867 -0.49707 0.143555
v 0.227539 -0.49707 0.133789
v 0.208008 -0.483398 0.143555
v 0.213867 -0.483398 0.145508
v 0.206055 -0.467773 0.135742
v 0.227539 -0.483398 0.135742
v 0.192383 -0.458008 0.114258
v 0.176758 -0.450195 0.12207
v 0.200195 -0.463867 0.147461
v 0.227539 -0.469727 0.124023
v 0.227539 -0.469727 0.124023
v 0.192383 -0.458008 0.114258
v 0.206055 -0.467773 0.135742
v 0.227539 -0.49707 0.133789
v 0.229492 -0.49707 0.12793
v 0.227539 -0.483398 0.135742
v 0.229492 -0.49707 0.12793
v 0.231445 -0.483398 0.12793
v 0.223633 -0.49707 0.100586
v 0.231445 -0.483398 0.12793
v 0.229492 -0.49707 0.12793
v 0.227539 -0.469727 0.124023
v 0.229492 -0.483398 0.118164
v 0.229492 -0.483398 0.118164
v 0.166992 -0.27832 0.147461
v 0.166992 -0.27832 0.147461
v 0.166992 -0.27832 0.147461
v 0.166992 -0.286133 0.124023
v 0.180664 -0.241211 0.125977
v 0.176758 -0.245117 0.149414
v 0.176758 -0.245117 0.149414
v 0.137695 -0.43457 0.12207
v 0.157227 -0.438477 0.124023
v 0.178711 -0.44043 0.12207
v 0.174805 -0.420898 0.102539
v 0.192383 -0.458008 0.114258
v 0.198242 -0.428711 0.088867
v 0.194336 -0.446289 0.114258
v 0.194336 -0.446289 0.114258
v 0.149414 -0.40332 0.083008
v 0.172852 -0.407227 0.075195
v 0.172852 -0.407227 0.075195
v 0.186523 -0.420898 0.069336
v 0.172852 -0.407227 0.075195
v 0.174805 -0.420898 0.102539
v 0.198242 -0.428711 0.088867
v 0.186523 -0.420898 0.069336
v 0.174805 -0.420898 0.102539
v 0.186523 -0.420898 0.069336
v 0.211914 -0.428711 0.069336
v 0.186523 -0.420898 0.069336
v 0.211914 -0.428711 0.069336
v 0.196289 -0.416992 0.051758
v 0.186523 -0.420898 0.069336
v 0.196289 -0.416992 0.051758
v 0.209961 -0.389648 0.02832
v 0.182617 -0.364258 0.077148
v 0.208008 -0.446289 0.102539
v 0.192383 -0.458008 0.114258
v 0.206055 -0.458008 0.100586
v 0.208008 -0.446289 0.102539
v 0.206055 -0.458008 0.100586
v 0.208008 -0.446289 0.102539
v 0.22168 -0.448242 0.084961
v 0.217773 -0.461914 0.086914
v 0.206055 -0.458008 0.100586
v 0.217773 -0.461914 0.086914
v 0.22168 -0.448242 0.084961
v 0.208008 -0.446289 0.102539
v 0.22168 -0.448242 0.084961
v 0.211914 -0.428711 0.069336
v 0.198242 -0.428711 0.088867
v 0.217773 -0.461914 0.086914
v 0.217773 -0.461914 0.086914
v 0.223633 -0.483398 0.102539
v 0.223633 -0.483398 0.102539
v 0.231445 -0.47168 0.116211
v 0.217773 -0.461914 0.086914
v 0.217773 -0.461914 0.086914
v 0.231445 -0.47168 0.116211
v 0.24707 -0.473633 0.104492
v 0.249023 -0.483398 0.09082
v 0.225586 -0.463867 0.079102
v 0.225586 -0.463867 0.079102
v 0.231445 -0.49707 0.118164
v 0.231445 -0.483398 0.120117
v 0.223633 -0.49707 0.100586
v 0.235352 -0.483398 0.120117
v 0.231445 -0.483398 0.120117
v 0.231445 -0.49707 0.118164
v 0.231445 -0.49707 0.118164
v 0.235352 -0.49707 0.118164
v 0.235352 -0.49707 0.118164
v 0.231445 -0.47168 0.116211
v 0.24707 -0.483398 0.110352
v 0.24707 -0.473633 0.104492
v 0.24707 -0.49707 0.110352
v 0.249023 -0.49707 0.104492
v 0.24707 -0.49707 0.110352
v 0.249023 -0.49707 0.104492
v 0.24707 -0.483398 0.110352
v 0.24707 -0.49707 0.110352
v 0.249023 -0.485352 0.104492
v 0.24707 -0.473633 0.104492
v 0.24707 -0.49707 0.088867
v 0.249023 -0.483398 0.09082
v 0.249023 -0.485352 0.104492
v 0.24707 -0.49707 0.088867
v 0.249023 -0.483398 0.09082
v 0.239258 -0.49707 0.063477
v 0.241211 -0.483398 0.063477
v 0.241211 -0.483398 0.063477
v 0.231445 -0.467773 0.071289
v 0.233398 -0.483398 0.024414
v 0.231445 -0.49707 0.026367
v 0.231445 -0.473633 0.053711
v 0.233398 -0.483398 0.024414
v 0.233398 -0.456055 0.069336
v 0.225586 -0.463867 0.079102
v 0.231445 -0.467773 0.071289
v 0.223633 -0.436523 0.049805
v 0.231445 -0.473633 0.053711
v 0.235352 -0.459961 0.053711
v 0.206055 -0.422852 0.03418
v 0.196289 -0.416992 0.051758
v 0.211914 -0.428711 0.069336
v 0.223633 -0.436523 0.049805
v 0.231445 -0.473633 0.053711
v 0.227539 -0.469727 0.036133
v 0.235352 -0.459961 0.053711
v 0.233398 -0.483398 0.024414
v 0.227539 -0.469727 0.036133
v 0.231445 -0.473633 0.053711
v 0.231445 -0.459961 0.040039
v 0.219727 -0.456055 0.02832
v 0.231445 -0.459961 0.040039
v 0.227539 -0.469727 0.036133
v 0.219727 -0.456055 0.02832
v 0.225586 -0.448242 0.032227
v 0.231445 -0.459961 0.040039
v 0.225586 -0.448242 0.032227
v 0.213867 -0.436523 0.024414
v 0.225586 -0.448242 0.032227
v 0.213867 -0.436523 0.024414
v 0.209961 -0.49707 -0.024414
v 0.211914 -0.481445 -0.030273
v 0.211914 -0.481445 -0.030273
v 0.213867 -0.436523 0.024414
v 0.206055 -0.422852 0.03418
v 0.213867 -0.436523 0.024414
v 0.206055 -0.387695 -0.024414
v 0.202148 -0.444336 -0.02832
v 0.213867 -0.436523 0.024414
v 0.202148 -0.444336 -0.02832
v 0.208008 -0.432617 -0.030273
v 0.208008 -0.432617 -0.030273
v 0.209961 -0.317383 0.040039
v 0.209961 -0.313477 -0.018555
v 0.239258 -0.321289 -0.008789
v 0.196289 -0.368164 0.012695
v 0.206055 -0.37793 0.00293
v 0.206055 -0.37793 0.00293
v 0.194336 -0.375977 -0.010742
v 0.239258 -0.331055 -0.024414
v 0.239258 -0.331055 -0.024414
v 0.239258 -0.321289 -0.008789
v 0.206055 -0.37793 0.00293
v 0.178711 -0.305664 0.100586
v 0.166992 -0.293945 0.094727
v 0.176758 -0.256836 0.05957
v 0.176758 -0.256836 0.05957
v 0.194336 -0.262695 0.05957
v 0.194336 -0.262695 0.05957
v 0.194336 -0.254883 0.000977
v 0.176758 -0.250977 0.012695
v 0.176758 -0.256836 0.05957
v 0.176758 -0.256836 0.05957
v 0.176758 -0.250977 0.012695
v 0.174805 -0.233398 0.018555
v 0.194336 -0.262695 0.05957
v 0.18457 -0.237305 0.098633
v 0.170898 -0.225586 0.077148
v 0.18457 -0.237305 0.098633
v 0.151367 -0.266602 -0.040039
v 0.139648 -0.243164 -0.010742
v 0.174805 -0.233398 0.018555
v 0.176758 -0.250977 0.012695
v 0.151367 -0.266602 -0.040039
v 0.143555 -0.262695 -0.018555
v 0.176758 -0.250977 0.012695
v 0.143555 -0.262695 -0.018555
v 0.223633 -0.30957 -0.006836
v 0.188477 -0.368164 -0.000977
v 0.196289 -0.368164 0.012695
v 0.223633 -0.30957 -0.006836
v 0.194336 -0.254883 0.000977
v 0.209961 -0.313477 -0.018555
v 0.151367 -0.266602 -0.040039
v 0.194336 -0.254883 0.000977
v 0.155273 -0.217773 0.15918
v 0.116211 -0.217773 0.151367
v 0.12207 -0.225586 0.165039
v 0.155273 -0.217773 0.15918
v 0.061523 -0.225586 0.12207
v 0.108398 -0.208008 0.133789
v 0.102539 -0.192383 0.145508
v 0.151367 -0.198242 0.124023
v 0.102539 -0.192383 0.145508
v 0.084961 -0.133789 0.129883
v 0.03418 -0.165039 0.110352
v 0.157227 -0.180664 0.131836
v 0.084961 -0.133789 0.129883
v 0.102539 -0.192383 0.145508
v 0.061523 -0.225586 0.12207
v 0.157227 -0.180664 0.131836
v 0.108398 -0.208008 0.133789
v 0.15332 -0.208008 0.143555
v 0.086914 -0.24707 0.102539
v 0.151367 -0.198242 0.124023
v 0.067383 -0.100586 0.108398
v 0.079102 -0.102539 0.114258
v 0.067383 -0.100586 0.108398
v 0.084961 -0.133789 0.129883
v 0.100586 -0.100586 0.112305
v 0.118164 -0.100586 0.108398
v 0.100586 -0.100586 0.112305
v 0.084961 -0.133789 0.129883
v 0.12793 -0.108398 0.110352
v 0.147461 -0.12207 0.112305
v 0.084961 -0.133789 0.129883
v 0.135742 -0.116211 0.114258
v 0.12793 -0.108398 0.110352
v 0.135742 -0.116211 0.114258
v 0.045898 -0.243164 0.069336
v 0.018555 -0.186523 0.061523
v 0.045898 -0.243164 0.069336
v 0.022461 -0.188477 0.000977
v 0.049805 -0.243164 0.014648
v 0.018555 -0.186523 0.061523
v 0.012695 -0.147461 0.047852
v 0.018555 -0.186523 0.061523
v 0.03418 -0.165039 0.110352
v 0.030273 -0.12207 0.075195
v 0.063477 -0.09082 0.098633
v 0.067383 -0.100586 0.108398
v 0.084961 -0.231445 -0.030273
v 0.016602 -0.145508 -0.000977
v 0.038086 -0.125977 -0.043945
v 0.063477 -0.170898 -0.053711
v 0.012695 -0.147461 0.047852
v 0.030273 -0.12207 0.075195
v 0.012695 -0.124023 0.102539
v 0.012695 -0.147461 0.047852
v 0.032227 -0.084961 0.116211
v 0.05957 -0.083008 0.09082
v 0.05957 -0.083008 0.09082
v 0.063477 -0.073242 0.094727
v 0.051758 -0.030273 0.112305
v 0.063477 -0.053711 0.112305
v 0.063477 -0.053711 0.112305
v 0.063477 -0.073242 0.094727
v 0.045898 -0.022461 0.09668
v 0.051758 -0.030273 0.112305
v 0.022461 -0.022461 0.110352
v 0.045898 -0.022461 0.09668
v 0.05957 0.026367 0.108398
v 0.026367 0.026367 0.12207
v 0.061523 -0.022461 0.104492
v 0.061523 -0.03418 0.106445
v 0.075195 -0.032227 0.098633
v 0.045898 -0.022461 0.09668
v 0.051758 -0.030273 0.112305
v 0.053711 -0.020508 0.104492
v 0.045898 -0.022461 0.09668
v 0.053711 -0.020508 0.104492
v 0.057617 -0.016602 0.09668
v 0.045898 -0.022461 0.09668
v 0.057617 -0.016602 0.09668
v 0.049805 -0.020508 0.088867
v 0.045898 -0.022461 0.09668
v 0.049805 -0.020508 0.088867
v 0.05957 0.026367 0.108398
v 0.061523 -0.022461 0.104492
v 0.051758 -0.030273 0.112305
v 0.063477 -0.012695 0.088867
v 0.071289 -0.018555 0.098633
v 0.071289 -0.018555 0.098633
v 0.061523 -0.014648 0.077148
v 0.063477 -0.012695 0.088867
v 0.061523 -0.014648 0.077148
v 0.071289 -0.010742 0.071289
v 0.061523 -0.014648 0.077148
v 0.071289 -0.010742 0.071289
v 0.067383 0.030273 0.05957
v 0.061523 0.032227 0.071289
v 0.05957 0.026367 0.108398
v 0.061523 -0.014648 0.077148
v 0.067383 0.030273 0.05957
v 0.067383 -0.100586 0.108398
v 0.079102 -0.102539 0.114258
v 0.079102 -0.09082 0.116211
v 0.069336 -0.09082 0.112305
v 0.06543 -0.081055 0.106445
v 0.069336 -0.09082 0.112305
v 0.100586 -0.088867 0.114258
v 0.079102 -0.09082 0.116211
v 0.079102 -0.102539 0.114258
v 0.079102 -0.09082 0.116211
v 0.06543 -0.081055 0.106445
v 0.069336 -0.09082 0.112305
v 0.075195 -0.075195 0.110352
v 0.075195 -0.075195 0.110352
v 0.06543 -0.081055 0.106445
v 0.079102 -0.09082 0.116211
v 0.071289 -0.06543 0.09668
v 0.100586 -0.06543 0.102539
v 0.071289 -0.06543 0.09668
v 0.075195 -0.075195 0.110352
v 0.075195 -0.075195 0.110352
v 0.100586 -0.06543 0.102539
v 0.071289 -0.06543 0.09668
v 0.081055 -0.057617 0.088867
v 0.081055 -0.057617 0.088867
v 0.12207 -0.088867 0.110352
v 0.12793 -0.108398 0.110352
v 0.12207 -0.088867 0.110352
v 0.118164 -0.100586 0.108398
v 0.135742 -0.061523 0.088867
v 0.094727 -0.053711 0.081055
v 0.104492 -0.051758 0.073242
v 0.135742 -0.061523 0.088867
v 0.137695 -0.098633 0.112305
v 0.12207 -0.088867 0.110352
v 0.137695 -0.098633 0.112305
v 0.135742 -0.061523 0.088867
v 0.081055 -0.057617 0.088867
v 0.075195 -0.032227 0.098633
v 0.063477 -0.053711 0.112305
v 0.083008 -0.012695 0.086914
v 0.081055 -0.057617 0.088867
v 0.09082 -0.041992 0.086914
v 0.088867 -0.026367 0.086914
v 0.083008 -0.012695 0.086914
v 0.094727 -0.053711 0.081055
v 0.100586 -0.024414 0.079102
v 0.104492 -0.051758 0.073242
v 0.083008 -0.012695 0.086914
v 0.071289 -0.010742 0.071289
v 0.063477 -0.012695 0.088867
v 0.071289 -0.010742 0.071289
v 0.083008 -0.012695 0.086914
v 0.098633 -0.010742 0.077148
v 0.086914 -0.008789 0.063477
v 0.086914 -0.008789 0.063477
v 0.098633 -0.010742 0.077148
v 0.110352 -0.004883 0.067383
v 0.094727 -0.00293 0.055664
v 0.094727 -0.00293 0.055664
v 0.120117 -0.030273 0.061523
v 0.104492 -0.051758 0.073242
v 0.116211 -0.041992 0.055664
v 0.120117 -0.030273 0.061523
v 0.116211 -0.041992 0.055664
v 0.110352 -0.018555 0.069336
v 0.110352 -0.004883 0.067383
v 0.118164 -0.014648 0.061523
v 0.108398 -0.000977 0.041992
v 0.094727 -0.00293 0.055664
v 0.110352 -0.004883 0.067383
v 0.120117 -0.00293 0.053711
v 0.110352 -0.004883 0.067383
v 0.118164 -0.014648 0.061523
v 0.120117 -0.00293 0.053711
v 0.135742 -0.061523 0.088867
v 0.124023 -0.041992 0.043945
v 0.116211 -0.041992 0.055664
v 0.116211 -0.041992 0.055664
v 0.124023 -0.041992 0.043945
v 0.125977 -0.020508 0.040039
v 0.125977 -0.020508 0.040039
v 0.120117 -0.030273 0.061523
v 0.116211 -0.041992 0.055664
v 0.124023 -0.041992 0.043945
v 0.135742 -0.061523 0.088867
v 0.141602 -0.043945 0.045898
v 0.124023 -0.041992 0.043945
v 0.141602 -0.043945 0.045898
v 0.129883 -0.041992 0.02832
v 0.129883 -0.041992 0.02832
v 0.108398 -0.000977 0.041992
v 0.125977 -0.006836 0.038086
v 0.112305 -0.00293 0.032227
v 0.108398 -0.000977 0.041992
v 0.112305 -0.00293 0.032227
v 0.108398 0.043945 0.045898
v 0.077148 0.040039 0.061523
v 0.108398 0.043945 0.045898
v 0.120117 -0.030273 0.061523
v 0.125977 -0.006836 0.038086
v 0.116211 -0.004883 0.018555
v 0.116211 -0.004883 0.018555
v 0.133789 -0.004883 0.006836
v 0.120117 -0.000977 0.00293
v 0.116211 -0.004883 0.018555
v 0.120117 -0.000977 0.00293
v 0.12207 0.045898 -0.012695
v 0.129883 -0.008789 0.022461
v 0.129883 -0.008789 0.022461
v 0.12207 0.00293 -0.008789
v 0.12207 0.00293 -0.008789
v 0.176758 -0.245117 0.149414
v 0.15332 -0.208008 0.143555
v 0.155273 -0.217773 0.15918
v 0.180664 -0.241211 0.125977
v 0.151367 -0.198242 0.124023
v 0.18457 -0.237305 0.098633
v 0.170898 -0.225586 0.077148
v 0.192383 -0.19043 0.079102
v 0.157227 -0.180664 0.131836
v 0.192383 -0.19043 0.079102
v 0.147461 -0.12207 0.112305
v 0.151367 -0.198242 0.124023
v 0.18457 -0.237305 0.098633
v 0.170898 -0.225586 0.077148
v 0.170898 -0.225586 0.077148
v 0.174805 -0.233398 0.018555
v 0.188477 -0.204102 0.014648
v 0.192383 -0.19043 0.079102
v 0.18457 -0.133789 0.069336
v 0.172852 -0.125977 0.069336
v 0.176758 -0.139648 0.077148
v 0.176758 -0.139648 0.077148
v 0.172852 -0.125977 0.069336
v 0.165039 -0.114258 0.075195
v 0.19043 -0.139648 0.05957
v 0.18457 -0.133789 0.069336
v 0.176758 -0.139648 0.077148
v 0.18457 -0.147461 0.061523
v 0.18457 -0.147461 0.061523
v 0.155273 -0.124023 0.102539
v 0.157227 -0.116211 0.092773
v 0.15918 -0.112305 0.083008
v 0.182617 -0.120117 0.06543
v 0.172852 -0.104492 0.071289
v 0.165039 -0.114258 0.075195
v 0.18457 -0.133789 0.069336
v 0.19043 -0.139648 0.05957
v 0.18457 -0.112305 0.057617
v 0.182617 -0.120117 0.06543
v 0.141602 -0.217773 -0.032227
v 0.139648 -0.243164 -0.010742
v 0.186523 -0.155273 0.040039
v 0.186523 -0.155273 0.040039
v 0.188477 -0.204102 0.014648
v 0.18457 -0.15918 0.018555
v 0.186523 -0.155273 0.040039
v 0.18457 -0.15918 0.018555
v 0.192383 -0.145508 0.038086
v 0.192383 -0.145508 0.038086
v 0.182617 -0.15332 0.006836
v 0.18457 -0.15918 0.018555
v 0.182617 -0.15332 0.006836
v 0.192383 -0.149414 0.016602
v 0.192383 -0.149414 0.016602
v 0.192383 -0.145508 0.038086
v 0.18457 -0.15918 0.018555
v 0.176758 -0.149414 -0.006836
v 0.19043 -0.147461 0.006836
v 0.186523 -0.139648 -0.000977
v 0.19043 -0.147461 0.006836
v 0.182617 -0.15332 0.006836
v 0.186523 -0.139648 -0.000977
v 0.256836 -0.239258 0.120117
v 0.276367 -0.225586 0.137695
v 0.249023 -0.231445 0.116211
v 0.249023 -0.231445 0.116211
v 0.276367 -0.225586 0.137695
v 0.25293 -0.200195 0.102539
v 0.266602 -0.241211 0.108398
v 0.256836 -0.239258 0.120117
v 0.249023 -0.231445 0.116211
v 0.266602 -0.235352 0.094727
v 0.266602 -0.241211 0.108398
v 0.249023 -0.231445 0.116211
v 0.25293 -0.200195 0.102539
v 0.266602 -0.235352 0.094727
v 0.249023 -0.231445 0.116211
v 0.15918 -0.155273 -0.02832
v 0.168945 -0.155273 -0.016602
v 0.192383 -0.145508 0.038086
v 0.192383 -0.149414 0.016602
v 0.192383 -0.12793 0.036133
v 0.192383 -0.131836 0.012695
v 0.170898 -0.071289 -0.018555
v 0.165039 -0.063477 0.038086
v 0.192383 -0.131836 0.012695
v 0.182617 -0.141602 -0.012695
v 0.170898 -0.071289 -0.018555
v 0.135742 -0.116211 0.114258
v 0.141602 -0.108398 0.114258
v 0.137695 -0.098633 0.112305
v 0.15918 -0.106445 0.100586
v 0.135742 -0.061523 0.088867
v 0.151367 -0.112305 0.114258
v 0.155273 -0.124023 0.102539
v 0.151367 -0.112305 0.114258
v 0.147461 -0.12207 0.112305
v 0.15918 -0.106445 0.100586
v 0.141602 -0.108398 0.114258
v 0.151367 -0.112305 0.114258
v 0.157227 -0.114258 0.106445
v 0.151367 -0.112305 0.114258
v 0.157227 -0.114258 0.106445
v 0.15918 -0.106445 0.100586
v 0.157227 -0.116211 0.092773
v 0.157227 -0.114258 0.106445
v 0.155273 -0.124023 0.102539
v 0.15918 -0.106445 0.100586
v 0.163086 -0.100586 0.086914
v 0.15918 -0.106445 0.100586
v 0.163086 -0.100586 0.086914
v 0.135742 -0.061523 0.088867
v 0.15918 -0.112305 0.083008
v 0.165039 -0.114258 0.075195
v 0.163086 -0.100586 0.086914
v 0.15918 -0.112305 0.083008
v 0.172852 -0.104492 0.071289
v 0.172852 -0.104492 0.071289
v 0.141602 -0.043945 0.045898
v 0.151367 -0.041992 0.006836
v 0.165039 -0.063477 0.038086
v 0.151367 -0.041992 0.006836
v 0.129883 -0.008789 0.022461
v 0.131836 -0.022461 0.020508
v 0.133789 -0.038086 0.00293
v 0.133789 -0.038086 0.00293
v 0.135742 -0.018555 0.00293
v 0.137695 -0.040039 -0.008789
v 0.137695 -0.040039 -0.008789
v 0.170898 -0.071289 -0.018555
v 0.151367 -0.047852 -0.018555
v 0.133789 -0.004883 0.006836
v 0.139648 -0.010742 -0.016602
v 0.141602 -0.026367 -0.016602
v 0.137695 0.000977 -0.010742
v 0.137695 0.000977 -0.010742
v 0.305664 -0.303711 0.129883
v 0.336914 -0.27832 0.135742
v 0.295898 -0.282227 0.114258
v 0.350586 -0.297852 0.104492
v 0.336914 -0.27832 0.135742
v 0.305664 -0.303711 0.129883
v 0.299805 -0.305664 0.120117
v 0.307617 -0.317383 0.102539
v 0.305664 -0.303711 0.129883
v 0.317383 -0.321289 0.100586
v 0.305664 -0.303711 0.129883
v 0.295898 -0.282227 0.114258
v 0.299805 -0.305664 0.120117
v 0.317383 -0.321289 0.100586
v 0.311523 -0.266602 0.116211
v 0.295898 -0.282227 0.114258
v 0.336914 -0.27832 0.135742
v 0.323242 -0.241211 0.110352
v 0.311523 -0.266602 0.116211
v 0.336914 -0.27832 0.135742
v 0.336914 -0.27832 0.135742
v 0.350586 -0.297852 0.104492
v 0.34668 -0.243164 0.125977
v 0.336914 -0.27832 0.135742
v 0.34668 -0.243164 0.125977
v 0.323242 -0.241211 0.110352
v 0.307617 -0.317383 0.102539
v 0.299805 -0.305664 0.120117
v 0.301758 -0.307617 0.09668
v 0.307617 -0.317383 0.102539
v 0.301758 -0.307617 0.09668
v 0.307617 -0.299805 0.086914
v 0.317383 -0.321289 0.100586
v 0.299805 -0.305664 0.120117
v 0.295898 -0.282227 0.114258
v 0.293945 -0.295898 0.112305
v 0.293945 -0.295898 0.112305
v 0.295898 -0.282227 0.114258
v 0.307617 -0.299805 0.086914
v 0.295898 -0.282227 0.114258
v 0.311523 -0.266602 0.116211
v 0.325195 -0.286133 0.086914
v 0.307617 -0.299805 0.086914
v 0.323242 -0.241211 0.110352
v 0.325195 -0.286133 0.086914
v 0.311523 -0.266602 0.116211
v 0.325195 -0.286133 0.086914
v 0.350586 -0.297852 0.104492
v 0.323242 -0.329102 0.06543
v 0.329102 -0.327148 0.077148
v 0.31543 -0.317383 0.05957
v 0.331055 -0.334961 0.045898
v 0.329102 -0.327148 0.077148
v 0.323242 -0.329102 0.06543
v 0.323242 -0.329102 0.06543
v 0.31543 -0.317383 0.05957
v 0.323242 -0.323242 0.038086
v 0.331055 -0.334961 0.045898
v 0.358398 -0.299805 0.084961
v 0.313477 -0.303711 0.063477
v 0.344727 -0.338867 0.041992
v 0.358398 -0.299805 0.084961
v 0.329102 -0.327148 0.077148
v 0.344727 -0.338867 0.041992
v 0.338867 -0.260742 0.081055
v 0.338867 -0.260742 0.081055
v 0.333008 -0.28418 0.067383
v 0.313477 -0.303711 0.063477
v 0.333008 -0.28418 0.067383
v 0.348633 -0.295898 0.030273
v 0.327148 -0.31543 0.02832
v 0.313477 -0.303711 0.063477
v 0.327148 -0.31543 0.02832
v 0.344727 -0.262695 0.067383
v 0.344727 -0.262695 0.067383
v 0.368164 -0.266602 0.094727
v 0.338867 -0.233398 0.061523
v 0.338867 -0.260742 0.081055
v 0.323242 -0.241211 0.110352
v 0.321289 -0.208008 0.09668
v 0.338867 -0.233398 0.061523
v 0.350586 -0.297852 0.104492
v 0.368164 -0.266602 0.094727
v 0.34668 -0.243164 0.125977
v 0.370117 -0.260742 0.098633
v 0.374023 -0.225586 0.075195
v 0.370117 -0.260742 0.098633
v 0.368164 -0.266602 0.094727
v 0.374023 -0.225586 0.075195
v 0.354492 -0.243164 0.125977
v 0.34668 -0.243164 0.125977
v 0.370117 -0.260742 0.098633
v 0.358398 -0.206055 0.112305
v 0.354492 -0.243164 0.125977
v 0.370117 -0.260742 0.098633
v 0.375977 -0.223633 0.083008
v 0.375977 -0.223633 0.083008
v 0.37207 -0.266602 0.084961
v 0.391602 -0.280273 0.040039
v 0.37207 -0.266602 0.084961
v 0.375977 -0.311523 0.043945
v 0.338867 -0.233398 0.061523
v 0.360352 -0.274414 0.02832
v 0.360352 -0.274414 0.02832
v 0.344727 -0.262695 0.067383
v 0.379883 -0.264648 0.081055
v 0.37207 -0.266602 0.084961
v 0.379883 -0.264648 0.081055
v 0.383789 -0.227539 0.073242
v 0.374023 -0.225586 0.075195
v 0.374023 -0.225586 0.075195
v 0.327148 -0.31543 0.02832
v 0.331055 -0.334961 0.045898
v 0.323242 -0.323242 0.038086
v 0.344727 -0.338867 0.041992
v 0.348633 -0.295898 0.030273
v 0.344727 -0.338867 0.041992
v 0.327148 -0.31543 0.02832
v 0.34082 -0.331055 0.00293
v 0.34668 -0.331055 0.014648
v 0.336914 -0.307617 0.006836
v 0.360352 -0.334961 -0.022461
v 0.34668 -0.331055 0.014648
v 0.34082 -0.331055 0.00293
v 0.34082 -0.331055 0.00293
v 0.336914 -0.307617 0.006836
v 0.336914 -0.319336 -0.000977
v 0.344727 -0.321289 -0.022461
v 0.350586 -0.334961 -0.018555
v 0.350586 -0.334961 -0.018555
v 0.375977 -0.311523 0.043945
v 0.370117 -0.31543 0.024414
v 0.350586 -0.295898 0.012695
v 0.383789 -0.317383 -0.016602
v 0.370117 -0.31543 0.024414
v 0.34668 -0.331055 0.014648
v 0.360352 -0.334961 -0.022461
v 0.387695 -0.28418 0.02832
v 0.387695 -0.28418 0.02832
v 0.336914 -0.307617 0.006836
v 0.350586 -0.295898 0.012695
v 0.366211 -0.299805 -0.026367
v 0.352539 -0.311523 -0.02832
v 0.336914 -0.319336 -0.000977
v 0.360352 -0.274414 0.02832
v 0.362305 -0.274414 0.014648
v 0.362305 -0.274414 0.014648
v 0.391602 -0.280273 0.040039
v 0.399414 -0.239258 0.030273
v 0.358398 -0.24707 0.016602
v 0.358398 -0.24707 0.016602
v 0.358398 -0.24707 0.016602
v 0.362305 -0.274414 0.014648
v 0.375977 -0.27832 -0.026367
v 0.375977 -0.27832 -0.026367
v 0.395508 -0.274414 0.045898
v 0.379883 -0.264648 0.081055
v 0.395508 -0.274414 0.045898
v 0.383789 -0.227539 0.073242
v 0.399414 -0.239258 0.030273
v 0.395508 -0.274414 0.045898
v 0.391602 -0.280273 0.040039
v 0.401367 -0.237305 0.040039
v 0.401367 -0.237305 0.040039
v 0.387695 -0.28418 0.02832
v 0.395508 -0.282227 0.026367
v 0.407227 -0.241211 0.026367
v 0.401367 -0.286133 -0.014648
v 0.395508 -0.282227 0.026367
v 0.399414 -0.239258 0.030273
v 0.399414 -0.239258 0.030273
v 0.407227 -0.282227 -0.008789
v 0.407227 -0.241211 0.026367
v 0.395508 -0.282227 0.026367
v 0.407227 -0.282227 -0.008789
v 0.272461 -0.235352 0.131836
v 0.280273 -0.237305 0.120117
v 0.276367 -0.225586 0.137695
v 0.272461 -0.235352 0.131836
v 0.272461 -0.235352 0.131836
v 0.256836 -0.239258 0.120117
v 0.280273 -0.237305 0.120117
v 0.282227 -0.194336 0.12793
v 0.295898 -0.213867 0.106445
v 0.282227 -0.194336 0.12793
v 0.276367 -0.225586 0.137695
v 0.291992 -0.229492 0.116211
v 0.291992 -0.229492 0.116211
v 0.293945 -0.168945 0.110352
v 0.30957 -0.194336 0.092773
v 0.293945 -0.168945 0.110352
v 0.34668 -0.243164 0.125977
v 0.354492 -0.243164 0.125977
v 0.358398 -0.206055 0.112305
v 0.348633 -0.204102 0.112305
v 0.348633 -0.204102 0.112305
v 0.266602 -0.241211 0.108398
v 0.280273 -0.237305 0.120117
v 0.266602 -0.241211 0.108398
v 0.291992 -0.229492 0.116211
v 0.266602 -0.235352 0.094727
v 0.270508 -0.219727 0.084961
v 0.266602 -0.235352 0.094727
v 0.270508 -0.219727 0.084961
v 0.295898 -0.213867 0.106445
v 0.291992 -0.229492 0.116211
v 0.28418 -0.198242 0.063477
v 0.262695 -0.172852 0.086914
v 0.262695 -0.172852 0.086914
v 0.28418 -0.198242 0.063477
v 0.30957 -0.194336 0.092773
v 0.31543 -0.196289 0.09082
v 0.30957 -0.194336 0.092773
v 0.28418 -0.198242 0.063477
v 0.260742 -0.165039 0.077148
v 0.282227 -0.129883 0.040039
v 0.288086 -0.12793 0.024414
v 0.311523 -0.200195 0.041992
v 0.28418 -0.198242 0.063477
v 0.311523 -0.200195 0.041992
v 0.288086 -0.12793 0.024414
v 0.303711 -0.161133 0.112305
v 0.293945 -0.168945 0.110352
v 0.30957 -0.194336 0.092773
v 0.336914 -0.163086 0.100586
v 0.303711 -0.161133 0.112305
v 0.30957 -0.194336 0.092773
v 0.30957 -0.194336 0.092773
v 0.31543 -0.196289 0.09082
v 0.336914 -0.163086 0.100586
v 0.262695 -0.155273 0.086914
v 0.260742 -0.165039 0.077148
v 0.262695 -0.172852 0.086914
v 0.293945 -0.168945 0.110352
v 0.262695 -0.155273 0.086914
v 0.262695 -0.172852 0.086914
v 0.282227 -0.12207 0.063477
v 0.280273 -0.12793 0.051758
v 0.282227 -0.129883 0.040039
v 0.291992 -0.15332 0.110352
v 0.262695 -0.155273 0.086914
v 0.291992 -0.15332 0.110352
v 0.293945 -0.124023 0.075195
v 0.282227 -0.12207 0.063477
v 0.303711 -0.161133 0.112305
v 0.307617 -0.124023 0.084961
v 0.303711 -0.161133 0.112305
v 0.303711 -0.161133 0.112305
v 0.336914 -0.163086 0.100586
v 0.329102 -0.135742 0.086914
v 0.329102 -0.135742 0.086914
v 0.31543 -0.131836 0.088867
v 0.311523 -0.200195 0.041992
v 0.291992 -0.133789 0.010742
v 0.301758 -0.15332 0.004883
v 0.344727 -0.209961 -0.00293
v 0.31543 -0.196289 0.09082
v 0.276367 -0.118164 0.049805
v 0.280273 -0.12793 0.051758
v 0.282227 -0.12207 0.063477
v 0.27832 -0.118164 0.038086
v 0.280273 -0.118164 0.020508
v 0.28418 -0.12793 0.00293
v 0.291992 -0.133789 0.010742
v 0.280273 -0.118164 0.020508
v 0.291992 -0.147461 -0.006836
v 0.291992 -0.133789 0.010742
v 0.28418 -0.12793 0.00293
v 0.28418 -0.12793 0.00293
v 0.280273 -0.118164 0.020508
v 0.28418 -0.104492 0.008789
v 0.28418 -0.12793 0.00293
v 0.28418 -0.104492 0.008789
v 0.282227 -0.116211 -0.006836
v 0.282227 -0.116211 -0.006836
v 0.291992 -0.147461 -0.006836
v 0.28418 -0.12793 0.00293
v 0.301758 -0.15332 0.004883
v 0.291992 -0.147461 -0.006836
v 0.307617 -0.15918 -0.018555
v 0.301758 -0.15332 0.004883
v 0.317383 -0.165039 -0.006836
v 0.317383 -0.165039 -0.006836
v 0.321289 -0.208008 0.09668
v 0.336914 -0.163086 0.100586
v 0.31543 -0.196289 0.09082
v 0.356445 -0.19043 0.114258
v 0.356445 -0.19043 0.114258
v 0.391602 -0.211914 0.081055
v 0.358398 -0.206055 0.112305
v 0.375977 -0.223633 0.083008
v 0.391602 -0.211914 0.081055
v 0.375977 -0.170898 0.077148
v 0.336914 -0.163086 0.100586
v 0.356445 -0.19043 0.114258
v 0.356445 -0.19043 0.114258
v 0.391602 -0.211914 0.081055
v 0.385742 -0.180664 0.069336
v 0.375977 -0.170898 0.077148
v 0.374023 -0.225586 0.075195
v 0.391602 -0.211914 0.081055
v 0.344727 -0.129883 0.083008
v 0.329102 -0.135742 0.086914
v 0.336914 -0.163086 0.100586
v 0.358398 -0.131836 0.081055
v 0.344727 -0.129883 0.083008
v 0.336914 -0.163086 0.100586
v 0.364258 -0.141602 0.079102
v 0.368164 -0.155273 0.079102
v 0.375977 -0.170898 0.077148
v 0.31543 -0.131836 0.088867
v 0.329102 -0.135742 0.086914
v 0.327148 -0.12207 0.09082
v 0.30957 -0.116211 0.084961
v 0.307617 -0.124023 0.084961
v 0.31543 -0.131836 0.088867
v 0.317383 -0.12207 0.09082
v 0.317383 -0.12207 0.09082
v 0.344727 -0.116211 0.088867
v 0.358398 -0.131836 0.081055
v 0.364258 -0.141602 0.079102
v 0.379883 -0.135742 0.083008
v 0.366211 -0.120117 0.086914
v 0.344727 -0.116211 0.088867
v 0.368164 -0.155273 0.079102
v 0.375977 -0.170898 0.077148
v 0.381836 -0.151367 0.083008
v 0.375977 -0.250977 -0.036133
v 0.282227 -0.12207 0.063477
v 0.293945 -0.124023 0.075195
v 0.280273 -0.114258 0.05957
v 0.282227 -0.12207 0.063477
v 0.280273 -0.114258 0.05957
v 0.276367 -0.118164 0.049805
v 0.293945 -0.114258 0.075195
v 0.293945 -0.114258 0.075195
v 0.30957 -0.116211 0.084961
v 0.31543 -0.104492 0.081055
v 0.293945 -0.114258 0.075195
v 0.303711 -0.09668 0.06543
v 0.286133 -0.102539 0.045898
v 0.303711 -0.09668 0.06543
v 0.286133 -0.102539 0.045898
v 0.280273 -0.114258 0.05957
v 0.293945 -0.114258 0.075195
v 0.317383 -0.12207 0.09082
v 0.295898 -0.094727 0.038086
v 0.286133 -0.102539 0.045898
v 0.303711 -0.09668 0.06543
v 0.307617 -0.09082 0.051758
v 0.319336 -0.092773 0.061523
v 0.307617 -0.09082 0.051758
v 0.321289 -0.094727 0.073242
v 0.286133 -0.102539 0.045898
v 0.286133 -0.102539 0.045898
v 0.27832 -0.118164 0.038086
v 0.276367 -0.118164 0.049805
v 0.286133 -0.102539 0.026367
v 0.280273 -0.118164 0.020508
v 0.27832 -0.118164 0.038086
v 0.286133 -0.102539 0.045898
v 0.28418 -0.104492 0.008789
v 0.286133 -0.102539 0.026367
v 0.295898 -0.094727 0.038086
v 0.307617 -0.09082 0.051758
v 0.27832 0.004883 0.032227
v 0.286133 -0.102539 0.026367
v 0.319336 -0.092773 0.061523
v 0.235352 -0.032227 -0.05957
v 0.28418 -0.104492 0.008789
v 0.286133 -0.102539 0.026367
v 0.286133 -0.102539 0.026367
v 0.27832 0.004883 0.032227
v 0.235352 -0.032227 -0.05957
v 0.327148 -0.12207 0.09082
v 0.344727 -0.116211 0.088867
v 0.34668 -0.088867 0.084961
v 0.31543 -0.104492 0.081055
v 0.344727 -0.116211 0.088867
v 0.34668 -0.088867 0.084961
v 0.34082 -0.077148 0.071289
v 0.321289 -0.094727 0.073242
v 0.34082 -0.077148 0.071289
v 0.336914 -0.075195 0.05957
v 0.319336 -0.092773 0.061523
v 0.356445 -0.067383 0.069336
v 0.354492 -0.06543 0.057617
v 0.336914 -0.075195 0.05957
v 0.366211 -0.120117 0.086914
v 0.381836 -0.094727 0.077148
v 0.379883 -0.135742 0.083008
v 0.356445 -0.067383 0.069336
v 0.356445 -0.067383 0.069336
v 0.374023 -0.069336 0.067383
v 0.370117 -0.06543 0.055664
v 0.374023 -0.069336 0.067383
v 0.370117 -0.06543 0.055664
v 0.354492 -0.06543 0.057617
v 0.356445 -0.067383 0.069336
v 0.381836 -0.075195 0.049805
v 0.370117 -0.06543 0.055664
v 0.374023 -0.069336 0.067383
v 0.374023 -0.069336 0.067383
v 0.381836 -0.094727 0.077148
v 0.385742 -0.079102 0.05957
v 0.385742 -0.079102 0.05957
v 0.319336 -0.092773 0.061523
v 0.336914 -0.075195 0.05957
v 0.27832 0.004883 0.032227
v 0.354492 -0.06543 0.057617
v 0.356445 0.024414 0.038086
v 0.370117 -0.06543 0.055664
v 0.381836 -0.075195 0.049805
v 0.379883 -0.008789 0.030273
v 0.370117 -0.036133 0.016602
v 0.370117 -0.038086 0.022461
v 0.375977 -0.040039 0.024414
v 0.387695 -0.014648 0.032227
v 0.370117 -0.038086 0.022461
v 0.379883 -0.008789 0.030273
v 0.387695 -0.008789 0.018555
v 0.375977 -0.038086 0.012695
v 0.370117 -0.036133 0.016602
v 0.379883 -0.006836 0.024414
v 0.379883 -0.006836 0.024414
v 0.401367 -0.237305 0.040039
v 0.391602 -0.211914 0.081055
v 0.383789 -0.227539 0.073242
v 0.391602 -0.178711 0.057617
v 0.416992 -0.225586 0.032227
v 0.416992 -0.225586 0.032227
v 0.375977 -0.170898 0.077148
v 0.385742 -0.180664 0.069336
v 0.385742 -0.165039 0.081055
v 0.393555 -0.172852 0.073242
v 0.385742 -0.165039 0.081055
v 0.385742 -0.165039 0.081055
v 0.393555 -0.172852 0.073242
v 0.399414 -0.149414 0.071289
v 0.381836 -0.151367 0.083008
v 0.391602 -0.178711 0.057617
v 0.393555 -0.172852 0.073242
v 0.397461 -0.170898 0.06543
v 0.399414 -0.149414 0.071289
v 0.397461 -0.170898 0.06543
v 0.401367 -0.161133 0.05957
v 0.397461 -0.170898 0.06543
v 0.391602 -0.178711 0.057617
v 0.401367 -0.161133 0.05957
v 0.401367 -0.116211 0.05957
v 0.405273 -0.149414 0.051758
v 0.416992 -0.118164 0.041992
v 0.401367 -0.116211 0.05957
v 0.399414 -0.239258 0.030273
v 0.407227 -0.241211 0.026367
v 0.413086 -0.250977 -0.016602
v 0.415039 -0.188477 0.010742
v 0.407227 -0.170898 0.024414
v 0.416992 -0.200195 -0.008789
v 0.395508 -0.15918 0.041992
v 0.416992 -0.225586 0.032227
v 0.413086 -0.250977 -0.016602
v 0.416992 -0.241211 -0.02832
v 0.416992 -0.241211 -0.02832
v 0.413086 -0.250977 -0.016602
v 0.426758 -0.178711 0.006836
v 0.407227 -0.170898 0.024414
v 0.415039 -0.188477 0.010742
v 0.428711 -0.19043 -0.012695
v 0.416992 -0.200195 -0.008789
v 0.393555 -0.166992 0.047852
v 0.395508 -0.15918 0.041992
v 0.393555 -0.166992 0.047852
v 0.391602 -0.178711 0.057617
v 0.405273 -0.149414 0.051758
v 0.395508 -0.15918 0.041992
v 0.395508 -0.15918 0.041992
v 0.399414 -0.157227 0.03418
v 0.405273 -0.149414 0.051758
v 0.399414 -0.157227 0.03418
v 0.413086 -0.145508 0.036133
v 0.420898 -0.161133 0.022461
v 0.399414 -0.157227 0.03418
v 0.407227 -0.170898 0.024414
v 0.420898 -0.161133 0.022461
v 0.413086 -0.145508 0.036133
v 0.420898 -0.161133 0.022461
v 0.43457 -0.139648 0.006836
v 0.413086 -0.145508 0.036133
v 0.43457 -0.139648 0.006836
v 0.428711 -0.124023 0.024414
v 0.416992 -0.118164 0.041992
v 0.420898 -0.161133 0.022461
v 0.426758 -0.178711 0.006836
v 0.43457 -0.161133 -0.018555
v 0.428711 -0.19043 -0.012695
v 0.428711 -0.106445 0.012695
v 0.428711 -0.124023 0.024414
v 0.432617 -0.118164 -0.008789
v 0.393555 -0.094727 0.053711
v 0.40332 -0.102539 0.043945
v 0.40332 -0.102539 0.043945
v 0.395508 -0.094727 0.036133
v 0.393555 -0.094727 0.053711
v 0.387695 -0.088867 0.043945
v 0.387695 -0.088867 0.043945
v 0.395508 -0.094727 0.036133
v 0.40332 -0.102539 0.043945
v 0.415039 -0.100586 0.030273
v 0.413086 0.014648 -0.026367
v 0.395508 -0.094727 0.036133
v 0.415039 -0.100586 0.030273
v 0.407227 -0.094727 0.022461
v 0.395508 -0.094727 0.036133
v 0.407227 -0.094727 0.022461
v 0.415039 -0.100586 0.030273
v 0.381836 -0.075195 0.049805
v 0.356445 0.024414 0.038086
v 0.389648 -0.067383 0.016602
v 0.393555 -0.069336 0.006836
v 0.422852 -0.03418 0.016602
v 0.415039 -0.032227 0.02832
v 0.381836 -0.061523 0.014648
v 0.389648 -0.067383 0.016602
v 0.415039 -0.032227 0.02832
v 0.415039 -0.02832 0.006836
v 0.393555 -0.069336 0.006836
v 0.387695 -0.063477 0.000977
v 0.387695 -0.063477 0.000977
v 0.379883 -0.05957 0.004883
v 0.401367 -0.024414 0.012695
v 0.415039 -0.02832 0.006836
v 0.415039 -0.02832 0.006836
v 0.422852 -0.03418 0.016602
v 0.393555 -0.069336 0.006836
v 0.420898 -0.098633 0.004883
v 0.420898 -0.098633 0.004883
v 0.428711 -0.106445 0.012695
v 0.422852 -0.108398 -0.012695
v 0.422852 -0.108398 -0.012695
v 0.432617 -0.118164 -0.008789
v 0.387695 -0.014648 0.032227
v 0.375977 -0.040039 0.024414
v 0.391602 -0.014648 0.024414
v 0.389648 -0.00293 0.02832
v 0.379883 -0.008789 0.030273
v 0.387695 -0.014648 0.032227
v 0.391602 -0.014648 0.024414
v 0.389648 -0.00293 0.02832
v 0.387695 -0.014648 0.032227
v 0.37793 -0.040039 0.018555
v 0.37793 -0.040039 0.018555
v 0.375977 -0.038086 0.012695
v 0.387695 -0.008789 0.018555
v 0.391602 -0.014648 0.024414
v 0.40332 -0.02832 0.026367
v 0.379883 -0.05957 0.004883
v 0.381836 -0.061523 0.014648
v 0.40332 -0.02832 0.026367
v 0.401367 -0.024414 0.012695
v 0.389648 -0.00293 0.02832
v 0.379883 -0.006836 0.024414
v 0.379883 -0.008789 0.030273
v 0.379883 -0.006836 0.024414
v 0.389648 -0.00293 0.02832
v 0.387695 -0.008789 0.018555
v 0.387695 -0.008789 0.018555
v 0.418945 -0.018555 0.018555
v 0.401367 -0.024414 0.012695
v 0.40332 -0.02832 0.026367
v 0.415039 -0.032227 0.02832
v 0.401367 -0.024414 0.012695
v 0.418945 -0.018555 0.018555
v 0.415039 -0.02832 0.006836
v 0.415039 -0.032227 0.02832
v 0.422852 -0.03418 0.016602
v 0.418945 -0.018555 0.018555
v 0.415039 -0.02832 0.006836
v 0.418945 -0.018555 0.018555
v 0.422852 -0.03418 0.016602
v 0.09082 0.088867 0.112305
v 0.077148 0.075195 0.114258
v 0.077148 0.075195 0.114258
v 0.040039 0.124023 0.141602
v 0.03418 0.112305 0.12793
v 0.116211 0.118164 0.12207
v 0.112305 0.163086 0.135742
v 0.006836 0.151367 0.141602
v 0.040039 0.124023 0.141602
v 0.116211 0.118164 0.12207
v 0.09082 0.102539 0.110352
v 0.09082 0.102539 0.110352
v 0.110352 0.194336 0.12207
v 0.094727 0.21582 0.116211
v 0.008789 0.219727 0.116211
v 0.09668 0.202148 0.120117
v 0.161133 0.186523 0.098633
v 0.063477 0.063477 0.100586
v 0.02832 0.075195 0.112305
v 0.063477 0.063477 0.100586
v 0.061523 0.032227 0.071289
v 0.077148 0.041992 0.081055
v 0.063477 0.063477 0.100586
v 0.077148 0.040039 0.061523
v 0.067383 0.030273 0.05957
v 0.063477 0.063477 0.100586
v 0.077148 0.041992 0.081055
v 0.094727 0.047852 0.088867
v 0.094727 0.047852 0.088867
v 0.129883 0.083008 0.084961
v 0.077148 0.075195 0.114258
v 0.12207 0.051758 0.053711
v 0.09082 0.088867 0.112305
v 0.129883 0.083008 0.084961
v 0.12793 0.110352 0.09082
v 0.12793 0.110352 0.09082
v 0.163086 0.145508 0.083008
v 0.161133 0.186523 0.098633
v 0.108398 0.043945 0.045898
v 0.135742 0.051758 -0.014648
v 0.12207 0.045898 -0.012695
v 0.163086 0.081055 -0.020508
v 0.047852 0.237305 0.116211
v 0.057617 0.225586 0.116211
v 0.047852 0.237305 0.116211
v 0.077148 0.258789 0.098633
v 0.100586 0.229492 0.110352
v 0.084961 0.250977 0.110352
v 0.084961 0.250977 0.110352
v 0.063477 0.258789 0.084961
v 0.102539 0.21582 0.118164
v 0.094727 0.21582 0.116211
v 0.09668 0.202148 0.120117
v 0.104492 0.208008 0.12207
v 0.110352 0.194336 0.12207
v 0.094727 0.21582 0.116211
v 0.102539 0.21582 0.118164
v 0.108398 0.219727 0.116211
v 0.104492 0.22168 0.108398
v 0.104492 0.22168 0.108398
v 0.112305 0.213867 0.120117
v 0.104492 0.208008 0.12207
v 0.104492 0.208008 0.12207
v 0.112305 0.204102 0.12207
v 0.112305 0.213867 0.120117
v 0.124023 0.198242 0.114258
v 0.120117 0.206055 0.118164
v 0.12793 0.211914 0.106445
v 0.120117 0.206055 0.118164
v 0.124023 0.198242 0.114258
v 0.141602 0.233398 0.088867
v 0.12793 0.211914 0.106445
v 0.120117 0.213867 0.114258
v 0.120117 0.213867 0.114258
v 0.120117 0.213867 0.114258
v 0.116211 0.219727 0.112305
v 0.108398 0.219727 0.116211
v 0.120117 0.213867 0.114258
v 0.116211 0.219727 0.112305
v 0.108398 0.229492 0.104492
v 0.108398 0.243164 0.104492
v 0.116211 0.219727 0.112305
v 0.104492 0.22168 0.108398
v 0.108398 0.219727 0.116211
v 0.118164 0.223633 0.104492
v 0.104492 0.22168 0.108398
v 0.116211 0.219727 0.112305
v 0.118164 0.223633 0.104492
v 0.112305 0.237305 0.098633
v 0.108398 0.243164 0.104492
v 0.108398 0.229492 0.104492
v 0.118164 0.241211 0.094727
v 0.112305 0.237305 0.098633
v 0.108398 0.229492 0.104492
v 0.12793 0.239258 0.09082
v 0.118164 0.241211 0.094727
v 0.108398 0.243164 0.104492
v 0.112305 0.237305 0.098633
v 0.118164 0.250977 0.098633
v 0.106445 0.270508 0.104492
v 0.118164 0.250977 0.098633
v 0.118164 0.223633 0.104492
v 0.118164 0.241211 0.094727
v 0.165039 0.106445 0.040039
v 0.12793 0.110352 0.09082
v 0.129883 0.083008 0.084961
v 0.165039 0.106445 0.040039
v 0.165039 0.106445 0.040039
v 0.157227 0.131836 0.063477
v 0.176758 0.155273 0.024414
v 0.157227 0.131836 0.063477
v 0.165039 0.106445 0.040039
v 0.176758 0.110352 -0.026367
v 0.165039 0.106445 0.040039
v 0.163086 0.081055 -0.020508
v 0.176758 0.110352 -0.026367
v 0.290039 0.112305 0.03418
v 0.192383 0.174805 0.016602
v 0.223633 0.084961 0.032227
v 0.223633 0.084961 0.032227
v 0.192383 0.174805 0.016602
v 0.180664 0.12793 -0.030273
v 0.272461 0.038086 0.008789
v 0.200195 0.075195 -0.030273
v 0.272461 0.038086 0.008789
v 0.223633 0.084961 0.032227
v 0.200195 0.075195 -0.030273
v 0.161133 0.186523 0.098633
v 0.163086 0.145508 0.083008
v 0.188477 0.186523 0.05957
v 0.151367 0.233398 0.083008
v 0.151367 0.233398 0.083008
v 0.163086 0.145508 0.083008
v 0.157227 0.131836 0.063477
v 0.188477 0.186523 0.05957
v 0.157227 0.131836 0.063477
v 0.176758 0.155273 0.024414
v 0.188477 0.186523 0.05957
v 0.145508 0.245117 0.094727
v 0.141602 0.233398 0.088867
v 0.15332 0.241211 0.09082
v 0.131836 0.250977 0.09668
v 0.141602 0.233398 0.088867
v 0.145508 0.245117 0.094727
v 0.145508 0.245117 0.094727
v 0.15332 0.241211 0.09082
v 0.15332 0.25293 0.09082
v 0.131836 0.250977 0.09668
v 0.12793 0.239258 0.09082
v 0.151367 0.233398 0.083008
v 0.15918 0.239258 0.071289
v 0.15918 0.239258 0.071289
v 0.15918 0.24707 0.086914
v 0.15918 0.24707 0.086914
v 0.15918 0.24707 0.086914
v 0.15918 0.239258 0.071289
v 0.161133 0.256836 0.084961
v 0.161133 0.256836 0.084961
v 0.188477 0.186523 0.05957
v 0.196289 0.200195 0.079102
v 0.15918 0.239258 0.071289
v 0.165039 0.256836 0.075195
v 0.165039 0.256836 0.075195
v 0.161133 0.256836 0.084961
v 0.15918 0.239258 0.071289
v 0.192383 0.174805 0.016602
v 0.180664 0.12793 -0.030273
v 0.180664 0.12793 -0.030273
v 0.196289 0.200195 0.079102
v 0.188477 0.186523 0.05957
v 0.27832 0.172852 0.049805
v 0.256836 0.254883 0.063477
v 0.165039 0.256836 0.075195
v 0.196289 0.200195 0.079102
v 0.27832 0.172852 0.049805
v 0.192383 0.174805 0.016602
v 0.274414 0.157227 0.030273
v 0.274414 0.157227 0.030273
v 0.038086 0.270508 0.219727
v 0.049805 0.295898 0.211914
v 0.038086 0.270508 0.219727
v 0.047852 0.272461 0.206055
v 0.024414 0.264648 0.172852
v 0.043945 0.313477 0.213867
v 0.022461 0.319336 0.231445
v 0.049805 0.295898 0.211914
v 0.057617 0.299805 0.178711
v 0.049805 0.295898 0.211914
v 0.047852 0.272461 0.206055
v 0.057617 0.27832 0.172852
v 0.057617 0.27832 0.172852
v 0.043945 0.313477 0.213867
v 0.012695 0.331055 0.237305
v 0.014648 0.319336 0.233398
v 0.014648 0.331055 0.219727
v 0.012695 0.334961 0.227539
v 0.018555 0.329102 0.235352
v 0.014648 0.331055 0.219727
v 0.014648 0.319336 0.233398
v 0.022461 0.329102 0.233398
v 0.018555 0.329102 0.235352
v 0.018555 0.333008 0.225586
v 0.014648 0.331055 0.219727
v 0.018555 0.333008 0.225586
v 0.020508 0.329102 0.22168
v 0.014648 0.331055 0.219727
v 0.020508 0.329102 0.22168
v 0.018555 0.331055 0.217773
v 0.018555 0.329102 0.235352
v 0.022461 0.329102 0.233398
v 0.020508 0.329102 0.22168
v 0.020508 0.329102 0.22168
v 0.018555 0.333008 0.225586
v 0.018555 0.329102 0.235352
v 0.022461 0.319336 0.231445
v 0.026367 0.327148 0.231445
v 0.020508 0.329102 0.22168
v 0.043945 0.321289 0.213867
v 0.026367 0.327148 0.231445
v 0.022461 0.319336 0.231445
v 0.020508 0.329102 0.22168
v 0.022461 0.329102 0.233398
v 0.022461 0.319336 0.231445
v 0.043945 0.321289 0.213867
v 0.024414 0.333008 0.22168
v 0.038086 0.327148 0.208008
v 0.024414 0.333008 0.22168
v 0.026367 0.327148 0.231445
v 0.043945 0.321289 0.213867
v 0.038086 0.327148 0.208008
v 0.026367 0.327148 0.231445
v 0.018555 0.331055 0.217773
v 0.018555 0.331055 0.217773
v 0.024414 0.333008 0.22168
v 0.012695 0.362305 0.209961
v 0.000977 0.37207 0.22168
v 0.000977 0.354492 0.223633
v 0.012695 0.362305 0.209961
v 0.008789 0.374023 0.208008
v 0.03418 0.344727 0.198242
v 0.014648 0.34668 0.200195
v 0.030273 0.336914 0.194336
v 0.012695 0.334961 0.211914
v 0.012695 0.334961 0.211914
v 0.030273 0.336914 0.194336
v 0.03418 0.344727 0.198242
v 0.014648 0.360352 0.200195
v 0.000977 0.350586 0.211914
v 0.012695 0.342773 0.213867
v 0.014648 0.360352 0.200195
v 0.016602 0.333008 0.182617
v 0.004883 0.333008 0.198242
v 0.004883 0.317383 0.198242
v 0.016602 0.317383 0.182617
v 0.032227 0.327148 0.202148
v 0.038086 0.325195 0.18457
v 0.038086 0.325195 0.18457
v 0.010742 0.338867 0.174805
v 0.004883 0.333008 0.192383
v 0.010742 0.327148 0.194336
v 0.016602 0.329102 0.172852
v 0.022461 0.350586 0.174805
v 0.008789 0.350586 0.194336
v 0.008789 0.334961 0.194336
v 0.022461 0.334961 0.174805
v 0.032227 0.327148 0.202148
v 0.030273 0.336914 0.194336
v 0.014648 0.34668 0.200195
v 0.038086 0.327148 0.182617
v 0.038086 0.327148 0.182617
v 0.014648 0.360352 0.200195
v 0.010742 0.37207 0.198242
v 0.014648 0.360352 0.200195
v 0.010742 0.37207 0.198242
v 0.014648 0.34668 0.200195
v 0.024414 0.350586 0.15332
v 0.038086 0.327148 0.182617
v 0.030273 0.362305 0.196289
v 0.010742 0.37207 0.198242
v 0.026367 0.374023 0.192383
v 0.010742 0.37207 0.198242
v 0.026367 0.374023 0.192383
v 0.014648 0.37793 0.19043
v 0.014648 0.37793 0.19043
v 0.010742 0.37207 0.198242
v 0.057617 0.370117 0.182617
v 0.030273 0.362305 0.196289
v 0.03418 0.344727 0.198242
v 0.045898 0.336914 0.178711
v 0.045898 0.336914 0.178711
v 0.040039 0.379883 0.18457
v 0.016602 0.381836 0.192383
v 0.014648 0.37793 0.19043
v 0.026367 0.374023 0.192383
v 0.026367 0.37793 0.192383
v 0.016602 0.381836 0.192383
v 0.049805 0.319336 0.182617
v 0.038086 0.325195 0.18457
v 0.043945 0.323242 0.18457
v 0.049805 0.319336 0.182617
v 0.043945 0.321289 0.213867
v 0.041992 0.331055 0.182617
v 0.041992 0.331055 0.182617
v 0.069336 0.301758 0.124023
v 0.057617 0.27832 0.172852
v 0.024414 0.264648 0.172852
v 0.063477 0.301758 0.108398
v 0.063477 0.301758 0.108398
v 0.069336 0.301758 0.124023
v 0.024414 0.264648 0.172852
v 0.069336 0.301758 0.124023
v 0.063477 0.319336 0.149414
v 0.016602 0.329102 0.172852
v 0.006836 0.331055 0.151367
v 0.018555 0.333008 0.165039
v 0.018555 0.317383 0.165039
v 0.024414 0.350586 0.15332
v 0.024414 0.334961 0.15332
v 0.014648 0.374023 0.176758
v 0.026367 0.37207 0.176758
v 0.016602 0.37793 0.188477
v 0.016602 0.37793 0.188477
v 0.012695 0.385742 0.188477
v 0.014648 0.374023 0.176758
v 0.014648 0.374023 0.176758
v 0.012695 0.385742 0.188477
v 0.008789 0.383789 0.176758
v 0.026367 0.375977 0.188477
v 0.036133 0.379883 0.176758
v 0.026367 0.375977 0.188477
v 0.026367 0.37207 0.176758
v 0.038086 0.327148 0.182617
v 0.024414 0.350586 0.15332
v 0.02832 0.327148 0.15332
v 0.038086 0.325195 0.18457
v 0.043945 0.327148 0.176758
v 0.038086 0.327148 0.182617
v 0.038086 0.325195 0.18457
v 0.038086 0.325195 0.18457
v 0.043945 0.323242 0.18457
v 0.043945 0.327148 0.176758
v 0.043945 0.327148 0.176758
v 0.049805 0.327148 0.172852
v 0.043945 0.323242 0.18457
v 0.049805 0.327148 0.172852
v 0.049805 0.327148 0.172852
v 0.057617 0.348633 0.147461
v 0.057617 0.370117 0.182617
v 0.045898 0.336914 0.178711
v 0.057617 0.348633 0.147461
v 0.057617 0.370117 0.182617
v 0.057617 0.381836 0.147461
v 0.041992 0.391602 0.176758
v 0.055664 0.393555 0.163086
v 0.041992 0.391602 0.176758
v 0.069336 0.331055 0.112305
v 0.061523 0.362305 0.108398
v 0.000977 0.383789 0.22168
v 0.000977 0.383789 0.202148
v 0.026367 0.389648 0.202148
v 0.026367 0.389648 0.202148
v 0.030273 0.391602 0.211914
v 0.000977 0.383789 0.22168
v 0.006836 0.385742 0.188477
v 0.000977 0.383789 0.202148
v 0.006836 0.385742 0.188477
v 0.008789 0.387695 0.19043
v 0.008789 0.387695 0.19043
v 0.006836 0.385742 0.188477
v 0.010742 0.385742 0.19043
v 0.008789 0.387695 0.19043
v 0.024414 0.387695 0.194336
v 0.010742 0.385742 0.19043
v 0.010742 0.387695 0.188477
v 0.022461 0.391602 0.19043
v 0.010742 0.385742 0.186523
v 0.010742 0.387695 0.188477
v 0.010742 0.385742 0.19043
v 0.010742 0.385742 0.19043
v 0.016602 0.381836 0.192383
v 0.010742 0.385742 0.186523
v 0.024414 0.387695 0.194336
v 0.024414 0.391602 0.194336
v 0.024414 0.391602 0.194336
v 0.022461 0.387695 0.192383
v 0.014648 0.393555 0.188477
v 0.012695 0.385742 0.188477
v 0.012695 0.385742 0.188477
v 0.014648 0.393555 0.188477
v 0.008789 0.383789 0.176758
v 0.016602 0.37793 0.188477
v 0.020508 0.399414 0.188477
v 0.020508 0.399414 0.188477
v 0.010742 0.395508 0.176758
v 0.040039 0.393555 0.18457
v 0.030273 0.391602 0.211914
v 0.047852 0.395508 0.19043
v 0.032227 0.413086 0.211914
v 0.040039 0.393555 0.18457
v 0.047852 0.395508 0.19043
v 0.030273 0.391602 0.211914
v 0.026367 0.37793 0.192383
v 0.016602 0.379883 0.188477
v 0.026367 0.375977 0.188477
v 0.024414 0.37793 0.188477
v 0.022461 0.387695 0.192383
v 0.026367 0.375977 0.188477
v 0.030273 0.381836 0.19043
v 0.03418 0.389648 0.188477
v 0.02832 0.397461 0.19043
v 0.020508 0.399414 0.188477
v 0.040039 0.393555 0.18457
v 0.036133 0.383789 0.188477
v 0.024414 0.37793 0.188477
v 0.026367 0.37793 0.192383
v 0.036133 0.383789 0.188477
v 0.024414 0.37793 0.188477
v 0.036133 0.383789 0.188477
v 0.03418 0.381836 0.182617
v 0.030273 0.381836 0.19043
v 0.038086 0.391602 0.176758
v 0.03418 0.389648 0.188477
v 0.030273 0.381836 0.19043
v 0.030273 0.381836 0.19043
v 0.036133 0.379883 0.176758
v 0.038086 0.391602 0.176758
v 0.038086 0.391602 0.176758
v 0.036133 0.391602 0.18457
v 0.024414 0.391602 0.194336
v 0.024414 0.387695 0.194336
v 0.038086 0.391602 0.176758
v 0.036133 0.391602 0.18457
v 0.024414 0.387695 0.194336
v 0.020508 0.399414 0.188477
v 0.02832 0.397461 0.19043
v 0.020508 0.40332 0.176758
v 0.020508 0.40332 0.176758
v 0.038086 0.393555 0.182617
v 0.038086 0.393555 0.182617
v 0.02832 0.397461 0.19043
v 0.03418 0.389648 0.188477
v 0.032227 0.399414 0.176758
v 0.032227 0.399414 0.176758
v 0.020508 0.40332 0.176758
v 0.02832 0.397461 0.19043
v 0.014648 0.43457 0.198242
v 0.02832 0.422852 0.202148
v 0.022461 0.43457 0.196289
v 0.014648 0.43457 0.198242
v 0.022461 0.43457 0.196289
v 0.014648 0.444336 0.200195
v 0.02832 0.438477 0.19043
v 0.022461 0.442383 0.198242
v 0.024414 0.446289 0.194336
v 0.022461 0.442383 0.198242
v 0.022461 0.43457 0.196289
v 0.022461 0.43457 0.196289
v 0.02832 0.438477 0.19043
v 0.024414 0.446289 0.194336
v 0.02832 0.422852 0.202148
v 0.032227 0.413086 0.211914
v 0.045898 0.420898 0.182617
v 0.02832 0.438477 0.19043
v 0.038086 0.391602 0.176758
v 0.038086 0.391602 0.180664
v 0.03418 0.381836 0.182617
v 0.036133 0.383789 0.188477
v 0.036133 0.383789 0.188477
v 0.040039 0.379883 0.18457
v 0.038086 0.391602 0.180664
v 0.051758 0.40918 0.19043
v 0.032227 0.413086 0.211914
v 0.047852 0.395508 0.19043
v 0.051758 0.40918 0.19043
v 0.047852 0.395508 0.19043
v 0.047852 0.395508 0.19043
v 0.040039 0.393555 0.18457
v 0.041992 0.391602 0.176758
v 0.047852 0.395508 0.19043
v 0.041992 0.391602 0.176758
v 0.055664 0.393555 0.163086
v 0.053711 0.411133 0.15332
v 0.006836 0.444336 0.200195
v 0.014648 0.444336 0.200195
v 0.014648 0.456055 0.194336
v 0.024414 0.446289 0.194336
v 0.026367 0.452148 0.188477
v 0.014648 0.456055 0.194336
v 0.026367 0.452148 0.188477
v 0.014648 0.461914 0.180664
v 0.026367 0.452148 0.188477
v 0.024414 0.446289 0.194336
v 0.02832 0.444336 0.182617
v 0.036133 0.448242 0.174805
v 0.036133 0.448242 0.174805
v 0.02832 0.444336 0.182617
v 0.02832 0.438477 0.19043
v 0.026367 0.456055 0.180664
v 0.014648 0.461914 0.180664
v 0.026367 0.452148 0.188477
v 0.026367 0.456055 0.180664
v 0.038086 0.391602 0.176758
v 0.041992 0.391602 0.176758
v 0.038086 0.391602 0.180664
v 0.038086 0.393555 0.182617
v 0.036133 0.391602 0.18457
v 0.036133 0.391602 0.178711
v 0.038086 0.391602 0.180664
v 0.036133 0.391602 0.18457
v 0.038086 0.393555 0.182617
v 0.038086 0.391602 0.180664
v 0.040039 0.393555 0.18457
v 0.038086 0.391602 0.176758
v 0.041992 0.391602 0.176758
v 0.040039 0.393555 0.18457
v 0.038086 0.391602 0.180664
v 0.057617 0.428711 0.120117
v 0.061523 0.397461 0.112305
v 0.041992 0.454102 0.141602
v 0.026367 0.456055 0.180664
v 0.024414 0.459961 0.172852
v 0.020508 0.461914 0.165039
v 0.02832 0.450195 0.176758
v 0.02832 0.450195 0.176758
v 0.024414 0.459961 0.172852
v 0.026367 0.452148 0.168945
v 0.036133 0.448242 0.174805
v 0.026367 0.452148 0.168945
v 0.02832 0.450195 0.176758
v 0.020508 0.461914 0.165039
v 0.024414 0.454102 0.161133
v 0.024414 0.454102 0.161133
v 0.022461 0.463867 0.155273
v 0.022461 0.463867 0.155273
v 0.026367 0.456055 0.15332
v 0.036133 0.448242 0.174805
v 0.026367 0.456055 0.15332
v 0.024414 0.454102 0.161133
v 0.024414 0.46582 0.143555
v 0.024414 0.46582 0.143555
v 0.026367 0.46582 0.129883
v 0.030273 0.456055 0.147461
v 0.036133 0.448242 0.174805
v 0.030273 0.456055 0.147461
v 0.026367 0.456055 0.15332
v 0.03418 0.456055 0.141602
v 0.03418 0.456055 0.141602
v 0.032227 0.463867 0.137695
v 0.032227 0.463867 0.137695
v 0.032227 0.463867 0.124023
v 0.041992 0.454102 0.141602
v 0.038086 0.456055 0.135742
v 0.038086 0.456055 0.135742
v 0.036133 0.461914 0.131836
v 0.040039 0.456055 0.12793
v 0.040039 0.456055 0.12793
v 0.036133 0.461914 0.131836
v 0.038086 0.459961 0.125977
v 0.038086 0.459961 0.125977
v 0.038086 0.459961 0.118164
v 0.038086 0.459961 0.118164
v 0.041992 0.454102 0.110352
v 0.079102 0.274414 0.077148
v 0.063477 0.301758 0.108398
v 0.079102 0.274414 0.077148
v 0.069336 0.331055 0.112305
v 0.063477 0.301758 0.108398
v 0.061523 0.362305 0.108398
v 0.061523 0.362305 0.108398
v 0.063477 0.301758 0.108398
v 0.073242 0.338867 0.086914
v 0.063477 0.375977 0.057617
v 0.049805 0.415039 0.073242
v 0.061523 0.397461 0.112305
v 0.061523 0.362305 0.108398
v 0.051758 0.387695 0.075195
v 0.051758 0.387695 0.075195
v 0.100586 0.288086 0.09082
v 0.100586 0.288086 0.09082
v 0.079102 0.274414 0.077148
v 0.077148 0.258789 0.098633
v 0.106445 0.270508 0.104492
v 0.069336 0.331055 0.112305
v 0.09082 0.293945 0.069336
v 0.09082 0.293945 0.069336
v 0.09082 0.293945 0.069336
v 0.118164 0.321289 0.083008
v 0.098633 0.319336 0.061523
v 0.073242 0.338867 0.086914
v 0.09082 0.293945 0.069336
v 0.098633 0.319336 0.061523
v 0.12207 0.290039 0.098633
v 0.139648 0.270508 0.09082
v 0.12207 0.290039 0.098633
v 0.118164 0.321289 0.083008
v 0.149414 0.329102 0.069336
v 0.118164 0.321289 0.083008
v 0.12207 0.290039 0.098633
v 0.147461 0.299805 0.09082
v 0.12207 0.290039 0.098633
v 0.147461 0.299805 0.09082
v 0.149414 0.329102 0.069336
v 0.098633 0.319336 0.061523
v 0.120117 0.34082 0.069336
v 0.120117 0.34082 0.069336
v 0.118164 0.321289 0.083008
v 0.118164 0.360352 0.053711
v 0.118164 0.360352 0.053711
v 0.088867 0.358398 0.032227
v 0.071289 0.374023 0.022461
v 0.063477 0.375977 0.057617
v 0.079102 0.383789 0.020508
v 0.071289 0.374023 0.022461
v 0.088867 0.358398 0.032227
v 0.094727 0.342773 0.041992
v 0.088867 0.358398 0.032227
v 0.088867 0.358398 0.032227
v 0.094727 0.342773 0.041992
v 0.106445 0.379883 0.038086
v 0.079102 0.383789 0.020508
v 0.053711 0.383789 0.018555
v 0.063477 0.407227 0.004883
v 0.053711 0.383789 0.018555
v 0.094727 0.342773 0.041992
v 0.118164 0.360352 0.053711
v 0.188477 0.354492 0.012695
v 0.106445 0.379883 0.038086
v 0.049805 0.415039 0.073242
v 0.041992 0.432617 0.094727
v 0.03418 0.43457 0.079102
v 0.06543 0.473633 0.073242
v 0.071289 0.469727 0.094727
v 0.030273 0.438477 0.106445
v 0.041992 0.432617 0.094727
v 0.071289 0.469727 0.094727
v 0.045898 0.442383 0.086914
v 0.049805 0.415039 0.073242
v 0.051758 0.387695 0.075195
v 0.051758 0.387695 0.075195
v 0.03418 0.43457 0.079102
v 0.018555 0.444336 0.081055
v 0.06543 0.473633 0.073242
v 0.045898 0.442383 0.086914
v 0.016602 0.446289 0.098633
v 0.030273 0.438477 0.106445
v 0.057617 0.475586 0.108398
v 0.043945 0.485352 0.073242
v 0.018555 0.444336 0.081055
v 0.016602 0.446289 0.098633
v 0.041992 0.485352 0.098633
v 0.016602 0.446289 0.098633
v 0.041992 0.485352 0.098633
v 0.043945 0.485352 0.073242
v 0.057617 0.475586 0.108398
v 0.045898 0.442383 0.086914
v 0.041992 0.454102 0.110352
v 0.043945 0.485352 0.073242
v 0.041992 0.454102 0.110352
v 0.032227 0.463867 0.124023
v 0.038086 0.459961 0.118164
v 0.041992 0.485352 0.098633
v 0.057617 0.475586 0.108398
v 0.06543 0.499023 0.084961
v 0.06543 0.499023 0.084961
v 0.043945 0.485352 0.073242
v 0.041992 0.485352 0.098633
v 0.057617 0.475586 0.108398
v 0.071289 0.469727 0.094727
v 0.06543 0.499023 0.084961
v 0.043945 0.485352 0.073242
v 0.06543 0.499023 0.084961
v 0.06543 0.473633 0.073242
v 0.036133 0.391602 0.008789
v 0.006836 0.391602 0.016602
v 0.022461 0.391602 0.010742
v 0.004883 0.416992 0.000977
v 0.02832 0.393555 0.030273
v 0.036133 0.385742 0.038086
v 0.06543 0.422852 0.053711
v 0.02832 0.393555 0.030273
v 0.057617 0.436523 0.041992
v 0.036133 0.391602 0.018555
v 0.06543 0.422852 0.053711
v 0.057617 0.436523 0.041992
v 0.02832 0.393555 0.030273
v 0.022461 0.391602 0.010742
v 0.020508 0.405273 0.000977
v 0.036133 0.391602 0.008789
v 0.040039 0.416992 -0.008789
v 0.036133 0.385742 0.038086
v 0.045898 0.379883 0.032227
v 0.077148 0.415039 0.045898
v 0.06543 0.422852 0.053711
v 0.045898 0.379883 0.032227
v 0.045898 0.383789 0.020508
v 0.079102 0.424805 0.030273
v 0.077148 0.415039 0.045898
v 0.067383 0.43457 0.026367
v 0.057617 0.436523 0.041992
v 0.06543 0.422852 0.053711
v 0.079102 0.44043 0.045898
v 0.079102 0.44043 0.045898
v 0.045898 0.383789 0.020508
v 0.036133 0.391602 0.018555
v 0.067383 0.43457 0.026367
v 0.079102 0.424805 0.030273
v 0.000977 0.40918 -0.010742
v 0.018555 0.399414 -0.000977
v 0.051758 0.477539 0.010742
v 0.051758 0.477539 0.010742
v 0.018555 0.399414 -0.000977
v 0.071289 0.469727 -0.004883
v 0.026367 0.477539 -0.000977
v 0.05957 0.499023 -0.014648
v 0.026367 0.477539 -0.000977
v 0.051758 0.477539 0.010742
v 0.071289 0.469727 -0.004883
v 0.05957 0.499023 -0.014648
v 0.051758 0.477539 0.010742
v 0.06543 0.473633 0.073242
v 0.06543 0.422852 0.053711
v 0.077148 0.415039 0.045898
v 0.079102 0.44043 0.045898
v 0.077148 0.415039 0.045898
v 0.079102 0.424805 0.030273
v 0.079102 0.44043 0.045898
v 0.092773 0.401367 0.014648
v 0.079102 0.416992 -0.016602
v 0.118164 0.401367 0.000977
v 0.079102 0.44043 0.045898
v 0.118164 0.401367 0.000977
v 0.188477 0.354492 0.012695
v 0.22168 0.366211 -0.063477
v 0.079102 0.416992 -0.016602
v 0.15918 0.268555 0.083008
v 0.161133 0.28418 0.081055
v 0.172852 0.299805 0.075195
v 0.166992 0.307617 0.081055
v 0.166992 0.307617 0.081055
v 0.163086 0.266602 0.071289
v 0.15918 0.268555 0.083008
v 0.161133 0.256836 0.084961
v 0.165039 0.256836 0.075195
v 0.161133 0.28418 0.081055
v 0.166992 0.27832 0.06543
v 0.163086 0.266602 0.071289
v 0.166992 0.27832 0.06543
v 0.172852 0.299805 0.075195
v 0.161133 0.28418 0.081055
v 0.166992 0.27832 0.06543
v 0.174805 0.290039 0.05957
v 0.174805 0.290039 0.05957
v 0.188477 0.30957 0.067383
v 0.180664 0.321289 0.069336
v 0.180664 0.321289 0.069336
v 0.188477 0.30957 0.067383
v 0.208008 0.311523 0.057617
v 0.196289 0.327148 0.057617
v 0.196289 0.327148 0.057617
v 0.188477 0.297852 0.053711
v 0.188477 0.297852 0.053711
v 0.204102 0.360352 0.061523
v 0.176758 0.338867 0.020508
v 0.178711 0.327148 0.03418
v 0.219727 0.348633 0.055664
v 0.204102 0.360352 0.061523
v 0.178711 0.327148 0.03418
v 0.192383 0.319336 0.030273
v 0.202148 0.375977 0.045898
v 0.202148 0.375977 0.045898
v 0.19043 0.336914 0.008789
v 0.176758 0.338867 0.020508
v 0.208008 0.311523 0.057617
v 0.204102 0.297852 0.047852
v 0.22168 0.290039 0.045898
v 0.204102 0.297852 0.047852
v 0.188477 0.297852 0.053711
v 0.256836 0.254883 0.063477
v 0.22168 0.290039 0.045898
v 0.188477 0.297852 0.053711
v 0.225586 0.305664 0.051758
v 0.225586 0.305664 0.051758
v 0.22168 0.290039 0.045898
v 0.225586 0.305664 0.051758
v 0.204102 0.297852 0.047852
v 0.225586 0.305664 0.051758
v 0.22168 0.290039 0.045898
v 0.237305 0.305664 0.045898
v 0.237305 0.305664 0.045898
v 0.213867 0.329102 0.045898
v 0.233398 0.290039 0.040039
v 0.233398 0.290039 0.040039
v 0.241211 0.295898 0.032227
v 0.245117 0.30957 0.038086
v 0.25293 0.293945 0.022461
v 0.241211 0.295898 0.032227
v 0.233398 0.290039 0.040039
v 0.266602 0.288086 0.012695
v 0.266602 0.288086 0.012695
v 0.260742 0.30957 0.026367
v 0.25293 0.293945 0.022461
v 0.245117 0.30957 0.038086
v 0.229492 0.331055 0.03418
v 0.24707 0.329102 0.022461
v 0.260742 0.30957 0.026367
v 0.213867 0.329102 0.045898
v 0.229492 0.331055 0.03418
v 0.204102 0.360352 0.061523
v 0.219727 0.348633 0.055664
v 0.225586 0.37793 0.055664
v 0.225586 0.37793 0.055664
v 0.202148 0.375977 0.045898
v 0.204102 0.360352 0.061523
v 0.192383 0.319336 0.030273
v 0.200195 0.323242 0.016602
v 0.229492 0.354492 0.040039
v 0.219727 0.348633 0.055664
v 0.200195 0.323242 0.016602
v 0.19043 0.336914 0.008789
v 0.219727 0.370117 0.030273
v 0.229492 0.354492 0.040039
v 0.219727 0.370117 0.030273
v 0.24707 0.329102 0.022461
v 0.188477 0.354492 0.012695
v 0.24707 0.329102 0.022461
v 0.262695 0.325195 0.014648
v 0.188477 0.354492 0.012695
v 0.262695 0.325195 0.014648
v 0.264648 0.334961 -0.010742
v 0.264648 0.334961 -0.010742
v 0.219727 0.348633 0.055664
v 0.229492 0.354492 0.040039
v 0.225586 0.37793 0.055664
v 0.219727 0.370117 0.030273
v 0.262695 0.325195 0.014648
v 0.219727 0.370117 0.030273
v 0.202148 0.375977 0.045898
v 0.225586 0.37793 0.055664
v 0.249023 0.383789 0.008789
v 0.260742 0.366211 0.016602
v 0.274414 0.381836 0.00293
v 0.202148 0.34082 -0.012695
v 0.260742 0.366211 0.016602
v 0.249023 0.383789 0.008789
v 0.249023 0.383789 0.008789
v 0.274414 0.381836 0.00293
v 0.24707 0.385742 -0.012695
v 0.206055 0.34668 -0.030273
v 0.202148 0.34082 -0.012695
v 0.249023 0.383789 0.008789
v 0.24707 0.385742 -0.012695
v 0.31543 0.053711 0.020508
v 0.272461 0.038086 0.008789
v 0.27832 0.004883 0.032227
v 0.272461 0.038086 0.008789
v 0.243164 0.03418 -0.036133
v 0.31543 0.053711 0.020508
v 0.229492 0.014648 -0.073242
v 0.303711 0.077148 0.012695
v 0.301758 0.063477 0.012695
v 0.31543 0.053711 0.020508
v 0.301758 0.063477 0.012695
v 0.272461 0.038086 0.008789
v 0.243164 0.03418 -0.036133
v 0.313477 0.092773 0.004883
v 0.290039 0.112305 0.03418
v 0.313477 0.092773 0.004883
v 0.331055 0.135742 -0.020508
v 0.274414 0.157227 0.030273
v 0.317383 0.073242 0.022461
v 0.303711 0.077148 0.012695
v 0.303711 0.077148 0.012695
v 0.317383 0.073242 0.022461
v 0.327148 0.086914 0.016602
v 0.313477 0.092773 0.004883
v 0.356445 0.024414 0.038086
v 0.336914 0.061523 0.016602
v 0.31543 0.053711 0.020508
v 0.31543 0.053711 0.020508
v 0.336914 0.061523 0.016602
v 0.334961 0.075195 0.018555
v 0.317383 0.073242 0.022461
v 0.350586 0.069336 0.00293
v 0.350586 0.069336 0.00293
v 0.364258 0.063477 -0.00293
v 0.350586 0.069336 0.00293
v 0.356445 0.024414 0.038086
v 0.375977 0.055664 -0.006836
v 0.364258 0.063477 -0.00293
v 0.327148 0.086914 0.016602
v 0.327148 0.102539 -0.010742
v 0.352539 0.081055 0.006836
v 0.352539 0.081055 0.006836
v 0.344727 0.09668 -0.000977
v 0.313477 0.092773 0.004883
v 0.327148 0.102539 -0.010742
v 0.331055 0.135742 -0.020508
v 0.334961 0.075195 0.018555
v 0.350586 0.069336 0.00293
v 0.352539 0.081055 0.006836
v 0.352539 0.081055 0.006836
v 0.370117 0.077148 -0.000977
v 0.370117 0.077148 -0.000977
v 0.27832 0.172852 0.049805
v 0.274414 0.157227 0.030273
v 0.313477 0.163086 -0.022461
v 0.325195 0.182617 -0.016602
v 0.256836 0.254883 0.063477
v 0.27832 0.172852 0.049805
v 0.325195 0.182617 -0.016602
v 0.313477 0.163086 -0.022461
v 0.301758 0.268555 -0.004883
v 0.266602 0.288086 0.012695
v 0.274414 0.303711 0.018555
v 0.25293 0.293945 0.022461
v 0.266602 0.288086 0.012695
v 0.274414 0.303711 0.018555
v 0.25293 0.293945 0.022461
v 0.286133 0.301758 0.008789
v 0.286133 0.301758 0.008789
v 0.280273 0.31543 0.006836
v 0.27832 0.288086 0.00293
v 0.301758 0.268555 -0.004883
v 0.27832 0.288086 0.00293
v 0.266602 0.288086 0.012695
v 0.293945 0.303711 -0.00293
v 0.27832 0.288086 0.00293
v 0.301758 0.268555 -0.004883
v 0.286133 0.288086 -0.004883
v 0.286133 0.288086 -0.004883
v 0.293945 0.303711 -0.00293
v 0.280273 0.31543 0.006836
v 0.286133 0.301758 0.008789
v 0.262695 0.325195 0.014648
v 0.280273 0.31543 0.006836
v 0.291992 0.319336 -0.032227
v 0.291992 0.319336 -0.032227
v 0.272461 0.358398 -0.004883
v 0.274414 0.381836 0.00293
v 0.260742 0.366211 0.016602
v 0.211914 0.327148 -0.010742
v 0.211914 0.327148 -0.010742
v 0.262695 0.374023 -0.022461
v 0.272461 0.358398 -0.004883
v 0.262695 0.374023 -0.022461
v 0.274414 0.381836 0.00293
v 0.112305 -0.479492 -0.063477
v 0.118164 -0.499023 -0.053711
v 0.118164 -0.499023 -0.053711
v 0.170898 -0.49707 -0.05957
v 0.086914 -0.446289 -0.020508
v 0.086914 -0.446289 -0.020508
v 0.079102 -0.43457 -0.020508
v 0.114258 -0.420898 -0.05957
v 0.118164 -0.432617 -0.053711
v 0.112305 -0.479492 -0.063477
v 0.118164 -0.499023 -0.053711
v 0.112305 -0.479492 -0.063477
v 0.170898 -0.49707 -0.05957
v 0.075195 -0.393555 -0.018555
v 0.112305 -0.387695 -0.057617
v 0.047852 -0.331055 -0.018555
v 0.118164 -0.432617 -0.053711
v 0.114258 -0.420898 -0.05957
v 0.166992 -0.420898 -0.063477
v 0.165039 -0.430664 -0.057617
v 0.165039 -0.430664 -0.057617
v 0.166992 -0.385742 -0.05957
v 0.166992 -0.420898 -0.063477
v 0.092773 -0.327148 -0.06543
v 0.170898 -0.479492 -0.069336
v 0.170898 -0.479492 -0.069336
v 0.047852 -0.331055 -0.018555
v 0.092773 -0.327148 -0.06543
v 0.163086 -0.319336 -0.067383
v 0.092773 -0.276367 -0.038086
v 0.151367 -0.266602 -0.040039
v 0.139648 -0.243164 -0.010742
v 0.139648 -0.243164 -0.010742
v 0.143555 -0.262695 -0.018555
v 0.170898 -0.49707 -0.05957
v 0.170898 -0.479492 -0.069336
v 0.180664 -0.381836 -0.077148
v 0.170898 -0.420898 -0.026367
v 0.170898 -0.40918 -0.020508
v 0.170898 -0.40918 -0.020508
v 0.182617 -0.405273 -0.016602
v 0.198242 -0.37793 -0.069336
v 0.180664 -0.381836 -0.077148
v 0.180664 -0.395508 -0.081055
v 0.182617 -0.424805 -0.024414
v 0.170898 -0.420898 -0.026367
v 0.180664 -0.395508 -0.081055
v 0.198242 -0.40332 -0.077148
v 0.198242 -0.40332 -0.077148
v 0.19043 -0.415039 -0.018555
v 0.182617 -0.424805 -0.024414
v 0.182617 -0.405273 -0.016602
v 0.19043 -0.415039 -0.018555
v 0.208008 -0.391602 -0.067383
v 0.198242 -0.37793 -0.069336
v 0.211914 -0.481445 -0.030273
v 0.170898 -0.479492 -0.069336
v 0.165039 -0.430664 -0.057617
v 0.208008 -0.432617 -0.030273
v 0.202148 -0.444336 -0.02832
v 0.165039 -0.430664 -0.057617
v 0.206055 -0.387695 -0.024414
v 0.166992 -0.420898 -0.063477
v 0.166992 -0.385742 -0.05957
v 0.163086 -0.319336 -0.067383
v 0.208008 -0.432617 -0.030273
v 0.200195 -0.381836 -0.088867
v 0.180664 -0.395508 -0.081055
v 0.180664 -0.381836 -0.077148
v 0.180664 -0.381836 -0.077148
v 0.198242 -0.37793 -0.069336
v 0.200195 -0.381836 -0.088867
v 0.200195 -0.381836 -0.088867
v 0.208008 -0.391602 -0.067383
v 0.194336 -0.375977 -0.010742
v 0.188477 -0.368164 -0.000977
v 0.213867 -0.30957 -0.020508
v 0.223633 -0.323242 -0.03418
v 0.239258 -0.331055 -0.024414
v 0.194336 -0.375977 -0.010742
v 0.223633 -0.323242 -0.03418
v 0.202148 -0.375977 -0.036133
v 0.188477 -0.383789 -0.049805
v 0.22168 -0.362305 -0.102539
v 0.241211 -0.350586 -0.083008
v 0.192383 -0.356445 -0.03418
v 0.202148 -0.375977 -0.036133
v 0.241211 -0.350586 -0.083008
v 0.188477 -0.383789 -0.049805
v 0.172852 -0.37207 -0.055664
v 0.204102 -0.34668 -0.104492
v 0.22168 -0.362305 -0.102539
v 0.200195 -0.381836 -0.088867
v 0.200195 -0.381836 -0.088867
v 0.166992 -0.325195 -0.022461
v 0.178711 -0.323242 -0.00293
v 0.208008 -0.243164 -0.024414
v 0.21582 -0.256836 -0.067383
v 0.180664 -0.336914 -0.036133
v 0.166992 -0.325195 -0.022461
v 0.194336 -0.245117 -0.053711
v 0.194336 -0.245117 -0.053711
v 0.178711 -0.323242 -0.00293
v 0.196289 -0.333008 -0.004883
v 0.233398 -0.260742 -0.02832
v 0.208008 -0.243164 -0.024414
v 0.208008 -0.327148 -0.092773
v 0.172852 -0.37207 -0.055664
v 0.176758 -0.354492 -0.045898
v 0.176758 -0.354492 -0.045898
v 0.192383 -0.356445 -0.03418
v 0.225586 -0.327148 -0.079102
v 0.208008 -0.327148 -0.092773
v 0.204102 -0.34668 -0.104492
v 0.15918 -0.325195 -0.045898
v 0.176758 -0.325195 -0.038086
v 0.194336 -0.266602 -0.063477
v 0.172852 -0.266602 -0.077148
v 0.161133 -0.333008 -0.063477
v 0.15918 -0.325195 -0.045898
v 0.172852 -0.266602 -0.077148
v 0.21582 -0.256836 -0.067383
v 0.198242 -0.34082 -0.026367
v 0.180664 -0.336914 -0.036133
v 0.176758 -0.325195 -0.038086
v 0.188477 -0.334961 -0.051758
v 0.208008 -0.282227 -0.079102
v 0.194336 -0.266602 -0.063477
v 0.172852 -0.282227 -0.094727
v 0.178711 -0.34082 -0.06543
v 0.161133 -0.333008 -0.063477
v 0.172852 -0.282227 -0.094727
v 0.194336 -0.291992 -0.09668
v 0.194336 -0.291992 -0.09668
v 0.188477 -0.334961 -0.051758
v 0.178711 -0.34082 -0.06543
v 0.196289 -0.260742 -0.094727
v 0.172852 -0.282227 -0.094727
v 0.172852 -0.266602 -0.077148
v 0.196289 -0.260742 -0.094727
v 0.196289 -0.260742 -0.094727
v 0.213867 -0.30957 -0.020508
v 0.196289 -0.333008 -0.004883
v 0.198242 -0.34082 -0.026367
v 0.233398 -0.272461 -0.051758
v 0.233398 -0.260742 -0.02832
v 0.233398 -0.272461 -0.051758
v 0.225586 -0.327148 -0.079102
v 0.208008 -0.282227 -0.079102
v 0.239258 -0.321289 -0.008789
v 0.239258 -0.331055 -0.024414
v 0.239258 -0.303711 -0.026367
v 0.239258 -0.303711 -0.026367
v 0.223633 -0.30957 -0.006836
v 0.239258 -0.321289 -0.008789
v 0.239258 -0.331055 -0.024414
v 0.223633 -0.323242 -0.03418
v 0.239258 -0.303711 -0.026367
v 0.223633 -0.323242 -0.03418
v 0.213867 -0.30957 -0.020508
v 0.239258 -0.303711 -0.026367
v 0.213867 -0.30957 -0.020508
v 0.233398 -0.260742 -0.02832
v 0.233398 -0.272461 -0.051758
v 0.231445 -0.231445 -0.047852
v 0.231445 -0.231445 -0.047852
v 0.233398 -0.272461 -0.051758
v 0.21582 -0.256836 -0.067383
v 0.231445 -0.231445 -0.047852
v 0.241211 -0.333008 -0.110352
v 0.208008 -0.327148 -0.092773
v 0.225586 -0.327148 -0.079102
v 0.241211 -0.333008 -0.110352
v 0.241211 -0.333008 -0.110352
v 0.22168 -0.362305 -0.102539
v 0.204102 -0.34668 -0.104492
v 0.241211 -0.333008 -0.110352
v 0.225586 -0.327148 -0.079102
v 0.241211 -0.350586 -0.083008
v 0.241211 -0.350586 -0.083008
v 0.22168 -0.362305 -0.102539
v 0.241211 -0.333008 -0.110352
v 0.196289 -0.260742 -0.094727
v 0.208008 -0.282227 -0.079102
v 0.194336 -0.291992 -0.09668
v 0.196289 -0.260742 -0.094727
v 0.21582 -0.256836 -0.067383
v 0.194336 -0.245117 -0.053711
v 0.231445 -0.231445 -0.047852
v 0.073242 -0.112305 -0.067383
v 0.063477 -0.170898 -0.053711
v 0.038086 -0.125977 -0.043945
v 0.05957 -0.100586 -0.069336
v 0.05957 -0.100586 -0.069336
v 0.084961 -0.231445 -0.030273
v 0.133789 -0.151367 -0.055664
v 0.141602 -0.217773 -0.032227
v 0.141602 -0.217773 -0.032227
v 0.088867 -0.125977 -0.06543
v 0.108398 -0.133789 -0.061523
v 0.088867 -0.125977 -0.06543
v 0.110352 -0.12793 -0.071289
v 0.133789 -0.151367 -0.055664
v 0.088867 -0.125977 -0.06543
v 0.108398 -0.133789 -0.061523
v 0.131836 -0.124023 -0.067383
v 0.129883 -0.131836 -0.05957
v 0.133789 -0.151367 -0.055664
v 0.108398 -0.133789 -0.061523
v 0.129883 -0.131836 -0.05957
v 0.094727 -0.120117 -0.075195
v 0.088867 -0.125977 -0.06543
v 0.073242 -0.112305 -0.067383
v 0.079102 -0.108398 -0.079102
v 0.079102 -0.108398 -0.079102
v 0.110352 -0.114258 -0.077148
v 0.038086 -0.092773 -0.094727
v 0.05957 -0.092773 -0.077148
v 0.05957 -0.100586 -0.069336
v 0.05957 -0.100586 -0.069336
v 0.05957 -0.092773 -0.077148
v 0.06543 -0.100586 -0.079102
v 0.079102 -0.108398 -0.079102
v 0.073242 -0.112305 -0.067383
v 0.05957 -0.100586 -0.069336
v 0.05957 -0.100586 -0.069336
v 0.06543 -0.100586 -0.079102
v 0.079102 -0.108398 -0.079102
v 0.05957 -0.092773 -0.077148
v 0.038086 -0.092773 -0.094727
v 0.063477 -0.079102 -0.077148
v 0.063477 -0.079102 -0.077148
v 0.06543 -0.100586 -0.079102
v 0.05957 -0.092773 -0.077148
v 0.038086 -0.092773 -0.094727
v 0.05957 -0.053711 -0.098633
v 0.063477 -0.079102 -0.077148
v 0.09082 -0.006836 -0.067383
v 0.040039 0.03418 -0.083008
v 0.09082 -0.006836 -0.067383
v 0.040039 -0.012695 -0.086914
v 0.05957 -0.053711 -0.098633
v 0.040039 -0.020508 -0.102539
v 0.100586 -0.012695 -0.079102
v 0.071289 -0.067383 -0.075195
v 0.077148 -0.061523 -0.073242
v 0.102539 -0.040039 -0.079102
v 0.077148 -0.061523 -0.073242
v 0.05957 -0.053711 -0.098633
v 0.102539 -0.040039 -0.079102
v 0.100586 -0.012695 -0.079102
v 0.118164 -0.043945 -0.041992
v 0.100586 -0.053711 -0.063477
v 0.102539 -0.040039 -0.079102
v 0.133789 -0.053711 -0.049805
v 0.100586 -0.053711 -0.063477
v 0.118164 -0.043945 -0.041992
v 0.125977 -0.020508 -0.043945
v 0.133789 -0.045898 -0.024414
v 0.135742 -0.014648 -0.02832
v 0.133789 -0.045898 -0.024414
v 0.102539 -0.004883 -0.051758
v 0.110352 -0.00293 -0.036133
v 0.125977 -0.008789 -0.043945
v 0.092773 0.038086 -0.06543
v 0.110352 -0.00293 -0.036133
v 0.102539 -0.004883 -0.051758
v 0.116211 -0.008789 -0.05957
v 0.09082 -0.006836 -0.067383
v 0.09082 -0.006836 -0.067383
v 0.118164 0.00293 -0.022461
v 0.12207 0.045898 -0.012695
v 0.118164 0.00293 -0.022461
v 0.108398 -0.004883 -0.067383
v 0.09082 -0.006836 -0.067383
v 0.116211 -0.008789 -0.05957
v 0.116211 -0.020508 -0.063477
v 0.108398 -0.004883 -0.067383
v 0.116211 -0.008789 -0.05957
v 0.125977 -0.008789 -0.043945
v 0.081055 -0.075195 -0.083008
v 0.079102 -0.108398 -0.079102
v 0.110352 -0.114258 -0.077148
v 0.094727 -0.120117 -0.075195
v 0.071289 -0.067383 -0.075195
v 0.077148 -0.061523 -0.073242
v 0.120117 -0.092773 -0.079102
v 0.081055 -0.075195 -0.083008
v 0.108398 -0.067383 -0.075195
v 0.120117 -0.092773 -0.079102
v 0.09082 -0.05957 -0.069336
v 0.077148 -0.061523 -0.073242
v 0.110352 -0.114258 -0.077148
v 0.131836 -0.124023 -0.067383
v 0.133789 -0.053711 -0.049805
v 0.100586 -0.053711 -0.063477
v 0.108398 -0.067383 -0.075195
v 0.170898 -0.071289 -0.018555
v 0.149414 -0.12207 -0.055664
v 0.09082 -0.05957 -0.069336
v 0.09082 -0.05957 -0.069336
v 0.09082 -0.006836 -0.067383
v 0.108398 -0.004883 -0.067383
v 0.100586 -0.012695 -0.079102
v 0.092773 0.038086 -0.06543
v 0.108398 -0.016602 -0.073242
v 0.116211 -0.020508 -0.063477
v 0.125977 -0.008789 -0.043945
v 0.133789 -0.151367 -0.055664
v 0.133789 -0.151367 -0.055664
v 0.129883 -0.131836 -0.05957
v 0.141602 -0.131836 -0.049805
v 0.151367 -0.141602 -0.040039
v 0.151367 -0.141602 -0.040039
v 0.149414 -0.12207 -0.055664
v 0.141602 -0.131836 -0.049805
v 0.151367 -0.141602 -0.040039
v 0.161133 -0.135742 -0.041992
v 0.166992 -0.147461 -0.032227
v 0.15918 -0.155273 -0.02832
v 0.176758 -0.147461 -0.022461
v 0.168945 -0.155273 -0.016602
v 0.176758 -0.147461 -0.022461
v 0.172852 -0.135742 -0.032227
v 0.166992 -0.147461 -0.032227
v 0.161133 -0.135742 -0.041992
v 0.149414 -0.12207 -0.055664
v 0.172852 -0.135742 -0.032227
v 0.208008 -0.243164 -0.024414
v 0.151367 -0.047852 -0.018555
v 0.137695 -0.040039 -0.008789
v 0.141602 -0.026367 -0.016602
v 0.139648 -0.010742 -0.016602
v 0.139648 -0.010742 -0.016602
v 0.135742 -0.014648 -0.02832
v 0.137695 0.000977 -0.010742
v 0.125977 -0.008789 -0.043945
v 0.133789 -0.000977 -0.02832
v 0.135742 -0.014648 -0.02832
v 0.135742 -0.014648 -0.02832
v 0.133789 -0.000977 -0.02832
v 0.137695 0.000977 -0.010742
v 0.133789 -0.000977 -0.02832
v 0.137695 0.000977 -0.010742
v 0.28418 -0.120117 -0.024414
v 0.293945 -0.116211 -0.041992
v 0.268555 0.006836 -0.129883
v 0.229492 0.014648 -0.073242
v 0.344727 -0.321289 -0.022461
v 0.350586 -0.334961 -0.018555
v 0.344727 -0.321289 -0.022461
v 0.352539 -0.311523 -0.02832
v 0.360352 -0.334961 -0.022461
v 0.360352 -0.334961 -0.022461
v 0.352539 -0.311523 -0.02832
v 0.366211 -0.299805 -0.026367
v 0.383789 -0.317383 -0.016602
v 0.401367 -0.286133 -0.014648
v 0.375977 -0.27832 -0.026367
v 0.375977 -0.250977 -0.036133
v 0.407227 -0.25293 -0.024414
v 0.407227 -0.25293 -0.024414
v 0.407227 -0.282227 -0.008789
v 0.401367 -0.286133 -0.014648
v 0.416992 -0.241211 -0.02832
v 0.407227 -0.25293 -0.024414
v 0.375977 -0.250977 -0.036133
v 0.366211 -0.202148 -0.055664
v 0.366211 -0.202148 -0.055664
v 0.374023 -0.208008 -0.055664
v 0.375977 -0.250977 -0.036133
v 0.374023 -0.208008 -0.055664
v 0.307617 -0.15918 -0.018555
v 0.291992 -0.131836 -0.040039
v 0.321289 -0.168945 -0.032227
v 0.321289 -0.168945 -0.032227
v 0.305664 -0.133789 -0.055664
v 0.329102 -0.165039 -0.05957
v 0.293945 -0.116211 -0.041992
v 0.305664 -0.133789 -0.055664
v 0.291992 -0.131836 -0.040039
v 0.323242 -0.141602 -0.069336
v 0.307617 -0.118164 -0.057617
v 0.323242 -0.141602 -0.069336
v 0.356445 -0.196289 -0.045898
v 0.342773 -0.186523 -0.032227
v 0.331055 -0.174805 -0.018555
v 0.356445 -0.196289 -0.045898
v 0.350586 -0.19043 -0.057617
v 0.366211 -0.202148 -0.055664
v 0.342773 -0.186523 -0.032227
v 0.364258 -0.196289 -0.069336
v 0.336914 -0.180664 -0.045898
v 0.350586 -0.19043 -0.057617
v 0.336914 -0.180664 -0.045898
v 0.344727 -0.174805 -0.073242
v 0.368164 -0.174805 -0.084961
v 0.364258 -0.196289 -0.069336
v 0.350586 -0.19043 -0.057617
v 0.350586 -0.19043 -0.057617
v 0.344727 -0.174805 -0.073242
v 0.368164 -0.174805 -0.084961
v 0.374023 -0.208008 -0.055664
v 0.366211 -0.202148 -0.055664
v 0.375977 -0.200195 -0.069336
v 0.374023 -0.208008 -0.055664
v 0.393555 -0.206055 -0.049805
v 0.416992 -0.241211 -0.02832
v 0.375977 -0.200195 -0.069336
v 0.393555 -0.206055 -0.049805
v 0.374023 -0.208008 -0.055664
v 0.366211 -0.202148 -0.055664
v 0.364258 -0.196289 -0.069336
v 0.331055 -0.174805 -0.018555
v 0.329102 -0.165039 -0.05957
v 0.342773 -0.151367 -0.081055
v 0.342773 -0.151367 -0.081055
v 0.368164 -0.174805 -0.084961
v 0.325195 -0.12793 -0.069336
v 0.342773 -0.141602 -0.079102
v 0.301758 -0.041992 -0.141602
v 0.342773 -0.141602 -0.079102
v 0.325195 -0.12793 -0.069336
v 0.307617 -0.118164 -0.057617
v 0.362305 -0.133789 -0.079102
v 0.368164 -0.174805 -0.084961
v 0.344727 -0.174805 -0.073242
v 0.366211 -0.149414 -0.084961
v 0.301758 -0.041992 -0.141602
v 0.362305 -0.133789 -0.079102
v 0.342773 -0.141602 -0.079102
v 0.368164 -0.174805 -0.084961
v 0.366211 -0.149414 -0.084961
v 0.397461 -0.170898 -0.079102
v 0.397461 -0.170898 -0.079102
v 0.362305 -0.133789 -0.079102
v 0.385742 -0.12793 -0.077148
v 0.389648 -0.141602 -0.081055
v 0.391602 -0.020508 -0.116211
v 0.385742 -0.12793 -0.077148
v 0.288086 0.008789 -0.145508
v 0.391602 -0.020508 -0.116211
v 0.301758 -0.041992 -0.141602
v 0.301758 -0.041992 -0.141602
v 0.268555 0.006836 -0.129883
v 0.288086 0.008789 -0.145508
v 0.411133 -0.206055 -0.041992
v 0.397461 -0.198242 -0.063477
v 0.411133 -0.206055 -0.041992
v 0.416992 -0.206055 -0.02832
v 0.411133 -0.206055 -0.041992
v 0.416992 -0.206055 -0.02832
v 0.416992 -0.241211 -0.02832
v 0.416992 -0.206055 -0.02832
v 0.426758 -0.196289 -0.03418
v 0.416992 -0.196289 -0.051758
v 0.426758 -0.196289 -0.03418
v 0.428711 -0.19043 -0.012695
v 0.430664 -0.166992 -0.045898
v 0.43457 -0.161133 -0.018555
v 0.416992 -0.196289 -0.051758
v 0.418945 -0.168945 -0.06543
v 0.397461 -0.198242 -0.063477
v 0.430664 -0.166992 -0.045898
v 0.428711 -0.133789 -0.030273
v 0.424805 -0.137695 -0.051758
v 0.428711 -0.133789 -0.030273
v 0.424805 -0.137695 -0.051758
v 0.413086 -0.124023 -0.051758
v 0.418945 -0.12207 -0.032227
v 0.432617 -0.118164 -0.008789
v 0.428711 -0.133789 -0.030273
v 0.418945 -0.12207 -0.032227
v 0.424805 -0.137695 -0.051758
v 0.413086 -0.139648 -0.069336
v 0.405273 -0.125977 -0.067383
v 0.424805 -0.137695 -0.051758
v 0.405273 -0.125977 -0.067383
v 0.418945 -0.168945 -0.06543
v 0.397461 -0.170898 -0.079102
v 0.391602 -0.020508 -0.116211
v 0.391602 -0.020508 -0.116211
v 0.413086 -0.124023 -0.051758
v 0.405273 -0.125977 -0.067383
v 0.422852 -0.108398 -0.012695
v 0.422852 -0.108398 -0.012695
v 0.418945 -0.12207 -0.032227
v 0.413086 0.014648 -0.026367
v 0.393555 0.032227 -0.022461
v 0.385742 -0.040039 -0.026367
v 0.389648 -0.041992 -0.008789
v 0.389648 -0.041992 -0.008789
v 0.407227 -0.045898 -0.006836
v 0.420898 0.022461 -0.000977
v 0.397461 0.030273 -0.004883
v 0.420898 0.022461 -0.000977
v 0.397461 0.030273 -0.004883
v 0.389648 -0.041992 -0.008789
v 0.393555 0.032227 -0.022461
v 0.399414 -0.043945 -0.03418
v 0.385742 -0.040039 -0.026367
v 0.415039 0.02832 -0.036133
v 0.411133 -0.045898 -0.022461
v 0.399414 -0.043945 -0.03418
v 0.415039 0.02832 -0.036133
v 0.44043 0.014648 -0.045898
v 0.397461 -0.02832 -0.05957
v 0.399414 -0.02832 -0.045898
v 0.399414 -0.02832 -0.045898
v 0.407227 -0.038086 -0.041992
v 0.450195 0.004883 -0.040039
v 0.44043 0.014648 -0.045898
v 0.444336 0.000977 -0.069336
v 0.405273 -0.036133 -0.063477
v 0.397461 -0.02832 -0.05957
v 0.43457 0.010742 -0.061523
v 0.43457 0.010742 -0.061523
v 0.407227 -0.045898 -0.006836
v 0.411133 -0.045898 -0.022461
v 0.428711 0.018555 -0.024414
v 0.420898 0.022461 -0.000977
v 0.415039 0.02832 -0.036133
v 0.428711 0.018555 -0.024414
v 0.411133 -0.045898 -0.022461
v 0.407227 -0.038086 -0.041992
v 0.411133 -0.041992 -0.055664
v 0.456055 -0.004883 -0.053711
v 0.450195 0.004883 -0.040039
v 0.411133 -0.041992 -0.055664
v 0.405273 -0.036133 -0.063477
v 0.444336 0.000977 -0.069336
v 0.444336 0.000977 -0.069336
v 0.456055 -0.004883 -0.053711
v 0.411133 -0.041992 -0.055664
v 0.418945 -0.020508 -0.141602
v 0.40332 -0.05957 -0.083008
v 0.391602 -0.063477 -0.092773
v 0.391602 -0.063477 -0.092773
v 0.37793 -0.055664 -0.094727
v 0.418945 -0.020508 -0.141602
v 0.379883 -0.043945 -0.081055
v 0.395508 -0.045898 -0.073242
v 0.424805 0.008789 -0.116211
v 0.40918 0.012695 -0.124023
v 0.37793 -0.055664 -0.094727
v 0.379883 -0.043945 -0.081055
v 0.40918 0.012695 -0.124023
v 0.395508 -0.045898 -0.073242
v 0.40332 -0.05957 -0.083008
v 0.436523 -0.010742 -0.125977
v 0.424805 0.008789 -0.116211
v 0.436523 -0.010742 -0.125977
v 0.37793 -0.055664 -0.094727
v 0.40332 -0.004883 -0.141602
v 0.418945 -0.020508 -0.141602
v 0.40332 -0.004883 -0.141602
v 0.391602 -0.020508 -0.116211
v 0.288086 0.008789 -0.145508
v 0.313477 0.014648 -0.147461
v 0.391602 -0.020508 -0.116211
v 0.313477 0.014648 -0.147461
v 0.336914 0.024414 -0.143555
v 0.358398 0.03418 -0.129883
v 0.375977 0.047852 -0.108398
v 0.37793 0.06543 -0.079102
v 0.391602 -0.020508 -0.116211
v 0.375977 0.047852 -0.108398
v 0.459961 0.016602 -0.057617
v 0.450195 0.004883 -0.040039
v 0.456055 -0.004883 -0.053711
v 0.459961 0.016602 -0.057617
v 0.426758 0.010742 -0.147461
v 0.40332 -0.004883 -0.141602
v 0.40918 0.012695 -0.124023
v 0.426758 0.010742 -0.147461
v 0.426758 0.010742 -0.147461
v 0.426758 0.010742 -0.147461
v 0.092773 0.038086 -0.06543
v 0.104492 0.045898 -0.079102
v 0.141602 0.088867 -0.118164
v 0.12207 0.00293 -0.008789
v 0.12207 0.00293 -0.008789
v 0.12207 0.045898 -0.012695
v 0.135742 0.051758 -0.014648
v 0.141602 0.088867 -0.118164
v 0.135742 0.051758 -0.014648
v 0.104492 0.045898 -0.079102
v 0.135742 0.151367 -0.182617
v 0.040039 0.243164 -0.231445
v 0.043945 0.237305 -0.208008
v 0.008789 0.256836 -0.243164
v 0.05957 0.249023 -0.209961
v 0.061523 0.258789 -0.229492
v 0.05957 0.249023 -0.209961
v 0.043945 0.237305 -0.208008
v 0.040039 0.243164 -0.231445
v 0.061523 0.237305 -0.209961
v 0.05957 0.249023 -0.209961
v 0.086914 0.249023 -0.202148
v 0.135742 0.151367 -0.182617
v 0.067383 0.147461 -0.196289
v 0.114258 0.24707 -0.194336
v 0.168945 0.192383 -0.182617
v 0.088867 0.258789 -0.22168
v 0.086914 0.249023 -0.202148
v 0.05957 0.249023 -0.209961
v 0.061523 0.258789 -0.229492
v 0.040039 0.243164 -0.231445
v 0.008789 0.256836 -0.243164
v 0.061523 0.258789 -0.229492
v 0.116211 0.258789 -0.213867
v 0.114258 0.24707 -0.194336
v 0.143555 0.262695 -0.18457
v 0.114258 0.24707 -0.194336
v 0.116211 0.258789 -0.213867
v 0.131836 0.268555 -0.209961
v 0.143555 0.262695 -0.18457
v 0.166992 0.120117 -0.116211
v 0.178711 0.131836 -0.106445
v 0.180664 0.12793 -0.030273
v 0.135742 0.151367 -0.182617
v 0.168945 0.192383 -0.182617
v 0.196289 0.081055 -0.108398
v 0.243164 0.036133 -0.081055
v 0.243164 0.036133 -0.081055
v 0.180664 0.12793 -0.030273
v 0.196289 0.081055 -0.108398
v 0.200195 0.075195 -0.030273
v 0.229492 0.014648 -0.073242
v 0.243164 0.036133 -0.081055
v 0.254883 0.036133 -0.102539
v 0.254883 0.036133 -0.102539
v 0.25293 0.014648 -0.108398
v 0.229492 0.014648 -0.073242
v 0.25293 0.014648 -0.108398
v 0.243164 0.036133 -0.081055
v 0.196289 0.081055 -0.108398
v 0.25293 0.047852 -0.112305
v 0.25293 0.047852 -0.112305
v 0.254883 0.036133 -0.102539
v 0.243164 0.036133 -0.081055
v 0.25293 0.014648 -0.108398
v 0.24707 0.030273 -0.118164
v 0.249023 0.016602 -0.120117
v 0.254883 0.032227 -0.137695
v 0.268555 0.006836 -0.129883
v 0.25293 0.014648 -0.108398
v 0.249023 0.016602 -0.120117
v 0.260742 0.012695 -0.137695
v 0.260742 0.012695 -0.137695
v 0.24707 0.030273 -0.118164
v 0.25293 0.014648 -0.108398
v 0.254883 0.036133 -0.102539
v 0.25293 0.047852 -0.112305
v 0.24707 0.030273 -0.118164
v 0.25293 0.047852 -0.112305
v 0.254883 0.032227 -0.137695
v 0.178711 0.131836 -0.106445
v 0.219727 0.133789 -0.170898
v 0.219727 0.133789 -0.170898
v 0.254883 0.086914 -0.145508
v 0.178711 0.131836 -0.106445
v 0.168945 0.192383 -0.182617
v 0.192383 0.186523 -0.161133
v 0.192383 0.186523 -0.161133
v 0.18457 0.206055 -0.200195
v 0.15918 0.272461 -0.196289
v 0.18457 0.206055 -0.200195
v 0.168945 0.192383 -0.182617
v 0.143555 0.262695 -0.18457
v 0.266602 0.194336 -0.151367
v 0.18457 0.206055 -0.200195
v 0.15918 0.272461 -0.196289
v 0.270508 0.211914 -0.172852
v 0.270508 0.211914 -0.172852
v 0.290039 0.155273 -0.161133
v 0.219727 0.133789 -0.170898
v 0.192383 0.186523 -0.161133
v 0.266602 0.194336 -0.151367
v 0.301758 0.104492 -0.139648
v 0.254883 0.086914 -0.145508
v 0.219727 0.133789 -0.170898
v 0.290039 0.155273 -0.161133
v 0.301758 0.104492 -0.139648
v 0.219727 0.133789 -0.170898
v 0.032227 0.395508 -0.016602
v 0.030273 0.481445 -0.026367
v 0.004883 0.40918 -0.030273
v 0.000977 0.40918 -0.010742
v 0.026367 0.477539 -0.000977
v 0.057617 0.473633 -0.032227
v 0.022461 0.401367 -0.036133
v 0.004883 0.40918 -0.030273
v 0.030273 0.481445 -0.026367
v 0.057617 0.473633 -0.032227
v 0.032227 0.395508 -0.016602
v 0.022461 0.401367 -0.036133
v 0.071289 0.469727 -0.004883
v 0.05957 0.499023 -0.014648
v 0.030273 0.481445 -0.026367
v 0.026367 0.477539 -0.000977
v 0.030273 0.481445 -0.026367
v 0.05957 0.499023 -0.014648
v 0.057617 0.473633 -0.032227
v 0.071289 0.469727 -0.004883
v 0.209961 0.34668 -0.149414
v 0.088867 0.258789 -0.22168
v 0.116211 0.258789 -0.213867
v 0.118164 0.282227 -0.22168
v 0.116211 0.258789 -0.213867
v 0.083008 0.288086 -0.229492
v 0.131836 0.299805 -0.21582
v 0.118164 0.282227 -0.22168
v 0.116211 0.258789 -0.213867
v 0.118164 0.282227 -0.22168
v 0.131836 0.268555 -0.209961
v 0.149414 0.27832 -0.209961
v 0.131836 0.268555 -0.209961
v 0.118164 0.282227 -0.22168
v 0.149414 0.27832 -0.209961
v 0.098633 0.325195 -0.213867
v 0.124023 0.379883 -0.161133
v 0.209961 0.34668 -0.149414
v 0.186523 0.327148 -0.180664
v 0.165039 0.321289 -0.192383
v 0.209961 0.34668 -0.149414
v 0.186523 0.327148 -0.180664
v 0.098633 0.325195 -0.213867
v 0.145508 0.313477 -0.204102
v 0.151367 0.370117 -0.043945
v 0.163086 0.366211 -0.057617
v 0.18457 0.422852 -0.063477
v 0.168945 0.430664 -0.045898
v 0.135742 0.375977 -0.051758
v 0.151367 0.370117 -0.043945
v 0.18457 0.422852 -0.063477
v 0.168945 0.430664 -0.045898
v 0.151367 0.370117 -0.043945
v 0.208008 0.452148 -0.030273
v 0.155273 0.364258 -0.063477
v 0.15918 0.366211 -0.026367
v 0.15918 0.366211 -0.026367
v 0.188477 0.350586 -0.016602
v 0.243164 0.430664 -0.016602
v 0.208008 0.452148 -0.030273
v 0.163086 0.366211 -0.057617
v 0.151367 0.368164 -0.073242
v 0.166992 0.420898 -0.083008
v 0.18457 0.422852 -0.063477
v 0.149414 0.428711 -0.075195
v 0.151367 0.368164 -0.073242
v 0.135742 0.374023 -0.067383
v 0.135742 0.374023 -0.067383
v 0.135742 0.375977 -0.051758
v 0.147461 0.432617 -0.053711
v 0.149414 0.428711 -0.075195
v 0.202148 0.452148 -0.071289
v 0.18457 0.344727 -0.075195
v 0.155273 0.364258 -0.063477
v 0.202148 0.452148 -0.071289
v 0.166992 0.420898 -0.083008
v 0.241211 0.428711 -0.094727
v 0.204102 0.336914 -0.045898
v 0.18457 0.344727 -0.075195
v 0.241211 0.428711 -0.094727
v 0.22168 0.323242 -0.026367
v 0.188477 0.350586 -0.016602
v 0.204102 0.336914 -0.045898
v 0.268555 0.418945 -0.051758
v 0.243164 0.430664 -0.016602
v 0.24707 0.385742 -0.012695
v 0.21582 0.336914 -0.036133
v 0.206055 0.34668 -0.030273
v 0.268555 0.418945 -0.051758
v 0.22168 0.323242 -0.026367
v 0.21582 0.336914 -0.036133
v 0.21582 0.336914 -0.036133
v 0.24707 0.385742 -0.012695
v 0.262695 0.374023 -0.022461
v 0.280273 0.368164 -0.09668
v 0.229492 0.348633 -0.092773
v 0.241211 0.338867 -0.084961
v 0.241211 0.338867 -0.084961
v 0.24707 0.327148 -0.09668
v 0.28418 0.354492 -0.110352
v 0.280273 0.368164 -0.09668
v 0.262695 0.342773 -0.088867
v 0.266602 0.383789 -0.106445
v 0.229492 0.342773 -0.108398
v 0.229492 0.348633 -0.092773
v 0.266602 0.383789 -0.106445
v 0.264648 0.374023 -0.12793
v 0.239258 0.331055 -0.110352
v 0.229492 0.342773 -0.108398
v 0.264648 0.374023 -0.12793
v 0.24707 0.327148 -0.09668
v 0.239258 0.331055 -0.110352
v 0.276367 0.362305 -0.125977
v 0.28418 0.354492 -0.110352
v 0.276367 0.362305 -0.125977
v 0.147461 0.432617 -0.053711
v 0.147461 0.432617 -0.053711
v 0.168945 0.430664 -0.045898
v 0.170898 0.450195 -0.071289
v 0.170898 0.450195 -0.071289
v 0.149414 0.428711 -0.075195
v 0.147461 0.432617 -0.053711
v 0.168945 0.430664 -0.045898
v 0.18457 0.422852 -0.063477
v 0.170898 0.450195 -0.071289
v 0.170898 0.450195 -0.071289
v 0.170898 0.450195 -0.071289
v 0.18457 0.422852 -0.063477
v 0.166992 0.420898 -0.083008
v 0.256836 0.481445 -0.071289
v 0.208008 0.452148 -0.030273
v 0.243164 0.430664 -0.016602
v 0.243164 0.430664 -0.016602
v 0.268555 0.418945 -0.051758
v 0.256836 0.481445 -0.071289
v 0.256836 0.481445 -0.071289
v 0.202148 0.452148 -0.071289
v 0.208008 0.452148 -0.030273
v 0.256836 0.481445 -0.071289
v 0.256836 0.481445 -0.071289
v 0.143555 0.262695 -0.18457
v 0.15918 0.272461 -0.196289
v 0.19043 0.303711 -0.186523
v 0.209961 0.299805 -0.182617
v 0.21582 0.317383 -0.174805
v 0.209961 0.34668 -0.149414
v 0.15918 0.288086 -0.204102
v 0.15918 0.288086 -0.204102
v 0.15918 0.272461 -0.196289
v 0.149414 0.27832 -0.209961
v 0.172852 0.297852 -0.194336
v 0.172852 0.297852 -0.194336
v 0.174805 0.282227 -0.188477
v 0.188477 0.286133 -0.180664
v 0.204102 0.282227 -0.176758
v 0.22168 0.272461 -0.172852
v 0.188477 0.286133 -0.180664
v 0.19043 0.303711 -0.186523
v 0.204102 0.282227 -0.176758
v 0.209961 0.299805 -0.182617
v 0.204102 0.282227 -0.176758
v 0.209961 0.299805 -0.182617
v 0.22168 0.272461 -0.172852
v 0.227539 0.290039 -0.180664
v 0.227539 0.290039 -0.180664
v 0.227539 0.290039 -0.180664
v 0.241211 0.274414 -0.165039
v 0.22168 0.272461 -0.172852
v 0.241211 0.274414 -0.165039
v 0.243164 0.290039 -0.174805
v 0.241211 0.274414 -0.165039
v 0.243164 0.290039 -0.174805
v 0.254883 0.280273 -0.15918
v 0.254883 0.280273 -0.15918
v 0.243164 0.290039 -0.174805
v 0.245117 0.319336 -0.15918
v 0.256836 0.295898 -0.165039
v 0.256836 0.295898 -0.165039
v 0.260742 0.323242 -0.135742
v 0.245117 0.319336 -0.15918
v 0.266602 0.295898 -0.15332
v 0.260742 0.323242 -0.135742
v 0.258789 0.053711 -0.12793
v 0.254883 0.032227 -0.137695
v 0.25293 0.047852 -0.112305
v 0.254883 0.086914 -0.145508
v 0.344727 0.09668 -0.000977
v 0.338867 0.102539 -0.020508
v 0.327148 0.102539 -0.010742
v 0.338867 0.102539 -0.020508
v 0.364258 0.098633 -0.020508
v 0.338867 0.112305 -0.032227
v 0.338867 0.102539 -0.020508
v 0.338867 0.102539 -0.020508
v 0.338867 0.112305 -0.032227
v 0.338867 0.112305 -0.032227
v 0.364258 0.098633 -0.020508
v 0.364258 0.102539 -0.055664
v 0.344727 0.110352 -0.055664
v 0.344727 0.110352 -0.055664
v 0.338867 0.149414 -0.09668
v 0.375977 0.055664 -0.006836
v 0.381836 0.071289 -0.006836
v 0.364258 0.098633 -0.020508
v 0.370117 0.077148 -0.000977
v 0.381836 0.071289 -0.006836
v 0.383789 0.083008 -0.032227
v 0.385742 0.073242 -0.014648
v 0.383789 0.083008 -0.032227
v 0.379883 0.071289 -0.036133
v 0.374023 0.075195 -0.053711
v 0.383789 0.083008 -0.032227
v 0.379883 0.071289 -0.036133
v 0.374023 0.075195 -0.053711
v 0.37793 0.086914 -0.053711
v 0.37793 0.06543 -0.079102
v 0.37793 0.086914 -0.053711
v 0.374023 0.075195 -0.053711
v 0.352539 0.094727 -0.077148
v 0.352539 0.094727 -0.077148
v 0.370117 0.09082 -0.084961
v 0.37793 0.086914 -0.053711
v 0.329102 0.081055 -0.120117
v 0.350586 0.084961 -0.09668
v 0.338867 0.149414 -0.09668
v 0.352539 0.094727 -0.077148
v 0.329102 0.081055 -0.120117
v 0.366211 0.077148 -0.110352
v 0.344727 0.067383 -0.135742
v 0.338867 0.149414 -0.09668
v 0.329102 0.081055 -0.120117
v 0.321289 0.06543 -0.133789
v 0.329102 0.081055 -0.120117
v 0.321289 0.057617 -0.151367
v 0.321289 0.06543 -0.133789
v 0.321289 0.057617 -0.151367
v 0.379883 0.077148 -0.084961
v 0.370117 0.09082 -0.084961
v 0.37793 0.086914 -0.053711
v 0.379883 0.077148 -0.084961
v 0.366211 0.077148 -0.110352
v 0.360352 0.045898 -0.137695
v 0.344727 0.067383 -0.135742
v 0.375977 0.05957 -0.114258
v 0.379883 0.077148 -0.084961
v 0.311523 0.18457 -0.098633
v 0.325195 0.204102 -0.102539
v 0.313477 0.163086 -0.022461
v 0.311523 0.18457 -0.098633
v 0.311523 0.18457 -0.098633
v 0.338867 0.149414 -0.09668
v 0.270508 0.211914 -0.172852
v 0.311523 0.18457 -0.098633
v 0.325195 0.182617 -0.016602
v 0.325195 0.204102 -0.102539
v 0.303711 0.280273 -0.092773
v 0.338867 0.149414 -0.09668
v 0.301758 0.104492 -0.139648
v 0.290039 0.155273 -0.161133
v 0.325195 0.204102 -0.102539
v 0.262695 0.27832 -0.147461
v 0.303711 0.280273 -0.092773
v 0.268555 0.006836 -0.129883
v 0.260742 0.012695 -0.137695
v 0.260742 0.012695 -0.137695
v 0.254883 0.032227 -0.137695
v 0.274414 0.03418 -0.155273
v 0.282227 0.016602 -0.155273
v 0.282227 0.016602 -0.155273
v 0.254883 0.032227 -0.137695
v 0.258789 0.053711 -0.12793
v 0.268555 0.047852 -0.139648
v 0.274414 0.03418 -0.155273
v 0.268555 0.047852 -0.139648
v 0.272461 0.053711 -0.143555
v 0.274414 0.03418 -0.155273
v 0.268555 0.047852 -0.139648
v 0.254883 0.086914 -0.145508
v 0.272461 0.053711 -0.143555
v 0.268555 0.047852 -0.139648
v 0.272461 0.053711 -0.143555
v 0.28418 0.067383 -0.141602
v 0.30957 0.022461 -0.15918
v 0.293945 0.047852 -0.157227
v 0.272461 0.053711 -0.143555
v 0.28418 0.067383 -0.141602
v 0.30957 0.022461 -0.15918
v 0.30957 0.022461 -0.15918
v 0.293945 0.047852 -0.157227
v 0.321289 0.057617 -0.151367
v 0.336914 0.024414 -0.143555
v 0.336914 0.03418 -0.15332
v 0.336914 0.03418 -0.15332
v 0.303711 0.071289 -0.139648
v 0.321289 0.06543 -0.133789
v 0.321289 0.057617 -0.151367
v 0.303711 0.071289 -0.139648
v 0.336914 0.024414 -0.143555
v 0.336914 0.03418 -0.15332
v 0.360352 0.045898 -0.137695
v 0.358398 0.03418 -0.129883
v 0.375977 0.047852 -0.108398
v 0.375977 0.05957 -0.114258
v 0.418945 0.047852 -0.018555
v 0.397461 0.030273 -0.004883
v 0.420898 0.022461 -0.000977
v 0.418945 0.047852 -0.018555
v 0.383789 0.057617 -0.020508
v 0.375977 0.055664 -0.006836
v 0.383789 0.057617 -0.020508
v 0.381836 0.071289 -0.006836
v 0.383789 0.057617 -0.020508
v 0.385742 0.073242 -0.014648
v 0.383789 0.057617 -0.020508
v 0.393555 0.032227 -0.022461
v 0.418945 0.047852 -0.018555
v 0.415039 0.02832 -0.036133
v 0.436523 0.094727 -0.057617
v 0.379883 0.038086 -0.045898
v 0.40332 0.030273 -0.040039
v 0.40332 0.030273 -0.040039
v 0.413086 0.020508 -0.05957
v 0.446289 0.081055 -0.081055
v 0.436523 0.094727 -0.057617
v 0.405273 0.108398 -0.063477
v 0.405273 0.108398 -0.063477
v 0.37793 0.032227 -0.071289
v 0.379883 0.038086 -0.045898
v 0.418945 0.047852 -0.018555
v 0.418945 0.047852 -0.018555
v 0.413086 0.020508 -0.05957
v 0.399414 0.020508 -0.079102
v 0.428711 0.083008 -0.104492
v 0.446289 0.081055 -0.081055
v 0.43457 0.010742 -0.061523
v 0.44043 0.014648 -0.045898
v 0.459961 0.016602 -0.057617
v 0.43457 0.010742 -0.061523
v 0.459961 0.016602 -0.057617
v 0.444336 0.000977 -0.069336
v 0.436523 0.12793 -0.083008
v 0.405273 0.108398 -0.063477
v 0.436523 0.094727 -0.057617
v 0.436523 0.094727 -0.057617
v 0.446289 0.081055 -0.081055
v 0.436523 0.12793 -0.083008
v 0.399414 0.020508 -0.079102
v 0.37793 0.032227 -0.071289
v 0.428711 0.083008 -0.104492
v 0.40332 0.100586 -0.098633
v 0.40332 0.100586 -0.098633
v 0.375977 0.05957 -0.114258
v 0.40918 0.012695 -0.124023
v 0.424805 0.008789 -0.116211
v 0.426758 0.010742 -0.147461
v 0.436523 0.12793 -0.083008
v 0.40332 0.100586 -0.098633
v 0.405273 0.108398 -0.063477
v 0.436523 0.12793 -0.083008
v 0.428711 0.083008 -0.104492
v 0.40332 0.100586 -0.098633
v 0.446289 0.081055 -0.081055
v 0.44043 0.014648 -0.045898
v 0.450195 0.004883 -0.040039
v 0.459961 0.016602 -0.057617
v 0.291992 0.282227 -0.014648
v 0.295898 0.274414 -0.03418
v 0.303711 0.280273 -0.092773
v 0.295898 0.274414 -0.03418
v 0.301758 0.268555 -0.004883
v 0.291992 0.282227 -0.014648
v 0.301758 0.295898 -0.016602
v 0.305664 0.290039 -0.032227
v 0.295898 0.274414 -0.03418
v 0.301758 0.295898 -0.016602
v 0.305664 0.290039 -0.032227
v 0.295898 0.274414 -0.03418
v 0.293945 0.282227 -0.053711
v 0.303711 0.295898 -0.049805
v 0.303711 0.280273 -0.092773
v 0.293945 0.282227 -0.053711
v 0.295898 0.274414 -0.03418
v 0.305664 0.290039 -0.032227
v 0.299805 0.305664 -0.069336
v 0.290039 0.291992 -0.071289
v 0.290039 0.291992 -0.071289
v 0.303711 0.295898 -0.049805
v 0.299805 0.305664 -0.069336
v 0.288086 0.325195 -0.063477
v 0.288086 0.325195 -0.063477
v 0.282227 0.303711 -0.12207
v 0.28418 0.288086 -0.102539
v 0.276367 0.288086 -0.118164
v 0.262695 0.27832 -0.147461
v 0.272461 0.301758 -0.137695
v 0.276367 0.288086 -0.118164
v 0.262695 0.27832 -0.147461
v 0.268555 0.286133 -0.131836
v 0.268555 0.286133 -0.131836
v 0.288086 0.293945 -0.088867
v 0.290039 0.291992 -0.071289
v 0.303711 0.280273 -0.092773
v 0.28418 0.288086 -0.102539
v 0.262695 0.27832 -0.147461
v 0.288086 0.293945 -0.088867
v 0.295898 0.30957 -0.09082
v 0.291992 0.303711 -0.108398
v 0.295898 0.30957 -0.09082
v 0.295898 0.30957 -0.09082
v 0.291992 0.303711 -0.108398
v 0.28418 0.329102 -0.09082
v 0.28418 0.329102 -0.09082
v 0.291992 0.303711 -0.108398
v 0.282227 0.303711 -0.12207
v 0.27832 0.321289 -0.114258
v 0.27832 0.321289 -0.114258
v 0.272461 0.301758 -0.137695
v 0.280273 0.368164 -0.09668
v 0.28418 0.354492 -0.110352
v 0.290039 0.383789 -0.118164
v 0.290039 0.383789 -0.118164
v 0.276367 0.362305 -0.125977
v 0.290039 0.383789 -0.118164
v 0.28418 0.354492 -0.110352
v 0.290039 0.383789 -0.118164
v 0.276367 0.362305 -0.125977
v 0.264648 0.374023 -0.12793
v 0.290039 0.383789 -0.118164
v 0.266602 0.295898 -0.15332
v -0.391602 -0.016602 0.000977
v -0.381836 -0.016602 0.010742
v -0.405273 -0.024414 0.006836
v -0.385742 -0.022461 0.024414
v -0.401367 -0.02832 0.022461
v -0.21582 -0.375977 -0.010742
v -0.208008 -0.368164 -0.000977
v -0.225586 -0.37793 0.00293
v -0.21582 -0.368164 0.012695
v -0.194336 -0.338867 -0.030273
v -0.208008 -0.333008 0.00293
v -0.211914 -0.34668 -0.030273
v -0.19043 -0.329102 -0.008789
v -0.21582 0.334961 -0.041992
v -0.165039 0.368164 -0.032227
v -0.209961 0.331055 -0.004883
v -0.19043 0.354492 -0.057617
v -0.176758 0.352539 0.004883
v -0.186523 0.334961 0.00293
v -0.188477 0.319336 0.03418
v -0.198242 0.319336 0.014648
v -0.172852 0.334961 0.036133
v -0.170898 0.344727 0.016602
v -0.165039 0.370117 -0.012695
v -0.147461 0.374023 -0.008789
v -0.172852 0.366211 0.004883
v -0.143555 0.374023 0.008789
v -0.15918 0.368164 0.018555
v -0.010742 0.338867 0.151367
v -0.010742 0.331055 0.151367
v -0.024414 0.338867 0.151367
v -0.02832 0.333008 0.151367
v 0.00293 0.336914 0.151367
v 0.006836 0.331055 0.151367
v -0.209961 -0.383789 -0.049805
v -0.213867 -0.356445 -0.03418
v -0.22168 -0.375977 -0.036133
v -0.194336 -0.37207 -0.055664
v -0.196289 -0.354492 -0.045898
v -0.401367 -0.030273 -0.075195
v -0.40918 -0.024414 -0.051758
v -0.413086 -0.038086 -0.071289
v -0.416992 -0.036133 -0.057617
v -0.397461 -0.020508 -0.063477
v -0.415039 -0.016602 -0.045898
v -0.387695 -0.00293 -0.014648
v -0.428711 -0.016602 -0.02832
v -0.387695 -0.008789 -0.040039
v -0.415039 -0.006836 -0.004883
v -0.192383 -0.420898 -0.026367
v -0.209961 -0.415039 -0.018555
v -0.202148 -0.424805 -0.024414
v -0.19043 -0.40918 -0.020508
v -0.204102 -0.405273 -0.016602
v -0.208008 -0.34668 -0.063477
v -0.192383 -0.336914 -0.049805
v -0.21582 -0.342773 -0.053711
v -0.208008 -0.336914 -0.043945
v -0.192383 -0.344727 -0.063477
v -0.250977 0.31543 -0.036133
v -0.239258 0.329102 -0.043945
v -0.249023 0.317383 -0.016602
v -0.237305 0.333008 -0.012695
v -0.231445 0.34082 -0.030273
v -0.239258 0.321289 -0.094727
v -0.239258 0.336914 -0.069336
v -0.249023 0.323242 -0.077148
v -0.225586 0.333008 -0.094727
v -0.223633 0.342773 -0.081055
v 0.188477 -0.368164 -0.000977
v 0.206055 -0.37793 0.00293
v 0.196289 -0.368164 0.012695
v 0.194336 -0.375977 -0.010742
v 0.375977 -0.038086 0.012695
v 0.37793 -0.040039 0.018555
v 0.370117 -0.036133 0.016602
v 0.370117 -0.038086 0.022461
v 0.375977 -0.040039 0.024414
v 0.381836 -0.061523 0.014648
v 0.387695 -0.063477 0.000977
v 0.389648 -0.067383 0.016602
v 0.393555 -0.069336 0.006836
v 0.379883 -0.05957 0.004883
v 0.030273 0.438477 0.106445
v 0.03418 0.43457 0.079102
v 0.041992 0.432617 0.094727
v 0.016602 0.446289 0.098633
v 0.018555 0.444336 0.081055
v 0.036133 0.391602 0.018555
v 0.036133 0.385742 0.038086
v 0.02832 0.393555 0.030273
v 0.045898 0.383789 0.020508
v 0.045898 0.379883 0.032227
v 0.004883 0.40918 -0.030273
v 0.032227 0.395508 -0.016602
v 0.000977 0.40918 -0.010742
v 0.018555 0.399414 -0.000977
v 0.022461 0.401367 -0.036133
v 0.19043 0.336914 0.008789
v 0.200195 0.323242 0.016602
v 0.176758 0.338867 0.020508
v 0.192383 0.319336 0.030273
v 0.178711 0.327148 0.03418
v 0.21582 0.336914 -0.036133
v 0.211914 0.327148 -0.010742
v 0.206055 0.34668 -0.030273
v 0.202148 0.34082 -0.012695
v 0.22168 0.323242 -0.026367
v 0.182617 -0.424805 -0.024414
v 0.170898 -0.40918 -0.020508
v 0.170898 -0.420898 -0.026367
v 0.182617 -0.405273 -0.016602
v 0.19043 -0.415039 -0.018555
v 0.192383 -0.356445 -0.03418
v 0.188477 -0.383789 -0.049805
v 0.202148 -0.375977 -0.036133
v 0.176758 -0.354492 -0.045898
v 0.172852 -0.37207 -0.055664
v 0.180664 -0.336914 -0.036133
v 0.178711 -0.323242 -0.00293
v 0.166992 -0.325195 -0.022461
v 0.196289 -0.333008 -0.004883
v 0.198242 -0.34082 -0.026367
v 0.161133 -0.333008 -0.063477
v 0.188477 -0.334961 -0.051758
v 0.15918 -0.325195 -0.045898
v 0.178711 -0.34082 -0.06543
v 0.176758 -0.325195 -0.038086
v 0.399414 -0.043945 -0.03418
v 0.389648 -0.041992 -0.008789
v 0.385742 -0.040039 -0.026367
v 0.411133 -0.045898 -0.022461
v 0.407227 -0.045898 -0.006836
v 0.405273 -0.036133 -0.063477
v 0.399414 -0.02832 -0.045898
v 0.397461 -0.02832 -0.05957
v 0.411133 -0.041992 -0.055664
v 0.411133 -0.041992 -0.055664
v 0.407227 -0.038086 -0.041992
v 0.399414 -0.02832 -0.045898
v 0.395508 -0.045898 -0.073242
v 0.391602 -0.063477 -0.092773
v 0.40332 -0.05957 -0.083008
v 0.379883 -0.043945 -0.081055
v 0.37793 -0.055664 -0.094727
v 0.135742 0.375977 -0.051758
v 0.151367 0.368164 -0.073242
v 0.151367 0.370117 -0.043945
v 0.135742 0.374023 -0.067383
v 0.163086 0.366211 -0.057617
v 0.18457 0.344727 -0.075195
v 0.15918 0.366211 -0.026367
v 0.155273 0.364258 -0.063477
v 0.204102 0.336914 -0.045898
v 0.188477 0.350586 -0.016602
v 0.229492 0.342773 -0.108398
v 0.241211 0.338867 -0.084961
v 0.229492 0.348633 -0.092773
v 0.239258 0.331055 -0.110352
v 0.24707 0.327148 -0.09668
v 0.37793 0.032227 -0.071289
v 0.40332 0.030273 -0.040039
v 0.379883 0.038086 -0.045898
v 0.413086 0.020508 -0.05957
v 0.399414 0.020508 -0.079102
v -0.204102 -0.364258 0.077148
v -0.217773 -0.368164 0.053711
v -0.219727 -0.325195 0.05957
v -0.217773 -0.368164 0.053711
v -0.229492 -0.389648 0.02832
v -0.219727 -0.325195 0.05957
v -0.217773 -0.368164 0.053711
v -0.217773 -0.375977 0.030273
v -0.229492 -0.389648 0.02832
v -0.217773 -0.375977 0.030273
v -0.229492 -0.375977 0.008789
v -0.229492 -0.389648 0.02832
v -0.229492 -0.375977 0.008789
v -0.229492 -0.350586 0.000977
v -0.229492 -0.389648 0.02832
v -0.229492 -0.313477 -0.018555
v -0.229492 -0.313477 -0.018555
v -0.036133 0.317383 0.182617
v -0.010742 0.333008 0.202148
v -0.026367 0.317383 0.198242
v -0.036133 0.317383 0.182617
v -0.026367 0.333008 0.198242
v -0.010742 0.333008 0.202148
v -0.010742 0.333008 0.202148
v 0.004883 0.317383 0.198242
v -0.026367 0.317383 0.198242
v 0.004883 0.317383 0.198242
v -0.010742 0.317383 0.202148
v -0.026367 0.317383 0.198242
v -0.036133 0.317383 0.182617
v -0.040039 0.317383 0.165039
v -0.026367 0.333008 0.198242
v -0.040039 0.317383 0.165039
v -0.036133 0.333008 0.182617
v -0.026367 0.333008 0.198242
v -0.040039 0.317383 0.165039
v -0.040039 0.333008 0.165039
v -0.036133 0.333008 0.182617
v -0.010742 0.333008 0.202148
v 0.016602 0.317383 0.182617
v 0.004883 0.317383 0.198242
v -0.010742 0.333008 0.202148
v 0.004883 0.333008 0.198242
v 0.016602 0.317383 0.182617
v 0.004883 0.333008 0.198242
v 0.018555 0.317383 0.165039
v 0.016602 0.317383 0.182617
v 0.004883 0.333008 0.198242
v 0.016602 0.333008 0.182617
v 0.018555 0.317383 0.165039
v 0.016602 0.333008 0.182617
v 0.018555 0.333008 0.165039
v 0.018555 0.317383 0.165039
v -0.043945 0.334961 0.174805
v -0.010742 0.334961 0.200195
v -0.030273 0.334961 0.194336
v -0.043945 0.334961 0.174805
v -0.030273 0.350586 0.194336
v -0.010742 0.334961 0.200195
v -0.030273 0.350586 0.194336
v 0.008789 0.350586 0.194336
v -0.010742 0.334961 0.200195
v -0.030273 0.350586 0.194336
v -0.010742 0.350586 0.200195
v 0.008789 0.350586 0.194336
v -0.043945 0.334961 0.174805
v -0.045898 0.334961 0.15332
v -0.030273 0.350586 0.194336
v -0.045898 0.334961 0.15332
v -0.043945 0.350586 0.174805
v -0.030273 0.350586 0.194336
v -0.045898 0.334961 0.15332
v -0.045898 0.350586 0.15332
v -0.043945 0.350586 0.174805
v 0.008789 0.350586 0.194336
v 0.022461 0.334961 0.174805
v -0.010742 0.334961 0.200195
v 0.022461 0.334961 0.174805
v 0.008789 0.334961 0.194336
v -0.010742 0.334961 0.200195
v 0.008789 0.350586 0.194336
v 0.024414 0.334961 0.15332
v 0.022461 0.334961 0.174805
v 0.008789 0.350586 0.194336
v 0.022461 0.350586 0.174805
v 0.024414 0.334961 0.15332
v 0.022461 0.350586 0.174805
v 0.024414 0.350586 0.15332
v 0.024414 0.334961 0.15332
v -0.057617 0.379883 0.176758
v -0.051758 0.399414 0.176758
v -0.047852 0.37207 0.176758
v -0.05957 0.391602 0.176758
v -0.036133 0.374023 0.176758
v -0.040039 0.401367 0.176758
v -0.032227 0.395508 0.176758
v -0.02832 0.383789 0.176758
v -0.036133 0.379883 0.188477
v -0.043945 0.391602 0.19043
v -0.045898 0.37793 0.188477
v -0.030273 0.387695 0.188477
v -0.036133 0.379883 0.188477
v -0.030273 0.383789 0.186523
v -0.030273 0.387695 0.188477
v -0.043945 0.391602 0.19043
v -0.055664 0.381836 0.18457
v -0.045898 0.37793 0.188477
v -0.057617 0.393555 0.182617
v -0.057617 0.393555 0.182617
v -0.057617 0.391602 0.180664
v -0.055664 0.381836 0.18457
v 0.008789 0.383789 0.176758
v 0.026367 0.37207 0.176758
v 0.014648 0.374023 0.176758
v 0.036133 0.379883 0.176758
v 0.010742 0.395508 0.176758
v 0.038086 0.391602 0.176758
v 0.032227 0.399414 0.176758
v 0.020508 0.40332 0.176758
v 0.010742 0.385742 0.186523
v 0.016602 0.379883 0.188477
v 0.010742 0.387695 0.188477
v 0.022461 0.391602 0.19043
v 0.016602 0.379883 0.188477
v 0.024414 0.37793 0.188477
v 0.022461 0.391602 0.19043
v 0.03418 0.381836 0.182617
v 0.038086 0.391602 0.176758
v 0.038086 0.391602 0.176758
v 0.036133 0.391602 0.178711
v 0.036133 0.391602 0.18457
vt 0.294866 0.05318
vt 0.294866 0.076258
vt 0.291462 0.07414
vt 0.44788 0.938003
vt 0.449077 0.941292
vt 0.42803 0.938003
vt 0.701044 0.418224
vt 0.720218 0.43891
vt 0.701044 0.437472
vt 0.719443 0.420164
vt 0.291118 0.053981
vt 0.428742 0.649044
vt 0.426393 0.647742
vt 0.428742 0.631604
vt 0.877819 0.179544
vt 0.85875 0.188968
vt 0.863665 0.173067
vt 0.44849 0.959161
vt 0.921879 0.09151
vt 0.914416 0.077411
vt 0.921879 0.063956
vt 0.343641 0.940451
vt 0.347399 0.960856
vt 0.327241 0.960856
vt 0.132181 0.950845
vt 0.113881 0.952383
vt 0.114114 0.930392
vt 0.420593 0.721403
vt 0.437215 0.718656
vt 0.435011 0.736855
vt 0.131698 0.930392
vt 0.029346 0.952383
vt 0.029346 0.929783
vt 0.049144 0.932649
vt 0.425406 0.754111
vt 0.412732 0.745432
vt 0.048171 0.951867
vt 0.418442 0.73342
vt 0.084732 0.645654
vt 0.082146 0.643067
vt 0.084732 0.621111
vt 0.325414 0.906976
vt 0.328446 0.924773
vt 0.325524 0.926963
vt 0.412732 0.708364
vt 0.321636 0.907771
vt 0.430536 0.698898
vt 0.081123 0.623645
vt 0.056342 0.930353
vt 0.056342 0.903885
vt 0.06948 0.918769
vt 0.75188 0.313071
vt 0.767668 0.300783
vt 0.765006 0.318643
vt 0.001746 0.874725
vt 0.001746 0.85973
vt 0.023725 0.873821
vt 0.756002 0.330453
vt 0.003093 0.889533
vt 0.945604 0.688388
vt 0.945604 0.71005
vt 0.941807 0.707485
vt 0.34612 0.925298
vt 0.343951 0.90671
vt 0.940557 0.688359
vt 0.743973 0.079733
vt 0.728111 0.09396
vt 0.727255 0.076986
vt 0.731662 0.056639
vt 0.325369 0.116493
vt 0.32198 0.118624
vt 0.325096 0.095179
vt 0.94052 0.487171
vt 0.94052 0.510084
vt 0.93705 0.507868
vt 0.724703 0.540587
vt 0.716384 0.520934
vt 0.738376 0.532637
vt 0.937146 0.489345
vt 0.752576 0.301237
vt 0.747074 0.288827
vt 0.321443 0.095103
vt 0.765825 0.277329
vt 0.054228 0.282658
vt 0.041402 0.294866
vt 0.041402 0.268592
vt 0.745124 0.091596
vt 0.737488 0.111846
vt 0.828675 0.386544
vt 0.828675 0.405017
vt 0.816402 0.386249
vt 0.434636 0.465698
vt 0.420907 0.459644
vt 0.426922 0.438851
vt 0.750722 0.067475
vt 0.441233 0.440792
vt 0.060458 0.930544
vt 0.06948 0.938066
vt 0.060458 0.952383
vt 0.440574 0.413701
vt 0.430889 0.433442
vt 0.477439 0.418574
vt 0.477439 0.398558
vt 0.488054 0.404676
vt 0.932889 0.173923
vt 0.929935 0.176633
vt 0.92527 0.17248
vt 0.924085 0.375019
vt 0.930353 0.376798
vt 0.918859 0.386967
vt 0.973661 0.500324
vt 0.977444 0.500822
vt 0.977128 0.507797
vt 0.408989 0.353912
vt 0.420463 0.34776
vt 0.423019 0.351309
vt 0.42288 0.36383
vt 0.933742 0.182951
vt 0.92686 0.180081
vt 0.928763 0.381265
vt 0.315201 0.94152
vt 0.298689 0.962244
vt 0.297238 0.942426
vt 0.622927 0.29003
vt 0.6092 0.305034
vt 0.600533 0.295027
vt 0.429685 0.956538
vt 0.607939 0.285909
vt 0.610627 0.272348
vt 0.62427 0.271599
vt 0.273407 0.61854
vt 0.273407 0.601025
vt 0.277416 0.603945
vt 0.315201 0.962551
vt 0.27792 0.614921
vt 0.973661 0.253138
vt 0.976391 0.248174
vt 0.986877 0.253138
vt 0.584648 0.310095
vt 0.579321 0.312791
vt 0.583052 0.307449
vt 0.997036 0.280971
vt 0.99015 0.287814
vt 0.990799 0.280998
vt 0.431686 0.357991
vt 0.433159 0.360704
vt 0.426464 0.354754
vt 0.578505 0.309691
vt 0.573565 0.313367
vt 0.575192 0.32198
vt 0.997742 0.287814
vt 0.581414 0.319272
vt 0.002403 0.126868
vt 0.008279 0.126599
vt 0.00275 0.13468
vt 0.433826 0.368321
vt 0.573565 0.305563
vt 0.009479 0.133462
vt 0.761198 0.549999
vt 0.769363 0.553907
vt 0.761198 0.566007
vt 0.017475 0.726997
vt 0.011903 0.711037
vt 0.020336 0.711037
vt 0.973661 0.512285
vt 0.973794 0.510434
vt 0.980356 0.513247
vt 0.424686 0.354962
vt 0.980557 0.51047
vt 0.94311 0.13879
vt 0.955139 0.136828
vt 0.951969 0.142349
vt 0.986578 0.510434
vt 0.946622 0.133166
vt 0.955772 0.130747
vt 0.92527 0.198272
vt 0.925126 0.388746
vt 0.930353 0.399933
vt 0.94311 0.121177
vt 0.002634 0.147971
vt 0.432798 0.380946
vt 0.367016 0.368649
vt 0.009443 0.147698
vt 0.803153 0.901785
vt 0.808508 0.894352
vt 0.815118 0.906628
vt 0.800222 0.906628
vt 0.960856 0.038976
vt 0.957383 0.037372
vt 0.960856 0.022921
vt 0.010168 0.167353
vt 0.002994 0.166933
vt 0.432937 0.399206
vt 0.37335 0.394842
vt 0.803715 0.89433
vt 0.801231 0.88599
vt 0.801325 0.876772
vt 0.94226 0.325147
vt 0.947299 0.325703
vt 0.94046 0.331565
vt 0.979157 0.128446
vt 0.974256 0.132144
vt 0.973661 0.127279
vt 0.946329 0.331153
vt 0.52264 0.756378
vt 0.53042 0.74837
vt 0.530251 0.754355
vt 0.980842 0.131035
vt 0.530133 0.761392
vt 0.946214 0.338721
vt 0.940167 0.340334
vt 0.942184 0.347399
vt 0.99015 0.492728
vt 0.990437 0.486707
vt 0.996817 0.492728
vt 0.518315 0.746993
vt 0.528802 0.741235
vt 0.224472 0.031345
vt 0.224993 0.018174
vt 0.23047 0.022275
vt 0.947299 0.345812
vt 0.001904 0.19427
vt 0.428214 0.424768
vt 0.616846 0.901745
vt 0.613101 0.906216
vt 0.603641 0.90614
vt 0.59758 0.880058
vt 0.010168 0.196577
vt 0.219127 0.021182
vt 0.505334 0.190227
vt 0.507114 0.180329
vt 0.511779 0.182951
vt 0.511771 0.190269
vt 0.955446 0.802371
vt 0.959161 0.812722
vt 0.955446 0.818507
vt 0.897509 0.238194
vt 0.903238 0.242416
vt 0.902827 0.249438
vt 0.897509 0.2525
vt 0.071636 0.035587
vt 0.071636 0.01768
vt 0.076258 0.021055
vt 0.986562 0.40338
vt 0.975992 0.407843
vt 0.973661 0.40338
vt 0.865654 0.20844
vt 0.875262 0.193479
vt 0.877819 0.2038
vt 0.824852 0.164534
vt 0.818978 0.174029
vt 0.818789 0.163018
vt 0.982013 0.408557
vt 0.527994 0.519618
vt 0.527985 0.508322
vt 0.535745 0.50829
vt 0.535365 0.52041
vt 0.246369 0.075799
vt 0.246369 0.060699
vt 0.264362 0.058559
vt 0.263045 0.072535
vt 0.264305 0.08387
vt 0.248651 0.086426
vt 0.816449 0.404215
vt 0.960818 0.615151
vt 0.948665 0.615151
vt 0.960856 0.594683
vt 0.435326 0.488688
vt 0.417845 0.485076
vt 0.417845 0.466019
vt 0.982643 0.248035
vt 0.825458 0.174308
vt 0.830369 0.161064
vt 0.830369 0.177936
vt 0.540587 0.504125
vt 0.540587 0.523641
vt 0.948077 0.595905
vt 0.96594 0.884598
vt 0.960648 0.872708
vt 0.96594 0.869764
vt 0.750722 0.10397
vt 0.960884 0.880447
vt 0.985411 0.914756
vt 0.982919 0.920411
vt 0.973661 0.914756
vt 0.023284 0.888552
vt 0.008012 0.892744
vt 0.747074 0.321176
vt 0.334623 0.983749
vt 0.331119 0.989368
vt 0.331119 0.978745
vt 0.019555 0.893071
vt 0.985514 0.853372
vt 0.974006 0.8538
vt 0.973661 0.846446
vt 0.985514 0.84656
vt 0.954077 0.408406
vt 0.944946 0.407414
vt 0.954077 0.3876
vt 0.945468 0.388456
vt 0.170554 0.405017
vt 0.166155 0.39997
vt 0.176242 0.390938
vt 0.637777 0.414768
vt 0.658718 0.413781
vt 0.649979 0.421795
vt 0.657195 0.427138
vt 0.644072 0.431569
vt 0.651604 0.434014
vt 0.101509 0.828685
vt 0.121337 0.821527
vt 0.122252 0.836739
vt 0.664295 0.418998
vt 0.937918 0.978745
vt 0.937919 0.987507
vt 0.932917 0.981993
vt 0.100387 0.834601
vt 0.631481 0.424919
vt 0.759195 0.453317
vt 0.756027 0.465044
vt 0.745683 0.463397
vt 0.746043 0.451232
vt 0.133876 0.825469
vt 0.282572 0.373496
vt 0.288928 0.395389
vt 0.282572 0.399933
vt 0.291477 0.377073
vt 0.101678 0.714653
vt 0.101678 0.740554
vt 0.072514 0.723761
vt 0.357617 0.989277
vt 0.353963 0.987577
vt 0.357617 0.978745
vt 0.323178 0.898373
vt 0.349094 0.898373
vt 0.068703 0.716953
vt 0.093238 0.687545
vt 0.620124 0.251984
vt 0.622187 0.244779
vt 0.623924 0.252316
vt 0.627014 0.271124
vt 0.072852 0.734452
vt 0.761481 0.891866
vt 0.774446 0.87323
vt 0.774446 0.903238
vt 0.604164 0.256102
vt 0.608837 0.232693
vt 0.65077 0.459521
vt 0.643209 0.457642
vt 0.644776 0.447372
vt 0.631553 0.446517
vt 0.652006 0.448495
vt 0.262124 0.580849
vt 0.261288 0.571672
vt 0.269446 0.581259
vt 0.630446 0.435311
vt 0.643353 0.439063
vt 0.646228 0.467532
vt 0.6393 0.467731
vt 0.629655 0.456031
vt 0.664295 0.477444
vt 0.640738 0.476363
vt 0.488877 0.767812
vt 0.506856 0.777029
vt 0.49005 0.774626
vt 0.648514 0.473389
vt 0.736904 0.987963
vt 0.737922 0.978745
vt 0.741964 0.987963
vt 0.325369 0.086084
vt 0.925269 0.660906
vt 0.918865 0.639633
vt 0.925269 0.633898
vt 0.073248 0.691021
vt 0.074875 0.68413
vt 0.069015 0.700824
vt 0.709711 0.514064
vt 0.717963 0.49731
vt 0.724352 0.495544
vt 0.739084 0.509391
vt 0.736035 0.516449
vt 0.978331 0.766085
vt 0.983598 0.760518
vt 0.985753 0.767583
vt 0.973661 0.760518
vt 0.923574 0.811728
vt 0.916423 0.803638
vt 0.923483 0.80483
vt 0.455498 0.473556
vt 0.462825 0.446355
vt 0.454435 0.416867
vt 0.269446 0.565526
vt 0.261726 0.563808
vt 0.269009 0.57339
vt 0.06641 0.709169
vt 0.756637 0.475954
vt 0.7461 0.474764
vt 0.739681 0.463433
vt 0.806091 0.499031
vt 0.811728 0.501942
vt 0.808797 0.511624
vt 0.801109 0.510569
vt 0.525387 0.978745
vt 0.530342 0.988708
vt 0.524293 0.988708
vt 0.459868 0.124223
vt 0.470952 0.124632
vt 0.46007 0.181379
vt 0.450664 0.122744
vt 0.622513 0.465628
vt 0.758024 0.497092
vt 0.747121 0.505
vt 0.745793 0.496367
vt 0.747797 0.486351
vt 0.759195 0.487422
vt 0.110151 0.398238
vt 0.097963 0.390195
vt 0.110151 0.378079
vt 0.950451 0.412062
vt 0.957467 0.419077
vt 0.950451 0.430436
vt 0.913353 0.466905
vt 0.920215 0.465465
vt 0.923574 0.472534
vt 0.916174 0.472818
vt 0.921702 0.488074
vt 0.98483 0.940659
vt 0.985303 0.946888
vt 0.973661 0.940659
vt 0.464996 0.988845
vt 0.459095 0.980072
vt 0.464996 0.978745
vt 0.974133 0.946888
vt 0.482662 0.124684
vt 0.458404 0.988494
vt 0.490135 0.128603
vt 0.497592 0.128671
vt 0.501611 0.1817
vt 0.913353 0.483244
vt 0.503687 0.419564
vt 0.513456 0.422603
vt 0.500506 0.473623
vt 0.91849 0.003295
vt 0.916421 0.032198
vt 0.908746 0.031711
vt 0.861231 0.863805
vt 0.853647 0.864262
vt 0.862567 0.837194
vt 0.907948 0.003295
vt 0.91849 0.03974
vt 0.916275 0.066091
vt 0.907863 0.066091
vt 0.907808 0.037438
vt 0.496527 0.437176
vt 0.495251 0.462634
vt 0.488604 0.462634
vt 0.487287 0.436228
vt 0.857483 0.621055
vt 0.849866 0.62193
vt 0.857483 0.595287
vt 0.853791 0.840293
vt 0.848429 0.596048
vt 0.977625 0.830131
vt 0.984302 0.829988
vt 0.985688 0.835354
vt 0.671488 0.939848
vt 0.674624 0.93536
vt 0.684006 0.934356
vt 0.067785 0.972718
vt 0.052458 0.972718
vt 0.057787 0.957103
vt 0.68802 0.954779
vt 0.669954 0.955772
vt 0.066126 0.960029
vt 0.973661 0.835354
vt 0.68802 0.938622
vt 0.294223 0.978745
vt 0.301158 0.979685
vt 0.294223 0.988386
vt 0.852459 0.885686
vt 0.851674 0.898155
vt 0.835344 0.898155
vt 0.835329 0.883079
vt 0.652433 0.965193
vt 0.636685 0.949932
vt 0.652433 0.948015
vt 0.600533 0.25056
vt 0.913406 0.877819
vt 0.908598 0.853981
vt 0.913406 0.849791
vt 0.931024 0.599978
vt 0.94052 0.608337
vt 0.931024 0.623624
vt 0.958241 0.834892
vt 0.958076 0.820099
vt 0.967634 0.820317
vt 0.967634 0.835453
vt 0.421963 0.340621
vt 0.411382 0.32808
vt 0.421963 0.31763
vt 0.855789 0.88373
vt 0.84813 0.86624
vt 0.513473 0.933742
vt 0.510507 0.914546
vt 0.513473 0.912543
vt 0.935436 0.885677
vt 0.935436 0.910017
vt 0.92179 0.900042
vt 0.835613 0.876673
vt 0.495395 0.782133
vt 0.511779 0.792695
vt 0.653804 0.480938
vt 0.646445 0.48297
vt 0.495963 0.78904
vt 0.716283 0.297389
vt 0.716829 0.303594
vt 0.708649 0.298997
vt 0.934046 0.694878
vt 0.937851 0.700862
vt 0.930052 0.700644
vt 0.508942 0.798908
vt 0.492964 0.795161
vt 0.930052 0.718279
vt 0.63615 0.96594
vt 0.938826 0.718524
vt 0.488877 0.801097
vt 0.501224 0.813423
vt 0.715241 0.310249
vt 0.709084 0.309966
vt 0.709718 0.303512
vt 0.71555 0.317453
vt 0.708649 0.318591
vt 0.485815 0.473447
vt 0.491086 0.482813
vt 0.490152 0.489365
vt 0.451714 0.489055
vt 0.038977 0.093632
vt 0.032476 0.102965
vt 0.031866 0.092239
vt 0.483624 0.462415
vt 0.030933 0.081409
vt 0.038684 0.083271
vt 0.978463 0.788359
vt 0.973661 0.78458
vt 0.985871 0.78458
vt 0.301158 0.989326
vt 0.960856 0.203356
vt 0.955243 0.200479
vt 0.960856 0.187084
vt 0.731124 0.865126
vt 0.729765 0.857912
vt 0.740672 0.865574
vt 0.736815 0.869346
vt 0.731566 0.849206
vt 0.747332 0.850608
vt 0.729765 0.833868
vt 0.447383 0.505
vt 0.432159 0.505
vt 0.44457 0.485487
vt 0.462341 0.507709
vt 0.456055 0.508389
vt 0.485098 0.496089
vt 0.370432 0.018786
vt 0.368116 0.012021
vt 0.375906 0.015485
vt 0.3503 0.013028
vt 0.352787 0.005154
vt 0.343354 0.011995
vt 0.345739 0.003778
vt 0.349473 0.019127
vt 0.342527 0.018094
vt 0.346164 0.024258
vt 0.481265 0.502026
vt 0.487835 0.503694
vt 0.491352 0.49951
vt 0.496356 0.492179
vt 0.497506 0.482661
vt 0.038248 0.105067
vt 0.505 0.490002
vt 0.028555 0.985403
vt 0.036155 0.978745
vt 0.036155 0.990261
vt 0.165479 0.474497
vt 0.158015 0.466009
vt 0.174404 0.472328
vt 0.919517 0.903581
vt 0.925147 0.910644
vt 0.914982 0.921375
vt 0.935436 0.970947
vt 0.922172 0.972718
vt 0.922172 0.958214
vt 0.926963 0.915169
vt 0.973661 0.075844
vt 0.987314 0.075844
vt 0.980513 0.082601
vt 0.914381 0.493138
vt 0.926601 0.921645
vt 0.923696 0.929998
vt 0.912984 0.930353
vt 0.907354 0.923289
vt 0.904993 0.919044
vt 0.257584 0.016946
vt 0.25095 0.010848
vt 0.257584 0.002247
vt 0.436918 0.383769
vt 0.442299 0.390257
vt 0.436918 0.398238
vt 0.465352 0.767524
vt 0.459962 0.778544
vt 0.458188 0.769258
vt 0.467718 0.77691
vt 0.904993 0.929309
vt 0.523655 0.419756
vt 0.540837 0.472332
vt 0.52842 0.419756
vt 0.534165 0.422346
vt 0.542282 0.421603
vt 0.458188 0.786309
vt 0.328454 0.015031
vt 0.325215 0.022708
vt 0.284006 0.001318
vt 0.334224 0.012915
vt 0.339867 0.02308
vt 0.331727 0.02268
vt 0.335672 0.029873
vt 0.326747 0.031478
vt 0.281871 0.055233
vt 0.768237 0.651646
vt 0.777836 0.655252
vt 0.768237 0.701577
vt 0.83356 0.958615
vt 0.840537 0.958851
vt 0.833052 0.963758
vt 0.840204 0.963455
vt 0.986786 0.172488
vt 0.976876 0.177105
vt 0.973661 0.172488
vt 0.820161 0.876972
vt 0.807706 0.875635
vt 0.812818 0.863706
vt 0.840537 0.970783
vt 0.83363 0.972718
vt 0.821896 0.86522
vt 0.985849 0.500936
vt 0.411684 0.344939
vt 0.413268 0.343792
vt 0.986351 0.507797
vt 0.919569 0.416837
vt 0.928461 0.416837
vt 0.928658 0.425892
vt 0.916755 0.425305
vt 0.472379 0.002405
vt 0.474497 0.002855
vt 0.470741 0.008968
vt 0.473773 0.009579
vt 0.901399 0.951823
vt 0.913406 0.948198
vt 0.910966 0.954077
vt 0.393867 0.933211
vt 0.400641 0.932276
vt 0.393867 0.947902
vt 0.394432 0.336376
vt 0.404406 0.336171
vt 0.40785 0.339616
vt 0.392352 0.350296
vt 0.474497 0.016946
vt 0.904166 0.945797
vt 0.911439 0.94066
vt 0.982354 0.181638
vt 0.400661 0.940095
vt 0.40922 0.937144
vt 0.400345 0.947207
vt 0.901399 0.932439
vt 0.928608 0.439237
vt 0.411795 0.954077
vt 0.811588 0.890558
vt 0.503034 0.954441
vt 0.506695 0.969329
vt 0.502714 0.967477
vt 0.497863 0.969329
vt 0.397599 0.334082
vt 0.180394 0.730236
vt 0.184715 0.730521
vt 0.183728 0.737165
vt 0.180335 0.736909
vt 0.026287 0.926214
vt 0.04406 0.922825
vt 0.040638 0.928658
vt 0.167842 0.552569
vt 0.176173 0.551838
vt 0.167911 0.559441
vt 0.485263 0.978745
vt 0.493057 0.979885
vt 0.493057 0.988669
vt 0.391713 0.334018
vt 0.392185 0.340696
vt 0.367016 0.337868
vt 0.485789 0.987739
vt 0.373461 0.329419
vt 0.386101 0.328903
vt 0.184715 0.747332
vt 0.029943 0.919463
vt 0.041927 0.91216
vt 0.176242 0.558709
vt 0.440604 0.276225
vt 0.429328 0.264614
vt 0.433502 0.260045
vt 0.440604 0.255991
vt 0.167842 0.569396
vt 0.159295 0.584268
vt 0.15204 0.59651
vt 0.15204 0.57901
vt 0.175189 0.567694
vt 0.821896 0.89646
vt 0.026287 0.901654
vt 0.817979 0.89556
vt 0.99015 0.539996
vt 0.996763 0.539996
vt 0.994689 0.543571
vt 0.841602 0.456636
vt 0.845969 0.452732
vt 0.850705 0.455704
vt 0.848378 0.459507
vt 0.814412 0.893979
vt 0.409948 0.167768
vt 0.409948 0.153228
vt 0.418564 0.154106
vt 0.418574 0.166791
vt 0.882903 0.403737
vt 0.866279 0.40385
vt 0.86465 0.383821
vt 0.880312 0.384246
vt 0.677953 0.120319
vt 0.687394 0.10325
vt 0.693104 0.120319
vt 0.86855 0.41813
vt 0.86465 0.417222
vt 0.874385 0.418574
vt 0.847904 0.466608
vt 0.846647 0.470209
vt 0.841768 0.469088
vt 0.848091 0.463208
vt 0.846217 0.475761
vt 0.188104 0.949996
vt 0.185029 0.967634
vt 0.180205 0.951458
vt 0.842361 0.484691
vt 0.842165 0.476589
vt 0.847484 0.483662
vt 0.81568 0.194449
vt 0.820482 0.182321
vt 0.828675 0.184285
vt 0.825104 0.19541
vt 0.637181 0.288087
vt 0.626233 0.281685
vt 0.637181 0.271483
vt 0.828675 0.225386
vt 0.002108 0.27893
vt 0.018482 0.307196
vt 0.003425 0.311812
vt 0.819497 0.225251
vt 0.173566 0.949996
vt 0.015368 0.285983
vt 0.452661 0.91691
vt 0.430154 0.905387
vt 0.45103 0.904708
vt 0.505 0.857086
vt 0.504227 0.877159
vt 0.474015 0.872576
vt 0.093518 0.802776
vt 0.07171 0.810708
vt 0.07171 0.799021
vt 0.087874 0.792747
vt 0.489985 0.848383
vt 0.077622 0.831425
vt 0.09151 0.841585
vt 0.089441 0.853362
vt 0.48874 0.882903
vt 0.069905 0.838597
vt 0.701577 0.521389
vt 0.695907 0.52973
vt 0.688375 0.509307
vt 0.429431 0.91725
vt 0.454161 0.932047
vt 0.428576 0.932047
vt 0.085759 0.867651
vt 0.45834 0.235984
vt 0.455443 0.232685
vt 0.467718 0.220172
vt 0.467718 0.240638
vt 0.925087 0.443993
vt 0.608199 0.606638
vt 0.601107 0.606207
vt 0.608373 0.601656
vt 0.602307 0.611762
vt 0.960045 0.627762
vt 0.962551 0.625654
vt 0.959605 0.632166
vt 0.961301 0.635487
vt 0.608373 0.61045
vt 0.602305 0.600501
vt 0.514184 0.770509
vt 0.52235 0.767665
vt 0.520723 0.773142
vt 0.522651 0.779411
vt 0.982969 0.127025
vt 0.984451 0.133265
vt 0.525765 0.763338
vt 0.987102 0.127025
vt 0.515741 0.762473
vt 0.959605 0.619828
vt 0.60402 0.594969
vt 0.23047 0.039038
vt 0.22357 0.046233
vt 0.210487 0.036889
vt 0.995972 0.681849
vt 0.995346 0.687165
vt 0.990389 0.687165
vt 0.99015 0.683913
vt 0.53042 0.782279
vt 0.525741 0.785091
vt 0.879808 0.978745
vt 0.883897 0.983288
vt 0.879808 0.987699
vt 0.997016 0.500069
vt 0.994879 0.50165
vt 0.99015 0.500069
vt 0.526124 0.78852
vt 0.523801 0.789698
vt 0.51445 0.780975
vt 0.601214 0.809742
vt 0.592268 0.805052
vt 0.604983 0.80552
vt 0.840129 0.463014
vt 0.210704 0.051913
vt 0.221447 0.053619
vt 0.221168 0.062701
vt 0.591309 0.820015
vt 0.577471 0.806137
vt 0.600934 0.816647
vt 0.245179 0.808559
vt 0.263229 0.807231
vt 0.267752 0.82372
vt 0.245179 0.838842
vt 0.579738 0.821229
vt 0.507065 0.647737
vt 0.520842 0.655884
vt 0.501947 0.676663
vt 0.211652 0.02664
vt 0.506511 0.197836
vt 0.59758 0.910017
vt 0.511779 0.199967
vt 0.656863 0.108456
vt 0.653873 0.103237
vt 0.681242 0.101957
vt 0.692389 0.939695
vt 0.711745 0.939695
vt 0.694676 0.960856
vt 0.680606 0.108456
vt 0.264057 0.796825
vt 0.653954 0.081558
vt 0.680081 0.080916
vt 0.482978 0.65534
vt 0.485977 0.691281
vt 0.679176 0.045021
vt 0.196577 0.258281
vt 0.196577 0.270531
vt 0.187861 0.263672
vt 0.759195 0.887987
vt 0.748885 0.885035
vt 0.757779 0.875085
vt 0.882903 0.53042
vt 0.874469 0.5297
vt 0.882903 0.496564
vt 0.820813 0.66599
vt 0.820566 0.633326
vt 0.828559 0.637322
vt 0.828675 0.665622
vt 0.986587 0.497687
vt 0.973661 0.497687
vt 0.978002 0.494707
vt 0.973661 0.912119
vt 0.973661 0.904914
vt 0.985346 0.911953
vt 0.186833 0.272836
vt 0.18741 0.268483
vt 0.604983 0.831018
vt 0.60443 0.838708
vt 0.594079 0.836412
vt 0.604005 0.823311
vt 0.850705 0.489588
vt 0.84454 0.491443
vt 0.012572 0.27847
vt 0.020571 0.283254
vt 0.63838 0.381039
vt 0.641582 0.386123
vt 0.63572 0.391086
vt 0.596649 0.845621
vt 0.64396 0.392416
vt 0.998682 0.012329
vt 0.99015 0.012329
vt 0.9932 0.00858
vt 0.809165 0.987719
vt 0.809165 0.978745
vt 0.815347 0.986014
vt 0.021009 0.246381
vt 0.025419 0.260263
vt 0.016808 0.263439
vt 0.965778 0.330188
vt 0.959487 0.3304
vt 0.959687 0.321449
vt 0.012426 0.270678
vt 0.002479 0.251619
vt 0.96594 0.322691
vt 0.994508 0.801994
vt 0.994508 0.806216
vt 0.99015 0.802964
vt 0.814223 0.980817
vt 0.58594 0.410835
vt 0.588858 0.395532
vt 0.593121 0.396503
vt 0.592248 0.411211
vt 0.584714 0.835704
vt 0.535504 0.656967
vt 0.969329 0.088817
vt 0.96285 0.098289
vt 0.96285 0.083531
vt 0.955445 0.911018
vt 0.960856 0.902972
vt 0.960856 0.91849
vt 0.637239 0.40363
vt 0.629034 0.39726
vt 0.641829 0.39804
vt 0.612859 0.978745
vt 0.619441 0.987495
vt 0.612859 0.988425
vt 0.340621 0.938476
vt 0.332643 0.942215
vt 0.332643 0.918686
vt 0.534453 0.678558
vt 0.632271 0.404786
vt 0.628418 0.406415
vt 0.624309 0.401321
vt 0.610919 0.416573
vt 0.628934 0.421391
vt 0.603673 0.387304
vt 0.211829 0.100683
vt 0.202211 0.126369
vt 0.201767 0.100548
vt 0.893222 0.857483
vt 0.893618 0.826673
vt 0.903239 0.826569
vt 0.373155 0.424683
vt 0.903239 0.855906
vt 0.492232 0.682148
vt 0.502217 0.708356
vt 0.480674 0.686177
vt 0.483992 0.681415
vt 0.491116 0.670237
vt 0.072396 0.825404
vt 0.686963 0.093829
vt 0.716068 0.100849
vt 0.700178 0.120319
vt 0.65213 0.390208
vt 0.656859 0.383535
vt 0.681242 0.401704
vt 0.673432 0.405034
vt 0.535504 0.707497
vt 0.679862 0.435895
vt 0.670503 0.707565
vt 0.673985 0.712657
vt 0.66931 0.714951
vt 0.666808 0.709177
vt 0.662997 0.715134
vt 0.484876 0.674352
vt 0.676158 0.708738
vt 0.66724 0.704786
vt 0.675397 0.703436
vt 0.663326 0.708233
vt 0.740349 0.879372
vt 0.735188 0.883489
vt 0.73432 0.877301
vt 0.721104 0.095116
vt 0.715485 0.089756
vt 0.73746 0.873903
vt 0.721681 0.089811
vt 0.740944 0.87067
vt 0.663326 0.704085
vt 0.742994 0.876581
vt 0.714586 0.078707
vt 0.721825 0.084746
vt 0.669632 0.699032
vt 0.748832 0.877713
vt 0.745768 0.872326
vt 0.662997 0.69854
vt 0.750987 0.864671
vt 0.721913 0.073743
vt 0.717656 0.061531
vt 0.873646 0.496629
vt 0.889681 0.286393
vt 0.882052 0.285542
vt 0.889681 0.253555
vt 0.002393 0.704812
vt 0.002393 0.663536
vt 0.018641 0.704967
vt 0.804765 0.240426
vt 0.818507 0.240426
vt 0.818097 0.284698
vt 0.805201 0.809959
vt 0.79477 0.810034
vt 0.808339 0.765003
vt 0.686963 0.065361
vt 0.596954 0.404152
vt 0.604983 0.405544
vt 0.596954 0.430436
vt 0.604869 0.42662
vt 0.471943 0.091844
vt 0.47994 0.088573
vt 0.486359 0.110375
vt 0.096314 0.835453
vt 0.099983 0.81429
vt 0.765057 0.762912
vt 0.774446 0.782775
vt 0.761644 0.779623
vt 0.471943 0.120319
vt 0.602315 0.002941
vt 0.603289 0.01223
vt 0.573012 0.00758
vt 0.884937 0.913406
vt 0.910856 0.884246
vt 0.913406 0.913406
vt 0.926938 0.20232
vt 0.935436 0.200277
vt 0.935436 0.223646
vt 0.579799 0.016928
vt 0.925903 0.225386
vt 0.273822 0.570971
vt 0.282079 0.544565
vt 0.304922 0.559292
vt 0.306728 0.589422
vt 0.671787 0.430653
vt 0.655479 0.447383
vt 0.312631 0.911956
vt 0.325369 0.937131
vt 0.302572 0.937131
vt 0.063838 0.867651
vt 0.65213 0.439894
vt 0.061123 0.846645
vt 0.689709 0.539173
vt 0.672365 0.518719
vt 0.681338 0.513525
vt 0.688811 0.558171
vt 0.679536 0.545001
vt 0.211829 0.127097
vt 0.96594 0.335655
vt 0.960934 0.337232
vt 0.002108 0.218682
vt 0.586256 0.440604
vt 0.01897 0.215696
vt 0.593121 0.440366
vt 0.603673 0.448705
vt 0.622669 0.452467
vt 0.270878 0.59418
vt 0.306728 0.620235
vt 0.611157 0.720694
vt 0.585537 0.692926
vt 0.608523 0.696784
vt 0.584953 0.067479
vt 0.603289 0.074027
vt 0.600211 0.081342
vt 0.586608 0.718256
vt 0.578214 0.073683
vt 0.305034 0.21016
vt 0.305034 0.23047
vt 0.298452 0.227929
vt 0.672365 0.569396
vt 0.611762 0.749027
vt 0.723636 0.225386
vt 0.696926 0.192113
vt 0.730386 0.198727
vt 0.570024 0.052419
vt 0.560673 0.056017
vt 0.170085 0.578287
vt 0.171423 0.571598
vt 0.192175 0.569753
vt 0.190838 0.576441
vt 0.847329 0.514953
vt 0.859178 0.532114
vt 0.851695 0.531633
vt 0.556732 0.030675
vt 0.567554 0.03463
vt 0.585537 0.742466
vt 0.189688 0.588438
vt 0.235707 0.767195
vt 0.242291 0.749715
vt 0.267752 0.749715
vt 0.264759 0.764758
vt 0.163452 0.592088
vt 0.774446 0.090701
vt 0.761616 0.115235
vt 0.752921 0.106898
vt 0.857887 0.515156
vt 0.758436 0.090262
vt 0.118019 0.925269
vt 0.11973 0.90269
vt 0.130487 0.907354
vt 0.127167 0.924971
vt 0.474015 0.855393
vt 0.107326 0.925128
vt 0.107326 0.896603
vt 0.21015 0.955772
vt 0.209543 0.935441
vt 0.218607 0.937067
vt 0.218418 0.955159
vt 0.199831 0.955772
vt 0.198765 0.934252
vt 0.090303 0.630853
vt 0.099938 0.60714
vt 0.099983 0.627969
vt 0.106922 0.647349
vt 0.122013 0.635359
vt 0.106931 0.577527
vt 0.122013 0.592035
vt 0.090826 0.603934
vt 0.65891 0.820202
vt 0.689197 0.788015
vt 0.689715 0.820202
vt 0.64396 0.794716
vt 0.610204 0.798119
vt 0.610714 0.771689
vt 0.64661 0.124701
vt 0.670119 0.129096
vt 0.666887 0.160759
vt 0.761644 0.808339
vt 0.226032 0.647085
vt 0.244966 0.639164
vt 0.246848 0.671133
vt 0.231013 0.674245
vt 0.662258 0.795416
vt 0.666666 0.791304
vt 0.666354 0.787248
vt 0.266676 0.65503
vt 0.664394 0.777008
vt 0.991282 0.679212
vt 0.99015 0.675332
vt 0.995219 0.678406
vt 0.346874 0.583632
vt 0.347399 0.587716
vt 0.343522 0.588037
vt 0.377856 0.671024
vt 0.381139 0.673521
vt 0.375287 0.678097
vt 0.341696 0.5831
vt 0.373048 0.673171
vt 0.996086 0.675332
vt 0.995812 0.155937
vt 0.998349 0.157923
vt 0.99015 0.157923
vt 0.380586 0.679771
vt 0.950688 0.27835
vt 0.948843 0.282447
vt 0.942445 0.280036
vt 0.657025 0.79655
vt 0.941155 0.286933
vt 0.94731 0.287018
vt 0.652151 0.798535
vt 0.241269 0.701577
vt 0.226032 0.694602
vt 0.267762 0.665422
vt 0.270713 0.671118
vt 0.276436 0.677465
vt 0.274943 0.681179
vt 0.278278 0.684866
vt 0.04335 0.612647
vt 0.077932 0.621734
vt 0.044098 0.644198
vt 0.346691 0.572656
vt 0.270199 0.64389
vt 0.275675 0.642766
vt 0.271515 0.653979
vt 0.341513 0.572125
vt 0.277256 0.653766
vt 0.373821 0.719197
vt 0.364757 0.682282
vt 0.380986 0.690019
vt 0.385993 0.713368
vt 0.347399 0.561752
vt 0.27237 0.664674
vt 0.278341 0.664158
vt 0.355467 0.686145
vt 0.275287 0.669156
vt 0.279766 0.672352
vt 0.99015 0.512853
vt 0.996771 0.517342
vt 0.99144 0.517342
vt 0.361738 0.724383
vt 0.987513 0.097829
vt 0.981873 0.098673
vt 0.973661 0.097829
vt 0.810033 0.571179
vt 0.8166 0.579047
vt 0.806139 0.588037
vt 0.352621 0.703572
vt 0.995234 0.513152
vt 0.274927 0.673404
vt 0.385047 0.686231
vt 0.947705 0.292202
vt 0.391093 0.689547
vt 0.941982 0.293754
vt 0.648616 0.80242
vt 0.950688 0.2954
vt 0.946734 0.29995
vt 0.399529 0.687076
vt 0.400304 0.692361
vt 0.990748 0.659308
vt 0.99015 0.65473
vt 0.996099 0.653758
vt 0.967672 0.978745
vt 0.973324 0.980516
vt 0.967672 0.985454
vt 0.653408 0.814303
vt 0.652957 0.819633
vt 0.649906 0.807525
vt 0.996047 0.659308
vt 0.405607 0.682465
vt 0.410101 0.680997
vt 0.409174 0.686426
vt 0.973324 0.987225
vt 0.614773 0.805834
vt 0.611112 0.803786
vt 0.990586 0.74895
vt 0.99015 0.746056
vt 0.995459 0.745819
vt 0.995459 0.749969
vt 0.491824 0.712277
vt 0.494764 0.713066
vt 0.494659 0.717034
vt 0.490674 0.717558
vt 0.99015 0.117598
vt 0.994102 0.115778
vt 0.998496 0.117598
vt 0.577926 0.035321
vt 0.572295 0.034058
vt 0.579564 0.030018
vt 0.61824 0.814555
vt 0.615889 0.810763
vt 0.622854 0.816812
vt 0.626947 0.816301
vt 0.630728 0.812284
vt 0.498579 0.721702
vt 0.409002 0.705315
vt 0.4958 0.735456
vt 0.571183 0.04105
vt 0.506405 0.7234
vt 0.513029 0.732362
vt 0.501248 0.745269
vt 0.410101 0.715955
vt 0.390778 0.725183
vt 0.577473 0.040278
vt 0.575336 0.04745
vt 0.579564 0.044807
vt 0.040671 0.025765
vt 0.039725 0.029655
vt 0.036512 0.022857
vt 0.033373 0.030497
vt 0.040671 0.035024
vt 0.514448 0.72098
vt 0.506486 0.752174
vt 0.514947 0.744727
vt 0.526188 0.723527
vt 0.524291 0.738101
vt 0.499127 0.765973
vt 0.490674 0.760562
vt 0.481275 0.603964
vt 0.470233 0.603555
vt 0.470558 0.590713
vt 0.378174 0.728691
vt 0.470233 0.616846
vt 0.986322 0.400743
vt 0.973661 0.39261
vt 0.986322 0.390719
vt 0.974823 0.397791
vt 0.973661 0.104283
vt 0.978082 0.10131
vt 0.987333 0.104283
vt 0.823192 0.011716
vt 0.832064 0.001649
vt 0.832064 0.018641
vt 0.811728 0.203482
vt 0.802504 0.201819
vt 0.805742 0.191657
vt 0.952383 0.754709
vt 0.946952 0.765973
vt 0.946952 0.74718
vt 0.136305 0.584009
vt 0.143039 0.580409
vt 0.141746 0.598375
vt 0.710153 0.556624
vt 0.71045 0.537519
vt 0.717599 0.539619
vt 0.716852 0.550688
vt 0.699224 0.535953
vt 0.843926 0.537198
vt 0.832378 0.536955
vt 0.832058 0.497674
vt 0.152457 0.615124
vt 0.843926 0.496677
vt 0.70974 0.576545
vt 0.698168 0.57743
vt 0.396817 0.097439
vt 0.387938 0.056623
vt 0.404719 0.091806
vt 0.423658 0.11693
vt 0.579837 0.592119
vt 0.572692 0.590491
vt 0.584648 0.558954
vt 0.144996 0.61522
vt 0.698188 0.159564
vt 0.698188 0.125405
vt 0.670478 0.181992
vt 0.636131 0.810029
vt 0.64396 0.810959
vt 0.664123 0.177455
vt 0.238186 0.798171
vt 0.198805 0.618365
vt 0.265682 0.793866
vt 0.170084 0.623109
vt 0.216691 0.583741
vt 0.694799 0.677867
vt 0.680357 0.701577
vt 0.663418 0.690491
vt 0.667964 0.670758
vt 0.673224 0.188104
vt 0.669486 0.648906
vt 0.761345 0.348042
vt 0.750269 0.378452
vt 0.750111 0.348163
vt 0.739928 0.3497
vt 0.563182 0.937131
vt 0.583938 0.925598
vt 0.584778 0.93613
vt 0.397372 0.494832
vt 0.396766 0.471284
vt 0.406998 0.4886
vt 0.204102 0.638485
vt 0.232165 0.613953
vt 0.229207 0.640571
vt 0.180628 0.640571
vt 0.761345 0.377385
vt 0.754943 0.401628
vt 0.771057 0.360497
vt 0.767436 0.40066
vt 0.584734 0.686326
vt 0.584902 0.665234
vt 0.59651 0.686326
vt 0.739928 0.379043
vt 0.033989 0.036622
vt 0.040581 0.041039
vt 0.037501 0.04745
vt 0.034559 0.041125
vt 0.660937 0.182238
vt 0.656386 0.178925
vt 0.518538 0.716489
vt 0.521583 0.71331
vt 0.527443 0.714278
vt 0.443853 0.988844
vt 0.436331 0.983982
vt 0.443853 0.978745
vt 0.664932 0.186619
vt 0.309783 0.978745
vt 0.311348 0.984529
vt 0.309783 0.989549
vt 0.99015 0.307583
vt 0.997635 0.306677
vt 0.997635 0.312939
vt 0.897412 0.978745
vt 0.90291 0.986604
vt 0.897412 0.987623
vt 0.53042 0.732967
vt 0.669645 0.640924
vt 0.674678 0.640517
vt 0.676039 0.648067
vt 0.663418 0.640369
vt 0.663578 0.646738
vt 0.94391 0.316518
vt 0.940713 0.321423
vt 0.923692 0.312355
vt 0.717999 0.569943
vt 0.721913 0.574194
vt 0.721913 0.594816
vt 0.923692 0.337232
vt 0.716312 0.562108
vt 0.900149 0.889681
vt 0.900149 0.860372
vt 0.908322 0.869805
vt 0.397257 0.057372
vt 0.40232 0.069226
vt 0.398253 0.044252
vt 0.050839 0.885672
vt 0.050839 0.915101
vt 0.037177 0.891057
vt 0.393957 0.041922
vt 0.072504 0.760701
vt 0.079648 0.784095
vt 0.06757 0.786309
vt 0.054022 0.785612
vt 0.869955 0.959161
vt 0.869955 0.938261
vt 0.889681 0.949552
vt 0.834159 0.872735
vt 0.834159 0.848957
vt 0.850705 0.856727
vt 0.937935 0.168638
vt 0.94391 0.189721
vt 0.937935 0.191493
vt 0.157601 0.940434
vt 0.141471 0.947299
vt 0.141471 0.923684
vt 0.828675 0.545671
vt 0.813483 0.526791
vt 0.828675 0.504335
vt 0.942215 0.275344
vt 0.935728 0.27792
vt 0.935728 0.255154
vt 0.664211 0.002042
vt 0.681242 0.012002
vt 0.664211 0.04406
vt 0.563182 0.919297
vt 0.586342 0.911726
vt 0.411795 0.459368
vt 0.378957 0.445894
vt 0.022864 0.894649
vt 0.380428 0.484034
vt 0.409872 0.032688
vt 0.401103 0.0277
vt 0.777813 0.550755
vt 0.761997 0.547212
vt 0.762349 0.52589
vt 0.054022 0.760399
vt 0.781225 0.526699
vt 0.413538 0.015932
vt 0.36744 0.458379
vt 0.409242 0.013601
vt 0.765729 0.052534
vt 0.780149 0.025902
vt 0.781225 0.047253
vt 0.973661 0.010774
vt 0.987237 0.010774
vt 0.978582 0.021471
vt 0.853647 0.827064
vt 0.659212 0.355766
vt 0.6497 0.360956
vt 0.6497 0.347275
vt 0.98273 0.423399
vt 0.986352 0.432426
vt 0.973661 0.432426
vt 0.849549 0.58449
vt 0.392148 0.905699
vt 0.383113 0.904755
vt 0.399933 0.882211
vt 0.377798 0.899975
vt 0.399933 0.911712
vt 0.518255 0.498116
vt 0.481211 0.2059
vt 0.372077 0.898492
vt 0.842897 0.572529
vt 0.84131 0.561901
vt 0.847609 0.562642
vt 0.850397 0.55539
vt 0.849008 0.571631
vt 0.464329 0.858464
vt 0.459689 0.868057
vt 0.453454 0.865768
vt 0.455453 0.853847
vt 0.842579 0.553528
vt 0.957467 0.845807
vt 0.947487 0.835883
vt 0.954984 0.835506
vt 0.850705 0.580388
vt 0.997556 0.320642
vt 0.99015 0.322892
vt 0.99015 0.315576
vt 0.84364 0.581259
vt 0.451701 0.873782
vt 0.44324 0.87443
vt 0.444264 0.865432
vt 0.446264 0.853511
vt 0.526093 0.499912
vt 0.516122 0.504485
vt 0.542282 0.490506
vt 0.524815 0.506695
vt 0.655459 0.688098
vt 0.655585 0.698263
vt 0.634855 0.691507
vt 0.653525 0.66378
vt 0.660906 0.677796
vt 0.660906 0.721233
vt 0.257249 0.030457
vt 0.264176 0.005431
vt 0.2582 0.052496
vt 0.626118 0.721913
vt 0.708356 0.387905
vt 0.674531 0.389954
vt 0.676926 0.354426
vt 0.703642 0.357686
vt 0.796477 0.505
vt 0.761938 0.482811
vt 0.762465 0.459033
vt 0.503134 0.640571
vt 0.479521 0.637164
vt 0.502082 0.606928
vt 0.796477 0.456742
vt 0.588754 0.554398
vt 0.600145 0.549111
vt 0.60109 0.591329
vt 0.833759 0.232294
vt 0.833443 0.265281
vt 0.823058 0.271141
vt 0.57448 0.818507
vt 0.53915 0.798211
vt 0.57448 0.775469
vt 0.476224 0.55775
vt 0.474958 0.515682
vt 0.515121 0.566007
vt 0.588754 0.593871
vt 0.823058 0.229595
vt 0.620235 0.5826
vt 0.486004 0.606199
vt 0.204356 0.652303
vt 0.200249 0.660454
vt 0.196914 0.656907
vt 0.207334 0.662278
vt 0.02641 0.801324
vt 0.01882 0.807254
vt 0.028809 0.796651
vt 0.211613 0.655473
vt 0.20752 0.648177
vt 0.873705 0.693723
vt 0.881208 0.679762
vt 0.881208 0.71344
vt 0.504945 0.500586
vt 0.511908 0.513933
vt 0.954077 0.194883
vt 0.945865 0.193534
vt 0.954077 0.173998
vt 0.154497 0.77627
vt 0.149196 0.770285
vt 0.166074 0.758534
vt 0.649044 0.812521
vt 0.649044 0.850705
vt 0.615587 0.837717
vt 0.158626 0.803841
vt 0.166074 0.80495
vt 0.513378 0.519618
vt 0.191608 0.668297
vt 0.205709 0.669717
vt 0.196998 0.669002
vt 0.254195 0.839567
vt 0.2488 0.846603
vt 0.242624 0.844822
vt 0.013484 0.818507
vt 0.002548 0.81582
vt 0.021594 0.786938
vt 0.024885 0.795333
vt 0.012176 0.798268
vt 0.509637 0.506002
vt 0.207166 0.676056
vt 0.211615 0.683252
vt 0.198881 0.677471
vt 0.249876 0.855022
vt 0.239854 0.855268
vt 0.203843 0.695031
vt 0.203246 0.685228
vt 0.211957 0.69227
vt 0.254195 0.863492
vt 0.252625 0.872115
vt 0.246998 0.87443
vt 0.246803 0.864814
vt 0.216913 0.698568
vt 0.208799 0.701329
vt 0.200162 0.698983
vt 0.001319 0.335946
vt 0.011295 0.331337
vt 0.005635 0.347061
vt 0.014772 0.319856
vt 0.022237 0.327448
vt 0.039568 0.312707
vt 0.023519 0.313475
vt 0.04459 0.34214
vt 0.291098 0.486032
vt 0.32198 0.498042
vt 0.291707 0.511779
vt 0.881208 0.535328
vt 0.881208 0.569396
vt 0.858396 0.540055
vt 0.234773 0.492763
vt 0.233674 0.511779
vt 0.710772 0.340353
vt 0.733775 0.344725
vt 0.716069 0.398172
vt 0.844299 0.193188
vt 0.844299 0.154725
vt 0.859178 0.154876
vt 0.61854 0.462894
vt 0.605145 0.469413
vt 0.605145 0.452983
vt 0.855231 0.193046
vt 0.843926 0.303247
vt 0.830541 0.34401
vt 0.830541 0.30368
vt 0.913406 0.960238
vt 0.901615 0.971024
vt 0.901615 0.956405
vt 0.565056 0.142201
vt 0.579564 0.166415
vt 0.55129 0.168497
vt 0.258302 0.330543
vt 0.279614 0.338172
vt 0.258302 0.367735
vt 0.877819 0.879514
vt 0.857913 0.879514
vt 0.873975 0.84459
vt 0.06429 0.089498
vt 0.042609 0.053161
vt 0.066091 0.056185
vt 0.056949 0.018806
vt 0.134372 0.57543
vt 0.150294 0.544446
vt 0.166074 0.574114
vt 0.142006 0.655276
vt 0.157601 0.690389
vt 0.142185 0.704062
vt 0.106943 0.660746
vt 0.427683 0.8083
vt 0.45755 0.793361
vt 0.45755 0.835453
vt 0.708356 0.41349
vt 0.628291 0.196247
vt 0.638506 0.218263
vt 0.625713 0.228966
vt 0.638813 0.239518
vt 0.042609 0.086036
vt 0.640571 0.266057
vt 0.631133 0.264615
vt 0.580301 0.526726
vt 0.566299 0.527776
vt 0.575229 0.498497
vt 0.567214 0.549083
vt 0.428602 0.330451
vt 0.442974 0.315397
vt 0.45132 0.335537
vt 0.254195 0.379597
vt 0.236602 0.345616
vt 0.254195 0.331924
vt 0.747332 0.166074
vt 0.732527 0.140122
vt 0.747332 0.111078
vt 0.59651 0.545292
vt 0.579808 0.557148
vt 0.573562 0.549816
vt 0.559782 0.506702
vt 0.640571 0.196507
vt 0.451484 0.313152
vt 0.464412 0.324708
vt 0.444045 0.28073
vt 0.426238 0.275506
vt 0.451118 0.28326
vt 0.945604 0.775549
vt 0.929319 0.793087
vt 0.929319 0.769433
vt 0.118624 0.407348
vt 0.106429 0.430436
vt 0.087227 0.405665
vt 0.092162 0.390182
vt 0.594058 0.623624
vt 0.618826 0.846487
vt 0.776141 0.746814
vt 0.764363 0.750572
vt 0.764456 0.727725
vt 0.755806 0.923303
vt 0.755806 0.947299
vt 0.733357 0.944547
vt 0.054204 0.108456
vt 0.608685 0.845023
vt 0.627014 0.858713
vt 0.608685 0.879514
vt 0.732041 0.932085
vt 0.518557 0.889681
vt 0.509312 0.889681
vt 0.509474 0.856908
vt 0.776141 0.777836
vt 0.083695 0.414178
vt 0.129914 0.558153
vt 0.126921 0.548381
vt 0.126528 0.565671
vt 0.11693 0.459369
vt 0.116445 0.468457
vt 0.103819 0.472238
vt 0.960093 0.002851
vt 0.969139 0.006871
vt 0.960093 0.018641
vt 0.969329 0.016546
vt 0.11693 0.478667
vt 0.104708 0.479581
vt 0.541498 0.564346
vt 0.554144 0.563833
vt 0.540723 0.572064
vt 0.855466 0.363567
vt 0.872735 0.372523
vt 0.870449 0.379597
vt 0.073917 0.27121
vt 0.065713 0.290077
vt 0.066757 0.269106
vt 0.126023 0.56866
vt 0.552678 0.572161
vt 0.551832 0.574895
vt 0.12665 0.572888
vt 0.967634 0.26062
vt 0.966253 0.264738
vt 0.956919 0.260425
vt 0.540723 0.577869
vt 0.572019 0.579564
vt 0.559782 0.576781
vt 0.126891 0.455588
vt 0.134579 0.477886
vt 0.122052 0.475592
vt 0.163849 0.744574
vt 0.158952 0.723648
vt 0.171964 0.739085
vt 0.184715 0.752136
vt 0.176093 0.759195
vt 0.924375 0.032136
vt 0.933742 0.031736
vt 0.933742 0.057617
vt 0.923454 0.053643
vt 0.13628 0.457541
vt 0.150822 0.459121
vt 0.138058 0.436271
vt 0.145205 0.715134
vt 0.106943 0.702942
vt 0.695905 0.77585
vt 0.708356 0.78164
vt 0.695905 0.820202
vt 0.823591 0.819936
vt 0.810175 0.825285
vt 0.810175 0.781759
vt 0.520252 0.6438
vt 0.511171 0.64396
vt 0.520252 0.618455
vt 0.509111 0.62336
vt 0.821545 0.784408
vt 0.167649 0.70503
vt 0.175848 0.707611
vt 0.169158 0.722146
vt 0.461111 0.333907
vt 0.184715 0.707907
vt 0.471107 0.330903
vt 0.848509 0.836706
vt 0.077399 0.743324
vt 0.471036 0.324663
vt 0.059804 0.737519
vt 0.781225 0.501925
vt 0.761413 0.500406
vt 0.762741 0.004994
vt 0.781225 0.001447
vt 0.760867 0.027841
vt 0.7045 0.279382
vt 0.71344 0.284385
vt 0.695739 0.298706
vt 0.125377 0.435827
vt 0.704232 0.301357
vt 0.129098 0.577348
vt 0.130515 0.583633
vt 0.129877 0.620235
vt 0.967561 0.269838
vt 0.9568 0.265596
vt 0.967634 0.276225
vt 0.959187 0.271386
vt 0.99015 0.350023
vt 0.997561 0.350023
vt 0.995664 0.355751
vt 0.959951 0.275714
vt 0.998658 0.025774
vt 0.993997 0.029493
vt 0.99015 0.025774
vt 0.965035 0.982541
vt 0.962983 0.987421
vt 0.962983 0.978745
vt 0.127293 0.588981
vt 0.99015 0.129397
vt 0.99527 0.125511
vt 0.998336 0.129397
vt 0.886292 0.826986
vt 0.882221 0.824484
vt 0.884029 0.817839
vt 0.973661 0.705907
vt 0.9803 0.704632
vt 0.986169 0.705907
vt 0.950148 0.063559
vt 0.950688 0.076258
vt 0.943675 0.059482
vt 0.950688 0.054846
vt 0.126023 0.594693
vt 0.881641 0.830324
vt 0.886292 0.850705
vt 0.157601 0.827354
vt 0.145126 0.804068
vt 0.152211 0.805509
vt 0.151797 0.789604
vt 0.145126 0.832064
vt 0.913406 0.43199
vt 0.913406 0.46094
vt 0.909178 0.433621
vt 0.129192 0.495238
vt 0.137265 0.485429
vt 0.137265 0.505
vt 0.265465 0.604983
vt 0.265465 0.591001
vt 0.269446 0.602872
vt 0.903739 0.45764
vt 0.612451 0.058148
vt 0.605925 0.034116
vt 0.615122 0.030388
vt 0.628383 0.036378
vt 0.623712 0.058253
vt 0.617416 0.056174
vt 0.798171 0.586342
vt 0.772697 0.58148
vt 0.795252 0.561795
vt 0.742231 0.025346
vt 0.716327 0.007282
vt 0.743943 0.002876
vt 0.777672 0.987966
vt 0.777672 0.978745
vt 0.780924 0.978853
vt 0.208457 0.704967
vt 0.99015 0.194412
vt 0.998003 0.194413
vt 0.997795 0.200263
vt 0.979872 0.95795
vt 0.980847 0.967554
vt 0.97399 0.966148
vt 0.027763 0.303801
vt 0.033958 0.305184
vt 0.973661 0.957201
vt 0.041864 0.303125
vt 0.42635 0.95164
vt 0.41501 0.95218
vt 0.415931 0.944564
vt 0.985077 0.957201
vt 0.427047 0.958419
vt 0.41501 0.962551
vt 0.050327 0.297224
vt 0.062257 0.311173
vt 0.859737 0.34742
vt 0.870243 0.343772
vt 0.872735 0.351494
vt 0.862395 0.356757
vt 0.153081 0.782191
vt 0.552252 0.277401
vt 0.554424 0.272208
vt 0.559228 0.268635
vt 0.554148 0.282981
vt 0.559228 0.288087
vt 0.843926 0.597488
vt 0.843664 0.637181
vt 0.833293 0.637181
vt 0.832406 0.60023
vt 0.898155 0.964245
vt 0.887127 0.964245
vt 0.895232 0.947994
vt 0.841572 0.343933
vt 0.080014 0.32638
vt 0.085758 0.33818
vt 0.080676 0.359678
vt 0.028191 0.375669
vt 0.869364 0.363129
vt 0.64625 0.33014
vt 0.653139 0.333231
vt 0.655822 0.34401
vt 0.64625 0.34362
vt 0.074651 0.290877
vt 0.077862 0.308908
vt 0.079932 0.272147
vt 0.388135 0.967634
vt 0.388135 0.950096
vt 0.401628 0.964401
vt 0.28154 0.606166
vt 0.286393 0.609391
vt 0.28154 0.620235
vt 0.557534 0.658831
vt 0.546524 0.664392
vt 0.540661 0.657342
vt 0.540661 0.681242
vt 0.374514 0.551144
vt 0.363454 0.545051
vt 0.371559 0.529945
vt 0.545358 0.853767
vt 0.545671 0.866464
vt 0.53344 0.866622
vt 0.534132 0.855705
vt 0.53344 0.840747
vt 0.355391 0.558828
vt 0.871115 0.777836
vt 0.860155 0.777493
vt 0.87443 0.742371
vt 0.571091 0.82162
vt 0.56954 0.85573
vt 0.558103 0.855789
vt 0.558103 0.817181
vt 0.558707 0.223383
vt 0.579564 0.223691
vt 0.832064 0.061743
vt 0.822529 0.062701
vt 0.832064 0.031334
vt 0.891576 0.033523
vt 0.891576 0.003056
vt 0.904933 0.002874
vt 0.901181 0.033893
vt 0.860155 0.742911
vt 0.823591 0.777836
vt 0.814125 0.777233
vt 0.823591 0.748628
vt 0.818909 0.033497
vt 0.369053 0.563273
vt 0.352118 0.571425
vt 0.81292 0.748308
vt 0.903729 0.389765
vt 0.911712 0.3606
vt 0.911712 0.389612
vt 0.543759 0.959144
vt 0.555839 0.948314
vt 0.555839 0.96594
vt 0.810034 0.971024
vt 0.797145 0.971024
vt 0.799891 0.9565
vt 0.82192 0.019899
vt 0.257584 0.419657
vt 0.252136 0.433826
vt 0.243928 0.419657
vt 0.820427 0.734766
vt 0.095143 0.347979
vt 0.367436 0.5717
vt 0.353594 0.584602
vt 0.100844 0.371111
vt 0.19193 0.155842
vt 0.239058 0.213537
vt 0.193401 0.178976
vt 0.790292 0.970233
vt 0.780263 0.956274
vt 0.794782 0.959436
vt 0.900768 0.360049
vt 0.780263 0.971024
vt 0.360956 0.506695
vt 0.351786 0.499501
vt 0.360956 0.48699
vt 0.05667 0.855801
vt 0.044012 0.849229
vt 0.056077 0.847968
vt 0.547871 0.388242
vt 0.550175 0.397877
vt 0.532437 0.399933
vt 0.387941 0.730552
vt 0.403556 0.722598
vt 0.405017 0.740508
vt 0.380923 0.742225
vt 0.381461 0.736001
vt 0.530506 0.389767
vt 0.529297 0.381013
vt 0.042942 0.866893
vt 0.035569 0.851725
vt 0.053756 0.864046
vt 0.529173 0.376139
vt 0.545123 0.377942
vt 0.03387 0.866981
vt 0.03095 0.852719
vt 0.919155 0.364466
vt 0.920318 0.350476
vt 0.923574 0.365138
vt 0.027991 0.867745
vt 0.918647 0.377903
vt 0.575639 0.386974
vt 0.857483 0.112843
vt 0.857483 0.150822
vt 0.846716 0.138074
vt 0.562737 0.378588
vt 0.996373 0.624248
vt 0.99015 0.620859
vt 0.996373 0.620163
vt 0.549885 0.373877
vt 0.916881 0.353208
vt 0.997127 0.445025
vt 0.99015 0.445025
vt 0.99459 0.442865
vt 0.995696 0.439816
vt 0.566007 0.092751
vt 0.565254 0.097882
vt 0.562248 0.09666
vt 0.550391 0.367641
vt 0.995128 0.777847
vt 0.99015 0.774803
vt 0.995136 0.774803
vt 0.914137 0.354398
vt 0.994238 0.816793
vt 0.99015 0.816793
vt 0.991485 0.813864
vt 0.990162 0.778734
vt 0.566007 0.110151
vt 0.974109 0.369594
vt 0.986665 0.373459
vt 0.973661 0.373459
vt 0.069096 0.945867
vt 0.086426 0.945867
vt 0.071544 0.958698
vt 0.552772 0.002863
vt 0.566007 0.011442
vt 0.552772 0.02203
vt 0.564534 0.364152
vt 0.001396 0.500872
vt 0.008473 0.514755
vt 0.001396 0.520252
vt 0.086008 0.964245
vt 0.926876 0.231754
vt 0.933742 0.245981
vt 0.928422 0.247834
vt 0.962551 0.524694
vt 0.962551 0.540476
vt 0.958978 0.533342
vt 0.54719 0.355623
vt 0.546249 0.343038
vt 0.553791 0.343798
vt 0.953373 0.530416
vt 0.563987 0.348558
vt 0.581776 0.372907
vt 0.582953 0.356831
vt 0.059312 0.861141
vt 0.571858 0.479967
vt 0.577869 0.479967
vt 0.571974 0.496527
vt 0.054849 0.880867
vt 0.438909 0.238097
vt 0.431298 0.244027
vt 0.431298 0.223802
vt 0.404479 0.757473
vt 0.37943 0.759274
vt 0.043887 0.882903
vt 0.598774 0.751642
vt 0.596398 0.765984
vt 0.586408 0.765482
vt 0.588787 0.751766
vt 0.388591 0.782045
vt 0.398792 0.782463
vt 0.389584 0.797617
vt 0.605223 0.786313
vt 0.606678 0.768402
vt 0.380923 0.774446
vt 0.396413 0.79817
vt 0.584647 0.778351
vt 0.594943 0.783895
vt 0.034824 0.881635
vt 0.914137 0.375418
vt 0.959073 0.295994
vt 0.959089 0.282164
vt 0.964245 0.280671
vt 0.027991 0.882435
vt 0.964245 0.29656
vt 0.481076 0.781712
vt 0.484017 0.771111
vt 0.484665 0.783786
vt 0.474182 0.791724
vt 0.477521 0.794345
vt 0.480825 0.770297
vt 0.475902 0.76268
vt 0.471984 0.776758
vt 0.228124 0.351572
vt 0.230011 0.363623
vt 0.22368 0.351555
vt 0.707939 0.987823
vt 0.699707 0.986974
vt 0.707939 0.978745
vt 0.232165 0.342364
vt 0.955772 0.276765
vt 0.955772 0.294866
vt 0.951924 0.286407
vt 0.225894 0.363847
vt 0.232165 0.373493
vt 0.654421 0.190013
vt 0.662601 0.189131
vt 0.661005 0.200916
vt 0.652825 0.200822
vt 0.976623 0.476188
vt 0.973661 0.465549
vt 0.985114 0.469451
vt 0.986235 0.476188
vt 0.228264 0.374514
vt 0.349426 0.171678
vt 0.352483 0.18317
vt 0.349165 0.183688
vt 0.11514 0.990188
vt 0.112773 0.985348
vt 0.11514 0.978745
vt 0.465719 0.78611
vt 0.362816 0.780864
vt 0.364346 0.792657
vt 0.341412 0.791765
vt 0.463451 0.753816
vt 0.341412 0.772261
vt 0.630723 0.941884
vt 0.629474 0.932002
vt 0.632097 0.930976
vt 0.163599 0.98992
vt 0.160495 0.988981
vt 0.163599 0.978745
vt 0.279614 0.376129
vt 0.279614 0.385812
vt 0.27564 0.385558
vt 0.60824 0.922906
vt 0.596028 0.924384
vt 0.59773 0.913985
vt 0.608031 0.90999
vt 0.990664 0.04862
vt 0.99015 0.040874
vt 0.998398 0.040874
vt 0.930798 0.255889
vt 0.517408 0.978745
vt 0.521656 0.984214
vt 0.517408 0.988813
vt 0.947765 0.248642
vt 0.952383 0.246763
vt 0.950915 0.255744
vt 0.973757 0.462912
vt 0.973661 0.456656
vt 0.978238 0.456656
vt 0.866318 0.978745
vt 0.869299 0.987515
vt 0.861002 0.987515
vt 0.945104 0.257774
vt 0.986455 0.462427
vt 0.978333 0.462912
vt 0.43552 0.863781
vt 0.43552 0.894765
vt 0.428097 0.886546
vt 0.017778 0.505
vt 0.016455 0.485685
vt 0.032198 0.485685
vt 0.926876 0.252732
vt 0.248405 0.984142
vt 0.248055 0.979166
vt 0.248934 0.978745
vt 0.961598 0.540532
vt 0.249285 0.983721
vt 0.579764 0.764213
vt 0.10078 0.990096
vt 0.095183 0.979022
vt 0.10078 0.978745
vt 0.57919 0.776003
vt 0.469322 0.801561
vt 0.973661 0.954564
vt 0.985125 0.949525
vt 0.985343 0.954564
vt 0.923574 0.405523
vt 0.910876 0.394401
vt 0.92168 0.392619
vt 0.465354 0.7996
vt 0.463451 0.800209
vt 0.871936 0.987129
vt 0.877171 0.978745
vt 0.877171 0.987654
vt 0.952383 0.261445
vt 0.946235 0.263195
vt 0.482626 0.978745
vt 0.482626 0.988962
vt 0.478844 0.981431
vt 0.727926 0.32481
vt 0.728691 0.329731
vt 0.722883 0.329573
vt 0.722883 0.324697
vt 0.721963 0.319674
vt 0.823858 0.987732
vt 0.817984 0.987596
vt 0.817984 0.978745
vt 0.94908 0.267752
vt 0.823858 0.978881
vt 0.727926 0.335537
vt 0.998368 0.058866
vt 0.99015 0.051257
vt 0.997784 0.051257
vt 0.958565 0.782843
vt 0.95135 0.78292
vt 0.951946 0.773863
vt 0.959161 0.773786
vt 0.990734 0.058866
vt 0.951592 0.493419
vt 0.952383 0.503188
vt 0.944749 0.503305
vt 0.943959 0.493536
vt 0.944749 0.482426
vt 0.952383 0.482309
vt 0.620495 0.941266
vt 0.158867 0.980152
vt 0.621411 0.930503
vt 0.362816 0.805244
vt 0.912306 0.405706
vt 0.845166 0.269181
vt 0.84405 0.257482
vt 0.847894 0.257471
vt 0.654421 0.212454
vt 0.84901 0.26917
vt 0.352483 0.194883
vt 0.99819 0.106611
vt 0.99015 0.106611
vt 0.990195 0.09881
vt 0.998235 0.09881
vt 0.278201 0.396544
vt 0.597939 0.934061
vt 0.380453 0.988967
vt 0.372652 0.978745
vt 0.380453 0.978762
vt 0.6208 0.95195
vt 0.632097 0.952383
vt 0.629585 0.94951
vt 0.994605 0.799357
vt 0.99015 0.799357
vt 0.993551 0.795854
vt 0.719824 0.322566
vt 0.998299 0.162939
vt 0.99015 0.162939
vt 0.994397 0.16056
vt 0.963696 0.644082
vt 0.957986 0.64221
vt 0.964245 0.638546
vt 0.056676 0.978745
vt 0.056676 0.990328
vt 0.054181 0.984141
vt 0.550481 0.920185
vt 0.550481 0.891572
vt 0.564312 0.902497
vt 0.930446 0.859178
vt 0.927413 0.834924
vt 0.94391 0.834924
vt 0.662601 0.213524
vt 0.941937 0.857413
vt 0.372652 0.98895
vt 0.698188 0.282537
vt 0.667683 0.29643
vt 0.673196 0.279717
vt 0.658504 0.862567
vt 0.658504 0.826556
vt 0.66648 0.82475
vt 0.672769 0.844266
vt 0.690941 0.300861
vt 0.690099 0.320717
vt 0.405017 0.77273
vt 0.665916 0.314079
vt 0.774172 0.562269
vt 0.718856 0.025037
vt 0.244027 0.366008
vt 0.23643 0.357405
vt 0.235497 0.352289
vt 0.235497 0.372819
vt 0.95135 0.764947
vt 0.958565 0.76487
vt 0.166236 0.978745
vt 0.173644 0.979566
vt 0.173644 0.989775
vt 0.166236 0.988954
vt 0.973661 0.781943
vt 0.973661 0.777085
vt 0.985826 0.77759
vt 0.61854 0.921596
vt 0.985283 0.780847
vt 0.618332 0.913156
vt 0.938445 0.287316
vt 0.938826 0.297003
vt 0.927006 0.290333
vt 0.10915 0.978745
vt 0.110136 0.98391
vt 0.103938 0.983871
vt 0.103417 0.980223
vt 0.99015 0.381835
vt 0.996328 0.382057
vt 0.99015 0.387908
vt 0.103417 0.98798
vt 0.109034 0.99
vt 0.859178 0.720299
vt 0.847479 0.703305
vt 0.859178 0.701739
vt 0.846504 0.719985
vt 0.60824 0.935436
vt 0.927127 0.29672
vt 0.938826 0.307387
vt 0.847479 0.736713
vt 0.341412 0.81127
vt 0.859178 0.738859
vt 0.61854 0.929652
vt 0.927058 0.303454
vt 0.68629 0.832838
vt 0.681536 0.829553
vt 0.69141 0.82341
vt 0.675935 0.844678
vt 0.808339 0.276562
vt 0.805464 0.284399
vt 0.798319 0.28415
vt 0.802875 0.286225
vt 0.685528 0.846084
vt 0.792119 0.296615
vt 0.561187 0.334583
vt 0.543677 0.337235
vt 0.54628 0.329985
vt 0.529173 0.330679
vt 0.953556 0.53258
vt 0.805254 0.286492
vt 0.557561 0.323473
vt 0.548336 0.322295
vt 0.533605 0.326246
vt 0.542086 0.320911
vt 0.544916 0.321834
vt 0.561528 0.324374
vt 0.536179 0.981943
vt 0.534807 0.988842
vt 0.532979 0.985803
vt 0.532979 0.978745
vt 0.993652 0.519979
vt 0.996825 0.522984
vt 0.99015 0.522984
vt 0.552344 0.322295
vt 0.57785 0.325645
vt 0.581528 0.340429
vt 0.565536 0.324374
vt 0.244467 0.97965
vt 0.238923 0.982306
vt 0.239289 0.978745
vt 0.99015 0.404829
vt 0.997294 0.404829
vt 0.994173 0.408228
vt 0.243935 0.982444
vt 0.240531 0.985429
vt 0.568708 0.322665
vt 0.244467 0.986252
vt 0.239998 0.988224
vt 0.734267 0.98816
vt 0.733083 0.985694
vt 0.734267 0.978745
vt 0.242859 0.989732
vt 0.994197 0.81943
vt 0.993922 0.822531
vt 0.99015 0.81943
vt 0.774601 0.244415
vt 0.776141 0.24198
vt 0.774196 0.248878
vt 0.99015 0.772166
vt 0.990734 0.768634
vt 0.9952 0.768634
vt 0.768252 0.272584
vt 0.775141 0.268282
vt 0.775925 0.272213
vt 0.994616 0.772166
vt 0.561055 0.978745
vt 0.565415 0.979048
vt 0.561353 0.981992
vt 0.776141 0.275657
vt 0.774088 0.263468
vt 0.774223 0.258121
vt 0.760686 0.257313
vt 0.773412 0.25547
vt 0.771737 0.251675
vt 0.758174 0.241623
vt 0.771548 0.248005
vt 0.79893 0.296581
vt 0.795558 0.312523
vt 0.681674 0.860815
vt 0.69141 0.860873
vt 0.38309 0.98919
vt 0.384288 0.984246
vt 0.386281 0.983591
vt 0.38309 0.979305
vt 0.958044 0.534753
vt 0.960645 0.540587
vt 0.996117 0.697771
vt 0.99015 0.697771
vt 0.990831 0.696226
vt 0.383889 0.978745
vt 0.991365 0.719372
vt 0.995806 0.719372
vt 0.995423 0.723948
vt 0.99015 0.061503
vt 0.998619 0.061503
vt 0.995047 0.064072
vt 0.99015 0.724414
vt 0.99641 0.245114
vt 0.997903 0.250306
vt 0.990719 0.250293
vt 0.99015 0.245114
vt 0.227152 0.98087
vt 0.23084 0.978745
vt 0.229817 0.984351
vt 0.997378 0.385995
vt 0.99015 0.347386
vt 0.99015 0.342316
vt 0.997644 0.342827
vt 0.991407 0.643831
vt 0.99641 0.643866
vt 0.995754 0.645672
vt 0.99015 0.645672
vt 0.99015 0.811227
vt 0.99015 0.808852
vt 0.994537 0.809326
vt 0.227152 0.988845
vt 0.230159 0.989564
vt 0.996309 0.60581
vt 0.995843 0.608753
vt 0.99015 0.610162
vt 0.99015 0.604223
vt 0.99015 0.5749
vt 0.996641 0.575812
vt 0.99015 0.577632
vt 0.99015 0.242477
vt 0.995836 0.240642
vt 0.997044 0.242477
vt 0.580157 0.406711
vt 0.581619 0.399196
vt 0.582953 0.399527
vt 0.580157 0.392592
vt 0.668377 0.978745
vt 0.66958 0.986534
vt 0.667261 0.988373
vt 0.667261 0.980847
vt 0.247104 0.983737
vt 0.247176 0.979588
vt 0.958128 0.983743
vt 0.957914 0.979103
vt 0.959702 0.978745
vt 0.960346 0.983036
vt 0.234244 0.980467
vt 0.236286 0.983893
vt 0.234244 0.988441
vt 0.247104 0.988196
vt 0.99015 0.272348
vt 0.997787 0.274692
vt 0.99015 0.278334
vt 0.247948 0.989849
vt 0.957914 0.987382
vt 0.960096 0.987506
vt 0.99592 0.527032
vt 0.99015 0.525621
vt 0.996842 0.525621
vt 0.998097 0.241389
vt 0.996895 0.526983
vt 0.996324 0.59319
vt 0.990744 0.587206
vt 0.995719 0.58704
vt 0.802694 0.295715
vt 0.80682 0.302528
vt 0.804489 0.308555
vt 0.804385 0.287468
vt 0.946176 0.987693
vt 0.945059 0.979314
vt 0.94599 0.980643
vt 0.995922 0.700408
vt 0.995691 0.704758
vt 0.99015 0.70511
vt 0.990564 0.700408
vt 0.99015 0.59319
vt 0.545671 0.899107
vt 0.537192 0.881008
vt 0.543443 0.882051
vt 0.540809 0.902609
vt 0.528018 0.880048
vt 0.539627 0.319457
vt 0.525905 0.882549
vt 0.278145 0.982051
vt 0.278739 0.978745
vt 0.283161 0.979155
vt 0.56579 0.988623
vt 0.56143 0.98832
vt 0.566353 0.985763
vt 0.282567 0.982462
vt 0.985298 0.97581
vt 0.975554 0.970191
vt 0.985242 0.970243
vt 0.799761 0.315418
vt 0.973661 0.97581
vt 0.973661 0.614246
vt 0.985303 0.614246
vt 0.97631 0.620072
vt 0.986125 0.620805
vt 0.940343 0.908322
vt 0.940343 0.886194
vt 0.946256 0.888535
vt 0.002149 0.525687
vt 0.011862 0.524512
vt 0.011862 0.540459
vt 0.00171 0.543977
vt 0.947299 0.906769
vt 0.982115 0.923048
vt 0.985485 0.925806
vt 0.979259 0.926466
vt 0.973661 0.923048
vt 0.718152 0.329664
vt 0.716622 0.324698
vt 0.808339 0.30322
vt 0.99015 0.860792
vt 0.99064 0.8595
vt 0.992195 0.860792
vt 0.804394 0.313575
vt 0.722883 0.334449
vt 0.808062 0.317729
vt 0.799465 0.32198
vt 0.716622 0.335425
vt 0.976921 0.876429
vt 0.973661 0.872891
vt 0.980749 0.872891
vt 0.981411 0.875694
vt 0.973661 0.482429
vt 0.97817 0.481558
vt 0.978983 0.485822
vt 0.524117 0.901548
vt 0.524036 0.897423
vt 0.523486 0.905388
vt 0.524389 0.885189
vt 0.522872 0.887828
vt 0.521952 0.890605
vt 0.523052 0.894087
vt 0.521952 0.910017
vt 0.198272 0.122013
vt 0.190593 0.118354
vt 0.198272 0.099876
vt 0.981661 0.842467
vt 0.981658 0.837991
vt 0.985632 0.838467
vt 0.022346 0.616971
vt 0.023283 0.61338
vt 0.027114 0.617699
vt 0.027114 0.621561
vt 0.561055 0.985634
vt 0.774898 0.278749
vt 0.774845 0.281309
vt 0.439849 0.82661
vt 0.43863 0.829649
vt 0.429309 0.822643
vt 0.282864 0.985374
vt 0.277612 0.985668
vt 0.436646 0.832643
vt 0.278306 0.989419
vt 0.283161 0.988285
vt 0.436037 0.836601
vt 0.427947 0.846524
vt 0.427636 0.832667
vt 0.99015 0.716735
vt 0.991722 0.714438
vt 0.995964 0.716735
vt 0.996027 0.689802
vt 0.993348 0.69359
vt 0.99015 0.689802
vt 0.974472 0.837991
vt 0.97807 0.838618
vt 0.978048 0.843809
vt 0.973661 0.842943
vt 0.436802 0.841522
vt 0.438941 0.845457
vt 0.442299 0.847327
vt 0.442299 0.851228
vt 0.436348 0.850458
vt 0.022346 0.620833
vt 0.016501 0.615291
vt 0.436958 0.859178
vt 0.01533 0.623642
vt 0.99015 0.760466
vt 0.990496 0.759591
vt 0.995502 0.760466
vt 0.99015 0.848487
vt 0.992527 0.848487
vt 0.991674 0.849899
vt 0.992857 0.849209
vt 0.946176 0.978745
vt 0.993237 0.845573
vt 0.991068 0.84585
vt 0.99015 0.845573
vt 0.987169 0.989959
vt 0.986143 0.989181
vt 0.987169 0.987375
vt 0.565713 0.982296
vt 0.411431 0.831105
vt 0.413868 0.820151
vt 0.175714 0.885958
vt 0.16476 0.887987
vt 0.173243 0.870148
vt 0.411587 0.845836
vt 0.452082 0.711058
vt 0.465498 0.712191
vt 0.448825 0.728592
vt 0.16166 0.870896
vt 0.479007 0.715112
vt 0.470825 0.69524
vt 0.429775 0.859032
vt 0.483434 0.698006
vt 0.462009 0.730658
vt 0.476417 0.733733
vt 0.938826 0.421256
vt 0.938826 0.43552
vt 0.934323 0.425149
vt 0.232164 0.212353
vt 0.232164 0.227081
vt 0.226463 0.22092
vt 0.545634 0.876124
vt 0.123703 0.487937
vt 0.838042 0.369862
vt 0.84038 0.347627
vt 0.850705 0.351861
vt 0.850705 0.386376
vt 0.408427 0.063908
vt 0.411795 0.072358
vt 0.408427 0.084732
vt 0.798171 0.538757
vt 0.720831 0.765056
vt 0.743832 0.763945
vt 0.737781 0.783598
vt 0.932047 0.257826
vt 0.932047 0.283003
vt 0.920778 0.266538
vt 0.957771 0.457296
vt 0.96594 0.470172
vt 0.957771 0.472802
vt 0.830369 0.882903
vt 0.826003 0.868242
vt 0.830369 0.852594
vt 0.752416 0.790554
vt 0.732366 0.806951
vt 0.406494 0.887987
vt 0.407488 0.871603
vt 0.428742 0.866465
vt 0.42571 0.879265
vt 0.744559 0.810034
vt 0.718808 0.778196
vt 0.714721 0.79304
vt 0.659212 0.789698
vt 0.657569 0.780656
vt 0.659212 0.772415
vt 0.718453 0.810034
vt 0.36747 0.581542
vt 0.359115 0.599035
vt 0.866238 0.920832
vt 0.867651 0.93404
vt 0.846533 0.933051
vt 0.371878 0.593182
vt 0.853839 0.921821
vt 0.406494 0.857231
vt 0.424614 0.853704
vt 0.763821 0.22989
vt 0.090803 0.863158
vt 0.104295 0.865604
vt 0.103945 0.881011
vt 0.863182 0.945604
vt 0.846784 0.943783
vt 0.093313 0.879392
vt 0.117824 0.866728
vt 0.176242 0.856565
vt 0.162591 0.852952
vt 0.118624 0.881009
vt 0.108254 0.356382
vt 0.374514 0.601807
vt 0.844691 0.920832
vt 0.370794 0.606678
vt 0.121618 0.355456
vt 0.121414 0.368457
vt 0.12068 0.379354
vt 0.148581 0.852952
vt 0.148731 0.871746
vt 0.117264 0.895719
vt 0.476646 0.750722
vt 0.460819 0.748774
vt 0.319696 0.757057
vt 0.319025 0.742784
vt 0.336921 0.75752
vt 0.320997 0.773034
vt 0.337232 0.772815
vt 0.33202 0.550163
vt 0.342316 0.555404
vt 0.326266 0.568834
vt 0.320865 0.557775
vt 0.319719 0.545416
vt 0.320635 0.567605
vt 0.090803 0.895228
vt 0.338257 0.570352
vt 0.101476 0.89646
vt 0.133826 0.346627
vt 0.121134 0.349521
vt 0.13381 0.359308
vt 0.134239 0.369839
vt 0.144636 0.345963
vt 0.145595 0.358598
vt 0.146083 0.379536
vt 0.337823 0.587024
vt 0.309143 0.758629
vt 0.31073 0.775026
vt 0.313761 0.581939
vt 0.326629 0.588107
vt 0.43552 0.610067
vt 0.429615 0.604081
vt 0.43552 0.593204
vt 0.887987 0.34401
vt 0.887382 0.336555
vt 0.887987 0.328463
vt 0.060782 0.536599
vt 0.067785 0.541961
vt 0.060782 0.554144
vt 0.153446 0.361136
vt 0.4209 0.646621
vt 0.42042 0.664295
vt 0.409277 0.654477
vt 0.402171 0.63812
vt 0.427047 0.653068
vt 0.166155 0.386582
vt 0.170283 0.382099
vt 0.740806 0.516389
vt 0.742249 0.533646
vt 0.403734 0.621465
vt 0.420446 0.62192
vt 0.41645 0.635402
vt 0.400541 0.615229
vt 0.427047 0.600719
vt 0.644532 0.86091
vt 0.659811 0.874575
vt 0.658312 0.878463
vt 0.479477 0.423034
vt 0.170253 0.39108
vt 0.828675 0.623897
vt 0.986771 0.214444
vt 0.973661 0.214444
vt 0.982529 0.205823
vt 0.984223 0.225843
vt 0.973661 0.217081
vt 0.986763 0.217081
vt 0.882903 0.896778
vt 0.873667 0.923574
vt 0.873667 0.895902
vt 0.82698 0.300776
vt 0.815998 0.303064
vt 0.817162 0.290864
vt 0.92986 0.911063
vt 0.937131 0.922332
vt 0.92986 0.925269
vt 0.00548 0.645153
vt 0.016672 0.66077
vt 0.498222 0.951541
vt 0.494888 0.967634
vt 0.484431 0.951541
vt 0.799733 0.377452
vt 0.807147 0.361793
vt 0.813423 0.376771
vt 0.648578 0.012313
vt 0.660906 0.001708
vt 0.660906 0.018641
vt 0.813423 0.406712
vt 0.802882 0.406223
vt 0.396544 0.001829
vt 0.383452 0.033893
vt 0.38214 0.001829
vt 0.606678 0.525094
vt 0.606678 0.542282
vt 0.596156 0.53933
vt 0.433826 0.553768
vt 0.433826 0.572785
vt 0.423172 0.570102
vt 0.96594 0.074624
vt 0.954243 0.077953
vt 0.954243 0.06177
vt 0.118883 0.849898
vt 0.102821 0.850229
vt 0.099712 0.840037
vt 0.916953 0.792928
vt 0.923574 0.794858
vt 0.894765 0.414229
vt 0.888549 0.418574
vt 0.888549 0.393573
vt 0.105481 0.859371
vt 0.919916 0.784376
vt 0.120662 0.860873
vt 0.404319 0.107522
vt 0.406609 0.121277
vt 0.392368 0.110169
vt 0.7404 0.491259
vt 0.733652 0.493525
vt 0.742249 0.484389
vt 0.671577 0.868905
vt 0.667299 0.856204
vt 0.674463 0.85801
vt 0.130628 0.838117
vt 0.132476 0.849273
vt 0.809031 0.533023
vt 0.801223 0.534588
vt 0.799166 0.523488
vt 0.807324 0.523305
vt 0.133876 0.859379
vt 0.811728 0.541539
vt 0.806149 0.543977
vt 0.393431 0.124308
vt 0.406712 0.136583
vt 0.406538 0.597964
vt 0.417029 0.598862
vt 0.664096 0.865804
vt 0.666707 0.878456
vt 0.479535 0.430472
vt 0.486542 0.429623
vt 0.48087 0.441146
vt 0.664039 0.883906
vt 0.486799 0.420431
vt 0.381517 0.112422
vt 0.674463 0.889681
vt 0.379218 0.126512
vt 0.499113 0.419306
vt 0.394476 0.138294
vt 0.382559 0.138801
vt 0.406207 0.142826
vt 0.39585 0.144956
vt 0.406712 0.199311
vt 0.711722 0.501767
vt 0.702848 0.50237
vt 0.718524 0.445082
vt 0.986846 0.239311
vt 0.978377 0.245398
vt 0.973661 0.239311
vt 0.384794 0.145209
vt 0.493499 0.098375
vt 0.505401 0.100902
vt 0.500842 0.111347
vt 0.010168 0.591582
vt 0.002813 0.599899
vt 0.002813 0.582575
vt 0.49042 0.109753
vt 0.511779 0.104846
vt 0.35922 0.202419
vt 0.506533 0.11375
vt 0.318591 0.147433
vt 0.308507 0.089462
vt 0.318591 0.085493
vt 0.693219 0.505
vt 0.681719 0.502363
vt 0.669453 0.445082
vt 0.918149 0.135571
vt 0.911075 0.135367
vt 0.920185 0.107509
vt 0.91099 0.107509
vt 0.911712 0.728691
vt 0.904634 0.727853
vt 0.902198 0.699499
vt 0.911712 0.699113
vt 0.157601 0.015252
vt 0.1487 0.013015
vt 0.157601 0.001326
vt 0.209981 0.06948
vt 0.209981 0.055506
vt 0.218607 0.0642
vt 0.738859 0.459245
vt 0.725295 0.458113
vt 0.738859 0.405242
vt 0.745638 0.692195
vt 0.739936 0.743725
vt 0.729592 0.743943
vt 0.729592 0.688359
vt 0.740508 0.599899
vt 0.725843 0.59961
vt 0.743943 0.543507
vt 0.721105 0.40238
vt 0.638195 0.884598
vt 0.630629 0.884274
vt 0.638876 0.854632
vt 0.225386 0.227273
vt 0.224118 0.27453
vt 0.210565 0.272307
vt 0.210565 0.224651
vt 0.840537 0.220302
vt 0.832407 0.220073
vt 0.840537 0.189148
vt 0.630629 0.850734
vt 0.728691 0.162685
vt 0.716322 0.162656
vt 0.712198 0.111494
vt 0.725576 0.543507
vt 0.728691 0.105445
vt 0.359878 0.228775
vt 0.78292 0.604729
vt 0.78292 0.654128
vt 0.752832 0.633931
vt 0.810034 0.098289
vt 0.800688 0.087136
vt 0.810034 0.053536
vt 0.722071 0.81876
vt 0.755805 0.810656
vt 0.754417 0.823855
vt 0.75519 0.837325
vt 0.755805 0.850705
vt 0.545305 0.441812
vt 0.559128 0.486134
vt 0.554224 0.496922
vt 0.891376 0.573742
vt 0.889516 0.606274
vt 0.882219 0.606678
vt 0.882219 0.575685
vt 0.830539 0.189873
vt 0.482339 0.452348
vt 0.038977 0.061917
vt 0.031127 0.060971
vt 0.038725 0.052288
vt 0.153248 0.421838
vt 0.146209 0.434888
vt 0.142651 0.425384
vt 0.030681 0.07178
vt 0.038531 0.072725
vt 0.156648 0.432639
vt 0.150206 0.445455
vt 0.171803 0.454181
vt 0.17247 0.444046
vt 0.169921 0.433495
vt 0.165353 0.422058
vt 0.153606 0.456255
vt 0.175736 0.464843
vt 0.503518 0.145182
vt 0.504169 0.135289
vt 0.511128 0.145738
vt 0.178767 0.454877
vt 0.502451 0.124393
vt 0.511779 0.135845
vt 0.509536 0.124412
vt 0.231033 0.420947
vt 0.175371 0.434272
vt 0.169636 0.425178
vt 0.179434 0.444743
vt 0.954077 0.364346
vt 0.940937 0.357663
vt 0.954077 0.343718
vt 0.260973 0.486359
vt 0.250395 0.484331
vt 0.260973 0.466808
vt 0.771467 0.949898
vt 0.776141 0.96594
vt 0.760537 0.96594
vt 0.226878 0.473244
vt 0.254133 0.440263
vt 0.250677 0.474497
vt 0.503364 0.886162
vt 0.513473 0.908032
vt 0.503364 0.915101
vt 0.521368 0.22843
vt 0.521946 0.236326
vt 0.496425 0.228441
vt 0.413934 0.443752
vt 0.516832 0.254804
vt 0.494807 0.261639
vt 0.495323 0.237333
vt 0.519098 0.260727
vt 0.89763 0.19463
vt 0.906628 0.193236
vt 0.906628 0.223691
vt 0.896756 0.221185
vt 0.38899 0.443993
vt 0.519223 0.283153
vt 0.494507 0.266589
vt 0.494274 0.284142
vt 0.490713 0.31742
vt 0.521946 0.320285
vt 0.393275 0.033661
vt 0.845651 0.106382
vt 0.845651 0.07876
vt 0.852419 0.078534
vt 0.511509 0.845621
vt 0.505778 0.844902
vt 0.513473 0.817478
vt 0.854094 0.104984
vt 0.842232 0.651748
vt 0.842232 0.681898
vt 0.837024 0.682936
vt 0.832776 0.653995
vt 0.540587 0.372819
vt 0.534547 0.37262
vt 0.540587 0.340954
vt 0.899849 0.074231
vt 0.897753 0.104228
vt 0.891176 0.105067
vt 0.891176 0.073885
vt 0.534056 0.342046
vt 0.819803 0.333842
vt 0.82698 0.332887
vt 0.505778 0.814489
vt 0.894765 0.757901
vt 0.893188 0.788955
vt 0.883331 0.789698
vt 0.883331 0.757133
vt 0.791646 0.001731
vt 0.816812 0.003483
vt 0.792951 0.029875
vt 0.851611 0.11693
vt 0.510803 0.806399
vt 0.835049 0.643218
vt 0.601591 0.984789
vt 0.592227 0.988343
vt 0.592227 0.978745
vt 0.051544 0.978745
vt 0.051544 0.990139
vt 0.044615 0.988277
vt 0.258515 0.456717
vt 0.2592 0.432217
vt 0.264362 0.431082
vt 0.890757 0.554784
vt 0.904933 0.544525
vt 0.904933 0.57448
vt 0.264362 0.45755
vt 0.77945 0.899637
vt 0.790763 0.89925
vt 0.774259 0.92393
vt 0.816812 0.026136
vt 0.469543 0.282767
vt 0.471056 0.266189
vt 0.458822 0.313002
vt 0.926137 0.486212
vt 0.932047 0.483263
vt 0.925086 0.507566
vt 0.815005 0.04745
vt 0.637626 0.91875
vt 0.653913 0.919165
vt 0.635755 0.94391
vt 0.932047 0.508389
vt 0.655822 0.94391
vt 0.696926 0.167119
vt 0.728823 0.168525
vt 0.784924 0.926963
vt 0.799866 0.926963
vt 0.128783 0.863748
vt 0.149128 0.89646
vt 0.121434 0.89646
vt 0.881745 0.252888
vt 0.303339 0.793087
vt 0.295411 0.750909
vt 0.303339 0.746771
vt 0.815118 0.73547
vt 0.801896 0.694445
vt 0.815118 0.69184
vt 0.789698 0.79048
vt 0.779331 0.791393
vt 0.77998 0.744943
vt 0.789698 0.742809
vt 0.792827 0.765003
vt 0.370665 0.655822
vt 0.360648 0.655822
vt 0.371124 0.62427
vt 0.630403 0.896415
vt 0.622071 0.901544
vt 0.622071 0.870763
vt 0.36028 0.62459
vt 0.89519 0.041841
vt 0.904933 0.035994
vt 0.904933 0.066091
vt 0.792486 0.742148
vt 0.796444 0.710233
vt 0.803255 0.71124
vt 0.867793 0.251672
vt 0.876124 0.252224
vt 0.867793 0.285841
vt 0.803255 0.745348
vt 0.884597 0.322032
vt 0.884029 0.355495
vt 0.877736 0.355873
vt 0.87432 0.322032
vt 0.870815 0.138735
vt 0.863453 0.13896
vt 0.87443 0.103396
vt 0.876124 0.286393
vt 0.903238 0.257257
vt 0.90106 0.288043
vt 0.89318 0.288087
vt 0.893168 0.257257
vt 0.863453 0.104059
vt 0.793262 0.755806
vt 0.967634 0.841136
vt 0.967634 0.855789
vt 0.959246 0.851753
vt 0.379598 0.322443
vt 0.37215 0.325369
vt 0.37215 0.310803
vt 0.986116 0.525931
vt 0.986116 0.536929
vt 0.973661 0.533065
vt 0.141402 0.407493
vt 0.150822 0.418545
vt 0.141402 0.421963
vt 0.859178 0.495772
vt 0.848519 0.494708
vt 0.187782 0.67325
vt 0.162191 0.639723
vt 0.191493 0.646979
vt 0.159592 0.671908
vt 0.164756 0.701577
vt 0.191493 0.697305
vt 0.752921 0.070475
vt 0.281309 0.677628
vt 0.997205 0.450338
vt 0.99015 0.450338
vt 0.992519 0.447662
vt 0.99015 0.743182
vt 0.99341 0.738365
vt 0.99554 0.743182
vt 0.820202 0.578545
vt 0.953784 0.946414
vt 0.959782 0.944692
vt 0.958293 0.947573
vt 0.954371 0.953721
vt 0.074603 0.645127
vt 0.905831 0.76522
vt 0.912236 0.763838
vt 0.917674 0.764232
vt 0.134102 0.014424
vt 0.126078 0.018641
vt 0.126078 0.002752
vt 0.908556 0.780637
vt 0.905831 0.787656
vt 0.13896 0.00966
vt 0.918942 0.768831
vt 0.960856 0.953951
vt 0.817612 0.570235
vt 0.766955 0.062353
vt 0.079184 0.651691
vt 0.04335 0.671655
vt 0.953784 0.959439
vt 0.915156 0.774517
vt 0.913627 0.784078
vt 0.920813 0.778704
vt 0.925269 0.768868
vt 0.190344 0.757166
vt 0.196827 0.763404
vt 0.184034 0.757973
vt 0.912554 0.789698
vt 0.188159 0.768272
vt 0.192265 0.788028
vt 0.206343 0.767457
vt 0.99015 0.1533
vt 0.992903 0.146736
vt 0.997806 0.148066
vt 0.998151 0.1533
vt 0.180564 0.761528
vt 0.948994 0.107718
vt 0.943471 0.10711
vt 0.943321 0.096815
vt 0.089419 0.652292
vt 0.102318 0.660038
vt 0.94779 0.098909
vt 0.076133 0.677853
vt 0.948241 0.118624
vt 0.943321 0.116836
vt 0.098904 0.653995
vt 0.184631 0.769479
vt 0.18628 0.780246
vt 0.818323 0.562147
vt 0.801564 0.553869
vt 0.95878 0.96255
vt 0.820202 0.54465
vt 0.799994 0.219862
vt 0.787453 0.21837
vt 0.78985 0.197601
vt 0.922544 0.760929
vt 0.211756 0.782787
vt 0.213524 0.763595
vt 0.213524 0.795731
vt 0.195519 0.799966
vt 0.811487 0.219355
vt 0.811242 0.210095
vt 0.143909 0.62169
vt 0.142493 0.630566
vt 0.162685 0.614534
vt 0.156758 0.650495
vt 0.144001 0.650738
vt 0.801425 0.237248
vt 0.584648 0.622275
vt 0.57897 0.627014
vt 0.811728 0.233847
vt 0.136305 0.64372
vt 0.43552 0.30853
vt 0.427854 0.301932
vt 0.432485 0.298352
vt 0.180449 0.788967
vt 0.429212 0.308966
vt 0.176895 0.803255
vt 0.660906 0.299158
vt 0.649988 0.302531
vt 0.649988 0.2864
vt 0.660883 0.286434
vt 0.923574 0.549061
vt 0.903189 0.536688
vt 0.923574 0.520997
vt 0.103373 0.669013
vt 0.001561 0.551213
vt 0.024768 0.541155
vt 0.026929 0.564549
vt 0.001561 0.564872
vt 0.038533 0.521468
vt 0.042492 0.52965
vt 0.055125 0.541077
vt 0.001561 0.578532
vt 0.145738 0.907649
vt 0.134799 0.928658
vt 0.134799 0.901538
vt 0.427854 0.318591
vt 0.434162 0.318154
vt 0.172461 0.793192
vt 0.750688 0.978745
vt 0.756989 0.978745
vt 0.754115 0.987873
vt 0.360254 0.978745
vt 0.370015 0.978745
vt 0.362565 0.988956
vt 0.046582 0.528721
vt 0.053399 0.521969
vt 0.657741 0.306376
vt 0.651974 0.311812
vt 0.949001 0.623141
vt 0.955772 0.61904
vt 0.955772 0.637181
vt 0.932202 0.872513
vt 0.931586 0.864802
vt 0.945604 0.860643
vt 0.945604 0.882903
vt 0.941724 0.581418
vt 0.943764 0.568417
vt 0.954077 0.589732
vt 0.954077 0.569595
vt 0.365059 0.50928
vt 0.365836 0.495592
vt 0.387849 0.515907
vt 0.900597 0.137265
vt 0.899597 0.106795
vt 0.906628 0.106795
vt 0.793087 0.036732
vt 0.785316 0.060868
vt 0.776521 0.06078
vt 0.730386 0.907553
vt 0.707075 0.910017
vt 0.708004 0.881761
vt 0.858781 0.815118
vt 0.859694 0.785046
vt 0.879514 0.80992
vt 0.730386 0.879753
vt 0.397454 0.499243
vt 0.421314 0.514864
vt 0.398015 0.535503
vt 0.421133 0.494333
vt 0.055923 0.564456
vt 0.055125 0.588886
vt 0.024768 0.588963
vt 0.419942 0.535482
vt 0.44199 0.535503
vt 0.780074 0.084732
vt 0.793087 0.082475
vt 0.950688 0.929014
vt 0.931249 0.952262
vt 0.927449 0.929053
vt 0.75165 0.250795
vt 0.745984 0.225314
vt 0.759195 0.22631
vt 0.950688 0.952383
vt 0.521124 0.91374
vt 0.540587 0.912093
vt 0.517217 0.938826
vt 0.221276 0.815491
vt 0.237248 0.803511
vt 0.237248 0.843926
vt 0.452467 0.515907
vt 0.743161 0.250675
vt 0.023725 0.173476
vt 0.014732 0.189799
vt 0.014732 0.151757
vt 0.609078 0.938835
vt 0.615151 0.959161
vt 0.596342 0.959161
vt 0.925492 0.41218
vt 0.942215 0.395005
vt 0.942215 0.418574
vt 0.960856 0.303247
vt 0.955546 0.323675
vt 0.944593 0.303247
vt 0.985078 0.929103
vt 0.985189 0.938022
vt 0.973661 0.938022
vt 0.83577 0.179518
vt 0.985756 0.736963
vt 0.973661 0.736963
vt 0.981705 0.728826
vt 0.91936 0.733095
vt 0.935437 0.750355
vt 0.91936 0.7575
vt 0.218553 0.20253
vt 0.474611 0.207842
vt 0.469919 0.214058
vt 0.463287 0.218607
vt 0.450664 0.218531
vt 0.850705 0.549161
vt 0.842599 0.547012
vt 0.850541 0.542659
vt 0.84214 0.542395
vt 0.950648 0.901544
vt 0.950648 0.883599
vt 0.955414 0.883818
vt 0.960856 0.887209
vt 0.023763 0.227497
vt 0.030123 0.221883
vt 0.029688 0.232773
vt 0.959161 0.061007
vt 0.952683 0.046169
vt 0.959161 0.042906
vt 0.035163 0.227452
vt 0.616562 0.303295
vt 0.632457 0.296976
vt 0.632634 0.31126
vt 0.033501 0.241001
vt 0.040083 0.238301
vt 0.620098 0.313985
vt 0.947487 0.854094
vt 0.64396 0.301568
vt 0.455547 0.840398
vt 0.447566 0.845936
vt 0.44324 0.838917
vt 0.034063 0.253492
vt 0.626573 0.328581
vt 0.040671 0.254033
vt 0.618873 0.330612
vt 0.635085 0.324747
vt 0.642941 0.310783
vt 0.038043 0.270096
vt 0.031434 0.269555
vt 0.034525 0.285577
vt 0.027742 0.283834
vt 0.616831 0.347507
vt 0.626148 0.343044
vt 0.622081 0.361735
vt 0.633358 0.357556
vt 0.635056 0.337947
vt 0.64396 0.34831
vt 0.023763 0.295018
vt 0.029835 0.298255
vt 0.904933 0.342616
vt 0.891902 0.341686
vt 0.891902 0.32664
vt 0.904031 0.327947
vt 0.517061 0.607359
vt 0.516575 0.614613
vt 0.511947 0.600834
vt 0.514 0.59121
vt 0.498861 0.568659
vt 0.525336 0.580387
vt 0.879514 0.573796
vt 0.879514 0.608373
vt 0.860368 0.591978
vt 0.516329 0.222124
vt 0.489068 0.2013
vt 0.52218 0.204096
vt 0.641649 0.367735
vt 0.920185 0.859899
vt 0.917518 0.869346
vt 0.917518 0.850454
vt 0.525433 0.223691
vt 0.246289 0.049527
vt 0.099652 0.493919
vt 0.119729 0.488351
vt 0.138295 0.513925
vt 0.102711 0.523022
vt 0.180518 0.767978
vt 0.181326 0.778356
vt 0.170535 0.784614
vt 0.170535 0.765849
vt 0.255889 0.454315
vt 0.523641 0.603289
vt 0.518956 0.592007
vt 0.523641 0.585898
vt 0.683305 0.062701
vt 0.68233 0.045766
vt 0.711745 0.045056
vt 0.969329 0.686768
vt 0.962967 0.68802
vt 0.96204 0.682675
vt 0.973661 0.657473
vt 0.985987 0.657473
vt 0.984644 0.663743
vt 0.969329 0.677078
vt 0.783125 0.939851
vt 0.784614 0.950688
vt 0.778938 0.950504
vt 0.768738 0.943563
vt 0.773088 0.940646
vt 0.962892 0.672986
vt 0.622078 0.988285
vt 0.630428 0.978745
vt 0.631059 0.988285
vt 0.975359 0.515884
vt 0.986321 0.523294
vt 0.973661 0.523294
vt 0.11354 0.327539
vt 0.108095 0.333749
vt 0.08991 0.337148
vt 0.687998 0.021541
vt 0.318818 0.52946
vt 0.276166 0.542282
vt 0.274918 0.530337
vt 0.526182 0.527479
vt 0.557534 0.558715
vt 0.517937 0.52342
vt 0.477183 0.568659
vt 0.315426 0.540428
vt 0.529567 0.001375
vt 0.548288 0.011494
vt 0.529567 0.041953
vt 0.342315 0.857484
vt 0.318686 0.846497
vt 0.342315 0.819978
vt 0.357567 0.542282
vt 0.550755 0.045755
vt 0.387959 0.6167
vt 0.374674 0.621098
vt 0.346923 0.605215
vt 0.563686 0.776141
vt 0.533934 0.774726
vt 0.533934 0.730586
vt 0.536586 0.528603
vt 0.557534 0.519418
vt 0.566885 0.73557
vt 0.56296 0.474341
vt 0.569396 0.476822
vt 0.566144 0.489701
vt 0.892648 0.35626
vt 0.904777 0.357567
vt 0.378038 0.935926
vt 0.382075 0.922035
vt 0.394849 0.925383
vt 0.962689 0.92464
vt 0.969329 0.93289
vt 0.962689 0.938826
vt 0.386762 0.937131
vt 0.384434 0.910444
vt 0.370379 0.919476
vt 0.559703 0.501137
vt 0.371406 0.910444
vt 0.53133 0.216813
vt 0.546391 0.196968
vt 0.540899 0.213295
vt 0.549061 0.165384
vt 0.515151 0.177344
vt 0.549247 0.510084
vt 0.545305 0.505221
vt 0.779858 0.928679
vt 0.769795 0.928679
vt 0.109543 0.341772
vt 0.11354 0.352483
vt 0.106296 0.34447
vt 0.205095 0.96154
vt 0.216913 0.959862
vt 0.211582 0.969869
vt 0.205095 0.974413
vt 0.371255 0.931566
vt 0.549061 0.214507
vt 0.711745 0.002927
vt 0.509768 0.157113
vt 0.541704 0.13809
vt 0.405017 0.656481
vt 0.383277 0.657789
vt 0.615019 0.725638
vt 0.649339 0.725638
vt 0.653173 0.777836
vt 0.617857 0.770576
vt 0.216913 0.645478
vt 0.214182 0.650338
vt 0.825285 0.414005
vt 0.810041 0.42183
vt 0.813109 0.414277
vt 0.822543 0.410823
vt 0.823131 0.421739
vt 0.809164 0.432001
vt 0.015463 0.778459
vt 0.822254 0.431911
vt 0.002548 0.786121
vt 0.825285 0.443371
vt 0.271797 0.286875
vt 0.272836 0.297375
vt 0.271797 0.310117
vt 0.811391 0.442338
vt 0.005146 0.773167
vt 0.270654 0.243745
vt 0.270744 0.261867
vt 0.257833 0.258541
vt 0.230857 0.248003
vt 0.261008 0.229492
vt 0.986332 0.63825
vt 0.977387 0.639497
vt 0.973661 0.63825
vt 0.815775 0.450212
vt 0.81625 0.454161
vt 0.574906 0.724346
vt 0.575816 0.738331
vt 0.576175 0.762076
vt 0.081342 0.064657
vt 0.074592 0.056114
vt 0.081342 0.045564
vt 0.074642 0.067785
vt 0.951377 0.323618
vt 0.954077 0.334316
vt 0.951377 0.342315
vt 0.884131 0.548439
vt 0.891376 0.565104
vt 0.884131 0.569396
vt 0.466024 0.396956
vt 0.466024 0.416879
vt 0.455447 0.411334
vt 0.872974 0.457049
vt 0.884598 0.45996
vt 0.872974 0.491443
vt 0.787661 0.333735
vt 0.793706 0.318817
vt 0.801561 0.333341
vt 0.792144 0.365691
vt 0.801561 0.36604
vt 0.78277 0.162354
vt 0.794782 0.163548
vt 0.78277 0.191827
vt 0.793368 0.14572
vt 0.882827 0.491227
vt 0.792439 0.193188
vt 0.948969 0.720218
vt 0.948969 0.701731
vt 0.957467 0.716104
vt 0.443025 0.540919
vt 0.454161 0.54117
vt 0.4447 0.572739
vt 0.280117 0.23081
vt 0.137265 0.947299
vt 0.135306 0.939677
vt 0.137265 0.932038
vt 0.279965 0.21459
vt 0.424753 0.020208
vt 0.419688 0.020423
vt 0.425352 0.012864
vt 0.286379 0.226899
vt 0.489961 0.810223
vt 0.501611 0.819393
vt 0.489961 0.821208
vt 0.500173 0.84901
vt 0.973661 0.642134
vt 0.985901 0.642134
vt 0.979447 0.651961
vt 0.885056 0.168994
vt 0.885056 0.136536
vt 0.89646 0.136526
vt 0.894274 0.169463
vt 0.414441 0.190729
vt 0.421963 0.20505
vt 0.410725 0.20505
vt 0.906082 0.647281
vt 0.916796 0.649172
vt 0.908922 0.675335
vt 0.201661 0.077953
vt 0.191945 0.077953
vt 0.19945 0.051419
vt 0.597477 0.315201
vt 0.597477 0.298756
vt 0.606678 0.310902
vt 0.147329 0.880418
vt 0.155906 0.874568
vt 0.155906 0.904933
vt 0.916796 0.676158
vt 0.286784 0.954276
vt 0.293171 0.969329
vt 0.280584 0.969329
vt 0.910218 0.345199
vt 0.906517 0.319142
vt 0.920185 0.317176
vt 0.920185 0.345705
vt 0.727718 0.603622
vt 0.750722 0.603622
vt 0.731375 0.659189
vt 0.733775 0.398238
vt 0.454161 0.572785
vt 0.749115 0.659212
vt 0.740554 0.229528
vt 0.71995 0.285712
vt 0.718318 0.229528
vt 0.83845 0.701739
vt 0.842232 0.711988
vt 0.829564 0.714549
vt 0.832212 0.741956
vt 0.842232 0.742249
vt 0.893294 0.361936
vt 0.899849 0.389884
vt 0.893294 0.393154
vt 0.415618 0.027947
vt 0.941538 0.584694
vt 0.94391 0.592705
vt 0.941538 0.603289
vt 0.424159 0.028766
vt 0.293242 0.221752
vt 0.416812 0.034768
vt 0.881208 0.81558
vt 0.87952 0.823086
vt 0.870812 0.820162
vt 0.425352 0.035587
vt 0.877851 0.829465
vt 0.980297 0.670699
vt 0.973661 0.66638
vt 0.98606 0.66638
vt 0.288741 0.204474
vt 0.29654 0.214801
vt 0.880323 0.838386
vt 0.881208 0.84901
vt 0.660906 0.75441
vt 0.97831 0.879066
vt 0.98557 0.884307
vt 0.973661 0.884307
vt 0.300375 0.208517
vt 0.075192 0.048859
vt 0.073451 0.041139
vt 0.082533 0.037384
vt 0.255889 0.937725
vt 0.247351 0.93614
vt 0.247351 0.926684
vt 0.29234 0.193408
vt 0.083069 0.027409
vt 0.279032 0.192124
vt 0.112989 0.549061
vt 0.042358 0.401815
vt 0.042551 0.382446
vt 0.046571 0.409699
vt 0.147274 0.539491
vt 0.179358 0.51944
vt 0.003997 0.405342
vt 0.002451 0.430436
vt 0.879514 0.780035
vt 0.465671 0.253757
vt 0.471107 0.261563
vt 0.095875 0.372328
vt 0.44401 0.231872
vt 0.309765 0.232998
vt 0.354284 0.234771
vt 0.322975 0.269784
vt 0.291329 0.28159
vt 0.282043 0.252135
vt 0.184715 0.549061
vt 0.346923 0.671074
vt 0.395492 0.666165
vt 0.831529 0.377724
vt 0.842232 0.383448
vt 0.831529 0.418574
vt 0.108445 0.268465
vt 0.097437 0.323492
vt 0.080837 0.303174
vt 0.23918 0.01123
vt 0.249111 0.016114
vt 0.23918 0.049144
vt 0.093023 0.267795
vt 0.099205 0.268649
vt 0.359961 0.268362
vt 0.136034 0.279667
vt 0.131604 0.324853
vt 0.274416 0.258322
vt 0.281401 0.283978
vt 0.28967 0.308218
vt 0.324432 0.30707
vt 0.279671 0.308655
vt 0.283209 0.333705
vt 0.540587 0.937005
vt 0.293243 0.334242
vt 0.359523 0.306623
vt 0.325669 0.343888
vt 0.165417 0.323503
vt 0.186887 0.715138
vt 0.192703 0.720119
vt 0.194883 0.749027
vt 0.194883 0.698891
vt 0.166979 0.288153
vt 0.122518 0.26624
vt 0.355113 0.878388
vt 0.365948 0.877922
vt 0.367735 0.891727
vt 0.974217 0.316434
vt 0.985913 0.326374
vt 0.973661 0.326374
vt 0.367735 0.905882
vt 0.355006 0.908322
vt 0.516748 0.916795
vt 0.516748 0.894024
vt 0.520252 0.906724
vt 0.180786 0.285997
vt 0.362761 0.34539
vt 0.193079 0.278951
vt 0.201543 0.278819
vt 0.202498 0.323936
vt 0.187411 0.040106
vt 0.192533 0.0552
vt 0.180454 0.049477
vt 0.98637 0.31485
vt 0.169954 0.042469
vt 0.620235 0.123665
vt 0.609025 0.113046
vt 0.620235 0.104954
vt 0.205301 0.040756
vt 0.248562 0.898536
vt 0.261367 0.89984
vt 0.261494 0.913703
vt 0.248562 0.913367
vt 0.61316 0.130487
vt 0.188104 0.164379
vt 0.178831 0.154042
vt 0.188104 0.144809
vt 0.266533 0.149724
vt 0.219172 0.138585
vt 0.738881 0.286393
vt 0.894765 0.68381
vt 0.894765 0.71344
vt 0.886001 0.713232
vt 0.884512 0.682151
vt 0.255661 0.948994
vt 0.247992 0.946764
vt 0.096491 0.02577
vt 0.09413 0.035132
vt 0.960856 0.57448
vt 0.955409 0.562915
vt 0.960856 0.558484
vt 0.555839 0.929967
vt 0.546851 0.931152
vt 0.555233 0.918794
vt 0.110471 0.02701
vt 0.107036 0.037586
vt 0.205607 0.054597
vt 0.206745 0.064782
vt 0.205607 0.074564
vt 0.553759 0.942086
vt 0.546851 0.942215
vt 0.296048 0.181077
vt 0.300074 0.137454
vt 0.301303 0.169793
vt 0.126078 0.031926
vt 0.11924 0.043175
vt 0.77217 0.103346
vt 0.78125 0.096718
vt 0.785239 0.107862
vt 0.772475 0.109154
vt 0.788004 0.097649
vt 0.13007 0.04513
vt 0.142142 0.031809
vt 0.785853 0.117604
vt 0.140215 0.044184
vt 0.14332 0.017761
vt 0.773765 0.118052
vt 0.788004 0.132435
vt 0.77635 0.1321
vt 0.161544 0.032092
vt 0.155343 0.041279
vt 0.215185 0.097018
vt 0.264777 0.088743
vt 0.305031 0.09166
vt 0.345173 0.49635
vt 0.371124 0.525336
vt 0.284325 0.525336
vt 0.191717 0.134532
vt 0.004919 0.208555
vt 0.026326 0.183464
vt 0.049425 0.186688
vt 0.04292 0.220475
vt 0.086413 0.21819
vt 0.161488 0.370856
vt 0.172233 0.375555
vt 0.074912 0.187869
vt 0.109232 0.260815
vt 0.044861 0.267847
vt 0.787262 0.145738
vt 0.775489 0.144498
vt 0.199696 0.020007
vt 0.267752 0.305034
vt 0.264077 0.288452
vt 0.267752 0.264659
vt 0.930463 0.596304
vt 0.938826 0.576171
vt 0.938826 0.599899
vt 0.001613 0.018182
vt 0.033893 0.047633
vt 0.001613 0.105067
vt 0.39146 0.103373
vt 0.381226 0.103373
vt 0.387821 0.080503
vt 0.160572 0.157887
vt 0.172112 0.152761
vt 0.186571 0.170312
vt 0.144076 0.157839
vt 0.132462 0.176034
vt 0.247416 0.002872
vt 0.211646 0.020336
vt 0.162085 0.002872
vt 0.116694 0.002273
vt 0.118624 0.011544
vt 0.087713 0.004193
vt 0.986399 0.35762
vt 0.973661 0.366957
vt 0.974739 0.35762
vt 0.427047 0.220478
vt 0.427047 0.252095
vt 0.403239 0.229794
vt 0.402111 0.212916
vt 0.420556 0.210863
vt 0.40184 0.219761
vt 0.44584 0.218314
vt 0.430741 0.213269
vt 0.447383 0.185693
vt 0.442241 0.228775
vt 0.088923 0.013773
vt 0.986133 0.366814
vt 0.43151 0.191726
vt 0.427373 0.195436
vt 0.620925 0.642957
vt 0.628874 0.642331
vt 0.630403 0.658634
vt 0.629298 0.678202
vt 0.613779 0.679547
vt 0.613779 0.659515
vt 0.836816 0.412496
vt 0.837253 0.441748
vt 0.83078 0.431671
vt 0.086426 0.885057
vt 0.081489 0.895526
vt 0.059628 0.882015
vt 0.498222 0.213556
vt 0.488732 0.225386
vt 0.488732 0.205385
vt 0.085216 0.873257
vt 0.857014 0.433863
vt 0.842853 0.450772
vt 0.857483 0.445529
vt 0.059771 0.900767
vt 0.077268 0.904933
vt 0.587975 0.845968
vt 0.603289 0.85379
vt 0.573049 0.855064
vt 0.857483 0.419414
vt 0.714559 0.912772
vt 0.7285 0.914165
vt 0.728691 0.938826
vt 0.714636 0.93504
vt 0.70292 0.913279
vt 0.059628 0.892551
vt 0.061421 0.013852
vt 0.060933 0.003963
vt 0.421638 0.278334
vt 0.364347 0.256097
vt 0.387553 0.231586
vt 0.374354 0.239963
vt 0.362995 0.242896
vt 0.43297 0.185668
vt 0.431788 0.178185
vt 0.446349 0.158917
vt 0.42738 0.190013
vt 0.427978 0.184782
vt 0.41793 0.184527
vt 0.94651 0.735655
vt 0.948808 0.728288
vt 0.954077 0.730903
vt 0.952558 0.736541
vt 0.426867 0.179145
vt 0.99655 0.572263
vt 0.991412 0.572139
vt 0.99015 0.567403
vt 0.995841 0.567403
vt 0.423207 0.1928
vt 0.62903 0.637691
vt 0.284256 0.799276
vt 0.283363 0.784223
vt 0.293172 0.78365
vt 0.99015 0.005724
vt 0.998659 0.001319
vt 0.998659 0.005943
vt 0.29491 0.792467
vt 0.947067 0.742723
vt 0.952298 0.743159
vt 0.413562 0.174293
vt 0.423575 0.173624
vt 0.427599 0.172567
vt 0.954077 0.749027
vt 0.589589 0.978745
vt 0.589589 0.988692
vt 0.586615 0.984243
vt 0.421843 0.170237
vt 0.410357 0.179023
vt 0.275249 0.790496
vt 0.418172 0.170063
vt 0.558541 0.10912
vt 0.540552 0.122459
vt 0.536155 0.118066
vt 0.533499 0.094715
vt 0.530845 0.115658
vt 0.557867 0.128671
vt 0.539211 0.127585
vt 0.428744 0.152775
vt 0.555704 0.133876
vt 0.031875 0.017315
vt 0.364726 0.27497
vt 0.370027 0.302057
vt 0.033128 0.006187
vt 0.422666 0.309235
vt 0.447383 0.125892
vt 0.471314 0.881454
vt 0.476914 0.880381
vt 0.478122 0.909195
vt 0.430866 0.122405
vt 0.471314 0.909432
vt 0.350789 0.894765
vt 0.333309 0.894765
vt 0.333606 0.861725
vt 0.498222 0.910017
vt 0.341488 0.032
vt 0.364346 0.024327
vt 0.364346 0.055923
vt 0.695677 0.87443
vt 0.696983 0.838299
vt 0.725302 0.87173
vt 0.559228 0.074551
vt 0.700394 0.715286
vt 0.701758 0.690107
vt 0.725302 0.688297
vt 0.725302 0.66015
vt 0.722175 0.712259
vt 0.725302 0.837714
vt 0.694457 0.692294
vt 0.624056 0.627184
vt 0.628708 0.634259
vt 0.611661 0.645252
vt 0.604071 0.639365
vt 0.699993 0.666079
vt 0.530845 0.066296
vt 0.554638 0.05164
vt 0.306355 0.691997
vt 0.340621 0.691997
vt 0.340009 0.718373
vt 0.340042 0.739259
vt 0.327893 0.736091
vt 0.307297 0.720995
vt 0.661679 0.333849
vt 0.645147 0.316664
vt 0.669606 0.328257
vt 0.663416 0.359593
vt 0.671074 0.362533
vt 0.641966 0.324536
vt 0.692672 0.713346
vt 0.688179 0.69404
vt 0.677932 0.716829
vt 0.889925 0.110787
vt 0.89646 0.108562
vt 0.889925 0.132181
vt 0.89646 0.129956
vt 0.74021 0.17065
vt 0.754111 0.171387
vt 0.750963 0.191962
vt 0.737265 0.225386
vt 0.736156 0.197098
vt 0.754111 0.216303
vt 0.847764 0.307707
vt 0.854651 0.307806
vt 0.84562 0.325226
vt 0.592944 0.662474
vt 0.604172 0.662297
vt 0.002122 0.73038
vt 0.010875 0.721951
vt 0.023725 0.746382
vt 0.855617 0.324596
vt 0.00781 0.746582
vt 0.447383 0.715134
vt 0.438747 0.698265
vt 0.447383 0.700907
vt 0.407412 0.208385
vt 0.438753 0.71342
vt 0.093141 0.791004
vt 0.096531 0.788883
vt 0.101678 0.803255
vt 0.101678 0.78437
vt 0.210837 0.889158
vt 0.224528 0.874458
vt 0.226747 0.882413
vt 0.22678 0.888518
vt 0.227913 0.896349
vt 0.210837 0.904933
vt 0.141658 0.835772
vt 0.14211 0.839606
vt 0.137307 0.838191
vt 0.14147 0.829473
vt 0.235248 0.881996
vt 0.233385 0.875211
vt 0.235554 0.888332
vt 0.234626 0.897172
vt 0.985886 0.774448
vt 0.973661 0.774448
vt 0.978114 0.77022
vt 0.960466 0.372542
vt 0.960856 0.376046
vt 0.953385 0.3736
vt 0.390636 0.213627
vt 0.398046 0.212616
vt 0.400318 0.215191
vt 0.960856 0.359987
vt 0.388256 0.216951
vt 0.953984 0.377903
vt 0.680833 0.988022
vt 0.680833 0.978745
vt 0.687521 0.979363
vt 0.687498 0.987713
vt 0.901544 0.819158
vt 0.898127 0.821727
vt 0.898489 0.809717
vt 0.950688 0.368715
vt 0.949694 0.379383
vt 0.937062 0.373775
vt 0.933282 0.368715
vt 0.889188 0.821896
vt 0.935559 0.39146
vt 0.885465 0.809463
vt 0.901544 0.791045
vt 0.892993 0.792532
vt 0.136748 0.848754
vt 0.141688 0.848625
vt 0.955277 0.978745
vt 0.955277 0.987506
vt 0.952195 0.981769
vt 0.914987 0.151897
vt 0.923574 0.1536
vt 0.917814 0.156311
vt 0.91075 0.164352
vt 0.962352 0.75284
vt 0.968878 0.767668
vt 0.962352 0.767164
vt 0.617787 0.702457
vt 0.627014 0.699739
vt 0.62544 0.708003
vt 0.614605 0.696614
vt 0.921249 0.163018
vt 0.923574 0.168663
vt 0.968878 0.753343
vt 0.969329 0.760395
vt 0.914258 0.179631
vt 0.614605 0.715134
vt 0.997089 0.473984
vt 0.997029 0.476976
vt 0.99015 0.476976
vt 0.375382 0.223437
vt 0.382252 0.220308
vt 0.384686 0.221938
vt 0.99021 0.473984
vt 0.62427 0.694127
vt 0.998193 0.081837
vt 0.99015 0.081837
vt 0.990305 0.075074
vt 0.998347 0.075074
vt 0.973661 0.116727
vt 0.976162 0.114951
vt 0.975841 0.124388
vt 0.983693 0.116163
vt 0.648035 0.488239
vt 0.657517 0.489616
vt 0.648035 0.505
vt 0.986976 0.124388
vt 0.471107 0.957717
vt 0.455628 0.946379
vt 0.468676 0.946379
vt 0.909407 0.792964
vt 0.911712 0.795022
vt 0.904292 0.797183
vt 0.37403 0.226045
vt 0.907603 0.799935
vt 0.01605 0.088843
vt 0.027114 0.099128
vt 0.021032 0.101678
vt 0.90372 0.80618
vt 0.910491 0.803337
vt 0.025372 0.094558
vt 0.70292 0.932362
vt 0.603289 0.873928
vt 0.182569 0.838061
vt 0.181862 0.827224
vt 0.204375 0.832655
vt 0.587975 0.881208
vt 0.199088 0.842232
vt 0.13654 0.828978
vt 0.298411 0.801711
vt 0.29995 0.812225
vt 0.286091 0.812603
vt 0.144044 0.857786
vt 0.284989 0.824085
vt 0.138142 0.857758
vt 0.299921 0.819777
vt 0.271116 0.802237
vt 0.271116 0.813793
vt 0.316273 0.740758
vt 0.228775 0.584648
vt 0.220783 0.579813
vt 0.228775 0.567046
vt 0.94052 0.446415
vt 0.929533 0.45012
vt 0.934164 0.433935
vt 0.310556 0.749027
vt 0.94052 0.45755
vt 0.973661 0.435063
vt 0.986348 0.435063
vt 0.976602 0.443895
vt 0.470446 0.021669
vt 0.480243 0.020226
vt 0.496355 0.028517
vt 0.473999 0.049444
vt 0.13654 0.865956
vt 0.918905 0.811017
vt 0.921879 0.820197
vt 0.916902 0.822052
vt 0.454733 0.95526
vt 0.296434 0.82698
vt 0.921879 0.832064
vt 0.453398 0.964245
vt 0.119317 0.978745
vt 0.123472 0.98546
vt 0.117777 0.989838
vt 0.271997 0.863461
vt 0.269062 0.873587
vt 0.256308 0.87401
vt 0.260572 0.863507
vt 0.911712 0.821896
vt 0.027114 0.075113
vt 0.021866 0.086984
vt 0.163314 0.94325
vt 0.172852 0.945328
vt 0.159894 0.955772
vt 0.601594 0.04895
vt 0.596627 0.064396
vt 0.588011 0.060762
vt 0.583764 0.054003
vt 0.596887 0.04615
vt 0.125909 0.989838
vt 0.168711 0.934178
vt 0.172131 0.939405
vt 0.159894 0.938023
vt 0.980472 0.35313
vt 0.980374 0.354983
vt 0.973661 0.35415
vt 0.372353 0.230543
vt 0.370622 0.230087
vt 0.973759 0.352297
vt 0.986393 0.354832
vt 0.981231 0.346055
vt 0.986371 0.345524
vt 0.36478 0.232499
vt 0.363427 0.235106
vt 0.974425 0.345524
vt 0.985226 0.894992
vt 0.978277 0.892618
vt 0.984871 0.891923
vt 0.979574 0.895589
vt 0.973661 0.895939
vt 0.985218 0.902277
vt 0.978852 0.902277
vt 0.196577 0.126312
vt 0.188909 0.130487
vt 0.190363 0.124104
vt 0.175716 0.129504
vt 0.176279 0.122933
vt 0.584381 0.039826
vt 0.592668 0.042998
vt 0.156848 0.120629
vt 0.157177 0.127389
vt 0.589657 0.034284
vt 0.583764 0.02002
vt 0.269062 0.883845
vt 0.27453 0.880137
vt 0.27453 0.885267
vt 0.255336 0.885883
vt 0.272692 0.893817
vt 0.26695 0.891507
vt 0.787036 0.944151
vt 0.787467 0.933698
vt 0.799866 0.9324
vt 0.799866 0.944451
vt 0.690158 0.987939
vt 0.690158 0.978745
vt 0.69707 0.986796
vt 0.283003 0.837692
vt 0.276234 0.831076
vt 0.279391 0.823238
vt 0.695534 0.979898
vt 0.548933 0.145985
vt 0.554144 0.152148
vt 0.548933 0.154211
vt 0.268339 0.833558
vt 0.554118 0.145286
vt 0.26338 0.89646
vt 0.256115 0.896069
vt 0.552332 0.13651
vt 0.796882 0.954077
vt 0.7888 0.952367
vt 0.129585 0.126527
vt 0.277046 0.860873
vt 0.127497 0.118503
vt 0.258009 0.834374
vt 0.488726 0.014234
vt 0.492275 0.005685
vt 0.521098 0.024729
vt 0.258009 0.858117
vt 0.749209 0.723608
vt 0.749209 0.697036
vt 0.755806 0.697651
vt 0.518006 0.00291
vt 0.500563 0.063366
vt 0.528725 0.059301
vt 0.879514 0.646372
vt 0.871807 0.613702
vt 0.879514 0.613028
vt 0.896305 0.662939
vt 0.904933 0.662939
vt 0.901395 0.693104
vt 0.899849 0.068037
vt 0.891185 0.071175
vt 0.891185 0.03994
vt 0.470446 0.079698
vt 0.181862 0.813748
vt 0.641966 0.37404
vt 0.204626 0.801341
vt 0.646948 0.381292
vt 0.497149 0.093205
vt 0.746066 0.029744
vt 0.755871 0.033409
vt 0.759195 0.055728
vt 0.176242 0.826877
vt 0.170048 0.84901
vt 0.161756 0.845266
vt 0.750125 0.057617
vt 0.210134 0.821319
vt 0.161756 0.816453
vt 0.170443 0.80867
vt 0.759195 0.004028
vt 0.933742 0.005601
vt 0.933742 0.028809
vt 0.924902 0.025966
vt 0.600233 0.689032
vt 0.60947 0.682003
vt 0.628708 0.69141
vt 0.923583 0.002823
vt 0.886292 0.035372
vt 0.878507 0.002273
vt 0.886292 0.001752
vt 0.869797 0.647349
vt 0.525837 0.09096
vt 0.172965 0.476379
vt 0.150572 0.508389
vt 0.141696 0.480069
vt 0.110151 0.950127
vt 0.101247 0.932306
vt 0.109587 0.932807
vt 0.572478 0.872162
vt 0.023945 0.591679
vt 0.012102 0.611906
vt 0.002889 0.610387
vt 0.011225 0.633364
vt 0.581259 0.719185
vt 0.551309 0.725302
vt 0.548054 0.695411
vt 0.316995 0.230291
vt 0.345705 0.199885
vt 0.345705 0.23047
vt 0.581259 0.690727
vt 0.002479 0.637806
vt 0.090563 0.931494
vt 0.101099 0.951913
vt 0.037282 0.601488
vt 0.090563 0.954077
vt 0.531192 0.722853
vt 0.406311 0.675503
vt 0.40014 0.677853
vt 0.410131 0.659918
vt 0.416879 0.677853
vt 0.186727 0.866963
vt 0.195679 0.866434
vt 0.206745 0.882903
vt 0.182613 0.871265
vt 0.312737 0.200493
vt 0.915101 0.72948
vt 0.915101 0.7575
vt 0.909931 0.755717
vt 0.317928 0.196425
vt 0.579835 0.666295
vt 0.548519 0.671005
vt 0.287193 0.623398
vt 0.3168 0.656029
vt 0.28652 0.650404
vt 0.318407 0.626255
vt 0.634311 0.614616
vt 0.650933 0.60461
vt 0.66599 0.627382
vt 0.639397 0.63455
vt 0.641805 0.659717
vt 0.648698 0.659241
vt 0.28652 0.676745
vt 0.338146 0.657989
vt 0.34401 0.682107
vt 0.318655 0.68802
vt 0.337884 0.633752
vt 0.68449 0.197543
vt 0.668336 0.196481
vt 0.69141 0.178344
vt 0.667084 0.219006
vt 0.685267 0.223191
vt 0.636263 0.659902
vt 0.684472 0.228627
vt 0.356214 0.468154
vt 0.358841 0.480971
vt 0.676647 0.238943
vt 0.635357 0.665381
vt 0.423658 0.008454
vt 0.417581 0.001697
vt 0.78151 0.230987
vt 0.794721 0.232519
vt 0.796964 0.256667
vt 0.779126 0.254788
vt 0.349076 0.468416
vt 0.352867 0.472974
vt 0.34602 0.476727
vt 0.806528 0.978745
vt 0.806528 0.987851
vt 0.802889 0.982667
vt 0.938933 0.032515
vt 0.94354 0.033897
vt 0.94167 0.038181
vt 0.053531 0.937021
vt 0.057617 0.942087
vt 0.052169 0.941135
vt 0.919808 0.55688
vt 0.923536 0.554787
vt 0.932047 0.577869
vt 0.946593 0.036311
vt 0.947299 0.028966
vt 0.940461 0.043183
vt 0.343394 0.470111
vt 0.947299 0.042261
vt 0.052169 0.94984
vt 0.057228 0.947154
vt 0.932047 0.552944
vt 0.053239 0.955772
vt 0.467718 0.870888
vt 0.466372 0.876662
vt 0.44559 0.879224
vt 0.681518 0.890066
vt 0.695484 0.877882
vt 0.701577 0.901544
vt 0.67865 0.895977
vt 0.99015 0.504816
vt 0.996739 0.504287
vt 0.996739 0.510216
vt 0.647723 0.66423
vt 0.642461 0.665575
vt 0.99158 0.509978
vt 0.195691 0.860643
vt 0.206232 0.860893
vt 0.20622 0.866684
vt 0.662159 0.98839
vt 0.662159 0.978745
vt 0.664624 0.983814
vt 0.642835 0.671074
vt 0.643345 0.981962
vt 0.64816 0.978745
vt 0.64816 0.988377
vt 0.634311 0.670681
vt 0.894094 0.876223
vt 0.886253 0.863505
vt 0.894765 0.862074
vt 0.206745 0.852802
vt 0.193216 0.848638
vt 0.68567 0.234113
vt 0.883095 0.870174
vt 0.69141 0.238483
vt 0.184888 0.861314
vt 0.932047 0.068707
vt 0.926355 0.06025
vt 0.932015 0.062444
vt 0.174273 0.84759
vt 0.881774 0.878063
vt 0.880235 0.883866
vt 0.894765 0.894765
vt 0.925712 0.069205
vt 0.765973 0.951801
vt 0.758492 0.955772
vt 0.758492 0.935012
vt 0.179631 0.175975
vt 0.179631 0.189799
vt 0.16832 0.184364
vt 0.335532 0.471988
vt 0.349973 0.489254
vt 0.341368 0.486002
vt 0.337428 0.479178
vt 0.946477 0.050839
vt 0.342543 0.492226
vt 0.331312 0.482358
vt 0.337156 0.494832
vt 0.83294 0.983934
vt 0.841283 0.978745
vt 0.841283 0.987581
vt 0.954201 0.238147
vt 0.963271 0.239096
vt 0.964245 0.247868
vt 0.955817 0.246502
vt 0.466372 0.885387
vt 0.327667 0.476445
vt 0.963147 0.255889
vt 0.954201 0.252536
vt 0.463891 0.890678
vt 0.323166 0.491606
vt 0.973661 0.112314
vt 0.983207 0.10692
vt 0.987196 0.112314
vt 0.873304 0.892998
vt 0.324468 0.483531
vt 0.320093 0.478192
vt 0.319226 0.484782
vt 0.661328 0.92819
vt 0.659218 0.919902
vt 0.668908 0.918478
vt 0.669379 0.925961
vt 0.798373 0.589578
vt 0.804046 0.593177
vt 0.798555 0.597514
vt 0.93838 0.103373
vt 0.93838 0.080707
vt 0.94391 0.084293
vt 0.816994 0.595016
vt 0.81789 0.6017
vt 0.807701 0.604413
vt 0.547366 0.232164
vt 0.542067 0.222076
vt 0.547366 0.218192
vt 0.188104 0.056827
vt 0.188104 0.081342
vt 0.17999 0.060416
vt 0.674463 0.544634
vt 0.666244 0.547366
vt 0.670582 0.537679
vt 0.818507 0.610009
vt 0.463663 0.899431
vt 0.668394 0.934453
vt 0.660758 0.933466
vt 0.316025 0.882513
vt 0.317334 0.8877
vt 0.29431 0.881597
vt 0.441463 0.884095
vt 0.441463 0.901544
vt 0.811861 0.593019
vt 0.801064 0.605719
vt 0.659218 0.940399
vt 0.318591 0.894771
vt 0.962551 0.482564
vt 0.955344 0.483948
vt 0.955091 0.476419
vt 0.316983 0.902909
vt 0.29431 0.911712
vt 0.666367 0.942215
vt 0.962297 0.475036
vt 0.955026 0.489804
vt 0.315181 0.908903
vt 0.025419 0.915189
vt 0.013059 0.898208
vt 0.02216 0.898208
vt 0.01466 0.920561
vt 0.002381 0.899238
vt 0.002323 0.926963
vt 0.037282 0.645238
vt 0.024752 0.660906
vt 0.694799 0.577245
vt 0.694799 0.608324
vt 0.663503 0.578143
vt 0.926963 0.860967
vt 0.926963 0.887987
vt 0.913925 0.886322
vt 0.011948 0.518654
vt 0.030435 0.500124
vt 0.042259 0.51135
vt 0.023835 0.535504
vt 0.683959 0.656507
vt 0.687587 0.650665
vt 0.689715 0.657517
vt 0.669223 0.601044
vt 0.661316 0.602487
vt 0.655966 0.597218
vt 0.006023 0.439536
vt 0.006736 0.433309
vt 0.011862 0.430039
vt 0.671326 0.610375
vt 0.010827 0.439489
vt 0.663681 0.584126
vt 0.658754 0.588072
vt 0.655672 0.592451
vt 0.681605 0.64992
vt 0.683847 0.640679
vt 0.689715 0.643601
vt 0.273554 0.739261
vt 0.26731 0.740554
vt 0.271638 0.727208
vt 0.274247 0.732113
vt 0.053556 0.48043
vt 0.036965 0.47881
vt 0.672093 0.62145
vt 0.011862 0.450772
vt 0.691664 0.638876
vt 0.670686 0.631455
vt 0.982703 0.795823
vt 0.973661 0.790996
vt 0.985807 0.790996
vt 0.006438 0.450428
vt 0.66607 0.635882
vt 0.056363 0.524565
vt 0.062585 0.522269
vt 0.060599 0.529021
vt 0.977107 0.687414
vt 0.985999 0.692542
vt 0.973661 0.692542
vt 0.068762 0.517737
vt 0.064761 0.52616
vt 0.997624 0.368542
vt 0.992956 0.371936
vt 0.99015 0.368542
vt 0.070217 0.525048
vt 0.569396 0.070655
vt 0.564747 0.084732
vt 0.564747 0.067092
vt 0.779926 0.85957
vt 0.796052 0.860362
vt 0.779968 0.876629
vt 0.775035 0.987941
vt 0.771065 0.981955
vt 0.775035 0.978745
vt 0.987144 0.135902
vt 0.983253 0.140867
vt 0.973661 0.135902
vt 0.528725 0.352661
vt 0.513952 0.340261
vt 0.526508 0.336328
vt 0.074153 0.504772
vt 0.070107 0.510958
vt 0.256512 0.739407
vt 0.246345 0.737226
vt 0.258344 0.730958
vt 0.247307 0.728416
vt 0.246345 0.693291
vt 0.273761 0.699779
vt 0.068105 0.53301
vt 0.073693 0.519922
vt 0.099983 0.535504
vt 0.932047 0.074564
vt 0.314461 0.193199
vt 0.315019 0.188004
vt 0.303902 0.193991
vt 0.308565 0.16952
vt 0.310305 0.196117
vt 0.996596 0.555022
vt 0.99015 0.560122
vt 0.99029 0.555022
vt 0.388918 0.989142
vt 0.388918 0.978745
vt 0.392648 0.981947
vt 0.995102 0.559861
vt 0.99015 0.191776
vt 0.994108 0.189103
vt 0.998174 0.191776
vt 0.980753 0.169207
vt 0.985495 0.165096
vt 0.986987 0.169851
vt 0.980789 0.163462
vt 0.973661 0.163908
vt 0.29598 0.730713
vt 0.29013 0.725756
vt 0.301644 0.706257
vt 0.975737 0.169851
vt 0.677879 0.98543
vt 0.672217 0.978745
vt 0.678196 0.980481
vt 0.672217 0.988163
vt 0.280915 0.725335
vt 0.284219 0.69062
vt 0.659141 0.529564
vt 0.651175 0.544979
vt 0.265468 0.683164
vt 0.802379 0.613718
vt 0.809233 0.614554
vt 0.667589 0.525996
vt 0.816906 0.622872
vt 0.807694 0.62365
vt 0.664519 0.520615
vt 0.818253 0.628987
vt 0.642575 0.51766
vt 0.656021 0.516899
vt 0.800857 0.621872
vt 0.804249 0.633792
vt 0.812064 0.633635
vt 0.798373 0.63102
vt 0.962551 0.491443
vt 0.948994 0.672548
vt 0.938348 0.686326
vt 0.938348 0.664042
vt 0.277919 0.950383
vt 0.25859 0.952383
vt 0.260104 0.932176
vt 0.09151 0.044786
vt 0.091029 0.055884
vt 0.086935 0.041421
vt 0.086935 0.059312
vt 0.973661 0.383171
vt 0.986585 0.383171
vt 0.976669 0.388082
vt 0.277919 0.930142
vt 0.142697 0.394466
vt 0.149128 0.386991
vt 0.149128 0.410101
vt 0.938223 0.196174
vt 0.947299 0.204151
vt 0.938223 0.218607
vt 0.91849 0.83496
vt 0.906686 0.850705
vt 0.906686 0.82229
vt 0.762374 0.61854
vt 0.755023 0.604601
vt 0.767668 0.598286
vt 0.327305 0.626967
vt 0.327492 0.615695
vt 0.333295 0.625737
vt 0.289322 0.732685
vt 0.294322 0.735839
vt 0.294866 0.742731
vt 0.285049 0.734747
vt 0.038792 0.990359
vt 0.038792 0.978745
vt 0.041977 0.984838
vt 0.33404 0.615231
vt 0.338926 0.611418
vt 0.338926 0.628708
vt 0.951667 0.435882
vt 0.962551 0.434319
vt 0.962551 0.452308
vt 0.951421 0.452467
vt 0.150822 0.949958
vt 0.136171 0.967634
vt 0.136696 0.952216
vt 0.288885 0.750716
vt 0.272606 0.747851
vt 0.351753 0.719438
vt 0.356686 0.72271
vt 0.34542 0.723407
vt 0.415185 0.484891
vt 0.409801 0.469657
vt 0.414729 0.474001
vt 0.302368 0.476251
vt 0.309558 0.475796
vt 0.310201 0.487595
vt 0.302641 0.487177
vt 0.366815 0.73872
vt 0.343558 0.73032
vt 0.484881 0.806582
vt 0.463024 0.826908
vt 0.464745 0.806582
vt 0.409801 0.489748
vt 0.287292 0.762858
vt 0.150822 0.966104
vt 0.349816 0.741382
vt 0.480106 0.917291
vt 0.480861 0.931134
vt 0.459953 0.931266
vt 0.315201 0.491443
vt 0.315201 0.471667
vt 0.460414 0.916784
vt 0.351609 0.752183
vt 0.481275 0.942215
vt 0.270881 0.763862
vt 0.294866 0.776838
vt 0.488479 0.330433
vt 0.507755 0.330295
vt 0.511585 0.347713
vt 0.488162 0.347161
vt 0.178773 0.906207
vt 0.192726 0.91596
vt 0.178773 0.932047
vt 0.193188 0.919562
vt 0.94052 0.537198
vt 0.937544 0.516218
vt 0.94052 0.51442
vt 0.277555 0.78292
vt 0.115902 0.41948
vt 0.118624 0.417155
vt 0.118624 0.437215
vt 0.371124 0.936065
vt 0.369957 0.955391
vt 0.352074 0.957467
vt 0.352074 0.937778
vt 0.936579 0.536406
vt 0.367735 0.755121
vt 0.486359 0.843628
vt 0.4609 0.843331
vt 0.486111 0.827352
vt 0.343558 0.764487
vt 0.459465 0.942215
vt 0.46066 0.339592
vt 0.481629 0.333427
vt 0.463838 0.846638
vt 0.911078 0.545804
vt 0.915101 0.547703
vt 0.914227 0.566695
vt 0.360332 0.772752
vt 0.909175 0.566665
vt 0.967634 0.125699
vt 0.961876 0.137304
vt 0.962488 0.12976
vt 0.967634 0.140654
vt 0.096932 0.758853
vt 0.089294 0.740889
vt 0.103373 0.747485
vt 0.75638 0.11688
vt 0.761386 0.119655
vt 0.751391 0.127855
vt 0.105479 0.567702
vt 0.105479 0.548352
vt 0.110151 0.552957
vt 0.946058 0.911898
vt 0.955772 0.905117
vt 0.95241 0.910679
vt 0.955772 0.921643
vt 0.9484 0.923574
vt 0.109076 0.564657
vt 0.079918 0.756778
vt 0.770339 0.1309
vt 0.756177 0.135626
vt 0.367099 0.853134
vt 0.346029 0.853846
vt 0.345913 0.839459
vt 0.365485 0.838459
vt 0.772752 0.147554
vt 0.345829 0.871386
vt 0.506764 0.92491
vt 0.507866 0.934326
vt 0.486778 0.935189
vt 0.487457 0.926164
vt 0.502199 0.920527
vt 0.095782 0.769476
vt 0.757523 0.146903
vt 0.508389 0.945604
vt 0.079063 0.771902
vt 0.084316 0.789698
vt 0.463702 0.354091
vt 0.103373 0.77972
vt 0.751391 0.159284
vt 0.455056 0.343569
vt 0.435752 0.353534
vt 0.486778 0.945525
vt 0.483694 0.847316
vt 0.577869 0.944416
vt 0.577869 0.964245
vt 0.559568 0.943718
vt 0.948994 0.528725
vt 0.945153 0.50998
vt 0.948994 0.507567
vt 0.560039 0.962985
vt 0.944109 0.528487
vt 0.937788 0.229572
vt 0.941481 0.231424
vt 0.942215 0.2525
vt 0.367735 0.870462
vt 0.34839 0.87443
vt 0.769845 0.169463
vt 0.937788 0.252408
vt 0.839095 0.95251
vt 0.82197 0.934025
vt 0.840537 0.934025
vt 0.3663 0.87443
vt 0.56915 0.080623
vt 0.982658 0.143504
vt 0.973661 0.149333
vt 0.975542 0.143651
vt 0.495694 0.988687
vt 0.495694 0.979448
vt 0.502432 0.987316
vt 0.798171 0.876768
vt 0.5871 0.896613
vt 0.571067 0.896399
vt 0.576621 0.88162
vt 0.987081 0.149333
vt 0.588037 0.887554
vt 0.797455 0.893011
vt 0.588037 0.908449
vt 0.571109 0.911712
vt 0.282625 0.898336
vt 0.286042 0.899786
vt 0.281863 0.918718
vt 0.750895 0.587119
vt 0.277189 0.917793
vt 0.503027 0.978745
vt 0.702131 0.965858
vt 0.701982 0.957815
vt 0.708356 0.969329
vt 0.708356 0.954294
vt 0.513571 0.349199
vt 0.896297 0.916967
vt 0.896629 0.926391
vt 0.880605 0.926391
vt 0.880273 0.916967
vt 0.5084 0.363458
vt 0.528069 0.367712
vt 0.779926 0.893071
vt 0.898155 0.942215
vt 0.879343 0.939483
vt 0.376742 0.962551
vt 0.373696 0.961553
vt 0.373696 0.94246
vt 0.526742 0.373842
vt 0.517701 0.397804
vt 0.866749 0.038976
vt 0.857569 0.002975
vt 0.87443 0.002975
vt 0.389765 0.941796
vt 0.511126 0.402938
vt 0.684368 0.001636
vt 0.689715 0.003628
vt 0.684368 0.018641
vt 0.954077 0.228775
vt 0.941019 0.219637
vt 0.954077 0.207626
vt 0.949347 0.677435
vt 0.952383 0.678574
vt 0.949347 0.696493
vt 0.285713 0.871123
vt 0.279341 0.870048
vt 0.281548 0.864155
vt 0.156824 0.347632
vt 0.149034 0.328615
vt 0.157601 0.328005
vt 0.289782 0.892546
vt 0.283619 0.893604
vt 0.279341 0.89646
vt 0.149034 0.347368
vt 0.696493 0.905779
vt 0.696386 0.923252
vt 0.67599 0.912775
vt 0.674482 0.90493
vt 0.153753 0.352483
vt 0.675815 0.920796
vt 0.696357 0.929763
vt 0.521946 0.941509
vt 0.521946 0.959161
vt 0.507823 0.95685
vt 0.674482 0.932047
vt 0.677394 0.926032
vt 0.49452 0.367657
vt 0.50362 0.404477
vt 0.494423 0.397928
vt 0.468514 0.375429
vt 0.513512 0.35444
vt 0.525613 0.399869
vt 0.523068 0.395189
vt 0.528725 0.393925
vt 0.520757 0.403263
vt 0.513657 0.408406
vt 0.610222 0.988479
vt 0.604228 0.988479
vt 0.607584 0.978745
vt 0.122013 0.141771
vt 0.115427 0.13479
vt 0.120116 0.131016
vt 0.404281 0.988836
vt 0.404281 0.978745
vt 0.41278 0.981369
vt 0.264885 0.978745
vt 0.264885 0.98952
vt 0.25867 0.983033
vt 0.285207 0.425667
vt 0.271845 0.435161
vt 0.277537 0.425055
vt 0.115427 0.145738
vt 0.755806 0.508907
vt 0.755039 0.520246
vt 0.74791 0.510079
vt 0.747144 0.521418
vt 0.483927 0.395935
vt 0.766062 0.582596
vt 0.750787 0.565832
vt 0.767668 0.575913
vt 0.744918 0.582698
vt 0.277531 0.925269
vt 0.301644 0.925269
vt 0.591475 0.925587
vt 0.594462 0.944151
vt 0.585154 0.947299
vt 0.547332 0.421963
vt 0.542531 0.402639
vt 0.559228 0.402639
vt 0.572551 0.393022
vt 0.579564 0.416842
vt 0.562603 0.416862
vt 0.55865 0.41036
vt 0.59651 0.947299
vt 0.915101 0.57448
vt 0.06948 0.108456
vt 0.06269 0.103232
vt 0.06948 0.090647
vt 0.858665 0.30725
vt 0.86423 0.303194
vt 0.877819 0.31545
vt 0.85814 0.313
vt 0.859626 0.319961
vt 0.859622 0.328758
vt 0.877819 0.297162
vt 0.872699 0.302086
vt 0.87101 0.295408
vt 0.696545 0.65555
vt 0.700333 0.655522
vt 0.703272 0.660589
vt 0.698263 0.660906
vt 0.875085 0.293188
vt 0.862034 0.296881
vt 0.892574 0.432728
vt 0.892428 0.438363
vt 0.884489 0.438594
vt 0.886119 0.428767
vt 0.893071 0.422901
vt 0.893054 0.44544
vt 0.893071 0.454161
vt 0.886153 0.446209
vt 0.439175 0.367348
vt 0.703272 0.639243
vt 0.702154 0.647315
vt 0.700167 0.636646
vt 0.973661 0.198142
vt 0.97779 0.197841
vt 0.979384 0.203186
vt 0.697487 0.64632
vt 0.302507 0.856175
vt 0.311412 0.854202
vt 0.312975 0.860078
vt 0.986686 0.184275
vt 0.986686 0.195204
vt 0.973661 0.193998
vt 0.304795 0.866569
vt 0.958974 0.340161
vt 0.964245 0.348041
vt 0.958974 0.355873
vt 0.316294 0.851355
vt 0.950684 0.544263
vt 0.957467 0.542019
vt 0.957467 0.554144
vt 0.950908 0.552553
vt 0.311509 0.871437
vt 0.304473 0.873967
vt 0.314133 0.866795
vt 0.986935 0.197841
vt 0.998442 0.068379
vt 0.99015 0.072437
vt 0.99015 0.066709
vt 0.955506 0.148361
vt 0.963845 0.14576
vt 0.964245 0.153784
vt 0.955506 0.157601
vt 0.956799 0.139884
vt 0.950753 0.535846
vt 0.753449 0.760207
vt 0.744711 0.758023
vt 0.760889 0.710762
vt 0.760889 0.764279
vt 0.737149 0.759025
vt 0.337262 0.417138
vt 0.285463 0.416982
vt 0.281174 0.409926
vt 0.474808 0.63451
vt 0.476191 0.682298
vt 0.425574 0.663726
vt 0.320967 0.852747
vt 0.328758 0.857774
vt 0.327495 0.867895
vt 0.777836 0.402398
vt 0.773941 0.41609
vt 0.762806 0.407847
vt 0.322141 0.875701
vt 0.973661 0.79846
vt 0.98572 0.79846
vt 0.985387 0.804712
vt 0.973746 0.804447
vt 0.328758 0.88165
vt 0.326134 0.886292
vt 0.318582 0.880065
vt 0.768344 0.425243
vt 0.752835 0.423067
vt 0.76923 0.43578
vt 0.749787 0.405452
vt 0.99015 0.092808
vt 0.998358 0.089994
vt 0.998358 0.096173
vt 0.744705 0.412551
vt 0.997346 0.395165
vt 0.99015 0.396344
vt 0.99015 0.390545
vt 0.998146 0.038237
vt 0.990166 0.038237
vt 0.99015 0.03213
vt 0.377699 0.133995
vt 0.377408 0.148048
vt 0.370898 0.13814
vt 0.998531 0.033003
vt 0.649419 0.196577
vt 0.638819 0.190475
vt 0.650738 0.14417
vt 0.629229 0.18814
vt 0.613559 0.145207
vt 0.621792 0.190253
vt 0.616763 0.196577
vt 0.962551 0.223407
vt 0.959527 0.207978
vt 0.962551 0.207694
vt 0.960998 0.733447
vt 0.962551 0.747639
vt 0.957807 0.733298
vt 0.957807 0.749027
vt 0.962784 0.052534
vt 0.964043 0.037424
vt 0.967634 0.037684
vt 0.959527 0.223691
vt 0.967634 0.05253
vt 0.760504 0.66391
vt 0.754159 0.640153
vt 0.762584 0.644594
vt 0.560151 0.422864
vt 0.751032 0.66837
vt 0.579564 0.445012
vt 0.973661 0.337148
vt 0.98026 0.33593
vt 0.973828 0.342888
vt 0.979777 0.341745
vt 0.887346 0.453286
vt 0.777836 0.448007
vt 0.777188 0.454161
vt 0.766512 0.448456
vt 0.774328 0.441788
vt 0.986528 0.337288
vt 0.363196 0.184703
vt 0.359271 0.182791
vt 0.364482 0.173901
vt 0.983897 0.342888
vt 0.357279 0.177563
vt 0.305116 0.124073
vt 0.311191 0.1227
vt 0.304185 0.129996
vt 0.75219 0.438938
vt 0.354665 0.171099
vt 0.352488 0.155803
vt 0.363311 0.156626
vt 0.762171 0.668164
vt 0.76011 0.671597
vt 0.762584 0.693104
vt 0.558517 0.449289
vt 0.552068 0.439395
vt 0.560809 0.460044
vt 0.548713 0.42789
vt 0.923574 0.257584
vt 0.917084 0.233894
vt 0.923574 0.22975
vt 0.576582 0.474497
vt 0.824023 0.955772
vt 0.878305 0.730409
vt 0.886292 0.720051
vt 0.886145 0.730808
vt 0.878224 0.741854
vt 0.886064 0.742253
vt 0.311812 0.130374
vt 0.986327 0.654598
vt 0.981355 0.654836
vt 0.973661 0.654598
vt 0.303564 0.137265
vt 0.311812 0.135355
vt 0.962551 0.787623
vt 0.962551 0.791898
vt 0.954318 0.787108
vt 0.546775 0.431802
vt 0.954318 0.795659
vt 0.961222 0.803255
vt 0.973661 0.757881
vt 0.979826 0.75215
vt 0.985853 0.757881
vt 0.346815 0.167275
vt 0.337227 0.172879
vt 0.33076 0.161309
vt 0.959161 0.081736
vt 0.959161 0.099983
vt 0.950398 0.092051
vt 0.946625 0.081817
vt 0.877906 0.718909
vt 0.326817 0.178919
vt 0.316382 0.167099
vt 0.316077 0.181282
vt 0.338847 0.146362
vt 0.341791 0.156503
vt 0.326898 0.148548
vt 0.364846 0.145043
vt 0.357749 0.147804
vt 0.998044 0.175089
vt 0.996436 0.180995
vt 0.99015 0.175089
vt 0.990197 0.180974
vt 0.362189 0.140241
vt 0.99015 0.144099
vt 0.99015 0.137385
vt 0.998152 0.139057
vt 0.340031 0.082236
vt 0.356564 0.142268
vt 0.184727 0.880111
vt 0.178821 0.880649
vt 0.17756 0.872393
vt 0.348422 0.140887
vt 0.349869 0.145513
vt 0.367653 0.134397
vt 0.379956 0.084088
vt 0.938606 0.002551
vt 0.94391 0.002003
vt 0.94391 0.025419
vt 0.947299 0.443993
vt 0.942357 0.42229
vt 0.947299 0.422287
vt 0.93681 0.024924
vt 0.002066 0.952383
vt 0.002066 0.931374
vt 0.006779 0.931885
vt 0.920488 0.93513
vt 0.925269 0.935011
vt 0.925269 0.954331
vt 0.917704 0.955772
vt 0.942215 0.131251
vt 0.93592 0.132181
vt 0.93592 0.108941
vt 0.180291 0.89163
vt 0.337662 0.140826
vt 0.186409 0.891426
vt 0.17756 0.901053
vt 0.328069 0.142603
vt 0.183674 0.903238
vt 0.751488 0.967634
vt 0.752836 0.953505
vt 0.755806 0.967621
vt 0.996313 0.637127
vt 0.992285 0.641194
vt 0.99015 0.637127
vt 0.994312 0.666498
vt 0.99015 0.661945
vt 0.996101 0.662582
vt 0.755806 0.953202
vt 0.957616 0.38915
vt 0.960856 0.389127
vt 0.960856 0.405017
vt 0.956802 0.403842
vt 0.952383 0.166074
vt 0.945227 0.144938
vt 0.950257 0.145552
vt 0.941557 0.442401
vt 0.945227 0.1659
vt 0.99524 0.765997
vt 0.99015 0.765997
vt 0.990406 0.763104
vt 0.992469 0.707747
vt 0.995935 0.7118
vt 0.99015 0.7118
vt 0.99015 0.666919
vt 0.783561 0.987649
vt 0.785414 0.978745
vt 0.791473 0.981552
vt 0.791924 0.987649
vt 0.99015 0.252943
vt 0.997833 0.25784
vt 0.99015 0.259498
vt 0.997624 0.297157
vt 0.997624 0.30404
vt 0.99015 0.300882
vt 0.99015 0.410865
vt 0.997152 0.412955
vt 0.99015 0.417072
vt 0.129482 0.405789
vt 0.696262 0.322378
vt 0.122052 0.411825
vt 0.245474 0.566788
vt 0.254793 0.565391
vt 0.249809 0.600774
vt 0.118221 0.062628
vt 0.076676 0.092639
vt 0.079279 0.071682
vt 0.106749 0.043439
vt 0.136371 0.406226
vt 0.260918 0.590347
vt 0.12977 0.073927
vt 0.132216 0.086568
vt 0.103472 0.115702
vt 0.127842 0.08111
vt 0.148281 0.052821
vt 0.798171 0.275641
vt 0.779126 0.279614
vt 0.67865 0.870667
vt 0.606128 0.08783
vt 0.59683 0.09089
vt 0.585983 0.080986
vt 0.603075 0.097369
vt 0.609058 0.093767
vt 0.705228 0.32056
vt 0.71344 0.333455
vt 0.706942 0.338926
vt 0.589153 0.095017
vt 0.57071 0.111695
vt 0.575231 0.082167
vt 0.592512 0.117093
vt 0.568181 0.0888
vt 0.129548 0.382777
vt 0.263338 0.611248
vt 0.142738 0.386076
vt 0.252611 0.633824
vt 0.233563 0.637181
vt 0.600171 0.114223
vt 0.609279 0.145216
vt 0.613456 0.139181
vt 0.595015 0.159295
vt 0.630109 0.057059
vt 0.122463 0.102182
vt 0.122907 0.109727
vt 0.622449 0.075669
vt 0.139597 0.089359
vt 0.141208 0.102457
vt 0.630403 0.07696
vt 0.614967 0.070799
vt 0.975188 0.379924
vt 0.973661 0.376427
vt 0.980366 0.376096
vt 0.979189 0.380534
vt 0.986636 0.380534
vt 0.759626 0.978745
vt 0.762962 0.980987
vt 0.763684 0.984505
vt 0.138669 0.085016
vt 0.759626 0.985641
vt 0.767379 0.983445
vt 0.766355 0.978767
vt 0.132223 0.080947
vt 0.133667 0.076965
vt 0.137159 0.08048
vt 0.136946 0.070384
vt 0.137596 0.074879
vt 0.609421 0.007829
vt 0.615151 0.012038
vt 0.611613 0.015252
vt 0.158274 0.07595
vt 0.143923 0.073652
vt 0.140723 0.077508
vt 0.768428 0.987727
vt 0.614525 0.007733
vt 0.993986 0.564765
vt 0.99015 0.562758
vt 0.996745 0.562758
vt 0.615151 0.004392
vt 0.143161 0.086388
vt 0.147661 0.091522
vt 0.996354 0.651121
vt 0.99015 0.651121
vt 0.993514 0.648309
vt 0.144645 0.081044
vt 0.99015 0.423517
vt 0.995121 0.419709
vt 0.997272 0.423517
vt 0.993675 0.533997
vt 0.996781 0.537359
vt 0.99015 0.537359
vt 0.921595 0.987737
vt 0.920667 0.983814
vt 0.921595 0.978745
vt 0.155147 0.082703
vt 0.151821 0.086885
vt 0.99015 0.48407
vt 0.991408 0.480001
vt 0.996975 0.48407
vt 0.155978 0.102418
vt 0.154479 0.090855
vt 0.611879 0.00135
vt 0.99539 0.479613
vt 0.919383 0.71005
vt 0.908231 0.682268
vt 0.921879 0.682268
vt 0.568181 0.141396
vt 0.281309 0.637181
vt 0.264766 0.633416
vt 0.774488 0.384325
vt 0.783058 0.362035
vt 0.796477 0.373323
vt 0.796477 0.407009
vt 0.162564 0.417942
vt 0.183936 0.398401
vt 0.191836 0.41282
vt 0.567028 0.278242
vt 0.583448 0.226098
vt 0.599899 0.270574
vt 0.410445 0.799866
vt 0.410445 0.752235
vt 0.436688 0.770395
vt 0.591392 0.305034
vt 0.609567 0.510332
vt 0.64396 0.538964
vt 0.609567 0.543977
vt 0.438909 0.798459
vt 0.538893 0.816097
vt 0.537801 0.837148
vt 0.51811 0.825159
vt 0.162521 0.07235
vt 0.52522 0.794923
vt 0.883849 0.226349
vt 0.893071 0.219281
vt 0.893071 0.250805
vt 0.810034 0.412866
vt 0.79775 0.431264
vt 0.78008 0.414679
vt 0.974263 0.453267
vt 0.973661 0.446585
vt 0.978053 0.452035
vt 0.99794 0.219257
vt 0.99015 0.212866
vt 0.996995 0.212866
vt 0.162662 0.079548
vt 0.164662 0.075262
vt 0.168519 0.079662
vt 0.159534 0.086302
vt 0.991095 0.219257
vt 0.979168 0.446532
vt 0.986414 0.446532
vt 0.51811 0.794889
vt 0.982026 0.454019
vt 0.169194 0.075272
vt 0.549662 0.981543
vt 0.54585 0.98879
vt 0.54585 0.978745
vt 0.173369 0.078158
vt 0.823591 0.862567
vt 0.81294 0.857544
vt 0.823591 0.832579
vt 0.817644 0.825444
vt 0.256033 0.98667
vt 0.251922 0.989751
vt 0.251922 0.978745
vt 0.78597 0.435667
vt 0.810034 0.459245
vt 0.788511 0.410101
vt 0.034616 0.793985
vt 0.045401 0.79116
vt 0.055974 0.833759
vt 0.059957 0.571463
vt 0.099983 0.549852
vt 0.099983 0.581962
vt 0.06691 0.613456
vt 0.067785 0.79116
vt 0.067186 0.833077
vt 0.559386 0.255758
vt 0.394866 0.804819
vt 0.593023 0.799866
vt 0.606678 0.794959
vt 0.398594 0.812356
vt 0.415185 0.809509
vt 0.584777 0.795554
vt 0.584097 0.782333
vt 0.388591 0.816019
vt 0.101424 0.45517
vt 0.109211 0.439848
vt 0.118624 0.445963
vt 0.408294 0.825285
vt 0.110074 0.461297
vt 0.101196 0.435082
vt 0.794561 0.981126
vt 0.800252 0.978745
vt 0.800252 0.987752
vt 0.796142 0.98608
vt 0.84866 0.981183
vt 0.84392 0.98776
vt 0.84392 0.978745
vt 0.579383 0.781342
vt 0.579715 0.779203
vt 0.847197 0.98617
vt 0.99015 0.841895
vt 0.993222 0.840204
vt 0.993222 0.842936
vt 0.99015 0.836062
vt 0.993372 0.836062
vt 0.991547 0.837567
vt 0.99015 0.53136
vt 0.991215 0.529669
vt 0.996868 0.53136
vt 0.997002 0.495365
vt 0.994922 0.497432
vt 0.99015 0.495365
vt 0.830303 0.98781
vt 0.826495 0.985667
vt 0.829588 0.980956
vt 0.987513 0.06957
vt 0.975612 0.073207
vt 0.973661 0.06957
vt 0.99015 0.462614
vt 0.994076 0.458902
vt 0.99706 0.462614
vt 0.580916 0.794998
vt 0.827191 0.979936
vt 0.986577 0.488459
vt 0.977926 0.49207
vt 0.973661 0.488459
vt 0.771057 0.915727
vt 0.766469 0.915876
vt 0.767771 0.903555
vt 0.830303 0.978745
vt 0.760542 0.906864
vt 0.763771 0.906186
vt 0.968687 0.968718
vt 0.962507 0.96183
vt 0.971024 0.960348
vt 0.960015 0.651527
vt 0.962507 0.969508
vt 0.844952 0.281922
vt 0.99015 0.014966
vt 0.998438 0.014966
vt 0.991366 0.023137
vt 0.925269 0.832321
vt 0.922102 0.844393
vt 0.917425 0.843498
vt 0.395285 0.988995
vt 0.395285 0.978745
vt 0.401644 0.980142
vt 0.836219 0.273032
vt 0.949891 0.870594
vt 0.94928 0.861429
vt 0.956856 0.861635
vt 0.957467 0.8708
vt 0.917819 0.414102
vt 0.910876 0.420269
vt 0.35426 0.816812
vt 0.128546 0.988664
vt 0.130465 0.979188
vt 0.134049 0.978745
vt 0.134049 0.989937
vt 0.941417 0.797591
vt 0.940691 0.786278
vt 0.948268 0.786433
vt 0.948994 0.797746
vt 0.762516 0.917032
vt 0.602678 0.061381
vt 0.604983 0.052001
vt 0.604983 0.06948
vt 0.925269 0.851875
vt 0.964245 0.654128
vt 0.963664 0.974413
vt 0.969844 0.973623
vt 0.985685 0.874039
vt 0.610067 0.018399
vt 0.59518 0.037282
vt 0.59338 0.018399
vt 0.835962 0.281122
vt 0.830144 0.271988
vt 0.829845 0.280392
vt 0.99015 0.109248
vt 0.998401 0.109248
vt 0.993686 0.113141
vt 0.986091 0.481041
vt 0.981554 0.478825
vt 0.833176 0.296561
vt 0.074591 0.432424
vt 0.083245 0.435134
vt 0.083738 0.447036
vt 0.84901 0.290272
vt 0.827459 0.288349
vt 0.725915 0.983834
vt 0.727841 0.982418
vt 0.730446 0.987777
vt 0.827901 0.280554
vt 0.825457 0.276104
vt 0.765503 0.930353
vt 0.760542 0.925967
vt 0.763172 0.927586
vt 0.092775 0.448886
vt 0.097633 0.433793
vt 0.922659 0.85278
vt 0.086923 0.445613
vt 0.859178 0.074564
vt 0.847841 0.049729
vt 0.859178 0.036504
vt 0.698188 0.340621
vt 0.52703 0.132235
vt 0.51943 0.128789
vt 0.518772 0.096243
vt 0.090569 0.480948
vt 0.087151 0.465857
vt 0.936967 0.311812
vt 0.926521 0.306323
vt 0.94928 0.879308
vt 0.956856 0.879514
vt 0.940691 0.808184
vt 0.948268 0.808339
vt 0.99015 0.601586
vt 0.99015 0.595827
vt 0.996318 0.60118
vt 0.993424 0.186466
vt 0.99015 0.183632
vt 0.998178 0.183632
vt 0.99015 0.6128
vt 0.996366 0.616975
vt 0.99015 0.617526
vt 0.996286 0.596315
vt 0.997612 0.331617
vt 0.990702 0.328015
vt 0.996172 0.325529
vt 0.015587 0.390131
vt 0.015587 0.370948
vt 0.023725 0.376997
vt 0.015965 0.39146
vt 0.994752 0.792315
vt 0.991198 0.793217
vt 0.99015 0.792315
vt 0.99015 0.361038
vt 0.991407 0.358388
vt 0.994766 0.361038
vt 0.924456 0.85593
vt 0.997703 0.359713
vt 0.090996 0.446377
vt 0.087297 0.451899
vt 0.923337 0.859178
vt 0.638233 0.410101
vt 0.651019 0.393954
vt 0.654128 0.410101
vt 0.073026 0.460878
vt 0.070122 0.441844
vt 0.057882 0.455397
vt 0.821556 0.291015
vt 0.055475 0.446245
vt 0.05816 0.438201
vt 0.074908 0.481275
vt 0.059382 0.476499
vt 0.402903 0.90088
vt 0.409439 0.905471
vt 0.402903 0.916658
vt 0.920734 0.58534
vt 0.916488 0.583651
vt 0.921879 0.569099
vt 0.986409 0.485822
vt 0.99015 0.435554
vt 0.997346 0.435554
vt 0.997063 0.437179
vt 0.411795 0.912086
vt 0.723615 0.978745
vt 0.72374 0.980913
vt 0.722643 0.98013
vt 0.723465 0.987717
vt 0.92911 0.460856
vt 0.930353 0.461416
vt 0.928255 0.467047
vt 0.992034 0.863429
vt 0.991159 0.864374
vt 0.99015 0.863429
vt 0.917542 0.978928
vt 0.91803 0.982436
vt 0.91563 0.978745
vt 0.925378 0.466821
vt 0.40653 0.918113
vt 0.721557 0.987777
vt 0.979464 0.870254
vt 0.975235 0.86712
vt 0.978466 0.865141
vt 0.071639 0.980629
vt 0.07128 0.984588
vt 0.065699 0.978745
vt 0.982829 0.865364
vt 0.973661 0.870254
vt 0.071639 0.988479
vt 0.06502 0.98448
vt 0.921879 0.59651
vt 0.973661 0.287041
vt 0.98645 0.287041
vt 0.974361 0.297208
vt 0.985438 0.329011
vt 0.986694 0.333293
vt 0.973661 0.333293
vt 0.917522 0.987678
vt 0.915914 0.982593
vt 0.985618 0.86872
vt 0.91563 0.986583
vt 0.979307 0.856437
vt 0.985575 0.856437
vt 0.983603 0.858967
vt 0.980852 0.862504
vt 0.976047 0.861203
vt 0.973661 0.858526
vt 0.405425 0.926963
vt 0.996443 0.63449
vt 0.99015 0.63449
vt 0.990725 0.632716
vt 0.825401 0.286039
vt 0.99015 0.672085
vt 0.996148 0.669556
vt 0.996148 0.672695
vt 0.99015 0.331617
vt 0.998438 0.120235
vt 0.99323 0.122874
vt 0.99015 0.120235
vt 0.99015 0.334254
vt 0.997634 0.334254
vt 0.997046 0.339679
vt 0.930353 0.476191
vt 0.942422 0.986177
vt 0.940556 0.979311
vt 0.942422 0.978745
vt 0.213786 0.989974
vt 0.212237 0.986474
vt 0.213786 0.978745
vt 0.995287 0.132034
vt 0.998394 0.134748
vt 0.99015 0.134748
vt 0.065778 0.990077
vt 0.941804 0.987658
vt 0.406677 0.926652
vt 0.99015 0.379198
vt 0.991259 0.374573
vt 0.997333 0.379132
vt 0.996582 0.546208
vt 0.996582 0.552385
vt 0.99015 0.547606
vt 0.025943 0.62605
vt 0.983506 0.98712
vt 0.980518 0.981299
vt 0.983506 0.978745
vt 0.024854 0.62992
vt 0.021408 0.624424
vt 0.975961 0.981403
vt 0.021257 0.628564
vt 0.99015 0.735728
vt 0.992366 0.734013
vt 0.9958 0.735728
vt 0.994422 0.785428
vt 0.994692 0.789678
vt 0.99015 0.789678
vt 0.047999 0.419515
vt 0.054622 0.417494
vt 0.0462 0.431454
vt 0.038574 0.422098
vt 0.997502 0.374573
vt 0.995509 0.628453
vt 0.990407 0.630079
vt 0.99015 0.626884
vt 0.99015 0.456265
vt 0.99015 0.452975
vt 0.995693 0.455887
vt 0.087 0.43552
vt 0.087 0.420981
vt 0.093205 0.434672
vt 0.053458 0.43095
vt 0.05944 0.432537
vt 0.997683 0.363675
vt 0.993638 0.365905
vt 0.99015 0.363675
vt 0.973661 0.042662
vt 0.978821 0.038256
vt 0.987496 0.042662
vt 0.045416 0.447311
vt 0.99015 0.402192
vt 0.992365 0.398981
vt 0.997379 0.402192
vt 0.018844 0.629479
vt 0.015343 0.630403
vt 0.99015 0.465251
vt 0.996939 0.465251
vt 0.991752 0.471347
vt 0.031829 0.420367
vt 0.035524 0.418419
vt 0.03437 0.424573
vt 0.031563 0.428709
vt 0.583978 0.988676
vt 0.582086 0.983251
vt 0.583978 0.978745
vt 0.995375 0.087357
vt 0.99015 0.084474
vt 0.998536 0.084474
vt 0.028515 0.423164
vt 0.996388 0.630079
vt 0.997088 0.45388
vt 0.992309 0.855844
vt 0.991393 0.856863
vt 0.99015 0.855844
vt 0.991031 0.833425
vt 0.992068 0.832534
vt 0.993908 0.833425
vt 0.991209 0.853207
vt 0.99015 0.852536
vt 0.992388 0.852536
vt 0.99015 0.832534
vt 0.994252 0.826584
vt 0.99015 0.826584
vt 0.991887 0.825167
vt 0.03114 0.459707
vt 0.044114 0.468976
vt 0.022759 0.443374
vt 0.489748 0.69969
vt 0.487309 0.702759
vt 0.484276 0.705926
vt 0.030548 0.426187
vt 0.580531 0.98707
vt 0.025075 0.425627
vt 0.027998 0.428972
vt 0.744601 0.988042
vt 0.746326 0.982295
vt 0.748051 0.985846
vt 0.022398 0.428077
vt 0.025449 0.431757
vt 0.744601 0.978745
vt 0.019719 0.432391
vt 0.483709 0.710488
vt 0.023152 0.435211
vt 0.98567 0.889286
vt 0.973661 0.889286
vt 0.976611 0.886944
vt 0.482911 0.715982
vt 0.016656 0.437566
vt 0.482186 0.722661
vt 0.022257 0.438461
vt 0.94391 0.609948
vt 0.938403 0.622401
vt 0.936883 0.619477
vt 0.021361 0.441712
vt 0.939923 0.625324
vt 0.486118 0.719649
vt 0.016905 0.441809
vt 0.484494 0.726174
vt 0.94391 0.625648
vt 0.941444 0.628248
vt 0.020466 0.444963
vt 0.0169 0.445382
vt 0.941951 0.632097
vt 0.01906 0.44874
vt 0.487527 0.723007
vt 0.016769 0.44862
vt 0.488036 0.72621
vt 0.015237 0.452062
vt 0.487108 0.729938
vt 0.01663 0.457141
vt 0.743943 0.048322
vt 0.722729 0.046289
vt 0.610289 0.081108
vt 0.162685 0.89579
vt 0.158758 0.910017
vt 0.158758 0.880422
vt 0.144044 0.79289
vt 0.129211 0.818507
vt 0.127706 0.797452
vt 0.126578 0.77362
vt 0.864764 0.883982
vt 0.869346 0.90569
vt 0.855641 0.913406
vt 0.855641 0.892181
vt 0.138544 0.77296
vt 0.615242 0.091479
vt 0.710692 0.597262
vt 0.697888 0.59214
vt 0.703838 0.58028
vt 0.626359 0.090321
vt 0.518772 0.144044
vt 0.74307 0.059312
vt 0.106744 0.81233
vt 0.70048 0.603633
vt 0.716829 0.615304
vt 0.233807 0.926192
vt 0.244027 0.910766
vt 0.244027 0.935436
vt 0.703117 0.617242
vt 0.62131 0.100935
vt 0.169527 0.090664
vt 0.1687 0.104265
vt 0.605925 0.105067
vt 0.926963 0.73547
vt 0.916783 0.721265
vt 0.926963 0.708647
vt 0.181899 0.09915
vt 0.206812 0.280692
vt 0.219865 0.286191
vt 0.222017 0.303662
vt 0.108276 0.799804
vt 0.714748 0.627078
vt 0.207917 0.307985
vt 0.206154 0.296608
vt 0.710959 0.638876
vt 0.207722 0.32022
vt 0.31558 0.620235
vt 0.313991 0.608574
vt 0.331639 0.608334
vt 0.189105 0.341433
vt 0.184792 0.33782
vt 0.192923 0.328729
vt 0.106744 0.784557
vt 0.107615 0.775148
vt 0.345705 0.186139
vt 0.345157 0.194883
vt 0.332796 0.182506
vt 0.345504 0.172154
vt 0.314487 0.598466
vt 0.182262 0.3552
vt 0.176432 0.342794
vt 0.697888 0.631409
vt 0.329738 0.194883
vt 0.242342 0.332843
vt 0.202656 0.332684
vt 0.027675 0.481275
vt 0.931776 0.142119
vt 0.94052 0.141532
vt 0.94052 0.166074
vt 0.423658 0.94052
vt 0.414099 0.915855
vt 0.4224 0.917176
vt 0.929249 0.165254
vt 0.017632 0.47007
vt 0.321867 0.787573
vt 0.309143 0.791393
vt 0.342316 0.602877
vt 0.928097 0.798804
vt 0.937131 0.798849
vt 0.925608 0.823591
vt 0.336826 0.78625
vt 0.701359 0.124574
vt 0.710124 0.125285
vt 0.711745 0.145738
vt 0.499916 0.906628
vt 0.491919 0.886062
vt 0.499916 0.882632
vt 0.701359 0.145091
vt 0.918133 0.436926
vt 0.928658 0.457464
vt 0.918133 0.462634
vt 0.414099 0.938635
vt 0.489748 0.747741
vt 0.488897 0.734733
vt 0.937131 0.823244
vt 0.948813 0.987675
vt 0.948813 0.978745
vt 0.949558 0.982811
vt 0.958976 0.410336
vt 0.969329 0.410336
vt 0.961406 0.425352
vt 0.964245 0.71344
vt 0.953807 0.704392
vt 0.964245 0.69831
vt 0.040844 0.955042
vt 0.048087 0.960993
vt 0.035967 0.971024
vt 0.971024 0.226692
vt 0.971024 0.240638
vt 0.960442 0.231697
vt 0.311924 0.588058
vt 0.958504 0.582042
vt 0.96594 0.578244
vt 0.96594 0.593121
vt 0.915935 0.495774
vt 0.921879 0.498381
vt 0.915935 0.521946
vt 0.868876 0.496692
vt 0.87104 0.522421
vt 0.861841 0.497539
vt 0.628708 0.59651
vt 0.619775 0.59651
vt 0.627089 0.570953
vt 0.16115 0.349016
vt 0.160727 0.357134
vt 0.16796 0.349461
vt 0.170934 0.364143
vt 0.928317 0.512309
vt 0.933742 0.512405
vt 0.933742 0.53692
vt 0.926849 0.537198
vt 0.920925 0.601782
vt 0.926963 0.602048
vt 0.926963 0.628708
vt 0.918245 0.625967
vt 0.861841 0.523511
vt 0.176281 0.978745
vt 0.185025 0.98277
vt 0.176281 0.98968
vt 0.868604 0.532114
vt 0.865077 0.697139
vt 0.871393 0.697139
vt 0.872735 0.722455
vt 0.864855 0.722678
vt 0.829353 0.794763
vt 0.840537 0.794468
vt 0.840537 0.835453
vt 0.826579 0.592492
vt 0.826579 0.551735
vt 0.838843 0.593121
vt 0.827766 0.83009
vt 0.387916 0.611762
vt 0.376027 0.594757
vt 0.389765 0.594757
vt 0.162892 0.969329
vt 0.167835 0.953862
vt 0.174547 0.969329
vt 0.049144 0.971024
vt 0.008988 0.978745
vt 0.016763 0.978745
vt 0.01145 0.990267
vt 0.455767 0.988738
vt 0.44649 0.988738
vt 0.448972 0.978745
vt 0.196664 0.348864
vt 0.19038 0.366292
vt 0.209264 0.353632
vt 0.86809 0.732081
vt 0.11723 0.179535
vt 0.158646 0.182916
vt 0.165442 0.220019
vt 0.094963 0.18425
vt 0.176821 0.083035
vt 0.182924 0.088121
vt 0.192996 0.089759
vt 0.192685 0.095035
vt 0.229902 0.291987
vt 0.979899 0.1595
vt 0.981045 0.153344
vt 0.986902 0.154745
vt 0.985246 0.159719
vt 0.973661 0.15197
vt 0.09287 0.541042
vt 0.098029 0.545199
vt 0.973661 0.160825
vt 0.855374 0.633645
vt 0.858139 0.624328
vt 0.865957 0.628487
vt 0.864489 0.635366
vt 0.086068 0.537748
vt 0.202782 0.087788
vt 0.237263 0.300506
vt 0.203631 0.094855
vt 0.855066 0.643648
vt 0.21164 0.081473
vt 0.212688 0.091113
vt 0.245256 0.306554
vt 0.864057 0.643767
vt 0.077666 0.537497
vt 0.932047 0.135147
vt 0.923027 0.109796
vt 0.932047 0.110139
vt 0.933742 0.690114
vt 0.925118 0.69141
vt 0.925368 0.666412
vt 0.932187 0.666412
vt 0.921025 0.135571
vt 0.935436 0.103372
vt 0.926646 0.077742
vt 0.935436 0.0777
vt 0.857811 0.65391
vt 0.865957 0.651252
vt 0.186409 0.53042
vt 0.184468 0.521065
vt 0.186409 0.512944
vt 0.240638 0.871041
vt 0.225577 0.851578
vt 0.228657 0.83569
vt 0.861447 0.660906
vt 0.216688 0.073158
vt 0.328482 0.983901
vt 0.321748 0.989208
vt 0.321748 0.978745
vt 0.937494 0.544415
vt 0.945604 0.54351
vt 0.937164 0.550638
vt 0.221618 0.068929
vt 0.221141 0.085275
vt 0.945274 0.549734
vt 0.222438 0.856877
vt 0.94407 0.555694
vt 0.936672 0.556423
vt 0.463443 0.013937
vt 0.462816 0.00681
vt 0.466024 0.001925
vt 0.210034 0.871041
vt 0.466024 0.02203
vt 0.937384 0.566007
vt 0.945604 0.563028
vt 0.226746 0.067273
vt 0.228913 0.080067
vt 0.236081 0.072762
vt 0.233874 0.061331
vt 0.254054 0.311345
vt 0.261877 0.316182
vt 0.95495 0.721415
vt 0.964245 0.717258
vt 0.964245 0.732081
vt 0.98607 0.564894
vt 0.973661 0.564894
vt 0.977362 0.554505
vt 0.216157 0.655225
vt 0.223966 0.655428
vt 0.225386 0.679547
vt 0.216157 0.678592
vt 0.929935 0.633088
vt 0.938818 0.632921
vt 0.938826 0.657517
vt 0.929076 0.657517
vt 0.924057 0.102217
vt 0.270503 0.31976
vt 0.79942 0.453175
vt 0.803255 0.485231
vt 0.79942 0.493138
vt 0.859178 0.375909
vt 0.859178 0.41349
vt 0.84647 0.410714
vt 0.195189 0.200345
vt 0.987196 0.024108
vt 0.98445 0.032832
vt 0.973661 0.024108
vt 0.975184 0.035619
vt 0.241368 0.065657
vt 0.973661 0.095192
vt 0.980322 0.085238
vt 0.987096 0.095192
vt 0.977615 0.586988
vt 0.973661 0.577616
vt 0.986035 0.577616
vt 0.87783 0.096981
vt 0.886292 0.130487
vt 0.875241 0.129382
vt 0.364346 0.976108
vt 0.351964 0.976108
vt 0.363754 0.965586
vt 0.88255 0.180537
vt 0.891376 0.180983
vt 0.891376 0.213524
vt 0.881649 0.209315
vt 0.284484 0.952383
vt 0.281948 0.930346
vt 0.301644 0.930346
vt 0.464189 0.698188
vt 0.437952 0.694187
vt 0.625614 0.125687
vt 0.418146 0.685256
vt 0.568789 0.297795
vt 0.573488 0.302802
vt 0.176242 0.062845
vt 0.167052 0.061711
vt 0.163572 0.044788
vt 0.637908 0.512933
vt 0.559386 0.294712
vt 0.552102 0.579363
vt 0.565666 0.594979
vt 0.548276 0.612222
vt 0.528504 0.58238
vt 0.171273 0.071175
vt 0.163572 0.067335
vt 0.373053 0.851084
vt 0.381605 0.850417
vt 0.382551 0.858695
vt 0.37329 0.860539
vt 0.123708 0.628708
vt 0.113824 0.60906
vt 0.123708 0.603053
vt 0.94391 0.720738
vt 0.94391 0.732205
vt 0.937101 0.733276
vt 0.934995 0.724512
vt 0.103532 0.609455
vt 0.942782 0.741773
vt 0.66425 0.905627
vt 0.656568 0.907715
vt 0.656281 0.883813
vt 0.360564 0.06354
vt 0.365334 0.059656
vt 0.930303 0.73205
vt 0.374245 0.871881
vt 0.937513 0.743943
vt 0.391973 0.866823
vt 0.38473 0.871686
vt 0.624117 0.366094
vt 0.629378 0.375066
vt 0.624117 0.39146
vt 0.288459 0.978745
vt 0.291586 0.989385
vt 0.285798 0.989385
vt 0.656281 0.913406
vt 0.666011 0.912537
vt 0.398238 0.87283
vt 0.542651 0.804956
vt 0.553879 0.810811
vt 0.554144 0.843668
vt 0.228002 0.515824
vt 0.188663 0.564759
vt 0.189986 0.521821
vt 0.542651 0.845621
vt 0.532789 0.612878
vt 0.227757 0.560787
vt 0.217178 0.576175
vt 0.237835 0.054121
vt 0.226558 0.057675
vt 0.863166 0.264439
vt 0.854252 0.262604
vt 0.864262 0.256382
vt 0.852352 0.269852
vt 0.242678 0.048855
vt 0.245408 0.055723
vt 0.86055 0.271526
vt 0.926963 0.59651
vt 0.923648 0.581111
vt 0.926963 0.574815
vt 0.850502 0.276634
vt 0.944217 0.458005
vt 0.952383 0.469255
vt 0.942876 0.462706
vt 0.858959 0.276805
vt 0.44927 0.741248
vt 0.441129 0.736152
vt 0.448358 0.734574
vt 0.198123 0.189125
vt 0.207211 0.194935
vt 0.443339 0.756534
vt 0.208576 0.21395
vt 0.830369 0.370815
vt 0.826427 0.381292
vt 0.817817 0.373453
vt 0.886292 0.096891
vt 0.817817 0.340179
vt 0.353542 0.962037
vt 0.820081 0.702949
vt 0.832064 0.701648
vt 0.823678 0.71344
vt 0.004526 0.012492
vt 0.009306 0.002273
vt 0.407844 0.327064
vt 0.384415 0.323635
vt 0.027121 0.032198
vt 0.420293 0.101441
vt 0.417 0.095373
vt 0.441245 0.0895
vt 0.441579 0.095461
vt 0.439673 0.118745
vt 0.903583 0.5809
vt 0.913406 0.579118
vt 0.904382 0.607337
vt 0.415837 0.07476
vt 0.440784 0.072846
vt 0.404844 0.042779
vt 0.768935 0.333258
vt 0.774237 0.330357
vt 0.781225 0.355729
vt 0.463908 0.095743
vt 0.775883 0.355701
vt 0.466307 0.073336
vt 0.466213 0.090916
vt 0.434882 0.042054
vt 0.913406 0.608373
vt 0.467718 0.120319
vt 0.582605 0.629616
vt 0.568331 0.658831
vt 0.467718 0.040034
vt 0.430696 0.016651
vt 0.458205 0.01334
vt 0.855789 0.344195
vt 0.002122 0.766684
vt 0.84562 0.345705
vt 0.105501 0.130487
vt 0.101251 0.121567
vt 0.122013 0.582953
vt 0.115952 0.551359
vt 0.122013 0.551132
vt 0.894123 0.575712
vt 0.900119 0.576612
vt 0.901544 0.606678
vt 0.892288 0.606678
vt 0.842232 0.149033
vt 0.836223 0.117964
vt 0.842232 0.119002
vt 0.115455 0.581891
vt 0.833108 0.146516
vt 0.211284 0.826884
vt 0.218196 0.853932
vt 0.211284 0.854094
vt 0.836655 0.046101
vt 0.842582 0.045503
vt 0.843926 0.073621
vt 0.836655 0.076646
vt 0.820334 0.930353
vt 0.820334 0.902958
vt 0.845621 0.9039
vt 0.768935 0.379597
vt 0.839247 0.927058
vt 0.751768 0.676244
vt 0.209584 0.477764
vt 0.22882 0.503405
vt 0.21128 0.503302
vt 0.179747 0.508389
vt 0.232164 0.477235
vt 0.081085 0.99005
vt 0.074276 0.979503
vt 0.081085 0.978745
vt 0.650797 0.978745
vt 0.659522 0.978745
vt 0.656469 0.988169
vt 0.833438 0.157601
vt 0.220302 0.82782
vt 0.878224 0.039258
vt 0.88422 0.039813
vt 0.887987 0.072869
vt 0.908322 0.760379
vt 0.898588 0.762584
vt 0.898588 0.732688
vt 0.878224 0.071361
vt 0.887124 0.610439
vt 0.89646 0.609785
vt 0.89646 0.641293
vt 0.913406 0.642265
vt 0.902433 0.613066
vt 0.913406 0.612815
vt 0.882917 0.642265
vt 0.886532 0.474196
vt 0.896009 0.475378
vt 0.89646 0.506695
vt 0.886532 0.506312
vt 0.216728 0.815979
vt 0.842149 0.084732
vt 0.803776 0.139835
vt 0.815118 0.140268
vt 0.815118 0.184291
vt 0.216634 0.80495
vt 0.216634 0.758913
vt 0.227317 0.759603
vt 0.23047 0.803923
vt 0.798922 0.184715
vt 0.472879 0.215454
vt 0.482813 0.214257
vt 0.488054 0.256187
vt 0.472879 0.259407
vt 0.799866 0.672352
vt 0.790223 0.64322
vt 0.799665 0.642923
vt 0.886354 0.513037
vt 0.8959 0.512625
vt 0.89646 0.543977
vt 0.885907 0.543977
vt 0.78919 0.67313
vt 0.811565 0.465608
vt 0.821001 0.464863
vt 0.823591 0.494657
vt 0.151886 0.381514
vt 0.161082 0.411695
vt 0.151886 0.41349
vt 0.811565 0.497108
vt 0.838843 0.788004
vt 0.828612 0.746914
vt 0.838843 0.747264
vt 0.830369 0.156508
vt 0.820459 0.157601
vt 0.817966 0.128778
vt 0.830369 0.125612
vt 0.242332 0.60093
vt 0.232607 0.572767
vt 0.241955 0.572767
vt 0.162685 0.382772
vt 0.230938 0.600792
vt 0.899849 0.320827
vt 0.890946 0.290898
vt 0.899849 0.290823
vt 0.44957 0.411795
vt 0.442736 0.397576
vt 0.454161 0.397576
vt 0.820514 0.508389
vt 0.2371 0.615151
vt 0.878118 0.035587
vt 0.844466 0.746616
vt 0.855789 0.746208
vt 0.855789 0.782355
vt 0.842969 0.784614
vt 0.826074 0.782448
vt 0.899255 0.640708
vt 0.887736 0.32198
vt 0.985757 0.71758
vt 0.985757 0.726189
vt 0.973661 0.720509
vt 0.986338 0.312213
vt 0.978898 0.302674
vt 0.986338 0.299845
vt 0.973661 0.749513
vt 0.973661 0.7396
vt 0.985665 0.744224
vt 0.977072 0.284404
vt 0.973661 0.275621
vt 0.986607 0.275621
vt 0.973661 0.307984
vt 0.128792 0.341347
vt 0.118105 0.347399
vt 0.118105 0.327292
vt 0.483999 0.271141
vt 0.06307 0.415043
vt 0.074564 0.421982
vt 0.06307 0.43552
vt 0.799866 0.689715
vt 0.318592 0.942473
vt 0.328759 0.946649
vt 0.318592 0.960856
vt 0.313507 0.564312
vt 0.303417 0.549347
vt 0.313507 0.544886
vt 0.589656 0.967634
vt 0.581105 0.952271
vt 0.594816 0.952271
vt 0.946425 0.666104
vt 0.959161 0.658413
vt 0.959161 0.676158
vt 0.818647 0.115106
vt 0.199967 0.96267
vt 0.190288 0.969329
vt 0.190288 0.953968
vt 0.239428 0.94673
vt 0.250466 0.95072
vt 0.236785 0.964245
vt 0.663865 0.224513
vt 0.647247 0.249837
vt 0.641933 0.224085
vt 0.042492 0.599899
vt 0.660294 0.216946
vt 0.641933 0.280434
vt 0.681242 0.251791
vt 0.016315 0.774446
vt 0.669045 0.283003
vt 0.667953 0.233309
vt 0.692058 0.217891
vt 0.689648 0.207812
vt 0.697245 0.215378
vt 0.593558 0.910017
vt 0.593558 0.883929
vt 0.594816 0.894386
vt 0.703174 0.224555
vt 0.980309 0.001319
vt 0.987463 0.008136
vt 0.973661 0.008136
vt 0.698123 0.226859
vt 0.695963 0.206891
vt 0.006351 0.990405
vt 0.001319 0.982995
vt 0.006351 0.978745
vt 0.695667 0.197839
vt 0.702581 0.211921
vt 0.914645 0.083947
vt 0.91849 0.096013
vt 0.914645 0.099983
vt 0.99015 0.727051
vt 0.995677 0.727051
vt 0.993547 0.731376
vt 0.997094 0.221894
vt 0.997922 0.228391
vt 0.99015 0.228391
vt 0.059313 0.978745
vt 0.062383 0.983048
vt 0.059313 0.990272
vt 0.459193 0.610908
vt 0.464329 0.598241
vt 0.464329 0.615151
vt 0.911613 0.283905
vt 0.903807 0.2914
vt 0.90508 0.286582
vt 0.193188 0.92324
vt 0.193188 0.945604
vt 0.181196 0.934296
vt 0.759195 0.275169
vt 0.7575 0.891078
vt 0.735587 0.916556
vt 0.734315 0.889501
vt 0.701869 0.723343
vt 0.720218 0.717172
vt 0.716906 0.749365
vt 0.179499 0.941197
vt 0.177849 0.945037
vt 0.94391 0.771057
vt 0.93309 0.759639
vt 0.94391 0.748474
vt 0.703566 0.747674
vt 0.752328 0.279614
vt 0.0293 0.826665
vt 0.027972 0.812051
vt 0.037655 0.808222
vt 0.660435 0.499493
vt 0.674463 0.489274
vt 0.67005 0.502162
vt 0.040726 0.831312
vt 0.663936 0.512271
vt 0.040803 0.840992
vt 0.026265 0.837467
vt 0.867802 0.668708
vt 0.867887 0.677469
vt 0.858708 0.677149
vt 0.881208 0.216973
vt 0.861082 0.230977
vt 0.861383 0.222181
vt 0.859833 0.667997
vt 0.869346 0.659124
vt 0.861059 0.212491
vt 0.868396 0.685385
vt 0.881208 0.247416
vt 0.862835 0.23919
vt 0.981985 0.258794
vt 0.973661 0.255775
vt 0.986978 0.255775
vt 0.711889 0.759204
vt 0.720218 0.756355
vt 0.71771 0.761274
vt 0.717236 0.769363
vt 0.918725 0.290118
vt 0.904422 0.298804
vt 0.910373 0.311812
vt 0.903512 0.307508
vt 0.918184 0.28296
vt 0.921879 0.283059
vt 0.921879 0.309244
vt 0.222977 0.701274
vt 0.227061 0.714909
vt 0.213987 0.7201
vt 0.231974 0.708201
vt 0.23088 0.701314
vt 0.204023 0.71699
vt 0.199947 0.729107
vt 0.236148 0.73153
vt 0.235292 0.71367
vt 0.667335 0.483641
vt 0.230491 0.755806
vt 0.201887 0.739528
vt 0.933315 0.766671
vt 0.025653 0.806335
vt 0.99015 0.238005
vt 0.993996 0.231028
vt 0.99787 0.238005
vt 0.7575 0.91849
vt 0.714288 0.753788
vt 0.04406 0.820911
vt 0.045755 0.833043
vt 0.084901 0.490757
vt 0.973661 0.420762
vt 0.975218 0.411194
vt 0.982148 0.414058
vt 0.986328 0.420762
vt 0.082978 0.503132
vt 0.704967 0.234392
vt 0.698361 0.234097
vt 0.695571 0.241954
vt 0.700497 0.244595
vt 0.696087 0.251142
vt 0.690603 0.250073
vt 0.695761 0.257584
vt 0.689648 0.257007
vt 0.075073 0.513687
vt 0.082588 0.51314
vt 0.078415 0.508079
vt 0.085894 0.506988
vt 0.095351 0.503682
vt 0.197511 0.755806
vt 0.254195 0.964245
vt 0.242332 0.746323
vt 0.025653 0.845665
vt 0.033773 0.845502
vt 0.040249 0.847316
vt 0.348736 0.983443
vt 0.351326 0.978745
vt 0.351326 0.989339
vt 0.93028 0.978745
vt 0.93028 0.987474
vt 0.924232 0.984325
vt 0.319111 0.989346
vt 0.313985 0.984772
vt 0.319111 0.978745
vt 0.859982 0.685973
vt 0.862064 0.694799
vt 0.288462 0.433928
vt 0.294445 0.441721
vt 0.371124 0.441458
vt 0.360644 0.409926
vt 0.490764 0.920763
vt 0.984665 0.812505
vt 0.977517 0.812994
vt 0.973661 0.807349
vt 0.985726 0.807349
vt 0.774982 0.795749
vt 0.78292 0.805065
vt 0.778242 0.811888
vt 0.766105 0.806701
vt 0.762525 0.822907
vt 0.77706 0.822626
vt 0.78292 0.833694
vt 0.766666 0.837148
vt 0.916064 0.22905
vt 0.900973 0.235171
vt 0.89884 0.231147
vt 0.423658 0.913406
vt 0.416507 0.913259
vt 0.409237 0.898259
vt 0.446323 0.393153
vt 0.393027 0.595563
vt 0.396544 0.598614
vt 0.393027 0.620235
vt 0.423658 0.8838
vt 0.269431 0.445568
vt 0.287621 0.444427
vt 0.268485 0.455904
vt 0.755739 0.531066
vt 0.290421 0.453613
vt 0.277345 0.467188
vt 0.788135 0.681644
vt 0.781799 0.691722
vt 0.780236 0.68242
vt 0.29004 0.464194
vt 0.789698 0.690946
vt 0.780858 0.703147
vt 0.453434 0.393086
vt 0.4638 0.393616
vt 0.474309 0.394822
vt 0.74897 0.553061
vt 0.755673 0.553224
vt 0.749528 0.560546
vt 0.748271 0.542241
vt 0.755806 0.562618
vt 0.755741 0.542979
vt 0.265125 0.476647
vt 0.266623 0.467082
vt 0.276282 0.477886
vt 0.159295 0.611762
vt 0.152578 0.600553
vt 0.159295 0.595175
vt 0.659955 0.944618
vt 0.667685 0.952807
vt 0.659955 0.962551
vt 0.99015 0.29452
vt 0.99015 0.290451
vt 0.997784 0.292362
vt 0.191107 0.8784
vt 0.19676 0.886654
vt 0.191107 0.908322
vt 0.634072 0.905172
vt 0.627038 0.916358
vt 0.626252 0.906297
vt 0.626929 0.902245
vt 0.633687 0.899328
vt 0.747076 0.531663
vt 0.769604 0.706924
vt 0.779077 0.715322
vt 0.28819 0.474847
vt 0.646443 0.898249
vt 0.787694 0.702252
vt 0.783683 0.713691
vt 0.352485 0.46425
vt 0.291631 0.471676
vt 0.295512 0.461197
vt 0.297245 0.450907
vt 0.789698 0.721375
vt 0.770884 0.730386
vt 0.767494 0.717732
vt 0.782941 0.726241
vt 0.71005 0.771057
vt 0.676544 0.721758
vt 0.686273 0.718609
vt 0.432502 0.637181
vt 0.432113 0.624689
vt 0.446813 0.636855
vt 0.649044 0.912931
vt 0.432113 0.616255
vt 0.442948 0.61492
vt 0.443458 0.622221
vt 0.663894 0.771057
vt 0.664766 0.723724
vt 0.742249 0.288774
vt 0.742249 0.34401
vt 0.720533 0.30312
vt 0.240385 0.908322
vt 0.240385 0.87819
vt 0.250805 0.884393
vt 0.201661 0.894911
vt 0.635109 0.916176
vt 0.626252 0.925812
vt 0.560228 0.469668
vt 0.311609 0.820799
vt 0.31667 0.826262
vt 0.305003 0.837148
vt 0.885201 0.752073
vt 0.877906 0.752416
vt 0.314034 0.814023
vt 0.321163 0.82108
vt 0.32904 0.827742
vt 0.329036 0.807459
vt 0.338926 0.816454
vt 0.633612 0.926963
vt 0.320224 0.80021
vt 0.305003 0.809729
vt 0.30387 0.164985
vt 0.315726 0.151959
vt 0.306128 0.149909
vt 0.125868 0.650738
vt 0.12363 0.639869
vt 0.131471 0.638252
vt 0.975613 0.567531
vt 0.985453 0.574657
vt 0.973661 0.574979
vt 0.132181 0.648483
vt 0.335656 0.795997
vt 0.456593 0.621869
vt 0.4539 0.614469
vt 0.466024 0.620118
vt 0.132181 0.629519
vt 0.459568 0.636178
vt 0.310159 0.795119
vt 0.437994 0.56676
vt 0.067785 0.732081
vt 0.047899 0.676543
vt 0.056607 0.677821
vt 0.986205 0.567531
vt 0.027232 0.676749
vt 0.03803 0.674212
vt 0.020584 0.732081
vt 0.785768 0.625102
vt 0.785768 0.590437
vt 0.794782 0.589868
vt 0.872944 0.651978
vt 0.881208 0.653119
vt 0.872944 0.686326
vt 0.794782 0.624533
vt 0.86304 0.045994
vt 0.87443 0.042491
vt 0.87443 0.077953
vt 0.29995 0.865957
vt 0.289264 0.829099
vt 0.297303 0.829837
vt 0.01629 0.857483
vt 0.012596 0.82165
vt 0.020336 0.82165
vt 0.287214 0.865957
vt 0.911712 0.101678
vt 0.905043 0.07228
vt 0.911712 0.073457
vt 0.62049 0.002981
vt 0.627014 0.002583
vt 0.627014 0.028809
vt 0.619573 0.028208
vt 0.410835 0.147433
vt 0.412715 0.120917
vt 0.418574 0.120906
vt 0.904103 0.09779
vt 0.418574 0.147009
vt 0.815118 0.682773
vt 0.80706 0.682936
vt 0.802822 0.653817
vt 0.815118 0.651438
vt 0.796336 0.053585
vt 0.80495 0.058288
vt 0.796336 0.088121
vt 0.899017 0.393258
vt 0.906358 0.393258
vt 0.906628 0.422418
vt 0.897976 0.423658
vt 0.196163 0.906921
vt 0.201661 0.908395
vt 0.196163 0.932047
vt 0.865957 0.095819
vt 0.856411 0.094244
vt 0.865957 0.068724
vt 0.788004 0.320105
vt 0.775645 0.28736
vt 0.783185 0.286942
vt 0.8061 0.830729
vt 0.813423 0.830729
vt 0.807016 0.865957
vt 0.003129 0.358814
vt 0.011862 0.358715
vt 0.011862 0.395866
vt 0.013557 0.859178
vt 0.00158 0.820937
vt 0.009823 0.821867
vt 0.002931 0.396544
vt 0.00162 0.459735
vt 0.010825 0.458757
vt 0.013557 0.491642
vt 0.00162 0.494562
vt 0.775645 0.322131
vt 0.793144 0.087977
vt 0.803255 0.119628
vt 0.792729 0.121336
vt 0.00158 0.85673
vt 0.270342 0.125403
vt 0.27918 0.070722
vt 0.284384 0.082687
vt 0.349081 0.830672
vt 0.382987 0.800099
vt 0.381848 0.811928
vt 0.381116 0.825561
vt 0.382987 0.840537
vt 0.328839 0.047118
vt 0.298223 0.082041
vt 0.313543 0.050289
vt 0.144507 0.978745
vt 0.144507 0.989815
vt 0.136686 0.985562
vt 0.857579 0.105067
vt 0.803255 0.133876
vt 0.295255 0.378779
vt 0.306728 0.384033
vt 0.295255 0.393154
vt 0.78297 0.335537
vt 0.011117 0.506695
vt 0.278138 0.360702
vt 0.28619 0.366215
vt 0.315258 0.38413
vt 0.861337 0.246096
vt 0.869346 0.692417
vt 0.25945 0.377272
vt 0.262196 0.38413
vt 0.230622 0.381366
vt 0.177161 0.380335
vt 0.20696 0.360164
vt 0.359565 0.380053
vt 0.263848 0.926201
vt 0.252381 0.926963
vt 0.27453 0.912006
vt 0.200518 0.272966
vt 0.975056 0.623442
vt 0.985239 0.626832
vt 0.985833 0.635613
vt 0.973661 0.635613
vt 0.111139 0.721228
vt 0.111084 0.715351
vt 0.12475 0.717975
vt 0.14404 0.769363
vt 0.111084 0.764281
vt 0.138286 0.721541
vt 0.16099 0.753428
vt 0.911712 0.509494
vt 0.900989 0.511085
vt 0.900989 0.496909
vt 0.911712 0.495317
vt 0.164484 0.139257
vt 0.180619 0.147342
vt 0.154222 0.145313
vt 0.911712 0.52367
vt 0.900426 0.525336
vt 0.154321 0.716721
vt 0.535177 0.778973
vt 0.546465 0.778973
vt 0.547366 0.787593
vt 0.535087 0.794782
vt 0.23453 0.400839
vt 0.231819 0.41006
vt 0.197102 0.420269
vt 0.273341 0.395121
vt 0.279614 0.420269
vt 0.616495 0.472852
vt 0.416928 0.698188
vt 0.643173 0.491687
vt 0.559228 0.239804
vt 0.522445 0.26625
vt 0.532902 0.229866
vt 0.944875 0.226329
vt 0.950688 0.23666
vt 0.944875 0.247416
vt 0.488054 0.964245
vt 0.477358 0.964245
vt 0.47757 0.946483
vt 0.36918 0.428156
vt 0.232517 0.252254
vt 0.260973 0.269303
vt 0.232517 0.269051
vt 0.679547 0.038977
vt 0.674996 0.032773
vt 0.679547 0.021741
vt 0.161045 0.3288
vt 0.169969 0.33223
vt 0.163323 0.333839
vt 0.171158 0.342632
vt 0.987403 0.051293
vt 0.973661 0.050763
vt 0.976905 0.045551
vt 0.987403 0.045299
vt 0.161045 0.34401
vt 0.079031 0.607341
vt 0.086426 0.602503
vt 0.086426 0.612847
vt 0.080021 0.616846
vt 0.132181 0.962917
vt 0.126178 0.969329
vt 0.126178 0.954498
vt 0.547908 0.274999
vt 0.529718 0.306699
vt 0.260639 0.311812
vt 0.237965 0.293361
vt 0.605983 0.547828
vt 0.6547 0.551717
vt 0.642295 0.561666
vt 0.559228 0.311812
vt 0.664295 0.561385
vt 0.855789 0.788653
vt 0.855789 0.82421
vt 0.843357 0.82698
vt 0.845153 0.789948
vt 0.634035 0.598267
vt 0.094781 0.112497
vt 0.103148 0.147151
vt 0.050457 0.110946
vt 0.647334 0.602679
vt 0.587716 0.356408
vt 0.584282 0.322474
vt 0.613456 0.316276
vt 0.609859 0.351082
vt 0.401689 0.552301
vt 0.379694 0.545676
vt 0.373862 0.515322
vt 0.386376 0.793166
vt 0.367805 0.808339
vt 0.367805 0.762353
vt 0.837028 0.552055
vt 0.843911 0.699883
vt 0.846632 0.661754
vt 0.855325 0.661754
vt 0.855789 0.698385
vt 0.838212 0.040671
vt 0.838287 0.001528
vt 0.848329 0.001528
vt 0.8524 0.038953
vt 0.357567 0.655565
vt 0.346381 0.615339
vt 0.357567 0.615303
vt 0.342336 0.657517
vt 0.952287 0.525336
vt 0.952287 0.507507
vt 0.964245 0.508254
vt 0.02203 0.944627
vt 0.02203 0.962295
vt 0.011871 0.951335
vt 0.006233 0.962551
vt 0.155656 0.263343
vt 0.140385 0.143834
vt 0.126549 0.142354
vt 0.238943 0.9433
vt 0.230618 0.948994
vt 0.230618 0.927091
vt 0.119126 0.160868
vt 0.126986 0.152889
vt 0.56899 0.988432
vt 0.573151 0.978745
vt 0.577894 0.988432
vt 0.082627 0.929356
vt 0.073443 0.927002
vt 0.072359 0.916049
vt 0.110594 0.14955
vt 0.634659 0.00249
vt 0.660906 0.031033
vt 0.634659 0.067785
vt 0.085957 0.172955
vt 0.098347 0.170768
vt 0.379597 0.077953
vt 0.370014 0.061162
vt 0.379597 0.017147
vt 0.109937 0.167476
vt 0.898627 0.427276
vt 0.906628 0.431617
vt 0.898627 0.45755
vt 0.916795 0.27453
vt 0.907629 0.246352
vt 0.916795 0.245377
vt 0.652433 0.894259
vt 0.641668 0.894765
vt 0.641668 0.863451
vt 0.049144 0.786309
vt 0.028829 0.736336
vt 0.046902 0.737095
vt 0.815888 0.068758
vt 0.833069 0.069345
vt 0.833759 0.111846
vt 0.812077 0.111846
vt 0.897628 0.161139
vt 0.907149 0.161139
vt 0.908322 0.188935
vt 0.895817 0.191493
vt 0.835453 0.478426
vt 0.825074 0.449917
vt 0.833922 0.449975
vt 0.911777 0.185263
vt 0.919091 0.185111
vt 0.920185 0.213524
vt 0.910476 0.213524
vt 0.613456 0.214295
vt 0.588269 0.166348
vt 0.606809 0.165157
vt 0.028829 0.78616
vt 0.825074 0.477874
vt 0.606678 0.503172
vt 0.58143 0.454245
vt 0.59889 0.452972
vt 0.588269 0.217906
vt 0.827194 0.339293
vt 0.761381 0.174016
vt 0.779225 0.174016
vt 0.781225 0.225386
vt 0.759303 0.221367
vt 0.89222 0.749027
vt 0.89222 0.717859
vt 0.898155 0.72069
vt 0.58143 0.505493
vt 0.820081 0.671697
vt 0.828205 0.672591
vt 0.035849 0.606574
vt 0.040671 0.632097
vt 0.029841 0.632097
vt 0.865956 0.575754
vt 0.855054 0.551125
vt 0.863429 0.551558
vt 0.803887 0.91201
vt 0.812212 0.912356
vt 0.813423 0.936357
vt 0.803887 0.937131
vt 0.186124 0.237119
vt 0.864262 0.477034
vt 0.855926 0.451234
vt 0.864262 0.451297
vt 0.855054 0.576351
vt 0.61854 0.387792
vt 0.610899 0.362556
vt 0.61854 0.362346
vt 0.852498 0.475691
vt 0.927771 0.337575
vt 0.935598 0.338149
vt 0.937131 0.362651
vt 0.927771 0.360904
vt 0.61079 0.388071
vt 0.905611 0.27342
vt 0.564097 0.226928
vt 0.57448 0.231768
vt 0.564097 0.244027
vt 0.175841 0.120319
vt 0.175841 0.105104
vt 0.186409 0.107416
vt 0.933839 0.95653
vt 0.945604 0.95653
vt 0.940776 0.971024
vt 0.830325 0.491443
vt 0.183553 0.173894
vt 0.194883 0.184377
vt 0.183553 0.189799
vt 0.869016 0.459245
vt 0.863555 0.424677
vt 0.884598 0.424677
vt 0.569396 0.887987
vt 0.547622 0.887987
vt 0.551491 0.854907
vt 0.884604 0.676158
vt 0.884604 0.645246
vt 0.903238 0.646958
vt 0.601369 0.240638
vt 0.598075 0.53042
vt 0.072359 0.94052
vt 0.083037 0.93817
vt 0.086304 0.160725
vt 0.076933 0.157619
vt 0.072004 0.166398
vt 0.067581 0.183387
vt 0.104644 0.154044
vt 0.032554 0.963155
vt 0.027134 0.956552
vt 0.035587 0.956346
vt 0.027134 0.971024
vt 0.096036 0.158577
vt 0.094165 0.151353
vt 0.086189 0.152863
vt 0.078522 0.150069
vt 0.070157 0.144271
vt 0.415944 0.979469
vt 0.423513 0.978745
vt 0.415417 0.987691
vt 0.423513 0.988845
vt 0.155887 0.980091
vt 0.15623 0.989721
vt 0.147144 0.978745
vt 0.147144 0.98856
vt 0.069046 0.151646
vt 0.346098 0.979786
vt 0.33726 0.989048
vt 0.33726 0.978745
vt 0.059677 0.144364
vt 0.345802 0.988054
vt 0.452228 0.522713
vt 0.460497 0.518567
vt 0.457077 0.528113
vt 0.052126 0.146648
vt 0.060798 0.150926
vt 0.055354 0.166414
vt 0.052293 0.153561
vt 0.465027 0.52576
vt 0.18431 0.262026
vt 0.175633 0.273058
vt 0.04517 0.153835
vt 0.042708 0.169172
vt 0.355156 0.926473
vt 0.364346 0.930921
vt 0.350387 0.933742
vt 0.350387 0.908205
vt 0.636564 0.988368
vt 0.633696 0.978745
vt 0.640708 0.978745
vt 0.635487 0.378716
vt 0.388383 0.883619
vt 0.373053 0.884598
vt 0.377038 0.878084
vt 0.565299 0.610928
vt 0.560992 0.617225
vt 0.654128 0.118634
vt 0.639658 0.123708
vt 0.640804 0.106785
vt 0.651333 0.107064
vt 0.563503 0.629079
vt 0.545277 0.650738
vt 0.670809 0.902394
vt 0.50156 0.651538
vt 0.487126 0.643833
vt 0.501611 0.645531
vt 0.672769 0.910375
vt 0.627861 0.116948
vt 0.498091 0.654189
vt 0.488442 0.656418
vt 0.34875 0.051683
vt 0.342294 0.046492
vt 0.950688 0.646987
vt 0.944403 0.647341
vt 0.942045 0.638158
vt 0.9478 0.63606
vt 0.957467 0.679879
vt 0.957467 0.696494
vt 0.953259 0.692882
vt 0.645128 0.095238
vt 0.572785 0.639308
vt 0.636315 0.091434
vt 0.631572 0.106613
vt 0.654128 0.072324
vt 0.644516 0.084692
vt 0.881208 0.174547
vt 0.861323 0.156953
vt 0.881208 0.141108
vt 0.635981 0.077603
vt 0.644557 0.063735
vt 0.437215 0.546662
vt 0.409649 0.570602
vt 0.399336 0.57409
vt 0.065064 0.037282
vt 0.065064 0.017382
vt 0.067785 0.026619
vt 0.653922 0.054624
vt 0.629283 0.090394
vt 0.330898 0.033714
vt 0.343217 0.041328
vt 0.327435 0.040831
vt 0.423614 0.58333
vt 0.406278 0.593121
vt 0.407255 0.579963
vt 0.421206 0.593121
vt 0.434731 0.588418
vt 0.524694 0.650738
vt 0.32154 0.388283
vt 0.363025 0.403322
vt 0.324475 0.399797
vt 0.604105 0.38299
vt 0.584282 0.393154
vt 0.280989 0.403322
vt 0.605983 0.616846
vt 0.364346 0.391625
vt 0.271141 0.521002
vt 0.271141 0.560922
vt 0.767069 0.876125
vt 0.758925 0.840854
vt 0.784614 0.840854
vt 0.009627 0.109104
vt 0.045907 0.146129
vt 0.0146 0.14872
vt 0.270342 0.062943
vt 0.274272 0.058085
vt 0.147386 0.922625
vt 0.150071 0.912823
vt 0.161339 0.918272
vt 0.15992 0.927698
vt 0.284656 0.066537
vt 0.604525 0.620654
vt 0.615151 0.620138
vt 0.612129 0.627242
vt 0.604525 0.633792
vt 0.362894 0.92495
vt 0.307146 0.9791
vt 0.303795 0.989469
vt 0.303795 0.978745
vt 0.452623 0.154228
vt 0.455856 0.172336
vt 0.452623 0.174547
vt 0.163499 0.908303
vt 0.171255 0.905023
vt 0.172852 0.932047
vt 0.172852 0.917216
vt 0.377246 0.564341
vt 0.385349 0.562245
vt 0.290842 0.079245
vt 0.377395 0.587048
vt 0.379415 0.572301
vt 0.392741 0.576475
vt 0.288193 0.094189
vt 0.294866 0.092792
vt 0.391243 0.590427
vt 0.393475 0.566374
vt 0.980106 0.60432
vt 0.986102 0.611609
vt 0.973661 0.611609
vt 0.898948 0.463894
vt 0.90579 0.462933
vt 0.906628 0.477531
vt 0.899549 0.476816
vt 0.898948 0.492289
vt 0.905299 0.493138
vt 0.791012 0.637181
vt 0.111051 0.955637
vt 0.122013 0.961053
vt 0.111051 0.971024
vt 0.353335 0.060951
vt 0.99015 0.269711
vt 0.991945 0.262135
vt 0.997754 0.269711
vt 0.501611 0.660906
vt 0.949652 0.657044
vt 0.942045 0.657517
vt 0.976979 0.261431
vt 0.986537 0.272984
vt 0.973661 0.272984
vt 0.401628 0.857483
vt 0.389399 0.819233
vt 0.400467 0.820154
vt 0.684352 0.408444
vt 0.69618 0.40959
vt 0.698188 0.442299
vt 0.68387 0.442299
vt 0.385866 0.857483
vt 0.803255 0.855704
vt 0.790954 0.817127
vt 0.803255 0.817254
vt 0.806553 0.638528
vt 0.80275 0.042763
vt 0.516148 0.834427
vt 0.527894 0.834479
vt 0.53042 0.87104
vt 0.516148 0.870301
vt 0.216423 0.978745
vt 0.224515 0.978745
vt 0.221826 0.989639
vt 0.973661 0.708544
vt 0.985902 0.708544
vt 0.975147 0.714943
vt 0.728907 0.684631
vt 0.728907 0.663752
vt 0.743943 0.670985
vt 0.704967 0.27453
vt 0.690632 0.272828
vt 0.704967 0.253614
vt 0.844114 0.209026
vt 0.856964 0.209026
vt 0.842025 0.245421
vt 0.786382 0.855789
vt 0.857483 0.247416
vt 0.312465 0.043853
vt 0.446898 0.575978
vt 0.455856 0.575978
vt 0.449528 0.589732
vt 0.010185 0.948993
vt 0.010185 0.926102
vt 0.025419 0.935
vt 0.721651 0.486359
vt 0.734811 0.464928
vt 0.742248 0.47726
vt 0.721651 0.462711
vt 0.0194 0.981641
vt 0.025918 0.978745
vt 0.025918 0.99033
vt 0.943593 0.469042
vt 0.942876 0.479581
vt 0.78631 0.50183
vt 0.789698 0.529775
vt 0.78631 0.543977
vt 0.860368 0.282912
vt 0.852457 0.285055
vt 0.855178 0.293171
vt 0.864262 0.292854
vt 0.454945 0.747925
vt 0.459245 0.755281
vt 0.452228 0.593716
vt 0.456985 0.584332
vt 0.464777 0.588029
vt 0.908322 0.157601
vt 0.904882 0.137735
vt 0.908322 0.128068
vt 0.461066 0.59651
vt 0.47004 0.578249
vt 0.900178 0.14635
vt 0.462089 0.575448
vt 0.457245 0.764029
vt 0.453225 0.773863
vt 0.441888 0.771602
vt 0.203048 0.22818
vt 0.470023 0.550533
vt 0.46172 0.559943
vt 0.46147 0.551209
vt 0.456759 0.53506
vt 0.468506 0.541415
vt 0.400142 0.016946
vt 0.400142 0.002162
vt 0.401628 0.010131
vt 0.460174 0.543378
vt 0.709141 0.823478
vt 0.71005 0.832064
vt 0.699021 0.823429
vt 0.708019 0.816154
vt 0.71005 0.791164
vt 0.464027 0.566981
vt 0.472802 0.567591
vt 0.470814 0.55876
vt 0.45211 0.784073
vt 0.206846 0.243655
vt 0.20445 0.252664
vt 0.198185 0.240752
vt 0.441129 0.784614
vt 0.022911 0.159643
vt 0.030511 0.159193
vt 0.029842 0.168751
vt 0.194688 0.252732
vt 0.038641 0.157619
vt 0.432931 0.64042
vt 0.442299 0.643035
vt 0.432931 0.654128
vt 0.858952 0.588037
vt 0.233859 0.960431
vt 0.225761 0.971024
vt 0.225761 0.955739
vt 0.858399 0.488054
vt 0.973661 0.236674
vt 0.97521 0.22848
vt 0.986788 0.236674
vt 0.465977 0.533091
vt 0.973661 0.819408
vt 0.97889 0.815631
vt 0.976231 0.827351
vt 0.985382 0.819408
vt 0.984046 0.827351
vt 0.894776 0.987491
vt 0.88774 0.98648
vt 0.894776 0.979083
vt 0.886534 0.978745
vt 0.050214 0.611593
vt 0.059312 0.595923
vt 0.059312 0.613457
vt 0.049424 0.600016
vt 0.220791 0.904202
vt 0.225244 0.932047
vt 0.204491 0.913131
vt 0.232164 0.914356
vt 0.205971 0.932047
vt 0.818507 0.944318
vt 0.802343 0.950272
vt 0.808222 0.941068
vt 0.808369 0.959161
vt 0.818507 0.955641
vt 0.144044 0.337545
vt 0.136439 0.342315
vt 0.142271 0.328636
vt 0.130436 0.337757
vt 0.133535 0.328636
vt 0.960856 0.167719
vt 0.956978 0.168223
vt 0.960102 0.161483
vt 0.956978 0.160078
vt 0.96064 0.174082
vt 0.957947 0.176242
vt 0.721913 0.650337
vt 0.707895 0.646672
vt 0.716828 0.642405
vt 0.716912 0.659212
vt 0.707895 0.657152
vt 0.985697 0.677071
vt 0.975669 0.684777
vt 0.979404 0.673336
vt 0.973661 0.677411
vt 0.984172 0.684777
vt 0.545671 0.950075
vt 0.527453 0.955553
vt 0.540388 0.940257
vt 0.538669 0.960856
vt 0.527453 0.941561
vt 0.473049 0.988746
vt 0.47286 0.978745
vt 0.476207 0.984487
vt 0.467633 0.987243
vt 0.467633 0.979862
vt 0.194499 0.989587
vt 0.187662 0.981556
vt 0.198095 0.984252
vt 0.194854 0.978745
vt 0.187662 0.989415
vt 0.098053 0.955584
vt 0.105067 0.961567
vt 0.090831 0.961533
vt 0.093771 0.971024
vt 0.103016 0.971024
vt 0.680355 0.957781
vt 0.670429 0.968901
vt 0.670429 0.959626
vt 0.684631 0.965718
vt 0.679898 0.972718
vt 0.712276 0.980093
vt 0.71892 0.987812
vt 0.710576 0.987788
vt 0.71892 0.978745
vt 0.99015 0.752606
vt 0.993217 0.752606
vt 0.990537 0.756178
vt 0.993157 0.756954
vt 0.995379 0.754594
vt 0.99327 0.210229
vt 0.993322 0.2029
vt 0.997925 0.20894
vt 0.997925 0.203654
vt 0.99015 0.206484
vt 0.81551 0.965462
vt 0.828675 0.969803
vt 0.820412 0.972718
vt 0.82019 0.958162
vt 0.828675 0.960583
vt 0.514771 0.98562
vt 0.508553 0.97891
vt 0.514771 0.978745
vt 0.50944 0.988586
vt 0.505664 0.984634
vt 0.69141 0.34379
vt 0.675759 0.349485
vt 0.686235 0.335702
vt 0.675759 0.339216
vt 0.686369 0.352483
vt 0.973661 0.58985
vt 0.982298 0.589626
vt 0.973661 0.59768
vt 0.985899 0.596455
vt 0.98176 0.601683
vt 0.987052 0.058347
vt 0.9763 0.066933
vt 0.981429 0.05393
vt 0.973661 0.059339
vt 0.985516 0.066933
vt 0.2096 0.980893
vt 0.200732 0.984298
vt 0.204043 0.978745
vt 0.20383 0.989641
vt 0.2096 0.987764
vt 0.735502 0.96594
vt 0.747332 0.955593
vt 0.746403 0.96594
vt 0.731548 0.956977
vt 0.738886 0.949882
vt 0.855168 0.948491
vt 0.844241 0.962585
vt 0.844241 0.951216
vt 0.853763 0.96594
vt 0.860873 0.956972
vt 0.632097 0.965453
vt 0.617595 0.965988
vt 0.629715 0.956172
vt 0.624184 0.971024
vt 0.620494 0.956172
vt 0.533111 0.402753
vt 0.525389 0.413433
vt 0.525389 0.404545
vt 0.537198 0.410033
vt 0.533622 0.416879
vt 0.557415 0.987396
vt 0.552299 0.978745
vt 0.558418 0.981823
vt 0.552299 0.988611
vt 0.543213 0.988777
vt 0.538816 0.982864
vt 0.543213 0.978745
vt 0.871912 0.971064
vt 0.882903 0.96548
vt 0.879804 0.972718
vt 0.871912 0.962299
vt 0.879325 0.958682
vt 0.427303 0.341018
vt 0.440604 0.337522
vt 0.431758 0.349094
vt 0.432221 0.334891
vt 0.440604 0.34735
vt 0.103373 0.923711
vt 0.085463 0.90017
vt 0.103373 0.905207
vt 0.086175 0.928658
vt 0.075494 0.914196
vt 0.973661 0.543932
vt 0.984158 0.551868
vt 0.976037 0.551868
vt 0.979202 0.539566
vt 0.985987 0.543769
vt 0.711786 0.944957
vt 0.724163 0.960856
vt 0.711786 0.95803
vt 0.730386 0.950635
vt 0.723904 0.940647
vt 0.952383 0.830369
vt 0.940621 0.827327
vt 0.952383 0.809167
vt 0.880732 0.370761
vt 0.887987 0.355248
vt 0.887987 0.388071
vt 0.528725 0.110151
vt 0.522972 0.099269
vt 0.528725 0.092505
vt 0.083722 0.989944
vt 0.088451 0.978745
vt 0.092546 0.989944
vt 0.809 0.348214
vt 0.812108 0.335453
vt 0.813423 0.359262
vt 0.813423 0.314591
vt 0.759195 0.85439
vt 0.567701 0.301132
vt 0.567701 0.318591
vt 0.562745 0.308818
vt 0.068862 0.061813
vt 0.072869 0.07293
vt 0.068862 0.079648
vt 0.625319 0.562383
vt 0.617257 0.569396
vt 0.617257 0.555538
vt 0.04745 0.033893
vt 0.045539 0.0269
vt 0.04745 0.019572
vt 0.511303 0.115828
vt 0.515168 0.107837
vt 0.515168 0.127097
vt 0.135058 0.601221
vt 0.13896 0.61144
vt 0.135058 0.61854
vt 0.851297 0.979332
vt 0.858365 0.978745
vt 0.858365 0.987621
vt 0.476191 0.576306
vt 0.476191 0.593121
vt 0.471274 0.585424
vt 0.954836 0.926389
vt 0.959161 0.932285
vt 0.954836 0.942215
vt 0.098289 0.507424
vt 0.098289 0.52703
vt 0.094278 0.519235
vt 0.526133 0.307794
vt 0.53042 0.31658
vt 0.526133 0.327064
vt 0.912993 0.978745
vt 0.912993 0.987512
vt 0.905547 0.987173
vt 0.355873 0.206581
vt 0.355873 0.227081
vt 0.352577 0.218023
vt 0.947316 0.001339
vt 0.955772 0.01234
vt 0.947316 0.02203
vt 0.960856 0.105759
vt 0.960856 0.123708
vt 0.952969 0.113637
vt 0.222512 0.937522
vt 0.225386 0.946859
vt 0.222512 0.955772
vt 0.932783 0.469427
vt 0.937131 0.460039
vt 0.937131 0.48297
vt 0.457811 0.281688
vt 0.462634 0.29203
vt 0.457811 0.301644
vt 0.433693 0.988123
vt 0.42615 0.988854
vt 0.42615 0.978745
vt 0.125403 0.392943
vt 0.117731 0.403322
vt 0.117731 0.382806
vt 0.954077 0.038976
vt 0.950485 0.028594
vt 0.954077 0.020169
vt 0.94052 0.052932
vt 0.94052 0.076258
vt 0.936283 0.066474
vt 0.36473 0.303896
vt 0.36943 0.314869
vt 0.36473 0.327064
vt 0.274425 0.978745
vt 0.274975 0.989393
vt 0.267522 0.989393
vt 0.427027 0.969756
vt 0.43134 0.960604
vt 0.430776 0.974413
vt 0.427142 0.963815
vt 0.43624 0.974413
vt 0.436804 0.960604
vt 0.439837 0.964136
vt 0.440604 0.970238
vt 0.99469 0.427434
vt 0.99015 0.432916
vt 0.99015 0.426154
vt 0.997112 0.431505
vt 0.99015 0.782791
vt 0.993522 0.781371
vt 0.994961 0.782791
vt 0.998074 0.172452
vt 0.992594 0.166657
vt 0.998074 0.165576
vt 0.99015 0.171944
vt 0.986143 0.978745
vt 0.987181 0.979485
vt 0.986143 0.984739
vt 0.276225 0.958896
vt 0.267342 0.95425
vt 0.27282 0.954448
vt 0.263493 0.958756
vt 0.276225 0.964823
vt 0.263493 0.964683
vt 0.26675 0.968165
vt 0.272376 0.969329
vt 0.991408 0.58434
vt 0.99015 0.580269
vt 0.992661 0.584403
vt 0.996454 0.580269
vt 0.973661 0.696362
vt 0.977336 0.695179
vt 0.976311 0.701995
vt 0.982964 0.697047
vt 0.985903 0.701995
vt 0.994033 0.829221
vt 0.992951 0.829897
vt 0.99015 0.829221
vn -0.641631 -0.393419 0.658431
vn -0.77172 -0.596215 -0.221306
vn -0.844232 -0.433417 0.315312
vn -0.844232 -0.433417 0.315312
vn -0.77172 -0.596215 -0.221306
vn 0.046598 0.074097 0.996162
vn -0.844232 -0.433417 0.315312
vn -0.485291 0.048899 0.872984
vn -0.84607 -0.375887 0.377987
vn -0.373688 -0.253392 0.892272
vn -0.84607 -0.375887 0.377987
vn 0.046598 0.074097 0.996162
vn -0.373688 -0.253392 0.892272
vn -0.844232 -0.433417 0.315312
vn 0.288499 -0.343099 -0.893897
vn -0.756486 -0.649788 -0.074199
vn -0.77172 -0.596215 -0.221306
vn -0.756486 -0.649788 -0.074199
vn 0.845726 -0.512216 -0.149605
vn 0.288499 -0.343099 -0.893897
vn -0.77172 -0.596215 -0.221306
vn -0.77172 -0.596215 -0.221306
vn -0.641631 -0.393419 0.658431
vn 0.845726 -0.512216 -0.149605
vn -0.231003 -0.254003 0.939212
vn -0.215793 -0.106897 0.97057
vn -0.756263 -0.513075 -0.40598
vn 0.901081 0.152397 0.405991
vn -0.215793 -0.106897 0.97057
vn -0.231003 -0.254003 0.939212
vn -0.758972 -0.588278 -0.27909
vn -0.231003 -0.254003 0.939212
vn -0.758972 -0.588278 -0.27909
vn -0.238191 -0.913765 -0.329087
vn 0.181198 -0.563795 0.805793
vn 0.900363 0.370385 0.228391
vn 0.181198 -0.563795 0.805793
vn 0.78988 0.523587 0.319292
vn -0.215793 -0.106897 0.97057
vn -0.712309 -0.285203 0.641308
vn -0.756263 -0.513075 -0.40598
vn -0.541321 -0.277711 0.79363
vn -0.712309 -0.285203 0.641308
vn -0.215793 -0.106897 0.97057
vn 0.845726 -0.512216 -0.149605
vn -0.641631 -0.393419 0.658431
vn -0.641631 -0.393419 0.658431
vn -0.86788 -0.456989 0.194795
vn -0.541321 -0.277711 0.79363
vn -0.86788 -0.456989 0.194795
vn -0.712309 -0.285203 0.641308
vn 0.763914 0.456609 0.456008
vn -0.143998 -0.354795 0.923788
vn -0.213194 -0.463486 0.860075
vn -0.213194 -0.463486 0.860075
vn -0.143998 -0.354795 0.923788
vn -0.724282 -0.577186 -0.377191
vn 0.336209 -0.675919 0.655818
vn 0.336209 -0.675919 0.655818
vn -0.745814 -0.53231 0.400508
vn -0.756263 -0.513075 -0.40598
vn -0.86788 -0.456989 0.194795
vn -0.86788 -0.456989 0.194795
vn -0.854377 -0.435188 0.283992
vn -0.854377 -0.435188 0.283992
vn 0.327509 -0.158104 -0.931526
vn -0.758972 -0.588278 -0.27909
vn -0.756263 -0.513075 -0.40598
vn -0.745814 -0.53231 0.400508
vn -0.557585 -0.562285 0.610684
vn -0.143998 -0.354795 0.923788
vn -0.700991 -0.423795 0.573593
vn -0.740489 -0.491293 -0.458593
vn -0.143998 -0.354795 0.923788
vn -0.557585 -0.562285 0.610684
vn -0.557585 -0.562285 0.610684
vn -0.700991 -0.423795 0.573593
vn -0.872732 -0.488118 -0.0089
vn -0.872732 -0.488118 -0.0089
vn 0.912655 0.118007 0.391324
vn 0.859802 -0.431901 -0.272401
vn -0.745814 -0.53231 0.400508
vn -0.745814 -0.53231 0.400508
vn -0.740489 -0.491293 -0.458593
vn -0.724282 -0.577186 -0.377191
vn -0.143998 -0.354795 0.923788
vn 0.231101 0.155001 -0.960504
vn -0.238191 -0.913765 -0.329087
vn 0.327509 -0.158104 -0.931526
vn 0.901081 0.152397 0.405991
vn 0.231101 0.155001 -0.960504
vn 0.845726 -0.512216 -0.149605
vn 0.901081 0.152397 0.405991
vn 0.327509 -0.158104 -0.931526
vn 0.859802 -0.431901 -0.272401
vn 0.859802 -0.431901 -0.272401
vn 0.912655 0.118007 0.391324
vn 0.763914 0.456609 0.456008
vn 0.233308 0.28391 -0.930033
vn 0.336415 -0.108505 -0.935442
vn 0.912655 0.118007 0.391324
vn 0.912655 0.118007 0.391324
vn 0.233308 0.28391 -0.930033
vn 0.336415 -0.108505 -0.935442
vn -0.750788 0.220396 0.62269
vn -0.987949 0.118394 0.099695
vn -0.754573 -0.654977 0.040299
vn -0.754573 -0.654977 0.040299
vn -0.987949 0.118394 0.099695
vn -0.015299 -0.99926 0.035299
vn -0.754573 -0.654977 0.040299
vn -0.522196 -0.728194 0.443897
vn -0.750788 0.220396 0.62269
vn -0.038999 -0.997779 0.053999
vn -0.522196 -0.728194 0.443897
vn -0.754573 -0.654977 0.040299
vn -0.015299 -0.99926 0.035299
vn -0.682685 0.676586 0.275994
vn -0.994723 -0.039701 -0.094602
vn -0.994723 -0.039701 -0.094602
vn -0.756486 -0.649788 -0.074199
vn 0.315393 -0.399692 0.860682
vn -0.236497 -0.062999 0.969588
vn -0.236497 -0.062999 0.969588
vn 0.315393 -0.399692 0.860682
vn 0.868485 0.486192 0.096698
vn -0.236497 -0.062999 0.969588
vn 0.780593 0.577995 0.237898
vn 0.916274 0.246793 0.315491
vn 0.046598 0.074097 0.996162
vn 0.315393 -0.399692 0.860682
vn -0.152201 -0.962909 -0.222802
vn 0.539004 -0.832006 -0.131301
vn -0.152201 -0.962909 -0.222802
vn 0.790477 -0.498985 0.35519
vn 0.315393 -0.399692 0.860682
vn 0.790477 -0.498985 0.35519
vn 0.868485 0.486192 0.096698
vn -0.586705 -0.690906 0.422404
vn -0.811461 0.180991 0.555673
vn -0.69306 -0.716958 0.075096
vn -0.251508 -0.686922 0.681822
vn -0.811461 0.180991 0.555673
vn -0.586705 -0.690906 0.422404
vn -0.586705 -0.690906 0.422404
vn -0.69306 -0.716958 0.075096
vn -0.251508 -0.686922 0.681822
vn -0.994449 0.049202 0.093005
vn -0.694813 0.707214 0.130703
vn 0.290794 0.680985 0.672085
vn -0.356308 0.156203 0.92122
vn -0.356308 0.156203 0.92122
vn -0.69306 -0.716958 0.075096
vn -0.994449 0.049202 0.093005
vn -0.670403 -0.725903 -0.153701
vn -0.670403 -0.725903 -0.153701
vn -0.928428 0.291909 -0.229807
vn -0.928428 0.291909 -0.229807
vn -0.694813 0.707214 0.130703
vn 0.290794 0.680985 0.672085
vn -0.541694 0.665192 0.513894
vn -0.541694 0.665192 0.513894
vn -0.928428 0.291909 -0.229807
vn -0.694813 0.707214 0.130703
vn -0.251508 -0.686922 0.681822
vn 0.392386 -0.674675 0.625177
vn -0.356308 0.156203 0.92122
vn 0.392386 -0.674675 0.625177
vn 0.553205 0.0506 0.831507
vn -0.015299 -0.99926 0.035299
vn 0.553205 0.0506 0.831507
vn 0.392386 -0.674675 0.625177
vn 0.290794 0.680985 0.672085
vn 0.389391 -0.044899 -0.919978
vn 0.290794 0.680985 0.672085
vn -0.541694 0.665192 0.513894
vn 0.389391 -0.044899 -0.919978
vn -0.541694 0.665192 0.513894
vn -0.541694 0.665192 0.513894
vn -0.630495 -0.763094 -0.141999
vn -0.630495 -0.763094 -0.141999
vn 0.559102 -0.827403 0.053
vn -0.950069 0.238092 -0.201693
vn -0.927546 0.35118 0.127793
vn -0.950069 0.238092 -0.201693
vn -0.928428 0.291909 -0.229807
vn -0.784071 0.27489 0.556479
vn -0.541694 0.665192 0.513894
vn -0.784071 0.27489 0.556479
vn -0.928428 0.291909 -0.229807
vn -0.955751 0.135307 -0.261214
vn -0.591864 -0.784852 -0.183589
vn -0.591864 -0.784852 -0.183589
vn 0.470199 -0.881797 0.0367
vn -0.971629 0.232207 -0.044901
vn -0.956595 0.230899 -0.177799
vn -0.955751 0.135307 -0.261214
vn -0.927546 0.35118 0.127793
vn -0.928133 0.213108 0.305211
vn -0.971629 0.232207 -0.044901
vn -0.784071 0.27489 0.556479
vn -0.928133 0.213108 0.305211
vn -0.927546 0.35118 0.127793
vn -0.988788 0.133698 0.066499
vn -0.740281 0.634484 0.222294
vn -0.988788 0.133698 0.066499
vn -0.928133 0.213108 0.305211
vn -0.687812 0.185403 0.701812
vn -0.687812 0.185403 0.701812
vn -0.985994 0.0582 -0.156299
vn -0.956595 0.230899 -0.177799
vn -0.89717 0.269691 -0.349788
vn -0.89717 0.269691 -0.349788
vn -0.955751 0.135307 -0.261214
vn -0.956595 0.230899 -0.177799
vn -0.771298 0.633198 -0.0645
vn -0.985994 0.0582 -0.156299
vn -0.771298 0.633198 -0.0645
vn -0.864725 0.085502 -0.494914
vn -0.985994 0.0582 -0.156299
vn -0.864725 0.085502 -0.494914
vn -0.508097 -0.791395 -0.339898
vn -0.508097 -0.791395 -0.339898
vn -0.955751 0.135307 -0.261214
vn -0.89717 0.269691 -0.349788
vn -0.753879 0.388989 -0.529485
vn -0.844218 -0.025101 -0.535412
vn -0.844218 -0.025101 -0.535412
vn -0.727087 0.386393 -0.56749
vn -0.753879 0.388989 -0.529485
vn -0.89717 0.269691 -0.349788
vn -0.864725 0.085502 -0.494914
vn -0.727087 0.386393 -0.56749
vn 0.476695 -0.855191 -0.203498
vn 0.636501 -0.720201 0.276001
vn 0.181198 -0.563795 0.805793
vn 0.181198 -0.563795 0.805793
vn 0.636501 -0.720201 0.276001
vn 0.971153 -0.233513 0.048303
vn 0.900363 0.370385 0.228391
vn 0.181198 -0.563795 0.805793
vn -0.238191 -0.913765 -0.329087
vn 0.476695 -0.855191 -0.203498
vn 0.393285 -0.045998 -0.918265
vn 0.539004 -0.832006 -0.131301
vn -0.152201 -0.962909 -0.222802
vn -0.152201 -0.962909 -0.222802
vn 0.138201 0.0001 -0.990404
vn 0.393285 -0.045998 -0.918265
vn 0.789576 -0.389388 -0.474286
vn 0.790477 -0.498985 0.35519
vn 0.539004 -0.832006 -0.131301
vn 0.789576 -0.389388 -0.474286
vn 0.636501 -0.720201 0.276001
vn 0.476695 -0.855191 -0.203498
vn 0.729068 -0.47008 -0.497478
vn 0.971153 -0.233513 0.048303
vn 0.138201 0.0001 -0.990404
vn 0.288499 -0.343099 -0.893897
vn 0.916274 0.246793 0.315491
vn 0.780593 0.577995 0.237898
vn 0.868485 0.486192 0.096698
vn 0.393285 -0.045998 -0.918265
vn 0.78988 0.523587 0.319292
vn 0.78988 0.523587 0.319292
vn 0.900363 0.370385 0.228391
vn 0.231101 0.155001 -0.960504
vn 0.870897 -0.0975 0.481698
vn 0.916274 0.246793 0.315491
vn 0.288499 -0.343099 -0.893897
vn 0.994566 -0.099897 -0.029299
vn 0.994566 -0.099897 -0.029299
vn 0.393285 -0.045998 -0.918265
vn 0.868485 0.486192 0.096698
vn 0.4286 -0.0131 -0.903399
vn 0.900363 0.370385 0.228391
vn 0.4286 -0.0131 -0.903399
vn 0.4286 -0.0131 -0.903399
vn 0.476695 -0.855191 -0.203498
vn -0.238191 -0.913765 -0.329087
vn 0.4286 -0.0131 -0.903399
vn 0.729068 -0.47008 -0.497478
vn 0.336209 -0.675919 0.655818
vn 0.688784 -0.719883 0.085698
vn 0.86442 0.41301 0.286707
vn -0.26219 -0.809269 -0.52568
vn 0.688784 -0.719883 0.085698
vn 0.86442 0.41301 0.286707
vn 0.993966 -0.103296 -0.036899
vn 0.86442 0.41301 0.286707
vn 0.688784 -0.719883 0.085698
vn 0.441894 -0.815388 -0.373995
vn 0.688784 -0.719883 0.085698
vn 0.441894 -0.815388 -0.373995
vn 0.744607 -0.157702 -0.648606
vn 0.993966 -0.103296 -0.036899
vn 0.763914 0.456609 0.456008
vn 0.86442 0.41301 0.286707
vn 0.233308 0.28391 -0.930033
vn 0.4199 0.2502 -0.872401
vn 0.86442 0.41301 0.286707
vn 0.993966 -0.103296 -0.036899
vn 0.4199 0.2502 -0.872401
vn -0.973102 -0.0677 0.220201
vn -0.824361 -0.456378 0.334884
vn -0.649066 -0.290785 0.702963
vn -0.732709 -0.122601 0.669408
vn -0.677386 -0.374292 0.633287
vn -0.679102 -0.340101 0.650502
vn -0.824361 -0.456378 0.334884
vn -0.973102 -0.0677 0.220201
vn -0.996234 -0.070902 -0.049902
vn -0.886173 -0.088697 0.454786
vn -0.931667 -0.259091 0.254691
vn -0.886173 -0.088697 0.454786
vn -0.824361 -0.456378 0.334884
vn -0.931667 -0.259091 0.254691
vn -0.877688 0.03 0.478293
vn -0.973102 -0.0677 0.220201
vn -0.877688 0.03 0.478293
vn -0.836319 0.521512 0.169104
vn -0.895379 0.393691 -0.208095
vn -0.895379 0.393691 -0.208095
vn -0.761624 -0.187106 0.62042
vn -0.485291 0.048899 0.872984
vn -0.191804 0.209004 0.95892
vn -0.84607 -0.375887 0.377987
vn -0.761624 -0.187106 0.62042
vn -0.191804 0.209004 0.95892
vn -0.750351 -0.156511 0.642244
vn -0.641631 -0.393419 0.658431
vn -0.84607 -0.375887 0.377987
vn -0.761624 -0.187106 0.62042
vn -0.761624 -0.187106 0.62042
vn -0.92019 -0.227898 0.318297
vn -0.821332 -0.298012 0.486419
vn -0.92019 -0.227898 0.318297
vn 0.278587 0.146593 0.949157
vn -0.191804 0.209004 0.95892
vn -0.485291 0.048899 0.872984
vn -0.373688 -0.253392 0.892272
vn -0.483805 -0.0411 0.87421
vn -0.170507 0.261811 0.949938
vn -0.483805 -0.0411 0.87421
vn -0.191804 0.209004 0.95892
vn 0.870897 -0.0975 0.481698
vn -0.170507 0.261811 0.949938
vn -0.483805 -0.0411 0.87421
vn -0.402485 -0.321888 0.856968
vn -0.647819 -0.424412 0.632618
vn -0.801779 0.178995 0.570185
vn -0.750351 -0.156511 0.642244
vn -0.647819 -0.424412 0.632618
vn -0.738433 -0.44752 0.504423
vn -0.750351 -0.156511 0.642244
vn -0.812027 0.145005 0.565319
vn -0.738433 -0.44752 0.504423
vn -0.196201 -0.172301 0.965307
vn -0.165497 -0.069199 0.98378
vn -0.655073 0.23689 0.71747
vn -0.170507 0.261811 0.949938
vn -0.075196 0.091596 0.992953
vn -0.196201 -0.172301 0.965307
vn -0.170507 0.261811 0.949938
vn -0.227299 0.0509 0.972494
vn -0.227299 0.0509 0.972494
vn -0.854377 -0.435188 0.283992
vn -0.92019 -0.227898 0.318297
vn -0.745814 -0.53231 0.400508
vn -0.92019 -0.227898 0.318297
vn -0.923269 -0.365488 -0.118296
vn -0.700991 -0.423795 0.573593
vn -0.92019 -0.227898 0.318297
vn -0.886173 -0.088697 0.454786
vn -0.975152 -0.126007 0.18221
vn -0.732709 -0.122601 0.669408
vn -0.92019 -0.227898 0.318297
vn -0.975152 -0.126007 0.18221
vn -0.885609 -0.458005 0.077001
vn -0.793822 -0.35731 -0.492114
vn -0.923269 -0.365488 -0.118296
vn -0.931667 -0.259091 0.254691
vn -0.975152 -0.126007 0.18221
vn -0.886173 -0.088697 0.454786
vn -0.914403 -0.332701 0.230601
vn -0.975152 -0.126007 0.18221
vn -0.914403 -0.332701 0.230601
vn -0.885609 -0.458005 0.077001
vn 0.697522 -0.642921 -0.31641
vn 0.790301 -0.479301 -0.3817
vn 0.406013 -0.446214 -0.797525
vn -0.679102 -0.340101 0.650502
vn -0.677386 -0.374292 0.633287
vn -0.821332 -0.298012 0.486419
vn -0.679102 -0.340101 0.650502
vn -0.812027 0.145005 0.565319
vn -0.614405 0.682006 0.396703
vn -0.880111 0.448406 0.156002
vn -0.836319 0.521512 0.169104
vn -0.880111 0.448406 0.156002
vn -0.892674 0.366589 -0.262192
vn -0.895379 0.393691 -0.208095
vn -0.880111 0.448406 0.156002
vn -0.614405 0.682006 0.396703
vn -0.641013 0.605313 0.47191
vn -0.880111 0.448406 0.156002
vn -0.641013 0.605313 0.47191
vn -0.943037 0.294212 0.155306
vn -0.892674 0.366589 -0.262192
vn -0.291496 0.679691 0.673091
vn -0.655073 0.23689 0.71747
vn -0.291496 0.679691 0.673091
vn -0.651094 0.708893 0.271197
vn -0.648958 0.696055 0.30718
vn -0.801779 0.178995 0.570185
vn 0.164698 0.68009 0.714389
vn -0.291496 0.679691 0.673091
vn -0.165497 -0.069199 0.98378
vn -0.165497 -0.069199 0.98378
vn -0.075196 0.091596 0.992953
vn 0.164698 0.68009 0.714389
vn -0.755664 0.499976 0.42308
vn -0.651094 0.708893 0.271197
vn -0.291496 0.679691 0.673091
vn -0.373188 0.692778 0.617081
vn 0.164698 0.68009 0.714389
vn -0.648958 0.696055 0.30718
vn -0.693704 0.612604 0.378802
vn -0.614405 0.682006 0.396703
vn -0.651094 0.708893 0.271197
vn -0.693704 0.612604 0.378802
vn -0.648958 0.696055 0.30718
vn -0.641013 0.605313 0.47191
vn -0.693704 0.612604 0.378802
vn -0.755664 0.499976 0.42308
vn -0.755664 0.499976 0.42308
vn -0.373188 0.692778 0.617081
vn -0.345196 0.376296 0.859791
vn 0.088303 0.544918 0.833827
vn -0.373188 0.692778 0.617081
vn 0.088303 0.544918 0.833827
vn -0.345196 0.376296 0.859791
vn -0.930077 0.192495 -0.312892
vn -0.476196 -0.665295 -0.574996
vn -0.24101 -0.914838 0.324014
vn -0.24101 -0.914838 0.324014
vn 0.660473 -0.609875 0.437982
vn -0.579788 -0.115198 0.806583
vn -0.579788 -0.115198 0.806583
vn 0.078398 0.594082 -0.800575
vn 0.277491 -0.230092 -0.932768
vn -0.476196 -0.665295 -0.574996
vn -0.930077 0.192495 -0.312892
vn 0.850292 0.525795 -0.0233
vn 0.906189 -0.258197 -0.334896
vn 0.277491 -0.230092 -0.932768
vn 0.078398 0.594082 -0.800575
vn 0.660473 -0.609875 0.437982
vn 0.906189 -0.258197 -0.334896
vn 0.489316 0.081103 0.868328
vn 0.489316 0.081103 0.868328
vn 0.850292 0.525795 -0.0233
vn -0.49119 -0.861282 0.130097
vn -0.019399 -0.702963 0.710962
vn -0.138099 -0.0858 0.986695
vn -0.138099 -0.0858 0.986695
vn -0.019399 -0.702963 0.710962
vn 0.508703 -0.775704 0.373502
vn -0.138099 -0.0858 0.986695
vn -0.078301 0.408007 0.909615
vn -0.908473 -0.414388 0.054398
vn 0.968655 0.245889 0.035298
vn -0.078301 0.408007 0.909615
vn -0.857402 -0.510001 0.069
vn -0.857402 -0.510001 0.069
vn 0.951031 -0.238508 0.196606
vn -0.019399 -0.702963 0.710962
vn -0.49119 -0.861282 0.130097
vn 0.508703 -0.775704 0.373502
vn -0.438879 -0.716466 0.542274
vn -0.908473 -0.414388 0.054398
vn -0.078301 0.408007 0.909615
vn 0.119198 0.039599 0.992081
vn 0.968655 0.245889 0.035298
vn 0.119198 0.039599 0.992081
vn -0.078301 0.408007 0.909615
vn 0.569919 -0.450615 0.687123
vn 0.697522 -0.642921 -0.31641
vn 0.569919 -0.450615 0.687123
vn 0.870897 -0.0975 0.481698
vn -0.908473 -0.414388 0.054398
vn -0.438879 -0.716466 0.542274
vn 0.429507 -0.697411 -0.573709
vn 0.170096 -0.691583 -0.701983
vn -0.857402 -0.510001 0.069
vn -0.908473 -0.414388 0.054398
vn 0.216004 -0.546511 -0.809116
vn 0.429507 -0.697411 -0.573709
vn 0.216004 -0.546511 -0.809116
vn -0.908473 -0.414388 0.054398
vn 0.569919 -0.450615 0.687123
vn -0.170507 0.261811 0.949938
vn 0.429507 -0.697411 -0.573709
vn -0.438879 -0.716466 0.542274
vn 0.569919 -0.450615 0.687123
vn 0.569919 -0.450615 0.687123
vn 0.697522 -0.642921 -0.31641
vn 0.429507 -0.697411 -0.573709
vn -0.186301 0.0393 0.981706
vn -0.286886 0.273287 0.918156
vn -0.186301 0.0393 0.981706
vn -0.286886 0.273287 0.918156
vn -0.111302 0.220503 0.969015
vn -0.039499 0.400191 0.91558
vn -0.286886 0.273287 0.918156
vn -0.039499 0.400191 0.91558
vn -0.111302 0.220503 0.969015
vn -0.186301 0.0393 0.981706
vn 0.119198 0.039599 0.992081
vn 0.260914 0.406622 0.875547
vn 0.260914 0.406622 0.875547
vn 0.299305 0.487509 0.820214
vn 0.820137 0.360616 0.44422
vn 0.967779 0.0018 0.251795
vn 0.967779 0.0018 0.251795
vn 0.580403 0.493703 0.647603
vn 0.820137 0.360616 0.44422
vn 0.299305 0.487509 0.820214
vn 0.33479 0.432688 0.837076
vn 0.084398 0.346691 0.934175
vn 0.580403 0.493703 0.647603
vn 0.567787 0.486289 0.664185
vn 0.804904 -0.581103 -0.120201
vn 0.895941 -0.44412 0.0068
vn 0.894417 -0.381007 -0.234204
vn 0.429507 -0.697411 -0.573709
vn 0.817617 -0.575512 -0.017
vn 0.895941 -0.44412 0.0068
vn 0.804904 -0.581103 -0.120201
vn 0.681786 -0.690086 -0.242795
vn 0.681786 -0.690086 -0.242795
vn 0.655786 -0.741184 -0.143497
vn -0.49119 -0.861282 0.130097
vn -0.857402 -0.510001 0.069
vn 0.0662 -0.9722 -0.2246
vn 0.0662 -0.9722 -0.2246
vn 0.170096 -0.691583 -0.701983
vn 0.0662 -0.9722 -0.2246
vn -0.857402 -0.510001 0.069
vn 0.0662 -0.9722 -0.2246
vn 0.170096 -0.691583 -0.701983
vn 0.951031 -0.238508 0.196606
vn 0.508703 -0.775704 0.373502
vn 0.216004 -0.546511 -0.809116
vn 0.968655 0.245889 0.035298
vn 0.429507 -0.697411 -0.573709
vn 0.967779 0.0018 0.251795
vn 0.968655 0.245889 0.035298
vn 0.429507 -0.697411 -0.573709
vn 0.983715 -0.080101 -0.160902
vn 0.967779 0.0018 0.251795
vn 0.928411 -0.155602 -0.337404
vn 0.983715 -0.080101 -0.160902
vn 0.820137 0.360616 0.44422
vn 0.967779 0.0018 0.251795
vn 0.872191 0.360996 0.330097
vn 0.580403 0.493703 0.647603
vn 0.833274 0.414287 0.366089
vn 0.567787 0.486289 0.664185
vn 0.971761 0.205092 -0.116695
vn 0.983212 0.182402 -0.0049
vn 0.928411 -0.155602 -0.337404
vn 0.971761 0.205092 -0.116695
vn 0.983212 0.182402 -0.0049
vn 0.993617 0.036301 -0.106802
vn 0.981642 -0.116905 -0.150706
vn 0.949961 -0.310287 0.035999
vn 0.949961 -0.310287 0.035999
vn 0.980894 -0.0041 0.194499
vn 0.942001 -0.3057 0.1385
vn 0.980894 -0.0041 0.194499
vn 0.949961 -0.310287 0.035999
vn 0.949961 -0.310287 0.035999
vn 0.817617 -0.575512 -0.017
vn 0.942001 -0.3057 0.1385
vn -0.075196 0.091596 0.992953
vn -0.111302 0.220503 0.969015
vn 0.265816 0.691841 0.67134
vn 0.265816 0.691841 0.67134
vn 0.164698 0.68009 0.714389
vn -0.075196 0.091596 0.992953
vn 0.084398 0.346691 0.934175
vn 0.164698 0.68009 0.714389
vn 0.265816 0.691841 0.67134
vn 0.241497 0.642892 0.72689
vn 0.241497 0.642892 0.72689
vn 0.33479 0.432688 0.837076
vn 0.567787 0.486289 0.664185
vn 0.461307 0.768612 0.443207
vn 0.273508 0.651619 0.707521
vn 0.241497 0.642892 0.72689
vn 0.662984 0.723382 0.192795
vn 0.461307 0.768612 0.443207
vn 0.567787 0.486289 0.664185
vn 0.567787 0.486289 0.664185
vn 0.833274 0.414287 0.366089
vn 0.662984 0.723382 0.192795
vn 0.461307 0.768612 0.443207
vn 0.748527 0.544319 0.378714
vn 0.70408 0.387489 0.595083
vn 0.662984 0.723382 0.192795
vn 0.70408 0.387489 0.595083
vn 0.241497 0.642892 0.72689
vn 0.606177 0.164794 0.77807
vn 0.273508 0.651619 0.707521
vn 0.70408 0.387489 0.595083
vn 0.748527 0.544319 0.378714
vn 0.935281 0.219396 0.277694
vn 0.748527 0.544319 0.378714
vn 0.935281 0.219396 0.277694
vn 0.606177 0.164794 0.77807
vn 0.662984 0.723382 0.192795
vn 0.993617 0.036301 -0.106802
vn 0.884385 0.465392 -0.035699
vn 0.981642 -0.116905 -0.150706
vn 0.980894 -0.0041 0.194499
vn 0.941156 -0.322685 -0.100495
vn 0.980894 -0.0041 0.194499
vn 0.942001 -0.3057 0.1385
vn 0.941156 -0.322685 -0.100495
vn -0.965733 0.096303 0.241008
vn -0.706488 -0.690588 0.154797
vn -0.591279 0.161294 0.790173
vn -0.406689 -0.760579 0.506086
vn -0.68962 0.67082 0.272808
vn -0.965733 0.096303 0.241008
vn -0.591279 0.161294 0.790173
vn 0.359002 0.641004 0.678404
vn -0.68962 0.67082 0.272808
vn -0.591279 0.161294 0.790173
vn 0.027099 -0.72768 0.685381
vn 0.113202 0.135302 0.984316
vn 0.113202 0.135302 0.984316
vn -0.046599 -0.665682 0.744779
vn 0.475995 -0.710492 0.518295
vn -0.046599 -0.665682 0.744779
vn -0.136796 0.234393 0.962469
vn -0.750788 0.220396 0.62269
vn -0.136796 0.234393 0.962469
vn 0.345911 0.628319 0.696822
vn -0.682685 0.676586 0.275994
vn -0.046599 -0.665682 0.744779
vn 0.475995 -0.710492 0.518295
vn -0.136796 0.234393 0.962469
vn 0.624379 0.086897 0.776273
vn -0.038999 -0.997779 0.053999
vn 0.624379 0.086897 0.776273
vn 0.475995 -0.710492 0.518295
vn -0.706488 -0.690588 0.154797
vn -0.965733 0.096303 0.241008
vn -0.038999 -0.997779 0.053999
vn 0.556203 -0.685304 0.470103
vn -0.406689 -0.760579 0.506086
vn -0.706488 -0.690588 0.154797
vn -0.040099 -0.999181 0.0055
vn 0.345911 0.628319 0.696822
vn -0.239296 0.543191 0.804786
vn 0.345911 0.628319 0.696822
vn -0.978834 0.086003 -0.185707
vn -0.978834 0.086003 -0.185707
vn -0.68962 0.67082 0.272808
vn -0.239296 0.543191 0.804786
vn -0.735138 0.543328 0.405421
vn -0.735138 0.543328 0.405421
vn -0.735138 0.543328 0.405421
vn -0.177602 0.662606 0.727606
vn -0.68962 0.67082 0.272808
vn -0.177602 0.662606 0.727606
vn -0.636429 0.617728 0.461921
vn -0.735138 0.543328 0.405421
vn 0.027099 -0.72768 0.685381
vn 0.027099 -0.72768 0.685381
vn 0.556203 -0.685304 0.470103
vn 0.74516 0.050597 0.664964
vn 0.113202 0.135302 0.984316
vn -0.040099 -0.999181 0.0055
vn 0.74516 0.050597 0.664964
vn 0.556203 -0.685304 0.470103
vn -0.746691 -0.641492 0.175898
vn -0.93086 0.252189 0.264389
vn -0.709305 -0.694105 -0.122901
vn -0.428882 0.256889 0.866064
vn -0.93086 0.252189 0.264389
vn -0.746691 -0.641492 0.175898
vn -0.746691 -0.641492 0.175898
vn -0.709305 -0.694105 -0.122901
vn 0.51153 -0.803647 0.304118
vn -0.3412 -0.698799 0.628699
vn 0.175502 -0.733708 0.656408
vn -0.3412 -0.698799 0.628699
vn 0.359002 0.641004 0.678404
vn -0.1149 0.635502 0.763502
vn 0.359002 0.641004 0.678404
vn -0.956088 0.230197 -0.181398
vn -0.489909 0.800815 0.344506
vn -0.956088 0.230197 -0.181398
vn -0.93086 0.252189 0.264389
vn -0.428882 0.256889 0.866064
vn -0.040099 -0.999181 0.0055
vn -0.956088 0.230197 -0.181398
vn -0.489909 0.800815 0.344506
vn -0.1149 0.635502 0.763502
vn -0.1149 0.635502 0.763502
vn -0.273189 0.666473 0.693672
vn -0.273189 0.666473 0.693672
vn -0.125597 0.544386 0.829379
vn -0.293609 0.467114 0.834025
vn -0.636429 0.617728 0.461921
vn -0.177602 0.662606 0.727606
vn -0.199595 0.643483 0.73898
vn -0.293609 0.467114 0.834025
vn -0.177602 0.662606 0.727606
vn 0.0175 0.349699 0.936698
vn 0.0175 0.349699 0.936698
vn 0.260212 0.21131 0.942145
vn -0.428882 0.256889 0.866064
vn -0.3412 -0.698799 0.628699
vn 0.175502 -0.733708 0.656408
vn 0.428098 0.793195 0.433098
vn -0.489909 0.800815 0.344506
vn -0.428882 0.256889 0.866064
vn 0.260212 0.21131 0.942145
vn -0.273189 0.666473 0.693672
vn -0.1149 0.635502 0.763502
vn -0.489909 0.800815 0.344506
vn -0.072896 0.692565 0.717663
vn -0.273189 0.666473 0.693672
vn 0.140096 0.711981 0.688082
vn -0.273189 0.666473 0.693672
vn -0.072896 0.692565 0.717663
vn -0.0232 0.511104 0.859206
vn -0.125597 0.544386 0.829379
vn 0.140096 0.711981 0.688082
vn 0.140096 0.711981 0.688082
vn 0.428098 0.793195 0.433098
vn 0.532386 0.634984 0.559786
vn 0.42499 0.470389 0.773381
vn 0.162202 0.483807 0.860012
vn 0.532386 0.634984 0.559786
vn 0.842328 0.065102 0.535018
vn 0.260212 0.21131 0.942145
vn 0.175502 -0.733708 0.656408
vn 0.51153 -0.803647 0.304118
vn 0.260212 0.21131 0.942145
vn 0.842328 0.065102 0.535018
vn 0.428098 0.793195 0.433098
vn 0.559102 -0.827403 0.053
vn 0.990239 -0.0102 0.139005
vn 0.428098 0.793195 0.433098
vn 0.842328 0.065102 0.535018
vn 0.990239 -0.0102 0.139005
vn 0.830784 0.331793 0.446891
vn 0.830784 0.331793 0.446891
vn -0.706297 -0.684597 0.180199
vn 0.120606 -0.661331 0.740335
vn -0.610572 -0.526876 0.591273
vn -0.610572 -0.526876 0.591273
vn 0.120606 -0.661331 0.740335
vn 0.261906 0.376509 0.888621
vn -0.981218 0.151903 0.118902
vn -0.706297 -0.684597 0.180199
vn -0.610572 -0.526876 0.591273
vn -0.819013 0.041001 0.572309
vn -0.819013 0.041001 0.572309
vn 0.492913 -0.195105 0.847922
vn 0.120606 -0.661331 0.740335
vn 0.240105 -0.885718 0.397308
vn 0.492913 -0.195105 0.847922
vn 0.833998 -0.1657 0.526299
vn 0.492913 -0.195105 0.847922
vn 0.833998 -0.1657 0.526299
vn 0.261906 0.376509 0.888621
vn 0.240105 -0.885718 0.397308
vn -0.640634 0.102005 0.761041
vn 0.155193 -0.0071 0.987859
vn 0.155193 -0.0071 0.987859
vn -0.422003 0.708205 0.566004
vn -0.541694 0.665192 0.513894
vn -0.682685 0.676586 0.275994
vn -0.871115 0.363306 0.330406
vn -0.871115 0.363306 0.330406
vn -0.764089 0.325295 0.557092
vn -0.773991 0.333596 0.538193
vn -0.533019 0.371613 0.760128
vn -0.877514 0.253604 0.407006
vn -0.533019 0.371613 0.760128
vn -0.422003 0.708205 0.566004
vn -0.764089 0.325295 0.557092
vn -0.871115 0.363306 0.330406
vn -0.871115 0.363306 0.330406
vn -0.645492 0.360395 0.673391
vn -0.529287 0.806881 0.262294
vn -0.645492 0.360395 0.673391
vn -0.773991 0.333596 0.538193
vn -0.877514 0.253604 0.407006
vn -0.541694 0.665192 0.513894
vn -0.551469 0.461274 0.69506
vn -0.551469 0.461274 0.69506
vn -0.422003 0.708205 0.566004
vn -0.561587 0.792781 0.236894
vn -0.551469 0.461274 0.69506
vn -0.551469 0.461274 0.69506
vn -0.740281 0.634484 0.222294
vn -0.561587 0.792781 0.236894
vn -0.828369 0.451283 0.331887
vn -0.735138 0.543328 0.405421
vn -0.636429 0.617728 0.461921
vn -0.549595 0.201398 0.810792
vn -0.852832 0.227509 0.470018
vn -0.735138 0.543328 0.405421
vn -0.852832 0.227509 0.470018
vn -0.877514 0.253604 0.407006
vn -0.871115 0.363306 0.330406
vn -0.735138 0.543328 0.405421
vn -0.293609 0.467114 0.834025
vn -0.549595 0.201398 0.810792
vn -0.636429 0.617728 0.461921
vn -0.549595 0.201398 0.810792
vn -0.293609 0.467114 0.834025
vn -0.466794 0.815689 0.341695
vn -0.199595 0.643483 0.73898
vn -0.466794 0.815689 0.341695
vn -0.293609 0.467114 0.834025
vn -0.073203 0.602925 0.794433
vn -0.626876 0.616976 0.475781
vn -0.529287 0.806881 0.262294
vn -0.466794 0.815689 0.341695
vn -0.101303 0.90063 0.422614
vn -0.626876 0.616976 0.475781
vn -0.073203 0.602925 0.794433
vn -0.951537 0.208586 0.225985
vn -0.828369 0.451283 0.331887
vn -0.626876 0.616976 0.475781
vn -0.644925 -0.156606 0.748029
vn -0.320896 0.478094 0.817589
vn -0.626876 0.616976 0.475781
vn -0.320896 0.478094 0.817589
vn -0.644925 -0.156606 0.748029
vn -0.941063 0.283289 -0.184793
vn -0.879661 0.120895 -0.45998
vn -0.879661 0.120895 -0.45998
vn -0.941063 0.283289 -0.184793
vn -0.879661 0.120895 -0.45998
vn -0.941063 0.283289 -0.184793
vn -0.848539 -0.186109 -0.495323
vn -0.849108 -0.065001 -0.524205
vn -0.844218 -0.025101 -0.535412
vn -0.879661 0.120895 -0.45998
vn -0.849108 -0.065001 -0.524205
vn -0.941063 0.283289 -0.184793
vn -0.951537 0.208586 0.225985
vn -0.899949 0.035802 -0.434523
vn -0.951537 0.208586 0.225985
vn -0.874289 0.0034 0.485394
vn -0.889369 0.197593 -0.412286
vn 0.262098 -0.713493 0.649794
vn -0.977842 0.0038 0.209309
vn -0.964798 -0.257699 0.0525
vn 0.262098 -0.713493 0.649794
vn -0.964798 -0.257699 0.0525
vn 0.131494 -0.148993 -0.980056
vn -0.342383 -0.886356 0.311684
vn 0.351315 -0.207209 0.91304
vn -0.817699 0.0722 0.5711
vn -0.342383 -0.886356 0.311684
vn -0.817699 0.0722 0.5711
vn -0.792112 -0.420306 -0.442607
vn 0.356405 -0.73211 -0.580508
vn -0.977842 0.0038 0.209309
vn -0.849675 -0.187394 0.492885
vn -0.556479 -0.438584 0.705674
vn -0.1942 -0.469701 -0.861201
vn -0.849675 -0.187394 0.492885
vn -0.977842 0.0038 0.209309
vn -0.556479 -0.438584 0.705674
vn -0.842326 -0.483815 0.237507
vn 0.162202 0.483807 0.860012
vn 0.42499 0.470389 0.773381
vn 0.311897 0.813294 0.491196
vn -0.0232 0.511104 0.859206
vn 0.830784 0.331793 0.446891
vn 0.704436 0.239512 0.668134
vn 0.939179 0.077398 0.334593
vn 0.704436 0.239512 0.668134
vn 0.42499 0.470389 0.773381
vn 0.704436 0.239512 0.668134
vn 0.739416 0.568212 0.361108
vn 0.739416 0.568212 0.361108
vn 0.914788 -0.043399 0.401595
vn 0.704436 0.239512 0.668134
vn 0.939179 0.077398 0.334593
vn 0.914788 -0.043399 0.401595
vn 0.974205 0.164201 -0.154801
vn 0.998547 -0.053603 -0.0056
vn 0.942083 0.090298 -0.322994
vn 0.931799 -0.2033 0.3007
vn 0.998547 -0.053603 -0.0056
vn 0.974205 0.164201 -0.154801
vn 0.999457 0.032899 0.0018
vn 0.995901 0.0759 -0.0492
vn 0.974205 0.164201 -0.154801
vn 0.995901 0.0759 -0.0492
vn 0.98153 -0.150105 0.118604
vn 0.942083 0.090298 -0.322994
vn 0.981431 -0.078302 0.175106
vn 0.85382 0.219105 -0.472211
vn 0.998547 -0.053603 -0.0056
vn 0.85382 0.219105 -0.472211
vn 0.855523 -0.36791 0.36431
vn 0.981431 -0.078302 0.175106
vn 0.998547 -0.053603 -0.0056
vn 0.931799 -0.2033 0.3007
vn 0.333692 0.550587 0.765182
vn 0.333692 0.550587 0.765182
vn 0.311897 0.813294 0.491196
vn 0.739416 0.568212 0.361108
vn 0.333692 0.550587 0.765182
vn 0.73459 0.661791 0.149698
vn 0.333692 0.550587 0.765182
vn 0.739416 0.568212 0.361108
vn 0.942083 0.090298 -0.322994
vn 0.73459 0.661791 0.149698
vn 0.999457 0.032899 0.0018
vn 0.333692 0.550587 0.765182
vn 0.73459 0.661791 0.149698
vn 0.881353 0.250115 0.400824
vn 0.333692 0.550587 0.765182
vn 0.881353 0.250115 0.400824
vn 0.2021 -0.3572 0.911901
vn 0.2021 -0.3572 0.911901
vn 0.85382 0.219105 -0.472211
vn 0.981431 -0.078302 0.175106
vn 0.881353 0.250115 0.400824
vn 0.862 -0.3198 0.3933
vn 0.855523 -0.36791 0.36431
vn 0.2021 -0.3572 0.911901
vn 0.98153 -0.150105 0.118604
vn 0.559102 -0.827403 0.053
vn 0.470199 -0.881797 0.0367
vn 0.975305 -0.160901 -0.151301
vn 0.98153 -0.150105 0.118604
vn 0.470199 -0.881797 0.0367
vn 0.587197 -0.805696 -0.0778
vn 0.587197 -0.805696 -0.0778
vn -0.834464 -0.126795 0.536277
vn -0.53461 0.152003 0.831316
vn -0.904409 0.0219 0.426104
vn -0.867017 -0.029401 0.49741
vn -0.1942 -0.469701 -0.861201
vn -0.640634 0.102005 0.761041
vn -0.69038 0.596882 0.408788
vn -0.874289 0.0034 0.485394
vn -0.53461 0.152003 0.831316
vn -0.842524 0.486514 0.231207
vn -0.69038 0.596882 0.408788
vn -0.53461 0.152003 0.831316
vn -0.640634 0.102005 0.761041
vn 0.083804 0.0082 0.996449
vn 0.083804 0.0082 0.996449
vn -0.903193 0.192999 0.383397
vn -0.556479 -0.438584 0.705674
vn -0.849675 -0.187394 0.492885
vn -0.931765 0.111596 0.345487
vn -0.867017 -0.029401 0.49741
vn -0.849675 -0.187394 0.492885
vn -0.842326 -0.483815 0.237507
vn -0.925574 0.177095 0.33459
vn -0.964798 -0.257699 0.0525
vn -0.968097 -0.0891 0.234199
vn -0.968097 -0.0891 0.234199
vn -0.867017 -0.029401 0.49741
vn -0.904409 0.0219 0.426104
vn -0.904409 0.0219 0.426104
vn -0.938052 0.205311 0.279115
vn -0.965492 -0.0167 0.259898
vn -0.965492 -0.0167 0.259898
vn -0.985462 0.083797 0.147794
vn -0.962497 -0.0402 0.268299
vn -0.962497 -0.0402 0.268299
vn -0.971115 0.235404 0.039001
vn -0.985462 0.083797 0.147794
vn -0.995985 0.071999 -0.053199
vn -0.995985 0.071999 -0.053199
vn -0.998982 0.0011 0.045099
vn -0.998982 0.0011 0.045099
vn -0.995403 0.0522 -0.0803
vn -0.995403 0.0522 -0.0803
vn -0.889369 0.197593 -0.412286
vn 0.119997 0.706582 0.697382
vn 0.351315 -0.207209 0.91304
vn 0.985354 -0.165592 0.040698
vn 0.119997 0.706582 0.697382
vn -0.066802 -0.422215 0.904031
vn -0.956878 -0.138597 0.255294
vn -0.239899 -0.923897 -0.298099
vn -0.208596 0.52869 0.822785
vn -0.956878 -0.138597 0.255294
vn -0.066802 -0.422215 0.904031
vn -0.066802 -0.422215 0.904031
vn 0.8825 -0.1629 0.4412
vn -0.208596 0.52869 0.822785
vn -0.623399 0.731799 -0.275399
vn -0.69038 0.596882 0.408788
vn -0.842524 0.486514 0.231207
vn -0.623399 0.731799 -0.275399
vn -0.540082 0.786674 -0.29909
vn -0.936497 -0.1491 -0.317399
vn -0.540082 0.786674 -0.29909
vn -0.842524 0.486514 0.231207
vn -0.842524 0.486514 0.231207
vn -0.983676 0.179696 -0.0095
vn -0.842524 0.486514 0.231207
vn -0.983676 0.179696 -0.0095
vn -0.997379 0.031799 0.064999
vn -0.997379 0.031799 0.064999
vn -0.623399 0.731799 -0.275399
vn -0.540082 0.786674 -0.29909
vn -0.127097 0.748983 -0.650285
vn -0.127097 0.748983 -0.650285
vn -0.889369 0.197593 -0.412286
vn -0.623399 0.731799 -0.275399
vn -0.540082 0.786674 -0.29909
vn -0.936497 -0.1491 -0.317399
vn -0.360901 -0.1666 -0.917603
vn 0.018801 0.826432 -0.562722
vn 0.018801 0.826432 -0.562722
vn 0.76391 -0.279804 0.581508
vn 0.083804 0.0082 0.996449
vn 0.2021 -0.3572 0.911901
vn 0.862 -0.3198 0.3933
vn 0.155193 -0.0071 0.987859
vn 0.591209 0.380706 0.71101
vn 0.083804 0.0082 0.996449
vn 0.76391 -0.279804 0.581508
vn 0.591209 0.380706 0.71101
vn 0.815509 0.139801 0.561606
vn 0.815509 0.139801 0.561606
vn 0.957623 -0.055601 0.282607
vn 0.957623 -0.055601 0.282607
vn 0.216904 -0.053601 0.97472
vn 0.513596 0.650095 0.559996
vn 0.815509 0.139801 0.561606
vn 0.882284 -0.313094 0.351493
vn 0.990239 -0.0102 0.139005
vn 0.914788 -0.043399 0.401595
vn 0.939179 0.077398 0.334593
vn 0.975305 -0.160901 -0.151301
vn 0.907673 -0.317291 -0.274692
vn 0.938312 -0.172302 -0.299804
vn 0.938312 -0.172302 -0.299804
vn 0.916774 -0.261393 -0.301992
vn 0.907673 -0.317291 -0.274692
vn 0.963196 -0.200799 0.178699
vn 0.916774 -0.261393 -0.301992
vn 0.963196 -0.200799 0.178699
vn 0.591209 0.380706 0.71101
vn 0.76391 -0.279804 0.581508
vn 0.899311 0.408805 0.155302
vn 0.815509 0.139801 0.561606
vn 0.591209 0.380706 0.71101
vn 0.84797 0.494283 0.191393
vn 0.84797 0.494283 0.191393
vn 0.815509 0.139801 0.561606
vn 0.899311 0.408805 0.155302
vn 0.816474 -0.548082 0.181594
vn 0.816474 -0.548082 0.181594
vn 0.923254 -0.047198 -0.381281
vn 0.963196 -0.200799 0.178699
vn 0.916774 -0.261393 -0.301992
vn 0.923254 -0.047198 -0.381281
vn 0.705198 0.640198 -0.304699
vn 0.741583 0.620386 -0.255294
vn 0.816474 -0.548082 0.181594
vn 0.899311 0.408805 0.155302
vn 0.705198 0.640198 -0.304699
vn 0.796383 -0.44369 -0.410991
vn 0.332799 0.778398 -0.532298
vn 0.796383 -0.44369 -0.410991
vn 0.705198 0.640198 -0.304699
vn 0.374806 0.705312 -0.60171
vn 0.332799 0.778398 -0.532298
vn 0.741583 0.620386 -0.255294
vn 0.706045 -0.63224 -0.31902
vn 0.4708 -0.509 0.720601
vn 0.882284 -0.313094 0.351493
vn 0.816474 -0.548082 0.181594
vn 0.733822 -0.644819 0.213806
vn 0.733822 -0.644819 0.213806
vn 0.250298 -0.576396 -0.777894
vn 0.706045 -0.63224 -0.31902
vn 0.796383 -0.44369 -0.410991
vn 0.298014 -0.328815 -0.896141
vn 0.298014 -0.328815 -0.896141
vn -0.418799 0.822097 0.385699
vn -0.981218 0.151903 0.118902
vn -0.819013 0.041001 0.572309
vn -0.397374 0.482369 0.78065
vn -0.397374 0.482369 0.78065
vn -0.696559 0.090595 0.711758
vn -0.983676 0.179696 -0.0095
vn 0.513596 0.650095 0.559996
vn -0.418799 0.822097 0.385699
vn -0.397374 0.482369 0.78065
vn 0.261906 0.376509 0.888621
vn 0.216904 -0.053601 0.97472
vn -0.696559 0.090595 0.711758
vn 0.014 -0.147299 0.988993
vn -0.696559 0.090595 0.711758
vn 0.216904 -0.053601 0.97472
vn 0.4708 -0.509 0.720601
vn 0.882284 -0.313094 0.351493
vn -0.941127 -0.139104 0.308109
vn -0.997379 0.031799 0.064999
vn -0.563716 -0.039501 0.825024
vn -0.5288 0.4355 0.728499
vn -0.941127 -0.139104 0.308109
vn -0.563716 -0.039501 0.825024
vn 0.162507 0.312114 0.936043
vn -0.5288 0.4355 0.728499
vn -0.563716 -0.039501 0.825024
vn -0.563716 -0.039501 0.825024
vn 0.014 -0.147299 0.988993
vn 0.162507 0.312114 0.936043
vn -0.696559 0.090595 0.711758
vn -0.997379 0.031799 0.064999
vn -0.941127 -0.139104 0.308109
vn -0.926645 -0.226186 -0.300282
vn -0.936497 -0.1491 -0.317399
vn -0.655308 0.281103 0.701108
vn -0.8407 0.0011 0.5415
vn -0.954386 -0.221697 0.199997
vn -0.951258 -0.299287 0.074397
vn -0.951258 -0.299287 0.074397
vn -0.669716 -0.199505 0.715317
vn -0.8407 0.0011 0.5415
vn -0.379388 0.207493 0.901671
vn -0.954386 -0.221697 0.199997
vn -0.8407 0.0011 0.5415
vn -0.669716 -0.199505 0.715317
vn -0.669716 -0.199505 0.715317
vn -0.379388 0.207493 0.901671
vn -0.905297 0.255299 0.339499
vn -0.914185 -0.325195 0.241896
vn -0.914185 -0.325195 0.241896
vn -0.655308 0.281103 0.701108
vn -0.379388 0.207493 0.901671
vn -0.655308 0.281103 0.701108
vn -0.598091 0.343695 0.723989
vn -0.598091 0.343695 0.723989
vn -0.655308 0.281103 0.701108
vn -0.628481 0.33439 0.702279
vn -0.598091 0.343695 0.723989
vn -0.628481 0.33439 0.702279
vn -0.691208 0.278803 0.666708
vn -0.681532 0.229611 0.694833
vn -0.681532 0.229611 0.694833
vn -0.422496 -0.408296 -0.809192
vn -0.360901 -0.1666 -0.917603
vn -0.954272 -0.246793 -0.168695
vn -0.857755 -0.222988 -0.463176
vn -0.814579 -0.430289 -0.38899
vn -0.862783 -0.219396 -0.455491
vn -0.577011 -0.257705 -0.775014
vn -0.926645 -0.226186 -0.300282
vn -0.577011 -0.257705 -0.775014
vn -0.422496 -0.408296 -0.809192
vn -0.951258 -0.299287 0.074397
vn -0.914185 -0.325195 0.241896
vn -0.905297 0.255299 0.339499
vn -0.932688 -0.353095 0.073599
vn -0.932688 -0.353095 0.073599
vn -0.983915 0.178603 -0.0034
vn -0.827715 0.56081 0.0195
vn -0.983915 0.178603 -0.0034
vn -0.81581 0.460306 0.350104
vn -0.780783 0.591487 0.201296
vn -0.954272 -0.246793 -0.168695
vn -0.879986 -0.439493 -0.180197
vn -0.98675 0.051097 -0.153992
vn -0.98675 0.051097 -0.153992
vn -0.782194 -0.410597 -0.468596
vn -0.844012 0.096301 -0.527608
vn -0.844012 0.096301 -0.527608
vn -0.857755 -0.222988 -0.463176
vn -0.782194 -0.410597 -0.468596
vn -0.863904 0.445102 -0.235701
vn -0.902005 -0.281301 -0.327502
vn -0.844012 0.096301 -0.527608
vn -0.98675 0.051097 -0.153992
vn -0.919513 0.168302 -0.355205
vn -0.902005 -0.281301 -0.327502
vn -0.98675 0.051097 -0.153992
vn -0.919513 0.168302 -0.355205
vn -0.649806 -0.437304 -0.621706
vn -0.649806 -0.437304 -0.621706
vn -0.691208 0.278803 0.666708
vn -0.832634 -0.0012 0.553823
vn -0.835077 0.217094 0.505486
vn -0.835077 0.217094 0.505486
vn -0.832634 -0.0012 0.553823
vn -0.920477 -0.082498 0.38199
vn -0.897602 0.097 0.430001
vn -0.897602 0.097 0.430001
vn -0.802795 0.459397 0.380098
vn -0.435306 0.0221 0.900011
vn -0.872962 -0.003 0.487779
vn -0.843936 0.146606 0.516022
vn -0.843936 0.146606 0.516022
vn -0.872962 -0.003 0.487779
vn -0.920477 -0.082498 0.38199
vn -0.843936 0.146606 0.516022
vn -0.429407 0.223904 0.874915
vn -0.920477 -0.082498 0.38199
vn -0.429407 0.223904 0.874915
vn -0.872962 -0.003 0.487779
vn -0.435306 0.0221 0.900011
vn -0.616223 0.434116 0.657124
vn -0.897602 0.097 0.430001
vn -0.014701 0.319012 0.947637
vn -0.429407 0.223904 0.874915
vn 0.253911 0.23261 0.938841
vn -0.435306 0.0221 0.900011
vn -0.429407 0.223904 0.874915
vn -0.014701 0.319012 0.947637
vn -0.435306 0.0221 0.900011
vn 0.253911 0.23261 0.938841
vn 0.0109 0.292803 0.956111
vn -0.616223 0.434116 0.657124
vn 0.0109 0.292803 0.956111
vn 0.253911 0.23261 0.938841
vn -0.014701 0.319012 0.947637
vn -0.0072 0.305399 0.952197
vn 0.0109 0.292803 0.956111
vn -0.014701 0.319012 0.947637
vn 0.027901 0.126706 0.991548
vn -0.0072 0.305399 0.952197
vn -0.134796 0.024599 0.990568
vn -0.408905 0.094101 0.907712
vn -0.378794 0.222297 0.898387
vn -0.164504 0.421209 0.89192
vn -0.537196 0.676095 0.504297
vn -0.537196 0.676095 0.504297
vn -0.164504 0.421209 0.89192
vn -0.235507 0.284408 0.929327
vn -0.126195 0.762071 0.635076
vn -0.286512 0.877836 0.383816
vn -0.286512 0.877836 0.383816
vn -0.519494 0.84879 0.098399
vn 0.027901 0.126706 0.991548
vn -0.235507 0.284408 0.929327
vn -0.134796 0.024599 0.990568
vn -0.134796 0.024599 0.990568
vn -0.408905 0.094101 0.907712
vn -0.235507 0.284408 0.929327
vn -0.349015 0.289313 0.89134
vn -0.378794 0.222297 0.898387
vn -0.349015 0.289313 0.89134
vn -0.698683 0.472289 0.537387
vn -0.551165 0.388275 0.738553
vn 0.182705 0.620016 0.76302
vn -0.509392 0.195697 0.837987
vn -0.873764 0.444581 0.197192
vn -0.519494 0.84879 0.098399
vn -0.601704 0.798405 0.0224
vn -0.827715 0.56081 0.0195
vn -0.780783 0.591487 0.201296
vn -0.601704 0.798405 0.0224
vn -0.863904 0.445102 -0.235701
vn -0.873764 0.444581 0.197192
vn -0.601704 0.798405 0.0224
vn -0.519494 0.84879 0.098399
vn -0.444817 0.887734 0.118604
vn -0.601704 0.798405 0.0224
vn -0.444817 0.887734 0.118604
vn -0.940365 0.318488 -0.119496
vn -0.644891 0.74309 -0.178698
vn -0.863904 0.445102 -0.235701
vn -0.601704 0.798405 0.0224
vn -0.940365 0.318488 -0.119496
vn -0.644891 0.74309 -0.178698
vn -0.601704 0.798405 0.0224
vn -0.444817 0.887734 0.118604
vn -0.873764 0.444581 0.197192
vn -0.940365 0.318488 -0.119496
vn -0.698683 0.472289 0.537387
vn -0.855829 -0.106304 0.506217
vn -0.873764 0.444581 0.197192
vn -0.682309 -0.191602 0.705509
vn -0.855829 -0.106304 0.506217
vn -0.698683 0.472289 0.537387
vn -0.551165 0.388275 0.738553
vn -0.593294 0.641194 0.486695
vn -0.855829 -0.106304 0.506217
vn -0.593294 0.641194 0.486695
vn -0.779678 0.617383 -0.104597
vn -0.988828 -0.051701 -0.139804
vn -0.988828 -0.051701 -0.139804
vn -0.49682 -0.145706 0.855535
vn -0.275004 0.510507 0.814712
vn -0.593294 0.641194 0.486695
vn -0.275004 0.510507 0.814712
vn -0.422383 0.670373 0.610076
vn -0.787531 0.600324 -0.139306
vn -0.787531 0.600324 -0.139306
vn -0.779678 0.617383 -0.104597
vn -0.593294 0.641194 0.486695
vn -0.940365 0.318488 -0.119496
vn 0.762568 0.026299 0.646373
vn 0.4708 -0.509 0.720601
vn 0.616111 0.156703 0.771914
vn -0.220893 0.154595 0.962968
vn 0.249589 0.048098 0.967157
vn 0.249589 0.048098 0.967157
vn 0.762568 0.026299 0.646373
vn 0.869281 -0.339393 -0.359392
vn 0.954992 -0.249398 0.160599
vn 0.954992 -0.249398 0.160599
vn 0.250298 -0.576396 -0.777894
vn 0.762568 0.026299 0.646373
vn 0.954992 -0.249398 0.160599
vn 0.649292 -0.724291 0.231997
vn 0.182098 -0.400795 0.897889
vn 0.789589 0.334895 0.514193
vn 0.789589 0.334895 0.514193
vn -0.380417 -0.65803 0.64983
vn 0 -0.987391 0.158299
vn 0 -0.682493 0.730892
vn 0.355501 -0.665301 0.656501
vn -0.0009 -0.216613 0.976257
vn -0.380417 -0.65803 0.64983
vn 0 -0.682493 0.730892
vn 0.355501 -0.665301 0.656501
vn -0.0009 -0.216613 0.976257
vn 0 -0.682493 0.730892
vn 0.603419 -0.710822 -0.361411
vn 0.361788 -0.339689 -0.868171
vn 0.3263 -0.634799 -0.700399
vn 0.649292 -0.724291 0.231997
vn 0.649292 -0.724291 0.231997
vn 0 -0.971215 -0.238204
vn 0.182098 -0.400795 0.897889
vn 0.603419 -0.710822 -0.361411
vn 0 -0.987391 0.158299
vn 0 -0.971215 -0.238204
vn -0.626087 -0.742385 0.238495
vn -0.626087 -0.742385 0.238495
vn -0.373898 0.219199 0.901195
vn -0.220893 0.154595 0.962968
vn 0.249589 0.048098 0.967157
vn -0.268201 -0.0224 0.963103
vn 0.242706 0.106603 0.964225
vn -0.268201 -0.0224 0.963103
vn -0.373898 0.219199 0.901195
vn -0.268201 -0.0224 0.963103
vn 0.242706 0.106603 0.964225
vn 0.700475 0.429884 0.569679
vn 0.182705 0.620016 0.76302
vn 0.242706 0.106603 0.964225
vn 0.525877 0.366884 0.767366
vn 0.242706 0.106603 0.964225
vn 0.525877 0.366884 0.767366
vn 0.700475 0.429884 0.569679
vn 0.182705 0.620016 0.76302
vn 0.700475 0.429884 0.569679
vn 0.0491 -0.0008 0.998794
vn 0.182705 0.620016 0.76302
vn 0.0491 -0.0008 0.998794
vn -0.3952 0.0947 0.913701
vn -0.3952 0.0947 0.913701
vn 0.700475 0.429884 0.569679
vn 0.525877 0.366884 0.767366
vn 0.616111 0.156703 0.771914
vn 0.0491 -0.0008 0.998794
vn 0.338606 -0.236904 0.910616
vn 0.0491 -0.0008 0.998794
vn 0.338606 -0.236904 0.910616
vn -0.350016 -0.355317 0.86674
vn -0.3952 0.0947 0.913701
vn 0.0491 -0.0008 0.998794
vn -0.350016 -0.355317 0.86674
vn 0.182098 -0.400795 0.897889
vn -0.509392 0.195697 0.837987
vn -0.350016 -0.355317 0.86674
vn -0.275004 0.510507 0.814712
vn -0.49682 -0.145706 0.855535
vn -0.489691 0.471692 0.733287
vn -0.566608 0.530008 0.630909
vn -0.143495 0.441585 0.88567
vn -0.275004 0.510507 0.814712
vn -0.350016 -0.355317 0.86674
vn -0.190293 0.447183 0.873966
vn -0.190293 0.447183 0.873966
vn -0.769687 -0.091098 0.631889
vn -0.566608 0.530008 0.630909
vn -0.489691 0.471692 0.733287
vn -0.143495 0.441585 0.88567
vn -0.602821 -0.249309 0.757926
vn -0.422383 0.670373 0.610076
vn -0.566608 0.530008 0.630909
vn -0.566608 0.530008 0.630909
vn -0.769687 -0.091098 0.631889
vn -0.875496 -0.399198 0.272299
vn -0.566608 0.530008 0.630909
vn -0.875496 -0.399198 0.272299
vn -0.602821 -0.249309 0.757926
vn -0.42559 -0.705184 0.567087
vn -0.640599 -0.644199 0.417899
vn -0.422383 0.670373 0.610076
vn -0.422383 0.670373 0.610076
vn -0.640599 -0.644199 0.417899
vn -0.760983 -0.646385 -0.055599
vn -0.602821 -0.249309 0.757926
vn -0.42559 -0.705184 0.567087
vn -0.422383 0.670373 0.610076
vn -0.760983 -0.646385 -0.055599
vn -0.787531 0.600324 -0.139306
vn -0.422383 0.670373 0.610076
vn -0.350016 -0.355317 0.86674
vn 0.182098 -0.400795 0.897889
vn -0.350016 -0.355317 0.86674
vn -0.0238 0.547902 0.836204
vn -0.0238 0.547902 0.836204
vn 0.347196 -0.354296 0.868291
vn -0.0103 0.416288 0.909174
vn -0.0238 0.547902 0.836204
vn -0.143495 0.441585 0.88567
vn -0.0103 0.416288 0.909174
vn 0.0071 0.0028 0.999971
vn -0.0001 -0.021399 0.999771
vn -0.0001 -0.021399 0.999771
vn 0.244992 0.421785 0.87297
vn 0.240996 0.435192 0.867484
vn 0.240996 0.435192 0.867484
vn 0.244992 0.421785 0.87297
vn 0.0071 0.0028 0.999971
vn -0.0103 0.416288 0.909174
vn -0.579788 -0.115198 0.806583
vn -0.153595 0.943168 0.29469
vn -0.930077 0.192495 -0.312892
vn -0.153595 0.943168 0.29469
vn 0.078398 0.594082 -0.800575
vn -0.930077 0.192495 -0.312892
vn -0.153595 0.943168 0.29469
vn 0.850292 0.525795 -0.0233
vn 0.078398 0.594082 -0.800575
vn -0.153595 0.943168 0.29469
vn -0.153595 0.943168 0.29469
vn -0.344812 0.188106 0.919631
vn -0.509389 0.030899 0.859981
vn -0.345196 0.376296 0.859791
vn -0.564992 0.264096 0.781689
vn 0.127206 0.070803 0.989346
vn 0.127206 0.070803 0.989346
vn -0.722688 0.123298 0.680088
vn -0.722688 0.123298 0.680088
vn -0.369 0.0583 0.927599
vn -0.533611 0.164303 0.829617
vn -0.509389 0.030899 0.859981
vn -0.564992 0.264096 0.781689
vn -0.344812 0.188106 0.919631
vn -0.533611 0.164303 0.829617
vn -0.369 0.0583 0.927599
vn -0.033701 0.657925 0.752329
vn -0.238493 0.779678 0.578984
vn -0.536686 0.210595 0.817079
vn -0.238493 0.779678 0.578984
vn -0.536686 0.210595 0.817079
vn -0.533611 0.164303 0.829617
vn 0.127206 0.070803 0.989346
vn 0.2155 0.22 0.951399
vn -0.033701 0.657925 0.752329
vn -0.369 0.0583 0.927599
vn 0.2155 0.22 0.951399
vn 0.2155 0.22 0.951399
vn -0.085404 -0.013701 0.996252
vn -0.368418 0.387519 0.845042
vn -0.385198 0.632596 0.671896
vn 0.296004 0.081401 0.951712
vn 0.2155 0.22 0.951399
vn 0.547792 -0.0234 0.836287
vn -0.085404 -0.013701 0.996252
vn -0.368418 0.387519 0.845042
vn -0.085404 -0.013701 0.996252
vn -0.4094 -0.0099 0.912301
vn -0.836624 0.34851 0.422612
vn -0.385198 0.632596 0.671896
vn 0.547792 -0.0234 0.836287
vn 0.863901 -0.3835 0.3265
vn 0.547792 -0.0234 0.836287
vn 0.986502 0.0951 -0.1333
vn 0.445219 -0.364815 0.817735
vn 0.803809 -0.561706 0.195902
vn 0.445219 -0.364815 0.817735
vn 0.547792 -0.0234 0.836287
vn 0.863901 -0.3835 0.3265
vn -0.123194 -0.758462 0.639968
vn -0.33031 -0.395912 0.856825
vn -0.4094 -0.0099 0.912301
vn -0.4094 -0.0099 0.912301
vn -0.33031 -0.395912 0.856825
vn -0.836624 0.34851 0.422612
vn 0.445219 -0.364815 0.817735
vn -0.488408 -0.435607 0.756112
vn -0.33031 -0.395912 0.856825
vn -0.40198 -0.660967 0.633668
vn -0.946273 -0.0107 0.323191
vn -0.33031 -0.395912 0.856825
vn -0.488408 -0.435607 0.756112
vn 0.146095 -0.384086 0.911666
vn -0.496302 0.301801 0.814003
vn -0.488408 -0.435607 0.756112
vn -0.488408 -0.435607 0.756112
vn -0.496302 0.301801 0.814003
vn -0.948062 -0.202392 0.24539
vn 0.146095 -0.384086 0.911666
vn -0.948062 -0.202392 0.24539
vn -0.123194 -0.758462 0.639968
vn -0.946273 -0.0107 0.323191
vn -0.531015 0.030201 0.846824
vn -0.407998 -0.0602 0.910996
vn -0.697395 0.493197 0.519997
vn -0.446408 -0.040401 0.893917
vn -0.531015 0.030201 0.846824
vn -0.697395 0.493197 0.519997
vn -0.754497 -0.150999 0.638697
vn -0.438023 0.221112 0.871347
vn -0.754497 -0.150999 0.638697
vn -0.708602 0.216101 0.671702
vn -0.687784 -0.055599 0.723783
vn -0.496302 0.301801 0.814003
vn -0.687784 -0.055599 0.723783
vn -0.438023 0.221112 0.871347
vn -0.602708 0.009 0.797911
vn -0.708602 0.216101 0.671702
vn -0.496302 0.301801 0.814003
vn -0.220002 0.144701 0.964708
vn -0.602708 0.009 0.797911
vn -0.496302 0.301801 0.814003
vn -0.496302 0.301801 0.814003
vn 0.146095 -0.384086 0.911666
vn -0.6924 0.076 0.7175
vn -0.683097 0.1224 0.719997
vn -0.6924 0.076 0.7175
vn -0.716296 0.0501 0.695996
vn -0.59821 0.637211 0.485908
vn -0.687784 -0.055599 0.723783
vn -0.636985 0.070098 0.767682
vn -0.407998 -0.0602 0.910996
vn -0.636985 0.070098 0.767682
vn -0.59821 0.637211 0.485908
vn -0.59821 0.637211 0.485908
vn -0.491192 0.842786 0.220096
vn -0.981668 0.098297 0.163295
vn -0.931707 0.245802 0.267402
vn -0.778027 0.597621 0.193707
vn -0.446408 -0.040401 0.893917
vn -0.830431 -0.27001 0.487318
vn -0.708602 0.216101 0.671702
vn -0.781274 0.100897 0.61598
vn -0.781274 0.100897 0.61598
vn -0.487814 0.71882 0.495314
vn -0.593324 0.062503 0.802533
vn -0.733004 -0.083301 0.675104
vn -0.602708 0.009 0.797911
vn -0.733004 -0.083301 0.675104
vn -0.593324 0.062503 0.802533
vn -0.430902 0.529802 0.730502
vn -0.572808 0.508107 0.643209
vn -0.220002 0.144701 0.964708
vn -0.492829 -0.256215 0.831549
vn -0.430902 0.529802 0.730502
vn -0.59821 0.637211 0.485908
vn -0.487814 0.71882 0.495314
vn -0.491192 0.842786 0.220096
vn -0.572808 0.508107 0.643209
vn -0.348688 0.797172 0.492883
vn -0.262707 0.680317 0.684217
vn -0.430902 0.529802 0.730502
vn -0.357802 0.829004 0.429802
vn 0.317813 0.312613 0.895136
vn -0.439119 0.870337 0.222909
vn -0.751797 -0.255699 0.607798
vn -0.751797 -0.255699 0.607798
vn -0.439119 0.870337 0.222909
vn -0.861892 -0.188898 -0.470595
vn 0.675165 -0.402979 0.617868
vn -0.0948 -0.908496 0.406998
vn -0.751797 -0.255699 0.607798
vn -0.861892 -0.188898 -0.470595
vn -0.0948 -0.908496 0.406998
vn 0.182596 -0.894083 0.408992
vn -0.531487 -0.313092 0.78708
vn -0.921982 -0.245095 -0.299794
vn -0.921982 -0.245095 -0.299794
vn -0.531487 -0.313092 0.78708
vn -0.533478 0.801868 0.269089
vn -0.233611 -0.87544 -0.42312
vn -0.270906 0.526411 -0.805917
vn -0.233611 -0.87544 -0.42312
vn -0.921982 -0.245095 -0.299794
vn -0.921982 -0.245095 -0.299794
vn -0.533478 0.801868 0.269089
vn -0.270906 0.526411 -0.805917
vn -0.439119 0.870337 0.222909
vn 0.317813 0.312613 0.895136
vn 0.634301 0.732801 -0.2463
vn -0.119608 0.376024 -0.918858
vn -0.861892 -0.188898 -0.470595
vn -0.439119 0.870337 0.222909
vn 0.634301 0.732801 -0.2463
vn -0.119608 0.376024 -0.918858
vn -0.439119 0.870337 0.222909
vn -0.693104 0.145001 0.706104
vn -0.45488 -0.561576 0.69117
vn -0.332592 0.085598 0.939178
vn 0.044999 -0.431294 0.901088
vn -0.200894 0.471687 0.858576
vn -0.693104 0.145001 0.706104
vn -0.332592 0.085598 0.939178
vn -0.332592 0.085598 0.939178
vn 0.044999 -0.431294 0.901088
vn 0.350503 0.0291 0.936109
vn -0.200894 0.471687 0.858576
vn -0.171902 -0.833809 0.524606
vn -0.123194 -0.758462 0.639968
vn 0.445219 -0.364815 0.817735
vn -0.171902 -0.833809 0.524606
vn -0.818557 -0.439577 0.36978
vn -0.678388 -0.433492 0.59319
vn -0.45488 -0.561576 0.69117
vn -0.363689 -0.32369 0.873473
vn -0.818557 -0.439577 0.36978
vn 0.038499 -0.358686 0.932664
vn 0.044999 -0.431294 0.901088
vn -0.714978 -0.33679 0.612681
vn -0.678388 -0.433492 0.59319
vn -0.878786 -0.345494 0.329195
vn -0.363689 -0.32369 0.873473
vn -0.714978 -0.33679 0.612681
vn -0.611172 -0.752465 0.245489
vn -0.328698 -0.775595 0.538897
vn -0.8223 -0.5684 -0.0273
vn -0.611172 -0.752465 0.245489
vn -0.714978 -0.33679 0.612681
vn -0.714978 -0.33679 0.612681
vn -0.878786 -0.345494 0.329195
vn -0.8223 -0.5684 -0.0273
vn -0.328698 -0.775595 0.538897
vn -0.21269 -0.463378 0.860258
vn -0.461206 -0.063601 0.885011
vn -0.847307 -0.409003 0.338803
vn -0.847307 -0.409003 0.338803
vn -0.640599 -0.644199 0.417899
vn -0.42559 -0.705184 0.567087
vn -0.595801 -0.802701 -0.0263
vn -0.8223 -0.5684 -0.0273
vn -0.760983 -0.646385 -0.055599
vn -0.847307 -0.409003 0.338803
vn -0.877601 -0.408 0.2517
vn -0.878786 -0.345494 0.329195
vn -0.878786 -0.345494 0.329195
vn -0.877601 -0.408 0.2517
vn -0.939771 -0.34179 -0.0031
vn -0.8223 -0.5684 -0.0273
vn -0.41241 -0.248606 0.876421
vn -0.41241 -0.248606 0.876421
vn -0.123194 -0.758462 0.639968
vn -0.877601 -0.408 0.2517
vn -0.40198 -0.660967 0.633668
vn -0.40198 -0.660967 0.633668
vn -0.877601 -0.408 0.2517
vn -0.847307 -0.409003 0.338803
vn -0.40198 -0.660967 0.633668
vn -0.40198 -0.660967 0.633668
vn -0.693104 0.145001 0.706104
vn -0.704193 -0.183098 0.685993
vn -0.818557 -0.439577 0.36978
vn -0.704193 -0.183098 0.685993
vn -0.41241 -0.248606 0.876421
vn -0.40198 -0.660967 0.633668
vn -0.171902 -0.833809 0.524606
vn -0.171902 -0.833809 0.524606
vn -0.267896 -0.166298 0.948987
vn -0.704193 -0.183098 0.685993
vn -0.163795 -0.194794 0.967071
vn -0.41241 -0.248606 0.876421
vn -0.704193 -0.183098 0.685993
vn -0.59789 -0.320795 0.734587
vn -0.59789 -0.320795 0.734587
vn -0.781103 0.0008 0.624402
vn -0.41241 -0.248606 0.876421
vn -0.6924 0.076 0.7175
vn -0.267896 -0.166298 0.948987
vn -0.131893 -0.36918 0.919951
vn -0.131893 -0.36918 0.919951
vn -0.267896 -0.166298 0.948987
vn 0.049099 -0.150596 0.987375
vn -0.1946 0.426301 0.883402
vn -0.59789 -0.320795 0.734587
vn -0.131893 -0.36918 0.919951
vn 0.049099 -0.150596 0.987375
vn -0.1946 0.426301 0.883402
vn -0.131893 -0.36918 0.919951
vn -0.307893 -0.189396 0.932379
vn -0.163795 -0.194794 0.967071
vn -0.307893 -0.189396 0.932379
vn -0.452625 -0.105406 0.885449
vn -0.307893 -0.189396 0.932379
vn -0.452625 -0.105406 0.885449
vn 0.0311 -0.0157 0.999393
vn 0.0311 -0.0157 0.999393
vn 0.017499 -0.414982 0.909661
vn 0.038499 -0.358686 0.932664
vn 0.0034 -0.514066 0.857744
vn 0.038499 -0.358686 0.932664
vn 0.017499 -0.414982 0.909661
vn 0.017499 -0.414982 0.909661
vn -0.21269 -0.463378 0.860258
vn 0.054002 -0.42952 0.901441
vn 0.0017 -0.405702 0.914004
vn 0.0034 -0.514066 0.857744
vn 0.044999 -0.431294 0.901088
vn 0.038499 -0.358686 0.932664
vn 0.0025 -0.073698 0.997277
vn 0.350503 0.0291 0.936109
vn 0 -0.1452 0.989402
vn 0.0025 -0.073698 0.997277
vn -0.0303 -0.372099 0.927698
vn 0.0025 -0.073698 0.997277
vn 0.39392 0.529026 0.751637
vn 0.0071 0.612075 0.790768
vn 0.39392 0.529026 0.751637
vn 0.0025 -0.073698 0.997277
vn -0.394619 0.515025 0.760937
vn 0.0071 0.612075 0.790768
vn 0.0025 -0.073698 0.997277
vn -0.0303 -0.372099 0.927698
vn -0.054 -0.433997 0.899294
vn 0.0025 -0.073698 0.997277
vn -0.354693 0.033499 0.934382
vn -0.354693 0.033499 0.934382
vn -0.328698 -0.775595 0.538897
vn -0.156408 -0.881147 0.446224
vn -0.236009 -0.523119 0.81893
vn -0.156408 -0.881147 0.446224
vn -0.875496 -0.399198 0.272299
vn -0.875496 -0.399198 0.272299
vn -0.236009 -0.523119 0.81893
vn -0.236009 -0.523119 0.81893
vn -0.602821 -0.249309 0.757926
vn 0.054002 -0.42952 0.901441
vn 0.054002 -0.42952 0.901441
vn 0.0017 -0.405702 0.914004
vn -0.059399 -0.42129 0.904979
vn 0.0017 -0.405702 0.914004
vn 0.0203 -0.0242 0.999501
vn 0.0034 -0.514066 0.857744
vn 0.0017 -0.405702 0.914004
vn -0.0093 -0.411116 0.911536
vn -0.0093 -0.411116 0.911536
vn -0.059399 -0.42129 0.904979
vn -0.288097 0.154898 0.94499
vn -0.0446 0.1121 0.992696
vn 0.39392 0.529026 0.751637
vn -0.288097 0.154898 0.94499
vn -0.038599 0.089197 0.995266
vn -0.0446 0.1121 0.992696
vn -0.199507 0.022601 0.979636
vn 0.028101 0.0117 0.999537
vn -0.0446 0.1121 0.992696
vn 0.099702 -0.0316 0.994515
vn 0.028101 0.0117 0.999537
vn 0.099702 -0.0316 0.994515
vn 0.316897 0.168398 0.933391
vn 0.028101 0.0117 0.999537
vn 0.028101 0.0117 0.999537
vn 0.316897 0.168398 0.933391
vn -0.199507 0.022601 0.979636
vn 0.099702 -0.0316 0.994515
vn 0.316897 0.168398 0.933391
vn 0.099702 -0.0316 0.994515
vn 0.079098 0.115297 0.990177
vn 0.079098 0.115297 0.990177
vn 0.356394 0.693087 0.626589
vn 0.316897 0.168398 0.933391
vn 0.316897 0.168398 0.933391
vn 0.356394 0.693087 0.626589
vn 0.325008 0.615716 0.717819
vn 0.316897 0.168398 0.933391
vn 0.325008 0.615716 0.717819
vn 0.366188 0.672478 0.643179
vn -0.199507 0.022601 0.979636
vn 0.079098 0.115297 0.990177
vn 0.325008 0.615716 0.717819
vn 0.39392 0.529026 0.751637
vn 0.39392 0.529026 0.751637
vn 0.28619 0.723176 0.628579
vn 0.325008 0.615716 0.717819
vn 0.366188 0.672478 0.643179
vn 0.0071 0.612075 0.790768
vn 0.28619 0.723176 0.628579
vn 0.0071 0.612075 0.790768
vn -0.1323 -0.1419 0.981
vn 0.293484 0.71096 0.639064
vn 0.366188 0.672478 0.643179
vn 0.28619 0.723176 0.628579
vn -0.1323 -0.1419 0.981
vn 0.293484 0.71096 0.639064
vn 0.28619 0.723176 0.628579
vn 0 -0.135805 0.990736
vn 0.138003 -0.120903 0.983025
vn 0 -0.135805 0.990736
vn 0.0071 0.612075 0.790768
vn -0.394619 0.515025 0.760937
vn -0.352312 0.832428 0.427714
vn -0.279193 0.727283 0.626985
vn 0 -0.135805 0.990736
vn 0 -0.989781 0.142597
vn -0.1323 -0.1419 0.981
vn 0.138003 -0.120903 0.983025
vn 0 -0.989781 0.142597
vn 0 -0.135805 0.990736
vn 0.031401 -0.027401 0.999131
vn -0.221692 -0.231391 0.947265
vn -0.492829 -0.256215 0.831549
vn -0.221692 -0.231391 0.947265
vn -0.492829 -0.256215 0.831549
vn -0.220002 0.144701 0.964708
vn 0.031401 -0.027401 0.999131
vn 0.140006 -0.368715 0.918938
vn -0.198895 -0.094297 0.975474
vn -0.221692 -0.231391 0.947265
vn -0.221692 -0.231391 0.947265
vn -0.198895 -0.094297 0.975474
vn 0.031401 -0.027401 0.999131
vn -0.376506 -0.079301 0.923014
vn -0.250011 -0.361217 0.898341
vn -0.376506 -0.079301 0.923014
vn -0.198895 -0.094297 0.975474
vn -0.250011 -0.361217 0.898341
vn -0.526208 -0.223303 0.820512
vn -0.542018 -0.0081 0.840328
vn -0.542018 -0.0081 0.840328
vn -0.197787 0.657256 0.727251
vn -0.542018 -0.0081 0.840328
vn -0.526208 -0.223303 0.820512
vn -0.683097 0.1224 0.719997
vn -0.644379 0.054298 0.762776
vn 0.031401 -0.027401 0.999131
vn -0.250011 -0.361217 0.898341
vn 0.140006 -0.368715 0.918938
vn 0.031401 -0.027401 0.999131
vn -0.526208 -0.223303 0.820512
vn -0.683097 0.1224 0.719997
vn -0.531487 -0.313092 0.78708
vn 0.182596 -0.894083 0.408992
vn 0.839456 -0.265286 0.474275
vn 0.336893 0.328493 0.882381
vn -0.531487 -0.313092 0.78708
vn 0.336893 0.328493 0.882381
vn -0.533478 0.801868 0.269089
vn 0.272698 -0.244198 -0.930593
vn 0.0704 0.597198 0.798998
vn 0.0016 0.586927 0.809638
vn -0.358414 0.864735 0.351814
vn -0.420012 0.907426 0.013
vn -0.781103 0.0008 0.624402
vn -0.683097 0.1224 0.719997
vn -0.6924 0.076 0.7175
vn -0.781103 0.0008 0.624402
vn -0.644379 0.054298 0.762776
vn 0.050698 0.53018 0.846368
vn 0.239898 0.544395 0.803793
vn 0.0311 -0.0157 0.999393
vn 0.471502 0.628602 0.618502
vn 0.050698 0.53018 0.846368
vn 0.0311 -0.0157 0.999393
vn 0.0311 -0.0157 0.999393
vn -0.038599 0.089197 0.995266
vn 0.471502 0.628602 0.618502
vn 0.471502 0.628602 0.618502
vn 0.404892 0.629587 0.663086
vn 0.050698 0.53018 0.846368
vn -0.0564 0.522298 0.850896
vn -0.0564 0.522298 0.850896
vn 0.239898 0.544395 0.803793
vn 0.050698 0.53018 0.846368
vn 0.404892 0.629587 0.663086
vn 0.471502 0.628602 0.618502
vn 0.129204 0.359312 0.92423
vn 0.0108 0.367901 0.929802
vn -0.0564 0.522298 0.850896
vn 0.0704 0.597198 0.798998
vn 0.839456 -0.265286 0.474275
vn 0.921326 0.134704 -0.36471
vn 0.336893 0.328493 0.882381
vn 0.55281 0.822315 -0.134902
vn 0.921326 0.134704 -0.36471
vn 0.272698 -0.244198 -0.930593
vn -0.270906 0.526411 -0.805917
vn 0.971187 -0.054099 -0.232097
vn 0.675165 -0.402979 0.617868
vn -0.581429 -0.81144 0.059203
vn 0.0973 -0.701197 0.706297
vn -0.98277 0.0127 0.184394
vn -0.581429 -0.81144 0.059203
vn -0.98277 0.0127 0.184394
vn -0.445411 0.310608 -0.839721
vn -0.211109 -0.620528 -0.755234
vn 0.55281 0.822315 -0.134902
vn 0.0973 -0.701197 0.706297
vn 0.86604 -0.42502 0.263312
vn -0.062997 0.121794 0.990554
vn -0.062997 0.121794 0.990554
vn -0.085599 0.60359 0.792687
vn 0.0016 0.586927 0.809638
vn 0.81008 0.41469 0.41449
vn 0.686412 -0.436008 -0.58201
vn 0.81008 0.41469 0.41449
vn 0.86604 -0.42502 0.263312
vn 0.55281 0.822315 -0.134902
vn -0.533478 0.801868 0.269089
vn 0.336893 0.328493 0.882381
vn 0.55281 0.822315 -0.134902
vn -0.270906 0.526411 -0.805917
vn -0.533478 0.801868 0.269089
vn -0.206806 0.95173 0.226807
vn -0.98277 0.0127 0.184394
vn -0.206806 0.95173 0.226807
vn -0.445411 0.310608 -0.839721
vn -0.206806 0.95173 0.226807
vn 0.0113 0.668513 0.743615
vn -0.023301 0.474716 0.87983
vn 0.0113 0.668513 0.743615
vn -0.222005 0.939823 0.259706
vn -0.222005 0.939823 0.259706
vn -0.420012 0.907426 0.013
vn -0.358414 0.864735 0.351814
vn 0.59757 0.487275 -0.636768
vn -0.206806 0.95173 0.226807
vn 0.81008 0.41469 0.41449
vn 0.59757 0.487275 -0.636768
vn -0.445411 0.310608 -0.839721
vn -0.725808 -0.634007 0.266903
vn -0.868501 -0.0136 0.495501
vn -0.958615 0.090901 0.269804
vn -0.595405 -0.617405 0.514104
vn -0.868501 -0.0136 0.495501
vn -0.725808 -0.634007 0.266903
vn -0.958615 0.090901 0.269804
vn -0.793385 -0.608488 0.0168
vn -0.725808 -0.634007 0.266903
vn -0.725808 -0.634007 0.266903
vn -0.793385 -0.608488 0.0168
vn -0.229209 -0.96094 -0.155106
vn -0.230196 -0.889686 0.394294
vn -0.595405 -0.617405 0.514104
vn -0.868501 -0.0136 0.495501
vn -0.838926 0.172705 0.516116
vn -0.452406 0.0012 0.891811
vn -0.838926 0.172705 0.516116
vn -0.39589 -0.415189 0.819078
vn -0.749829 0.530921 0.394815
vn -0.791414 0.52871 0.306806
vn -0.452398 0.0485 0.890496
vn -0.749829 0.530921 0.394815
vn -0.34709 0.937774 0.0104
vn -0.791414 0.52871 0.306806
vn -0.749829 0.530921 0.394815
vn -0.445295 0.472294 0.760691
vn -0.445295 0.472294 0.760691
vn -0.900367 -0.417884 -0.121295
vn -0.900367 -0.417884 -0.121295
vn -0.229209 -0.96094 -0.155106
vn -0.793385 -0.608488 0.0168
vn -0.941206 0.179501 0.286202
vn -0.411403 0.870606 0.269802
vn -0.773105 0.436803 0.459903
vn -0.791414 0.52871 0.306806
vn -0.773105 0.436803 0.459903
vn -0.411403 0.870606 0.269802
vn -0.773105 0.436803 0.459903
vn -0.411403 0.870606 0.269802
vn -0.3405 0.606599 0.718399
vn -0.612599 -0.1149 0.781998
vn -0.773105 0.436803 0.459903
vn -0.612599 -0.1149 0.781998
vn -0.837956 -0.045098 0.543871
vn -0.837956 -0.045098 0.543871
vn 0.068702 0.986128 0.151104
vn -0.3405 0.606599 0.718399
vn -0.411403 0.870606 0.269802
vn 0.068702 0.986128 0.151104
vn 0.779295 0.137899 0.611296
vn -0.612599 -0.1149 0.781998
vn -0.3405 0.606599 0.718399
vn 0.779295 0.137899 0.611296
vn -0.744919 -0.080202 0.662317
vn 0.779295 0.137899 0.611296
vn -0.744919 -0.080202 0.662317
vn -0.612599 -0.1149 0.781998
vn -0.837956 -0.045098 0.543871
vn -0.79712 -0.0026 0.603815
vn -0.970816 0.063001 0.231404
vn -0.421821 0.181909 0.888243
vn -0.79712 -0.0026 0.603815
vn -0.837956 -0.045098 0.543871
vn -0.970816 0.063001 0.231404
vn -0.837956 -0.045098 0.543871
vn -0.744919 -0.080202 0.662317
vn -0.421821 0.181909 0.888243
vn -0.993431 0.077602 0.084103
vn -0.79712 -0.0026 0.603815
vn -0.421821 0.181909 0.888243
vn -0.26309 0.25389 0.930765
vn -0.79712 -0.0026 0.603815
vn -0.26309 0.25389 0.930765
vn -0.464004 0.152501 0.872607
vn -0.79712 -0.0026 0.603815
vn -0.575508 -0.304704 0.758911
vn -0.976484 0.065199 0.205497
vn -0.575508 -0.304704 0.758911
vn -0.993431 0.077602 0.084103
vn -0.911338 0.085804 -0.402617
vn -0.982708 0.167601 0.078701
vn -0.230196 -0.889686 0.394294
vn -0.39589 -0.415189 0.819078
vn -0.230196 -0.889686 0.394294
vn -0.006 -0.456103 0.889907
vn -0.006 -0.456103 0.889907
vn -0.0054 -0.898771 0.438386
vn -0.006 -0.456103 0.889907
vn -0.230196 -0.889686 0.394294
vn 0 -0.990488 -0.137598
vn -0.0054 -0.898771 0.438386
vn -0.0071 0.020399 0.999767
vn -0.452406 0.0012 0.891811
vn -0.0071 0.020399 0.999767
vn 0.014 0.0647 0.997807
vn -0.452398 0.0485 0.890496
vn -0.006 -0.456103 0.889907
vn -0.0054 -0.898771 0.438386
vn 0.377015 -0.425017 0.822934
vn 0.377015 -0.425017 0.822934
vn -0.006 -0.456103 0.889907
vn 0.218195 -0.895679 0.387491
vn 0.218195 -0.895679 0.387491
vn 0.242711 0.123206 0.962243
vn 0.461181 0.0086 0.887264
vn 0.014 0.0647 0.997807
vn -0.172004 0.984222 0.041501
vn -0.026299 0.994365 -0.102696
vn -0.172004 0.984222 0.041501
vn -0.445295 0.472294 0.760691
vn -0.0012 0.576498 0.817097
vn -0.0012 0.576498 0.817097
vn 0.062599 0.918984 -0.389293
vn -0.34709 0.937774 0.0104
vn -0.172004 0.984222 0.041501
vn -0.0044 0.858014 -0.513608
vn -0.026299 0.994365 -0.102696
vn 0.088103 0.976233 -0.198007
vn 0.068702 0.986128 0.151104
vn 0.166402 0.96111 -0.220402
vn -0.160997 -0.917183 0.364493
vn -0.167097 -0.943882 0.284895
vn -0.744919 -0.080202 0.662317
vn 0.33501 -0.848326 -0.410013
vn -0.167097 -0.943882 0.284895
vn -0.160997 -0.917183 0.364493
vn 0.779295 0.137899 0.611296
vn 0.779295 0.137899 0.611296
vn 0.33501 -0.848326 -0.410013
vn -0.160997 -0.917183 0.364493
vn -0.418783 0.110295 0.901363
vn 0.0031 -0.937083 0.349094
vn -0.167097 -0.943882 0.284895
vn 0.33501 -0.848326 -0.410013
vn 0.0031 -0.889367 -0.457183
vn 0.0031 -0.937083 0.349094
vn -0.661001 0.2402 0.710901
vn -0.744919 -0.080202 0.662317
vn -0.418783 0.110295 0.901363
vn -0.481807 -0.208903 0.851012
vn 0 0.163994 0.986461
vn -0.418783 0.110295 0.901363
vn 0 0.163994 0.986461
vn 0 -0.264894 0.964278
vn 0 -0.264894 0.964278
vn -0.481807 -0.208903 0.851012
vn -0.418783 0.110295 0.901363
vn 0.0044 0.962769 -0.270291
vn 0.166402 0.96111 -0.220402
vn 0.0044 0.962769 -0.270291
vn 0 0.632699 0.774398
vn 0.514407 0.498306 0.697909
vn 0.514407 0.498306 0.697909
vn 0.0298 0.681092 0.731591
vn -0.464301 0.694602 0.549502
vn -0.63752 -0.440014 0.63242
vn -0.63752 -0.440014 0.63242
vn -0.464301 0.694602 0.549502
vn -0.927492 -0.354497 -0.118699
vn -0.63752 -0.440014 0.63242
vn -0.023898 -0.61566 0.787649
vn 0.0298 0.681092 0.731591
vn -0.0379 -0.995694 -0.084599
vn -0.023898 -0.61566 0.787649
vn -0.63752 -0.440014 0.63242
vn -0.927492 -0.354497 -0.118699
vn -0.661001 0.2402 0.710901
vn -0.421821 0.181909 0.888243
vn -0.744919 -0.080202 0.662317
vn -0.721898 0.374199 0.582098
vn -0.421821 0.181909 0.888243
vn -0.661001 0.2402 0.710901
vn -0.721898 0.374199 0.582098
vn -0.943845 -0.116906 0.309015
vn -0.661001 0.2402 0.710901
vn -0.481807 -0.208903 0.851012
vn -0.721898 0.374199 0.582098
vn -0.661001 0.2402 0.710901
vn -0.943845 -0.116906 0.309015
vn -0.943845 -0.116906 0.309015
vn -0.480311 -0.45241 0.751417
vn -0.371118 0.574627 0.729435
vn -0.480311 -0.45241 0.751417
vn -0.371118 0.574627 0.729435
vn -0.698197 0.690997 0.187199
vn 0.481818 -0.671125 0.563421
vn 0.0031 -0.889367 -0.457183
vn 0.33501 -0.848326 -0.410013
vn 0.33501 -0.848326 -0.410013
vn 0.779295 0.137899 0.611296
vn 0.481818 -0.671125 0.563421
vn -0.189994 0.339089 0.921369
vn 0.160399 0.0412 0.986192
vn -0.189405 -0.0118 0.981828
vn -0.26309 0.25389 0.930765
vn -0.189405 -0.0118 0.981828
vn -0.189994 0.339089 0.921369
vn -0.0012 0.576498 0.817097
vn 0.568887 0.389591 0.724283
vn -0.026299 0.994365 -0.102696
vn -0.0012 0.576498 0.817097
vn 0.568887 0.389591 0.724283
vn 0.508998 0.860696 -0.0111
vn -0.026299 0.994365 -0.102696
vn 0.568887 0.389591 0.724283
vn 0.508998 0.860696 -0.0111
vn -0.118304 0.981536 -0.150305
vn 0.0044 0.962769 -0.270291
vn -0.0044 0.858014 -0.513608
vn 0.112804 0.992338 -0.050402
vn -0.118304 0.981536 -0.150305
vn -0.0032 -0.451805 0.892111
vn -0.371118 0.574627 0.729435
vn -0.480311 -0.45241 0.751417
vn 0 -0.264894 0.964278
vn -0.0032 -0.451805 0.892111
vn -0.371118 0.574627 0.729435
vn -0.0032 -0.451805 0.892111
vn -0.0128 0.599999 0.799898
vn -0.371118 0.574627 0.729435
vn -0.0128 0.599999 0.799898
vn -0.0005 0.802692 0.596394
vn -0.257096 0.856587 0.447393
vn -0.698197 0.690997 0.187199
vn 0.407198 0.558997 0.722296
vn -0.0128 0.599999 0.799898
vn -0.0032 -0.451805 0.892111
vn 0.471098 -0.470698 0.745996
vn 0.471098 -0.470698 0.745996
vn 0.407198 0.558997 0.722296
vn 0 -0.656357 0.75445
vn -0.41051 0.867022 0.282407
vn -0.174001 -0.872907 0.455804
vn -0.174001 -0.872907 0.455804
vn -0.41051 0.867022 0.282407
vn -0.326189 0.93067 -0.165695
vn -0.244694 -0.956575 0.158396
vn 0.027201 0.924419 0.380408
vn -0.449975 -0.640164 0.622665
vn 0 -0.906464 0.422283
vn 0 0.647805 0.761806
vn -0.256006 0.923921 0.284307
vn -0.431805 0.89801 -0.084401
vn -0.366601 -0.897403 0.245501
vn 0.0122 0.995421 0.094802
vn -0.514628 0.856046 0.048403
vn -0.514628 0.856046 0.048403
vn -0.174501 0.960606 -0.216301
vn -0.174501 0.960606 -0.216301
vn 0.372318 0.147907 0.916244
vn 0 0.163994 0.986461
vn 0.0031 -0.937083 0.349094
vn 0.19751 -0.927147 0.318416
vn 0.19751 -0.927147 0.318416
vn 0.372318 0.147907 0.916244
vn 0.366791 0.879579 0.302993
vn 0.027201 0.924419 0.380408
vn 0 -0.656357 0.75445
vn 0.135903 -0.889621 0.43601
vn 0.658668 -0.388681 0.644269
vn 0.658668 -0.388681 0.644269
vn 0.449975 -0.640164 0.622665
vn 0 0.647805 0.761806
vn 0 -0.906464 0.422283
vn 0.559598 0.826397 0.0626
vn 0.658668 -0.388681 0.644269
vn 0.348113 0.740927 0.574321
vn -0.603597 0.735396 0.307998
vn -0.721898 0.374199 0.582098
vn -0.698197 0.690997 0.187199
vn -0.603597 0.735396 0.307998
vn -0.603597 0.735396 0.307998
vn -0.189994 0.339089 0.921369
vn -0.721898 0.374199 0.582098
vn 0.468413 -0.214306 0.857124
vn 0.471098 -0.470698 0.745996
vn 0 -0.264894 0.964278
vn 0 -0.264894 0.964278
vn 0.372318 0.147907 0.916244
vn 0.468413 -0.214306 0.857124
vn 0.0031 -0.889367 -0.457183
vn 0.481818 -0.671125 0.563421
vn 0 -0.757794 0.652494
vn 0.0031 -0.889367 -0.457183
vn 0 -0.757794 0.652494
vn -0.476371 -0.666059 0.573965
vn -0.339303 -0.848309 -0.406504
vn -0.339303 -0.848309 -0.406504
vn 0.256006 0.923921 0.284307
vn -0.34781 -0.923427 0.162205
vn 0 -0.990488 -0.137598
vn -0.229209 -0.96094 -0.155106
vn -0.229209 -0.96094 -0.155106
vn -0.900367 -0.417884 -0.121295
vn -0.878431 -0.421315 0.225508
vn -0.34781 -0.923427 0.162205
vn 0 -0.989781 0.142597
vn 0.337014 -0.927838 0.159807
vn 0.225707 -0.961428 -0.157205
vn 0.225707 -0.961428 -0.157205
vn -0.34781 -0.923427 0.162205
vn 0.337014 -0.927838 0.159807
vn 0.514407 0.498306 0.697909
vn 0.779295 0.137899 0.611296
vn 0.068702 0.986128 0.151104
vn 0.481818 -0.671125 0.563421
vn -0.976173 0 0.216994
vn -0.253802 -0.366803 -0.895008
vn -0.366601 -0.897403 0.245501
vn -0.431805 0.89801 -0.084401
vn 0.481818 -0.671125 0.563421
vn -0.172201 -0.319503 -0.931807
vn -0.927492 -0.354497 -0.118699
vn -0.514628 0.856046 0.048403
vn -0.294406 0.673113 -0.678413
vn -0.030099 -0.682483 -0.730282
vn -0.614744 -0.349325 -0.707151
vn -0.614744 -0.349325 -0.707151
vn -0.514628 0.856046 0.048403
vn 0.0122 0.995421 0.094802
vn -0.294406 0.673113 -0.678413
vn -0.224007 -0.844927 -0.485715
vn 0.419413 -0.754423 -0.504915
vn 0.355203 -0.647205 0.674505
vn -0.124 -0.759399 0.638699
vn -0.224007 -0.844927 -0.485715
vn -0.124 -0.759399 0.638699
vn -0.768394 -0.429997 -0.473997
vn 0.722676 -0.218093 0.655878
vn 0.849473 -0.159695 -0.502884
vn 0 0.632699 0.774398
vn 0.481818 -0.671125 0.563421
vn 0.514407 0.498306 0.697909
vn 0 -0.757794 0.652494
vn 0.900699 -0.4178 -0.1191
vn 0.040601 0.687422 -0.725123
vn 0.559598 0.826397 0.0626
vn -0.476371 -0.666059 0.573965
vn -0.524681 0.491083 0.695376
vn -0.524681 0.491083 0.695376
vn 0.593806 -0.399704 -0.698306
vn 0.336593 0.619486 -0.709184
vn -0.675393 -0.545195 0.496595
vn -0.901139 0.156707 0.404217
vn -0.976484 0.065199 0.205497
vn -0.444702 0.439202 0.780603
vn -0.976484 0.065199 0.205497
vn -0.575508 -0.304704 0.758911
vn -0.675393 -0.545195 0.496595
vn -0.267299 -0.910397 0.315799
vn -0.546812 -0.45641 0.701916
vn -0.546812 -0.45641 0.701916
vn -0.967358 0.217291 0.130394
vn -0.901139 0.156707 0.404217
vn -0.78227 0.561678 0.26939
vn -0.444702 0.439202 0.780603
vn -0.187793 -0.338688 0.921967
vn -0.187793 -0.338688 0.921967
vn -0.968477 0.024499 0.247894
vn -0.917109 0.0052 0.398604
vn -0.33321 0.762623 0.554417
vn -0.69477 0.159293 0.70137
vn -0.678491 -0.0216 0.734291
vn -0.967695 0.0079 0.251999
vn -0.957432 0.079803 0.277409
vn -0.967695 0.0079 0.251999
vn -0.968477 0.024499 0.247894
vn -0.968227 0.0091 0.249907
vn -0.950035 0.028801 0.310811
vn -0.968227 0.0091 0.249907
vn -0.968477 0.024499 0.247894
vn -0.950035 0.028801 0.310811
vn -0.968589 0.245897 0.037
vn -0.995123 0.092702 -0.033701
vn -0.971423 0.040901 0.233805
vn -0.976634 0.032701 0.212407
vn -0.971423 0.040901 0.233805
vn -0.967695 0.0079 0.251999
vn -0.967695 0.0079 0.251999
vn -0.957432 0.079803 0.277409
vn -0.976634 0.032701 0.212407
vn -0.990426 0.075902 0.115303
vn -0.979864 -0.092797 0.176793
vn -0.979864 -0.092797 0.176793
vn -0.98273 0.140604 0.120304
vn -0.964526 0.213106 0.155804
vn -0.979864 -0.092797 0.176793
vn -0.964526 0.213106 0.155804
vn -0.968589 0.245897 0.037
vn -0.991479 0.125697 0.034199
vn -0.964526 0.213106 0.155804
vn -0.991479 0.125697 0.034199
vn -0.954702 0.1778 0.238601
vn -0.954702 0.1778 0.238601
vn -0.968589 0.245897 0.037
vn -0.964526 0.213106 0.155804
vn -0.912263 -0.018599 0.409183
vn -0.968227 0.0091 0.249907
vn -0.950035 0.028801 0.310811
vn -0.618897 0.681297 0.390898
vn -0.968227 0.0091 0.249907
vn -0.912263 -0.018599 0.409183
vn -0.917109 0.0052 0.398604
vn -0.912263 -0.018599 0.409183
vn -0.917109 0.0052 0.398604
vn -0.71613 -0.0073 0.697929
vn -0.71613 -0.0073 0.697929
vn -0.957432 0.079803 0.277409
vn -0.976634 0.032701 0.212407
vn -0.640907 0.761208 0.099001
vn -0.990426 0.075902 0.115303
vn -0.98273 0.140604 0.120304
vn -0.614969 0.737663 -0.278686
vn -0.991479 0.125697 0.034199
vn -0.324817 -0.934948 0.142707
vn 0.02 -0.664299 0.747199
vn 0.119506 0.266314 0.956449
vn 0.02 -0.664299 0.747199
vn -0.073301 0.555306 0.828409
vn 0.379102 0.818905 0.430902
vn -0.501726 0.108106 0.858245
vn 0.310989 -0.652776 0.690775
vn -0.501726 0.108106 0.858245
vn -0.073301 0.555306 0.828409
vn -0.187793 -0.338688 0.921967
vn -0.464004 0.152501 0.872607
vn -0.501726 0.108106 0.858245
vn -0.187793 -0.338688 0.921967
vn -0.790489 0.115998 0.601392
vn -0.521789 -0.368492 0.769383
vn 0.044301 0.0031 0.999013
vn -0.847176 0.253593 -0.466887
vn -0.521789 -0.368492 0.769383
vn -0.790489 0.115998 0.601392
vn -0.224705 0.651714 0.724415
vn -0.790489 0.115998 0.601392
vn -0.224705 0.651714 0.724415
vn -0.418871 0.73065 -0.539163
vn -0.847176 0.253593 -0.466887
vn -0.521789 -0.368492 0.769383
vn -0.124 -0.759399 0.638699
vn 0.044301 0.0031 0.999013
vn -0.521789 -0.368492 0.769383
vn -0.847176 0.253593 -0.466887
vn -0.768394 -0.429997 -0.473997
vn -0.521789 -0.368492 0.769383
vn 0.379102 0.818905 0.430902
vn -0.073301 0.555306 0.828409
vn 0.092094 0.776251 0.623661
vn 0.588665 0.621463 0.516969
vn 0.379102 0.818905 0.430902
vn 0.588665 0.621463 0.516969
vn 0.310989 -0.652776 0.690775
vn -0.224705 0.651714 0.724415
vn 0.289111 0.724229 0.626025
vn -0.224705 0.651714 0.724415
vn 0.289111 0.724229 0.626025
vn 0.242705 0.826818 -0.507411
vn -0.418871 0.73065 -0.539163
vn -0.287299 -0.881297 0.375199
vn -0.137106 -0.98074 -0.139106
vn -0.366803 -0.326803 0.871008
vn -0.366803 -0.326803 0.871008
vn -0.137106 -0.98074 -0.139106
vn -0.262806 -0.90742 0.327907
vn -0.262806 -0.90742 0.327907
vn -0.410616 -0.51282 0.75393
vn -0.366803 -0.326803 0.871008
vn -0.369082 -0.825459 0.427079
vn 0.632 -0.0968 0.768899
vn -0.287299 -0.881297 0.375199
vn -0.366803 -0.326803 0.871008
vn -0.369082 -0.825459 0.427079
vn -0.373603 0.774406 0.510604
vn -0.073301 0.555306 0.828409
vn -0.481601 0.736502 0.475001
vn 0.092094 0.776251 0.623661
vn -0.073301 0.555306 0.828409
vn -0.373603 0.774406 0.510604
vn 0.355203 -0.647205 0.674505
vn 0.722676 -0.218093 0.655878
vn 0.614291 0.485693 0.621891
vn -0.867259 0.316285 0.384482
vn -0.189994 0.339089 0.921369
vn -0.603597 0.735396 0.307998
vn -0.572825 -0.165307 0.802835
vn -0.572825 -0.165307 0.802835
vn -0.470985 0.402087 0.785175
vn -0.867259 0.316285 0.384482
vn -0.137106 -0.98074 -0.139106
vn -0.287299 -0.881297 0.375199
vn -0.555714 -0.78572 0.271707
vn -0.572825 -0.165307 0.802835
vn -0.867259 0.316285 0.384482
vn 0.849473 -0.159695 -0.502884
vn 0.614291 0.485693 0.621891
vn 0.722676 -0.218093 0.655878
vn -0.410616 -0.51282 0.75393
vn -0.262806 -0.90742 0.327907
vn -0.765304 -0.372402 0.525002
vn -0.2853 -0.862 0.419
vn -0.410616 -0.51282 0.75393
vn -0.2853 -0.862 0.419
vn -0.369082 -0.825459 0.427079
vn 0.289111 0.724229 0.626025
vn 0.614291 0.485693 0.621891
vn 0.660814 0.517611 -0.543511
vn 0.242705 0.826818 -0.507411
vn 0.660814 0.517611 -0.543511
vn 0.119506 0.266314 0.956449
vn -0.33321 0.762623 0.554417
vn -0.444702 0.439202 0.780603
vn 0.0308 0.466296 0.884092
vn -0.389214 0.244409 0.888131
vn -0.389214 0.244409 0.888131
vn -0.070603 0.131906 0.988745
vn -0.111102 0.351907 0.929418
vn -0.415297 0.072499 0.906792
vn -0.389214 0.244409 0.888131
vn -0.389214 0.244409 0.888131
vn -0.415297 0.072499 0.906792
vn -0.69477 0.159293 0.70137
vn -0.070603 0.131906 0.988745
vn -0.0293 -0.810713 0.58471
vn 0.119506 0.266314 0.956449
vn 0.02 -0.664299 0.747199
vn -0.0293 -0.810713 0.58471
vn 0.0308 0.466296 0.884092
vn 0.0308 0.466296 0.884092
vn -0.0293 -0.810713 0.58471
vn -0.092399 0.239097 0.966589
vn -0.0104 -0.705868 0.708267
vn 0.389808 0.620113 0.680815
vn 0.0308 0.466296 0.884092
vn -0.092399 0.239097 0.966589
vn -0.092399 0.239097 0.966589
vn -0.0104 -0.705868 0.708267
vn 0.538792 -0.576391 0.614391
vn 0.48431 0.383808 0.786216
vn 0.48431 0.383808 0.786216
vn -0.603597 0.735396 0.307998
vn -0.257096 0.856587 0.447393
vn -0.765304 -0.372402 0.525002
vn -0.572825 -0.165307 0.802835
vn -0.019999 -0.35939 0.932973
vn -0.765304 -0.372402 0.525002
vn -0.572825 -0.165307 0.802835
vn -0.867259 0.316285 0.384482
vn -0.555714 -0.78572 0.271707
vn -0.470985 0.402087 0.785175
vn -0.019999 -0.35939 0.932973
vn 0.22871 0.850236 0.47412
vn 0.740406 -0.457104 0.492804
vn -0.0104 -0.705868 0.708267
vn 0.740406 -0.457104 0.492804
vn 0.22871 0.850236 0.47412
vn 0.407198 0.558997 0.722296
vn 0.681206 0.691006 0.241802
vn 0.608301 0.721301 0.331201
vn 0.22871 0.850236 0.47412
vn 0.608301 0.721301 0.331201
vn 0.740406 -0.457104 0.492804
vn -0.037399 0.188993 0.981266
vn -0.183207 0.25121 0.950436
vn 0.0192 0.245502 0.969206
vn -0.057501 0.269707 0.961224
vn -0.080403 0.241609 0.967037
vn -0.200409 0.211809 0.956542
vn -0.366486 0.25859 0.893767
vn 0.137997 0.186696 0.972678
vn 0.389808 0.620113 0.680815
vn 0.137997 0.186696 0.972678
vn 0.0308 0.466296 0.884092
vn -0.371606 0.086901 0.924314
vn -0.183207 0.25121 0.950436
vn -0.037399 0.188993 0.981266
vn 0.025599 0.164394 0.986063
vn -0.371606 0.086901 0.924314
vn -0.037399 0.188993 0.981266
vn 0.0192 0.245502 0.969206
vn -0.64467 0.121994 0.754664
vn -0.64467 0.121994 0.754664
vn -0.415297 0.072499 0.906792
vn -0.415297 0.072499 0.906792
vn -0.111102 0.351907 0.929418
vn -0.618897 0.681297 0.390898
vn -0.057501 0.269707 0.961224
vn -0.110503 0.486214 0.866825
vn -0.110503 0.486214 0.866825
vn -0.149295 0.421887 0.894272
vn -0.080403 0.241609 0.967037
vn -0.149295 0.421887 0.894272
vn -0.0164 0.909623 0.415111
vn -0.276289 0.860967 0.427084
vn -0.080403 0.241609 0.967037
vn -0.200409 0.211809 0.956542
vn -0.249702 0.377503 0.891707
vn -0.249702 0.377503 0.891707
vn -0.149295 0.421887 0.894272
vn -0.080403 0.241609 0.967037
vn -0.200409 0.211809 0.956542
vn -0.366486 0.25859 0.893767
vn -0.160094 0.443085 0.882069
vn -0.249702 0.377503 0.891707
vn -0.249702 0.377503 0.891707
vn -0.160094 0.443085 0.882069
vn -0.371606 0.086901 0.924314
vn 0.025599 0.164394 0.986063
vn -0.126202 0.657611 0.742712
vn 0.0109 0.107099 0.994189
vn -0.126202 0.657611 0.742712
vn 0.276914 0.684834 0.674033
vn 0.276914 0.684834 0.674033
vn -0.0007 -0.977788 0.209597
vn 0.310989 -0.652776 0.690775
vn 0.588665 0.621463 0.516969
vn -0.267299 -0.910397 0.315799
vn -0.187793 -0.338688 0.921967
vn -0.2853 -0.862 0.419
vn 0.310989 -0.652776 0.690775
vn 0.310989 -0.652776 0.690775
vn -0.369082 -0.825459 0.427079
vn 0.310989 -0.652776 0.690775
vn -0.0007 -0.977788 0.209597
vn -0.0007 -0.977788 0.209597
vn 0.632 -0.0968 0.768899
vn -0.369082 -0.825459 0.427079
vn -0.678491 -0.0216 0.734291
vn -0.209093 0.977369 0.032099
vn -0.640907 0.761208 0.099001
vn -0.640907 0.761208 0.099001
vn -0.209093 0.977369 0.032099
vn -0.614969 0.737663 -0.278686
vn 0.068603 0.997637 0.0037
vn -0.209093 0.977369 0.032099
vn 0.068603 0.997637 0.0037
vn -0.175302 0.92591 -0.334604
vn -0.175302 0.92591 -0.334604
vn 0.209492 0.976864 0.042998
vn -0.0164 0.909623 0.415111
vn 0.308606 0.907519 0.284906
vn 0.308606 0.907519 0.284906
vn 0.0509 0.952201 -0.3012
vn 0.238892 0.924868 -0.29589
vn -0.199507 0.022601 0.979636
vn 0.471502 0.628602 0.618502
vn -0.038599 0.089197 0.995266
vn 0.471502 0.628602 0.618502
vn -0.199507 0.022601 0.979636
vn 0.366188 0.672478 0.643179
vn 0.366188 0.672478 0.643179
vn 0.129204 0.359312 0.92423
vn -0.878431 -0.421315 0.225508
vn 0.0108 0.367901 0.929802
vn 0.129204 0.359312 0.92423
vn -0.34781 -0.923427 0.162205
vn 0.129204 0.359312 0.92423
vn 0.293484 0.71096 0.639064
vn -0.1323 -0.1419 0.981
vn 0.129204 0.359312 0.92423
vn 0.0108 0.367901 0.929802
vn -0.878431 -0.421315 0.225508
vn -0.880714 0.217403 0.420807
vn 0.0108 0.367901 0.929802
vn -0.880714 0.217403 0.420807
vn -0.0564 0.522298 0.850896
vn -0.911338 0.085804 -0.402617
vn -0.878431 -0.421315 0.225508
vn -0.900367 -0.417884 -0.121295
vn -0.878431 -0.421315 0.225508
vn -0.911338 0.085804 -0.402617
vn -0.982708 0.167601 0.078701
vn -0.982708 0.167601 0.078701
vn -0.704317 0.700817 0.113103
vn -0.982708 0.167601 0.078701
vn -0.995123 0.092702 -0.033701
vn -0.757396 0.174899 -0.629096
vn -0.844983 0.437691 -0.307294
vn -0.844983 0.437691 -0.307294
vn -0.0564 0.522298 0.850896
vn -0.085599 0.60359 0.792687
vn -0.300303 0.699006 0.649006
vn -0.023301 0.474716 0.87983
vn -0.085599 0.60359 0.792687
vn -0.300303 0.699006 0.649006
vn -0.300303 0.699006 0.649006
vn 0.061802 0.732624 0.677822
vn -0.300303 0.699006 0.649006
vn -0.704317 0.700817 0.113103
vn -0.235103 0.965214 -0.114402
vn -0.200194 0.872874 0.444987
vn -0.200194 0.872874 0.444987
vn -0.968589 0.245897 0.037
vn -0.715106 0.520305 -0.466804
vn -0.715106 0.520305 -0.466804
vn -0.844983 0.437691 -0.307294
vn -0.757396 0.174899 -0.629096
vn -0.280895 0.241396 -0.928884
vn -0.844983 0.437691 -0.307294
vn -0.32718 0.63976 -0.695457
vn -0.32718 0.63976 -0.695457
vn -0.715106 0.520305 -0.466804
vn -0.715106 0.520305 -0.466804
vn -0.259896 0.677589 -0.687988
vn -0.259896 0.677589 -0.687988
vn 0.061802 0.732624 0.677822
vn -0.075202 0.786718 0.612714
vn -0.075202 0.786718 0.612714
vn 0.0191 0.571605 0.820307
vn 0.0191 0.571605 0.820307
vn -0.062299 0.857981 0.509889
vn -0.090904 0.981943 0.165907
vn 0.0004 0.70224 -0.71194
vn 0.0509 0.952201 -0.3012
vn 0.0004 0.70224 -0.71194
vn 0.279902 0.701405 -0.655505
vn 0.0004 0.70224 -0.71194
vn -0.0016 0.271906 -0.962322
vn -0.280895 0.241396 -0.928884
vn 0.0004 0.70224 -0.71194
vn 0.28969 0.244491 -0.925367
vn 0.279902 0.701405 -0.655505
vn -0.235103 0.965214 -0.114402
vn -0.32718 0.63976 -0.695457
vn 0.0086 0.994146 -0.107705
vn -0.1113 0.922501 0.3696
vn -0.075202 0.786718 0.612714
vn 0.024101 0.896535 0.442317
vn -0.0021 0.659607 -0.751608
vn -0.0021 0.659607 -0.751608
vn -0.0016 0.271906 -0.962322
vn -0.1113 0.922501 0.3696
vn -0.075202 0.786718 0.612714
vn -0.169805 0.71912 0.673819
vn 0.004 0.910126 0.414312
vn 0.024101 0.896535 0.442317
vn 0.0263 0.73871 0.67351
vn 0.0056 0.984834 0.173406
vn 0.332892 0.633485 -0.698484
vn -0.0021 0.659607 -0.751608
vn 0.332892 0.633485 -0.698484
vn 0.127806 0.885244 0.447222
vn 0.214999 0.973994 -0.0715
vn 0.217099 0.756997 0.616298
vn 0.0263 0.73871 0.67351
vn 0.024101 0.896535 0.442317
vn 0.127806 0.885244 0.447222
vn 0.247706 -0.473011 0.845519
vn 0.024101 0.896535 0.442317
vn 0.024101 0.896535 0.442317
vn 0.247706 -0.473011 0.845519
vn 0.217099 0.756997 0.616298
vn 0.217099 0.756997 0.616298
vn 0.233308 0.28391 -0.930033
vn -0.26219 -0.809269 -0.52568
vn -0.724282 -0.577186 -0.377191
vn -0.740489 -0.491293 -0.458593
vn 0.4199 0.2502 -0.872401
vn 0.441894 -0.815388 -0.373995
vn -0.26219 -0.809269 -0.52568
vn -0.526893 -0.457194 -0.71649
vn -0.740489 -0.491293 -0.458593
vn -0.526893 -0.457194 -0.71649
vn 0.406013 -0.446214 -0.797525
vn 0.336415 -0.108505 -0.935442
vn -0.793822 -0.35731 -0.492114
vn 0.032 -0.6489 -0.7602
vn 0.406013 -0.446214 -0.797525
vn 0.032 -0.6489 -0.7602
vn 0.56761 -0.668312 -0.480809
vn 0.56761 -0.668312 -0.480809
vn 0.744607 -0.157702 -0.648606
vn -0.577572 0.733564 -0.358182
vn 0.119997 0.706582 0.697382
vn -0.577572 0.733564 -0.358182
vn -0.817699 0.0722 0.5711
vn -0.792112 -0.420306 -0.442607
vn -0.577572 0.733564 -0.358182
vn 0.0978 -0.0042 -0.995197
vn 0.0978 -0.0042 -0.995197
vn 0.356405 -0.73211 -0.580508
vn -0.792112 -0.420306 -0.442607
vn 0.695283 0.681583 -0.228094
vn 0.0978 -0.0042 -0.995197
vn -0.577572 0.733564 -0.358182
vn -0.577572 0.733564 -0.358182
vn 0.119997 0.706582 0.697382
vn 0.695283 0.681583 -0.228094
vn -0.541823 0.804535 -0.24321
vn -0.523011 -0.222704 -0.822717
vn -0.208596 0.52869 0.822785
vn -0.541823 0.804535 -0.24321
vn -0.956878 -0.138597 0.255294
vn -0.391286 0.83067 0.396085
vn -0.631587 0.380192 -0.675686
vn -0.939791 -0.246798 0.236398
vn -0.939791 -0.246798 0.236398
vn -0.631587 0.380192 -0.675686
vn -0.198197 -0.751389 -0.629391
vn -0.274399 -0.541298 0.794797
vn 0.0571 0.3188 0.9461
vn -0.198197 -0.751389 -0.629391
vn -0.274399 -0.541298 0.794797
vn -0.939791 -0.246798 0.236398
vn -0.631587 0.380192 -0.675686
vn -0.391286 0.83067 0.396085
vn 0.456576 0.849056 -0.265786
vn -0.631587 0.380192 -0.675686
vn 0.456576 0.849056 -0.265786
vn 0.602808 -0.0245 -0.79751
vn 0.602808 -0.0245 -0.79751
vn -0.198197 -0.751389 -0.629391
vn -0.631587 0.380192 -0.675686
vn -0.962782 -0.073499 -0.260095
vn -0.833971 -0.519982 -0.184694
vn -0.914403 -0.332701 0.230601
vn -0.833971 -0.519982 -0.184694
vn -0.910965 -0.397185 -0.111296
vn -0.914403 -0.332701 0.230601
vn -0.931667 -0.259091 0.254691
vn -0.962782 -0.073499 -0.260095
vn -0.637807 -0.555206 -0.533806
vn -0.637807 -0.555206 -0.533806
vn -0.699403 -0.149101 -0.699003
vn -0.637807 -0.555206 -0.533806
vn -0.699403 -0.149101 -0.699003
vn -0.319498 -0.670595 -0.669495
vn -0.639531 -0.548626 -0.538526
vn -0.910965 -0.397185 -0.111296
vn -0.637807 -0.555206 -0.533806
vn -0.319498 -0.670595 -0.669495
vn -0.639531 -0.548626 -0.538526
vn -0.637807 -0.555206 -0.533806
vn -0.900677 0.322292 -0.291392
vn -0.838786 0.339194 -0.425893
vn -0.88709 0.298497 -0.352096
vn -0.838786 0.339194 -0.425893
vn -0.900677 0.322292 -0.291392
vn -0.85612 0.40291 -0.323608
vn -0.619632 0.255513 -0.742138
vn -0.656188 0.126098 -0.743987
vn -0.619632 0.255513 -0.742138
vn -0.351993 -0.224496 -0.908682
vn -0.619632 0.255513 -0.742138
vn -0.639531 -0.548626 -0.538526
vn -0.270599 -0.654697 -0.705796
vn -0.270599 -0.654697 -0.705796
vn -0.0107 -0.715515 -0.698515
vn 0.731837 -0.635332 -0.246512
vn 0.662587 -0.664487 -0.345593
vn 0.75505 -0.627742 -0.189313
vn 0.469111 -0.608114 -0.640415
vn 0.469111 -0.608114 -0.640415
vn -0.0107 -0.715515 -0.698515
vn 0.119101 -0.332903 -0.935409
vn 0.119101 -0.332903 -0.935409
vn 0.119101 -0.332903 -0.935409
vn -0.270897 0.224397 -0.936088
vn 0.0235 0.150099 -0.988392
vn -0.656188 0.126098 -0.743987
vn -0.285796 0.014 -0.958188
vn -0.721193 -0.0361 -0.691793
vn -0.656188 0.126098 -0.743987
vn -0.88709 0.298497 -0.352096
vn -0.721193 -0.0361 -0.691793
vn 0.0235 0.150099 -0.988392
vn -0.270897 0.224397 -0.936088
vn -0.285796 0.014 -0.958188
vn -0.071899 -0.0213 -0.997184
vn 0.119101 -0.332903 -0.935409
vn 0.0235 0.150099 -0.988392
vn 0.404115 -0.035101 -0.914034
vn 0.547183 -0.513384 -0.66108
vn 0.662587 -0.664487 -0.345593
vn 0.119101 -0.332903 -0.935409
vn 0.547183 -0.513384 -0.66108
vn -0.071899 -0.0213 -0.997184
vn 0.277106 -0.382508 -0.881419
vn 0.281499 -0.0838 -0.955895
vn 0.277106 -0.382508 -0.881419
vn 0.281499 -0.0838 -0.955895
vn -0.071899 -0.0213 -0.997184
vn -0.85612 0.40291 -0.323608
vn -0.892674 0.366589 -0.262192
vn -0.943037 0.294212 0.155306
vn 0.073198 -0.966274 -0.246893
vn -0.130199 -0.804795 0.579097
vn -0.589905 -0.513204 -0.623405
vn -0.870612 -0.306404 0.384905
vn 0.75393 -0.460318 -0.468719
vn 0.073198 -0.966274 -0.246893
vn -0.589905 -0.513204 -0.623405
vn 0.297391 0.170695 -0.939373
vn -0.589905 -0.513204 -0.623405
vn -0.870612 -0.306404 0.384905
vn -0.634401 0.636801 -0.438201
vn -0.589905 -0.513204 -0.623405
vn -0.634401 0.636801 -0.438201
vn 0.297391 0.170695 -0.939373
vn -0.607929 -0.785837 0.113505
vn -0.149991 -0.459072 0.875646
vn -0.995918 -0.0033 -0.090202
vn -0.274695 -0.116198 -0.954484
vn -0.090198 -0.816479 -0.570286
vn -0.607929 -0.785837 0.113505
vn -0.995918 -0.0033 -0.090202
vn -0.149991 -0.459072 0.875646
vn 0.760013 -0.332506 0.558409
vn -0.366286 0.481281 0.796369
vn -0.366286 0.481281 0.796369
vn -0.130199 -0.804795 0.579097
vn 0.314384 -0.083096 0.945652
vn -0.870612 -0.306404 0.384905
vn 0.70737 0.216191 -0.672971
vn 0.753694 -0.557096 -0.348697
vn -0.090198 -0.816479 -0.570286
vn -0.274695 -0.116198 -0.954484
vn 0.314384 -0.083096 0.945652
vn 0.958519 0.138703 0.249005
vn -0.439989 0.541087 0.716683
vn -0.439989 0.541087 0.716683
vn 0.760013 -0.332506 0.558409
vn 0.753694 -0.557096 -0.348697
vn 0.70737 0.216191 -0.672971
vn 0.688123 0.647222 0.328011
vn 0.688123 0.647222 0.328011
vn 0.1462 -0.581501 -0.800301
vn -0.721193 -0.0361 -0.691793
vn -0.943037 0.294212 0.155306
vn -0.991394 0.099899 -0.0846
vn -0.991394 0.099899 -0.0846
vn -0.946597 0.0119 -0.322199
vn -0.721193 -0.0361 -0.691793
vn -0.721193 -0.0361 -0.691793
vn -0.946597 0.0119 -0.322199
vn -0.704689 -0.098198 -0.702689
vn -0.444375 -0.374179 -0.813954
vn -0.186495 -0.608183 -0.771578
vn -0.721193 -0.0361 -0.691793
vn -0.186495 -0.608183 -0.771578
vn 0.1462 -0.581501 -0.800301
vn 0.462674 0.88625 0.022199
vn 0.958519 0.138703 0.249005
vn 0.75393 -0.460318 -0.468719
vn 0.297391 0.170695 -0.939373
vn 0.462674 0.88625 0.022199
vn 0.714073 -0.664575 -0.220092
vn 0.695407 -0.697307 -0.173702
vn 0.75505 -0.627742 -0.189313
vn 0.662587 -0.664487 -0.345593
vn 0.547183 -0.513384 -0.66108
vn 0.695407 -0.697307 -0.173702
vn 0.662587 -0.664487 -0.345593
vn 0.714073 -0.664575 -0.220092
vn 0.677499 -0.719499 -0.1527
vn 0.714487 -0.517191 -0.471192
vn 0.677499 -0.719499 -0.1527
vn 0.828625 -0.305009 -0.469414
vn 0.724569 -0.213891 -0.655172
vn 0.588696 -0.177199 -0.788694
vn 0.404115 -0.035101 -0.914034
vn 0.655786 -0.741184 -0.143497
vn 0.87684 -0.422519 -0.22941
vn 0.828625 -0.305009 -0.469414
vn 0.724569 -0.213891 -0.655172
vn 0.754594 -0.303098 -0.581996
vn 0.754594 -0.303098 -0.581996
vn 0.588696 -0.177199 -0.788694
vn 0.702296 -0.336198 -0.627496
vn 0.593506 -0.275503 -0.756207
vn 0.277106 -0.382508 -0.881419
vn 0.593506 -0.275503 -0.756207
vn 0.281499 -0.0838 -0.955895
vn 0.702296 -0.336198 -0.627496
vn 0.4833 0.2727 -0.831899
vn -0.523011 -0.222704 -0.822717
vn -0.541823 0.804535 -0.24321
vn 0.677593 0.730093 0.088499
vn 0.4833 0.2727 -0.831899
vn -0.541823 0.804535 -0.24321
vn -0.541823 0.804535 -0.24321
vn -0.208596 0.52869 0.822785
vn 0.677593 0.730093 0.088499
vn 0.941156 -0.322685 -0.100495
vn 0.597382 -0.65268 -0.465986
vn 0.986502 0.0951 -0.1333
vn 0.277106 -0.382508 -0.881419
vn 0.1462 -0.581501 -0.800301
vn 0.597382 -0.65268 -0.465986
vn -0.508097 -0.791395 -0.339898
vn -0.844218 -0.025101 -0.535412
vn -0.206403 -0.798711 -0.565207
vn -0.206403 -0.798711 -0.565207
vn -0.849108 -0.065001 -0.524205
vn -0.269506 -0.208205 -0.940222
vn -0.320998 -0.111499 -0.940494
vn -0.848539 -0.186109 -0.495323
vn -0.206403 -0.798711 -0.565207
vn -0.320998 -0.111499 -0.940494
vn 0.511877 -0.145993 -0.846562
vn 0.305696 -0.816488 -0.489793
vn 0.305696 -0.816488 -0.489793
vn -0.899949 0.035802 -0.434523
vn -0.297503 -0.178902 -0.937809
vn -0.348493 0.0077 -0.93728
vn -0.33241 0.211006 -0.919228
vn -0.889369 0.197593 -0.412286
vn 0.235798 -0.954892 0.180499
vn -0.431085 -0.732575 -0.526782
vn -0.068601 -0.936312 0.344404
vn -0.601882 -0.33249 0.726078
vn -0.601882 -0.33249 0.726078
vn -0.1179 0.464101 0.877901
vn -0.994271 0.070898 0.079998
vn -0.994271 0.070898 0.079998
vn 0.611373 -0.382483 -0.69277
vn 0.713414 -0.678513 0.175103
vn -0.068601 -0.936312 0.344404
vn -0.431085 -0.732575 -0.526782
vn 0.786359 0.164491 0.595469
vn 0.713414 -0.678513 0.175103
vn 0.724601 0.622601 -0.295501
vn -0.299094 0.934482 0.193096
vn -0.1179 0.464101 0.877901
vn 0.786359 0.164491 0.595469
vn 0.724601 0.622601 -0.295501
vn 0.611373 -0.382483 -0.69277
vn 0.356405 -0.73211 -0.580508
vn 0.985354 -0.165592 0.040698
vn -0.299094 0.934482 0.193096
vn 0.602808 -0.0245 -0.79751
vn 0.901967 -0.429184 -0.047498
vn 0.235798 -0.954892 0.180499
vn -0.198197 -0.751389 -0.629391
vn -0.320998 -0.111499 -0.940494
vn -0.269506 -0.208205 -0.940222
vn 0.511877 -0.145993 -0.846562
vn -0.362683 0.413681 -0.835062
vn -0.362683 0.413681 -0.835062
vn -0.362683 0.413681 -0.835062
vn -0.362683 0.413681 -0.835062
vn -0.299094 0.934482 0.193096
vn 0.724601 0.622601 -0.295501
vn -0.362683 0.413681 -0.835062
vn 0.724601 0.622601 -0.295501
vn 0.611373 -0.382483 -0.69277
vn 0.415992 -0.168697 -0.893584
vn -0.269506 -0.208205 -0.940222
vn -0.297503 -0.178902 -0.937809
vn -0.297503 -0.178902 -0.937809
vn -0.348493 0.0077 -0.93728
vn 0.382699 -0.202099 -0.901497
vn 0.382699 -0.202099 -0.901497
vn 0.305696 -0.816488 -0.489793
vn 0.511877 -0.145993 -0.846562
vn 0.587197 -0.805696 -0.0778
vn 0.415992 -0.168697 -0.893584
vn 0.396008 -0.120403 -0.910319
vn 0.382699 -0.202099 -0.901497
vn 0.432803 0.095601 -0.896405
vn 0.415992 -0.168697 -0.893584
vn 0.382699 -0.202099 -0.901497
vn 0.938312 -0.172302 -0.299804
vn 0.938312 -0.172302 -0.299804
vn 0.382699 -0.202099 -0.901497
vn 0.396008 -0.120403 -0.910319
vn 0.907673 -0.317291 -0.274692
vn 0.907673 -0.317291 -0.274692
vn 0.916774 -0.261393 -0.301992
vn 0.396008 -0.120403 -0.910319
vn 0.432803 0.095601 -0.896405
vn 0.975305 -0.160901 -0.151301
vn 0.938312 -0.172302 -0.299804
vn -0.889369 0.197593 -0.412286
vn -0.127097 0.748983 -0.650285
vn -0.33241 0.211006 -0.919228
vn 0.695283 0.681583 -0.228094
vn 0.4833 0.2727 -0.831899
vn 0.726804 -0.546303 -0.416303
vn -0.239899 -0.923897 -0.298099
vn -0.239899 -0.923897 -0.298099
vn -0.523011 -0.222704 -0.822717
vn 0.4833 0.2727 -0.831899
vn 0.8825 -0.1629 0.4412
vn 0.726804 -0.546303 -0.416303
vn 0.4833 0.2727 -0.831899
vn 0.677593 0.730093 0.088499
vn 0.677593 0.730093 0.088499
vn 0.0571 0.3188 0.9461
vn 0.820794 0.381897 0.424797
vn -0.391286 0.83067 0.396085
vn 0.820794 0.381897 0.424797
vn 0.901967 -0.429184 -0.047498
vn 0.456576 0.849056 -0.265786
vn 0.456576 0.849056 -0.265786
vn 0.602808 -0.0245 -0.79751
vn 0.456576 0.849056 -0.265786
vn 0.901967 -0.429184 -0.047498
vn -0.992217 0.122902 -0.02
vn -0.709404 -0.636203 0.303302
vn -0.178697 -0.273296 0.945186
vn -0.178697 -0.273296 0.945186
vn 0.713589 -0.280196 0.642091
vn -0.283098 0.645896 0.708995
vn -0.283098 0.645896 0.708995
vn -0.314906 -0.280206 -0.906818
vn -0.24339 -0.913363 -0.326387
vn -0.709404 -0.636203 0.303302
vn -0.992217 0.122902 -0.02
vn 0.713589 -0.280196 0.642091
vn 0.632966 -0.734661 -0.244187
vn 0.702298 0.618198 0.352999
vn 0.702298 0.618198 0.352999
vn 0.769537 0.072003 -0.63453
vn 0.632966 -0.734661 -0.244187
vn -0.24339 -0.913363 -0.326387
vn -0.314906 -0.280206 -0.906818
vn 0.769537 0.072003 -0.63453
vn -0.2245 0.818 -0.5296
vn -0.2245 0.818 -0.5296
vn -0.314906 -0.280206 -0.906818
vn -0.992217 0.122902 -0.02
vn -0.283098 0.645896 0.708995
vn 0.702298 0.618198 0.352999
vn -0.2245 0.818 -0.5296
vn 0.702298 0.618198 0.352999
vn 0.769537 0.072003 -0.63453
vn -0.2245 0.818 -0.5296
vn -0.2245 0.818 -0.5296
vn 0.769537 0.072003 -0.63453
vn -0.314906 -0.280206 -0.906818
vn -0.360901 -0.1666 -0.917603
vn 0.018801 0.826432 -0.562722
vn 0.374806 0.705312 -0.60171
vn -0.33241 0.211006 -0.919228
vn -0.127097 0.748983 -0.650285
vn 0.432803 0.095601 -0.896405
vn 0.923254 -0.047198 -0.381281
vn 0.741583 0.620386 -0.255294
vn -0.360901 -0.1666 -0.917603
vn -0.902005 -0.281301 -0.327502
vn -0.862783 -0.219396 -0.455491
vn -0.902005 -0.281301 -0.327502
vn -0.772987 -0.478392 -0.416693
vn -0.772987 -0.478392 -0.416693
vn -0.577011 -0.257705 -0.775014
vn -0.862783 -0.219396 -0.455491
vn -0.772987 -0.478392 -0.416693
vn -0.577011 -0.257705 -0.775014
vn -0.772987 -0.478392 -0.416693
vn -0.418685 -0.242091 -0.875268
vn -0.66451 -0.076901 -0.743312
vn -0.469623 -0.472423 -0.745836
vn -0.577011 -0.257705 -0.775014
vn -0.66451 -0.076901 -0.743312
vn -0.657385 -0.365492 -0.658985
vn -0.892771 -0.212793 -0.397087
vn -0.797427 -0.440015 -0.412914
vn -0.577011 -0.257705 -0.775014
vn -0.797427 -0.440015 -0.412914
vn -0.469623 -0.472423 -0.745836
vn -0.815722 -0.330809 -0.474513
vn -0.815722 -0.330809 -0.474513
vn -0.677616 -0.083002 -0.730717
vn -0.677616 -0.083002 -0.730717
vn -0.422496 -0.408296 -0.809192
vn 0.080097 -0.452882 -0.887965
vn 0.250298 -0.576396 -0.777894
vn -0.657385 -0.365492 -0.658985
vn -0.892771 -0.212793 -0.397087
vn -0.807317 -0.367008 -0.46211
vn -0.851544 -0.136407 -0.506226
vn -0.777523 -0.176705 -0.603518
vn -0.807317 -0.367008 -0.46211
vn -0.851544 -0.136407 -0.506226
vn -0.3623 -0.6009 -0.712501
vn -0.3623 -0.6009 -0.712501
vn -0.417003 -0.158901 -0.894907
vn -0.38661 0.061002 -0.920224
vn -0.777523 -0.176705 -0.603518
vn -0.469623 -0.472423 -0.745836
vn -0.3623 -0.6009 -0.712501
vn 0.304084 -0.512474 -0.803059
vn 0.080097 -0.452882 -0.887965
vn 0.304084 -0.512474 -0.803059
vn 0.216904 -0.348106 -0.912017
vn 0.249009 -0.347712 -0.903931
vn 0.080097 -0.452882 -0.887965
vn 0.249009 -0.347712 -0.903931
vn -0.0092 -0.586094 -0.810191
vn 0.304084 -0.512474 -0.803059
vn 0.361788 -0.339689 -0.868171
vn 0.031401 -0.343212 -0.938733
vn 0.215499 -0.530097 -0.820096
vn 0.215499 -0.530097 -0.820096
vn 0.216904 -0.348106 -0.912017
vn 0.031401 -0.343212 -0.938733
vn -0.7804 -0.1056 -0.6163
vn -0.863904 0.445102 -0.235701
vn -0.7804 -0.1056 -0.6163
vn -0.708686 0.224696 -0.668787
vn -0.4864 0.6507 -0.5831
vn -0.708686 0.224696 -0.668787
vn -0.863904 0.445102 -0.235701
vn -0.7804 -0.1056 -0.6163
vn -0.708686 0.224696 -0.668787
vn -0.7804 -0.1056 -0.6163
vn -0.4864 0.6507 -0.5831
vn -0.261199 0.452798 -0.852496
vn -0.758619 0.233606 -0.608215
vn -0.795596 0.318098 -0.515597
vn -0.795596 0.318098 -0.515597
vn -0.758619 0.233606 -0.608215
vn -0.779678 0.617383 -0.104597
vn -0.501188 0.539487 -0.676583
vn -0.663402 -0.284901 -0.691902
vn -0.261199 0.452798 -0.852496
vn -0.426319 0.638729 -0.640529
vn -0.501188 0.539487 -0.676583
vn -0.573197 0.0141 -0.819296
vn -0.573197 0.0141 -0.819296
vn -0.059598 -0.453086 -0.889472
vn 0.215499 -0.530097 -0.820096
vn 0.031401 -0.343212 -0.938733
vn -0.059598 -0.453086 -0.889472
vn -0.0092 -0.586094 -0.810191
vn 0.24131 0.106005 -0.964641
vn -0.380284 -0.169193 -0.909262
vn 0.24131 0.106005 -0.964641
vn -0.261199 0.452798 -0.852496
vn -0.573197 0.0141 -0.819296
vn 0.241092 -0.485784 -0.840172
vn 0.3263 -0.634799 -0.700399
vn 0.361788 -0.339689 -0.868171
vn 0.241092 -0.485784 -0.840172
vn 0.603419 -0.710822 -0.361411
vn 0.3263 -0.634799 -0.700399
vn -0.0001 -0.874685 -0.484692
vn 0 -0.971215 -0.238204
vn 0.241092 -0.485784 -0.840172
vn 0.089302 -0.664516 -0.741918
vn -0.25169 -0.533978 -0.807167
vn -0.592033 -0.71744 -0.36712
vn -0.592033 -0.71744 -0.36712
vn -0.626087 -0.742385 0.238495
vn 0 -0.971215 -0.238204
vn 0.241092 -0.485784 -0.840172
vn 0.221106 -0.538615 -0.813023
vn 0.221106 -0.538615 -0.813023
vn 0.241092 -0.485784 -0.840172
vn 0.221106 -0.538615 -0.813023
vn 0.089302 -0.664516 -0.741918
vn 0.221106 -0.538615 -0.813023
vn 0.24131 0.106005 -0.964641
vn 0.089302 -0.664516 -0.741918
vn -0.184401 -0.497901 -0.847402
vn 0.24131 0.106005 -0.964641
vn -0.134596 -0.069298 -0.988474
vn -0.184401 -0.497901 -0.847402
vn -0.184401 -0.497901 -0.847402
vn -0.134596 -0.069298 -0.988474
vn -0.25169 -0.533978 -0.807167
vn -0.134596 -0.069298 -0.988474
vn -0.380284 -0.169193 -0.909262
vn -0.395803 -0.236702 -0.887306
vn -0.25169 -0.533978 -0.807167
vn -0.380284 -0.169193 -0.909262
vn -0.573197 0.0141 -0.819296
vn -0.395803 -0.236702 -0.887306
vn -0.663402 -0.284901 -0.691902
vn -0.663402 -0.284901 -0.691902
vn -0.501188 0.539487 -0.676583
vn -0.395803 -0.236702 -0.887306
vn -0.155907 0.445621 -0.881541
vn -0.501188 0.539487 -0.676583
vn -0.426319 0.638729 -0.640529
vn -0.426319 0.638729 -0.640529
vn -0.133 0.6408 -0.7561
vn -0.155907 0.445621 -0.881541
vn -0.080599 -0.499792 -0.862387
vn -0.133 0.6408 -0.7561
vn -0.426319 0.638729 -0.640529
vn -0.426319 0.638729 -0.640529
vn -0.787531 0.600324 -0.139306
vn -0.562813 -0.589313 -0.579613
vn -0.562813 -0.589313 -0.579613
vn -0.155907 0.445621 -0.881541
vn -0.0003 -0.082499 -0.996591
vn -0.25169 -0.533978 -0.807167
vn -0.0016 0.608811 -0.793314
vn -0.0007 -0.555692 -0.831388
vn 0.254301 -0.534802 -0.805803
vn -0.331404 -0.622707 -0.708808
vn -0.0007 -0.555692 -0.831388
vn 0.254301 -0.534802 -0.805803
vn -0.0016 0.608811 -0.793314
vn 0.0041 0.562609 -0.826713
vn -0.080599 -0.499792 -0.862387
vn 0.0041 0.562609 -0.826713
vn -0.133 0.6408 -0.7561
vn 0.133302 0.636809 -0.759411
vn -0.0016 0.608811 -0.793314
vn 0.0041 0.562609 -0.826713
vn 0.0052 -0.454393 -0.890786
vn 0.0041 0.562609 -0.826713
vn 0.0052 -0.454393 -0.890786
vn 0.133302 0.636809 -0.759411
vn -0.0003 -0.082499 -0.996591
vn -0.0016 0.608811 -0.793314
vn 0.384511 -0.217106 -0.897227
vn 0.384511 -0.217106 -0.897227
vn 0.155992 0.440378 -0.884157
vn 0.155992 0.440378 -0.884157
vn 0.384511 -0.217106 -0.897227
vn -0.0016 0.608811 -0.793314
vn -0.303998 0.860695 -0.408398
vn -0.995918 -0.0033 -0.090202
vn -0.366286 0.481281 0.796369
vn 0.688123 0.647222 0.328011
vn -0.303998 0.860695 -0.408398
vn -0.366286 0.481281 0.796369
vn -0.995918 -0.0033 -0.090202
vn -0.303998 0.860695 -0.408398
vn -0.274695 -0.116198 -0.954484
vn -0.870612 -0.306404 0.384905
vn -0.439989 0.541087 0.716683
vn -0.634401 0.636801 -0.438201
vn -0.634401 0.636801 -0.438201
vn 0.297391 0.170695 -0.939373
vn -0.634401 0.636801 -0.438201
vn 0.462674 0.88625 0.022199
vn -0.303998 0.860695 -0.408398
vn 0.688123 0.647222 0.328011
vn 0.70737 0.216191 -0.672971
vn -0.303998 0.860695 -0.408398
vn -0.938023 0.175404 0.298907
vn -0.978756 0.138594 -0.151093
vn -0.995989 0.068799 -0.057199
vn -0.991394 0.099899 -0.0846
vn -0.722688 0.123298 0.680088
vn -0.652388 0.126898 0.747186
vn -0.938023 0.175404 0.298907
vn -0.931667 0.181394 0.314789
vn -0.396526 0.837255 0.376525
vn -0.931667 0.181394 0.314789
vn -0.652388 0.126898 0.747186
vn -0.536686 0.210595 0.817079
vn -0.938023 0.175404 0.298907
vn -0.931667 0.181394 0.314789
vn -0.978756 0.138594 -0.151093
vn -0.396526 0.837255 0.376525
vn -0.938395 0.343098 -0.0412
vn -0.931667 0.181394 0.314789
vn -0.938395 0.343098 -0.0412
vn -0.938395 0.343098 -0.0412
vn -0.396526 0.837255 0.376525
vn -0.516093 0.833689 -0.196497
vn -0.995989 0.068799 -0.057199
vn -0.950739 0.291812 -0.104604
vn -0.950739 0.291812 -0.104604
vn -0.396526 0.837255 0.376525
vn -0.768204 0.590303 0.247801
vn -0.396526 0.837255 0.376525
vn -0.351409 0.709518 0.610816
vn -0.768204 0.590303 0.247801
vn -0.991394 0.099899 -0.0846
vn -0.492131 0.772649 -0.401025
vn -0.955619 0.242905 -0.166703
vn -0.955619 0.242905 -0.166703
vn -0.547419 0.704924 -0.451015
vn -0.778383 0.627786 -0.0022
vn -0.892287 0.137898 -0.429894
vn -0.946597 0.0119 -0.322199
vn -0.691632 0.005 -0.722233
vn -0.704689 -0.098198 -0.702689
vn -0.892287 0.137898 -0.429894
vn -0.4861 0.7108 -0.5084
vn -0.691632 0.005 -0.722233
vn -0.373306 0.607409 -0.701211
vn -0.26071 0.866534 -0.425617
vn -0.54931 0.518609 -0.655212
vn -0.444375 -0.374179 -0.813954
vn -0.441102 -0.172601 -0.880703
vn -0.171698 0.496494 -0.85089
vn -0.441102 -0.172601 -0.880703
vn -0.691632 0.005 -0.722233
vn -0.373306 0.607409 -0.701211
vn -0.351409 0.709518 0.610816
vn -0.385198 0.632596 0.671896
vn -0.768204 0.590303 0.247801
vn -0.778383 0.627786 -0.0022
vn -0.894112 0.372105 -0.249203
vn -0.547419 0.704924 -0.451015
vn -0.894112 0.372105 -0.249203
vn -0.54931 0.518609 -0.655212
vn -0.547419 0.704924 -0.451015
vn -0.54931 0.518609 -0.655212
vn -0.894112 0.372105 -0.249203
vn -0.491803 -0.059 -0.868705
vn -0.171698 0.496494 -0.85089
vn -0.107294 0.666262 -0.737958
vn -0.171698 0.496494 -0.85089
vn -0.54931 0.518609 -0.655212
vn -0.107294 0.666262 -0.737958
vn 0.930764 -0.233691 -0.281189
vn 0.863901 -0.3835 0.3265
vn 0.930764 -0.233691 -0.281189
vn 0.742173 -0.566779 -0.357687
vn 0.803809 -0.561706 0.195902
vn 0.979634 -0.109504 -0.168306
vn 0.930764 -0.233691 -0.281189
vn 0.986502 0.0951 -0.1333
vn 0.938682 -0.242295 -0.245295
vn 0.938682 -0.242295 -0.245295
vn 0.930764 -0.233691 -0.281189
vn 0.979634 -0.109504 -0.168306
vn 0.865111 -0.291604 -0.408105
vn 0.930764 -0.233691 -0.281189
vn 0.865111 -0.291604 -0.408105
vn 0.742173 -0.566779 -0.357687
vn 0.938682 -0.242295 -0.245295
vn 0.864821 -0.498212 -0.062202
vn 0.997574 0.068998 -0.0092
vn 0.597382 -0.65268 -0.465986
vn 0.864821 -0.498212 -0.062202
vn 0.938682 -0.242295 -0.245295
vn 0.979634 -0.109504 -0.168306
vn 0.798698 0.098 -0.593698
vn 0.997574 0.068998 -0.0092
vn 0.864821 -0.498212 -0.062202
vn 0.597382 -0.65268 -0.465986
vn 0.592 -0.6281 -0.505
vn 0.865111 -0.291604 -0.408105
vn 0.798698 0.098 -0.593698
vn 0.865111 -0.291604 -0.408105
vn 0.997574 0.068998 -0.0092
vn 0.865111 -0.291604 -0.408105
vn 0.798698 0.098 -0.593698
vn 0.831339 -0.165908 -0.530425
vn 0.865111 -0.291604 -0.408105
vn 0.831339 -0.165908 -0.530425
vn 0.155299 -0.420096 -0.894092
vn 0.155299 -0.420096 -0.894092
vn -0.931713 -0.126902 -0.340305
vn -0.946273 -0.0107 0.323191
vn -0.948062 -0.202392 0.24539
vn -0.990813 0.039301 0.129402
vn -0.931713 -0.126902 -0.340305
vn -0.96397 -0.0031 0.265992
vn -0.92298 -0.041599 -0.382592
vn -0.92298 -0.041599 -0.382592
vn -0.894112 0.372105 -0.249203
vn -0.92298 -0.041599 -0.382592
vn -0.504794 0.138298 -0.85209
vn -0.504794 0.138298 -0.85209
vn -0.491803 -0.059 -0.868705
vn -0.894112 0.372105 -0.249203
vn -0.559276 -0.23469 -0.795066
vn -0.457204 -0.315003 -0.831708
vn -0.559276 -0.23469 -0.795066
vn -0.457204 -0.315003 -0.831708
vn -0.92298 -0.041599 -0.382592
vn -0.53581 0.457709 -0.709514
vn -0.559276 -0.23469 -0.795066
vn -0.931713 -0.126902 -0.340305
vn -0.998593 0.0457 0.0269
vn -0.881991 0.293897 -0.368396
vn -0.881991 0.293897 -0.368396
vn -0.444375 -0.374179 -0.813954
vn -0.441102 -0.172601 -0.880703
vn -0.149996 -0.32749 -0.932873
vn -0.149996 -0.32749 -0.932873
vn 0.095202 0.310107 -0.945923
vn -0.0216 0.268298 -0.963094
vn 0.095202 0.310107 -0.945923
vn -0.171698 0.496494 -0.85089
vn -0.171698 0.496494 -0.85089
vn -0.107294 0.666262 -0.737958
vn -0.139896 0.303291 -0.942573
vn -0.139896 0.303291 -0.942573
vn -0.149996 -0.32749 -0.932873
vn 0.48718 0.084897 -0.869165
vn 0.217794 -0.514487 -0.829379
vn 0.217794 -0.514487 -0.829379
vn -0.139896 0.303291 -0.942573
vn 0.155299 -0.420096 -0.894092
vn -0.0216 0.268298 -0.963094
vn 0.305796 -0.248897 -0.918988
vn -0.504794 0.138298 -0.85209
vn 0.592 -0.6281 -0.505
vn 0.597382 -0.65268 -0.465986
vn 0.48718 0.084897 -0.869165
vn 0.217794 -0.514487 -0.829379
vn 0.766717 0.093002 -0.635214
vn 0.48718 0.084897 -0.869165
vn 0.466916 0.083703 -0.880331
vn 0.798698 0.098 -0.593698
vn 0.48718 0.084897 -0.869165
vn 0.766717 0.093002 -0.635214
vn 0.831339 -0.165908 -0.530425
vn 0.466916 0.083703 -0.880331
vn 0.466916 0.083703 -0.880331
vn 0.305796 -0.248897 -0.918988
vn -0.457204 -0.315003 -0.831708
vn -0.080902 -0.657817 -0.74882
vn 0.053299 -0.399289 -0.915275
vn -0.080902 -0.657817 -0.74882
vn -0.559276 -0.23469 -0.795066
vn -0.53581 0.457709 -0.709514
vn -0.262013 -0.42152 -0.868142
vn 0.053299 -0.399289 -0.915275
vn -0.96397 -0.0031 0.265992
vn -0.716296 0.0501 0.695996
vn -0.931707 0.245802 0.267402
vn -0.990813 0.039301 0.129402
vn -0.96397 -0.0031 0.265992
vn -0.754497 -0.150999 0.638697
vn -0.981668 0.098297 0.163295
vn -0.998593 0.0457 0.0269
vn -0.997762 0.063798 0.019999
vn -0.997762 0.063798 0.019999
vn -0.782754 0.620164 0.051897
vn -0.951082 0.220296 -0.216596
vn -0.998593 0.0457 0.0269
vn 0.174898 -0.820393 -0.544395
vn -0.881991 0.293897 -0.368396
vn 0.174898 -0.820393 -0.544395
vn -0.951082 0.220296 -0.216596
vn -0.757307 0.501005 -0.418904
vn -0.951082 0.220296 -0.216596
vn -0.782754 0.620164 0.051897
vn -0.491192 0.842786 0.220096
vn -0.549904 0.813306 -0.190101
vn 0.174898 -0.820393 -0.544395
vn -0.994378 -0.071398 -0.078198
vn -0.881991 0.293897 -0.368396
vn -0.994378 -0.071398 -0.078198
vn -0.881991 0.293897 -0.368396
vn -0.951082 0.220296 -0.216596
vn -0.756879 0.309391 -0.575684
vn -0.861174 0.132696 -0.490685
vn -0.757307 0.501005 -0.418904
vn -0.756879 0.309391 -0.575684
vn -0.951082 0.220296 -0.216596
vn -0.801884 0.083698 -0.591588
vn -0.756879 0.309391 -0.575684
vn -0.801884 0.083698 -0.591588
vn -0.798767 0.358885 -0.48288
vn -0.756879 0.309391 -0.575684
vn -0.798767 0.358885 -0.48288
vn -0.861174 0.132696 -0.490685
vn -0.701305 0.712405 -0.0255
vn -0.686904 -0.499903 -0.527503
vn -0.735588 -0.405593 0.542591
vn -0.735588 -0.405593 0.542591
vn -0.686904 -0.499903 -0.527503
vn 0.142001 -0.823203 0.549702
vn 0.0366 0.493101 0.869202
vn -0.701305 0.712405 -0.0255
vn -0.735588 -0.405593 0.542591
vn 0.679786 -0.108198 0.725385
vn 0.142001 -0.823203 0.549702
vn -0.686904 -0.499903 -0.527503
vn -0.092 0.253699 -0.962898
vn 0.050401 -0.92402 -0.379008
vn -0.701305 0.712405 -0.0255
vn 0.050401 -0.92402 -0.379008
vn 0.600196 -0.284898 -0.747394
vn -0.092 0.253699 -0.962898
vn -0.701305 0.712405 -0.0255
vn 0.422614 0.87523 -0.235308
vn -0.092 0.253699 -0.962898
vn 0.422614 0.87523 -0.235308
vn 0.600196 -0.284898 -0.747394
vn -0.798767 0.358885 -0.48288
vn -0.798767 0.358885 -0.48288
vn -0.801884 0.083698 -0.591588
vn -0.757307 0.501005 -0.418904
vn -0.567204 0.712305 -0.413403
vn -0.927187 0.130598 -0.351095
vn -0.861174 0.132696 -0.490685
vn -0.798767 0.358885 -0.48288
vn -0.927187 0.130598 -0.351095
vn -0.562112 0.680115 -0.47061
vn -0.371606 -0.417907 -0.829013
vn -0.973007 -0.208602 0.098701
vn -0.276204 -0.802212 0.529308
vn -0.401799 0.594398 0.696598
vn -0.562112 0.680115 -0.47061
vn -0.973007 -0.208602 0.098701
vn 0.203787 -0.129292 0.97044
vn -0.401799 0.594398 0.696598
vn -0.973007 -0.208602 0.098701
vn -0.276204 -0.802212 0.529308
vn -0.562112 0.680115 -0.47061
vn 0.463009 0.263705 -0.846216
vn -0.371606 -0.417907 -0.829013
vn -0.371606 -0.417907 -0.829013
vn 0.463009 0.263705 -0.846216
vn 0.181109 -0.931849 -0.314416
vn 0.181109 -0.931849 -0.314416
vn -0.276204 -0.802212 0.529308
vn -0.371606 -0.417907 -0.829013
vn 0.463009 0.263705 -0.846216
vn -0.562112 0.680115 -0.47061
vn 0.494094 0.86699 0.064799
vn 0.463009 0.263705 -0.846216
vn 0.494094 0.86699 0.064799
vn 0.858133 -0.392815 -0.330613
vn 0.858133 -0.392815 -0.330613
vn -0.701305 0.712405 -0.0255
vn 0.0366 0.493101 0.869202
vn 0.422614 0.87523 -0.235308
vn 0.959391 0.262798 -0.102499
vn 0.422614 0.87523 -0.235308
vn 0.0366 0.493101 0.869202
vn 0.679786 -0.108198 0.725385
vn -0.861892 -0.188898 -0.470595
vn -0.119608 0.376024 -0.918858
vn -0.233195 -0.849981 -0.47239
vn -0.233195 -0.849981 -0.47239
vn 0.959391 0.262798 -0.102499
vn 0.388491 -0.386491 -0.83648
vn 0.634301 0.732801 -0.2463
vn 0.388491 -0.386491 -0.83648
vn -0.119608 0.376024 -0.918858
vn -0.562112 0.680115 -0.47061
vn -0.401799 0.594398 0.696598
vn 0.494094 0.86699 0.064799
vn 0.907275 0.111497 0.405489
vn 0.203787 -0.129292 0.97044
vn 0.494094 0.86699 0.064799
vn 0.907275 0.111497 0.405489
vn 0.858133 -0.392815 -0.330613
vn -0.457996 0.493495 -0.739393
vn -0.861174 0.132696 -0.490685
vn -0.457996 0.493495 -0.739393
vn -0.53581 0.457709 -0.709514
vn -0.846503 0.041 -0.530802
vn -0.846503 0.041 -0.530802
vn -0.659185 0.089098 -0.746683
vn -0.457996 0.493495 -0.739393
vn -0.659185 0.089098 -0.746683
vn -0.53581 0.457709 -0.709514
vn -0.709702 0.1479 -0.688802
vn -0.473687 0.261493 -0.840977
vn -0.659185 0.089098 -0.746683
vn -0.709702 0.1479 -0.688802
vn -0.473687 0.261493 -0.840977
vn -0.489534 0.627243 -0.605742
vn -0.709702 0.1479 -0.688802
vn -0.394108 0.109502 -0.912518
vn -0.434011 -0.180104 -0.882722
vn -0.434011 -0.180104 -0.882722
vn -0.531909 -0.073401 -0.843614
vn -0.473687 0.261493 -0.840977
vn -0.709702 0.1479 -0.688802
vn -0.531909 -0.073401 -0.843614
vn -0.473687 0.261493 -0.840977
vn -0.531909 -0.073401 -0.843614
vn -0.411296 -0.050699 -0.910091
vn -0.411296 -0.050699 -0.910091
vn -0.394108 0.109502 -0.912518
vn -0.473687 0.261493 -0.840977
vn -0.39898 0.60407 -0.689866
vn -0.39898 0.60407 -0.689866
vn -0.376914 0.81843 -0.433716
vn -0.171902 -0.833809 0.524606
vn -0.762191 -0.544194 -0.350596
vn -0.561986 -0.693383 -0.450989
vn 0.0083 -0.825112 -0.564908
vn 0.0083 -0.825112 -0.564908
vn 0.305796 -0.248897 -0.918988
vn -0.384085 -0.417983 -0.823267
vn -0.164398 -0.513995 -0.841892
vn -0.760983 -0.646385 -0.055599
vn -0.390224 -0.843751 -0.368522
vn -0.562813 -0.589313 -0.579613
vn -0.595801 -0.802701 -0.0263
vn -0.561986 -0.693383 -0.450989
vn -0.561986 -0.693383 -0.450989
vn -0.384085 -0.417983 -0.823267
vn -0.115603 -0.710617 -0.694017
vn -0.057197 -0.837153 -0.54397
vn -0.390224 -0.843751 -0.368522
vn -0.080902 -0.657817 -0.74882
vn 0.0083 -0.825112 -0.564908
vn -0.164398 -0.513995 -0.841892
vn -0.164398 -0.513995 -0.841892
vn 0.053299 -0.399289 -0.915275
vn -0.262013 -0.42152 -0.868142
vn -0.239092 -0.468183 -0.85067
vn -0.384085 -0.417983 -0.823267
vn -0.164398 -0.513995 -0.841892
vn -0.262013 -0.42152 -0.868142
vn -0.0498 -0.407397 -0.911893
vn -0.164398 -0.513995 -0.841892
vn -0.0498 -0.407397 -0.911893
vn -0.327802 -0.382603 -0.863806
vn -0.064403 -0.367117 -0.927943
vn -0.069099 0.035299 -0.996985
vn -0.064403 -0.367117 -0.927943
vn -0.562813 -0.589313 -0.579613
vn -0.080599 -0.499792 -0.862387
vn 0.0009 -0.834656 -0.550771
vn 0 -0.683888 -0.729587
vn 0.0052 -0.454393 -0.890786
vn 0.089399 -0.500192 -0.861287
vn 0.089399 -0.500192 -0.861287
vn 0.051901 -0.83591 -0.546407
vn 0.0012 -0.375886 -0.926665
vn 0.1115 -0.7108 -0.6945
vn 0.0012 -0.375886 -0.926665
vn -0.069099 0.035299 -0.996985
vn -0.307009 -0.442413 -0.842625
vn -0.0501 -0.611701 -0.789501
vn -0.227609 -0.580324 -0.781932
vn -0.0501 -0.611701 -0.789501
vn -0.227609 -0.580324 -0.781932
vn -0.307009 -0.442413 -0.842625
vn -0.492021 -0.620526 -0.610625
vn -0.289407 -0.804218 -0.519112
vn -0.440022 -0.652232 -0.617231
vn -0.492021 -0.620526 -0.610625
vn -0.307009 -0.442413 -0.842625
vn -0.080997 -0.820774 -0.565482
vn -0.0501 -0.611701 -0.789501
vn -0.307009 -0.442413 -0.842625
vn -0.227609 -0.580324 -0.781932
vn -0.440022 -0.652232 -0.617231
vn 0.114896 -0.617578 -0.778072
vn 0.066398 -0.36769 -0.927575
vn 0.226396 -0.559391 -0.797387
vn 0.079096 -0.049198 -0.995652
vn 0.066398 -0.36769 -0.927575
vn -0.1196 0.0428 -0.991899
vn -0.289407 -0.804218 -0.519112
vn -0.492021 -0.620526 -0.610625
vn -0.441704 -0.534304 -0.720706
vn -0.441704 -0.534304 -0.720706
vn 0.004 -0.1389 -0.990298
vn -0.080997 -0.820774 -0.565482
vn -0.289407 -0.804218 -0.519112
vn 0.004 -0.1389 -0.990298
vn -0.0501 -0.611701 -0.789501
vn -0.080997 -0.820774 -0.565482
vn 0.235292 -0.745176 -0.62398
vn 0.114896 -0.617578 -0.778072
vn 0.108805 -0.150207 -0.982649
vn 0.108805 -0.150207 -0.982649
vn 0.235292 -0.745176 -0.62398
vn -0.080997 -0.820774 -0.565482
vn -0.264297 0.79169 -0.550793
vn -0.246408 0.95493 -0.165505
vn 0.971187 -0.054099 -0.232097
vn 0.59757 0.487275 -0.636768
vn 0.686412 -0.436008 -0.58201
vn -0.211109 -0.620528 -0.755234
vn -0.445411 0.310608 -0.839721
vn -0.463673 -0.098194 -0.880548
vn -0.434011 -0.180104 -0.882722
vn -0.36191 0.528215 -0.768121
vn -0.463673 -0.098194 -0.880548
vn -0.456016 0.088803 -0.88553
vn -0.434011 -0.180104 -0.882722
vn -0.463673 -0.098194 -0.880548
vn -0.542902 -0.167101 -0.823003
vn -0.456016 0.088803 -0.88553
vn -0.463673 -0.098194 -0.880548
vn -0.317401 0.404901 -0.857503
vn -0.542902 -0.167101 -0.823003
vn -0.434011 -0.180104 -0.882722
vn -0.456016 0.088803 -0.88553
vn -0.262013 -0.42152 -0.868142
vn -0.435202 -0.318001 -0.842303
vn -0.262013 -0.42152 -0.868142
vn -0.36191 0.528215 -0.768121
vn -0.138394 0.536676 -0.832362
vn -0.317401 0.404901 -0.857503
vn -0.300296 0.161998 -0.939989
vn -0.435202 -0.318001 -0.842303
vn -0.0498 -0.407397 -0.911893
vn -0.262013 -0.42152 -0.868142
vn -0.282396 -0.527892 -0.800988
vn -0.327802 -0.382603 -0.863806
vn -0.435202 -0.318001 -0.842303
vn -0.282396 -0.527892 -0.800988
vn -0.287388 0.080097 -0.954459
vn -0.265007 -0.566316 -0.780422
vn -0.265007 -0.566316 -0.780422
vn -0.138394 0.536676 -0.832362
vn -0.239092 -0.468183 -0.85067
vn -0.302784 -0.56577 -0.766959
vn -0.227609 -0.580324 -0.781932
vn -0.215089 0.102995 -0.971148
vn -0.302784 -0.56577 -0.766959
vn -0.0009 0.959351 -0.282215
vn 0 0.6843 -0.7292
vn -0.0068 0.383008 -0.92372
vn 0 0.6843 -0.7292
vn -0.0068 0.383008 -0.92372
vn -0.264297 0.79169 -0.550793
vn -0.090904 0.981943 0.165907
vn -0.246408 0.95493 -0.165505
vn -0.090904 0.981943 0.165907
vn 0.0056 0.984834 0.173406
vn -0.0009 0.959351 -0.282215
vn 0.239601 0.956903 -0.1641
vn 0.086404 0.895537 0.436518
vn 0.122299 0.970496 0.207799
vn 0.122299 0.970496 0.207799
vn 0.267409 0.773427 -0.57472
vn 0 0.6843 -0.7292
vn -0.441704 -0.534304 -0.720706
vn -0.440022 -0.652232 -0.617231
vn -0.0068 0.383008 -0.92372
vn 0.004 -0.1389 -0.990298
vn -0.1196 0.0428 -0.991899
vn -0.215089 0.102995 -0.971148
vn 0.004 -0.1389 -0.990298
vn -0.0068 0.383008 -0.92372
vn 0.108805 -0.150207 -0.982649
vn -0.0068 0.383008 -0.92372
vn 0 0.6843 -0.7292
vn 0.267409 0.773427 -0.57472
vn 0.148595 -0.0079 -0.988867
vn 0.108805 -0.150207 -0.982649
vn -0.0068 0.383008 -0.92372
vn 0.186105 0.182005 -0.965525
vn 0.148595 -0.0079 -0.988867
vn -0.0068 0.383008 -0.92372
vn 0.200692 0.081497 -0.976259
vn 0.1431 0.534601 -0.832901
vn 0.267409 0.773427 -0.57472
vn 0.1431 0.534601 -0.832901
vn -0.0068 0.383008 -0.92372
vn -0.547704 -0.780806 0.300602
vn -0.8487 0.0738 0.5237
vn -0.555513 -0.82962 0.056001
vn -0.187497 -0.731289 0.65579
vn -0.8487 0.0738 0.5237
vn -0.547704 -0.780806 0.300602
vn -0.547704 -0.780806 0.300602
vn -0.555513 -0.82962 0.056001
vn 0.027699 -0.99955 0.011499
vn 0.747941 -0.635235 0.192511
vn -0.187497 -0.731289 0.65579
vn 0.717572 -0.663374 -0.212192
vn -0.8487 0.0738 0.5237
vn -0.454202 0.774604 0.440102
vn -0.993504 0.0299 0.1098
vn -0.280218 0.207413 0.937261
vn -0.993504 0.0299 0.1098
vn -0.280218 0.207413 0.937261
vn -0.868558 0.344483 0.356283
vn -0.542074 0.63957 0.545074
vn -0.142909 0.682744 0.716546
vn -0.542074 0.63957 0.545074
vn -0.454202 0.774604 0.440102
vn -0.280218 0.207413 0.937261
vn 0.391213 0.269909 0.87983
vn 0.478334 0.793457 0.376327
vn -0.808604 0.153401 0.568003
vn -0.831795 -0.163699 0.530397
vn -0.948166 -0.061398 0.311789
vn -0.948166 -0.061398 0.311789
vn -0.831795 -0.163699 0.530397
vn -0.21719 -0.081096 0.972755
vn -0.869693 -0.327497 0.369297
vn -0.808604 0.153401 0.568003
vn -0.948166 -0.061398 0.311789
vn -0.869693 -0.327497 0.369297
vn -0.278492 -0.877474 0.390489
vn -0.490427 -0.18671 0.851247
vn -0.090597 -0.658878 0.746775
vn -0.259989 0.374185 0.890164
vn -0.490427 -0.18671 0.851247
vn -0.490427 -0.18671 0.851247
vn -0.090597 -0.658878 0.746775
vn -0.259989 0.374185 0.890164
vn -0.146193 -0.014099 0.989156
vn -0.278492 -0.877474 0.390489
vn -0.146193 -0.014099 0.989156
vn 0.639488 0.117398 0.759785
vn 0.683799 -0.698799 0.21
vn -0.090597 -0.658878 0.746775
vn -0.496804 0.644505 0.581205
vn -0.977764 -0.129695 0.164794
vn -0.466519 -0.883537 0.041502
vn -0.466519 -0.883537 0.041502
vn 0.633587 -0.757884 -0.155497
vn 0.028299 -0.99727 0.068198
vn 0.0189 -0.998804 0.0451
vn 0.684579 -0.716778 -0.132596
vn -0.965753 0.20589 0.157892
vn -0.979981 0.197096 -0.028099
vn -0.977764 -0.129695 0.164794
vn -0.785517 0.196204 0.586913
vn -0.968495 0.153499 0.196099
vn -0.637827 0.676729 0.367716
vn -0.979981 0.197096 -0.028099
vn -0.965753 0.20589 0.157892
vn -0.968495 0.153499 0.196099
vn -0.986788 0.159698 -0.0273
vn -0.986788 0.159698 -0.0273
vn -0.467781 0.47008 0.748469
vn -0.785517 0.196204 0.586913
vn -0.868558 0.344483 0.356283
vn -0.542074 0.63957 0.545074
vn -0.467781 0.47008 0.748469
vn -0.467781 0.47008 0.748469
vn -0.055403 0.793047 0.606636
vn -0.637827 0.676729 0.367716
vn -0.467781 0.47008 0.748469
vn -0.467781 0.47008 0.748469
vn -0.142909 0.682744 0.716546
vn -0.163902 0.492205 0.854909
vn -0.163902 0.492205 0.854909
vn -0.959454 0.21249 -0.185191
vn -0.967714 0.196703 -0.157602
vn -0.856121 0.217205 0.468912
vn -0.967714 0.196703 -0.157602
vn -0.959454 0.21249 -0.185191
vn -0.936151 0.012299 0.351382
vn -0.959454 0.21249 -0.185191
vn -0.936151 0.012299 0.351382
vn -0.993221 -0.091102 -0.072202
vn -0.993221 -0.091102 -0.072202
vn -0.456308 0.489608 0.743012
vn -0.456308 0.489608 0.743012
vn -0.936151 0.012299 0.351382
vn -0.853596 -0.320598 0.410598
vn -0.936151 0.012299 0.351382
vn -0.856121 0.217205 0.468912
vn -0.197502 -0.367004 0.909011
vn -0.456308 0.489608 0.743012
vn -0.861357 -0.319584 0.39488
vn -0.993221 -0.091102 -0.072202
vn -0.905303 -0.188601 0.380601
vn -0.905303 -0.188601 0.380601
vn -0.968409 -0.194302 -0.156302
vn 0.639892 -0.742891 -0.196598
vn 0.544395 -0.760194 -0.354597
vn -0.555336 -0.827453 -0.083205
vn -0.555336 -0.827453 -0.083205
vn -0.968409 -0.194302 -0.156302
vn -0.905303 -0.188601 0.380601
vn -0.861357 -0.319584 0.39488
vn -0.911695 -0.309698 -0.269999
vn -0.93323 -0.179006 -0.31151
vn -0.93323 -0.179006 -0.31151
vn -0.861357 -0.319584 0.39488
vn -0.853596 -0.320598 0.410598
vn -0.916759 -0.262488 -0.301086
vn -0.916759 -0.262488 -0.301086
vn -0.758116 -0.296506 0.580813
vn -0.959819 -0.205304 0.191304
vn -0.853596 -0.320598 0.410598
vn -0.853596 -0.320598 0.410598
vn -0.959819 -0.205304 0.191304
vn -0.916759 -0.262488 -0.301086
vn -0.758116 -0.296506 0.580813
vn -0.602794 0.366597 0.708693
vn -0.859144 0.476925 0.18551
vn -0.959819 -0.205304 0.191304
vn -0.925706 -0.0509 -0.374803
vn -0.758116 -0.296506 0.580813
vn -0.925706 -0.0509 -0.374803
vn -0.882784 0.445792 0.148197
vn -0.859144 0.476925 0.18551
vn -0.882784 0.445792 0.148197
vn -0.6718 0.6852 -0.2814
vn -0.75034 0.615433 -0.241313
vn -0.75034 0.615433 -0.241313
vn -0.0809 0.0072 0.996696
vn -0.602794 0.366597 0.708693
vn 0.53921 0.144303 0.829716
vn -0.0809 0.0072 0.996696
vn -0.197502 -0.367004 0.909011
vn -0.456308 0.489608 0.743012
vn 0.220504 0.380007 0.898317
vn 0.63788 -0.157895 0.753776
vn -0.146193 -0.014099 0.989156
vn -0.602794 0.366597 0.708693
vn -0.0809 0.0072 0.996696
vn 0.639488 0.117398 0.759785
vn 0.53921 0.144303 0.829716
vn -0.808604 0.153401 0.568003
vn -0.808604 0.153401 0.568003
vn -0.84509 -0.499494 0.190598
vn -0.869693 -0.327497 0.369297
vn -0.882784 0.445792 0.148197
vn -0.84509 -0.499494 0.190598
vn -0.6718 0.6852 -0.2814
vn -0.807167 -0.400284 -0.433882
vn -0.699811 -0.64171 -0.313805
vn -0.807167 -0.400284 -0.433882
vn -0.84509 -0.499494 0.190598
vn -0.486709 -0.50541 0.712513
vn -0.733369 -0.644372 0.216691
vn -0.869693 -0.327497 0.369297
vn -0.6718 0.6852 -0.2814
vn -0.807167 -0.400284 -0.433882
vn -0.319193 0.786984 -0.527989
vn -0.373199 0.706599 -0.601199
vn -0.319193 0.786984 -0.527989
vn -0.807167 -0.400284 -0.433882
vn -0.699811 -0.64171 -0.313805
vn -0.239605 -0.579012 -0.779316
vn -0.298014 -0.328815 -0.896141
vn -0.298014 -0.328815 -0.896141
vn 0.366208 -0.678216 0.637115
vn -0.280218 0.207413 0.937261
vn -0.187497 -0.731289 0.65579
vn 0.366208 -0.678216 0.637115
vn 0.391213 0.269909 0.87983
vn 0.233589 0.620071 0.748965
vn 0.078798 0.743583 0.663985
vn 0.478334 0.793457 0.376327
vn -0.142909 0.682744 0.716546
vn 0.478334 0.793457 0.376327
vn 0.391213 0.269909 0.87983
vn 0.923749 0.279284 0.262085
vn 0.926227 0.275308 -0.257507
vn 0.1333 0.644498 0.752897
vn 0.233589 0.620071 0.748965
vn 0.078798 0.743583 0.663985
vn 0.233589 0.620071 0.748965
vn 0.076404 0.457827 0.885752
vn -0.142909 0.682744 0.716546
vn 0.747941 -0.635235 0.192511
vn 0.366208 -0.678216 0.637115
vn 0.717572 -0.663374 -0.212192
vn 0.027699 -0.99955 0.011499
vn 0.926227 0.275308 -0.257507
vn 0.027699 -0.99955 0.011499
vn 0.1333 0.644498 0.752897
vn -0.519505 -0.748907 0.411404
vn -0.076202 -0.730716 0.678415
vn -0.714278 0.043999 0.698478
vn 0.459911 -0.740718 0.489712
vn -0.076202 -0.730716 0.678415
vn -0.519505 -0.748907 0.411404
vn 0.027699 -0.99955 0.011499
vn 0.698395 -0.710195 0.088699
vn -0.035901 0.151305 0.987835
vn 0.637591 0.149198 0.755789
vn -0.035901 0.151305 0.987835
vn -0.076202 -0.730716 0.678415
vn 0.459911 -0.740718 0.489712
vn -0.714278 0.043999 0.698478
vn -0.035901 0.151305 0.987835
vn -0.3844 0.639801 0.665501
vn -0.714278 0.043999 0.698478
vn -0.3844 0.639801 0.665501
vn 0.1333 0.644498 0.752897
vn 0.027699 -0.99955 0.011499
vn 0.637591 0.149198 0.755789
vn 0.233589 0.620071 0.748965
vn 0.698912 0.661011 0.273105
vn 0.233589 0.620071 0.748965
vn 0.382294 0.523292 0.761588
vn 0.352283 0.378682 0.85586
vn 0.382294 0.523292 0.761588
vn 0.698395 -0.710195 0.088699
vn 0.637591 0.149198 0.755789
vn 0.459911 -0.740718 0.489712
vn 0.637591 0.149198 0.755789
vn 0.698395 -0.710195 0.088699
vn 0.980498 0.0381 0.1928
vn 0.698912 0.661011 0.273105
vn 0.028299 -0.99727 0.068198
vn 0.980498 0.0381 0.1928
vn 0.698395 -0.710195 0.088699
vn 0.198195 0.541987 0.816681
vn -0.616294 0.108599 0.779992
vn -0.296611 0.651324 0.698426
vn 0.028299 -0.99727 0.068198
vn 0.992272 -0.039299 -0.117697
vn 0.198195 0.541987 0.816681
vn 0.198195 0.541987 0.816681
vn 0.992272 -0.039299 -0.117697
vn 0.582279 0.55798 0.591278
vn 0.582279 0.55798 0.591278
vn -0.484195 -0.673693 0.558294
vn 0.115197 -0.66988 0.733478
vn 0.172206 0.218008 0.960634
vn 0.604187 -0.673985 0.425091
vn 0.115197 -0.66988 0.733478
vn -0.484195 -0.673693 0.558294
vn -0.616294 0.108599 0.779992
vn -0.484195 -0.673693 0.558294
vn 0.716486 0.216096 0.663287
vn 0.172206 0.218008 0.960634
vn 0.115197 -0.66988 0.733478
vn 0.604187 -0.673985 0.425091
vn -0.616294 0.108599 0.779992
vn 0.172206 0.218008 0.960634
vn -0.296611 0.651324 0.698426
vn 0.716486 0.216096 0.663287
vn 0.582279 0.55798 0.591278
vn 0.382294 0.523292 0.761588
vn 0.698912 0.661011 0.273105
vn 0.729265 0.645869 0.225889
vn 0.729265 0.645869 0.225889
vn 0.582279 0.55798 0.591278
vn -0.296611 0.651324 0.698426
vn 0.604187 -0.673985 0.425091
vn 0.717587 -0.693888 0.059899
vn 0.716486 0.216096 0.663287
vn 0.717587 -0.693888 0.059899
vn 0.985359 0.083596 0.148594
vn 0.0189 -0.998804 0.0451
vn 0.985359 0.083596 0.148594
vn 0.717587 -0.693888 0.059899
vn 0.729265 0.645869 0.225889
vn 0.97283 0.029701 -0.229607
vn 0.97283 0.029701 -0.229607
vn 0.603584 -0.530286 0.595384
vn 0.603584 -0.530286 0.595384
vn 0.603584 -0.530286 0.595384
vn 0.683799 -0.698799 0.21
vn 0.977973 0.140796 0.154096
vn 0.797398 0.0433 0.601898
vn 0.797398 0.0433 0.601898
vn -0.163902 0.492205 0.854909
vn 0.076404 0.457827 0.885752
vn 0.352283 0.378682 0.85586
vn 0.375403 0.773205 0.511103
vn 0.582279 0.55798 0.591278
vn 0.480907 0.798911 0.361205
vn 0.572618 0.273308 0.772924
vn 0.572618 0.273308 0.772924
vn 0.220504 0.380007 0.898317
vn 0.473501 0.3177 0.821501
vn 0.473501 0.3177 0.821501
vn 0.620311 0.635011 0.460408
vn 0.473501 0.3177 0.821501
vn 0.375403 0.773205 0.511103
vn 0.480907 0.798911 0.361205
vn 0.620311 0.635011 0.460408
vn 0.375403 0.773205 0.511103
vn 0.620311 0.635011 0.460408
vn 0.577432 0.778143 0.247114
vn 0.620311 0.635011 0.460408
vn 0.577432 0.778143 0.247114
vn 0.806375 0.432386 0.403487
vn 0.620311 0.635011 0.460408
vn 0.806375 0.432386 0.403487
vn 0.972261 -0.002 0.233891
vn 0.63788 -0.157895 0.753776
vn 0.708896 0.269498 0.651796
vn 0.582279 0.55798 0.591278
vn 0.701702 0.447001 0.554801
vn 0.708896 0.269498 0.651796
vn 0.701702 0.447001 0.554801
vn 0.708896 0.269498 0.651796
vn 0.787307 0.317703 0.528405
vn 0.726672 0.471982 0.499181
vn 0.701702 0.447001 0.554801
vn 0.726672 0.471982 0.499181
vn 0.787307 0.317703 0.528405
vn 0.708896 0.269498 0.651796
vn 0.787307 0.317703 0.528405
vn 0.577432 0.778143 0.247114
vn 0.480907 0.798911 0.361205
vn 0.726672 0.471982 0.499181
vn 0.726672 0.471982 0.499181
vn 0.360705 0.550608 0.75281
vn 0.360705 0.550608 0.75281
vn -0.2187 0.6609 0.7179
vn 0.726672 0.471982 0.499181
vn 0.726672 0.471982 0.499181
vn -0.2187 0.6609 0.7179
vn 0.739529 0.654726 0.156306
vn 0.94385 0.277415 -0.17941
vn 0.760186 0.412093 0.502291
vn 0.760186 0.412093 0.502291
vn -0.433906 -0.646109 0.627909
vn -0.510813 0.074902 0.856422
vn 0.0189 -0.998804 0.0451
vn 0.347808 0.129903 0.928523
vn -0.510813 0.074902 0.856422
vn -0.433906 -0.646109 0.627909
vn -0.433906 -0.646109 0.627909
vn 0.237004 -0.68701 0.68691
vn 0.237004 -0.68701 0.68691
vn -0.2187 0.6609 0.7179
vn 0.793556 0.163691 0.586067
vn 0.739529 0.654726 0.156306
vn 0.610099 -0.640799 0.465999
vn 0.747139 -0.660535 0.074004
vn 0.610099 -0.640799 0.465999
vn 0.747139 -0.660535 0.074004
vn 0.793556 0.163691 0.586067
vn 0.610099 -0.640799 0.465999
vn 0.989671 0.051998 0.133596
vn 0.739529 0.654726 0.156306
vn 0.684579 -0.716778 -0.132596
vn 0.94385 0.277415 -0.17941
vn 0.989671 0.051998 0.133596
vn 0.684579 -0.716778 -0.132596
vn 0.94385 0.277415 -0.17941
vn 0.633587 -0.757884 -0.155497
vn 0.939546 0.251586 -0.232287
vn 0.939546 0.251586 -0.232287
vn 0.92354 0.367416 0.109905
vn 0.95016 0.155194 -0.270389
vn 0.639892 -0.742891 -0.196598
vn 0.955268 0.260991 -0.139095
vn 0.95016 0.155194 -0.270389
vn 0.93066 0.211891 0.298287
vn 0.760186 0.412093 0.502291
vn 0.92354 0.367416 0.109905
vn 0.785675 0.61728 -0.040999
vn 0.955268 0.260991 -0.139095
vn 0.996017 0.053001 -0.071701
vn 0.873215 0.364206 0.323805
vn 0.806375 0.432386 0.403487
vn 0.577432 0.778143 0.247114
vn 0.785675 0.61728 -0.040999
vn 0.955268 0.260991 -0.139095
vn 0.934305 0.242801 -0.261001
vn 0.996017 0.053001 -0.071701
vn 0.95016 0.155194 -0.270389
vn 0.934305 0.242801 -0.261001
vn 0.955268 0.260991 -0.139095
vn 0.909293 0.0393 -0.414297
vn 0.842953 0.18059 -0.506772
vn 0.909293 0.0393 -0.414297
vn 0.934305 0.242801 -0.261001
vn 0.842953 0.18059 -0.506772
vn 0.809661 0.227589 -0.540974
vn 0.909293 0.0393 -0.414297
vn 0.809661 0.227589 -0.540974
vn 0.939386 0.277696 -0.201097
vn 0.809661 0.227589 -0.540974
vn 0.939386 0.277696 -0.201097
vn 0.544395 -0.760194 -0.354597
vn 0.832519 -0.0143 -0.553812
vn 0.832519 -0.0143 -0.553812
vn 0.939386 0.277696 -0.201097
vn 0.873215 0.364206 0.323805
vn 0.939386 0.277696 -0.201097
vn 0.898292 0.0325 -0.438196
vn 0.830296 -0.0685 -0.553097
vn 0.939386 0.277696 -0.201097
vn 0.830296 -0.0685 -0.553097
vn 0.845893 -0.190698 -0.498096
vn 0.845893 -0.190698 -0.498096
vn 0.969418 0.064801 0.236704
vn 0.89792 0.196804 -0.393709
vn 0.802095 0.089199 0.590497
vn -0.345802 -0.205601 0.915505
vn 0.356201 -0.884703 0.300701
vn 0.356201 -0.884703 0.300701
vn -0.427708 -0.719614 -0.547011
vn 0.817167 -0.389284 -0.425083
vn 0.817167 -0.389284 -0.425083
vn 0.802095 0.089199 0.590497
vn 0.356201 -0.884703 0.300701
vn 0.53921 0.144303 0.829716
vn 0.639488 0.117398 0.759785
vn 0.848055 0.483174 0.217589
vn 0.848055 0.483174 0.217589
vn 0.678995 0.611995 0.405497
vn 0.678995 0.611995 0.405497
vn 0.627908 0.730909 -0.267403
vn 0.534509 0.790314 -0.299505
vn 0.848055 0.483174 0.217589
vn 0.848055 0.483174 0.217589
vn 0.534509 0.790314 -0.299505
vn 0.934673 -0.150696 -0.321991
vn 0.678995 0.611995 0.405497
vn 0.988707 0.148601 -0.0194
vn 0.998745 0.026501 0.042502
vn 0.988707 0.148601 -0.0194
vn 0.128401 0.749005 -0.650004
vn 0.38089 -0.151196 -0.912175
vn 0.934673 -0.150696 -0.321991
vn 0.534509 0.790314 -0.299505
vn 0.128401 0.749005 -0.650004
vn -0.0188 0.828891 -0.559094
vn 0.534509 0.790314 -0.299505
vn -0.0188 0.828891 -0.559094
vn -0.0988 0.704097 0.703197
vn -0.984939 -0.146206 0.092304
vn -0.345802 -0.205601 0.915505
vn -0.0988 0.704097 0.703197
vn 0.627908 0.730909 -0.267403
vn 0.89792 0.196804 -0.393709
vn 0.128401 0.749005 -0.650004
vn 0.627908 0.730909 -0.267403
vn 0.39782 0.487324 0.777338
vn -0.496804 0.644505 0.581205
vn -0.259989 0.374185 0.890164
vn 0.39782 0.487324 0.777338
vn -0.486709 -0.50541 0.712513
vn -0.21719 -0.081096 0.972755
vn -0.023399 -0.146896 0.988875
vn 0.693213 0.083202 0.715914
vn -0.023399 -0.146896 0.988875
vn -0.163402 0.303505 0.938714
vn -0.762229 0.033801 0.646424
vn 0.573091 -0.031499 0.818886
vn -0.163402 0.303505 0.938714
vn -0.023399 -0.146896 0.988875
vn -0.486709 -0.50541 0.712513
vn 0.573091 -0.031499 0.818886
vn -0.21719 -0.081096 0.972755
vn 0.397077 0.818053 0.416076
vn -0.869693 -0.327497 0.369297
vn 0.693213 0.083202 0.715914
vn -0.639739 0.16191 0.751345
vn -0.202203 0.158603 0.966416
vn -0.639739 0.16191 0.751345
vn -0.163402 0.303505 0.938714
vn 0.159497 0.121598 0.979681
vn 0.0475 0.079401 0.99571
vn 0.159497 0.121598 0.979681
vn -0.163402 0.303505 0.938714
vn -0.080305 0.257416 0.962958
vn 0.476378 0.029099 0.878759
vn -0.163402 0.303505 0.938714
vn 0.0729 0.1765 0.981597
vn -0.080305 0.257416 0.962958
vn 0.0729 0.1765 0.981597
vn -0.733369 -0.644372 0.216691
vn -0.948724 -0.263307 0.174904
vn -0.733369 -0.644372 0.216691
vn -0.873009 -0.338603 -0.351004
vn -0.699811 -0.64171 -0.313805
vn -0.948724 -0.263307 0.174904
vn -0.626087 -0.742385 0.238495
vn -0.948724 -0.263307 0.174904
vn -0.762229 0.033801 0.646424
vn -0.187506 -0.381313 0.90523
vn -0.856083 0.171397 0.48759
vn -0.639739 0.16191 0.751345
vn -0.239605 -0.579012 -0.779316
vn -0.592033 -0.71744 -0.36712
vn -0.331404 -0.622707 -0.708808
vn -0.371504 -0.332604 -0.86681
vn -0.626087 -0.742385 0.238495
vn -0.187506 -0.381313 0.90523
vn 0.355501 -0.665301 0.656501
vn -0.626087 -0.742385 0.238495
vn 0.347196 -0.354296 0.868291
vn -0.213902 -0.262202 0.941008
vn -0.213902 -0.262202 0.941008
vn -0.110204 -0.218308 0.969637
vn 0.212905 0.43111 0.876821
vn 0.503101 -0.1218 0.855602
vn 0.503101 -0.1218 0.855602
vn -0.110204 -0.218308 0.969637
vn 0.257111 0.574825 0.776834
vn 0.212905 0.43111 0.876821
vn 0.244992 0.421785 0.87297
vn 0.257111 0.574825 0.776834
vn 0.7727 -0.0824 0.6294
vn 0.0203 -0.0242 0.999501
vn 0.32509 0.522885 0.787977
vn 0.512995 0.228598 0.827393
vn 0.593911 0.098202 0.798515
vn 0.257111 0.574825 0.776834
vn 0.212905 0.43111 0.876821
vn -0.237091 0.778472 0.581179
vn 0.257111 0.574825 0.776834
vn -0.237091 0.778472 0.581179
vn -0.176491 0.933851 0.311084
vn 0.257111 0.574825 0.776834
vn -0.176491 0.933851 0.311084
vn 0.489892 0.652989 0.577591
vn 0.257111 0.574825 0.776834
vn 0.489892 0.652989 0.577591
vn 0.7727 -0.0824 0.6294
vn 0.32509 0.522885 0.787977
vn 0.212905 0.43111 0.876821
vn -0.251897 0.946288 0.202698
vn 0.340413 0.564022 0.752329
vn 0.340413 0.564022 0.752329
vn 0.372911 0.768522 0.519915
vn -0.251897 0.946288 0.202698
vn 0.372911 0.768522 0.519915
vn 0.202808 0.76093 0.616324
vn 0.372911 0.768522 0.519915
vn 0.202808 0.76093 0.616324
vn 0.618237 -0.232414 0.750844
vn 0.866552 -0.369022 0.33602
vn 0.7727 -0.0824 0.6294
vn 0.372911 0.768522 0.519915
vn 0.618237 -0.232414 0.750844
vn -0.639739 0.16191 0.751345
vn -0.202203 0.158603 0.966416
vn -0.155501 0.0678 0.985506
vn -0.573902 0.0319 0.818303
vn -0.788804 0.268901 0.552703
vn -0.573902 0.0319 0.818303
vn 0.1426 0.1409 0.9797
vn -0.155501 0.0678 0.985506
vn -0.202203 0.158603 0.966416
vn -0.155501 0.0678 0.985506
vn -0.788804 0.268901 0.552703
vn -0.573902 0.0319 0.818303
vn -0.282013 0.528325 0.800838
vn -0.282013 0.528325 0.800838
vn -0.788804 0.268901 0.552703
vn -0.155501 0.0678 0.985506
vn 0.208796 0.161197 0.964583
vn 0.0905 0.7016 0.7068
vn 0.208796 0.161197 0.964583
vn -0.282013 0.528325 0.800838
vn -0.282013 0.528325 0.800838
vn 0.0905 0.7016 0.7068
vn 0.208796 0.161197 0.964583
vn 0.420304 0.351803 0.836408
vn 0.420304 0.351803 0.836408
vn 0.132403 0.256906 0.957324
vn -0.080305 0.257416 0.962958
vn 0.132403 0.256906 0.957324
vn 0.0475 0.079401 0.99571
vn 0.419321 0.707535 0.568828
vn 0.449109 0.436108 0.779815
vn 0.453396 0.530295 0.716393
vn 0.419321 0.707535 0.568828
vn 0.207798 0.316097 0.92569
vn 0.132403 0.256906 0.957324
vn 0.207798 0.316097 0.92569
vn 0.419321 0.707535 0.568828
vn 0.420304 0.351803 0.836408
vn 0.593911 0.098202 0.798515
vn 0.503101 -0.1218 0.855602
vn 0.303916 0.75524 0.580731
vn 0.420304 0.351803 0.836408
vn 0.59248 -0.096597 0.799773
vn 0.561104 0.153401 0.813406
vn 0.303916 0.75524 0.580731
vn 0.449109 0.436108 0.779815
vn 0.613405 0.086601 0.785006
vn 0.453396 0.530295 0.716393
vn 0.303916 0.75524 0.580731
vn 0.202808 0.76093 0.616324
vn -0.251897 0.946288 0.202698
vn 0.202808 0.76093 0.616324
vn 0.303916 0.75524 0.580731
vn 0.309313 0.674328 0.670528
vn 0.155001 0.784303 0.600702
vn 0.155001 0.784303 0.600702
vn 0.309313 0.674328 0.670528
vn 0.370405 0.703009 0.607107
vn 0.291703 0.741107 0.604706
vn 0.291703 0.741107 0.604706
vn 0.881865 -0.142094 0.449582
vn 0.453396 0.530295 0.716393
vn 0.835949 0.308381 0.453972
vn 0.881865 -0.142094 0.449582
vn 0.835949 0.308381 0.453972
vn 0.659579 0.109096 0.743676
vn 0.370405 0.703009 0.607107
vn 0.825594 0.130799 0.548896
vn 0.604996 0.682796 0.409597
vn 0.291703 0.741107 0.604706
vn 0.370405 0.703009 0.607107
vn 0.641794 0.711993 0.284897
vn 0.370405 0.703009 0.607107
vn 0.825594 0.130799 0.548896
vn 0.641794 0.711993 0.284897
vn 0.419321 0.707535 0.568828
vn 0.649003 0.626303 0.431902
vn 0.835949 0.308381 0.453972
vn 0.835949 0.308381 0.453972
vn 0.649003 0.626303 0.431902
vn 0.950769 0.0139 0.30959
vn 0.950769 0.0139 0.30959
vn 0.881865 -0.142094 0.449582
vn 0.835949 0.308381 0.453972
vn 0.649003 0.626303 0.431902
vn 0.419321 0.707535 0.568828
vn 0.371603 0.888807 0.268202
vn 0.649003 0.626303 0.431902
vn 0.371603 0.888807 0.268202
vn 0.681934 0.694735 0.228711
vn 0.681934 0.694735 0.228711
vn 0.604996 0.682796 0.409597
vn 0.7912 0.5952 0.1405
vn 0.778 0.6095 0.1524
vn 0.604996 0.682796 0.409597
vn 0.778 0.6095 0.1524
vn 0.625596 -0.626796 0.464497
vn 0.409476 -0.739156 0.534768
vn 0.625596 -0.626796 0.464497
vn 0.881865 -0.142094 0.449582
vn 0.7912 0.5952 0.1405
vn 0.718674 0.657976 0.224892
vn 0.718674 0.657976 0.224892
vn 0.717619 0.607516 0.340509
vn 0.705929 0.621825 0.339114
vn 0.718674 0.657976 0.224892
vn 0.705929 0.621825 0.339114
vn 0.775215 -0.626712 -0.079202
vn 0.76946 0.595269 0.231488
vn 0.76946 0.595269 0.231488
vn 0.750917 0.653715 0.093702
vn 0.750917 0.653715 0.093702
vn 0.797398 0.0433 0.601898
vn 0.397077 0.818053 0.416076
vn 0.39782 0.487324 0.777338
vn 0.977973 0.140796 0.154096
vn 0.693213 0.083202 0.715914
vn 0.988707 0.148601 -0.0194
vn 0.998745 0.026501 0.042502
vn 0.942206 -0.138201 0.305202
vn 0.573091 -0.031499 0.818886
vn 0.942206 -0.138201 0.305202
vn 0.476378 0.029099 0.878759
vn 0.693213 0.083202 0.715914
vn 0.988707 0.148601 -0.0194
vn 0.998745 0.026501 0.042502
vn 0.998745 0.026501 0.042502
vn 0.934673 -0.150696 -0.321991
vn 0.923768 -0.233292 -0.30369
vn 0.942206 -0.138201 0.305202
vn 0.704806 0.159201 0.691306
vn 0.602617 0.296209 0.741021
vn 0.795735 0.272212 0.541024
vn 0.795735 0.272212 0.541024
vn 0.602617 0.296209 0.741021
vn 0.75438 0.0086 0.656382
vn 0.937107 -0.136601 0.321202
vn 0.704806 0.159201 0.691306
vn 0.795735 0.272212 0.541024
vn 0.938966 -0.121896 0.321688
vn 0.938966 -0.121896 0.321688
vn 0.86267 -0.0092 0.505683
vn 0.969058 0.044498 0.242789
vn 0.909024 -0.052601 0.413411
vn 0.674992 0.211398 0.706892
vn 0.785339 0.20701 0.583429
vn 0.75438 0.0086 0.656382
vn 0.704806 0.159201 0.691306
vn 0.937107 -0.136601 0.321202
vn 0.895446 0.339617 0.287815
vn 0.674992 0.211398 0.706892
vn 0.4182 -0.4158 -0.807601
vn 0.38089 -0.151196 -0.912175
vn 0.981236 -0.190507 0.029701
vn 0.981236 -0.190507 0.029701
vn 0.923768 -0.233292 -0.30369
vn 0.968653 -0.20969 -0.133194
vn 0.981236 -0.190507 0.029701
vn 0.968653 -0.20969 -0.133194
vn 0.964508 -0.241002 0.107901
vn 0.964508 -0.241002 0.107901
vn 0.841962 -0.324186 -0.431281
vn 0.968653 -0.20969 -0.133194
vn 0.841962 -0.324186 -0.431281
vn 0.910394 -0.394598 -0.124399
vn 0.910394 -0.394598 -0.124399
vn 0.964508 -0.241002 0.107901
vn 0.968653 -0.20969 -0.133194
vn 0.830327 -0.410113 -0.377312
vn 0.778002 -0.413501 -0.473001
vn 0.870525 -0.315709 -0.377511
vn 0.778002 -0.413501 -0.473001
vn 0.841962 -0.324186 -0.431281
vn 0.870525 -0.315709 -0.377511
vn -0.518281 -0.782672 0.344688
vn 0.1177 -0.0778 0.989997
vn -0.959581 -0.228496 0.164297
vn -0.959581 -0.228496 0.164297
vn 0.1177 -0.0778 0.989997
vn -0.967992 0.248998 0.0315
vn -0.033099 -0.975478 -0.217595
vn -0.518281 -0.782672 0.344688
vn -0.959581 -0.228496 0.164297
vn -0.145908 -0.684837 -0.713939
vn -0.033099 -0.975478 -0.217595
vn -0.959581 -0.228496 0.164297
vn -0.967992 0.248998 0.0315
vn -0.145908 -0.684837 -0.713939
vn -0.959581 -0.228496 0.164297
vn 0.614376 -0.383085 -0.689773
vn 0.756925 -0.416214 -0.503816
vn 0.964508 -0.241002 0.107901
vn 0.910394 -0.394598 -0.124399
vn 0.9793 0.1678 0.1132
vn 0.976346 0.118106 -0.181108
vn 0.854464 0.390283 -0.342886
vn 0.80793 0.551421 0.207808
vn 0.976346 0.118106 -0.181108
vn 0.904459 -0.296786 -0.306386
vn 0.854464 0.390283 -0.342886
vn 0.0729 0.1765 0.981597
vn 0.151801 0.223101 0.962903
vn 0.207798 0.316097 0.92569
vn 0.886026 0.184805 0.425212
vn 0.419321 0.707535 0.568828
vn 0.454004 0.180102 0.872608
vn 0.86267 -0.0092 0.505683
vn 0.454004 0.180102 0.872608
vn 0.476378 0.029099 0.878759
vn 0.886026 0.184805 0.425212
vn 0.151801 0.223101 0.962903
vn 0.454004 0.180102 0.872608
vn 0.897026 -0.137604 0.420012
vn 0.454004 0.180102 0.872608
vn 0.897026 -0.137604 0.420012
vn 0.886026 0.184805 0.425212
vn 0.969058 0.044498 0.242789
vn 0.897026 -0.137604 0.420012
vn 0.86267 -0.0092 0.505683
vn 0.886026 0.184805 0.425212
vn 0.890826 0.159005 0.425613
vn 0.886026 0.184805 0.425212
vn 0.890826 0.159005 0.425613
vn 0.419321 0.707535 0.568828
vn 0.909024 -0.052601 0.413411
vn 0.75438 0.0086 0.656382
vn 0.890826 0.159005 0.425613
vn 0.909024 -0.052601 0.413411
vn 0.785339 0.20701 0.583429
vn 0.785339 0.20701 0.583429
vn 0.371603 0.888807 0.268202
vn 0.538778 0.842366 0.0117
vn 0.80793 0.551421 0.207808
vn 0.538778 0.842366 0.0117
vn 0.76946 0.595269 0.231488
vn 0.967709 0.0451 0.248002
vn 0.826113 0.527609 0.197903
vn 0.826113 0.527609 0.197903
vn 0.970518 0.0199 0.240205
vn 0.847995 0.525597 -0.0682
vn 0.847995 0.525597 -0.0682
vn 0.854464 0.390283 -0.342886
vn 0.55839 0.767286 -0.315394
vn 0.717619 0.607516 0.340509
vn 0.973143 0.195209 -0.122005
vn 0.991196 -0.0703 -0.1122
vn 0.719523 0.688922 0.087603
vn 0.719523 0.688922 0.087603
vn -0.310709 -0.401112 0.861725
vn 0.272913 -0.067803 0.959646
vn -0.858402 0.501501 0.1079
vn 0.757879 -0.647882 -0.076598
vn 0.272913 -0.067803 0.959646
vn -0.310709 -0.401112 0.861725
vn -0.76926 -0.514773 0.37848
vn -0.539004 -0.832006 -0.131301
vn -0.310709 -0.401112 0.861725
vn 0.162598 -0.961786 -0.220297
vn -0.310709 -0.401112 0.861725
vn -0.858402 0.501501 0.1079
vn -0.76926 -0.514773 0.37848
vn 0.162598 -0.961786 -0.220297
vn -0.797371 0.55458 0.237991
vn -0.858402 0.501501 0.1079
vn 0.272913 -0.067803 0.959646
vn -0.919988 0.252597 0.299696
vn -0.797371 0.55458 0.237991
vn 0.272913 -0.067803 0.959646
vn 0.272913 -0.067803 0.959646
vn 0.757879 -0.647882 -0.076598
vn -0.053201 0.076901 0.995618
vn 0.272913 -0.067803 0.959646
vn -0.053201 0.076901 0.995618
vn -0.919988 0.252597 0.299696
vn -0.539004 -0.832006 -0.131301
vn -0.76926 -0.514773 0.37848
vn -0.766782 -0.42429 -0.481689
vn -0.539004 -0.832006 -0.131301
vn -0.766782 -0.42429 -0.481689
vn -0.380687 -0.045798 -0.923569
vn 0.162598 -0.961786 -0.220297
vn -0.76926 -0.514773 0.37848
vn -0.858402 0.501501 0.1079
vn -0.996364 -0.072097 0.045398
vn -0.996364 -0.072097 0.045398
vn -0.858402 0.501501 0.1079
vn -0.380687 -0.045798 -0.923569
vn -0.858402 0.501501 0.1079
vn -0.797371 0.55458 0.237991
vn -0.119999 -0.0189 -0.992594
vn -0.380687 -0.045798 -0.923569
vn -0.919988 0.252597 0.299696
vn -0.119999 -0.0189 -0.992594
vn -0.797371 0.55458 0.237991
vn -0.119999 -0.0189 -0.992594
vn 0.757879 -0.647882 -0.076598
vn -0.631204 -0.735905 0.245002
vn -0.226008 -0.56162 0.795929
vn -0.953798 -0.298099 0.0375
vn -0.472095 -0.857691 -0.203698
vn -0.226008 -0.56162 0.795929
vn -0.631204 -0.735905 0.245002
vn -0.631204 -0.735905 0.245002
vn -0.953798 -0.298099 0.0375
vn -0.762378 -0.442087 -0.472587
vn -0.472095 -0.857691 -0.203698
vn 0.241301 -0.251101 0.937402
vn -0.910699 0.3508 0.2181
vn 0.260993 -0.908776 -0.325591
vn 0.241301 -0.251101 0.937402
vn -0.226008 -0.56162 0.795929
vn 0.260993 -0.908776 -0.325591
vn -0.320815 -0.337315 -0.88504
vn -0.320815 -0.337315 -0.88504
vn -0.773909 0.545206 0.322204
vn -0.910699 0.3508 0.2181
vn -0.773909 0.545206 0.322204
vn -0.219401 0.157701 -0.962805
vn -0.45049 -0.0011 -0.892781
vn -0.910699 0.3508 0.2181
vn -0.45049 -0.0011 -0.892781
vn -0.907977 0.144296 0.39339
vn -0.907977 0.144296 0.39339
vn 0.806695 -0.559897 -0.189099
vn -0.848799 -0.505699 -0.1543
vn -0.320815 -0.337315 -0.88504
vn -0.919988 0.252597 0.299696
vn -0.867106 -0.104201 0.487103
vn -0.848799 -0.505699 -0.1543
vn 0.757879 -0.647882 -0.076598
vn 0.806695 -0.559897 -0.189099
vn -0.053201 0.076901 0.995618
vn 0.844175 -0.361989 0.395388
vn 0.668761 -0.432875 0.604465
vn 0.844175 -0.361989 0.395388
vn 0.806695 -0.559897 -0.189099
vn 0.668761 -0.432875 0.604465
vn 0.391599 -0.254299 0.884298
vn -0.053201 0.076901 0.995618
vn 0.844175 -0.361989 0.395388
vn 0.483994 0.039299 0.874189
vn 0.391599 -0.254299 0.884298
vn 0.844175 -0.361989 0.395388
vn 0.843229 -0.455716 0.28511
vn 0.843229 -0.455716 0.28511
vn 0.153492 -0.105094 0.982545
vn 0.762325 -0.503917 -0.406113
vn 0.153492 -0.105094 0.982545
vn 0.758972 -0.588278 -0.27909
vn -0.848799 -0.505699 -0.1543
vn -0.320501 -0.1648 -0.932802
vn -0.320501 -0.1648 -0.932802
vn -0.907977 0.144296 0.39339
vn 0.652576 -0.319488 0.687075
vn 0.153492 -0.105094 0.982545
vn 0.652576 -0.319488 0.687075
vn 0.536792 -0.280596 0.795688
vn 0.668761 -0.432875 0.604465
vn 0.668761 -0.432875 0.604465
vn -0.45049 -0.0011 -0.892781
vn -0.472095 -0.857691 -0.203698
vn -0.762378 -0.442087 -0.472587
vn 0.260993 -0.908776 -0.325591
vn -0.219401 0.157701 -0.962805
vn 0.260993 -0.908776 -0.325591
vn -0.45049 -0.0011 -0.892781
vn -0.70803 -0.69753 0.110205
vn -0.274895 -0.685789 0.673889
vn -0.883268 0.386186 0.26589
vn 0.233202 -0.810507 -0.537304
vn -0.274895 -0.685789 0.673889
vn -0.70803 -0.69753 0.110205
vn -0.70803 -0.69753 0.110205
vn -0.883268 0.386186 0.26589
vn -0.989053 -0.077296 -0.125694
vn -0.750696 -0.094899 -0.653796
vn -0.386503 -0.845906 -0.367503
vn -0.386503 -0.845906 -0.367503
vn 0.758972 -0.588278 -0.27909
vn 0.235096 -0.474492 0.848285
vn -0.75076 0.482774 0.450876
vn 0.721736 -0.577529 -0.381519
vn 0.235096 -0.474492 0.848285
vn -0.274895 -0.685789 0.673889
vn 0.233202 -0.810507 -0.537304
vn 0.154907 -0.368218 0.916744
vn 0.154907 -0.368218 0.916744
vn -0.883268 0.386186 0.26589
vn -0.75076 0.482774 0.450876
vn -0.213301 0.262701 -0.941005
vn -0.390499 0.2518 -0.885498
vn -0.989053 -0.077296 -0.125694
vn -0.320501 -0.1648 -0.932802
vn -0.906674 0.094597 0.411088
vn -0.906674 0.094597 0.411088
vn 0.762325 -0.503917 -0.406113
vn 0.731885 -0.526589 0.432491
vn -0.860727 -0.433914 -0.266208
vn -0.860727 -0.433914 -0.266208
vn -0.860727 -0.433914 -0.266208
vn -0.906674 0.094597 0.411088
vn -0.375394 -0.109398 -0.920386
vn -0.375394 -0.109398 -0.920386
vn 0.879415 -0.442207 0.176303
vn 0.652576 -0.319488 0.687075
vn 0.879415 -0.442207 0.176303
vn 0.536792 -0.280596 0.795688
vn 0.731885 -0.526589 0.432491
vn 0.879415 -0.442207 0.176303
vn 0.762325 -0.503917 -0.406113
vn 0.85233 -0.446216 0.27281
vn 0.85233 -0.446216 0.27281
vn 0.154907 -0.368218 0.916744
vn 0.556812 -0.567112 0.606913
vn 0.67259 -0.419694 0.609491
vn 0.690885 -0.530389 -0.491289
vn 0.556812 -0.567112 0.606913
vn 0.731885 -0.526589 0.432491
vn 0.731885 -0.526589 0.432491
vn 0.834994 -0.545396 -0.072999
vn 0.67259 -0.419694 0.609491
vn 0.556812 -0.567112 0.606913
vn 0.834994 -0.545396 -0.072999
vn 0.019399 -0.702963 0.710962
vn 0.45029 -0.87488 0.178396
vn 0.1177 -0.0778 0.989997
vn 0.019399 -0.702963 0.710962
vn 0.019399 -0.702963 0.710962
vn -0.518281 -0.782672 0.344688
vn 0.45029 -0.87488 0.178396
vn 0.100103 0.393111 0.914026
vn 0.903437 -0.425818 0.049802
vn 0.100103 0.393111 0.914026
vn 0.1177 -0.0778 0.989997
vn 0.879019 -0.46631 0.099402
vn 0.879019 -0.46631 0.099402
vn -0.094298 0.0118 0.995474
vn 0.41859 -0.712383 0.563287
vn -0.094298 0.0118 0.995474
vn -0.053201 0.076901 0.995618
vn 0.391599 -0.254299 0.884298
vn 0.483994 0.039299 0.874189
vn -0.302716 0.18951 0.93405
vn -0.302716 0.18951 0.93405
vn -0.033099 -0.975478 -0.217595
vn 0.45029 -0.87488 0.178396
vn -0.033099 -0.975478 -0.217595
vn 0.879019 -0.46631 0.099402
vn -0.145908 -0.684837 -0.713939
vn -0.201902 -0.553205 -0.808208
vn -0.145908 -0.684837 -0.713939
vn -0.201902 -0.553205 -0.808208
vn 0.903437 -0.425818 0.049802
vn 0.879019 -0.46631 0.099402
vn -0.423 -0.7004 -0.5749
vn -0.978693 -0.0036 0.205298
vn -0.978693 -0.0036 0.205298
vn -0.423 -0.7004 -0.5749
vn 0.41859 -0.712383 0.563287
vn -0.504508 -0.537608 0.67561
vn 0.41859 -0.712383 0.563287
vn -0.423 -0.7004 -0.5749
vn -0.963007 -0.080401 -0.257202
vn -0.925463 -0.190792 -0.327287
vn -0.867409 -0.461605 -0.185802
vn -0.702706 -0.637305 -0.316302
vn -0.423 -0.7004 -0.5749
vn -0.702706 -0.637305 -0.316302
vn -0.867409 -0.461605 -0.185802
vn 0.184707 0.045602 0.981735
vn -0.094298 0.0118 0.995474
vn 0.41859 -0.712383 0.563287
vn 0.217399 0.265799 0.939196
vn 0.184707 0.045602 0.981735
vn 0.41859 -0.712383 0.563287
vn 0.41859 -0.712383 0.563287
vn -0.504508 -0.537608 0.67561
vn 0.217399 0.265799 0.939196
vn -0.847625 0.35111 0.397812
vn -0.963007 -0.080401 -0.257202
vn -0.978693 -0.0036 0.205298
vn -0.094298 0.0118 0.995474
vn -0.847625 0.35111 0.397812
vn -0.978693 -0.0036 0.205298
vn -0.837387 0.299595 0.457193
vn -0.997818 0.051101 -0.041801
vn -0.925463 -0.190792 -0.327287
vn -0.29279 0.380587 0.87717
vn -0.847625 0.35111 0.397812
vn -0.29279 0.380587 0.87717
vn -0.589396 0.400997 0.701295
vn -0.837387 0.299595 0.457193
vn 0.184707 0.045602 0.981735
vn -0.356202 0.355102 0.864305
vn 0.184707 0.045602 0.981735
vn 0.184707 0.045602 0.981735
vn 0.217399 0.265799 0.939196
vn 0.203299 0.208799 0.956594
vn 0.203299 0.208799 0.956594
vn 0.050701 0.294804 0.954212
vn -0.702706 -0.637305 -0.316302
vn -0.852622 -0.508013 0.122303
vn -0.804526 -0.586319 -0.094703
vn -0.791496 -0.471397 -0.388998
vn -0.504508 -0.537608 0.67561
vn -0.995475 0.076398 0.056499
vn -0.997818 0.051101 -0.041801
vn -0.837387 0.299595 0.457193
vn -0.986197 0.0197 -0.1644
vn -0.986965 -0.148095 -0.062998
vn -0.932983 -0.354293 0.063399
vn -0.852622 -0.508013 0.122303
vn -0.986965 -0.148095 -0.062998
vn -0.804334 -0.593325 0.031801
vn -0.852622 -0.508013 0.122303
vn -0.932983 -0.354293 0.063399
vn -0.932983 -0.354293 0.063399
vn -0.986965 -0.148095 -0.062998
vn -0.976579 -0.176396 0.123197
vn -0.932983 -0.354293 0.063399
vn -0.976579 -0.176396 0.123197
vn -0.95537 -0.280091 0.093897
vn -0.95537 -0.280091 0.093897
vn -0.804334 -0.593325 0.031801
vn -0.932983 -0.354293 0.063399
vn -0.804526 -0.586319 -0.094703
vn -0.804334 -0.593325 0.031801
vn -0.650341 -0.751547 -0.110607
vn -0.804526 -0.586319 -0.094703
vn -0.684924 -0.690824 -0.231608
vn -0.684924 -0.690824 -0.231608
vn -0.867106 -0.104201 0.487103
vn 0.217399 0.265799 0.939196
vn -0.504508 -0.537608 0.67561
vn 0.215395 0.267493 0.939176
vn 0.215395 0.267493 0.939176
vn 0.773964 -0.158893 0.612971
vn 0.483994 0.039299 0.874189
vn 0.843229 -0.455716 0.28511
vn 0.773964 -0.158893 0.612971
vn 0.39192 0.0099 0.919946
vn 0.217399 0.265799 0.939196
vn 0.215395 0.267493 0.939176
vn 0.215395 0.267493 0.939176
vn 0.773964 -0.158893 0.612971
vn 0.771389 -0.105299 0.627591
vn 0.39192 0.0099 0.919946
vn 0.668761 -0.432875 0.604465
vn 0.773964 -0.158893 0.612971
vn 0.171392 -0.017299 0.985051
vn 0.203299 0.208799 0.956594
vn 0.217399 0.265799 0.939196
vn 0.112199 -0.141298 0.983588
vn 0.171392 -0.017299 0.985051
vn 0.217399 0.265799 0.939196
vn 0.161595 -0.023799 0.98657
vn 0.192293 0.023199 0.981063
vn 0.39192 0.0099 0.919946
vn 0.050701 0.294804 0.954212
vn 0.203299 0.208799 0.956594
vn 0.076797 0.070397 0.994558
vn -0.433988 0.299792 0.849576
vn -0.356202 0.355102 0.864305
vn 0.050701 0.294804 0.954212
vn -0.247603 0.129902 0.960114
vn -0.247603 0.129902 0.960114
vn 0.042399 -0.053399 0.997673
vn 0.112199 -0.141298 0.983588
vn 0.161595 -0.023799 0.98657
vn 0.285705 0 0.958318
vn 0.149893 -0.077596 0.985653
vn 0.042399 -0.053399 0.997673
vn 0.192293 0.023199 0.981063
vn 0.39192 0.0099 0.919946
vn 0.144298 -0.0409 0.988689
vn -0.393698 -0.427098 -0.813996
vn -0.837387 0.299595 0.457193
vn -0.589396 0.400997 0.701295
vn -0.802744 0.403122 0.439424
vn -0.837387 0.299595 0.457193
vn -0.802744 0.403122 0.439424
vn -0.995475 0.076398 0.056499
vn -0.634417 0.337709 0.695318
vn -0.634417 0.337709 0.695318
vn -0.433988 0.299792 0.849576
vn -0.323982 0.54237 0.775158
vn -0.634417 0.337709 0.695318
vn -0.444483 0.786171 0.429384
vn -0.713798 0.685198 0.1449
vn -0.444483 0.786171 0.429384
vn -0.713798 0.685198 0.1449
vn -0.802744 0.403122 0.439424
vn -0.634417 0.337709 0.695318
vn -0.247603 0.129902 0.960114
vn -0.778521 0.397111 0.486013
vn -0.713798 0.685198 0.1449
vn -0.444483 0.786171 0.429384
vn -0.652473 0.453182 0.607375
vn -0.44039 0.709084 0.550687
vn -0.652473 0.453182 0.607375
vn -0.445693 0.759088 0.474492
vn -0.713798 0.685198 0.1449
vn -0.713798 0.685198 0.1449
vn -0.986197 0.0197 -0.1644
vn -0.995475 0.076398 0.056499
vn -0.954241 0.207109 0.215709
vn -0.986965 -0.148095 -0.062998
vn -0.986197 0.0197 -0.1644
vn -0.713798 0.685198 0.1449
vn -0.976579 -0.176396 0.123197
vn -0.954241 0.207109 0.215709
vn -0.778521 0.397111 0.486013
vn -0.652473 0.453182 0.607375
vn -0.596074 0.177492 0.783066
vn -0.954241 0.207109 0.215709
vn -0.44039 0.709084 0.550687
vn -0.939902 -0.325601 -0.1028
vn -0.976579 -0.176396 0.123197
vn -0.954241 0.207109 0.215709
vn -0.954241 0.207109 0.215709
vn -0.596074 0.177492 0.783066
vn -0.939902 -0.325601 -0.1028
vn 0.076797 0.070397 0.994558
vn 0.042399 -0.053399 0.997673
vn -0.0862 0.4323 0.8976
vn -0.323982 0.54237 0.775158
vn 0.042399 -0.053399 0.997673
vn -0.0862 0.4323 0.8976
vn -0.470587 0.72488 0.503086
vn -0.445693 0.759088 0.474492
vn -0.470587 0.72488 0.503086
vn -0.35459 0.563985 0.74578
vn -0.44039 0.709084 0.550687
vn -0.098302 0.82862 0.551113
vn -0.097401 0.648207 0.755209
vn -0.35459 0.563985 0.74578
vn 0.149893 -0.077596 0.985653
vn 0.568489 0.304194 0.764386
vn 0.285705 0 0.958318
vn -0.098302 0.82862 0.551113
vn -0.098302 0.82862 0.551113
vn 0.434801 0.722002 0.538202
vn 0.454583 0.637377 0.622177
vn 0.434801 0.722002 0.538202
vn 0.454583 0.637377 0.622177
vn -0.097401 0.648207 0.755209
vn -0.098302 0.82862 0.551113
vn 0.843124 0.438012 0.311909
vn 0.454583 0.637377 0.622177
vn 0.434801 0.722002 0.538202
vn 0.434801 0.722002 0.538202
vn 0.568489 0.304194 0.764386
vn 0.829675 0.522484 0.196594
vn 0.829675 0.522484 0.196594
vn -0.44039 0.709084 0.550687
vn -0.35459 0.563985 0.74578
vn -0.596074 0.177492 0.783066
vn -0.097401 0.648207 0.755209
vn 0.332093 0.381892 0.862481
vn 0.454583 0.637377 0.622177
vn 0.843124 0.438012 0.311909
vn -0.602192 0.409895 0.685092
vn -0.854829 -0.200007 -0.478816
vn -0.809461 -0.477877 0.341184
vn 0.097802 -0.788114 0.60771
vn 0.407285 -0.150794 0.900766
vn -0.809461 -0.477877 0.341184
vn -0.602192 0.409895 0.685092
vn 0.319912 0.437416 -0.840431
vn 0.057698 -0.488286 -0.870774
vn -0.854829 -0.200007 -0.478816
vn -0.661801 0.700101 -0.2681
vn -0.661801 0.700101 -0.2681
vn 0.85233 -0.446216 0.27281
vn 0.773964 -0.158893 0.612971
vn 0.536792 -0.280596 0.795688
vn 0.954174 -0.100997 0.281692
vn 0.912393 -0.231298 0.337698
vn 0.912393 -0.231298 0.337698
vn 0.39192 0.0099 0.919946
vn 0.771389 -0.105299 0.627591
vn 0.226708 -0.26671 0.936733
vn 0.635559 -0.501068 0.587363
vn 0.226708 -0.26671 0.936733
vn 0.226708 -0.26671 0.936733
vn 0.635559 -0.501068 0.587363
vn 0.787582 -0.0124 0.616086
vn 0.144298 -0.0409 0.988689
vn 0.954174 -0.100997 0.281692
vn 0.635559 -0.501068 0.587363
vn 0.883111 -0.445506 0.147102
vn 0.787582 -0.0124 0.616086
vn 0.883111 -0.445506 0.147102
vn 0.945767 -0.324589 0.0129
vn 0.883111 -0.445506 0.147102
vn 0.954174 -0.100997 0.281692
vn 0.945767 -0.324589 0.0129
vn 0.740703 0.280001 0.610703
vn 0.897318 -0.412708 0.156503
vn 0.808831 0.180907 0.559522
vn 0.740703 0.280001 0.610703
vn 0.731885 -0.526589 0.432491
vn 0.67259 -0.419694 0.609491
vn 0.923269 -0.365488 -0.118296
vn 0.893403 -0.167901 0.416701
vn 0.739013 -0.116102 0.663612
vn 0.926437 -0.331113 0.179107
vn 0.933306 -0.325602 0.151401
vn 0.912393 -0.231298 0.337698
vn 0.923269 -0.365488 -0.118296
vn 0.794378 -0.35249 -0.494686
vn 0.794378 -0.35249 -0.494686
vn 0.923269 -0.365488 -0.118296
vn 0.798682 -0.370092 0.474489
vn 0.739013 -0.116102 0.663612
vn 0.893403 -0.167901 0.416701
vn 0.871604 -0.451002 0.192101
vn 0.926437 -0.331113 0.179107
vn 0.679383 0.341291 0.649584
vn 0.933306 -0.325602 0.151401
vn 0.679383 0.341291 0.649584
vn 0.954174 -0.100997 0.281692
vn 0.897318 -0.412708 0.156503
vn 0.933306 -0.325602 0.151401
vn 0.933306 -0.325602 0.151401
vn 0.740674 -0.400586 0.539381
vn 0.897318 -0.412708 0.156503
vn 0.740674 -0.400586 0.539381
vn 0.753298 -0.395599 0.525399
vn 0.654276 -0.313589 0.688175
vn 0.740674 -0.400586 0.539381
vn 0.739013 -0.116102 0.663612
vn 0.654276 -0.313589 0.688175
vn 0.753298 -0.395599 0.525399
vn 0.654276 -0.313589 0.688175
vn 0.967863 -0.051298 0.246191
vn 0.753298 -0.395599 0.525399
vn 0.967863 -0.051298 0.246191
vn 0.893115 0.0104 0.449708
vn 0.808831 0.180907 0.559522
vn 0.654276 -0.313589 0.688175
vn 0.798682 -0.370092 0.474489
vn 0.997157 -0.067597 -0.033299
vn 0.871604 -0.451002 0.192101
vn 0.851985 0.500591 0.153397
vn 0.893115 0.0104 0.449708
vn 0.90689 0.364096 -0.212098
vn 0.825787 0.514192 0.231696
vn 0.647709 0.624309 0.436706
vn 0.647709 0.624309 0.436706
vn 0.677973 0.599076 0.425983
vn 0.825787 0.514192 0.231696
vn 0.85492 0.467711 0.224405
vn 0.85492 0.467711 0.224405
vn 0.677973 0.599076 0.425983
vn 0.647709 0.624309 0.436706
vn 0.598281 0.687679 0.411287
vn 0.943291 0.296297 0.149699
vn 0.677973 0.599076 0.425983
vn 0.598281 0.687679 0.411287
vn 0.652222 0.59472 0.470016
vn 0.677973 0.599076 0.425983
vn 0.652222 0.59472 0.470016
vn 0.598281 0.687679 0.411287
vn 0.843124 0.438012 0.311909
vn 0.332093 0.381892 0.862481
vn -0.130504 -0.792522 0.595716
vn 0.230992 -0.926167 -0.298089
vn 0.969766 -0.241092 -0.037799
vn 0.39849 -0.046799 0.915978
vn -0.83592 -0.284907 0.469111
vn -0.130504 -0.792522 0.595716
vn 0.39849 -0.046799 0.915978
vn 0.367602 0.299002 -0.880606
vn 0.230992 -0.926167 -0.298089
vn -0.226904 -0.438107 -0.869814
vn -0.226904 -0.438107 -0.869814
vn -0.900572 -0.101097 -0.422787
vn -0.567089 0.757385 -0.323694
vn 0.367602 0.299002 -0.880606
vn 0.367602 0.299002 -0.880606
vn 0.969766 -0.241092 -0.037799
vn 0.230992 -0.926167 -0.298089
vn 0.877418 0.455209 0.151403
vn 0.877418 0.455209 0.151403
vn 0.851985 0.500591 0.153397
vn 0.905494 0.338598 -0.255798
vn 0.905494 0.338598 -0.255798
vn 0.90689 0.364096 -0.212098
vn 0.407285 -0.150794 0.900766
vn 0.097802 -0.788114 0.60771
vn 0.977591 -0.184098 -0.102099
vn 0.467321 0.838037 0.281612
vn -0.602192 0.409895 0.685092
vn 0.407285 -0.150794 0.900766
vn 0.977591 -0.184098 -0.102099
vn 0.467321 0.838037 0.281612
vn 0.407285 -0.150794 0.900766
vn 0.451102 -0.872704 -0.186801
vn 0.451102 -0.872704 -0.186801
vn 0.057698 -0.488286 -0.870774
vn 0.319912 0.437416 -0.840431
vn 0.977591 -0.184098 -0.102099
vn -0.469709 0.437808 0.766614
vn -0.900572 -0.101097 -0.422787
vn -0.83592 -0.284907 0.469111
vn -0.469709 0.437808 0.766614
vn -0.567089 0.757385 -0.323694
vn 0.467321 0.838037 0.281612
vn -0.661801 0.700101 -0.2681
vn -0.602192 0.409895 0.685092
vn -0.661801 0.700101 -0.2681
vn 0.467321 0.838037 0.281612
vn 0.319912 0.437416 -0.840431
vn 0.319912 0.437416 -0.840431
vn 0.488097 0.866995 0.100399
vn -0.567089 0.757385 -0.323694
vn -0.469709 0.437808 0.766614
vn 0.39849 -0.046799 0.915978
vn -0.567089 0.757385 -0.323694
vn 0.488097 0.866995 0.100399
vn 0.367602 0.299002 -0.880606
vn 0.39849 -0.046799 0.915978
vn 0.969766 -0.241092 -0.037799
vn 0.488097 0.866995 0.100399
vn 0.367602 0.299002 -0.880606
vn 0.488097 0.866995 0.100399
vn 0.969766 -0.241092 -0.037799
vn 0.452209 -0.095202 0.886817
vn 0.214706 -0.467313 0.857624
vn 0.214706 -0.467313 0.857624
vn -0.054 -0.433997 0.899294
vn -0.0303 -0.372099 0.927698
vn 0.452098 -0.555597 0.697796
vn 0.33669 0.086097 0.937671
vn -0.354693 0.033499 0.934382
vn -0.054 -0.433997 0.899294
vn 0.452098 -0.555597 0.697796
vn 0.364682 -0.349483 0.863058
vn 0.364682 -0.349483 0.863058
vn 0.224006 0.211206 0.951427
vn 0.0054 0.379819 0.925045
vn -0.394619 0.515025 0.760937
vn -0.061898 0.233591 0.970363
vn 0.692097 0.1143 0.712697
vn 0.239196 -0.521892 0.818788
vn -0.059399 -0.42129 0.904979
vn 0.239196 -0.521892 0.818788
vn 0.866552 -0.369022 0.33602
vn 0.149402 -0.874413 0.461607
vn 0.239196 -0.521892 0.818788
vn 0.409476 -0.739156 0.534768
vn 0.618237 -0.232414 0.750844
vn 0.239196 -0.521892 0.818788
vn 0.149402 -0.874413 0.461607
vn 0.323619 -0.771745 0.547432
vn 0.323619 -0.771745 0.547432
vn 0.708747 -0.347474 0.613954
vn 0.214706 -0.467313 0.857624
vn 0.618377 -0.741173 0.26129
vn 0.452209 -0.095202 0.886817
vn 0.708747 -0.347474 0.613954
vn 0.681406 -0.431604 0.591105
vn 0.681406 -0.431604 0.591105
vn 0.807662 -0.42648 0.407181
vn 0.692097 0.1143 0.712697
vn 0.625596 -0.626796 0.464497
vn 0.595801 -0.802701 -0.0263
vn 0.775215 -0.626712 -0.079202
vn 0.825412 -0.564208 -0.0191
vn -0.159097 0.487891 0.858284
vn 0.048898 0.057298 0.997159
vn -0.159097 0.487891 0.858284
vn -0.421193 0.718887 0.55299
vn 0.393296 0.153598 0.906491
vn -0.027499 0.378291 0.925278
vn -0.027499 0.378291 0.925278
vn -0.237095 0.695787 0.677987
vn -0.194807 0.484316 0.852929
vn 0.0054 0.379819 0.925045
vn -0.061898 0.233591 0.970363
vn -0.179906 0.197606 0.963631
vn 0.224006 0.211206 0.951427
vn 0.0054 0.379819 0.925045
vn -0.194807 0.484316 0.852929
vn 0.044498 0.816258 0.575971
vn 0.289095 0.59969 0.746188
vn 0.289095 0.59969 0.746188
vn 0.266597 0.460295 0.846791
vn -0.179906 0.197606 0.963631
vn -0.179906 0.197606 0.963631
vn 0.269987 0.031398 0.962352
vn 0.266597 0.460295 0.846791
vn 0.537126 0.162808 0.827641
vn 0.606621 0.099603 0.788727
vn 0.566105 0.374003 0.734606
vn 0.606621 0.099603 0.788727
vn 0.537126 0.162808 0.827641
vn 0.339106 0.077901 0.937517
vn 0.566105 0.374003 0.734606
vn 0.606019 0.479715 0.63452
vn 0.606019 0.479715 0.63452
vn 0.606019 0.479715 0.63452
vn 0.36851 0.74012 0.562515
vn 0.044498 0.816258 0.575971
vn 0.606019 0.479715 0.63452
vn 0.36851 0.74012 0.562515
vn 0.487793 0.231197 0.841788
vn 0.521897 -0.0047 0.852995
vn 0.36851 0.74012 0.562515
vn 0.289095 0.59969 0.746188
vn 0.044498 0.816258 0.575971
vn 0.342493 0.591087 0.730284
vn 0.289095 0.59969 0.746188
vn 0.36851 0.74012 0.562515
vn 0.342493 0.591087 0.730284
vn 0.562266 0.15989 0.811352
vn 0.521897 -0.0047 0.852995
vn 0.487793 0.231197 0.841788
vn 0.471884 -0.047698 0.88037
vn 0.562266 0.15989 0.811352
vn 0.487793 0.231197 0.841788
vn 0.243991 0.081297 0.966364
vn 0.471884 -0.047698 0.88037
vn 0.521897 -0.0047 0.852995
vn 0.562266 0.15989 0.811352
vn 0.347587 -0.222092 0.910966
vn 0.042399 0.278197 0.959588
vn 0.347587 -0.222092 0.910966
vn 0.342493 0.591087 0.730284
vn 0.471884 -0.047698 0.88037
vn 0.87247 -0.359688 0.330789
vn 0.681406 -0.431604 0.591105
vn 0.708747 -0.347474 0.613954
vn 0.87247 -0.359688 0.330789
vn 0.87247 -0.359688 0.330789
vn 0.843773 -0.411887 0.344089
vn 0.88506 -0.399382 0.239089
vn 0.843773 -0.411887 0.344089
vn 0.87247 -0.359688 0.330789
vn 0.938857 -0.344284 0.0041
vn 0.87247 -0.359688 0.330789
vn 0.825412 -0.564208 -0.0191
vn 0.938857 -0.344284 0.0041
vn 0.405005 -0.0026 0.914311
vn 0.162307 -0.75373 0.636826
vn -0.454092 -0.366494 0.812086
vn -0.454092 -0.366494 0.812086
vn 0.162307 -0.75373 0.636826
vn 0.158193 -0.83866 0.521175
vn -0.542418 -0.053102 0.838429
vn -0.806587 -0.556791 0.198497
vn -0.542418 -0.053102 0.838429
vn -0.454092 -0.366494 0.812086
vn -0.806587 -0.556791 0.198497
vn 0.692097 0.1143 0.712697
vn 0.807662 -0.42648 0.407181
vn 0.388386 -0.680475 0.621377
vn 0.737315 -0.108902 0.666714
vn 0.737315 -0.108902 0.666714
vn 0.807662 -0.42648 0.407181
vn 0.843773 -0.411887 0.344089
vn 0.388386 -0.680475 0.621377
vn 0.843773 -0.411887 0.344089
vn 0.88506 -0.399382 0.239089
vn 0.388386 -0.680475 0.621377
vn 0.196196 -0.156597 0.96798
vn 0.339106 0.077901 0.937517
vn 0.560488 -0.410991 0.718985
vn 0.178392 -0.151294 0.972258
vn 0.339106 0.077901 0.937517
vn 0.196196 -0.156597 0.96798
vn 0.196196 -0.156597 0.96798
vn 0.560488 -0.410991 0.718985
vn 0.438115 0.164006 0.883831
vn 0.178392 -0.151294 0.972258
vn 0.243991 0.081297 0.966364
vn 0.737315 -0.108902 0.666714
vn 0.467782 -0.184993 0.864267
vn 0.467782 -0.184993 0.864267
vn 0.833485 -0.227596 0.503491
vn 0.833485 -0.227596 0.503491
vn 0.833485 -0.227596 0.503491
vn 0.467782 -0.184993 0.864267
vn 0.798826 0.080003 0.596219
vn 0.798826 0.080003 0.596219
vn 0.388386 -0.680475 0.621377
vn -0.150199 -0.391598 0.907795
vn 0.467782 -0.184993 0.864267
vn 0.55612 0.129005 0.821029
vn 0.55612 0.129005 0.821029
vn 0.798826 0.080003 0.596219
vn 0.467782 -0.184993 0.864267
vn 0.162307 -0.75373 0.636826
vn 0.158193 -0.83866 0.521175
vn 0.158193 -0.83866 0.521175
vn -0.150199 -0.391598 0.907795
vn 0.388386 -0.680475 0.621377
vn 0.494088 -0.431489 0.754781
vn 0.492307 0.318105 0.810212
vn 0.55612 0.129005 0.821029
vn -0.150199 -0.391598 0.907795
vn 0.494088 -0.431489 0.754781
vn 0.162307 -0.75373 0.636826
vn 0.332317 -0.394621 0.856645
vn 0.332317 -0.394621 0.856645
vn 0.572097 -0.627297 0.528397
vn 0.878711 0.0316 0.476306
vn 0.572097 -0.627297 0.528397
vn 0.731486 -0.634688 0.249195
vn 0.225707 -0.961428 -0.157205
vn 0.842539 0.142207 0.519524
vn 0.462005 0.092801 0.882009
vn 0.878711 0.0316 0.476306
vn 0.960569 0.091397 0.262591
vn 0.878711 0.0316 0.476306
vn 0.731486 -0.634688 0.249195
vn 0.794222 -0.607617 -0.0037
vn 0.794222 -0.607617 -0.0037
vn 0.842539 0.142207 0.519524
vn 0.568887 0.389591 0.724283
vn 0.242711 0.123206 0.962243
vn 0.112804 0.992338 -0.050402
vn 0.508998 0.860696 -0.0111
vn -0.166902 0.483807 0.859113
vn 0.112804 0.992338 -0.050402
vn 0.242711 0.123206 0.962243
vn 0.709002 0.532101 0.462801
vn -0.166902 0.483807 0.859113
vn 0.210707 0.971531 0.108303
vn 0.112804 0.992338 -0.050402
vn 0.210707 0.971531 0.108303
vn -0.0157 0.941195 0.337498
vn 0.112804 0.992338 -0.050402
vn -0.0157 0.941195 0.337498
vn -0.118304 0.981536 -0.150305
vn -0.166902 0.483807 0.859113
vn 0.709002 0.532101 0.462801
vn -0.0157 0.941195 0.337498
vn -0.0157 0.941195 0.337498
vn 0.210707 0.971531 0.108303
vn -0.166902 0.483807 0.859113
vn 0.462005 0.092801 0.882009
vn 0.111797 0.432289 0.894778
vn -0.0157 0.941195 0.337498
vn 0.823507 0.376003 0.424804
vn 0.111797 0.432289 0.894778
vn 0.462005 0.092801 0.882009
vn -0.0157 0.941195 0.337498
vn 0.709002 0.532101 0.462801
vn 0.462005 0.092801 0.882009
vn 0.823507 0.376003 0.424804
vn -0.025201 0.973823 0.225905
vn 0.4241 0.904801 0.0384
vn -0.025201 0.973823 0.225905
vn 0.111797 0.432289 0.894778
vn 0.823507 0.376003 0.424804
vn 0.4241 0.904801 0.0384
vn 0.111797 0.432289 0.894778
vn -0.118304 0.981536 -0.150305
vn -0.118304 0.981536 -0.150305
vn -0.025201 0.973823 0.225905
vn 0.917827 -0.118404 0.378911
vn 0.407198 0.558997 0.722296
vn 0.471098 -0.470698 0.745996
vn 0.917827 -0.118404 0.378911
vn 0.681206 0.691006 0.241802
vn 0.702477 -0.043499 0.710376
vn -0.339303 -0.848309 -0.406504
vn 0.093601 -0.822505 0.561003
vn 0.19751 -0.927147 0.318416
vn 0.19751 -0.927147 0.318416
vn 0.093601 -0.822505 0.561003
vn 0.702477 -0.043499 0.710376
vn 0.5991 0.2483 0.7612
vn 0.468413 -0.214306 0.857124
vn 0.372318 0.147907 0.916244
vn 0.5991 0.2483 0.7612
vn 0.416086 0.901871 -0.116196
vn 0.366791 0.879579 0.302993
vn 0.135903 -0.889621 0.43601
vn 0.321305 -0.911715 0.256004
vn -0.136698 0.964089 -0.227697
vn -0.0296 0.983711 0.177302
vn -0.0296 0.983711 0.177302
vn 0.559598 0.826397 0.0626
vn 0.348113 0.740927 0.574321
vn 0.658668 -0.388681 0.644269
vn 0.900699 -0.4178 -0.1191
vn 0.431805 0.89801 -0.084401
vn 0.256006 0.923921 0.284307
vn 0.449975 -0.640164 0.622665
vn 0.366601 -0.897403 0.245501
vn -0.136698 0.964089 -0.227697
vn 0.093601 -0.822505 0.561003
vn -0.339303 -0.848309 -0.406504
vn -0.317516 -0.188909 0.929245
vn -0.317516 -0.188909 0.929245
vn 0.5991 0.2483 0.7612
vn 0.680385 0.46929 0.562888
vn 0.5991 0.2483 0.7612
vn 0.680385 0.46929 0.562888
vn -0.339303 -0.848309 -0.406504
vn -0.476371 -0.666059 0.573965
vn -0.317516 -0.188909 0.929245
vn 0.394312 0.195106 0.898027
vn 0.680385 0.46929 0.562888
vn 0.263601 0.279001 0.923403
vn 0.680385 0.46929 0.562888
vn 0.263601 0.279001 0.923403
vn 0.091499 0.328996 0.939888
vn 0.091499 0.328996 0.939888
vn 0.680385 0.46929 0.562888
vn 0.802017 0.089802 0.590512
vn 0.394312 0.195106 0.898027
vn 0.702477 -0.043499 0.710376
vn 0.834452 -0.108307 0.540333
vn 0.834452 -0.108307 0.540333
vn 0.488589 0.320593 0.811481
vn 0.205603 0.587709 0.782512
vn 0.091499 0.328996 0.939888
vn 0.263601 0.279001 0.923403
vn 0.141798 0.520692 0.841887
vn 0.205603 0.587709 0.782512
vn 0.814263 0.491178 0.309386
vn -0.0296 0.983711 0.177302
vn 0.454589 0.865979 0.208395
vn 0.814263 0.491178 0.309386
vn 0.823507 0.376003 0.424804
vn 0.663721 -0.385612 0.64092
vn 0.663721 -0.385612 0.64092
vn 0.901637 -0.421817 -0.095504
vn 0.794222 -0.607617 -0.0037
vn 0.225707 -0.961428 -0.157205
vn 0.877968 -0.407585 0.251091
vn 0.877968 -0.407585 0.251091
vn 0.901637 -0.421817 -0.095504
vn 0.225707 -0.961428 -0.157205
vn 0.901637 -0.421817 -0.095504
vn 0.950888 0.144198 0.273896
vn 0.900699 -0.4178 -0.1191
vn 0.593806 -0.399704 -0.698306
vn 0.994224 0.0022 0.107303
vn 0.188496 -0.371292 -0.909182
vn -0.476371 -0.666059 0.573965
vn 0.172201 -0.319503 -0.931807
vn -0.494297 -0.723296 -0.482197
vn 0.197006 -0.841824 -0.502514
vn -0.462312 -0.598116 0.654618
vn -0.462312 -0.598116 0.654618
vn -0.761759 -0.079496 0.642965
vn -0.494297 -0.723296 -0.482197
vn -0.494297 -0.723296 -0.482197
vn -0.761759 -0.079496 0.642965
vn -0.850722 -0.167204 -0.498313
vn 0.214201 -0.742903 0.634203
vn 0.773662 -0.40868 -0.484177
vn 0.214201 -0.742903 0.634203
vn 0.197006 -0.841824 -0.502514
vn -0.317516 -0.188909 0.929245
vn -0.476371 -0.666059 0.573965
vn -0.524681 0.491083 0.695376
vn -0.0296 0.983711 0.177302
vn 0.582894 0.124899 0.802892
vn -0.317516 -0.188909 0.929245
vn -0.0296 0.983711 0.177302
vn -0.0296 0.983711 0.177302
vn 0.454589 0.865979 0.208395
vn 0.582894 0.124899 0.802892
vn 0.582894 0.124899 0.802892
vn 0.822837 0.249611 0.510523
vn 0.454589 0.865979 0.208395
vn 0.822837 0.249611 0.510523
vn 0.822837 0.249611 0.510523
vn 0.978362 0.059398 0.198192
vn 0.802017 0.089802 0.590512
vn 0.834452 -0.108307 0.540333
vn 0.978362 0.059398 0.198192
vn 0.802017 0.089802 0.590512
vn 0.995818 0.050701 0.076001
vn 0.618304 -0.350002 0.703704
vn 0.979452 0.097595 0.176491
vn 0.618304 -0.350002 0.703704
vn 0.915709 0.099601 -0.389304
vn 0.983902 0.1599 0.0798
vn -0.0104 -0.705868 0.708267
vn 0.740406 -0.457104 0.492804
vn 0.251805 -0.966219 -0.054901
vn 0.251805 -0.966219 -0.054901
vn 0.538792 -0.576391 0.614391
vn -0.0104 -0.705868 0.708267
vn 0.470012 -0.192905 0.861322
vn 0.740406 -0.457104 0.492804
vn 0.470012 -0.192905 0.861322
vn 0.120903 -0.870924 0.476313
vn 0.120903 -0.870924 0.476313
vn 0.470012 -0.192905 0.861322
vn 0.087997 -0.245992 0.965269
vn 0.120903 -0.870924 0.476313
vn 0.163708 -0.800438 0.576627
vn 0.087997 -0.245992 0.965269
vn 0.575715 -0.771221 0.271607
vn 0.173203 -0.979517 0.102702
vn 0.364995 0.064299 0.928787
vn 0.575715 -0.771221 0.271607
vn 0.087997 -0.245992 0.965269
vn 0.087997 -0.245992 0.965269
vn 0.205603 0.587709 0.782512
vn 0.364995 0.064299 0.928787
vn 0.163708 -0.800438 0.576627
vn 0.306399 -0.881897 0.358299
vn 0.306399 -0.881897 0.358299
vn -0.073403 -0.0106 0.997246
vn -0.658823 0.364813 0.657923
vn -0.761759 -0.079496 0.642965
vn -0.761759 -0.079496 0.642965
vn -0.658823 0.364813 0.657923
vn -0.850722 -0.167204 -0.498313
vn -0.462312 -0.598116 0.654618
vn -0.263504 0.734712 0.625111
vn -0.263504 0.734712 0.625111
vn -0.754423 0.419413 -0.504915
vn 0.083102 -0.986629 0.140204
vn 0.538792 -0.576391 0.614391
vn 0.663072 -0.646173 0.377884
vn 0.48431 0.383808 0.786216
vn 0.083102 -0.986629 0.140204
vn 0.663072 -0.646173 0.377884
vn 0.538792 -0.576391 0.614391
vn 0.141798 0.520692 0.841887
vn 0.442391 0.705885 0.553188
vn 0.214201 -0.742903 0.634203
vn 0.1176 0.801 0.587
vn -0.073403 -0.0106 0.997246
vn 0.214201 -0.742903 0.634203
vn 0.525884 -0.32169 0.787376
vn 0.796563 0.052498 0.602272
vn 0.361491 0.575485 0.733581
vn -0.263504 0.734712 0.625111
vn 0.083102 -0.986629 0.140204
vn 0.147897 0.553988 0.819282
vn 0.1176 0.801 0.587
vn 0.141798 0.520692 0.841887
vn 0.147897 0.553988 0.819282
vn 0.1176 0.801 0.587
vn 0.147897 0.553988 0.819282
vn -0.22251 0.728832 0.647529
vn 0.525884 -0.32169 0.787376
vn 0.940584 0.121198 -0.317195
vn 0.796563 0.052498 0.602272
vn 0.525884 -0.32169 0.787376
vn 0.525884 -0.32169 0.787376
vn 0.773662 -0.40868 -0.484177
vn 0.940584 0.121198 -0.317195
vn 0.940584 0.121198 -0.317195
vn 0.673788 -0.502791 0.54149
vn 0.306399 -0.881897 0.358299
vn 0.163708 -0.800438 0.576627
vn 0.940584 0.121198 -0.317195
vn 0.673788 -0.502791 0.54149
vn 0.163708 -0.800438 0.576627
vn -0.263504 0.734712 0.625111
vn 0.361491 0.575485 0.733581
vn -0.158098 0.849292 -0.503695
vn -0.158098 0.849292 -0.503695
vn 0.129298 -0.843588 0.521192
vn 0.129298 -0.843588 0.521192
vn 0.361491 0.575485 0.733581
vn 0.796563 0.052498 0.602272
vn 0.520915 0.667619 -0.531915
vn 0.520915 0.667619 -0.531915
vn -0.158098 0.849292 -0.503695
vn 0.361491 0.575485 0.733581
vn 0.137997 0.186696 0.972678
vn 0.389808 0.620113 0.680815
vn 0.410003 0.279802 0.868106
vn 0.137997 0.186696 0.972678
vn 0.410003 0.279802 0.868106
vn 0.140501 0.145001 0.979405
vn 0.722303 0.338802 0.602903
vn 0.598103 0.0459 0.800104
vn 0.704404 0.300602 0.643004
vn 0.598103 0.0459 0.800104
vn 0.410003 0.279802 0.868106
vn 0.410003 0.279802 0.868106
vn 0.722303 0.338802 0.602903
vn 0.704404 0.300602 0.643004
vn 0.389808 0.620113 0.680815
vn 0.48431 0.383808 0.786216
vn 0.812988 0.494093 0.308095
vn 0.722303 0.338802 0.602903
vn 0.940584 0.121198 -0.317195
vn 0.089896 -0.776662 0.62347
vn -0.22251 0.728832 0.647529
vn 0.147897 0.553988 0.819282
vn 0.147897 0.553988 0.819282
vn 0.488589 0.320593 0.811481
vn 0.089896 -0.776662 0.62347
vn 0.885809 0.187002 0.424704
vn 0.48431 0.383808 0.786216
vn 0.663072 -0.646173 0.377884
vn 0.885809 0.187002 0.424704
vn 0.663072 -0.646173 0.377884
vn 0.663072 -0.646173 0.377884
vn 0.083102 -0.986629 0.140204
vn 0.618304 -0.350002 0.703704
vn 0.663072 -0.646173 0.377884
vn 0.618304 -0.350002 0.703704
vn 0.979452 0.097595 0.176491
vn 0.963716 0.223004 0.146702
vn 0.0109 0.107099 0.994189
vn 0.140501 0.145001 0.979405
vn 0.276914 0.684834 0.674033
vn 0.704404 0.300602 0.643004
vn 0.776385 0.492091 0.393793
vn 0.276914 0.684834 0.674033
vn 0.776385 0.492091 0.393793
vn 0.308606 0.907519 0.284906
vn 0.776385 0.492091 0.393793
vn 0.704404 0.300602 0.643004
vn 0.702068 0.557874 0.44258
vn 0.618016 0.685718 0.38451
vn 0.618016 0.685718 0.38451
vn 0.702068 0.557874 0.44258
vn 0.722303 0.338802 0.602903
vn 0.773583 0.593087 0.223195
vn 0.308606 0.907519 0.284906
vn 0.776385 0.492091 0.393793
vn 0.773583 0.593087 0.223195
vn 0.940584 0.121198 -0.317195
vn 0.618304 -0.350002 0.703704
vn 0.089896 -0.776662 0.62347
vn 0.129298 -0.843588 0.521192
vn 0.673788 -0.502791 0.54149
vn 0 -1 0
vn 0.089896 -0.776662 0.62347
vn 0.673788 -0.502791 0.54149
vn 0.129298 -0.843588 0.521192
vn 0.089896 -0.776662 0.62347
vn 0.083102 -0.986629 0.140204
vn 0.940584 0.121198 -0.317195
vn 0.618304 -0.350002 0.703704
vn 0.083102 -0.986629 0.140204
vn 0.089896 -0.776662 0.62347
vn 0.953056 0.302086 0.020699
vn 0.99524 0.070103 -0.067703
vn 0.66049 0.729989 0.175697
vn 0.773583 0.593087 0.223195
vn 0.698114 0.715814 -0.0157
vn 0.652201 0.752601 0.0907
vn 0.75367 0.607276 0.25139
vn 0.75367 0.607276 0.25139
vn 0.698114 0.715814 -0.0157
vn 0.664501 0.747201 -0.0114
vn 0.618016 0.685718 0.38451
vn 0.664501 0.747201 -0.0114
vn 0.75367 0.607276 0.25139
vn 0.652201 0.752601 0.0907
vn 0.646269 0.736165 0.20099
vn 0.646269 0.736165 0.20099
vn 0.613194 0.744193 0.264897
vn 0.613194 0.744193 0.264897
vn 0.631838 0.713543 0.302718
vn 0.618016 0.685718 0.38451
vn 0.631838 0.713543 0.302718
vn 0.646269 0.736165 0.20099
vn 0.461498 0.852496 0.245499
vn 0.461498 0.852496 0.245499
vn 0.153199 0.984593 -0.084299
vn 0.509394 0.790691 0.339596
vn 0.618016 0.685718 0.38451
vn 0.509394 0.790691 0.339596
vn 0.631838 0.713543 0.302718
vn 0.506517 0.780126 0.367212
vn 0.506517 0.780126 0.367212
vn 0.580799 0.747699 0.321899
vn 0.580799 0.747699 0.321899
vn 0.348802 0.922806 -0.163601
vn 0.66049 0.729989 0.175697
vn 0.554216 0.794223 0.249107
vn 0.554216 0.794223 0.249107
vn 0.703262 0.694163 0.153492
vn 0.838619 0.541812 0.056201
vn 0.838619 0.541812 0.056201
vn 0.703262 0.694163 0.153492
vn 0.767189 0.641291 0.0129
vn 0.767189 0.641291 0.0129
vn 0.443591 0.826583 -0.346393
vn 0.443591 0.826583 -0.346393
vn 0.659542 0.723846 -0.202613
vn -0.046599 0.305696 0.950988
vn 0.877968 -0.407585 0.251091
vn -0.046599 0.305696 0.950988
vn 0.915709 0.099601 -0.389304
vn 0.877968 -0.407585 0.251091
vn 0.983902 0.1599 0.0798
vn 0.983902 0.1599 0.0798
vn 0.877968 -0.407585 0.251091
vn 0.874089 0.239897 0.422395
vn 0.700324 0.702724 0.125404
vn 0.757987 0.187997 -0.62459
vn 0.99524 0.070103 -0.067703
vn 0.983902 0.1599 0.0798
vn 0.860824 0.436212 -0.262107
vn 0.860824 0.436212 -0.262107
vn -0.529412 0.535112 0.658315
vn -0.529412 0.535112 0.658315
vn -0.046599 0.305696 0.950988
vn -0.421193 0.718887 0.55299
vn 0.042399 0.278197 0.959588
vn 0.915709 0.099601 -0.389304
vn 0.012 0.392901 0.919502
vn 0.012 0.392901 0.919502
vn 0.012 0.392901 0.919502
vn -0.243297 0.526393 0.814689
vn -0.037099 0.500088 0.865179
vn 0.874089 0.239897 0.422395
vn 0.012 0.392901 0.919502
vn -0.037099 0.500088 0.865179
vn 0.053901 0.271507 0.960926
vn 0.351687 0.053898 0.934565
vn 0.053901 0.271507 0.960926
vn -0.243297 0.526393 0.814689
vn 0.241101 0.649302 0.721302
vn -0.243297 0.526393 0.814689
vn 0.053901 0.271507 0.960926
vn 0.277499 0.266599 0.922995
vn 0.053901 0.271507 0.960926
vn 0.277499 0.266599 0.922995
vn 0.241101 0.649302 0.721302
vn -0.037099 0.500088 0.865179
vn -0.216591 0.587276 0.779868
vn -0.216591 0.587276 0.779868
vn -0.243297 0.526393 0.814689
vn -0.087501 0.62931 0.772213
vn -0.087501 0.62931 0.772213
vn 0.053397 0.586268 0.808356
vn 0.209704 0.736413 0.643211
vn 0.700324 0.702724 0.125404
vn -0.314386 0.404583 0.858763
vn 0.209704 0.736413 0.643211
vn 0.053397 0.586268 0.808356
vn 0.054201 0.59511 0.801814
vn 0.053397 0.586268 0.808356
vn 0.053397 0.586268 0.808356
vn 0.054201 0.59511 0.801814
vn -0.0884 0.607097 0.789696
vn -0.314386 0.404583 0.858763
vn 0.238606 0.835422 0.495113
vn -0.072103 0.723232 0.686831
vn 0.238606 0.835422 0.495113
vn 0.054201 0.59511 0.801814
vn -0.087501 0.62931 0.772213
vn 0.358582 0.831458 0.424378
vn -0.0884 0.607097 0.789696
vn 0.757987 0.187997 -0.62459
vn 0.375783 -0.90696 0.190292
vn -0.0438 -0.768704 -0.638103
vn 0.610791 -0.107298 -0.784488
vn 0.940326 -0.219506 0.260007
vn -0.228595 -0.567389 0.791084
vn 0.375783 -0.90696 0.190292
vn 0.940326 -0.219506 0.260007
vn 0.697401 0.5726 -0.431
vn 0.757987 0.187997 -0.62459
vn 0.860824 0.436212 -0.262107
vn 0.860824 0.436212 -0.262107
vn -0.0438 -0.768704 -0.638103
vn -0.806013 -0.250004 -0.536508
vn 0.610791 -0.107298 -0.784488
vn 0.697401 0.5726 -0.431
vn -0.912635 -0.130705 0.387315
vn -0.228595 -0.567389 0.791084
vn 0.278107 0.184705 0.942624
vn -0.438181 0.525377 -0.729368
vn -0.806013 -0.250004 -0.536508
vn -0.912635 -0.130705 0.387315
vn -0.542814 0.684017 0.487312
vn -0.912635 -0.130705 0.387315
vn -0.542814 0.684017 0.487312
vn -0.438181 0.525377 -0.729368
vn 0.278107 0.184705 0.942624
vn 0.697401 0.5726 -0.431
vn 0.659542 0.723846 -0.202613
vn -0.438181 0.525377 -0.729368
vn 0.659542 0.723846 -0.202613
vn 0.348802 0.922806 -0.163601
vn 0.443591 0.826583 -0.346393
vn -0.542814 0.684017 0.487312
vn 0.278107 0.184705 0.942624
vn 0.440387 0.892874 -0.093997
vn 0.440387 0.892874 -0.093997
vn -0.438181 0.525377 -0.729368
vn -0.542814 0.684017 0.487312
vn 0.278107 0.184705 0.942624
vn 0.940326 -0.219506 0.260007
vn 0.440387 0.892874 -0.093997
vn -0.438181 0.525377 -0.729368
vn 0.440387 0.892874 -0.093997
vn 0.610791 -0.107298 -0.784488
vn 0.0546 0.837501 0.543701
vn 0.247706 -0.473011 0.845519
vn 0.127806 0.885244 0.447222
vn 0.217099 0.756997 0.616298
vn -0.998973 -0.045199 0.0033
vn -0.525916 -0.599818 0.603018
vn -0.067803 0.033401 0.997139
vn -0.998973 -0.045199 0.0033
vn -0.597622 0.769528 0.225108
vn -0.533328 -0.161009 -0.830444
vn -0.067803 0.033401 0.997139
vn -0.597622 0.769528 0.225108
vn -0.998973 -0.045199 0.0033
vn 0.127806 0.885244 0.447222
vn 0.255701 0.612703 0.747804
vn 0.0546 0.837501 0.543701
vn 0.028201 0.788715 0.614112
vn -0.525916 -0.599818 0.603018
vn 0.139501 -0.97631 0.165402
vn 0.772006 -0.460703 0.437903
vn -0.067803 0.033401 0.997139
vn 0.139501 -0.97631 0.165402
vn 0.154504 -0.71012 -0.686919
vn 0.832215 -0.034001 -0.55341
vn 0.772006 -0.460703 0.437903
vn 0.0111 0.634521 -0.772826
vn -0.597622 0.769528 0.225108
vn -0.067803 0.033401 0.997139
vn 0.579597 0.732397 0.357298
vn 0.579597 0.732397 0.357298
vn 0.154504 -0.71012 -0.686919
vn -0.533328 -0.161009 -0.830444
vn 0.0111 0.634521 -0.772826
vn 0.832215 -0.034001 -0.55341
vn -0.903095 -0.306398 0.300898
vn -0.164004 -0.702018 0.693018
vn 0.156599 0.299698 0.941094
vn 0.156599 0.299698 0.941094
vn -0.164004 -0.702018 0.693018
vn 0.967921 -0.067901 0.241905
vn -0.704194 0.504495 0.499596
vn 0.360609 0.928423 -0.089402
vn -0.704194 0.504495 0.499596
vn 0.156599 0.299698 0.941094
vn 0.967921 -0.067901 0.241905
vn 0.360609 0.928423 -0.089402
vn 0.156599 0.299698 0.941094
vn 0.610791 -0.107298 -0.784488
vn -0.067803 0.033401 0.997139
vn 0.772006 -0.460703 0.437903
vn 0.579597 0.732397 0.357298
vn 0.772006 -0.460703 0.437903
vn 0.832215 -0.034001 -0.55341
vn 0.579597 0.732397 0.357298
vn 0.0139 0.774688 0.63219
vn 0.195905 0.944723 0.262906
vn 0.355601 0.871302 0.338201
vn 0.579597 0.732397 0.357298
vn 0.355601 0.871302 0.338201
vn 0.358582 0.831458 0.424378
vn 0.423313 0.905927 0.0101
vn 0.195905 0.944723 0.262906
vn 0.732975 0.080497 0.675477
vn 0.728114 -0.125802 0.673813
vn 0.644673 -0.347186 0.681072
vn 0.392408 0.183904 0.901219
vn 0.392408 0.183904 0.901219
vn 0.688004 0.237901 0.685604
vn 0.732975 0.080497 0.675477
vn 0.798826 0.080003 0.596219
vn 0.55612 0.129005 0.821029
vn 0.728114 -0.125802 0.673813
vn 0.623193 0.046399 0.780691
vn 0.688004 0.237901 0.685604
vn 0.623193 0.046399 0.780691
vn 0.644673 -0.347186 0.681072
vn 0.728114 -0.125802 0.673813
vn 0.623193 0.046399 0.780691
vn 0.571708 -0.128002 0.810411
vn 0.571708 -0.128002 0.810411
vn 0.536485 -0.252093 0.805378
vn 0.324289 0.551481 0.768574
vn 0.324289 0.551481 0.768574
vn 0.536485 -0.252093 0.805378
vn 0.364108 -0.143603 0.920219
vn 0.299102 0.664205 0.685105
vn 0.299102 0.664205 0.685105
vn 0.416389 -0.191095 0.888877
vn 0.416389 -0.191095 0.888877
vn -0.374017 0.066403 0.925042
vn -0.919608 0.095701 -0.381003
vn -0.794609 -0.515006 0.321504
vn 0.487491 -0.52629 0.696686
vn -0.374017 0.066403 0.925042
vn -0.794609 -0.515006 0.321504
vn -0.0683 -0.987694 0.140699
vn -0.533185 0.844176 0.055498
vn -0.533185 0.844176 0.055498
vn -0.199696 -0.0233 -0.979581
vn -0.919608 0.095701 -0.381003
vn 0.364108 -0.143603 0.920219
vn 0.253294 -0.102197 0.961976
vn 0.315284 0.237288 0.918853
vn 0.253294 -0.102197 0.961976
vn 0.416389 -0.191095 0.888877
vn 0.492307 0.318105 0.810212
vn 0.315284 0.237288 0.918853
vn 0.416389 -0.191095 0.888877
vn 0.336588 -0.064098 0.939468
vn 0.336588 -0.064098 0.939468
vn 0.315284 0.237288 0.918853
vn 0.336588 -0.064098 0.939468
vn 0.253294 -0.102197 0.961976
vn 0.336588 -0.064098 0.939468
vn 0.315284 0.237288 0.918853
vn 0.59951 -0.0157 0.800213
vn 0.59951 -0.0157 0.800213
vn 0.365897 0.670895 0.644995
vn 0.587208 0.205903 0.78281
vn 0.587208 0.205903 0.78281
vn 0.693014 -0.213404 0.688614
vn 0.643387 0.085198 0.760785
vn 0.56379 -0.142197 0.813585
vn 0.693014 -0.213404 0.688614
vn 0.587208 0.205903 0.78281
vn 0.619239 0.097306 0.77915
vn 0.619239 0.097306 0.77915
vn 0.546892 0.082899 0.833089
vn 0.56379 -0.142197 0.813585
vn 0.643387 0.085198 0.760785
vn 0.405915 0.719027 0.564121
vn 0.443085 0.744374 0.499583
vn 0.546892 0.082899 0.833089
vn 0.365897 0.670895 0.644995
vn 0.405915 0.719027 0.564121
vn -0.374017 0.066403 0.925042
vn 0.487491 -0.52629 0.696686
vn 0.549787 0.694184 0.464589
vn 0.549787 0.694184 0.464589
vn -0.533185 0.844176 0.055498
vn -0.374017 0.066403 0.925042
vn -0.0683 -0.987694 0.140699
vn 0.319707 -0.747617 -0.582113
vn 0.95985 -0.230612 -0.159708
vn 0.487491 -0.52629 0.696686
vn 0.319707 -0.747617 -0.582113
vn -0.199696 -0.0233 -0.979581
vn 0.394222 0.596133 -0.699439
vn 0.95985 -0.230612 -0.159708
vn 0.394222 0.596133 -0.699439
vn 0.443085 0.744374 0.499583
vn 0.358582 0.831458 0.424378
vn 0.443085 0.744374 0.499583
vn 0.496992 0.685088 0.532591
vn 0.358582 0.831458 0.424378
vn 0.496992 0.685088 0.532591
vn 0.482398 0.841196 0.244299
vn 0.482398 0.841196 0.244299
vn 0.487491 -0.52629 0.696686
vn 0.95985 -0.230612 -0.159708
vn 0.549787 0.694184 0.464589
vn 0.394222 0.596133 -0.699439
vn 0.496992 0.685088 0.532591
vn 0.394222 0.596133 -0.699439
vn -0.533185 0.844176 0.055498
vn 0.549787 0.694184 0.464589
vn -0.301901 0.729202 0.614102
vn 0.245699 -0.186199 0.951295
vn 0.795727 0.561219 0.227708
vn -0.951734 -0.039201 0.304411
vn 0.245699 -0.186199 0.951295
vn -0.301901 0.729202 0.614102
vn -0.301901 0.729202 0.614102
vn 0.795727 0.561219 0.227708
vn -0.24611 0.906137 -0.344014
vn -0.778265 0.258688 -0.572174
vn -0.951734 -0.039201 0.304411
vn -0.301901 0.729202 0.614102
vn -0.24611 0.906137 -0.344014
vn -0.193004 0.237505 0.952019
vn -0.542418 -0.053102 0.838429
vn -0.596074 0.177492 0.783066
vn -0.542418 -0.053102 0.838429
vn -0.862326 -0.387612 0.32581
vn -0.193004 0.237505 0.952019
vn -0.985675 0.101497 -0.134697
vn 0.039101 0.020201 0.999031
vn -0.337106 0.090402 0.937116
vn -0.193004 0.237505 0.952019
vn -0.337106 0.090402 0.937116
vn -0.542418 -0.053102 0.838429
vn -0.862326 -0.387612 0.32581
vn 0.405918 0.43372 0.804436
vn 0.405005 -0.0026 0.914311
vn 0.405918 0.43372 0.804436
vn 0.844936 0.336914 0.415418
vn 0.332317 -0.394621 0.856645
vn -0.179103 0.187403 0.965817
vn 0.039101 0.020201 0.999031
vn 0.039101 0.020201 0.999031
vn -0.179103 0.187403 0.965817
vn 0.045301 0.615516 0.786821
vn 0.405918 0.43372 0.804436
vn 0.332093 0.381892 0.862481
vn 0.333391 0.289392 0.897275
vn -0.193004 0.237505 0.952019
vn -0.193004 0.237505 0.952019
vn 0.333391 0.289392 0.897275
vn 0.411388 0.110197 0.904774
vn -0.179103 0.187403 0.965817
vn 0.505531 0.051803 0.861252
vn 0.505531 0.051803 0.861252
vn 0.429491 0.143597 0.891581
vn 0.505531 0.051803 0.861252
vn 0.332093 0.381892 0.862481
vn 0.698019 0.196405 0.688618
vn 0.429491 0.143597 0.891581
vn 0.045301 0.615516 0.786821
vn 0.486688 0.558187 0.671984
vn 0.483091 0.188296 0.855084
vn 0.483091 0.188296 0.855084
vn 0.276695 0.805787 0.523591
vn 0.405918 0.43372 0.804436
vn 0.486688 0.558187 0.671984
vn 0.844936 0.336914 0.415418
vn 0.411388 0.110197 0.904774
vn 0.505531 0.051803 0.861252
vn 0.483091 0.188296 0.855084
vn 0.483091 0.188296 0.855084
vn 0.488305 0.255903 0.834309
vn 0.488305 0.255903 0.834309
vn 0.494088 -0.431489 0.754781
vn 0.332317 -0.394621 0.856645
vn 0.945273 0.017899 0.325791
vn 0.949337 -0.184207 0.25461
vn 0.492307 0.318105 0.810212
vn 0.494088 -0.431489 0.754781
vn 0.949337 -0.184207 0.25461
vn 0.945273 0.017899 0.325791
vn 0.848114 0.418107 0.325405
vn 0.619239 0.097306 0.77915
vn 0.561628 -0.063603 0.824941
vn 0.56379 -0.142197 0.813585
vn 0.619239 0.097306 0.77915
vn 0.561628 -0.063603 0.824941
vn 0.56379 -0.142197 0.813585
vn 0.748714 -0.137803 0.648412
vn 0.748714 -0.137803 0.648412
vn 0.652813 0.573411 0.49501
vn 0.6848 -0.0557 0.7266
vn 0.848114 0.418107 0.325405
vn 0.6848 -0.0557 0.7266
vn 0.619239 0.097306 0.77915
vn 0.861444 0.134107 0.489825
vn 0.6848 -0.0557 0.7266
vn 0.848114 0.418107 0.325405
vn 0.764147 0.011501 0.64494
vn 0.764147 0.011501 0.64494
vn 0.861444 0.134107 0.489825
vn 0.652813 0.573411 0.49501
vn 0.748714 -0.137803 0.648412
vn 0.496992 0.685088 0.532591
vn 0.652813 0.573411 0.49501
vn 0.749794 0.651495 0.115599
vn 0.749794 0.651495 0.115599
vn 0.850959 -0.523775 -0.039098
vn 0.795727 0.561219 0.227708
vn 0.245699 -0.186199 0.951295
vn -0.428624 -0.787744 0.442425
vn -0.428624 -0.787744 0.442425
vn 0.493876 0.297486 -0.817061
vn 0.850959 -0.523775 -0.039098
vn 0.493876 0.297486 -0.817061
vn 0.795727 0.561219 0.227708
vn -0.503617 -0.151005 -0.850628
vn -0.305696 -0.816488 -0.489793
vn -0.305696 -0.816488 -0.489793
vn 0.227893 -0.787174 -0.573081
vn -0.93323 -0.179006 -0.31151
vn -0.93323 -0.179006 -0.31151
vn -0.911695 -0.309698 -0.269999
vn -0.394082 -0.204391 -0.89606
vn -0.379483 -0.194791 -0.90446
vn -0.503617 -0.151005 -0.850628
vn -0.305696 -0.816488 -0.489793
vn -0.503617 -0.151005 -0.850628
vn 0.227893 -0.787174 -0.573081
vn -0.916759 -0.262488 -0.301086
vn -0.384594 -0.110198 -0.916485
vn -0.925706 -0.0509 -0.374803
vn -0.379483 -0.194791 -0.90446
vn -0.394082 -0.204391 -0.89606
vn 0.283516 -0.18501 -0.940952
vn 0.259204 -0.210003 -0.942715
vn 0.259204 -0.210003 -0.942715
vn 0.354518 -0.0014 -0.935048
vn 0.283516 -0.18501 -0.940952
vn -0.420416 0.092204 -0.902634
vn 0.311206 -0.101402 -0.944917
vn 0.311206 -0.101402 -0.944917
vn -0.925706 -0.0509 -0.374803
vn -0.420416 0.092204 -0.902634
vn 0.332705 0.210603 -0.919214
vn -0.373199 0.706599 -0.601199
vn 0.128401 0.749005 -0.650004
vn 0.38089 -0.151196 -0.912175
vn 0.38089 -0.151196 -0.912175
vn -0.0188 0.828891 -0.559094
vn 0.227893 -0.787174 -0.573081
vn 0.311206 -0.101402 -0.944917
vn -0.69509 0.66279 -0.278496
vn -0.744469 -0.646073 0.168393
vn -0.760212 0.202803 0.61721
vn -0.760212 0.202803 0.61721
vn 0.039201 0.458313 0.887926
vn 0.300802 0.932906 0.198001
vn -0.69509 0.66279 -0.278496
vn -0.648886 -0.336193 -0.682585
vn 0.121502 -0.941414 0.314605
vn -0.744469 -0.646073 0.168393
vn -0.648886 -0.336193 -0.682585
vn 0.380407 -0.754215 -0.53521
vn 0.380407 -0.754215 -0.53521
vn 0.620018 -0.286208 0.730522
vn 0.121502 -0.941414 0.314605
vn 0.039201 0.458313 0.887926
vn 0.620018 -0.286208 0.730522
vn 0.996996 0.0344 0.0694
vn 0.300802 0.932906 0.198001
vn 0.832519 -0.0143 -0.553812
vn 0.311206 -0.101402 -0.944917
vn 0.259204 -0.210003 -0.942715
vn 0.845893 -0.190698 -0.498096
vn 0.830296 -0.0685 -0.553097
vn 0.259204 -0.210003 -0.942715
vn 0.898292 0.0325 -0.438196
vn 0.283516 -0.18501 -0.940952
vn 0.354518 -0.0014 -0.935048
vn 0.332705 0.210603 -0.919214
vn 0.845893 -0.190698 -0.498096
vn 0.378497 0.404797 -0.832394
vn -0.648886 -0.336193 -0.682585
vn -0.69509 0.66279 -0.278496
vn -0.69509 0.66279 -0.278496
vn 0.300802 0.932906 0.198001
vn 0.378497 0.404797 -0.832394
vn 0.378497 0.404797 -0.832394
vn 0.996996 0.0344 0.0694
vn -0.427708 -0.719614 -0.547011
vn -0.984939 -0.146206 0.092304
vn -0.694377 0.689677 -0.205393
vn -0.137995 0.0114 -0.990367
vn 0.817167 -0.389284 -0.425083
vn -0.427708 -0.719614 -0.547011
vn -0.137995 0.0114 -0.990367
vn 0.324687 -0.533979 0.780669
vn -0.260192 -0.948269 0.181894
vn 0.161504 -0.751621 -0.639518
vn 0.941441 -0.24071 0.23611
vn -0.0965 0.3258 0.940501
vn 0.324687 -0.533979 0.780669
vn 0.941441 -0.24071 0.23611
vn -0.260192 -0.948269 0.181894
vn -0.917203 -0.397101 -0.0324
vn -0.595716 -0.0108 -0.803122
vn 0.161504 -0.751621 -0.639518
vn 0.378497 0.404797 -0.832394
vn 0.378497 0.404797 -0.832394
vn -0.962991 -0.268398 0.0247
vn -0.493582 -0.179994 0.850869
vn -0.227407 0.66442 0.711921
vn 0.073301 0.083401 -0.993816
vn -0.401708 -0.726814 -0.557111
vn -0.962991 -0.268398 0.0247
vn -0.721809 0.562007 -0.403905
vn -0.721809 0.562007 -0.403905
vn -0.493582 -0.179994 0.850869
vn 0.296696 -0.592692 0.74879
vn 0.809984 0.076898 0.581388
vn -0.227407 0.66442 0.711921
vn -0.449504 0.850507 -0.273102
vn -0.917203 -0.397101 -0.0324
vn -0.805297 0.411198 0.427098
vn -0.805297 0.411198 0.427098
vn -0.0965 0.3258 0.940501
vn 0.357409 0.843522 0.40091
vn -0.449504 0.850507 -0.273102
vn -0.595716 -0.0108 -0.803122
vn -0.793286 -0.227896 0.56459
vn 0.080103 -0.232309 0.969338
vn 0.308916 0.679634 0.665333
vn -0.697063 0.709162 0.105794
vn -0.747058 -0.618365 -0.243986
vn -0.793286 -0.227896 0.56459
vn -0.697063 0.709162 0.105794
vn 0.073301 0.083401 -0.993816
vn 0.396803 -0.909006 -0.127501
vn -0.401708 -0.726814 -0.557111
vn 0.080103 -0.232309 0.969338
vn 0.616189 -0.690087 0.379593
vn 0.999818 0.0189 -0.0026
vn 0.308916 0.679634 0.665333
vn -0.656013 0.084402 -0.750015
vn 0.084404 -0.957441 -0.276012
vn -0.747058 -0.618365 -0.243986
vn -0.656013 0.084402 -0.750015
vn 0.373692 -0.333093 -0.865681
vn 0.373692 -0.333093 -0.865681
vn 0.616189 -0.690087 0.379593
vn 0.084404 -0.957441 -0.276012
vn 0.321105 0.751812 -0.575909
vn -0.656013 0.084402 -0.750015
vn -0.697063 0.709162 0.105794
vn 0.321105 0.751812 -0.575909
vn 0.321105 0.751812 -0.575909
vn -0.694377 0.689677 -0.205393
vn 0.296696 -0.592692 0.74879
vn 0.396803 -0.909006 -0.127501
vn 0.842624 -0.311009 -0.439612
vn 0.809984 0.076898 0.581388
vn 0.842624 -0.311009 -0.439612
vn 0.357409 0.843522 0.40091
vn 0.999818 0.0189 -0.0026
vn 0.802095 0.089199 0.590497
vn 0.817167 -0.389284 -0.425083
vn 0.555179 0.748972 -0.361686
vn 0.555179 0.748972 -0.361686
vn -0.0988 0.704097 0.703197
vn 0.802095 0.089199 0.590497
vn 0.817167 -0.389284 -0.425083
vn -0.137995 0.0114 -0.990367
vn 0.555179 0.748972 -0.361686
vn -0.137995 0.0114 -0.990367
vn -0.694377 0.689677 -0.205393
vn 0.555179 0.748972 -0.361686
vn -0.694377 0.689677 -0.205393
vn 0.809984 0.076898 0.581388
vn 0.842624 -0.311009 -0.439612
vn 0.53829 0.829285 -0.150097
vn 0.53829 0.829285 -0.150097
vn 0.842624 -0.311009 -0.439612
vn 0.073301 0.083401 -0.993816
vn 0.53829 0.829285 -0.150097
vn 0.640793 0.377496 -0.668492
vn -0.449504 0.850507 -0.273102
vn 0.357409 0.843522 0.40091
vn 0.640793 0.377496 -0.668492
vn 0.640793 0.377496 -0.668492
vn 0.161504 -0.751621 -0.639518
vn -0.595716 -0.0108 -0.803122
vn 0.640793 0.377496 -0.668492
vn 0.357409 0.843522 0.40091
vn 0.941441 -0.24071 0.23611
vn 0.941441 -0.24071 0.23611
vn 0.161504 -0.751621 -0.639518
vn 0.640793 0.377496 -0.668492
vn 0.321105 0.751812 -0.575909
vn 0.999818 0.0189 -0.0026
vn 0.373692 -0.333093 -0.865681
vn 0.321105 0.751812 -0.575909
vn 0.073301 0.083401 -0.993816
vn -0.721809 0.562007 -0.403905
vn 0.53829 0.829285 -0.150097
vn -0.443911 -0.522012 -0.728317
vn -0.371504 -0.332604 -0.86681
vn -0.331404 -0.622707 -0.708808
vn -0.150593 -0.748965 -0.64527
vn -0.150593 -0.748965 -0.64527
vn -0.239605 -0.579012 -0.779316
vn 0.406192 -0.201996 -0.891182
vn 0.4182 -0.4158 -0.807601
vn 0.4182 -0.4158 -0.807601
vn -0.169702 -0.506106 -0.845611
vn 0.089996 -0.472981 -0.876464
vn -0.169702 -0.506106 -0.845611
vn 0.0651 -0.686505 -0.724205
vn 0.406192 -0.201996 -0.891182
vn -0.169702 -0.506106 -0.845611
vn 0.089996 -0.472981 -0.876464
vn 0.409106 -0.459906 -0.788111
vn 0.344899 -0.474799 -0.809698
vn 0.406192 -0.201996 -0.891182
vn 0.089996 -0.472981 -0.876464
vn 0.344899 -0.474799 -0.809698
vn -0.157207 -0.567626 -0.808137
vn -0.169702 -0.506106 -0.845611
vn -0.443911 -0.522012 -0.728317
vn -0.260804 -0.464108 -0.846514
vn -0.260804 -0.464108 -0.846514
vn 0.141795 -0.264991 -0.953768
vn 0.254301 -0.534802 -0.805803
vn 0.131501 -0.342402 -0.930306
vn -0.150593 -0.748965 -0.64527
vn -0.150593 -0.748965 -0.64527
vn 0.131501 -0.342402 -0.930306
vn -0.452687 -0.461287 -0.763078
vn -0.260804 -0.464108 -0.846514
vn -0.443911 -0.522012 -0.728317
vn -0.150593 -0.748965 -0.64527
vn -0.150593 -0.748965 -0.64527
vn -0.452687 -0.461287 -0.763078
vn -0.260804 -0.464108 -0.846514
vn 0.131501 -0.342402 -0.930306
vn 0.254301 -0.534802 -0.805803
vn 0.2632 -0.1429 -0.954099
vn 0.2632 -0.1429 -0.954099
vn -0.452687 -0.461287 -0.763078
vn 0.131501 -0.342402 -0.930306
vn 0.254301 -0.534802 -0.805803
vn 0.384511 -0.217106 -0.897227
vn 0.2632 -0.1429 -0.954099
vn 0.325209 0.648319 -0.68842
vn 0.089399 -0.500192 -0.861287
vn 0.325209 0.648319 -0.68842
vn 0.133302 0.636809 -0.759411
vn 0.384511 -0.217106 -0.897227
vn 0.155992 0.440378 -0.884157
vn 0.35829 0.507886 -0.783378
vn 0.293603 -0.0057 -0.95591
vn 0.375581 -0.133293 -0.917154
vn 0.641122 -0.30731 -0.703224
vn 0.375581 -0.133293 -0.917154
vn 0.384511 -0.217106 -0.897227
vn 0.641122 -0.30731 -0.703224
vn 0.35829 0.507886 -0.783378
vn 0.746388 0.282896 -0.602391
vn 0.635377 0.077797 -0.768273
vn 0.641122 -0.30731 -0.703224
vn 0.512688 0.616185 -0.597886
vn 0.635377 0.077797 -0.768273
vn 0.746388 0.282896 -0.602391
vn 0.876136 -0.173607 -0.449718
vn 0.624688 0.679087 -0.385493
vn 0.889334 0.024201 -0.456617
vn 0.624688 0.679087 -0.385493
vn 0.632896 0.635396 -0.442397
vn 0.619594 0.605894 -0.498995
vn 0.666414 0.543012 -0.510911
vn 0.558285 -0.591084 -0.582184
vn 0.619594 0.605894 -0.498995
vn 0.632896 0.635396 -0.442397
vn 0.613099 0.673699 -0.4126
vn 0.325209 0.648319 -0.68842
vn 0.325209 0.648319 -0.68842
vn 0.669139 0.591835 -0.449426
vn 0.775215 -0.626712 -0.079202
vn 0.669139 0.591835 -0.449426
vn 0.370613 0.907632 -0.197107
vn 0.325209 0.648319 -0.68842
vn 0.613099 0.673699 -0.4126
vn 0.847883 -0.0229 -0.529689
vn 0.370613 0.907632 -0.197107
vn 0.613099 0.673699 -0.4126
vn 0.666414 0.543012 -0.510911
vn -0.073998 0.269792 -0.960071
vn -0.260804 -0.464108 -0.846514
vn 0.141795 -0.264991 -0.953768
vn -0.157207 -0.567626 -0.808137
vn 0.293603 -0.0057 -0.95591
vn 0.375581 -0.133293 -0.917154
vn 0.41438 0.077996 -0.906756
vn -0.073998 0.269792 -0.960071
vn 0.283482 0.493169 -0.822449
vn 0.41438 0.077996 -0.906756
vn 0.296493 0.104698 -0.949279
vn 0.375581 -0.133293 -0.917154
vn 0.141795 -0.264991 -0.953768
vn 0.409106 -0.459906 -0.788111
vn 0.512688 0.616185 -0.597886
vn 0.635377 0.077797 -0.768273
vn 0.283482 0.493169 -0.822449
vn 0.854464 0.390283 -0.342886
vn 0.611995 -0.215998 -0.760794
vn 0.296493 0.104698 -0.949279
vn 0.296493 0.104698 -0.949279
vn 0.325209 0.648319 -0.68842
vn 0.370613 0.907632 -0.197107
vn 0.35829 0.507886 -0.783378
vn 0.558285 -0.591084 -0.582184
vn 0.726865 0.149693 -0.670268
vn 0.847883 -0.0229 -0.529689
vn 0.666414 0.543012 -0.510911
vn 0.406192 -0.201996 -0.891182
vn 0.406192 -0.201996 -0.891182
vn 0.344899 -0.474799 -0.809698
vn 0.49441 -0.430709 -0.755016
vn 0.4557 -0.3974 -0.796499
vn 0.4557 -0.3974 -0.796499
vn 0.611995 -0.215998 -0.760794
vn 0.49441 -0.430709 -0.755016
vn 0.4557 -0.3974 -0.796499
vn 0.4391 -0.4208 -0.7938
vn 0.488093 -0.518493 -0.70209
vn 0.614376 -0.383085 -0.689773
vn 0.760368 -0.519678 -0.389584
vn 0.756925 -0.416214 -0.503816
vn 0.760368 -0.519678 -0.389584
vn 0.772672 -0.103096 -0.626377
vn 0.488093 -0.518493 -0.70209
vn 0.4391 -0.4208 -0.7938
vn 0.611995 -0.215998 -0.760794
vn 0.772672 -0.103096 -0.626377
vn -0.227407 0.66442 0.711921
vn 0.55839 0.767286 -0.315394
vn 0.847995 0.525597 -0.0682
vn 0.991196 -0.0703 -0.1122
vn 0.973143 0.195209 -0.122005
vn 0.973143 0.195209 -0.122005
vn 0.889334 0.024201 -0.456617
vn 0.719523 0.688922 0.087603
vn 0.666414 0.543012 -0.510911
vn 0.628807 0.663207 -0.405904
vn 0.889334 0.024201 -0.456617
vn 0.889334 0.024201 -0.456617
vn 0.628807 0.663207 -0.405904
vn 0.719523 0.688922 0.087603
vn 0.628807 0.663207 -0.405904
vn 0.719523 0.688922 0.087603
vn -0.894424 -0.39291 -0.213606
vn -0.76577 -0.308888 -0.564078
vn -0.588386 -0.659385 -0.467989
vn -0.985675 0.101497 -0.134697
vn -0.750696 -0.094899 -0.653796
vn -0.386503 -0.845906 -0.367503
vn -0.750696 -0.094899 -0.653796
vn -0.390499 0.2518 -0.885498
vn 0.233202 -0.810507 -0.537304
vn 0.233202 -0.810507 -0.537304
vn -0.390499 0.2518 -0.885498
vn -0.213301 0.262701 -0.941005
vn 0.721736 -0.577529 -0.381519
vn 0.690885 -0.530389 -0.491289
vn -0.375394 -0.109398 -0.920386
vn -0.393698 -0.427098 -0.813996
vn 0.523091 -0.463092 -0.715487
vn 0.523091 -0.463092 -0.715487
vn 0.834994 -0.545396 -0.072999
vn 0.690885 -0.530389 -0.491289
vn 0.794378 -0.35249 -0.494686
vn 0.523091 -0.463092 -0.715487
vn -0.393698 -0.427098 -0.813996
vn -0.600297 -0.677197 -0.425498
vn -0.600297 -0.677197 -0.425498
vn -0.099199 -0.633696 -0.767195
vn -0.393698 -0.427098 -0.813996
vn -0.099199 -0.633696 -0.767195
vn -0.650341 -0.751547 -0.110607
vn -0.841285 -0.296095 -0.452292
vn -0.67277 -0.728467 -0.129294
vn -0.67277 -0.728467 -0.129294
vn -0.708107 -0.212702 -0.673307
vn -0.709211 -0.528309 -0.466808
vn -0.76577 -0.308888 -0.564078
vn -0.708107 -0.212702 -0.673307
vn -0.841285 -0.296095 -0.452292
vn -0.59289 -0.180097 -0.784887
vn -0.697718 -0.343009 -0.628916
vn -0.59289 -0.180097 -0.784887
vn -0.685683 -0.686883 -0.240894
vn -0.729694 -0.655794 -0.193598
vn -0.721209 -0.670508 -0.174002
vn -0.685683 -0.686883 -0.240894
vn -0.628371 -0.710267 -0.317285
vn -0.600297 -0.677197 -0.425498
vn -0.729694 -0.655794 -0.193598
vn -0.470198 -0.659497 -0.586497
vn -0.678226 -0.708727 -0.194207
vn -0.628371 -0.710267 -0.317285
vn -0.678226 -0.708727 -0.194207
vn -0.562193 -0.529594 -0.635192
vn -0.094003 -0.32151 -0.942229
vn -0.470198 -0.659497 -0.586497
vn -0.628371 -0.710267 -0.317285
vn -0.628371 -0.710267 -0.317285
vn -0.562193 -0.529594 -0.635192
vn -0.094003 -0.32151 -0.942229
vn -0.099199 -0.633696 -0.767195
vn -0.600297 -0.677197 -0.425498
vn -0.0038 -0.737995 -0.674795
vn -0.099199 -0.633696 -0.767195
vn 0.281005 -0.653413 -0.702914
vn 0.794378 -0.35249 -0.494686
vn -0.0038 -0.737995 -0.674795
vn 0.281005 -0.653413 -0.702914
vn -0.099199 -0.633696 -0.767195
vn -0.600297 -0.677197 -0.425498
vn -0.470198 -0.659497 -0.586497
vn -0.721209 -0.670508 -0.174002
vn -0.709211 -0.528309 -0.466808
vn -0.421302 -0.0675 -0.904405
vn -0.421302 -0.0675 -0.904405
vn -0.094003 -0.32151 -0.942229
vn -0.639595 -0.291998 -0.711095
vn -0.265404 -0.104901 -0.958414
vn -0.275587 -0.383282 -0.881559
vn -0.265404 -0.104901 -0.958414
vn -0.639595 -0.291998 -0.711095
vn -0.697718 -0.343009 -0.628916
vn 0.080096 -0.063597 -0.994756
vn -0.094003 -0.32151 -0.942229
vn -0.562193 -0.529594 -0.635192
vn -0.0247 0.1438 -0.989299
vn -0.275587 -0.383282 -0.881559
vn 0.080096 -0.063597 -0.994756
vn -0.265404 -0.104901 -0.958414
vn -0.094003 -0.32151 -0.942229
vn -0.0247 0.1438 -0.989299
vn 0.378698 -0.216699 -0.899794
vn 0.378698 -0.216699 -0.899794
vn 0.080096 -0.063597 -0.994756
vn 0.276204 -0.0188 -0.960915
vn 0.26831 0.183807 -0.945635
vn 0.717417 -0.043001 -0.695316
vn 0.276204 -0.0188 -0.960915
vn -0.157302 -0.593106 -0.789608
vn 0.717417 -0.043001 -0.695316
vn -0.275587 -0.383282 -0.881559
vn -0.275587 -0.383282 -0.881559
vn -0.588386 -0.659385 -0.467989
vn -0.157302 -0.593106 -0.789608
vn 0.610577 -0.539279 -0.579978
vn 0.336797 -0.666795 -0.664795
vn 0.610577 -0.539279 -0.579978
vn 0.913931 -0.383213 -0.133705
vn 0.610577 -0.539279 -0.579978
vn 0.913931 -0.383213 -0.133705
vn 0.794378 -0.35249 -0.494686
vn 0.913931 -0.383213 -0.133705
vn 0.84413 -0.503318 -0.184706
vn 0.631704 -0.549704 -0.546604
vn 0.84413 -0.503318 -0.184706
vn 0.871604 -0.451002 0.192101
vn 0.941889 -0.078199 -0.326696
vn 0.997157 -0.067597 -0.033299
vn 0.631704 -0.549704 -0.546604
vn 0.709676 -0.167294 -0.684377
vn 0.336797 -0.666795 -0.664795
vn 0.941889 -0.078199 -0.326696
vn 0.897025 0.326309 -0.298108
vn 0.85341 0.350604 -0.385705
vn 0.897025 0.326309 -0.298108
vn 0.85341 0.350604 -0.385705
vn 0.875981 0.313593 -0.366492
vn 0.86879 0.350596 -0.349696
vn 0.90689 0.364096 -0.212098
vn 0.897025 0.326309 -0.298108
vn 0.86879 0.350596 -0.349696
vn 0.85341 0.350604 -0.385705
vn 0.636196 0.243198 -0.732195
vn 0.685374 0.143695 -0.713873
vn 0.85341 0.350604 -0.385705
vn 0.685374 0.143695 -0.713873
vn 0.709676 -0.167294 -0.684377
vn 0.378698 -0.216699 -0.899794
vn 0.717417 -0.043001 -0.695316
vn 0.717417 -0.043001 -0.695316
vn 0.875981 0.313593 -0.366492
vn 0.685374 0.143695 -0.713873
vn 0.905494 0.338598 -0.255798
vn 0.905494 0.338598 -0.255798
vn 0.86879 0.350596 -0.349696
vn 0.943291 0.296297 0.149699
vn -0.806199 0.496799 -0.3213
vn -0.839131 -0.410715 -0.356613
vn -0.628011 -0.52991 0.56991
vn -0.628011 -0.52991 0.56991
vn 0.316797 -0.714594 0.623695
vn 0.530516 0.147604 0.834725
vn -0.574387 0.42389 0.700284
vn 0.530516 0.147604 0.834725
vn -0.574387 0.42389 0.700284
vn -0.628011 -0.52991 0.56991
vn -0.806199 0.496799 -0.3213
vn -0.0269 -0.617395 -0.786193
vn -0.839131 -0.410715 -0.356613
vn 0.147693 0.303987 -0.941158
vn 0.615394 -0.755692 -0.224098
vn -0.0269 -0.617395 -0.786193
vn 0.147693 0.303987 -0.941158
vn -0.272686 0.821259 0.501175
vn -0.926688 0.0101 -0.375695
vn -0.8563 0.0463 0.5144
vn -0.8563 0.0463 0.5144
vn -0.245296 -0.66129 0.70889
vn 0.423695 0.095199 0.900789
vn -0.272686 0.821259 0.501175
vn 0.2415 0.0011 -0.9704
vn -0.365492 -0.578287 -0.729383
vn -0.926688 0.0101 -0.375695
vn -0.46581 0.745115 -0.47731
vn -0.46581 0.745115 -0.47731
vn 0.316797 -0.714594 0.623695
vn 0.615394 -0.755692 -0.224098
vn 0.961125 -0.0077 -0.276007
vn 0.530516 0.147604 0.834725
vn 0.147693 0.303987 -0.941158
vn 0.961125 -0.0077 -0.276007
vn 0.615394 -0.755692 -0.224098
vn -0.245296 -0.66129 0.70889
vn 0.053502 -0.98573 -0.159605
vn 0.855589 -0.517593 -0.008
vn 0.423695 0.095199 0.900789
vn 0.053502 -0.98573 -0.159605
vn -0.365492 -0.578287 -0.729383
vn 0.2415 0.0011 -0.9704
vn 0.2415 0.0011 -0.9704
vn 0.855589 -0.517593 -0.008
vn 0.053502 -0.98573 -0.159605
vn 0.215697 -0.565293 -0.79619
vn 0.49008 -0.733869 0.47038
vn -0.118803 -0.991127 -0.059602
vn -0.118803 -0.991127 -0.059602
vn -0.85868 -0.495488 -0.130997
vn 0.215697 -0.565293 -0.79619
vn -0.796502 0.1155 0.593502
vn 0.055699 -0.0119 0.998377
vn 0.468412 0.697718 0.542014
vn -0.461888 0.877076 0.131896
vn -0.85868 -0.495488 -0.130997
vn -0.796502 0.1155 0.593502
vn -0.461888 0.877076 0.131896
vn 0.055699 -0.0119 0.998377
vn 0.49008 -0.733869 0.47038
vn 0.989278 -0.145897 0.0066
vn 0.468412 0.697718 0.542014
vn 0.989278 -0.145897 0.0066
vn -0.85868 -0.495488 -0.130997
vn -0.698438 0.138007 -0.702238
vn 0.215697 -0.565293 -0.79619
vn -0.698438 0.138007 -0.702238
vn 0.717417 -0.043001 -0.695316
vn -0.157302 -0.593106 -0.789608
vn 0.203504 -0.639911 -0.741013
vn 0.717417 -0.043001 -0.695316
vn 0.203504 -0.639911 -0.741013
vn 0.459626 -0.403723 -0.791045
vn 0.69512 -0.159305 -0.70102
vn 0.93832 0.038601 -0.343607
vn 0.993113 0.102801 -0.056201
vn 0.717417 -0.043001 -0.695316
vn 0.93832 0.038601 -0.343607
vn 0.738513 0.641611 -0.207204
vn 0.423695 0.095199 0.900789
vn 0.855589 -0.517593 -0.008
vn 0.738513 0.641611 -0.207204
vn 0.371116 0.579425 -0.725631
vn -0.698438 0.138007 -0.702238
vn -0.461888 0.877076 0.131896
vn 0.371116 0.579425 -0.725631
vn 0.371116 0.579425 -0.725631
vn 0.371116 0.579425 -0.725631
vn 0.558285 -0.591084 -0.582184
vn 0.387898 -0.843695 -0.371098
vn 0.569193 -0.686292 -0.452795
vn 0.750917 0.653715 0.093702
vn 0.750917 0.653715 0.093702
vn 0.775215 -0.626712 -0.079202
vn 0.595801 -0.802701 -0.0263
vn 0.569193 -0.686292 -0.452795
vn 0.595801 -0.802701 -0.0263
vn 0.387898 -0.843695 -0.371098
vn 0.393915 -0.433816 -0.81033
vn 0.42582 -0.595827 -0.680931
vn 0.226396 -0.559391 -0.797387
vn 0.108805 -0.150207 -0.982649
vn 0.302597 -0.591094 -0.747692
vn 0.315498 -0.513796 -0.797794
vn 0.302597 -0.591094 -0.747692
vn 0.226396 -0.559391 -0.797387
vn 0.42582 -0.595827 -0.680931
vn 0.079096 -0.049198 -0.995652
vn 0.302597 -0.591094 -0.747692
vn 0.229898 -0.508195 -0.829991
vn 0.393915 -0.433816 -0.81033
vn 0.066398 -0.36769 -0.927575
vn 0.347101 -0.365901 -0.863503
vn 0.191693 -0.506982 -0.840371
vn 0.2186 -0.605799 -0.764998
vn 0.229898 -0.508195 -0.829991
vn 0.302597 -0.591094 -0.747692
vn 0.315498 -0.513796 -0.797794
vn 0.42582 -0.595827 -0.680931
vn 0.108805 -0.150207 -0.982649
vn 0.315498 -0.513796 -0.797794
vn 0.339884 -0.635171 -0.693568
vn 0.347101 -0.365901 -0.863503
vn 0.109502 -0.475608 -0.872815
vn 0.347101 -0.365901 -0.863503
vn 0.339884 -0.635171 -0.693568
vn 0.438588 -0.622183 -0.648482
vn 0.109502 -0.475608 -0.872815
vn 0.751694 -0.550296 -0.363497
vn -0.071801 -0.816115 -0.573411
vn 0.158193 -0.83866 0.521175
vn 0.393915 -0.433816 -0.81033
vn 0.191693 -0.506982 -0.840371
vn -0.748586 -0.55879 -0.356893
vn -0.928069 -0.210093 -0.30749
vn -0.928069 -0.210093 -0.30749
vn 0.158193 -0.83866 0.521175
vn -0.748586 -0.55879 -0.356893
vn -0.806587 -0.556791 0.198497
vn -0.985675 0.101497 -0.134697
vn -0.928069 -0.210093 -0.30749
vn -0.982782 -0.072399 -0.169997
vn -0.982782 -0.072399 -0.169997
vn -0.936706 -0.202801 -0.285402
vn -0.985675 0.101497 -0.134697
vn -0.936706 -0.202801 -0.285402
vn -0.928069 -0.210093 -0.30749
vn -0.748586 -0.55879 -0.356893
vn -0.873123 -0.294608 -0.38841
vn -0.873123 -0.294608 -0.38841
vn -0.982782 -0.072399 -0.169997
vn -0.928069 -0.210093 -0.30749
vn -0.936706 -0.202801 -0.285402
vn -0.995676 0.092598 0.0074
vn -0.857191 -0.506495 -0.093199
vn -0.806206 0.110601 -0.581205
vn -0.588386 -0.659385 -0.467989
vn -0.936706 -0.202801 -0.285402
vn -0.857191 -0.506495 -0.093199
vn -0.596376 -0.613975 -0.517079
vn -0.596376 -0.613975 -0.517079
vn -0.995676 0.092598 0.0074
vn -0.936706 -0.202801 -0.285402
vn -0.982782 -0.072399 -0.169997
vn -0.873123 -0.294608 -0.38841
vn -0.995676 0.092598 0.0074
vn -0.873123 -0.294608 -0.38841
vn -0.806206 0.110601 -0.581205
vn -0.071801 -0.816115 -0.573411
vn -0.303206 -0.246405 -0.920517
vn -0.303206 -0.246405 -0.920517
vn -0.156807 -0.406618 -0.900041
vn -0.071801 -0.816115 -0.573411
vn 0.191693 -0.506982 -0.840371
vn 0.070099 -0.655787 -0.751685
vn 0.070099 -0.655787 -0.751685
vn -0.0586 -0.396402 -0.916205
vn 0.267896 -0.358695 -0.894187
vn -0.0586 -0.396402 -0.916205
vn 0.191693 -0.506982 -0.840371
vn 0.109502 -0.475608 -0.872815
vn 0.444894 -0.308996 -0.840589
vn -0.0586 -0.396402 -0.916205
vn 0.267896 -0.358695 -0.894187
vn 0.555387 -0.230595 -0.798981
vn 0.555387 -0.230595 -0.798981
vn 0.508022 0.139106 -0.850037
vn -0.303206 -0.246405 -0.920517
vn 0.070099 -0.655787 -0.751685
vn 0.444894 -0.308996 -0.840589
vn 0.486683 -0.047798 -0.87227
vn -0.156807 -0.406618 -0.900041
vn -0.303206 -0.246405 -0.920517
vn 0.508022 0.139106 -0.850037
vn 0.486683 -0.047798 -0.87227
vn -0.303206 -0.246405 -0.920517
vn 0.455708 -0.890016 0.0142
vn -0.565925 0.584726 -0.581226
vn -0.760608 -0.299103 -0.576206
vn -0.903095 -0.306398 0.300898
vn -0.704194 0.504495 0.499596
vn 0.488908 0.129202 -0.862714
vn 0.030599 -0.621679 -0.782674
vn -0.760608 -0.299103 -0.576206
vn -0.565925 0.584726 -0.581226
vn 0.488908 0.129202 -0.862714
vn 0.455708 -0.890016 0.0142
vn 0.030599 -0.621679 -0.782674
vn 0.967921 -0.067901 0.241905
vn 0.360609 0.928423 -0.089402
vn -0.565925 0.584726 -0.581226
vn -0.704194 0.504495 0.499596
vn -0.565925 0.584726 -0.581226
vn 0.360609 0.928423 -0.089402
vn 0.488908 0.129202 -0.862714
vn 0.967921 -0.067901 0.241905
vn 0.380502 0.787703 -0.484502
vn 0.2186 -0.605799 -0.764998
vn 0.339884 -0.635171 -0.693568
vn 0.266213 -0.129706 -0.955148
vn 0.339884 -0.635171 -0.693568
vn 0.200692 0.081497 -0.976259
vn 0.3305 0.2437 -0.9118
vn 0.266213 -0.129706 -0.955148
vn 0.339884 -0.635171 -0.693568
vn 0.266213 -0.129706 -0.955148
vn 0.438588 -0.622183 -0.648482
vn 0.474109 -0.388508 -0.790115
vn 0.438588 -0.622183 -0.648482
vn 0.266213 -0.129706 -0.955148
vn 0.474109 -0.388508 -0.790115
vn 0.1431 0.534601 -0.832901
vn 0.267409 0.773427 -0.57472
vn 0.380502 0.787703 -0.484502
vn 0.302389 0.55398 -0.775672
vn 0.350199 0.389399 -0.851897
vn 0.380502 0.787703 -0.484502
vn 0.302389 0.55398 -0.775672
vn 0.1431 0.534601 -0.832901
vn 0.368284 0.376284 -0.850163
vn -0.0286 -0.590805 0.806307
vn 0.599193 -0.796291 0.082999
vn 0.999865 0.014599 0.0076
vn 0.294005 0.365606 0.883115
vn -0.816997 -0.344399 0.462498
vn -0.0286 -0.590805 0.806307
vn 0.999865 0.014599 0.0076
vn 0.294005 0.365606 0.883115
vn -0.0286 -0.590805 0.806307
vn -0.45131 0.662615 0.597713
vn -0.896795 -0.204599 -0.392298
vn -0.824086 -0.170197 0.540291
vn -0.824086 -0.170197 0.540291
vn -0.072297 -0.598878 0.79757
vn 0.414813 0.156605 0.896329
vn -0.45131 0.662615 0.597713
vn 0.599193 -0.796291 0.082999
vn 0.0094 -0.723187 -0.690588
vn 0.245804 0.0033 -0.969314
vn 0.999865 0.014599 0.0076
vn -0.698319 0.36871 -0.613517
vn 0.0094 -0.723187 -0.690588
vn -0.796481 -0.457389 -0.395491
vn -0.796481 -0.457389 -0.395491
vn -0.816997 -0.344399 0.462498
vn -0.707013 0.53291 0.464908
vn -0.698319 0.36871 -0.613517
vn -0.662882 0.594084 -0.455688
vn -0.170803 -0.711114 -0.682014
vn -0.896795 -0.204599 -0.392298
vn -0.662882 0.594084 -0.455688
vn 0.245804 0.0033 -0.969314
vn 0.280586 -0.043298 -0.958852
vn 0.322901 -0.944604 0.0588
vn -0.170803 -0.711114 -0.682014
vn 0.280586 -0.043298 -0.958852
vn 0.050801 -0.932027 -0.35881
vn -0.072297 -0.598878 0.79757
vn 0.322901 -0.944604 0.0588
vn 0.968461 -0.24279 0.055998
vn 0.414813 0.156605 0.896329
vn -0.24611 0.906137 -0.344014
vn -0.241608 -0.273509 -0.931031
vn -0.778265 0.258688 -0.572174
vn 0.968461 -0.24279 0.055998
vn 0.050801 -0.932027 -0.35881
vn -0.241608 -0.273509 -0.931031
vn -0.241608 -0.273509 -0.931031
vn -0.24611 0.906137 -0.344014
vn 0.493876 0.297486 -0.817061
vn 0.532424 0.146307 0.833738
vn -0.857827 0.210807 0.468715
vn -0.220799 -0.320098 0.921295
vn -0.220799 -0.320098 0.921295
vn 0.0789 -0.960295 0.267599
vn 0.804365 -0.594074 -0.0085
vn 0.532424 0.146307 0.833738
vn 0.485204 0.860607 -0.154701
vn -0.268582 0.911541 0.31138
vn -0.916778 -0.111597 -0.383491
vn -0.857827 0.210807 0.468715
vn -0.268582 0.911541 0.31138
vn -0.317703 0.424803 -0.847707
vn -0.351488 -0.791374 -0.500183
vn -0.916778 -0.111597 -0.383491
vn -0.317703 0.424803 -0.847707
vn 0.0789 -0.960295 0.267599
vn -0.351488 -0.791374 -0.500183
vn 0.373192 -0.347092 -0.860381
vn 0.804365 -0.594074 -0.0085
vn 0.373192 -0.347092 -0.860381
vn -0.707013 0.53291 0.464908
vn -0.707013 0.53291 0.464908
vn 0.294005 0.365606 0.883115
vn 0.251994 0.929476 -0.269393
vn 0.251994 0.929476 -0.269393
vn -0.698319 0.36871 -0.613517
vn -0.707013 0.53291 0.464908
vn 0.294005 0.365606 0.883115
vn 0.999865 0.014599 0.0076
vn 0.251994 0.929476 -0.269393
vn 0.251994 0.929476 -0.269393
vn 0.251994 0.929476 -0.269393
vn 0.999865 0.014599 0.0076
vn 0.245804 0.0033 -0.969314
vn 0.450901 0.859702 -0.240001
vn -0.45131 0.662615 0.597713
vn 0.414813 0.156605 0.896329
vn 0.414813 0.156605 0.896329
vn 0.968461 -0.24279 0.055998
vn 0.450901 0.859702 -0.240001
vn 0.450901 0.859702 -0.240001
vn -0.662882 0.594084 -0.455688
vn -0.45131 0.662615 0.597713
vn 0.450901 0.859702 -0.240001
vn 0.450901 0.859702 -0.240001
vn 0.109502 -0.475608 -0.872815
vn 0.267896 -0.358695 -0.894187
vn 0.317815 0.0039 -0.948145
vn 0.178696 0.0074 -0.983877
vn 0.333699 0.482399 -0.809899
vn 0.380502 0.787703 -0.484502
vn 0.593599 -0.0485 -0.803298
vn 0.593599 -0.0485 -0.803298
vn 0.267896 -0.358695 -0.894187
vn 0.474109 -0.388508 -0.790115
vn 0.489197 -0.0177 -0.871994
vn 0.489197 -0.0177 -0.871994
vn 0.533928 -0.208011 -0.819544
vn 0.344691 -0.041999 -0.937776
vn 0.207793 -0.059398 -0.976368
vn 0.286896 -0.0184 -0.957785
vn 0.344691 -0.041999 -0.937776
vn 0.317815 0.0039 -0.948145
vn 0.207793 -0.059398 -0.976368
vn 0.178696 0.0074 -0.983877
vn 0.207793 -0.059398 -0.976368
vn 0.178696 0.0074 -0.983877
vn 0.286896 -0.0184 -0.957785
vn 0.219204 -0.124402 -0.967716
vn 0.219204 -0.124402 -0.967716
vn 0.219204 -0.124402 -0.967716
vn 0.394488 -0.097897 -0.913672
vn 0.286896 -0.0184 -0.957785
vn 0.394488 -0.097897 -0.913672
vn 0.463392 -0.096498 -0.880884
vn 0.394488 -0.097897 -0.913672
vn 0.463392 -0.096498 -0.880884
vn 0.685795 -0.104899 -0.720195
vn 0.685795 -0.104899 -0.720195
vn 0.463392 -0.096498 -0.880884
vn 0.499227 0.587332 -0.637035
vn 0.671871 0.099396 -0.733968
vn 0.671871 0.099396 -0.733968
vn 0.602594 0.653894 -0.457496
vn 0.499227 0.587332 -0.637035
vn 0.858502 0.0337 -0.511701
vn 0.602594 0.653894 -0.457496
vn -0.874311 -0.075201 -0.479506
vn -0.806206 0.110601 -0.581205
vn -0.873123 -0.294608 -0.38841
vn -0.156807 -0.406618 -0.900041
vn 0.276695 0.805787 0.523591
vn 0.430015 0.734825 0.524518
vn 0.486688 0.558187 0.671984
vn 0.430015 0.734825 0.524518
vn 0.495098 0.804097 0.329099
vn 0.787882 0.565687 0.243394
vn 0.430015 0.734825 0.524518
vn 0.430015 0.734825 0.524518
vn 0.787882 0.565687 0.243394
vn 0.787882 0.565687 0.243394
vn 0.495098 0.804097 0.329099
vn 0.518711 0.842217 -0.147003
vn 0.762005 0.647004 0.0271
vn 0.762005 0.647004 0.0271
vn 0.895381 0.367892 -0.250895
vn 0.698019 0.196405 0.688618
vn 0.726922 0.124604 0.675321
vn 0.495098 0.804097 0.329099
vn 0.488305 0.255903 0.834309
vn 0.726922 0.124604 0.675321
vn 0.948501 0.3114 -0.0581
vn 0.946964 0.211992 0.241491
vn 0.948501 0.3114 -0.0581
vn 0.969117 0.123402 -0.213504
vn 0.997596 0.0373 -0.0584
vn 0.948501 0.3114 -0.0581
vn 0.969117 0.123402 -0.213504
vn 0.997596 0.0373 -0.0584
vn 0.954563 0.281989 -0.096396
vn 0.993113 0.102801 -0.056201
vn 0.954563 0.281989 -0.096396
vn 0.997596 0.0373 -0.0584
vn 0.541697 0.731496 -0.414098
vn 0.541697 0.731496 -0.414098
vn 0.463725 0.807743 -0.364019
vn 0.954563 0.281989 -0.096396
vn 0.517484 0.539883 -0.66388
vn 0.1976 0.8848 -0.422
vn 0.895381 0.367892 -0.250895
vn 0.541697 0.731496 -0.414098
vn 0.517484 0.539883 -0.66388
vn 0.483727 0.711539 -0.509628
vn 0.33589 0.633781 -0.696779
vn 0.895381 0.367892 -0.250895
vn 0.517484 0.539883 -0.66388
vn -0.0697 0.740705 -0.668205
vn 0.517484 0.539883 -0.66388
vn 0.168908 0.527426 -0.832641
vn -0.0697 0.740705 -0.668205
vn 0.168908 0.527426 -0.832641
vn 0.956713 0.251703 -0.146102
vn 0.463725 0.807743 -0.364019
vn 0.954563 0.281989 -0.096396
vn 0.956713 0.251703 -0.146102
vn 0.483727 0.711539 -0.509628
vn 0.69962 -0.020501 -0.714221
vn 0.33589 0.633781 -0.696779
vn 0.873993 0.175099 -0.453296
vn 0.956713 0.251703 -0.146102
vn 0.920594 -0.0387 -0.388598
vn 0.930884 -0.122698 -0.344094
vn 0.945273 0.017899 0.325791
vn 0.920594 -0.0387 -0.388598
vn 0.920594 -0.0387 -0.388598
vn 0.895381 0.367892 -0.250895
vn 0.555387 -0.230595 -0.798981
vn 0.920594 -0.0387 -0.388598
vn 0.949337 -0.184207 0.25461
vn 0.930884 -0.122698 -0.344094
vn 0.815715 0.52901 -0.234004
vn 0.895381 0.367892 -0.250895
vn 0.486683 -0.047798 -0.87227
vn 0.508022 0.139106 -0.850037
vn 0.930884 -0.122698 -0.344094
vn 0.860312 0.069501 -0.505007
vn 0.815715 0.52901 -0.234004
vn -0.588386 -0.659385 -0.467989
vn -0.596376 -0.613975 -0.517079
vn -0.596376 -0.613975 -0.517079
vn -0.806206 0.110601 -0.581205
vn -0.4745 0.1005 -0.8745
vn -0.245492 -0.497383 -0.832072
vn -0.245492 -0.497383 -0.832072
vn -0.806206 0.110601 -0.581205
vn -0.874311 -0.075201 -0.479506
vn -0.722758 0.150291 -0.674561
vn -0.4745 0.1005 -0.8745
vn -0.722758 0.150291 -0.674561
vn -0.433392 0.122198 -0.892883
vn -0.4745 0.1005 -0.8745
vn -0.722758 0.150291 -0.674561
vn -0.156807 -0.406618 -0.900041
vn -0.433392 0.122198 -0.892883
vn -0.722758 0.150291 -0.674561
vn -0.433392 0.122198 -0.892883
vn -0.0114 0.222091 -0.974959
vn 0.163599 -0.378098 -0.911195
vn -0.117098 0.333395 -0.935487
vn -0.433392 0.122198 -0.892883
vn -0.0114 0.222091 -0.974959
vn 0.163599 -0.378098 -0.911195
vn 0.163599 -0.378098 -0.911195
vn -0.117098 0.333395 -0.935487
vn 0.168908 0.527426 -0.832641
vn 0.459626 -0.403723 -0.791045
vn 0.460023 -0.180609 -0.869344
vn 0.460023 -0.180609 -0.869344
vn 0.179099 0.343297 -0.921993
vn -0.0697 0.740705 -0.668205
vn 0.168908 0.527426 -0.832641
vn 0.179099 0.343297 -0.921993
vn 0.459626 -0.403723 -0.791045
vn 0.460023 -0.180609 -0.869344
vn 0.69962 -0.020501 -0.714221
vn 0.69512 -0.159305 -0.70102
vn 0.93832 0.038601 -0.343607
vn 0.873993 0.175099 -0.453296
vn 0.330591 0.943774 -0.001
vn -0.574387 0.42389 0.700284
vn 0.530516 0.147604 0.834725
vn 0.330591 0.943774 -0.001
vn 0.925507 0.247002 0.287102
vn 0.698019 0.196405 0.688618
vn 0.925507 0.247002 0.287102
vn 0.726922 0.124604 0.675321
vn 0.925507 0.247002 0.287102
vn 0.946964 0.211992 0.241491
vn 0.925507 0.247002 0.287102
vn -0.806199 0.496799 -0.3213
vn 0.330591 0.943774 -0.001
vn 0.147693 0.303987 -0.941158
vn 0.578295 0.220398 0.785493
vn -0.752696 -0.195099 0.628797
vn 0.103598 -0.478992 0.871685
vn 0.103598 -0.478992 0.871685
vn 0.469814 -0.865626 0.173105
vn 0.97241 -0.198402 -0.122701
vn 0.578295 0.220398 0.785493
vn -0.545103 0.652504 0.526403
vn -0.545103 0.652504 0.526403
vn -0.864176 -0.417088 -0.281492
vn -0.752696 -0.195099 0.628797
vn 0.330591 0.943774 -0.001
vn 0.330591 0.943774 -0.001
vn 0.469814 -0.865626 0.173105
vn -0.072303 -0.837636 -0.541423
vn 0.327815 -0.124206 -0.936542
vn 0.97241 -0.198402 -0.122701
vn -0.46581 0.745115 -0.47731
vn -0.272686 0.821259 0.501175
vn 0.738513 0.641611 -0.207204
vn -0.46581 0.745115 -0.47731
vn 0.738513 0.641611 -0.207204
vn 0.2415 0.0011 -0.9704
vn 0.399606 0.908613 -0.121402
vn -0.545103 0.652504 0.526403
vn 0.578295 0.220398 0.785493
vn 0.578295 0.220398 0.785493
vn 0.97241 -0.198402 -0.122701
vn 0.399606 0.908613 -0.121402
vn -0.072303 -0.837636 -0.541423
vn -0.864176 -0.417088 -0.281492
vn 0.327815 -0.124206 -0.936542
vn -0.602602 0.402502 -0.689103
vn -0.602602 0.402502 -0.689103
vn 0.873993 0.175099 -0.453296
vn -0.461888 0.877076 0.131896
vn 0.468412 0.697718 0.542014
vn 0.371116 0.579425 -0.725631
vn 0.399606 0.908613 -0.121402
vn -0.602602 0.402502 -0.689103
vn -0.545103 0.652504 0.526403
vn 0.399606 0.908613 -0.121402
vn 0.327815 -0.124206 -0.936542
vn -0.602602 0.402502 -0.689103
vn 0.97241 -0.198402 -0.122701
vn -0.272686 0.821259 0.501175
vn 0.423695 0.095199 0.900789
vn 0.738513 0.641611 -0.207204
vn 0.944494 0.104699 0.311398
vn 0.887677 0.446788 0.111397
vn 0.815715 0.52901 -0.234004
vn 0.887677 0.446788 0.111397
vn 0.848114 0.418107 0.325405
vn 0.944494 0.104699 0.311398
vn 0.924839 -0.013601 0.380116
vn 0.985707 -0.150601 0.075501
vn 0.887677 0.446788 0.111397
vn 0.924839 -0.013601 0.380116
vn 0.985707 -0.150601 0.075501
vn 0.887677 0.446788 0.111397
vn 0.990022 0.096902 -0.102302
vn 0.983001 -0.0495 -0.1768
vn 0.815715 0.52901 -0.234004
vn 0.990022 0.096902 -0.102302
vn 0.887677 0.446788 0.111397
vn 0.985707 -0.150601 0.075501
vn 0.980566 0.038899 -0.192293
vn 0.986818 0.028501 -0.159303
vn 0.986818 0.028501 -0.159303
vn 0.983001 -0.0495 -0.1768
vn 0.980566 0.038899 -0.192293
vn 0.701888 0.711688 0.0292
vn 0.701888 0.711688 0.0292
vn 0.84149 -0.0093 -0.540193
vn 0.857824 0.239907 -0.454513
vn 0.878331 -0.159906 -0.450516
vn 0.860312 0.069501 -0.505007
vn 0.883709 0.079101 -0.461305
vn 0.878331 -0.159906 -0.450516
vn 0.860312 0.069501 -0.505007
vn 0.901105 0.0093 -0.433502
vn 0.901105 0.0093 -0.433502
vn 0.9774 0.0984 -0.1871
vn 0.986818 0.028501 -0.159303
vn 0.815715 0.52901 -0.234004
vn 0.857824 0.239907 -0.454513
vn 0.860312 0.069501 -0.505007
vn 0.9774 0.0984 -0.1871
vn 0.97762 0.092802 -0.188804
vn 0.916608 -0.070601 -0.393504
vn 0.97762 0.092802 -0.188804
vn 0.97762 0.092802 -0.188804
vn 0.916608 -0.070601 -0.393504
vn 0.683597 0.704397 -0.191099
vn 0.683597 0.704397 -0.191099
vn 0.916608 -0.070601 -0.393504
vn 0.84149 -0.0093 -0.540193
vn 0.669689 0.60249 -0.434193
vn 0.669689 0.60249 -0.434193
vn 0.883709 0.079101 -0.461305
vn 0.532424 0.146307 0.833738
vn 0.804365 -0.594074 -0.0085
vn 0.740036 0.62713 -0.243012
vn 0.740036 0.62713 -0.243012
vn 0.373192 -0.347092 -0.860381
vn 0.740036 0.62713 -0.243012
vn 0.804365 -0.594074 -0.0085
vn 0.740036 0.62713 -0.243012
vn 0.373192 -0.347092 -0.860381
vn -0.317703 0.424803 -0.847707
vn 0.740036 0.62713 -0.243012
vn 0.858502 0.0337 -0.511701
vn 0.277491 -0.230092 -0.932768
vn 0.906189 -0.258197 -0.334896
vn -0.476196 -0.665295 -0.574996
vn 0.660473 -0.609875 0.437982
vn -0.24101 -0.914838 0.324014
vn 0.356405 -0.73211 -0.580508
vn 0.985354 -0.165592 0.040698
vn -0.342383 -0.886356 0.311684
vn 0.351315 -0.207209 0.91304
vn 0.726804 -0.546303 -0.416303
vn -0.066802 -0.422215 0.904031
vn -0.239899 -0.923897 -0.298099
vn 0.8825 -0.1629 0.4412
vn -0.233195 -0.849981 -0.47239
vn 0.971187 -0.054099 -0.232097
vn -0.0948 -0.908496 0.406998
vn 0.388491 -0.386491 -0.83648
vn 0.675165 -0.402979 0.617868
vn 0.272698 -0.244198 -0.930593
vn 0.182596 -0.894083 0.408992
vn -0.233611 -0.87544 -0.42312
vn 0.839456 -0.265286 0.474275
vn 0.921326 0.134704 -0.36471
vn -0.211109 -0.620528 -0.755234
vn 0.686412 -0.436008 -0.58201
vn -0.581429 -0.81144 0.059203
vn 0.86604 -0.42502 0.263312
vn 0.0973 -0.701197 0.706297
vn 0.040601 0.687422 -0.725123
vn -0.030099 -0.682483 -0.730282
vn -0.294406 0.673113 -0.678413
vn -0.614744 -0.349325 -0.707151
vn 0.336593 0.619486 -0.709184
vn 0.593806 -0.399704 -0.698306
vn 0.235798 -0.954892 0.180499
vn 0.0571 0.3188 0.9461
vn -0.274399 -0.541298 0.794797
vn 0.901967 -0.429184 -0.047498
vn 0.820794 0.381897 0.424797
vn 0.75393 -0.460318 -0.468719
vn 0.314384 -0.083096 0.945652
vn 0.073198 -0.966274 -0.246893
vn -0.130199 -0.804795 0.579097
vn 0.958519 0.138703 0.249005
vn -0.090198 -0.816479 -0.570286
vn 0.760013 -0.332506 0.558409
vn -0.607929 -0.785837 0.113505
vn 0.753694 -0.557096 -0.348697
vn -0.149991 -0.459072 0.875646
vn 0.713414 -0.678513 0.175103
vn -0.601882 -0.33249 0.726078
vn -0.068601 -0.936312 0.344404
vn 0.786359 0.164491 0.595469
vn -0.1179 0.464101 0.877901
vn -0.24339 -0.913363 -0.326387
vn 0.713589 -0.280196 0.642091
vn -0.709404 -0.636203 0.303302
vn -0.178697 -0.273296 0.945186
vn 0.632966 -0.734661 -0.244187
vn 0.050401 -0.92402 -0.379008
vn 0.600196 -0.284898 -0.747394
vn 0.142001 -0.823203 0.549702
vn 0.679786 -0.108198 0.725385
vn 0.959391 0.262798 -0.102499
vn 0.181109 -0.931849 -0.314416
vn 0.203787 -0.129292 0.97044
vn -0.276204 -0.802212 0.529308
vn 0.858133 -0.392815 -0.330613
vn 0.907275 0.111497 0.405489
vn -0.984939 -0.146206 0.092304
vn 0.356201 -0.884703 0.300701
vn -0.345802 -0.205601 0.915505
vn -0.427708 -0.719614 -0.547011
vn 0.057698 -0.488286 -0.870774
vn 0.451102 -0.872704 -0.186801
vn -0.854829 -0.200007 -0.478816
vn -0.809461 -0.477877 0.341184
vn 0.097802 -0.788114 0.60771
vn -0.83592 -0.284907 0.469111
vn -0.226904 -0.438107 -0.869814
vn -0.130504 -0.792522 0.595716
vn 0.230992 -0.926167 -0.298089
vn -0.900572 -0.101097 -0.422787
vn -0.228595 -0.567389 0.791084
vn -0.0438 -0.768704 -0.638103
vn 0.375783 -0.90696 0.190292
vn -0.912635 -0.130705 0.387315
vn -0.806013 -0.250004 -0.536508
vn -0.533328 -0.161009 -0.830444
vn -0.525916 -0.599818 0.603018
vn -0.998973 -0.045199 0.0033
vn 0.154504 -0.71012 -0.686919
vn 0.139501 -0.97631 0.165402
vn -0.760608 -0.299103 -0.576206
vn 0.455708 -0.890016 0.0142
vn -0.903095 -0.306398 0.300898
vn -0.164004 -0.702018 0.693018
vn 0.030599 -0.621679 -0.782674
vn -0.199696 -0.0233 -0.979581
vn 0.319707 -0.747617 -0.582113
vn -0.919608 0.095701 -0.381003
vn -0.0683 -0.987694 0.140699
vn -0.794609 -0.515006 0.321504
vn -0.241608 -0.273509 -0.931031
vn -0.428624 -0.787744 0.442425
vn -0.778265 0.258688 -0.572174
vn -0.951734 -0.039201 0.304411
vn 0.050801 -0.932027 -0.35881
vn 0.121502 -0.941414 0.314605
vn -0.760212 0.202803 0.61721
vn -0.744469 -0.646073 0.168393
vn 0.039201 0.458313 0.887926
vn 0.620018 -0.286208 0.730522
vn -0.0965 0.3258 0.940501
vn -0.260192 -0.948269 0.181894
vn 0.324687 -0.533979 0.780669
vn -0.805297 0.411198 0.427098
vn -0.917203 -0.397101 -0.0324
vn -0.401708 -0.726814 -0.557111
vn -0.493582 -0.179994 0.850869
vn -0.962991 -0.268398 0.0247
vn 0.296696 -0.592692 0.74879
vn 0.396803 -0.909006 -0.127501
vn -0.747058 -0.618365 -0.243986
vn 0.616189 -0.690087 0.379593
vn -0.793286 -0.227896 0.56459
vn 0.084404 -0.957441 -0.276012
vn 0.080103 -0.232309 0.969338
vn -0.0269 -0.617395 -0.786193
vn -0.628011 -0.52991 0.56991
vn -0.839131 -0.410715 -0.356613
vn 0.615394 -0.755692 -0.224098
vn 0.316797 -0.714594 0.623695
vn -0.365492 -0.578287 -0.729383
vn -0.8563 0.0463 0.5144
vn -0.926688 0.0101 -0.375695
vn 0.053502 -0.98573 -0.159605
vn 0.053502 -0.98573 -0.159605
vn -0.245296 -0.66129 0.70889
vn -0.8563 0.0463 0.5144
vn 0.055699 -0.0119 0.998377
vn -0.118803 -0.991127 -0.059602
vn 0.49008 -0.733869 0.47038
vn -0.796502 0.1155 0.593502
vn -0.85868 -0.495488 -0.130997
vn -0.816997 -0.344399 0.462498
vn 0.0094 -0.723187 -0.690588
vn -0.0286 -0.590805 0.806307
vn -0.796481 -0.457389 -0.395491
vn 0.599193 -0.796291 0.082999
vn -0.170803 -0.711114 -0.682014
vn -0.824086 -0.170197 0.540291
vn -0.896795 -0.204599 -0.392298
vn 0.322901 -0.944604 0.0588
vn -0.072297 -0.598878 0.79757
vn -0.916778 -0.111597 -0.383491
vn -0.220799 -0.320098 0.921295
vn -0.857827 0.210807 0.468715
vn -0.351488 -0.791374 -0.500183
vn 0.0789 -0.960295 0.267599
vn -0.864176 -0.417088 -0.281492
vn 0.103598 -0.478992 0.871685
vn -0.752696 -0.195099 0.628797
vn 0.469814 -0.865626 0.173105
vn -0.072303 -0.837636 -0.541423
vn -0.644925 -0.156606 0.748029
vn -0.1942 -0.469701 -0.861201
vn -0.874289 0.0034 0.485394
vn -0.1942 -0.469701 -0.861201
vn -0.951537 0.208586 0.225985
vn -0.874289 0.0034 0.485394
vn -0.1942 -0.469701 -0.861201
vn -0.977842 0.0038 0.209309
vn -0.951537 0.208586 0.225985
vn -0.977842 0.0038 0.209309
vn 0.262098 -0.713493 0.649794
vn -0.951537 0.208586 0.225985
vn 0.262098 -0.713493 0.649794
vn 0.131494 -0.148993 -0.980056
vn -0.951537 0.208586 0.225985
vn -0.889369 0.197593 -0.412286
vn -0.889369 0.197593 -0.412286
vn -0.244694 -0.956575 0.158396
vn 0.027201 0.924419 0.380408
vn -0.174001 -0.872907 0.455804
vn -0.244694 -0.956575 0.158396
vn -0.41051 0.867022 0.282407
vn 0.027201 0.924419 0.380408
vn 0.027201 0.924419 0.380408
vn 0.135903 -0.889621 0.43601
vn -0.174001 -0.872907 0.455804
vn 0.135903 -0.889621 0.43601
vn 0 -0.656357 0.75445
vn -0.174001 -0.872907 0.455804
vn -0.244694 -0.956575 0.158396
vn -0.253802 -0.366803 -0.895008
vn -0.41051 0.867022 0.282407
vn -0.253802 -0.366803 -0.895008
vn -0.326189 0.93067 -0.165695
vn -0.41051 0.867022 0.282407
vn -0.253802 -0.366803 -0.895008
vn -0.976173 0 0.216994
vn -0.326189 0.93067 -0.165695
vn 0.027201 0.924419 0.380408
vn 0.321305 -0.911715 0.256004
vn 0.135903 -0.889621 0.43601
vn 0.027201 0.924419 0.380408
vn 0.366791 0.879579 0.302993
vn 0.321305 -0.911715 0.256004
vn 0.366791 0.879579 0.302993
vn 0.188496 -0.371292 -0.909182
vn 0.321305 -0.911715 0.256004
vn 0.366791 0.879579 0.302993
vn 0.416086 0.901871 -0.116196
vn 0.188496 -0.371292 -0.909182
vn 0.416086 0.901871 -0.116196
vn 0.994224 0.0022 0.107303
vn 0.188496 -0.371292 -0.909182
vn -0.366601 -0.897403 0.245501
vn 0 -0.906464 0.422283
vn -0.449975 -0.640164 0.622665
vn -0.366601 -0.897403 0.245501
vn -0.256006 0.923921 0.284307
vn 0 -0.906464 0.422283
vn -0.256006 0.923921 0.284307
vn 0.256006 0.923921 0.284307
vn 0 -0.906464 0.422283
vn -0.256006 0.923921 0.284307
vn 0 0.647805 0.761806
vn 0.256006 0.923921 0.284307
vn -0.366601 -0.897403 0.245501
vn -0.172201 -0.319503 -0.931807
vn -0.256006 0.923921 0.284307
vn -0.172201 -0.319503 -0.931807
vn -0.431805 0.89801 -0.084401
vn -0.256006 0.923921 0.284307
vn -0.172201 -0.319503 -0.931807
vn 0.481818 -0.671125 0.563421
vn -0.431805 0.89801 -0.084401
vn 0.256006 0.923921 0.284307
vn 0.366601 -0.897403 0.245501
vn 0 -0.906464 0.422283
vn 0.366601 -0.897403 0.245501
vn 0.449975 -0.640164 0.622665
vn 0 -0.906464 0.422283
vn 0.256006 0.923921 0.284307
vn 0.172201 -0.319503 -0.931807
vn 0.366601 -0.897403 0.245501
vn 0.256006 0.923921 0.284307
vn 0.431805 0.89801 -0.084401
vn 0.172201 -0.319503 -0.931807
vn 0.431805 0.89801 -0.084401
vn -0.476371 -0.666059 0.573965
vn 0.172201 -0.319503 -0.931807
vn -0.768394 -0.429997 -0.473997
vn -0.418871 0.73065 -0.539163
vn -0.224007 -0.844927 -0.485715
vn -0.847176 0.253593 -0.466887
vn 0.419413 -0.754423 -0.504915
vn 0.242705 0.826818 -0.507411
vn 0.660814 0.517611 -0.543511
vn 0.849473 -0.159695 -0.502884
vn -0.481601 0.736502 0.475001
vn -0.287299 -0.881297 0.375199
vn 0.092094 0.776251 0.623661
vn -0.555714 -0.78572 0.271707
vn -0.481601 0.736502 0.475001
vn -0.470985 0.402087 0.785175
vn -0.555714 -0.78572 0.271707
vn -0.287299 -0.881297 0.375199
vn 0.588665 0.621463 0.516969
vn 0.092094 0.776251 0.623661
vn 0.632 -0.0968 0.768899
vn 0.632 -0.0968 0.768899
vn -0.0007 -0.977788 0.209597
vn 0.588665 0.621463 0.516969
vn -0.850722 -0.167204 -0.498313
vn 0.197006 -0.841824 -0.502514
vn -0.494297 -0.723296 -0.482197
vn 0.773662 -0.40868 -0.484177
vn -0.754423 0.419413 -0.504915
vn 0.940584 0.121198 -0.317195
vn 0.520915 0.667619 -0.531915
vn -0.158098 0.849292 -0.503695
vn 0.364995 0.064299 0.928787
vn 0.442391 0.705885 0.553188
vn 0.575715 -0.771221 0.271607
vn 0.173203 -0.979517 0.102702
vn 0.442391 0.705885 0.553188
vn 0.1176 0.801 0.587
vn 0.173203 -0.979517 0.102702
vn -0.22251 0.728832 0.647529
vn 0.940584 0.121198 -0.317195
vn 0.940584 0.121198 -0.317195
vn 0 -1 0
vn 0.673788 -0.502791 0.54149
usemtl Frostcrag-Ice-Colossus-Material
f 1/1/1 2/2/2 3/3/3
f 4/4/4 5/5/5 6/6/6
f 7/7/7 8/8/8 9/9/9
f 10/10/10 8/8/8 7/7/7
f 3/3/3 11/11/11 1/1/1
f 12/12/12 13/13/13 14/14/14
f 15/15/15 16/16/16 17/17/17
f 5/5/5 18/18/18 6/6/6
f 19/19/19 20/20/20 21/21/21
f 22/22/22 23/23/23 24/24/24
f 25/25/25 26/26/26 27/27/27
f 28/28/28 29/29/29 30/30/30
f 25/25/25 27/27/27 31/31/31
f 32/32/32 33/33/33 34/34/34
f 30/30/30 35/35/35 36/36/36
f 34/34/34 37/37/37 32/32/32
f 30/30/30 38/38/38 28/28/28
f 36/36/36 38/38/38 30/30/30
f 39/39/39 40/40/40 41/41/41
f 42/42/42 43/43/43 44/44/44
f 29/29/29 28/28/28 45/45/45
f 46/46/46 42/42/42 44/44/44
f 45/45/45 47/47/47 29/29/29
f 40/40/40 48/48/48 41/41/41
f 49/49/49 50/50/50 51/51/51
f 52/52/52 53/53/53 54/54/54
f 55/55/55 56/56/56 57/57/57
f 54/54/54 58/58/58 52/52/52
f 57/57/57 59/59/59 55/55/55
f 60/60/60 61/61/61 62/62/62
f 63/63/63 42/42/42 64/64/64
f 62/62/62 65/65/65 60/60/60
f 66/66/66 67/67/67 68/68/68
f 69/69/69 66/66/66 68/68/68
f 70/70/70 71/71/71 72/72/72
f 73/73/73 74/74/74 75/75/75
f 76/76/76 77/77/77 78/78/78
f 75/75/75 79/79/79 73/73/73
f 52/52/52 80/80/80 53/53/53
f 53/53/53 80/80/80 81/81/81
f 82/82/82 72/72/72 71/71/71
f 81/81/81 83/83/83 53/53/53
f 84/84/84 85/85/85 86/86/86
f 67/67/67 66/66/66 87/87/87
f 87/87/87 88/88/88 67/67/67
f 89/89/89 90/90/90 91/91/91
f 92/92/92 93/93/93 94/94/94
f 66/66/66 69/69/69 95/95/95
f 94/94/94 96/96/96 92/92/92
f 97/97/97 98/98/98 99/99/99
f 100/100/100 96/96/96 101/101/101
f 102/102/102 103/103/103 104/104/104
f 105/105/105 106/106/106 107/107/107
f 108/108/108 109/109/109 110/110/110
f 111/111/111 112/112/112 113/113/113
f 114/114/114 115/115/115 116/116/116
f 116/116/116 117/117/117 114/114/114
f 118/118/118 119/119/119 106/106/106
f 109/109/109 120/120/120 110/110/110
f 106/106/106 105/105/105 118/118/118
f 121/121/121 122/122/122 123/123/123
f 124/124/124 125/125/125 126/126/126
f 6/6/6 18/18/18 127/127/127
f 124/124/124 126/126/126 128/128/128
f 124/124/124 128/128/128 129/129/129
f 129/129/129 130/130/130 124/124/124
f 131/131/131 132/132/132 133/133/133
f 121/121/121 134/134/134 122/122/122
f 131/131/131 133/133/133 135/135/135
f 136/136/136 137/137/137 138/138/138
f 139/139/139 140/140/140 141/141/141
f 142/142/142 143/143/143 144/144/144
f 145/145/145 146/146/146 117/117/117
f 117/117/117 147/147/147 145/145/145
f 148/148/148 141/141/141 140/140/140
f 149/149/149 148/148/148 140/140/140
f 150/150/150 149/149/149 140/140/140
f 143/143/143 142/142/142 151/151/151
f 140/140/140 152/152/152 150/150/150
f 153/153/153 154/154/154 155/155/155
f 146/146/146 156/156/156 117/117/117
f 148/148/148 149/149/149 157/157/157
f 158/158/158 155/155/155 154/154/154
f 159/159/159 160/160/160 161/161/161
f 162/162/162 163/163/163 164/164/164
f 165/165/165 166/166/166 167/167/167
f 117/117/117 168/168/168 147/147/147
f 169/169/169 167/167/167 166/166/166
f 170/170/170 171/171/171 172/172/172
f 167/167/167 169/169/169 173/173/173
f 174/174/174 175/175/175 171/171/171
f 171/171/171 170/170/170 174/174/174
f 119/119/119 118/118/118 176/176/176
f 177/177/177 110/110/110 120/120/120
f 178/178/178 177/177/177 120/120/120
f 175/175/175 174/174/174 179/179/179
f 155/155/155 158/158/158 180/180/180
f 156/156/156 181/181/181 182/182/182
f 182/182/182 117/117/117 156/156/156
f 183/183/183 180/180/180 158/158/158
f 184/184/184 185/185/185 186/186/186
f 187/187/187 184/184/184 186/186/186
f 188/188/188 189/189/189 190/190/190
f 180/180/180 183/183/183 191/191/191
f 191/191/191 192/192/192 180/180/180
f 181/181/181 193/193/193 194/194/194
f 181/181/181 194/194/194 182/182/182
f 185/185/185 184/184/184 195/195/195
f 185/185/185 195/195/195 196/196/196
f 185/185/185 196/196/196 197/197/197
f 198/198/198 199/199/199 200/200/200
f 201/201/201 202/202/202 203/203/203
f 204/204/204 200/200/200 199/199/199
f 205/205/205 206/206/206 207/207/207
f 202/202/202 201/201/201 208/208/208
f 207/207/207 209/209/209 205/205/205
f 210/210/210 211/211/211 200/200/200
f 200/200/200 204/204/204 210/210/210
f 211/211/211 210/210/210 212/212/212
f 213/213/213 214/214/214 215/215/215
f 216/216/216 217/217/217 206/206/206
f 206/206/206 205/205/205 216/216/216
f 218/218/218 219/219/219 220/220/220
f 210/210/210 221/221/221 212/212/212
f 192/192/192 191/191/191 222/222/222
f 223/223/223 194/194/194 193/193/193
f 224/224/224 225/225/225 226/226/226
f 224/224/224 226/226/226 227/227/227
f 228/228/228 222/222/222 191/191/191
f 219/219/219 218/218/218 229/229/229
f 230/230/230 231/231/231 232/232/232
f 233/233/233 230/230/230 232/232/232
f 234/234/234 235/235/235 236/236/236
f 237/237/237 238/238/238 239/239/239
f 239/239/239 240/240/240 237/237/237
f 241/241/241 242/242/242 243/243/243
f 244/244/244 245/245/245 246/246/246
f 247/247/247 16/16/16 248/248/248
f 247/247/247 248/248/248 249/249/249
f 250/250/250 251/251/251 252/252/252
f 244/244/244 253/253/253 245/245/245
f 254/254/254 255/255/255 256/256/256
f 254/254/254 256/256/256 257/257/257
f 15/15/15 248/248/248 16/16/16
f 258/258/258 259/259/259 260/260/260
f 261/261/261 262/262/262 258/258/258
f 258/258/258 262/262/262 263/263/263
f 260/260/260 261/261/261 258/258/258
f 91/91/91 90/90/90 264/264/264
f 265/265/265 266/266/266 267/267/267
f 268/268/268 269/269/269 270/270/270
f 92/92/92 268/268/268 270/270/270
f 137/137/137 271/271/271 138/138/138
f 250/250/250 272/272/272 251/251/251
f 273/273/273 274/274/274 272/272/272
f 272/272/272 250/250/250 273/273/273
f 257/257/257 275/275/275 276/276/276
f 266/266/266 277/277/277 267/267/267
f 278/278/278 279/279/279 280/280/280
f 87/87/87 281/281/281 88/88/88
f 278/278/278 282/282/282 279/279/279
f 256/256/256 275/275/275 257/257/257
f 283/283/283 284/284/284 285/285/285
f 286/286/286 287/287/287 59/59/59
f 288/288/288 52/52/52 58/58/58
f 59/59/59 57/57/57 286/286/286
f 289/289/289 290/290/290 291/291/291
f 287/287/287 286/286/286 292/292/292
f 293/293/293 294/294/294 295/295/295
f 293/293/293 295/295/295 296/296/296
f 297/297/297 298/298/298 299/299/299
f 300/300/300 299/299/299 298/298/298
f 301/301/301 302/302/302 303/303/303
f 304/304/304 305/305/305 306/306/306
f 306/306/306 305/305/305 307/307/307
f 308/308/308 304/304/304 306/306/306
f 306/306/306 309/309/309 308/308/308
f 307/307/307 309/309/309 306/306/306
f 310/310/310 311/311/311 312/312/312
f 305/305/305 313/313/313 307/307/307
f 314/314/314 315/315/315 316/316/316
f 312/312/312 317/317/317 310/310/310
f 304/304/304 308/308/308 318/318/318
f 319/319/319 320/320/320 321/321/321
f 319/319/319 321/321/321 322/322/322
f 323/323/323 312/312/312 311/311/311
f 324/324/324 325/325/325 326/326/326
f 327/327/327 325/325/325 324/324/324
f 328/328/328 329/329/329 330/330/330
f 331/331/331 332/332/332 333/333/333
f 334/334/334 42/42/42 46/46/46
f 64/64/64 42/42/42 334/334/334
f 335/335/335 64/64/64 334/334/334
f 336/336/336 337/337/337 328/328/328
f 330/330/330 336/336/336 328/328/328
f 338/338/338 339/339/339 340/340/340
f 340/340/340 341/341/341 130/130/130
f 340/340/340 130/130/130 338/338/338
f 329/329/329 342/342/342 330/330/330
f 343/343/343 344/344/344 345/345/345
f 339/339/339 338/338/338 346/346/346
f 339/339/339 346/346/346 347/347/347
f 348/348/348 349/349/349 350/350/350
f 350/350/350 349/349/349 351/351/351
f 352/352/352 348/348/348 350/350/350
f 353/353/353 354/354/354 355/355/355
f 356/356/356 357/357/357 350/350/350
f 350/350/350 351/351/351 356/356/356
f 348/348/348 358/358/358 349/349/349
f 349/349/349 358/358/358 359/359/359
f 359/359/359 360/360/360 349/349/349
f 349/349/349 360/360/360 351/351/351
f 358/358/358 348/348/348 361/361/361
f 362/362/362 359/359/359 358/358/358
f 363/363/363 364/364/364 365/365/365
f 358/358/358 366/366/366 362/362/362
f 367/367/367 368/368/368 369/369/369
f 370/370/370 72/72/72 82/82/82
f 371/371/371 372/372/372 373/373/373
f 337/337/337 374/374/374 375/375/375
f 376/376/376 374/374/374 337/337/337
f 377/377/377 378/378/378 379/379/379
f 337/337/337 336/336/336 376/376/376
f 380/380/380 381/381/381 377/377/377
f 379/379/379 380/380/380 377/377/377
f 381/381/381 78/78/78 77/77/77
f 382/382/382 383/383/383 384/384/384
f 382/382/382 385/385/385 383/383/383
f 386/386/386 387/387/387 388/388/388
f 389/389/389 92/92/92 96/96/96
f 390/390/390 389/389/389 96/96/96
f 96/96/96 100/100/100 391/391/391
f 96/96/96 391/391/391 390/390/390
f 392/392/392 354/354/354 393/393/393
f 394/394/394 354/354/354 392/392/392
f 376/376/376 336/336/336 395/395/395
f 356/356/356 308/308/308 357/357/357
f 354/354/354 394/394/394 355/355/355
f 356/356/356 318/318/318 308/308/308
f 396/396/396 321/321/321 320/320/320
f 397/397/397 398/398/398 321/321/321
f 399/399/399 400/400/400 401/401/401
f 321/321/321 396/396/396 397/397/397
f 401/401/401 402/402/402 399/399/399
f 403/403/403 404/404/404 405/405/405
f 406/406/406 407/407/407 408/408/408
f 408/408/408 409/409/409 406/406/406
f 360/360/360 359/359/359 410/410/410
f 411/411/411 412/412/412 413/413/413
f 414/414/414 415/415/415 411/411/411
f 413/413/413 414/414/414 411/411/411
f 416/416/416 417/417/417 418/418/418
f 419/419/419 420/420/420 421/421/421
f 422/422/422 423/423/423 424/424/424
f 425/425/425 422/422/422 424/424/424
f 426/426/426 425/425/425 424/424/424
f 414/414/414 396/396/396 415/415/415
f 396/396/396 414/414/414 397/397/397
f 427/427/427 428/428/428 429/429/429
f 430/430/430 431/431/431 432/432/432
f 433/433/433 429/429/429 428/428/428
f 408/408/408 407/407/407 434/434/434
f 431/431/431 430/430/430 435/435/435
f 434/434/434 436/436/436 408/408/408
f 436/436/436 437/437/437 438/438/438
f 436/436/436 438/438/438 408/408/408
f 425/425/425 426/426/426 439/439/439
f 440/440/440 441/441/441 442/442/442
f 443/443/443 444/444/444 445/445/445
f 446/446/446 447/447/447 448/448/448
f 445/445/445 449/449/449 443/443/443
f 450/450/450 451/451/451 452/452/452
f 452/452/452 453/453/453 450/450/450
f 454/454/454 455/455/455 456/456/456
f 456/456/456 457/457/457 454/454/454
f 458/458/458 459/459/459 460/460/460
f 461/461/461 448/448/448 447/447/447
f 462/462/462 460/460/460 459/459/459
f 130/130/130 129/129/129 338/338/338
f 463/463/463 464/464/464 465/465/465
f 466/466/466 467/467/467 468/468/468
f 469/469/469 470/470/470 471/471/471
f 472/472/472 473/473/473 466/466/466
f 469/469/469 471/471/471 474/474/474
f 475/475/475 463/463/463 465/465/465
f 466/466/466 468/468/468 476/476/476
f 466/466/466 476/476/476 472/472/472
f 477/477/477 478/478/478 479/479/479
f 480/480/480 481/481/481 482/482/482
f 483/483/483 480/480/480 482/482/482
f 484/484/484 485/485/485 486/486/486
f 346/346/346 338/338/338 129/129/129
f 346/346/346 487/487/487 347/347/347
f 488/488/488 489/489/489 490/490/490
f 268/268/268 92/92/92 389/389/389
f 491/491/491 492/492/492 493/493/493
f 494/494/494 495/495/495 496/496/496
f 497/497/497 494/494/494 496/496/496
f 498/498/498 499/499/499 500/500/500
f 501/501/501 480/480/480 502/502/502
f 503/503/503 504/504/504 505/505/505
f 506/506/506 507/507/507 508/508/508
f 509/509/509 502/502/502 480/480/480
f 483/483/483 509/509/509 480/480/480
f 510/510/510 365/365/365 364/364/364
f 511/511/511 510/510/510 364/364/364
f 366/366/366 512/512/512 513/513/513
f 513/513/513 362/362/362 366/366/366
f 510/510/510 511/511/511 514/514/514
f 515/515/515 516/516/516 517/517/517
f 518/518/518 519/519/519 520/520/520
f 511/511/511 521/521/521 522/522/522
f 522/522/522 514/514/514 511/511/511
f 523/523/523 520/520/520 519/519/519
f 485/485/485 484/484/484 524/524/524
f 519/519/519 525/525/525 523/523/523
f 526/526/526 522/522/522 521/521/521
f 527/527/527 526/526/526 521/521/521
f 516/516/516 528/528/528 529/529/529
f 530/530/530 517/517/517 516/516/516
f 529/529/529 530/530/530 516/516/516
f 528/528/528 531/531/531 532/532/532
f 532/532/532 529/529/529 528/528/528
f 389/389/389 533/533/533 534/534/534
f 390/390/390 533/533/533 389/389/389
f 535/535/535 536/536/536 389/389/389
f 534/534/534 535/535/535 389/389/389
f 537/537/537 538/538/538 539/539/539
f 533/533/533 390/390/390 540/540/540
f 539/539/539 541/541/541 542/542/542
f 539/539/539 542/542/542 537/537/537
f 543/543/543 544/544/544 545/545/545
f 478/478/478 546/546/546 479/479/479
f 547/547/547 548/548/548 549/549/549
f 550/550/550 551/551/551 552/552/552
f 552/552/552 553/553/553 550/550/550
f 551/551/551 554/554/554 555/555/555
f 555/555/555 552/552/552 551/551/551
f 554/554/554 556/556/556 555/555/555
f 557/557/557 558/558/558 559/559/559
f 560/560/560 561/561/561 536/536/536
f 562/562/562 560/560/560 536/536/536
f 535/535/535 562/562/562 536/536/536
f 563/563/563 564/564/564 565/565/565
f 564/564/564 566/566/566 567/567/567
f 567/567/567 566/566/566 568/568/568
f 568/568/568 569/569/569 567/567/567
f 566/566/566 564/564/564 563/563/563
f 566/566/566 563/563/563 570/570/570
f 566/566/566 570/570/570 571/571/571
f 571/571/571 568/568/568 566/566/566
f 572/572/572 570/570/570 563/563/563
f 573/573/573 562/562/562 574/574/574
f 562/562/562 535/535/535 575/575/575
f 575/575/575 574/574/574 562/562/562
f 535/535/535 534/534/534 576/576/576
f 576/576/576 575/575/575 535/535/535
f 534/534/534 577/577/577 576/576/576
f 537/537/537 578/578/578 538/538/538
f 579/579/579 576/576/576 577/577/577
f 580/580/580 581/581/581 582/582/582
f 583/583/583 584/584/584 585/585/585
f 586/586/586 587/587/587 588/588/588
f 589/589/589 590/590/590 591/591/591
f 587/587/587 592/592/592 588/588/588
f 593/593/593 594/594/594 595/595/595
f 596/596/596 439/439/439 426/426/426
f 597/597/597 588/588/588 592/592/592
f 588/588/588 597/597/597 598/598/598
f 588/588/588 598/598/598 599/599/599
f 588/588/588 599/599/599 600/600/600
f 600/600/600 601/601/601 588/588/588
f 602/602/602 603/603/603 604/604/604
f 605/605/605 606/606/606 607/607/607
f 608/608/608 609/609/609 610/610/610
f 611/611/611 609/609/609 608/608/608
f 612/612/612 600/600/600 599/599/599
f 441/441/441 613/613/613 614/614/614
f 614/614/614 442/442/442 441/441/441
f 613/613/613 615/615/615 614/614/614
f 614/614/614 616/616/616 617/617/617
f 609/609/609 611/611/611 618/618/618
f 619/619/619 620/620/620 621/621/621
f 615/615/615 616/616/616 614/614/614
f 568/568/568 571/571/571 622/622/622
f 623/623/623 622/622/622 571/571/571
f 622/622/622 623/623/623 624/624/624
f 624/624/624 620/620/620 622/622/622
f 623/623/623 625/625/625 624/624/624
f 626/626/626 624/624/624 625/625/625
f 620/620/620 624/624/624 626/626/626
f 620/620/620 626/626/626 627/627/627
f 627/627/627 621/621/621 620/620/620
f 628/628/628 629/629/629 630/630/630
f 631/631/631 632/632/632 633/633/633
f 633/633/633 632/632/632 634/634/634
f 635/635/635 636/636/636 637/637/637
f 638/638/638 639/639/639 640/640/640
f 633/633/633 634/634/634 641/641/641
f 633/633/633 641/641/641 642/642/642
f 640/640/640 643/643/643 638/638/638
f 644/644/644 113/113/113 112/112/112
f 645/645/645 646/646/646 115/115/115
f 114/114/114 645/645/645 115/115/115
f 113/113/113 644/644/644 647/647/647
f 648/648/648 649/649/649 650/650/650
f 648/648/648 650/650/650 651/651/651
f 652/652/652 653/653/653 654/654/654
f 655/655/655 654/654/654 653/653/653
f 656/656/656 657/657/657 658/658/658
f 659/659/659 660/660/660 661/661/661
f 662/662/662 663/663/663 664/664/664
f 665/665/665 662/662/662 664/664/664
f 114/114/114 665/665/665 664/664/664
f 654/654/654 655/655/655 666/666/666
f 667/667/667 668/668/668 657/657/657
f 656/656/656 667/667/667 657/657/657
f 635/635/635 669/669/669 636/636/636
f 660/660/660 670/670/670 661/661/661
f 671/671/671 672/672/672 670/670/670
f 670/670/670 672/672/672 661/661/661
f 668/668/668 667/667/667 673/673/673
f 674/674/674 651/651/651 650/650/650
f 672/672/672 671/671/671 675/675/675
f 639/639/639 638/638/638 676/676/676
f 677/677/677 678/678/678 679/679/679
f 679/679/679 680/680/680 677/677/677
f 662/662/662 681/681/681 663/663/663
f 682/682/682 683/683/683 684/684/684
f 684/684/684 685/685/685 682/682/682
f 686/686/686 687/687/687 688/688/688
f 689/689/689 690/690/690 691/691/691
f 692/692/692 693/693/693 694/694/694
f 695/695/695 696/696/696 697/697/697
f 694/694/694 698/698/698 692/692/692
f 699/699/699 700/700/700 695/695/695
f 697/697/697 699/699/699 695/695/695
f 685/685/685 684/684/684 701/701/701
f 702/702/702 703/703/703 687/687/687
f 687/687/687 686/686/686 702/702/702
f 690/690/690 704/704/704 691/691/691
f 705/705/705 706/706/706 707/707/707
f 707/707/707 708/708/708 705/705/705
f 709/709/709 691/691/691 704/704/704
f 710/710/710 711/711/711 712/712/712
f 713/713/713 709/709/709 704/704/704
f 714/714/714 676/676/676 638/638/638
f 703/703/703 702/702/702 715/715/715
f 696/696/696 665/665/665 697/697/697
f 676/676/676 714/714/714 716/716/716
f 717/717/717 718/718/718 719/719/719
f 720/720/720 721/721/721 722/722/722
f 722/722/722 723/723/723 720/720/720
f 716/716/716 724/724/724 676/676/676
f 725/725/725 726/726/726 727/727/727
f 727/727/727 728/728/728 725/725/725
f 729/729/729 730/730/730 731/731/731
f 731/731/731 732/732/732 729/729/729
f 733/733/733 734/734/734 735/735/735
f 736/736/736 737/737/737 730/730/730
f 738/738/738 736/736/736 730/730/730
f 729/729/729 738/738/738 730/730/730
f 182/182/182 697/697/697 665/665/665
f 665/665/665 114/114/114 182/182/182
f 739/739/739 740/740/740 741/741/741
f 741/741/741 742/742/742 739/739/739
f 740/740/740 743/743/743 741/741/741
f 744/744/744 745/745/745 746/746/746
f 747/747/747 748/748/748 743/743/743
f 743/743/743 748/748/748 741/741/741
f 743/743/743 749/749/749 747/747/747
f 750/750/750 751/751/751 752/752/752
f 752/752/752 753/753/753 750/750/750
f 754/754/754 755/755/755 756/756/756
f 757/757/757 750/750/750 753/753/753
f 758/758/758 759/759/759 760/760/760
f 750/750/750 757/757/757 761/761/761
f 762/762/762 746/746/746 745/745/745
f 758/758/758 763/763/763 759/759/759
f 764/764/764 765/765/765 766/766/766
f 767/767/767 768/768/768 769/769/769
f 770/770/770 771/771/771 772/772/772
f 772/772/772 773/773/773 770/770/770
f 769/769/769 774/774/774 767/767/767
f 775/775/775 776/776/776 777/777/777
f 769/769/769 768/768/768 778/778/778
f 775/775/775 777/777/777 779/779/779
f 780/780/780 781/781/781 782/782/782
f 764/764/764 783/783/783 765/765/765
f 783/783/783 764/764/764 784/784/784
f 783/783/783 784/784/784 785/785/785
f 777/777/777 786/786/786 779/779/779
f 787/787/787 788/788/788 789/789/789
f 790/790/790 787/787/787 789/789/789
f 651/651/651 674/674/674 791/791/791
f 182/182/182 114/114/114 117/117/117
f 792/792/792 793/793/793 794/794/794
f 795/795/795 793/793/793 792/792/792
f 796/796/796 797/797/797 798/798/798
f 798/798/798 797/797/797 799/799/799
f 792/792/792 800/800/800 795/795/795
f 801/801/801 794/794/794 793/793/793
f 802/802/802 803/803/803 804/804/804
f 804/804/804 805/805/805 802/802/802
f 806/806/806 208/208/208 201/201/201
f 208/208/208 806/806/806 807/807/807
f 209/209/209 808/808/808 205/205/205
f 809/809/809 807/807/807 806/806/806
f 810/810/810 205/205/205 808/808/808
f 811/811/811 797/797/797 796/796/796
f 812/812/812 794/794/794 801/801/801
f 808/808/808 803/803/803 810/810/810
f 813/813/813 814/814/814 815/815/815
f 815/815/815 218/218/218 813/813/813
f 803/803/803 802/802/802 810/810/810
f 816/816/816 817/817/817 818/818/818
f 818/818/818 819/819/819 816/816/816
f 820/820/820 821/821/821 805/805/805
f 822/822/822 823/823/823 824/824/824
f 825/825/825 826/826/826 827/827/827
f 821/821/821 828/828/828 829/829/829
f 821/821/821 829/829/829 805/805/805
f 830/830/830 805/805/805 829/829/829
f 831/831/831 832/832/832 833/833/833
f 830/830/830 802/802/802 805/805/805
f 834/834/834 720/720/720 723/723/723
f 723/723/723 742/742/742 834/834/834
f 835/835/835 814/814/814 836/836/836
f 836/836/836 837/837/837 835/835/835
f 814/814/814 835/835/835 815/815/815
f 832/832/832 831/831/831 838/838/838
f 838/838/838 839/839/839 832/832/832
f 831/831/831 840/840/840 838/838/838
f 841/841/841 842/842/842 843/843/843
f 844/844/844 841/841/841 843/843/843
f 839/839/839 838/838/838 845/845/845
f 846/846/846 847/847/847 848/848/848
f 849/849/849 229/229/229 218/218/218
f 218/218/218 815/815/815 849/849/849
f 230/230/230 233/233/233 850/850/850
f 226/226/226 851/851/851 227/227/227
f 852/852/852 850/850/850 233/233/233
f 853/853/853 854/854/854 855/855/855
f 856/856/856 857/857/857 858/858/858
f 855/855/855 859/859/859 853/853/853
f 841/841/841 860/860/860 842/842/842
f 854/854/854 861/861/861 862/862/862
f 862/862/862 855/855/855 854/854/854
f 863/863/863 848/848/848 864/864/864
f 865/865/865 862/862/862 861/861/861
f 866/866/866 867/867/867 868/868/868
f 869/869/869 870/870/870 871/871/871
f 872/872/872 873/873/873 874/874/874
f 875/875/875 876/876/876 877/877/877
f 875/875/875 877/877/877 878/878/878
f 879/879/879 880/880/880 881/881/881
f 882/882/882 883/883/883 884/884/884
f 867/867/867 885/885/885 886/886/886
f 867/867/867 886/886/886 868/868/868
f 741/741/741 834/834/834 742/742/742
f 887/887/887 888/888/888 889/889/889
f 889/889/889 890/890/890 887/887/887
f 749/749/749 891/891/891 747/747/747
f 892/892/892 747/747/747 891/891/891
f 893/893/893 894/894/894 763/763/763
f 763/763/763 758/758/758 893/893/893
f 895/895/895 896/896/896 897/897/897
f 898/898/898 889/889/889 888/888/888
f 899/899/899 897/897/897 896/896/896
f 900/900/900 901/901/901 902/902/902
f 903/903/903 904/904/904 905/905/905
f 906/906/906 907/907/907 908/908/908
f 909/909/909 910/910/910 911/911/911
f 908/908/908 912/912/912 913/913/913
f 914/914/914 909/909/909 911/911/911
f 908/908/908 913/913/913 906/906/906
f 915/915/915 916/916/916 917/917/917
f 904/904/904 918/918/918 905/905/905
f 919/919/919 920/920/920 921/921/921
f 921/921/921 922/922/922 919/919/919
f 890/890/890 838/838/838 840/840/840
f 838/838/838 890/890/890 889/889/889
f 923/923/923 845/845/845 838/838/838
f 838/838/838 889/889/889 923/923/923
f 847/847/847 924/924/924 848/848/848
f 925/925/925 926/926/926 927/927/927
f 928/928/928 929/929/929 930/930/930
f 931/931/931 932/932/932 897/897/897
f 897/897/897 899/899/899 933/933/933
f 897/897/897 933/933/933 931/931/931
f 934/934/934 935/935/935 936/936/936
f 937/937/937 938/938/938 939/939/939
f 940/940/940 848/848/848 924/924/924
f 932/932/932 941/941/941 942/942/942
f 931/931/931 941/941/941 932/932/932
f 932/932/932 942/942/942 943/943/943
f 944/944/944 943/943/943 942/942/942
f 942/942/942 945/945/945 944/944/944
f 944/944/944 946/946/946 943/943/943
f 947/947/947 948/948/948 949/949/949
f 950/950/950 951/951/951 952/952/952
f 194/194/194 223/223/223 953/953/953
f 952/952/952 954/954/954 950/950/950
f 864/864/864 955/955/955 848/848/848
f 848/848/848 956/956/956 864/864/864
f 940/940/940 956/956/956 848/848/848
f 955/955/955 957/957/957 958/958/958
f 864/864/864 957/957/957 955/955/955
f 955/955/955 958/958/958 959/959/959
f 770/770/770 960/960/960 771/771/771
f 961/961/961 962/962/962 963/963/963
f 964/964/964 965/965/965 966/966/966
f 967/967/967 964/964/964 966/966/966
f 956/956/956 940/940/940 968/968/968
f 966/966/966 969/969/969 967/967/967
f 970/970/970 971/971/971 972/972/972
f 973/973/973 970/970/970 972/972/972
f 974/974/974 973/973/973 972/972/972
f 959/959/959 958/958/958 975/975/975
f 970/970/970 976/976/976 971/971/971
f 976/976/976 970/970/970 977/977/977
f 977/977/977 978/978/978 976/976/976
f 970/970/970 973/973/973 977/977/977
f 973/973/973 974/974/974 979/979/979
f 973/973/973 979/979/979 977/977/977
f 980/980/980 981/981/981 982/982/982
f 983/983/983 962/962/962 984/984/984
f 985/985/985 980/980/980 982/982/982
f 984/984/984 986/986/986 983/983/983
f 961/961/961 984/984/984 962/962/962
f 980/980/980 985/985/985 987/987/987
f 988/988/988 977/977/977 979/979/979
f 987/987/987 989/989/989 980/980/980
f 986/986/986 984/984/984 990/990/990
f 990/990/990 991/991/991 986/986/986
f 961/961/961 990/990/990 984/984/984
f 977/977/977 992/992/992 978/978/978
f 870/870/870 993/993/993 871/871/871
f 992/992/992 977/977/977 988/988/988
f 994/994/994 871/871/871 993/993/993
f 992/992/992 988/988/988 995/995/995
f 871/871/871 994/994/994 996/996/996
f 987/987/987 994/994/994 989/989/989
f 994/994/994 987/987/987 996/996/996
f 990/990/990 997/997/997 991/991/991
f 997/997/997 990/990/990 998/998/998
f 999/999/999 874/874/874 873/873/873
f 1000/1000/1000 1001/1001/1001 1002/1002/1002
f 1003/1003/1003 1004/1004/1004 1005/1005/1005
f 1006/1006/1006 1007/1007/1007 1008/1008/1008
f 1009/1009/1009 1010/1010/1010 1011/1011/1011
f 990/990/990 961/961/961 1012/1012/1012
f 990/990/990 1012/1012/1012 998/998/998
f 1013/1013/1013 1014/1014/1014 1015/1015/1015
f 1016/1016/1016 1015/1015/1015 1014/1014/1014
f 1017/1017/1017 1018/1018/1018 1019/1019/1019
f 1020/1020/1020 960/960/960 770/770/770
f 1020/1020/1020 770/770/770 1021/1021/1021
f 1022/1022/1022 1023/1023/1023 1024/1024/1024
f 1019/1019/1019 1025/1025/1025 1017/1017/1017
f 1026/1026/1026 1027/1027/1027 1028/1028/1028
f 1029/1029/1029 1030/1030/1030 1031/1031/1031
f 1032/1032/1032 1033/1033/1033 1034/1034/1034
f 1027/1027/1027 1035/1035/1035 1028/1028/1028
f 1034/1034/1034 1036/1036/1036 1032/1032/1032
f 1037/1037/1037 1038/1038/1038 1039/1039/1039
f 1039/1039/1039 1040/1040/1040 1037/1037/1037
f 1041/1041/1041 967/967/967 969/969/969
f 1042/1042/1042 1041/1041/1041 969/969/969
f 1043/1043/1043 1044/1044/1044 1045/1045/1045
f 1046/1046/1046 779/779/779 786/786/786
f 1041/1041/1041 1042/1042/1042 1047/1047/1047
f 1046/1046/1046 1048/1048/1048 779/779/779
f 781/781/781 1049/1049/1049 1050/1050/1050
f 1051/1051/1051 782/782/782 781/781/781
f 1050/1050/1050 1051/1051/1051 781/781/781
f 1049/1049/1049 1052/1052/1052 1053/1053/1053
f 1053/1053/1053 1050/1050/1050 1049/1049/1049
f 947/947/947 1054/1054/1054 948/948/948
f 912/912/912 893/893/893 758/758/758
f 913/913/913 912/912/912 758/758/758
f 910/910/910 1055/1055/1055 1056/1056/1056
f 1055/1055/1055 910/910/910 909/909/909
f 1057/1057/1057 906/906/906 913/913/913
f 1058/1058/1058 919/919/919 922/922/922
f 906/906/906 1057/1057/1057 1059/1059/1059
f 922/922/922 1060/1060/1060 1058/1058/1058
f 1061/1061/1061 944/944/944 945/945/945
f 945/945/945 1062/1062/1062 1061/1061/1061
f 1063/1063/1063 1037/1037/1037 1040/1040/1040
f 1064/1064/1064 1063/1063/1063 1040/1040/1040
f 1065/1065/1065 1066/1066/1066 1067/1067/1067
f 1068/1068/1068 1069/1069/1069 1070/1070/1070
f 1066/1066/1066 1065/1065/1065 1071/1071/1071
f 1070/1070/1070 1072/1072/1072 1068/1068/1068
f 1073/1073/1073 1074/1074/1074 1075/1075/1075
f 1052/1052/1052 1076/1076/1076 1053/1053/1053
f 1077/1077/1077 1071/1071/1071 1065/1065/1065
f 1078/1078/1078 1079/1079/1079 1080/1080/1080
f 1068/1068/1068 1072/1072/1072 1081/1081/1081
f 1081/1081/1081 1072/1072/1072 1082/1082/1082
f 1083/1083/1083 1084/1084/1084 1085/1085/1085
f 1086/1086/1086 1083/1083/1083 1085/1085/1085
f 1087/1087/1087 1088/1088/1088 1089/1089/1089
f 1090/1090/1090 1091/1091/1091 1081/1081/1081
f 1082/1082/1082 1090/1090/1090 1081/1081/1081
f 1071/1071/1071 1077/1077/1077 1092/1092/1092
f 1083/1083/1083 1086/1086/1086 1093/1093/1093
f 1094/1094/1094 1095/1095/1095 1096/1096/1096
f 1097/1097/1097 1094/1094/1094 1096/1096/1096
f 1093/1093/1093 1098/1098/1098 1083/1083/1083
f 1099/1099/1099 1100/1100/1100 1101/1101/1101
f 1087/1087/1087 1102/1102/1102 1088/1088/1088
f 1101/1101/1101 1103/1103/1103 1099/1099/1099
f 1104/1104/1104 1105/1105/1105 1106/1106/1106
f 1106/1106/1106 1107/1107/1107 1104/1104/1104
f 769/769/769 1108/1108/1108 774/774/774
f 1105/1105/1105 1104/1104/1104 1109/1109/1109
f 1109/1109/1109 1110/1110/1110 1105/1105/1105
f 1111/1111/1111 1112/1112/1112 1113/1113/1113
f 1113/1113/1113 1114/1114/1114 1111/1111/1111
f 1112/1112/1112 1111/1111/1111 1115/1115/1115
f 1112/1112/1112 1115/1115/1115 1116/1116/1116
f 1117/1117/1117 1118/1118/1118 1119/1119/1119
f 1120/1120/1120 1117/1117/1117 1119/1119/1119
f 1119/1119/1119 1121/1121/1121 1120/1120/1120
f 1122/1122/1122 1123/1123/1123 1124/1124/1124
f 1124/1124/1124 1123/1123/1123 1118/1118/1118
f 1125/1125/1125 1126/1126/1126 1127/1127/1127
f 1124/1124/1124 1118/1118/1118 1117/1117/1117
f 1128/1128/1128 1129/1129/1129 1130/1130/1130
f 1131/1131/1131 1132/1132/1132 1133/1133/1133
f 1134/1134/1134 1024/1024/1024 1023/1023/1023
f 1135/1135/1135 1136/1136/1136 1137/1137/1137
f 1137/1137/1137 1138/1138/1138 1135/1135/1135
f 1139/1139/1139 1140/1140/1140 1126/1126/1126
f 1126/1126/1126 1140/1140/1140 1141/1141/1141
f 1125/1125/1125 1139/1139/1139 1126/1126/1126
f 1142/1142/1142 1137/1137/1137 1136/1136/1136
f 1126/1126/1126 1141/1141/1141 1143/1143/1143
f 1144/1144/1144 1145/1145/1145 1146/1146/1146
f 1147/1147/1147 1148/1148/1148 1149/1149/1149
f 1150/1150/1150 1151/1151/1151 1152/1152/1152
f 1149/1149/1149 1153/1153/1153 1147/1147/1147
f 1152/1152/1152 1154/1154/1154 1150/1150/1150
f 1155/1155/1155 1146/1146/1146 1145/1145/1145
f 1156/1156/1156 1157/1157/1157 1158/1158/1158
f 1159/1159/1159 1152/1152/1152 1151/1151/1151
f 1160/1160/1160 1161/1161/1161 1162/1162/1162
f 1125/1125/1125 1163/1163/1163 1139/1139/1139
f 1164/1164/1164 1162/1162/1162 1161/1161/1161
f 1165/1165/1165 1164/1164/1164 1161/1161/1161
f 1125/1125/1125 1166/1166/1166 1163/1163/1163
f 1138/1138/1138 1137/1137/1137 1167/1167/1167
f 1167/1167/1167 1168/1168/1168 1138/1138/1138
f 1137/1137/1137 1142/1142/1142 1169/1169/1169
f 1137/1137/1137 1169/1169/1169 1170/1170/1170
f 1137/1137/1137 1170/1170/1170 1171/1171/1171
f 1137/1137/1137 1171/1171/1171 1172/1172/1172
f 1137/1137/1137 1172/1172/1172 1173/1173/1173
f 1174/1174/1174 1175/1175/1175 1176/1176/1176
f 1177/1177/1177 1147/1147/1147 1153/1153/1153
f 1178/1178/1178 1179/1179/1179 1180/1180/1180
f 1153/1153/1153 1181/1181/1181 1177/1177/1177
f 1182/1182/1182 1180/1180/1180 1179/1179/1179
f 1183/1183/1183 1184/1184/1184 1152/1152/1152
f 1152/1152/1152 1159/1159/1159 1185/1185/1185
f 1152/1152/1152 1185/1185/1185 1186/1186/1186
f 1152/1152/1152 1186/1186/1186 1183/1183/1183
f 1187/1187/1187 1177/1177/1177 1181/1181/1181
f 1180/1180/1180 1182/1182/1182 1188/1188/1188
f 1188/1188/1188 1169/1169/1169 1180/1180/1180
f 1189/1189/1189 1188/1188/1188 1182/1182/1182
f 1183/1183/1183 1190/1190/1190 1184/1184/1184
f 1169/1169/1169 1188/1188/1188 1170/1170/1170
f 1189/1189/1189 1191/1191/1191 1188/1188/1188
f 1188/1188/1188 1191/1191/1191 1170/1170/1170
f 1191/1191/1191 1189/1189/1189 1192/1192/1192
f 1193/1193/1193 1194/1194/1194 1195/1195/1195
f 1190/1190/1190 1183/1183/1183 1196/1196/1196
f 1197/1197/1197 1198/1198/1198 1199/1199/1199
f 1200/1200/1200 1201/1201/1201 1202/1202/1202
f 1196/1196/1196 1203/1203/1203 1190/1190/1190
f 1193/1193/1193 1204/1204/1204 1194/1194/1194
f 1170/1170/1170 1205/1205/1205 1171/1171/1171
f 1205/1205/1205 1192/1192/1192 1171/1171/1171
f 1159/1159/1159 1206/1206/1206 1185/1185/1185
f 1164/1164/1164 1165/1165/1165 1207/1207/1207
f 1206/1206/1206 1208/1208/1208 1185/1185/1185
f 1207/1207/1207 1209/1209/1209 1164/1164/1164
f 1166/1166/1166 1125/1125/1125 1210/1210/1210
f 1186/1186/1186 1185/1185/1185 1208/1208/1208
f 1209/1209/1209 1211/1211/1211 1212/1212/1212
f 1207/1207/1207 1211/1211/1211 1209/1209/1209
f 1208/1208/1208 1213/1213/1213 1214/1214/1214
f 1208/1208/1208 1214/1214/1214 1186/1186/1186
f 1215/1215/1215 1216/1216/1216 1217/1217/1217
f 1218/1218/1218 1219/1219/1219 1220/1220/1220
f 1221/1221/1221 1125/1125/1125 1222/1222/1222
f 1223/1223/1223 1125/1125/1125 1221/1221/1221
f 1217/1217/1217 1224/1224/1224 1215/1215/1215
f 1225/1225/1225 1226/1226/1226 1227/1227/1227
f 1225/1225/1225 1227/1227/1227 1214/1214/1214
f 1228/1228/1228 1220/1220/1220 1219/1219/1219
f 1214/1214/1214 1213/1213/1213 1225/1225/1225
f 1229/1229/1229 1230/1230/1230 1129/1129/1129
f 1128/1128/1128 1229/1229/1229 1129/1129/1129
f 1125/1125/1125 1223/1223/1223 1210/1210/1210
f 1231/1231/1231 1232/1232/1232 1233/1233/1233
f 1233/1233/1233 1234/1234/1234 1231/1231/1231
f 1235/1235/1235 1236/1236/1236 1237/1237/1237
f 1237/1237/1237 1238/1238/1238 1235/1235/1235
f 1239/1239/1239 1240/1240/1240 1241/1241/1241
f 1242/1242/1242 1243/1243/1243 1244/1244/1244
f 1245/1245/1245 1246/1246/1246 1229/1229/1229
f 1247/1247/1247 1245/1245/1245 1229/1229/1229
f 1248/1248/1248 1247/1247/1247 1229/1229/1229
f 1249/1249/1249 1248/1248/1248 1229/1229/1229
f 1229/1229/1229 1128/1128/1128 1249/1249/1249
f 1238/1238/1238 1237/1237/1237 1250/1250/1250
f 1251/1251/1251 1214/1214/1214 1227/1227/1227
f 1250/1250/1250 1252/1252/1252 1238/1238/1238
f 1243/1243/1243 1242/1242/1242 1253/1253/1253
f 1214/1214/1214 1251/1251/1251 1186/1186/1186
f 1252/1252/1252 1250/1250/1250 1254/1254/1254
f 1252/1252/1252 1254/1254/1254 1255/1255/1255
f 1252/1252/1252 1255/1255/1255 1256/1256/1256
f 1251/1251/1251 1257/1257/1257 1258/1258/1258
f 1258/1258/1258 1186/1186/1186 1251/1251/1251
f 1259/1259/1259 1253/1253/1253 1242/1242/1242
f 1253/1253/1253 1259/1259/1259 1260/1260/1260
f 1259/1259/1259 1261/1261/1261 1260/1260/1260
f 1262/1262/1262 1263/1263/1263 1264/1264/1264
f 1265/1265/1265 1264/1264/1264 1263/1263/1263
f 1263/1263/1263 1266/1266/1266 1265/1265/1265
f 1267/1267/1267 1255/1255/1255 1254/1254/1254
f 1268/1268/1268 1256/1256/1256 1255/1255/1255
f 1269/1269/1269 1268/1268/1268 1255/1255/1255
f 1255/1255/1255 1267/1267/1267 1270/1270/1270
f 1255/1255/1255 1270/1270/1270 1271/1271/1271
f 1271/1271/1271 1269/1269/1269 1255/1255/1255
f 1272/1272/1272 1273/1273/1273 1256/1256/1256
f 1256/1256/1256 1268/1268/1268 1272/1272/1272
f 1274/1274/1274 1275/1275/1275 1276/1276/1276
f 1186/1186/1186 1258/1258/1258 1277/1277/1277
f 1275/1275/1275 1274/1274/1274 1278/1278/1278
f 1279/1279/1279 1280/1280/1280 1281/1281/1281
f 1279/1279/1279 1282/1282/1282 1280/1280/1280
f 1283/1283/1283 1284/1284/1284 1285/1285/1285
f 1286/1286/1286 1287/1287/1287 1288/1288/1288
f 1289/1289/1289 1290/1290/1290 1291/1291/1291
f 1292/1292/1292 1293/1293/1293 1294/1294/1294
f 1295/1295/1295 1296/1296/1296 1297/1297/1297
f 1298/1298/1298 1299/1299/1299 1300/1300/1300
f 1301/1301/1301 1298/1298/1298 1300/1300/1300
f 1298/1298/1298 1302/1302/1302 1299/1299/1299
f 1303/1303/1303 1304/1304/1304 1305/1305/1305
f 1306/1306/1306 1297/1297/1297 1296/1296/1296
f 1305/1305/1305 1307/1307/1307 1303/1303/1303
f 1302/1302/1302 1298/1298/1298 1308/1308/1308
f 1302/1302/1302 1308/1308/1308 1309/1309/1309
f 1310/1310/1310 1311/1311/1311 1312/1312/1312
f 1310/1310/1310 1312/1312/1312 1313/1313/1313
f 1314/1314/1314 1315/1315/1315 1316/1316/1316
f 1297/1297/1297 1306/1306/1306 1317/1317/1317
f 1318/1318/1318 1133/1133/1133 1132/1132/1132
f 1132/1132/1132 1319/1319/1319 1318/1318/1318
f 1133/1133/1133 1318/1318/1318 1320/1320/1320
f 1128/1128/1128 1321/1321/1321 1249/1249/1249
f 1322/1322/1322 1321/1321/1321 1128/1128/1128
f 1320/1320/1320 1323/1323/1323 1133/1133/1133
f 1094/1094/1094 1097/1097/1097 1324/1324/1324
f 1098/1098/1098 1093/1093/1093 1325/1325/1325
f 1326/1326/1326 1324/1324/1324 1097/1097/1097
f 1098/1098/1098 1325/1325/1325 1327/1327/1327
f 1328/1328/1328 1325/1325/1325 1093/1093/1093
f 1329/1329/1329 1330/1330/1330 1331/1331/1331
f 1329/1329/1329 1331/1331/1331 1332/1332/1332
f 1333/1333/1333 1320/1320/1320 1318/1318/1318
f 1332/1332/1332 1334/1334/1334 1329/1329/1329
f 1335/1335/1335 1336/1336/1336 1337/1337/1337
f 1337/1337/1337 1336/1336/1336 1338/1338/1338
f 1339/1339/1339 1340/1340/1340 1341/1341/1341
f 1342/1342/1342 1343/1343/1343 1344/1344/1344
f 1345/1345/1345 1327/1327/1327 1325/1325/1325
f 1325/1325/1325 1328/1328/1328 1346/1346/1346
f 1325/1325/1325 1346/1346/1346 1347/1347/1347
f 1347/1347/1347 1345/1345/1345 1325/1325/1325
f 1345/1345/1345 1348/1348/1348 1327/1327/1327
f 1349/1349/1349 1336/1336/1336 1335/1335/1335
f 1350/1350/1350 1336/1336/1336 1349/1349/1349
f 1349/1349/1349 1335/1335/1335 1351/1351/1351
f 1349/1349/1349 1352/1352/1352 1350/1350/1350
f 1353/1353/1353 1354/1354/1354 1355/1355/1355
f 1336/1336/1336 1356/1356/1356 1338/1338/1338
f 1357/1357/1357 1266/1266/1266 1358/1358/1358
f 1358/1358/1358 1359/1359/1359 1360/1360/1360
f 1358/1358/1358 1360/1360/1360 1357/1357/1357
f 1266/1266/1266 1357/1357/1357 1265/1265/1265
f 1361/1361/1361 1362/1362/1362 1323/1323/1323
f 1320/1320/1320 1361/1361/1361 1323/1323/1323
f 1270/1270/1270 1363/1363/1363 1364/1364/1364
f 1364/1364/1364 1365/1365/1365 1270/1270/1270
f 1270/1270/1270 1267/1267/1267 1363/1363/1363
f 1366/1366/1366 1367/1367/1367 1368/1368/1368
f 1361/1361/1361 1320/1320/1320 1369/1369/1369
f 1370/1370/1370 1371/1371/1371 1372/1372/1372
f 1373/1373/1373 1374/1374/1374 1375/1375/1375
f 1376/1376/1376 1377/1377/1377 1378/1378/1378
f 1270/1270/1270 1379/1379/1379 1271/1271/1271
f 1380/1380/1380 1381/1381/1381 1382/1382/1382
f 1334/1334/1334 1380/1380/1380 1382/1382/1382
f 1334/1334/1334 1383/1383/1383 1380/1380/1380
f 1383/1383/1383 1334/1334/1334 1384/1384/1384
f 1385/1385/1385 1386/1386/1386 1387/1387/1387
f 1308/1308/1308 1388/1388/1388 1389/1389/1389
f 1390/1390/1390 1308/1308/1308 1389/1389/1389
f 1332/1332/1332 1384/1384/1384 1334/1334/1334
f 1391/1391/1391 1387/1387/1387 1386/1386/1386
f 1388/1388/1388 1298/1298/1298 1392/1392/1392
f 1308/1308/1308 1298/1298/1298 1388/1388/1388
f 1298/1298/1298 1301/1301/1301 1392/1392/1392
f 1393/1393/1393 1394/1394/1394 1395/1395/1395
f 1311/1311/1311 1396/1396/1396 1397/1397/1397
f 1398/1398/1398 1396/1396/1396 1311/1311/1311
f 1311/1311/1311 1397/1397/1397 1312/1312/1312
f 1399/1399/1399 1400/1400/1400 1401/1401/1401
f 1311/1311/1311 1402/1402/1402 1398/1398/1398
f 1403/1403/1403 1404/1404/1404 1405/1405/1405
f 1405/1405/1405 1406/1406/1406 1403/1403/1403
f 1407/1407/1407 1408/1408/1408 1409/1409/1409
f 1410/1410/1410 1411/1411/1411 1412/1412/1412
f 1413/1413/1413 1414/1414/1414 1415/1415/1415
f 1416/1416/1416 1417/1417/1417 1418/1418/1418
f 1419/1419/1419 1420/1420/1420 1421/1421/1421
f 1422/1422/1422 1423/1423/1423 1424/1424/1424
f 1425/1425/1425 1426/1426/1426 1427/1427/1427
f 1340/1340/1340 1428/1428/1428 1429/1429/1429
f 1339/1339/1339 1428/1428/1428 1340/1340/1340
f 1430/1430/1430 1343/1343/1343 1431/1431/1431
f 1432/1432/1432 1401/1401/1401 1400/1400/1400
f 1433/1433/1433 1431/1431/1431 1343/1343/1343
f 1343/1343/1343 1342/1342/1342 1433/1433/1433
f 1434/1434/1434 1398/1398/1398 1402/1402/1402
f 1402/1402/1402 1435/1435/1435 1434/1434/1434
f 1436/1436/1436 1437/1437/1437 1438/1438/1438
f 1439/1439/1439 1403/1403/1403 1406/1406/1406
f 1438/1438/1438 1440/1440/1440 1436/1436/1436
f 1441/1441/1441 1434/1434/1434 1435/1435/1435
f 1431/1431/1431 1433/1433/1433 1442/1442/1442
f 1435/1435/1435 1443/1443/1443 1441/1441/1441
f 1444/1444/1444 1445/1445/1445 1446/1446/1446
f 1447/1447/1447 1448/1448/1448 1449/1449/1449
f 461/461/461 1450/1450/1450 448/448/448
f 1451/1451/1451 1452/1452/1452 1453/1453/1453
f 1454/1454/1454 1455/1455/1455 1456/1456/1456
f 1457/1457/1457 460/460/460 462/462/462
f 1458/1458/1458 1459/1459/1459 1460/1460/1460
f 1460/1460/1460 1459/1459/1459 1461/1461/1461
f 1462/1462/1462 1458/1458/1458 1460/1460/1460
f 614/614/614 1463/1463/1463 442/442/442
f 1464/1464/1464 408/408/408 438/438/438
f 1461/1461/1461 1465/1465/1465 1460/1460/1460
f 1466/1466/1466 1467/1467/1467 1468/1468/1468
f 1468/1468/1468 1467/1467/1467 1469/1469/1469
f 1470/1470/1470 1466/1466/1466 1468/1468/1468
f 1471/1471/1471 1472/1472/1472 1473/1473/1473
f 1471/1471/1471 1473/1473/1473 1474/1474/1474
f 1475/1475/1475 1469/1469/1469 1467/1467/1467
f 1476/1476/1476 1477/1477/1477 1478/1478/1478
f 1466/1466/1466 1470/1470/1470 1479/1479/1479
f 1480/1480/1480 1481/1481/1481 1482/1482/1482
f 1466/1466/1466 1479/1479/1479 1483/1483/1483
f 1473/1473/1473 1484/1484/1484 1485/1485/1485
f 1485/1485/1485 1486/1486/1486 1473/1473/1473
f 1473/1473/1473 1486/1486/1486 1487/1487/1487
f 1487/1487/1487 1474/1474/1474 1473/1473/1473
f 1488/1488/1488 1489/1489/1489 1463/1463/1463
f 1490/1490/1490 1488/1488/1488 1463/1463/1463
f 1463/1463/1463 614/614/614 1490/1490/1490
f 1489/1489/1489 1488/1488/1488 1491/1491/1491
f 1492/1492/1492 1493/1493/1493 1494/1494/1494
f 1492/1492/1492 1494/1494/1494 1495/1495/1495
f 1495/1495/1495 1496/1496/1496 1492/1492/1492
f 1490/1490/1490 1491/1491/1491 1488/1488/1488
f 1493/1493/1493 1497/1497/1497 1494/1494/1494
f 1498/1498/1498 1499/1499/1499 621/621/621
f 621/621/621 627/627/627 1500/1500/1500
f 1500/1500/1500 1498/1498/1498 621/621/621
f 1501/1501/1501 1494/1494/1494 1497/1497/1497
f 1502/1502/1502 1503/1503/1503 1504/1504/1504
f 1504/1504/1504 1505/1505/1505 1502/1502/1502
f 1506/1506/1506 1507/1507/1507 1508/1508/1508
f 1509/1509/1509 1510/1510/1510 1511/1511/1511
f 1508/1508/1508 1512/1512/1512 1506/1506/1506
f 1513/1513/1513 1514/1514/1514 1515/1515/1515
f 1516/1516/1516 1517/1517/1517 1518/1518/1518
f 1519/1519/1519 1520/1520/1520 1521/1521/1521
f 1522/1522/1522 1523/1523/1523 1524/1524/1524
f 1515/1515/1515 1525/1525/1525 1513/1513/1513
f 1518/1518/1518 1526/1526/1526 1516/1516/1516
f 1527/1527/1527 1515/1515/1515 1514/1514/1514
f 1528/1528/1528 1511/1511/1511 1510/1510/1510
f 1529/1529/1529 1530/1530/1530 1531/1531/1531
f 1532/1532/1532 1530/1530/1530 1529/1529/1529
f 1533/1533/1533 1534/1534/1534 1535/1535/1535
f 1536/1536/1536 1532/1532/1532 1529/1529/1529
f 1529/1529/1529 1537/1537/1537 1536/1536/1536
f 1538/1538/1538 1539/1539/1539 1540/1540/1540
f 1523/1523/1523 1541/1541/1541 1542/1542/1542
f 1543/1543/1543 1544/1544/1544 1545/1545/1545
f 1546/1546/1546 1547/1547/1547 1548/1548/1548
f 1549/1549/1549 1550/1550/1550 1551/1551/1551
f 1552/1552/1552 1546/1546/1546 1548/1548/1548
f 1548/1548/1548 1553/1553/1553 1552/1552/1552
f 1554/1554/1554 1524/1524/1524 1523/1523/1523
f 1542/1542/1542 1554/1554/1554 1523/1523/1523
f 1555/1555/1555 1531/1531/1531 1530/1530/1530
f 1530/1530/1530 1532/1532/1532 1556/1556/1556
f 1530/1530/1530 1556/1556/1556 1557/1557/1557
f 1558/1558/1558 1559/1559/1559 1560/1560/1560
f 1534/1534/1534 1561/1561/1561 1562/1562/1562
f 1534/1534/1534 1563/1563/1563 1564/1564/1564
f 1565/1565/1565 1563/1563/1563 1534/1534/1534
f 1564/1564/1564 1535/1535/1535 1534/1534/1534
f 1562/1562/1562 1565/1565/1565 1534/1534/1534
f 1542/1542/1542 1541/1541/1541 1566/1566/1566
f 1567/1567/1567 1557/1557/1557 1556/1556/1556
f 1556/1556/1556 1568/1568/1568 1567/1567/1567
f 1557/1557/1557 1567/1567/1567 1569/1569/1569
f 1559/1559/1559 1570/1570/1570 1571/1571/1571
f 1571/1571/1571 1560/1560/1560 1559/1559/1559
f 1572/1572/1572 1573/1573/1573 1568/1568/1568
f 1568/1568/1568 1573/1573/1573 1567/1567/1567
f 1568/1568/1568 1574/1574/1574 1572/1572/1572
f 1575/1575/1575 1576/1576/1576 1577/1577/1577
f 1569/1569/1569 1567/1567/1567 1573/1573/1573
f 1571/1571/1571 1570/1570/1570 1575/1575/1575
f 1575/1575/1575 1578/1578/1578 1571/1571/1571
f 1577/1577/1577 1578/1578/1578 1575/1575/1575
f 1579/1579/1579 1572/1572/1572 1574/1574/1574
f 1579/1579/1579 1580/1580/1580 1572/1572/1572
f 1572/1572/1572 1580/1580/1580 1581/1581/1581
f 1582/1582/1582 1583/1583/1583 1584/1584/1584
f 1585/1585/1585 1586/1586/1586 1583/1583/1583
f 1587/1587/1587 1586/1586/1586 1585/1585/1585
f 1588/1588/1588 1587/1587/1587 1585/1585/1585
f 1589/1589/1589 1583/1583/1583 1586/1586/1586
f 1586/1586/1586 1587/1587/1587 1589/1589/1589
f 1583/1583/1583 1589/1589/1589 1584/1584/1584
f 1590/1590/1590 1591/1591/1591 1592/1592/1592
f 1593/1593/1593 1594/1594/1594 1595/1595/1595
f 1592/1592/1592 1596/1596/1596 1590/1590/1590
f 1597/1597/1597 1596/1596/1596 1592/1592/1592
f 1598/1598/1598 1599/1599/1599 1600/1600/1600
f 1601/1601/1601 1602/1602/1602 1603/1603/1603
f 1604/1604/1604 1605/1605/1605 1606/1606/1606
f 1607/1607/1607 1601/1601/1601 1603/1603/1603
f 1608/1608/1608 1609/1609/1609 1610/1610/1610
f 1611/1611/1611 1612/1612/1612 1613/1613/1613
f 1614/1614/1614 1615/1615/1615 1616/1616/1616
f 1617/1617/1617 1618/1618/1618 1619/1619/1619
f 1620/1620/1620 1621/1621/1621 1622/1622/1622
f 1623/1623/1623 1624/1624/1624 1625/1625/1625
f 1625/1625/1625 1624/1624/1624 1626/1626/1626
f 1627/1627/1627 1628/1628/1628 1629/1629/1629
f 1630/1630/1630 1631/1631/1631 1632/1632/1632
f 1630/1630/1630 1632/1632/1632 1633/1633/1633
f 1634/1634/1634 1635/1635/1635 1636/1636/1636
f 1503/1503/1503 1502/1502/1502 1637/1637/1637
f 1638/1638/1638 1639/1639/1639 1640/1640/1640
f 1640/1640/1640 1639/1639/1639 1641/1641/1641
f 1624/1624/1624 1623/1623/1623 1642/1642/1642
f 1643/1643/1643 1644/1644/1644 1640/1640/1640
f 1641/1641/1641 1643/1643/1643 1640/1640/1640
f 1645/1645/1645 1646/1646/1646 1647/1647/1647
f 1648/1648/1648 1646/1646/1646 1645/1645/1645
f 1649/1649/1649 1650/1650/1650 1651/1651/1651
f 1652/1652/1652 1653/1653/1653 1654/1654/1654
f 1655/1655/1655 1656/1656/1656 1657/1657/1657
f 1645/1645/1645 1658/1658/1658 1659/1659/1659
f 1659/1659/1659 1660/1660/1660 1645/1645/1645
f 1645/1645/1645 1660/1660/1660 1648/1648/1648
f 1661/1661/1661 1647/1647/1647 1646/1646/1646
f 1639/1639/1639 1638/1638/1638 1662/1662/1662
f 1650/1650/1650 1663/1663/1663 1664/1664/1664
f 1665/1665/1665 1663/1663/1663 1650/1650/1650
f 1664/1664/1664 1651/1651/1651 1650/1650/1650
f 1666/1666/1666 1665/1665/1665 1650/1650/1650
f 1665/1665/1665 1667/1667/1667 1663/1663/1663
f 1668/1668/1668 1669/1669/1669 1670/1670/1670
f 1671/1671/1671 1672/1672/1672 1673/1673/1673
f 1671/1671/1671 1673/1673/1673 1674/1674/1674
f 1525/1525/1525 1515/1515/1515 1675/1675/1675
f 1550/1550/1550 1676/1676/1676 1551/1551/1551
f 1677/1677/1677 1678/1678/1678 1679/1679/1679
f 1680/1680/1680 1681/1681/1681 1682/1682/1682
f 1642/1642/1642 1623/1623/1623 1683/1683/1683
f 1684/1684/1684 1685/1685/1685 1686/1686/1686
f 1682/1682/1682 1687/1687/1687 1680/1680/1680
f 1688/1688/1688 1689/1689/1689 1690/1690/1690
f 1678/1678/1678 1677/1677/1677 1691/1691/1691
f 1692/1692/1692 1673/1673/1673 1672/1672/1672
f 1693/1693/1693 1694/1694/1694 1628/1628/1628
f 1628/1628/1628 1695/1695/1695 1693/1693/1693
f 1627/1627/1627 1695/1695/1695 1628/1628/1628
f 1696/1696/1696 1697/1697/1697 1698/1698/1698
f 1699/1699/1699 1700/1700/1700 1701/1701/1701
f 1701/1701/1701 1700/1700/1700 1702/1702/1702
f 1703/1703/1703 1704/1704/1704 1697/1697/1697
f 1697/1697/1697 1704/1704/1704 1698/1698/1698
f 1705/1705/1705 1706/1706/1706 1707/1707/1707
f 1708/1708/1708 1709/1709/1709 1710/1710/1710
f 1711/1711/1711 1712/1712/1712 1713/1713/1713
f 1627/1627/1627 1714/1714/1714 1695/1695/1695
f 1715/1715/1715 1716/1716/1716 1707/1707/1707
f 1707/1707/1707 1706/1706/1706 1715/1715/1715
f 1714/1714/1714 1627/1627/1627 1717/1717/1717
f 1718/1718/1718 1719/1719/1719 1720/1720/1720
f 1721/1721/1721 1707/1707/1707 1716/1716/1716
f 1722/1722/1722 1723/1723/1723 1660/1660/1660
f 1724/1724/1724 1725/1725/1725 1726/1726/1726
f 1722/1722/1722 1660/1660/1660 1659/1659/1659
f 1727/1727/1727 1728/1728/1728 1729/1729/1729
f 1727/1727/1727 1729/1729/1729 1730/1730/1730
f 1730/1730/1730 1731/1731/1731 1727/1727/1727
f 1732/1732/1732 1733/1733/1733 1734/1734/1734
f 1734/1734/1734 1735/1735/1735 1732/1732/1732
f 1725/1725/1725 1736/1736/1736 1737/1737/1737
f 1724/1724/1724 1736/1736/1736 1725/1725/1725
f 1648/1648/1648 1660/1660/1660 1723/1723/1723
f 1738/1738/1738 1737/1737/1737 1736/1736/1736
f 1736/1736/1736 1724/1724/1724 1738/1738/1738
f 1632/1632/1632 1739/1739/1739 1740/1740/1740
f 1740/1740/1740 1633/1633/1633 1632/1632/1632
f 1741/1741/1741 1742/1742/1742 1743/1743/1743
f 1744/1744/1744 1745/1745/1745 1746/1746/1746
f 1747/1747/1747 1748/1748/1748 1749/1749/1749
f 1749/1749/1749 1748/1748/1748 1750/1750/1750
f 1746/1746/1746 1751/1751/1751 1744/1744/1744
f 1752/1752/1752 1753/1753/1753 1754/1754/1754
f 1664/1664/1664 1755/1755/1755 1651/1651/1651
f 1754/1754/1754 1728/1728/1728 1752/1752/1752
f 1753/1753/1753 1756/1756/1756 1754/1754/1754
f 1664/1664/1664 1757/1757/1757 1755/1755/1755
f 1758/1758/1758 1412/1412/1412 1411/1411/1411
f 1439/1439/1439 1759/1759/1759 1403/1403/1403
f 1757/1757/1757 1664/1664/1664 1760/1760/1760
f 1728/1728/1728 1754/1754/1754 1729/1729/1729
f 1759/1759/1759 1439/1439/1439 1761/1761/1761
f 1440/1440/1440 1438/1438/1438 1762/1762/1762
f 1763/1763/1763 1762/1762/1762 1438/1438/1438
f 1764/1764/1764 1765/1765/1765 1445/1445/1445
f 1445/1445/1445 1444/1444/1444 1766/1766/1766
f 1445/1445/1445 1766/1766/1766 1764/1764/1764
f 1767/1767/1767 1768/1768/1768 1769/1769/1769
f 1724/1724/1724 1770/1770/1770 1738/1738/1738
f 1771/1771/1771 1769/1769/1769 1768/1768/1768
f 1772/1772/1772 1717/1717/1717 1627/1627/1627
f 1773/1773/1773 1772/1772/1772 1627/1627/1627
f 1774/1774/1774 1773/1773/1773 1627/1627/1627
f 1719/1719/1719 1775/1775/1775 1776/1776/1776
f 1776/1776/1776 1720/1720/1720 1719/1719/1719
f 1775/1775/1775 1777/1777/1777 1778/1778/1778
f 1778/1778/1778 1776/1776/1776 1775/1775/1775
f 1779/1779/1779 1780/1780/1780 1781/1781/1781
f 1778/1778/1778 1777/1777/1777 1782/1782/1782
f 1783/1783/1783 1784/1784/1784 1785/1785/1785
f 1786/1786/1786 1787/1787/1787 1788/1788/1788
f 1774/1774/1774 1789/1789/1789 1773/1773/1773
f 1790/1790/1790 1791/1791/1791 1792/1792/1792
f 1793/1793/1793 1794/1794/1794 1795/1795/1795
f 1796/1796/1796 1797/1797/1797 1798/1798/1798
f 1799/1799/1799 1800/1800/1800 1801/1801/1801
f 1801/1801/1801 1802/1802/1802 1799/1799/1799
f 1774/1774/1774 1803/1803/1803 1789/1789/1789
f 1794/1794/1794 1793/1793/1793 1804/1804/1804
f 1805/1805/1805 1804/1804/1804 1793/1793/1793
f 1806/1806/1806 1807/1807/1807 1808/1808/1808
f 1808/1808/1808 1807/1807/1807 1809/1809/1809
f 1807/1807/1807 1806/1806/1806 1810/1810/1810
f 1811/1811/1811 1812/1812/1812 1813/1813/1813
f 1814/1814/1814 1815/1815/1815 1816/1816/1816
f 1817/1817/1817 1818/1818/1818 1819/1819/1819
f 1812/1812/1812 1820/1820/1820 1813/1813/1813
f 1821/1821/1821 1822/1822/1822 1823/1823/1823
f 1823/1823/1823 1824/1824/1824 1825/1825/1825
f 1823/1823/1823 1825/1825/1825 1826/1826/1826
f 1823/1823/1823 1826/1826/1826 1821/1821/1821
f 1827/1827/1827 1828/1828/1828 1829/1829/1829
f 1830/1830/1830 1831/1831/1831 1832/1832/1832
f 1833/1833/1833 1834/1834/1834 1835/1835/1835
f 1580/1580/1580 1836/1836/1836 1581/1581/1581
f 1837/1837/1837 1838/1838/1838 1839/1839/1839
f 1840/1840/1840 1841/1841/1841 1842/1842/1842
f 1843/1843/1843 1844/1844/1844 1588/1588/1588
f 1842/1842/1842 1845/1845/1845 1840/1840/1840
f 1844/1844/1844 1846/1846/1846 1587/1587/1587
f 1847/1847/1847 1848/1848/1848 1849/1849/1849
f 1844/1844/1844 1587/1587/1587 1588/1588/1588
f 1841/1841/1841 1840/1840/1840 1850/1850/1850
f 1851/1851/1851 1852/1852/1852 1848/1848/1848
f 1846/1846/1846 1853/1853/1853 1854/1854/1854
f 1854/1854/1854 1587/1587/1587 1846/1846/1846
f 1848/1848/1848 1847/1847/1847 1851/1851/1851
f 1855/1855/1855 1856/1856/1856 1857/1857/1857
f 1858/1858/1858 1708/1708/1708 1855/1855/1855
f 1853/1853/1853 1712/1712/1712 1854/1854/1854
f 1855/1855/1855 1857/1857/1857 1858/1858/1858
f 1854/1854/1854 1589/1589/1589 1587/1587/1587
f 1552/1552/1552 1859/1859/1859 1546/1546/1546
f 1860/1860/1860 1861/1861/1861 1862/1862/1862
f 1863/1863/1863 1860/1860/1860 1862/1862/1862
f 1864/1864/1864 1863/1863/1863 1862/1862/1862
f 1865/1865/1865 1866/1866/1866 1867/1867/1867
f 1865/1865/1865 1867/1867/1867 1868/1868/1868
f 1869/1869/1869 1870/1870/1870 1871/1871/1871
f 1608/1608/1608 1872/1872/1872 1609/1609/1609
f 1589/1589/1589 1854/1854/1854 1873/1873/1873
f 1589/1589/1589 1873/1873/1873 1874/1874/1874
f 1589/1589/1589 1874/1874/1874 1875/1875/1875
f 1589/1589/1589 1875/1875/1875 1876/1876/1876
f 1876/1876/1876 1584/1584/1584 1589/1589/1589
f 1877/1877/1877 1709/1709/1709 1708/1708/1708
f 1877/1877/1877 1708/1708/1708 1858/1858/1858
f 1878/1878/1878 1879/1879/1879 1880/1880/1880
f 1881/1881/1881 1878/1878/1878 1880/1880/1880
f 1712/1712/1712 1711/1711/1711 1882/1882/1882
f 1712/1712/1712 1882/1882/1882 1883/1883/1883
f 1883/1883/1883 1854/1854/1854 1712/1712/1712
f 1711/1711/1711 1884/1884/1884 1882/1882/1882
f 1885/1885/1885 1886/1886/1886 1887/1887/1887
f 1888/1888/1888 1889/1889/1889 1890/1890/1890
f 1891/1891/1891 1892/1892/1892 1893/1893/1893
f 1893/1893/1893 1892/1892/1892 1894/1894/1894
f 1895/1895/1895 1896/1896/1896 1897/1897/1897
f 1898/1898/1898 1899/1899/1899 1900/1900/1900
f 1898/1898/1898 1900/1900/1900 1901/1901/1901
f 1898/1898/1898 1901/1901/1901 1902/1902/1902
f 1854/1854/1854 1883/1883/1883 1873/1873/1873
f 1895/1895/1895 1903/1903/1903 1896/1896/1896
f 1904/1904/1904 1905/1905/1905 1906/1906/1906
f 1907/1907/1907 1908/1908/1908 1909/1909/1909
f 1909/1909/1909 1910/1910/1910 1907/1907/1907
f 1911/1911/1911 1615/1615/1615 1912/1912/1912
f 1913/1913/1913 1914/1914/1914 1915/1915/1915
f 1916/1916/1916 1917/1917/1917 1918/1918/1918
f 1918/1918/1918 1919/1919/1919 1916/1916/1916
f 1920/1920/1920 1906/1906/1906 1905/1905/1905
f 1921/1921/1921 1922/1922/1922 1923/1923/1923
f 1924/1924/1924 1915/1915/1915 1914/1914/1914
f 1925/1925/1925 1926/1926/1926 1903/1903/1903
f 1903/1903/1903 1895/1895/1895 1925/1925/1925
f 1927/1927/1927 1923/1923/1923 1922/1922/1922
f 1928/1928/1928 1929/1929/1929 1930/1930/1930
f 1931/1931/1931 1932/1932/1932 1933/1933/1933
f 1934/1934/1934 1935/1935/1935 1936/1936/1936
f 1915/1915/1915 1924/1924/1924 1937/1937/1937
f 1938/1938/1938 1939/1939/1939 1940/1940/1940
f 1615/1615/1615 1911/1911/1911 1616/1616/1616
f 1923/1923/1923 1927/1927/1927 1941/1941/1941
f 1942/1942/1942 1875/1875/1875 1874/1874/1874
f 1926/1926/1926 1925/1925/1925 1943/1943/1943
f 1926/1926/1926 1943/1943/1943 1944/1944/1944
f 1875/1875/1875 1942/1942/1942 1945/1945/1945
f 1946/1946/1946 1947/1947/1947 1948/1948/1948
f 1949/1949/1949 1950/1950/1950 1951/1951/1951
f 1929/1929/1929 1928/1928/1928 1952/1952/1952
f 1949/1949/1949 1953/1953/1953 1950/1950/1950
f 1954/1954/1954 1955/1955/1955 1956/1956/1956
f 1957/1957/1957 1958/1958/1958 1959/1959/1959
f 1960/1960/1960 1961/1961/1961 1962/1962/1962
f 1963/1963/1963 1964/1964/1964 1965/1965/1965
f 1966/1966/1966 1967/1967/1967 1963/1963/1963
f 1965/1965/1965 1966/1966/1966 1963/1963/1963
f 1968/1968/1968 1969/1969/1969 1960/1960/1960
f 1970/1970/1970 1971/1971/1971 1958/1958/1958
f 1958/1958/1958 1957/1957/1957 1972/1972/1972
f 1958/1958/1958 1972/1972/1972 1970/1970/1970
f 1969/1969/1969 1973/1973/1973 1974/1974/1974
f 1975/1975/1975 1976/1976/1976 1971/1971/1971
f 1974/1974/1974 1960/1960/1960 1969/1969/1969
f 1971/1971/1971 1970/1970/1970 1975/1975/1975
f 1977/1977/1977 1978/1978/1978 1979/1979/1979
f 1975/1975/1975 1980/1980/1980 1976/1976/1976
f 1979/1979/1979 1981/1981/1981 1977/1977/1977
f 1961/1961/1961 1960/1960/1960 1982/1982/1982
f 1983/1983/1983 1984/1984/1984 1985/1985/1985
f 1960/1960/1960 1974/1974/1974 1986/1986/1986
f 1960/1960/1960 1986/1986/1986 1982/1982/1982
f 1987/1987/1987 1988/1988/1988 1989/1989/1989
f 1974/1974/1974 1990/1990/1990 1986/1986/1986
f 1977/1977/1977 1991/1991/1991 1978/1978/1978
f 1992/1992/1992 1993/1993/1993 1994/1994/1994
f 1992/1992/1992 1994/1994/1994 1995/1995/1995
f 1996/1996/1996 1997/1997/1997 1998/1998/1998
f 1990/1990/1990 1999/1999/1999 1986/1986/1986
f 2000/2000/2000 2001/2001/2001 2002/2002/2002
f 1991/1991/1991 1977/1977/1977 2003/2003/2003
f 2004/2004/2004 2005/2005/2005 2006/2006/2006
f 2001/2001/2001 2000/2000/2000 2007/2007/2007
f 2008/2008/2008 1998/1998/1998 1997/1997/1997
f 2009/2009/2009 2010/2010/2010 2011/2011/2011
f 2012/2012/2012 2013/2013/2013 2014/2014/2014
f 2015/2015/2015 2016/2016/2016 2017/2017/2017
f 2018/2018/2018 1986/1986/1986 1999/1999/1999
f 2019/2019/2019 2020/2020/2020 2021/2021/2021
f 2022/2022/2022 2014/2014/2014 2013/2013/2013
f 2023/2023/2023 2024/2024/2024 2025/2025/2025
f 2026/2026/2026 2027/2027/2027 2028/2028/2028
f 2029/2029/2029 2030/2030/2030 2031/2031/2031
f 2028/2028/2028 2032/2032/2032 2026/2026/2026
f 2029/2029/2029 2031/2031/2031 2033/2033/2033
f 1986/1986/1986 2018/2018/2018 2034/2034/2034
f 2034/2034/2034 1982/1982/1982 1986/1986/1986
f 2018/2018/2018 2033/2033/2033 2035/2035/2035
f 2035/2035/2035 2034/2034/2034 2018/2018/2018
f 2036/2036/2036 1972/1972/1972 1957/1957/1957
f 2037/2037/2037 2038/2038/2038 2039/2039/2039
f 2040/2040/2040 1970/1970/1970 1972/1972/1972
f 2041/2041/2041 2042/2042/2042 2043/2043/2043
f 2044/2044/2044 2045/2045/2045 1966/1966/1966
f 1966/1966/1966 1965/1965/1965 2044/2044/2044
f 1970/1970/1970 2040/2040/2040 2046/2046/2046
f 2047/2047/2047 2048/2048/2048 2049/2049/2049
f 2049/2049/2049 2050/2050/2050 2047/2047/2047
f 2051/2051/2051 2052/2052/2052 2053/2053/2053
f 2054/2054/2054 2048/2048/2048 2055/2055/2055
f 2045/2045/2045 2044/2044/2044 2056/2056/2056
f 2057/2057/2057 2053/2053/2053 2052/2052/2052
f 2058/2058/2058 2049/2049/2049 2048/2048/2048
f 2048/2048/2048 2054/2054/2054 2059/2059/2059
f 2048/2048/2048 2059/2059/2059 2058/2058/2058
f 1980/1980/1980 1975/1975/1975 2060/2060/2060
f 1981/1981/1981 2061/2061/2061 1977/1977/1977
f 2062/2062/2062 2063/2063/2063 2064/2064/2064
f 1980/1980/1980 2060/2060/2060 2065/2065/2065
f 2064/2064/2064 2066/2066/2066 2062/2062/2062
f 2067/2067/2067 2068/2068/2068 2069/2069/2069
f 2070/2070/2070 2067/2067/2067 2069/2069/2069
f 2069/2069/2069 2071/2071/2071 2070/2070/2070
f 2067/2067/2067 2072/2072/2072 2068/2068/2068
f 2068/2068/2068 2072/2072/2072 2073/2073/2073
f 2072/2072/2072 2067/2067/2067 2074/2074/2074
f 2072/2072/2072 2074/2074/2074 2073/2073/2073
f 2075/2075/2075 2076/2076/2076 2077/2077/2077
f 2078/2078/2078 2079/2079/2079 2080/2080/2080
f 2075/2075/2075 2077/2077/2077 2081/2081/2081
f 2082/2082/2082 2083/2083/2083 2084/2084/2084
f 2070/2070/2070 2074/2074/2074 2067/2067/2067
f 2076/2076/2076 2085/2085/2085 2077/2077/2077
f 2086/2086/2086 2085/2085/2085 2076/2076/2076
f 2087/2087/2087 2088/2088/2088 2089/2089/2089
f 2089/2089/2089 2090/2090/2090 2087/2087/2087
f 2091/2091/2091 2092/2092/2092 2093/2093/2093
f 2094/2094/2094 2091/2091/2091 2093/2093/2093
f 2085/2085/2085 2086/2086/2086 2095/2095/2095
f 2096/2096/2096 2097/2097/2097 2098/2098/2098
f 2099/2099/2099 2100/2100/2100 2101/2101/2101
f 2074/2074/2074 2070/2070/2070 2102/2102/2102
f 2103/2103/2103 2104/2104/2104 2105/2105/2105
f 2106/2106/2106 2073/2073/2073 2074/2074/2074
f 2105/2105/2105 2107/2107/2107 2103/2103/2103
f 2108/2108/2108 2109/2109/2109 2110/2110/2110
f 2111/2111/2111 2112/2112/2112 2113/2113/2113
f 2114/2114/2114 2115/2115/2115 2116/2116/2116
f 2117/2117/2117 2118/2118/2118 2119/2119/2119
f 2119/2119/2119 2120/2120/2120 2117/2117/2117
f 2121/2121/2121 2122/2122/2122 2123/2123/2123
f 2124/2124/2124 2025/2025/2025 2024/2024/2024
f 2125/2125/2125 2126/2126/2126 2127/2127/2127
f 2128/2128/2128 2129/2129/2129 2130/2130/2130
f 2131/2131/2131 2132/2132/2132 2133/2133/2133
f 2134/2134/2134 2135/2135/2135 2136/2136/2136
f 2130/2130/2130 2137/2137/2137 2128/2128/2128
f 2133/2133/2133 2138/2138/2138 2139/2139/2139
f 2133/2133/2133 2139/2139/2139 2131/2131/2131
f 2140/2140/2140 2141/2141/2141 2142/2142/2142
f 2143/2143/2143 2144/2144/2144 2145/2145/2145
f 2025/2025/2025 2124/2124/2124 2146/2146/2146
f 2147/2147/2147 2148/2148/2148 2149/2149/2149
f 2027/2027/2027 2150/2150/2150 2028/2028/2028
f 2149/2149/2149 2151/2151/2151 2147/2147/2147
f 2058/2058/2058 2152/2152/2152 2049/2049/2049
f 2153/2153/2153 2154/2154/2154 2155/2155/2155
f 2058/2058/2058 2156/2156/2156 2152/2152/2152
f 2157/2157/2157 2070/2070/2070 2071/2071/2071
f 2158/2158/2158 2159/2159/2159 2160/2160/2160
f 2161/2161/2161 2162/2162/2162 2163/2163/2163
f 2070/2070/2070 2157/2157/2157 2164/2164/2164
f 2070/2070/2070 2164/2164/2164 2165/2165/2165
f 2166/2166/2166 2167/2167/2167 2168/2168/2168
f 2169/2169/2169 2170/2170/2170 2137/2137/2137
f 2137/2137/2137 2130/2130/2130 2169/2169/2169
f 2171/2171/2171 2172/2172/2172 2173/2173/2173
f 2174/2174/2174 2175/2175/2175 2176/2176/2176
f 2177/2177/2177 2178/2178/2178 2174/2174/2174
f 2176/2176/2176 2177/2177/2177 2174/2174/2174
f 2179/2179/2179 2180/2180/2180 2181/2181/2181
f 2170/2170/2170 2169/2169/2169 2182/2182/2182
f 2181/2181/2181 2183/2183/2183 2179/2179/2179
f 2184/2184/2184 2176/2176/2176 2175/2175/2175
f 2185/2185/2185 2186/2186/2186 2187/2187/2187
f 2188/2188/2188 2189/2189/2189 2190/2190/2190
f 2190/2190/2190 2191/2191/2191 2188/2188/2188
f 2186/2186/2186 2185/2185/2185 2192/2192/2192
f 2193/2193/2193 2194/2194/2194 2195/2195/2195
f 2195/2195/2195 2196/2196/2196 2193/2193/2193
f 2193/2193/2193 2196/2196/2196 2197/2197/2197
f 2197/2197/2197 2198/2198/2198 2193/2193/2193
f 2109/2109/2109 2108/2108/2108 2199/2199/2199
f 2200/2200/2200 2113/2113/2113 2112/2112/2112
f 2199/2199/2199 2201/2201/2201 2109/2109/2109
f 2202/2202/2202 2105/2105/2105 2104/2104/2104
f 2161/2161/2161 2203/2203/2203 2162/2162/2162
f 2204/2204/2204 2205/2205/2205 2206/2206/2206
f 2090/2090/2090 2089/2089/2089 2207/2207/2207
f 2206/2206/2206 2208/2208/2208 2204/2204/2204
f 2209/2209/2209 2098/2098/2098 2097/2097/2097
f 2210/2210/2210 2211/2211/2211 2212/2212/2212
f 2212/2212/2212 2213/2213/2213 2210/2210/2210
f 2214/2214/2214 2116/2116/2116 2115/2115/2115
f 2118/2118/2118 2117/2117/2117 2215/2215/2215
f 2216/2216/2216 2217/2217/2217 2218/2218/2218
f 2219/2219/2219 2199/2199/2199 2108/2108/2108
f 2108/2108/2108 2220/2220/2220 2221/2221/2221
f 2108/2108/2108 2221/2221/2221 2219/2219/2219
f 2222/2222/2222 2223/2223/2223 2224/2224/2224
f 2177/2177/2177 2225/2225/2225 2178/2178/2178
f 2226/2226/2226 2227/2227/2227 2228/2228/2228
f 2229/2229/2229 2230/2230/2230 2231/2231/2231
f 2232/2232/2232 2233/2233/2233 2234/2234/2234
f 2235/2235/2235 2236/2236/2236 2237/2237/2237
f 2238/2238/2238 2239/2239/2239 2240/2240/2240
f 2241/2241/2241 2207/2207/2207 2089/2089/2089
f 2240/2240/2240 2242/2242/2242 2238/2238/2238
f 2217/2217/2217 2216/2216/2216 2243/2243/2243
f 2244/2244/2244 2245/2245/2245 2246/2246/2246
f 2247/2247/2247 2248/2248/2248 2249/2249/2249
f 2247/2247/2247 2249/2249/2249 2250/2250/2250
f 2244/2244/2244 2251/2251/2251 2245/2245/2245
f 2245/2245/2245 2251/2251/2251 2252/2252/2252
f 2253/2253/2253 2056/2056/2056 2044/2044/2044
f 2252/2252/2252 2254/2254/2254 2245/2245/2245
f 1828/1828/1828 2255/2255/2255 1829/1829/1829
f 1830/1830/1830 2256/2256/2256 1831/1831/1831
f 2257/2257/2257 2258/2258/2258 2259/2259/2259
f 2258/2258/2258 2257/2257/2257 2260/2260/2260
f 2191/2191/2191 2190/2190/2190 2261/2261/2261
f 2261/2261/2261 2262/2262/2262 2191/2191/2191
f 2263/2263/2263 2264/2264/2264 2265/2265/2265
f 2265/2265/2265 2266/2266/2266 2263/2263/2263
f 2267/2267/2267 2268/2268/2268 2269/2269/2269
f 2270/2270/2270 2117/2117/2117 2120/2120/2120
f 2269/2269/2269 2271/2271/2271 2267/2267/2267
f 2120/2120/2120 2272/2272/2272 2270/2270/2270
f 2273/2273/2273 2274/2274/2274 2275/2275/2275
f 2276/2276/2276 2277/2277/2277 2278/2278/2278
f 2278/2278/2278 2279/2279/2279 2276/2276/2276
f 2280/2280/2280 2281/2281/2281 2282/2282/2282
f 2283/2283/2283 2278/2278/2278 2277/2277/2277
f 2284/2284/2284 2283/2283/2283 2277/2277/2277
f 2285/2285/2285 2286/2286/2286 2287/2287/2287
f 2286/2286/2286 2285/2285/2285 2288/2288/2288
f 2117/2117/2117 2270/2270/2270 2289/2289/2289
f 2289/2289/2289 2215/2215/2215 2117/2117/2117
f 2290/2290/2290 2275/2275/2275 2274/2274/2274
f 2291/2291/2291 2290/2290/2290 2274/2274/2274
f 2292/2292/2292 2288/2288/2288 2285/2285/2285
f 2105/2105/2105 2202/2202/2202 2293/2293/2293
f 2285/2285/2285 2294/2294/2294 2292/2292/2292
f 2295/2295/2295 2289/2289/2289 2270/2270/2270
f 2290/2290/2290 2291/2291/2291 2296/2296/2296
f 2297/2297/2297 2298/2298/2298 2299/2299/2299
f 2300/2300/2300 2298/2298/2298 2297/2297/2297
f 2301/2301/2301 2302/2302/2302 2303/2303/2303
f 2303/2303/2303 2302/2302/2302 2304/2304/2304
f 2297/2297/2297 2305/2305/2305 2300/2300/2300
f 2304/2304/2304 2306/2306/2306 2303/2303/2303
f 2307/2307/2307 2031/2031/2031 2308/2308/2308
f 2308/2308/2308 2309/2309/2309 2307/2307/2307
f 2310/2310/2310 2309/2309/2309 2308/2308/2308
f 2032/2032/2032 2028/2028/2028 2311/2311/2311
f 2312/2312/2312 2304/2304/2304 2302/2302/2302
f 2307/2307/2307 2033/2033/2033 2031/2031/2031
f 2309/2309/2309 2313/2313/2313 2307/2307/2307
f 2314/2314/2314 2313/2313/2313 2309/2309/2309
f 2309/2309/2309 2310/2310/2310 2315/2315/2315
f 2309/2309/2309 2315/2315/2315 2316/2316/2316
f 2309/2309/2309 2317/2317/2317 2314/2314/2314
f 2316/2316/2316 2317/2317/2317 2309/2309/2309
f 2318/2318/2318 2307/2307/2307 2313/2313/2313
f 2319/2319/2319 2320/2320/2320 2321/2321/2321
f 2321/2321/2321 2322/2322/2322 2319/2319/2319
f 2323/2323/2323 2324/2324/2324 2325/2325/2325
f 2313/2313/2313 2314/2314/2314 2326/2326/2326
f 2033/2033/2033 2307/2307/2307 2327/2327/2327
f 2328/2328/2328 2035/2035/2035 2033/2033/2033
f 2327/2327/2327 2328/2328/2328 2033/2033/2033
f 2307/2307/2307 2318/2318/2318 2329/2329/2329
f 2307/2307/2307 2329/2329/2329 2327/2327/2327
f 2330/2330/2330 2331/2331/2331 2332/2332/2332
f 2333/2333/2333 2334/2334/2334 2335/2335/2335
f 2336/2336/2336 2337/2337/2337 2331/2331/2331
f 2329/2329/2329 2338/2338/2338 2327/2327/2327
f 2331/2331/2331 2330/2330/2330 2336/2336/2336
f 2339/2339/2339 2340/2340/2340 2337/2337/2337
f 2341/2341/2341 2342/2342/2342 2343/2343/2343
f 2337/2337/2337 2336/2336/2336 2339/2339/2339
f 2340/2340/2340 2339/2339/2339 2344/2344/2344
f 2345/2345/2345 2346/2346/2346 2347/2347/2347
f 2348/2348/2348 2349/2349/2349 2350/2350/2350
f 2351/2351/2351 2352/2352/2352 2353/2353/2353
f 2354/2354/2354 2355/2355/2355 2356/2356/2356
f 2353/2353/2353 2357/2357/2357 2351/2351/2351
f 2358/2358/2358 2359/2359/2359 2360/2360/2360
f 2356/2356/2356 2361/2361/2361 2354/2354/2354
f 2354/2354/2354 2362/2362/2362 2355/2355/2355
f 2354/2354/2354 2363/2363/2363 2362/2362/2362
f 2364/2364/2364 2365/2365/2365 2363/2363/2363
f 2363/2363/2363 2354/2354/2354 2364/2364/2364
f 2364/2364/2364 2366/2366/2366 2365/2365/2365
f 2367/2367/2367 2368/2368/2368 2366/2366/2366
f 2366/2366/2366 2364/2364/2364 2367/2367/2367
f 2367/2367/2367 2348/2348/2348 2368/2368/2368
f 2306/2306/2306 2369/2369/2369 2370/2370/2370
f 2304/2304/2304 2369/2369/2369 2306/2306/2306
f 2371/2371/2371 2300/2300/2300 2305/2305/2305
f 2305/2305/2305 2372/2372/2372 2371/2371/2371
f 2373/2373/2373 2374/2374/2374 2375/2375/2375
f 2375/2375/2375 2374/2374/2374 2376/2376/2376
f 2377/2377/2377 2150/2150/2150 2378/2378/2378
f 2028/2028/2028 2150/2150/2150 2377/2377/2377
f 2379/2379/2379 2380/2380/2380 2381/2381/2381
f 2376/2376/2376 2382/2382/2382 2375/2375/2375
f 2383/2383/2383 2384/2384/2384 2385/2385/2385
f 2386/2386/2386 2387/2387/2387 2388/2388/2388
f 2385/2385/2385 2389/2389/2389 2383/2383/2383
f 2390/2390/2390 2391/2391/2391 2392/2392/2392
f 2392/2392/2392 2393/2393/2393 2390/2390/2390
f 2394/2394/2394 2395/2395/2395 2396/2396/2396
f 2282/2282/2282 2281/2281/2281 2397/2397/2397
f 2398/2398/2398 2399/2399/2399 2400/2400/2400
f 2401/2401/2401 2402/2402/2402 2403/2403/2403
f 2401/2401/2401 2403/2403/2403 2404/2404/2404
f 2405/2405/2405 2406/2406/2406 2407/2407/2407
f 2408/2408/2408 2396/2396/2396 2409/2409/2409
f 2410/2410/2410 2411/2411/2411 2412/2412/2412
f 2412/2412/2412 2413/2413/2413 2410/2410/2410
f 2414/2414/2414 2415/2415/2415 2416/2416/2416
f 2417/2417/2417 2418/2418/2418 2419/2419/2419
f 2420/2420/2420 2421/2421/2421 2422/2422/2422
f 2422/2422/2422 2421/2421/2421 2423/2423/2423
f 2424/2424/2424 2425/2425/2425 2426/2426/2426
f 2426/2426/2426 2427/2427/2427 2424/2424/2424
f 2428/2428/2428 2429/2429/2429 2148/2148/2148
f 2147/2147/2147 2428/2428/2428 2148/2148/2148
f 2430/2430/2430 2431/2431/2431 2432/2432/2432
f 2432/2432/2432 2433/2433/2433 2430/2430/2430
f 2434/2434/2434 2396/2396/2396 2395/2395/2395
f 2396/2396/2396 2434/2434/2434 2435/2435/2435
f 2396/2396/2396 2435/2435/2435 2436/2436/2436
f 2436/2436/2436 2409/2409/2409 2396/2396/2396
f 2437/2437/2437 2147/2147/2147 2151/2151/2151
f 2438/2438/2438 2439/2439/2439 2440/2440/2440
f 2441/2441/2441 2437/2437/2437 2151/2151/2151
f 2428/2428/2428 2147/2147/2147 2437/2437/2437
f 2442/2442/2442 2430/2430/2430 2433/2433/2433
f 2433/2433/2433 2443/2443/2443 2442/2442/2442
f 2444/2444/2444 2445/2445/2445 2446/2446/2446
f 2447/2447/2447 2419/2419/2419 2418/2418/2418
f 2446/2446/2446 2448/2448/2448 2444/2444/2444
f 2449/2449/2449 2450/2450/2450 2451/2451/2451
f 2369/2369/2369 2452/2452/2452 2453/2453/2453
f 2304/2304/2304 2452/2452/2452 2369/2369/2369
f 2454/2454/2454 2370/2370/2370 2369/2369/2369
f 2369/2369/2369 2453/2453/2453 2454/2454/2454
f 2452/2452/2452 2304/2304/2304 2455/2455/2455
f 2456/2456/2456 2457/2457/2457 2458/2458/2458
f 2459/2459/2459 2460/2460/2460 2461/2461/2461
f 2461/2461/2461 2462/2462/2462 2459/2459/2459
f 2449/2449/2449 2463/2463/2463 2450/2450/2450
f 2464/2464/2464 2465/2465/2465 2466/2466/2466
f 2467/2467/2467 2468/2468/2468 2465/2465/2465
f 2315/2315/2315 2469/2469/2469 2316/2316/2316
f 2465/2465/2465 2464/2464/2464 2467/2467/2467
f 2468/2468/2468 2467/2467/2467 2470/2470/2470
f 2471/2471/2471 2472/2472/2472 2473/2473/2473
f 2474/2474/2474 2475/2475/2475 2476/2476/2476
f 2473/2473/2473 2477/2477/2477 2471/2471/2471
f 2478/2478/2478 2479/2479/2479 2480/2480/2480
f 2370/2370/2370 2454/2454/2454 2481/2481/2481
f 2479/2479/2479 2478/2478/2478 2482/2482/2482
f 2483/2483/2483 2484/2484/2484 2485/2485/2485
f 2485/2485/2485 2484/2484/2484 2486/2486/2486
f 2487/2487/2487 2488/2488/2488 2489/2489/2489
f 2490/2490/2490 2491/2491/2491 2492/2492/2492
f 2490/2490/2490 2492/2492/2492 2493/2493/2493
f 2494/2494/2494 2487/2487/2487 2489/2489/2489
f 2495/2495/2495 2496/2496/2496 2497/2497/2497
f 2497/2497/2497 2498/2498/2498 2495/2495/2495
f 2499/2499/2499 2500/2500/2500 2177/2177/2177
f 2177/2177/2177 2176/2176/2176 2499/2499/2499
f 2453/2453/2453 2501/2501/2501 2454/2454/2454
f 2502/2502/2502 2503/2503/2503 2504/2504/2504
f 2505/2505/2505 2481/2481/2481 2454/2454/2454
f 2506/2506/2506 2499/2499/2499 2176/2176/2176
f 2184/2184/2184 2506/2506/2506 2176/2176/2176
f 2481/2481/2481 2505/2505/2505 2507/2507/2507
f 2507/2507/2507 2508/2508/2508 2481/2481/2481
f 2499/2499/2499 2506/2506/2506 2509/2509/2509
f 2510/2510/2510 2511/2511/2511 2512/2512/2512
f 2510/2510/2510 2512/2512/2512 2513/2513/2513
f 2514/2514/2514 2515/2515/2515 2516/2516/2516
f 2467/2467/2467 2517/2517/2517 2518/2518/2518
f 2519/2519/2519 2517/2517/2517 2467/2467/2467
f 2520/2520/2520 2470/2470/2470 2467/2467/2467
f 2521/2521/2521 2520/2520/2520 2467/2467/2467
f 2522/2522/2522 2521/2521/2521 2467/2467/2467
f 2523/2523/2523 2522/2522/2522 2467/2467/2467
f 2518/2518/2518 2523/2523/2523 2467/2467/2467
f 2524/2524/2524 2519/2519/2519 2467/2467/2467
f 2525/2525/2525 2526/2526/2526 2527/2527/2527
f 2528/2528/2528 2529/2529/2529 2530/2530/2530
f 2531/2531/2531 2532/2532/2532 2533/2533/2533
f 2534/2534/2534 2531/2531/2531 2533/2533/2533
f 2476/2476/2476 2475/2475/2475 2535/2535/2535
f 2536/2536/2536 2537/2537/2537 2354/2354/2354
f 2360/2360/2360 2476/2476/2476 2535/2535/2535
f 2354/2354/2354 2361/2361/2361 2536/2536/2536
f 2538/2538/2538 2539/2539/2539 2540/2540/2540
f 2541/2541/2541 2471/2471/2471 2477/2477/2477
f 2471/2471/2471 2541/2541/2541 2542/2542/2542
f 2539/2539/2539 2543/2543/2543 2540/2540/2540
f 2544/2544/2544 2542/2542/2542 2541/2541/2541
f 2541/2541/2541 2545/2545/2545 2544/2544/2544
f 2543/2543/2543 2546/2546/2546 2547/2547/2547
f 2548/2548/2548 2540/2540/2540 2543/2543/2543
f 2547/2547/2547 2548/2548/2548 2543/2543/2543
f 2549/2549/2549 2550/2550/2550 2551/2551/2551
f 2552/2552/2552 2553/2553/2553 2554/2554/2554
f 2555/2555/2555 2556/2556/2556 2557/2557/2557
f 2557/2557/2557 2558/2558/2558 2555/2555/2555
f 2556/2556/2556 2529/2529/2529 2557/2557/2557
f 2546/2546/2546 2559/2559/2559 2547/2547/2547
f 2559/2559/2559 2560/2560/2560 2547/2547/2547
f 2528/2528/2528 2557/2557/2557 2529/2529/2529
f 2560/2560/2560 2561/2561/2561 2547/2547/2547
f 2561/2561/2561 2562/2562/2562 2563/2563/2563
f 2561/2561/2561 2563/2563/2563 2547/2547/2547
f 2564/2564/2564 2565/2565/2565 2531/2531/2531
f 2531/2531/2531 2534/2534/2534 2564/2564/2564
f 2566/2566/2566 2547/2547/2547 2563/2563/2563
f 2565/2565/2565 2564/2564/2564 2567/2567/2567
f 2568/2568/2568 2569/2569/2569 2570/2570/2570
f 2571/2571/2571 2572/2572/2572 2573/2573/2573
f 2574/2574/2574 2573/2573/2573 2572/2572/2572
f 2575/2575/2575 2458/2458/2458 2457/2457/2457
f 2576/2576/2576 2577/2577/2577 2578/2578/2578
f 2579/2579/2579 2580/2580/2580 2581/2581/2581
f 2360/2360/2360 2359/2359/2359 2582/2582/2582
f 2582/2582/2582 2476/2476/2476 2360/2360/2360
f 2540/2540/2540 2548/2548/2548 2583/2583/2583
f 2583/2583/2583 2584/2584/2584 2540/2540/2540
f 2547/2547/2547 2583/2583/2583 2548/2548/2548
f 2585/2585/2585 2586/2586/2586 2587/2587/2587
f 2583/2583/2583 2547/2547/2547 2588/2588/2588
f 2589/2589/2589 2590/2590/2590 2591/2591/2591
f 2592/2592/2592 2587/2587/2587 2586/2586/2586
f 2593/2593/2593 2590/2590/2590 2594/2594/2594
f 2547/2547/2547 2566/2566/2566 2595/2595/2595
f 2594/2594/2594 2596/2596/2596 2593/2593/2593
f 2597/2597/2597 2591/2591/2591 2590/2590/2590
f 2598/2598/2598 2597/2597/2597 2590/2590/2590
f 2590/2590/2590 2593/2593/2593 2598/2598/2598
f 2599/2599/2599 2600/2600/2600 2601/2601/2601
f 2602/2602/2602 2603/2603/2603 2604/2604/2604
f 1899/1899/1899 2605/2605/2605 1900/1900/1900
f 1814/1814/1814 2606/2606/2606 1815/1815/1815
f 2607/2607/2607 2608/2608/2608 2609/2609/2609
f 2610/2610/2610 2607/2607/2607 2609/2609/2609
f 2611/2611/2611 2612/2612/2612 2613/2613/2613
f 1829/1829/1829 2255/2255/2255 2614/2614/2614
f 2615/2615/2615 2616/2616/2616 2617/2617/2617
f 2618/2618/2618 2619/2619/2619 2620/2620/2620
f 2621/2621/2621 2622/2622/2622 2623/2623/2623
f 2624/2624/2624 2625/2625/2625 2626/2626/2626
f 2616/2616/2616 2627/2627/2627 2617/2617/2617
f 2628/2628/2628 2617/2617/2617 2627/2627/2627
f 2629/2629/2629 2630/2630/2630 2631/2631/2631
f 2631/2631/2631 2632/2632/2632 2629/2629/2629
f 2627/2627/2627 2633/2633/2633 2628/2628/2628
f 2628/2628/2628 2634/2634/2634 2617/2617/2617
f 2628/2628/2628 2635/2635/2635 2634/2634/2634
f 2636/2636/2636 2637/2637/2637 2638/2638/2638
f 2628/2628/2628 2639/2639/2639 2635/2635/2635
f 1943/1943/1943 2640/2640/2640 1944/1944/1944
f 2641/2641/2641 1944/1944/1944 2640/2640/2640
f 2642/2642/2642 2643/2643/2643 2644/2644/2644
f 2640/2640/2640 2645/2645/2645 2641/2641/2641
f 2644/2644/2644 2646/2646/2646 2642/2642/2642
f 2630/2630/2630 2647/2647/2647 2631/2631/2631
f 2349/2349/2349 2348/2348/2348 2367/2367/2367
f 2648/2648/2648 2631/2631/2631 2647/2647/2647
f 2349/2349/2349 2367/2367/2367 2649/2649/2649
f 2650/2650/2650 2651/2651/2651 2652/2652/2652
f 2644/2644/2644 2643/2643/2643 2653/2653/2653
f 2654/2654/2654 2644/2644/2644 2653/2653/2653
f 2652/2652/2652 2655/2655/2655 2650/2650/2650
f 2651/2651/2651 2656/2656/2656 2652/2652/2652
f 2592/2592/2592 2657/2657/2657 2587/2587/2587
f 2657/2657/2657 2592/2592/2592 2658/2658/2658
f 2656/2656/2656 2659/2659/2659 2652/2652/2652
f 1942/1942/1942 2660/2660/2660 1945/1945/1945
f 2661/2661/2661 2641/2641/2641 2645/2645/2645
f 2646/2646/2646 2644/2644/2644 2662/2662/2662
f 2641/2641/2641 2661/2661/2661 2663/2663/2663
f 2660/2660/2660 2664/2664/2664 2665/2665/2665
f 2666/2666/2666 1945/1945/1945 2660/2660/2660
f 2660/2660/2660 2665/2665/2665 2666/2666/2666
f 2667/2667/2667 2658/2658/2658 2592/2592/2592
f 2592/2592/2592 2668/2668/2668 2667/2667/2667
f 2659/2659/2659 2669/2669/2669 2652/2652/2652
f 2670/2670/2670 2671/2671/2671 2597/2597/2597
f 2597/2597/2597 2598/2598/2598 2670/2670/2670
f 2672/2672/2672 2673/2673/2673 2674/2674/2674
f 2675/2675/2675 2672/2672/2672 2674/2674/2674
f 2674/2674/2674 2676/2676/2676 2675/2675/2675
f 2677/2677/2677 2678/2678/2678 2679/2679/2679
f 2680/2680/2680 2681/2681/2681 2677/2677/2677
f 2682/2682/2682 2680/2680/2680 2677/2677/2677
f 2677/2677/2677 2679/2679/2679 2682/2682/2682
f 2655/2655/2655 2652/2652/2652 2683/2683/2683
f 2678/2678/2678 2684/2684/2684 2679/2679/2679
f 2685/2685/2685 2683/2683/2683 2652/2652/2652
f 2686/2686/2686 2664/2664/2664 2687/2687/2687
f 2664/2664/2664 2686/2686/2686 2688/2688/2688
f 2664/2664/2664 2688/2688/2688 2689/2689/2689
f 2689/2689/2689 2665/2665/2665 2664/2664/2664
f 2690/2690/2690 2688/2688/2688 2686/2686/2686
f 2688/2688/2688 2690/2690/2690 2691/2691/2691
f 2688/2688/2688 2691/2691/2691 2692/2692/2692
f 2692/2692/2692 2689/2689/2689 2688/2688/2688
f 2693/2693/2693 2679/2679/2679 2684/2684/2684
f 2694/2694/2694 2672/2672/2672 2675/2675/2675
f 2675/2675/2675 2695/2695/2695 2694/2694/2694
f 2696/2696/2696 2682/2682/2682 2679/2679/2679
f 2679/2679/2679 2693/2693/2693 2697/2697/2697
f 2679/2679/2679 2697/2697/2697 2696/2696/2696
f 2698/2698/2698 2699/2699/2699 2700/2700/2700
f 2701/2701/2701 2702/2702/2702 2703/2703/2703
f 2704/2704/2704 2705/2705/2705 2706/2706/2706
f 2707/2707/2707 2692/2692/2692 2691/2691/2691
f 2708/2708/2708 2709/2709/2709 2710/2710/2710
f 2710/2710/2710 2711/2711/2711 2708/2708/2708
f 2709/2709/2709 2708/2708/2708 2712/2712/2712
f 303/303/303 2713/2713/2713 2714/2714/2714
f 2715/2715/2715 2716/2716/2716 78/78/78
f 78/78/78 381/381/381 2715/2715/2715
f 2711/2711/2711 2717/2717/2717 2718/2718/2718
f 2719/2719/2719 2708/2708/2708 2711/2711/2711
f 2718/2718/2718 2719/2719/2719 2711/2711/2711
f 380/380/380 2715/2715/2715 381/381/381
f 2720/2720/2720 2718/2718/2718 2717/2717/2717
f 2718/2718/2718 2720/2720/2720 2721/2721/2721
f 2722/2722/2722 2723/2723/2723 2724/2724/2724
f 391/391/391 2725/2725/2725 390/390/390
f 303/303/303 2726/2726/2726 2713/2713/2713
f 303/303/303 302/302/302 2726/2726/2726
f 2727/2727/2727 877/877/877 876/876/876
f 2728/2728/2728 2729/2729/2729 2730/2730/2730
f 2731/2731/2731 2732/2732/2732 2733/2733/2733
f 2734/2734/2734 2735/2735/2735 2736/2736/2736
f 2737/2737/2737 2738/2738/2738 2739/2739/2739
f 2740/2740/2740 2741/2741/2741 2742/2742/2742
f 1004/1004/1004 2743/2743/2743 2744/2744/2744
f 2745/2745/2745 2746/2746/2746 2747/2747/2747
f 2744/2744/2744 1005/1005/1005 1004/1004/1004
f 2748/2748/2748 2749/2749/2749 2750/2750/2750
f 2751/2751/2751 2752/2752/2752 2753/2753/2753
f 2750/2750/2750 2754/2754/2754 2755/2755/2755
f 2756/2756/2756 2757/2757/2757 2758/2758/2758
f 2750/2750/2750 2755/2755/2755 2748/2748/2748
f 2759/2759/2759 2760/2760/2760 2761/2761/2761
f 2762/2762/2762 2763/2763/2763 2764/2764/2764
f 2765/2765/2765 2766/2766/2766 2767/2767/2767
f 2768/2768/2768 2769/2769/2769 2770/2770/2770
f 387/387/387 2771/2771/2771 2772/2772/2772
f 2773/2773/2773 2774/2774/2774 2775/2775/2775
f 2772/2772/2772 388/388/388 387/387/387
f 2768/2768/2768 2776/2776/2776 2769/2769/2769
f 2771/2771/2771 2777/2777/2777 2772/2772/2772
f 2776/2776/2776 2768/2768/2768 2778/2778/2778
f 2779/2779/2779 2780/2780/2780 2781/2781/2781
f 2782/2782/2782 2783/2783/2783 2784/2784/2784
f 2785/2785/2785 2786/2786/2786 2787/2787/2787
f 317/317/317 312/312/312 2768/2768/2768
f 312/312/312 2788/2788/2788 2768/2768/2768
f 323/323/323 2788/2788/2788 312/312/312
f 2789/2789/2789 2768/2768/2768 2788/2788/2788
f 2790/2790/2790 2791/2791/2791 2792/2792/2792
f 2792/2792/2792 402/402/402 2793/2793/2793
f 2792/2792/2792 2793/2793/2793 2790/2790/2790
f 2768/2768/2768 2789/2789/2789 2778/2778/2778
f 2794/2794/2794 2778/2778/2778 2789/2789/2789
f 2795/2795/2795 2796/2796/2796 2791/2791/2791
f 2790/2790/2790 2795/2795/2795 2791/2791/2791
f 2797/2797/2797 2781/2781/2781 2780/2780/2780
f 2798/2798/2798 2797/2797/2797 2780/2780/2780
f 380/380/380 379/379/379 2783/2783/2783
f 380/380/380 2783/2783/2783 2782/2782/2782
f 2720/2720/2720 2799/2799/2799 2800/2800/2800
f 2720/2720/2720 2800/2800/2800 2721/2721/2721
f 2785/2785/2785 2801/2801/2801 2786/2786/2786
f 2802/2802/2802 2723/2723/2723 2801/2801/2801
f 2801/2801/2801 2785/2785/2785 2802/2802/2802
f 2802/2802/2802 2724/2724/2724 2723/2723/2723
f 390/390/390 2725/2725/2725 2803/2803/2803
f 2803/2803/2803 2725/2725/2725 2804/2804/2804
f 2805/2805/2805 390/390/390 2803/2803/2803
f 2803/2803/2803 2804/2804/2804 2805/2805/2805
f 2724/2724/2724 2802/2802/2802 2806/2806/2806
f 2725/2725/2725 2807/2807/2807 2804/2804/2804
f 2797/2797/2797 2808/2808/2808 2781/2781/2781
f 2809/2809/2809 2806/2806/2806 2802/2802/2802
f 2808/2808/2808 2797/2797/2797 2810/2810/2810
f 2807/2807/2807 2811/2811/2811 2804/2804/2804
f 2797/2797/2797 2798/2798/2798 2812/2812/2812
f 2797/2797/2797 2812/2812/2812 2813/2813/2813
f 2813/2813/2813 2810/2810/2810 2797/2797/2797
f 2798/2798/2798 2814/2814/2814 2815/2815/2815
f 2798/2798/2798 2815/2815/2815 2812/2812/2812
f 2816/2816/2816 2815/2815/2815 2814/2814/2814
f 2817/2817/2817 2818/2818/2818 2819/2819/2819
f 2820/2820/2820 2821/2821/2821 2822/2822/2822
f 2823/2823/2823 2813/2813/2813 2815/2815/2815
f 2816/2816/2816 2823/2823/2823 2815/2815/2815
f 2824/2824/2824 2825/2825/2825 2826/2826/2826
f 2827/2827/2827 2828/2828/2828 2829/2829/2829
f 2826/2826/2826 2830/2830/2830 2824/2824/2824
f 2825/2825/2825 2831/2831/2831 2826/2826/2826
f 2823/2823/2823 2816/2816/2816 2832/2832/2832
f 2831/2831/2831 2833/2833/2833 2826/2826/2826
f 2834/2834/2834 2835/2835/2835 2836/2836/2836
f 402/402/402 401/401/401 2793/2793/2793
f 2819/2819/2819 2837/2837/2837 2838/2838/2838
f 2839/2839/2839 2819/2819/2819 2838/2838/2838
f 2819/2819/2819 2818/2818/2818 2837/2837/2837
f 2840/2840/2840 2841/2841/2841 2842/2842/2842
f 2842/2842/2842 2841/2841/2841 2843/2843/2843
f 2844/2844/2844 2845/2845/2845 2846/2846/2846
f 2847/2847/2847 2844/2844/2844 2846/2846/2846
f 2848/2848/2848 2849/2849/2849 2850/2850/2850
f 2851/2851/2851 2852/2852/2852 2853/2853/2853
f 2854/2854/2854 2855/2855/2855 2856/2856/2856
f 2857/2857/2857 2858/2858/2858 2859/2859/2859
f 2859/2859/2859 2860/2860/2860 2857/2857/2857
f 2861/2861/2861 2862/2862/2862 2863/2863/2863
f 2855/2855/2855 2864/2864/2864 2856/2856/2856
f 2865/2865/2865 2866/2866/2866 2867/2867/2867
f 2868/2868/2868 2869/2869/2869 2870/2870/2870
f 2870/2870/2870 2871/2871/2871 2868/2868/2868
f 2872/2872/2872 2873/2873/2873 2874/2874/2874
f 2875/2875/2875 2867/2867/2867 2866/2866/2866
f 2876/2876/2876 2877/2877/2877 2878/2878/2878
f 2879/2879/2879 2863/2863/2863 2862/2862/2862
f 2878/2878/2878 2880/2880/2880 2876/2876/2876
f 2881/2881/2881 2832/2832/2832 2816/2816/2816
f 2882/2882/2882 2883/2883/2883 2884/2884/2884
f 2885/2885/2885 2886/2886/2886 2887/2887/2887
f 2888/2888/2888 2889/2889/2889 2890/2890/2890
f 2888/2888/2888 2890/2890/2890 2891/2891/2891
f 2888/2888/2888 2891/2891/2891 2892/2892/2892
f 2893/2893/2893 2894/2894/2894 2895/2895/2895
f 2896/2896/2896 2897/2897/2897 2898/2898/2898
f 2899/2899/2899 2896/2896/2896 2898/2898/2898
f 2900/2900/2900 2874/2874/2874 2873/2873/2873
f 2805/2805/2805 2901/2901/2901 390/390/390
f 390/390/390 2901/2901/2901 540/540/540
f 2902/2902/2902 2903/2903/2903 2904/2904/2904
f 2905/2905/2905 2906/2906/2906 2907/2907/2907
f 2908/2908/2908 2903/2903/2903 2909/2909/2909
f 2909/2909/2909 541/541/541 2908/2908/2908
f 2903/2903/2903 2902/2902/2902 2909/2909/2909
f 2906/2906/2906 2910/2910/2910 2911/2911/2911
f 2905/2905/2905 2910/2910/2910 2906/2906/2906
f 2912/2912/2912 2911/2911/2911 2910/2910/2910
f 2913/2913/2913 2912/2912/2912 2910/2910/2910
f 2914/2914/2914 2913/2913/2913 2910/2910/2910
f 2910/2910/2910 2905/2905/2905 2915/2915/2915
f 2910/2910/2910 2915/2915/2915 2914/2914/2914
f 2909/2909/2909 542/542/542 541/541/541
f 2912/2912/2912 584/584/584 2916/2916/2916
f 2916/2916/2916 2911/2911/2911 2912/2912/2912
f 584/584/584 2912/2912/2912 2917/2917/2917
f 2917/2917/2917 585/585/585 584/584/584
f 2918/2918/2918 2919/2919/2919 2920/2920/2920
f 2912/2912/2912 2921/2921/2921 2917/2917/2917
f 2919/2919/2919 2922/2922/2922 2923/2923/2923
f 2919/2919/2919 2923/2923/2923 2920/2920/2920
f 2922/2922/2922 2826/2826/2826 2833/2833/2833
f 2833/2833/2833 2924/2924/2924 2922/2922/2922
f 2925/2925/2925 2926/2926/2926 2927/2927/2927
f 2923/2923/2923 2922/2922/2922 2924/2924/2924
f 2925/2925/2925 2928/2928/2928 2926/2926/2926
f 2929/2929/2929 2930/2930/2930 2931/2931/2931
f 2932/2932/2932 2933/2933/2933 2934/2934/2934
f 2935/2935/2935 2936/2936/2936 2937/2937/2937
f 2925/2925/2925 2921/2921/2921 2928/2928/2928
f 2938/2938/2938 2917/2917/2917 2921/2921/2921
f 2939/2939/2939 2938/2938/2938 2921/2921/2921
f 2921/2921/2921 2925/2925/2925 2939/2939/2939
f 585/585/585 2917/2917/2917 2938/2938/2938
f 2939/2939/2939 2940/2940/2940 2938/2938/2938
f 2941/2941/2941 2942/2942/2942 2943/2943/2943
f 2944/2944/2944 2945/2945/2945 2946/2946/2946
f 223/223/223 2947/2947/2947 953/953/953
f 2945/2945/2945 2948/2948/2948 2949/2949/2949
f 2950/2950/2950 2946/2946/2946 2945/2945/2945
f 2949/2949/2949 2950/2950/2950 2945/2945/2945
f 2948/2948/2948 2951/2951/2951 2949/2949/2949
f 2952/2952/2952 2953/2953/2953 2954/2954/2954
f 2954/2954/2954 2955/2955/2955 2952/2952/2952
f 2947/2947/2947 2956/2956/2956 953/953/953
f 2951/2951/2951 2957/2957/2957 2958/2958/2958
f 2951/2951/2951 2958/2958/2958 2949/2949/2949
f 2959/2959/2959 2958/2958/2958 2957/2957/2957
f 2960/2960/2960 2959/2959/2959 2957/2957/2957
f 2957/2957/2957 2961/2961/2961 2960/2960/2960
f 2756/2756/2756 2962/2962/2962 2757/2757/2757
f 2963/2963/2963 2964/2964/2964 2965/2965/2965
f 2966/2966/2966 2967/2967/2967 2968/2968/2968
f 2965/2965/2965 2969/2969/2969 2963/2963/2963
f 2970/2970/2970 2971/2971/2971 2972/2972/2972
f 2972/2972/2972 2973/2973/2973 2970/2970/2970
f 2974/2974/2974 2975/2975/2975 2976/2976/2976
f 2977/2977/2977 2978/2978/2978 2979/2979/2979
f 2980/2980/2980 2977/2977/2977 2979/2979/2979
f 2981/2981/2981 2976/2976/2976 2975/2975/2975
f 2982/2982/2982 2738/2738/2738 2737/2737/2737
f 2737/2737/2737 2983/2983/2983 2982/2982/2982
f 2984/2984/2984 2968/2968/2968 2967/2967/2967
f 2985/2985/2985 2986/2986/2986 2987/2987/2987
f 2987/2987/2987 2988/2988/2988 2985/2985/2985
f 2989/2989/2989 2990/2990/2990 2991/2991/2991
f 2992/2992/2992 2963/2963/2963 2969/2969/2969
f 2984/2984/2984 2993/2993/2993 2968/2968/2968
f 2973/2973/2973 2994/2994/2994 2970/2970/2970
f 2995/2995/2995 2996/2996/2996 2997/2997/2997
f 2998/2998/2998 2999/2999/2999 3000/3000/3000
f 3001/3001/3001 3002/3002/3002 3003/3003/3003
f 3004/3004/3004 3005/3005/3005 3006/3006/3006
f 3007/3007/3007 3001/3001/3001 3003/3003/3003
f 3008/3008/3008 3009/3009/3009 3010/3010/3010
f 2990/2990/2990 3011/3011/3011 2991/2991/2991
f 3012/3012/3012 3013/3013/3013 2959/2959/2959
f 3014/3014/3014 3012/3012/3012 2959/2959/2959
f 2959/2959/2959 2960/2960/2960 3014/3014/3014
f 3015/3015/3015 3016/3016/3016 3017/3017/3017
f 3018/3018/3018 2991/2991/2991 3011/3011/3011
f 3019/3019/3019 3020/3020/3020 3021/3021/3021
f 3022/3022/3022 3017/3017/3017 3016/3016/3016
f 3023/3023/3023 3021/3021/3021 3020/3020/3020
f 1080/1080/1080 1079/1079/1079 3024/3024/3024
f 3025/3025/3025 1080/1080/1080 3024/3024/3024
f 3026/3026/3026 3010/3010/3010 3009/3009/3009
f 3027/3027/3027 3026/3026/3026 3009/3009/3009
f 3028/3028/3028 3029/3029/3029 3030/3030/3030
f 3031/3031/3031 1002/1002/1002 1001/1001/1001
f 3032/3032/3032 3033/3033/3033 3034/3034/3034
f 3035/3035/3035 3036/3036/3036 3037/3037/3037
f 3038/3038/3038 3039/3039/3039 3040/3040/3040
f 3038/3038/3038 3040/3040/3040 3041/3041/3041
f 3042/3042/3042 1011/1011/1011 1010/1010/1010
f 3043/3043/3043 3044/3044/3044 3045/3045/3045
f 3046/3046/3046 3047/3047/3047 3048/3048/3048
f 3049/3049/3049 3045/3045/3045 3044/3044/3044
f 3050/3050/3050 3051/3051/3051 3052/3052/3052
f 3053/3053/3053 3054/3054/3054 3055/3055/3055
f 3056/3056/3056 3057/3057/3057 3058/3058/3058
f 3059/3059/3059 3053/3053/3053 3055/3055/3055
f 3060/3060/3060 3061/3061/3061 3062/3062/3062
f 3062/3062/3062 3063/3063/3063 3060/3060/3060
f 3064/3064/3064 3065/3065/3065 3066/3066/3066
f 3067/3067/3067 3058/3058/3058 3057/3057/3057
f 3068/3068/3068 3069/3069/3069 3070/3070/3070
f 3070/3070/3070 3071/3071/3071 3068/3068/3068
f 3072/3072/3072 3066/3066/3066 3065/3065/3065
f 3053/3053/3053 3059/3059/3059 3073/3073/3073
f 3074/3074/3074 3075/3075/3075 3076/3076/3076
f 3077/3077/3077 3078/3078/3078 3079/3079/3079
f 3080/3080/3080 3081/3081/3081 3082/3082/3082
f 3083/3083/3083 3084/3084/3084 3085/3085/3085
f 1091/1091/1091 1028/1028/1028 1035/1035/1035
f 3086/3086/3086 1087/1087/1087 3087/3087/3087
f 3088/3088/3088 3089/3089/3089 3090/3090/3090
f 1028/1028/1028 1091/1091/1091 1090/1090/1090
f 3089/3089/3089 3088/3088/3088 3091/3091/3091
f 3092/3092/3092 3088/3088/3088 3093/3093/3093
f 3091/3091/3091 3088/3088/3088 3092/3092/3092
f 1102/1102/1102 1087/1087/1087 3086/3086/3086
f 1103/1103/1103 3094/3094/3094 1099/1099/1099
f 3095/3095/3095 1171/1171/1171 1192/1192/1192
f 3095/3095/3095 1172/1172/1172 1171/1171/1171
f 3096/3096/3096 3097/3097/3097 3098/3098/3098
f 3099/3099/3099 3100/3100/3100 3101/3101/3101
f 1200/1200/1200 3102/3102/3102 1201/1201/1201
f 3103/3103/3103 3104/3104/3104 3105/3105/3105
f 3103/3103/3103 3105/3105/3105 3106/3106/3106
f 3107/3107/3107 1176/1176/1176 1175/1175/1175
f 3108/3108/3108 3109/3109/3109 3110/3110/3110
f 3111/3111/3111 3112/3112/3112 3113/3113/3113
f 3108/3108/3108 3114/3114/3114 3115/3115/3115
f 3116/3116/3116 3111/3111/3111 3113/3113/3113
f 3108/3108/3108 3110/3110/3110 3117/3117/3117
f 3118/3118/3118 3105/3105/3105 3104/3104/3104
f 3102/3102/3102 1200/1200/1200 3119/3119/3119
f 3118/3118/3118 3106/3106/3106 3105/3105/3105
f 3094/3094/3094 3120/3120/3120 1099/1099/1099
f 1176/1176/1176 3107/3107/3107 3121/3121/3121
f 1176/1176/1176 3121/3121/3121 3122/3122/3122
f 3106/3106/3106 3118/3118/3118 3123/3123/3123
f 3114/3114/3114 3124/3124/3124 3125/3125/3125
f 3114/3114/3114 3125/3125/3125 3115/3115/3115
f 3126/3126/3126 3125/3125/3125 3124/3124/3124
f 3127/3127/3127 3126/3126/3126 3124/3124/3124
f 3124/3124/3124 3117/3117/3117 3127/3127/3127
f 3128/3128/3128 3129/3129/3129 3130/3130/3130
f 3131/3131/3131 3115/3115/3115 3125/3125/3125
f 3132/3132/3132 3130/3130/3130 3129/3129/3129
f 3133/3133/3133 3132/3132/3132 3129/3129/3129
f 3129/3129/3129 3134/3134/3134 3133/3133/3133
f 3135/3135/3135 3136/3136/3136 3137/3137/3137
f 3137/3137/3137 3138/3138/3138 3135/3135/3135
f 3132/3132/3132 3139/3139/3139 3130/3130/3130
f 3140/3140/3140 3141/3141/3141 3142/3142/3142
f 3121/3121/3121 3143/3143/3143 3144/3144/3144
f 3142/3142/3142 3145/3145/3145 3140/3140/3140
f 3146/3146/3146 3122/3122/3122 3121/3121/3121
f 3144/3144/3144 3146/3146/3146 3121/3121/3121
f 3141/3141/3141 3140/3140/3140 3147/3147/3147
f 3141/3141/3141 3147/3147/3147 3148/3148/3148
f 3143/3143/3143 3149/3149/3149 3144/3144/3144
f 3139/3139/3139 3132/3132/3132 3150/3150/3150
f 3151/3151/3151 3150/3150/3150 3132/3132/3132
f 3133/3133/3133 3151/3151/3151 3132/3132/3132
f 3152/3152/3152 3119/3119/3119 1200/1200/1200
f 1200/1200/1200 3153/3153/3153 3152/3152/3152
f 3118/3118/3118 3154/3154/3154 3123/3123/3123
f 3155/3155/3155 3152/3152/3152 3153/3153/3153
f 3156/3156/3156 3157/3157/3157 3158/3158/3158
f 3158/3158/3158 1290/1290/1290 3156/3156/3156
f 3117/3117/3117 3110/3110/3110 3159/3159/3159
f 3127/3127/3127 3117/3117/3117 3159/3159/3159
f 3160/3160/3160 3134/3134/3134 3161/3161/3161
f 3134/3134/3134 3160/3160/3160 3133/3133/3133
f 3160/3160/3160 3162/3162/3162 3163/3163/3163
f 3163/3163/3163 3133/3133/3133 3160/3160/3160
f 3164/3164/3164 3156/3156/3156 1290/1290/1290
f 1290/1290/1290 1289/1289/1289 3165/3165/3165
f 1290/1290/1290 3165/3165/3165 3164/3164/3164
f 3166/3166/3166 1317/1317/1317 1306/1306/1306
f 3167/3167/3167 3166/3166/3166 1306/1306/1306
f 1306/1306/1306 3168/3168/3168 3169/3169/3169
f 3170/3170/3170 3167/3167/3167 1306/1306/1306
f 3169/3169/3169 3170/3170/3170 1306/1306/1306
f 3156/3156/3156 3164/3164/3164 3171/3171/3171
f 1315/1315/1315 3172/3172/3172 3173/3173/3173
f 1314/1314/1314 3172/3172/3172 1315/1315/1315
f 3174/3174/3174 3171/3171/3171 3164/3164/3164
f 3170/3170/3170 3175/3175/3175 3167/3167/3167
f 3176/3176/3176 3177/3177/3177 3178/3178/3178
f 3151/3151/3151 3133/3133/3133 3179/3179/3179
f 3176/3176/3176 3180/3180/3180 3177/3177/3177
f 3133/3133/3133 3163/3163/3163 3181/3181/3181
f 3181/3181/3181 3179/3179/3179 3133/3133/3133
f 3182/3182/3182 3183/3183/3183 3184/3184/3184
f 3185/3185/3185 3182/3182/3182 3184/3184/3184
f 3186/3186/3186 3187/3187/3187 3188/3188/3188
f 3146/3146/3146 3144/3144/3144 3189/3189/3189
f 3190/3190/3190 3191/3191/3191 3192/3192/3192
f 3192/3192/3192 3193/3193/3193 3190/3190/3190
f 3191/3191/3191 3194/3194/3194 3195/3195/3195
f 3191/3191/3191 3195/3195/3195 3196/3196/3196
f 3196/3196/3196 3192/3192/3192 3191/3191/3191
f 3193/3193/3193 3192/3192/3192 3197/3197/3197
f 3198/3198/3198 3199/3199/3199 3200/3200/3200
f 3180/3180/3180 3176/3176/3176 3201/3201/3201
f 3202/3202/3202 3201/3201/3201 3176/3176/3176
f 3181/3181/3181 3203/3203/3203 3179/3179/3179
f 3204/3204/3204 3205/3205/3205 3206/3206/3206
f 3207/3207/3207 3208/3208/3208 3209/3209/3209
f 3210/3210/3210 3195/3195/3195 3211/3211/3211
f 3212/3212/3212 3213/3213/3213 3183/3183/3183
f 3182/3182/3182 3212/3212/3212 3183/3183/3183
f 3195/3195/3195 3210/3210/3210 3196/3196/3196
f 3214/3214/3214 3215/3215/3215 3216/3216/3216
f 3217/3217/3217 3218/3218/3218 3219/3219/3219
f 3217/3217/3217 3219/3219/3219 3220/3220/3220
f 3221/3221/3221 3222/3222/3222 3223/3223/3223
f 3222/3222/3222 3224/3224/3224 3223/3223/3223
f 3225/3225/3225 3226/3226/3226 3227/3227/3227
f 3228/3228/3228 3229/3229/3229 3230/3230/3230
f 3231/3231/3231 3232/3232/3232 3233/3233/3233
f 3234/3234/3234 3235/3235/3235 3236/3236/3236
f 3237/3237/3237 3238/3238/3238 3239/3239/3239
f 3236/3236/3236 3240/3240/3240 3234/3234/3234
f 3241/3241/3241 3227/3227/3227 3226/3226/3226
f 3242/3242/3242 3243/3243/3243 3227/3227/3227
f 3227/3227/3227 3241/3241/3241 3244/3244/3244
f 3244/3244/3244 3242/3242/3242 3227/3227/3227
f 3192/3192/3192 3196/3196/3196 3245/3245/3245
f 3192/3192/3192 3245/3245/3245 3246/3246/3246
f 3247/3247/3247 3197/3197/3197 3192/3192/3192
f 3246/3246/3246 3247/3247/3247 3192/3192/3192
f 3242/3242/3242 3248/3248/3248 3243/3243/3243
f 3248/3248/3248 3242/3242/3242 3249/3249/3249
f 3250/3250/3250 3233/3233/3233 3232/3232/3232
f 3232/3232/3232 3251/3251/3251 3250/3250/3250
f 3252/3252/3252 3253/3253/3253 3254/3254/3254
f 3255/3255/3255 3256/3256/3256 3257/3257/3257
f 3253/3253/3253 3252/3252/3252 3258/3258/3258
f 3259/3259/3259 3260/3260/3260 3261/3261/3261
f 3262/3262/3262 3263/3263/3263 3264/3264/3264
f 3265/3265/3265 3249/3249/3249 3242/3242/3242
f 3256/3256/3256 3255/3255/3255 3266/3266/3266
f 3267/3267/3267 3268/3268/3268 3269/3269/3269
f 3270/3270/3270 3271/3271/3271 3272/3272/3272
f 3273/3273/3273 3274/3274/3274 3275/3275/3275
f 3276/3276/3276 3277/3277/3277 3278/3278/3278
f 3279/3279/3279 3280/3280/3280 3281/3281/3281
f 2874/2874/2874 2900/2900/2900 3282/3282/3282
f 3283/3283/3283 3284/3284/3284 3285/3285/3285
f 3286/3286/3286 3287/3287/3287 3288/3288/3288
f 2868/2868/2868 2871/2871/2871 3289/3289/3289
f 408/408/408 1464/1464/1464 3290/3290/3290
f 408/408/408 3290/3290/3290 3291/3291/3291
f 408/408/408 3291/3291/3291 3292/3292/3292
f 408/408/408 3292/3292/3292 3293/3293/3293
f 3294/3294/3294 3295/3295/3295 3296/3296/3296
f 1475/1475/1475 3295/3295/3295 3294/3294/3294
f 3294/3294/3294 1469/1469/1469 1475/1475/1475
f 3297/3297/3297 3296/3296/3296 3295/3295/3295
f 3298/3298/3298 3299/3299/3299 3300/3300/3300
f 3300/3300/3300 3301/3301/3301 3298/3298/3298
f 3302/3302/3302 3303/3303/3303 3304/3304/3304
f 3305/3305/3305 3306/3306/3306 3307/3307/3307
f 3303/3303/3303 3308/3308/3308 3304/3304/3304
f 3309/3309/3309 3310/3310/3310 3311/3311/3311
f 3312/3312/3312 3304/3304/3304 3308/3308/3308
f 3313/3313/3313 3312/3312/3312 3308/3308/3308
f 3311/3311/3311 3314/3314/3314 3309/3309/3309
f 1476/1476/1476 3315/3315/3315 1477/1477/1477
f 3316/3316/3316 3311/3311/3311 3310/3310/3310
f 3317/3317/3317 1474/1474/1474 3318/3318/3318
f 3317/3317/3317 3318/3318/3318 3319/3319/3319
f 3312/3312/3312 3313/3313/3313 3320/3320/3320
f 3314/3314/3314 3311/3311/3311 3321/3321/3321
f 3313/3313/3313 3322/3322/3322 3320/3320/3320
f 3321/3321/3321 3323/3323/3323 3314/3314/3314
f 3324/3324/3324 3321/3321/3321 3311/3311/3311
f 3316/3316/3316 3325/3325/3325 3311/3311/3311
f 3311/3311/3311 3325/3325/3325 3324/3324/3324
f 3322/3322/3322 3326/3326/3326 3327/3327/3327
f 3327/3327/3327 3326/3326/3326 3328/3328/3328
f 3320/3320/3320 3322/3322/3322 3327/3327/3327
f 3328/3328/3328 3329/3329/3329 3327/3327/3327
f 3330/3330/3330 3323/3323/3323 3331/3331/3331
f 3330/3330/3330 3331/3331/3331 3332/3332/3332
f 3323/3323/3323 3321/3321/3321 3331/3331/3331
f 3324/3324/3324 3331/3331/3331 3321/3321/3321
f 3333/3333/3333 3332/3332/3332 3331/3331/3331
f 3331/3331/3331 3324/3324/3324 3334/3334/3334
f 3331/3331/3331 3334/3334/3334 3335/3335/3335
f 3331/3331/3331 3335/3335/3335 3333/3333/3333
f 3329/3329/3329 3328/3328/3328 3336/3336/3336
f 3337/3337/3337 3336/3336/3336 3328/3328/3328
f 3338/3338/3338 3339/3339/3339 3340/3340/3340
f 3341/3341/3341 3338/3338/3338 3340/3340/3340
f 1474/1474/1474 1487/1487/1487 3318/3318/3318
f 1511/1511/1511 3342/3342/3342 3343/3343/3343
f 1511/1511/1511 3344/3344/3344 3342/3342/3342
f 3345/3345/3345 3344/3344/3344 3346/3346/3346
f 3346/3346/3346 3347/3347/3347 3345/3345/3345
f 3344/3344/3344 1511/1511/1511 3346/3346/3346
f 3335/3335/3335 3334/3334/3334 3324/3324/3324
f 3348/3348/3348 3349/3349/3349 3350/3350/3350
f 3351/3351/3351 3352/3352/3352 3353/3353/3353
f 3335/3335/3335 3354/3354/3354 3333/3333/3333
f 3355/3355/3355 3356/3356/3356 3357/3357/3357
f 3353/3353/3353 3358/3358/3358 3351/3351/3351
f 1498/1498/1498 1500/1500/1500 3359/3359/3359
f 3360/3360/3360 3361/3361/3361 3362/3362/3362
f 3362/3362/3362 3363/3363/3363 3360/3360/3360
f 3364/3364/3364 3365/3365/3365 3366/3366/3366
f 3366/3366/3366 3367/3367/3367 3364/3364/3364
f 2939/2939/2939 3368/3368/3368 2940/2940/2940
f 3369/3369/3369 3370/3370/3370 3371/3371/3371
f 3372/3372/3372 3373/3373/3373 3374/3374/3374
f 3375/3375/3375 3376/3376/3376 3377/3377/3377
f 3378/3378/3378 3379/3379/3379 3380/3380/3380
f 3375/3375/3375 3377/3377/3377 3381/3381/3381
f 3382/3382/3382 3383/3383/3383 3384/3384/3384
f 3384/3384/3384 3385/3385/3385 3386/3386/3386
f 3384/3384/3384 3386/3386/3386 3382/3382/3382
f 3387/3387/3387 3381/3381/3381 3377/3377/3377
f 3388/3388/3388 3389/3389/3389 3390/3390/3390
f 3391/3391/3391 3392/3392/3392 3393/3393/3393
f 3394/3394/3394 3395/3395/3395 3396/3396/3396
f 3373/3373/3373 3397/3397/3397 3374/3374/3374
f 1511/1511/1511 1528/1528/1528 3346/3346/3346
f 3398/3398/3398 3399/3399/3399 3400/3400/3400
f 3401/3401/3401 3402/3402/3402 1524/1524/1524
f 1554/1554/1554 3403/3403/3403 1524/1524/1524
f 1524/1524/1524 3403/3403/3403 3401/3401/3401
f 3404/3404/3404 3346/3346/3346 1528/1528/1528
f 3398/3398/3398 3405/3405/3405 3399/3399/3399
f 3406/3406/3406 3407/3407/3407 3408/3408/3408
f 3409/3409/3409 3410/3410/3410 3411/3411/3411
f 3405/3405/3405 3398/3398/3398 3412/3412/3412
f 3413/3413/3413 3408/3408/3408 3407/3407/3407
f 3414/3414/3414 3415/3415/3415 3416/3416/3416
f 3417/3417/3417 3418/3418/3418 3419/3419/3419
f 3402/3402/3402 3401/3401/3401 3420/3420/3420
f 3402/3402/3402 3420/3420/3420 3421/3421/3421
f 3419/3419/3419 3422/3422/3422 3417/3417/3417
f 3423/3423/3423 3424/3424/3424 3425/3425/3425
f 3425/3425/3425 2894/2894/2894 3423/3423/3423
f 3339/3339/3339 3338/3338/3338 3426/3426/3426
f 2894/2894/2894 3425/3425/3425 2895/2895/2895
f 3427/3427/3427 3426/3426/3426 3338/3338/3338
f 3428/3428/3428 3429/3429/3429 3430/3430/3430
f 3431/3431/3431 3432/3432/3432 3433/3433/3433
f 3430/3430/3430 3434/3434/3434 3428/3428/3428
f 3435/3435/3435 3429/3429/3429 3436/3436/3436
f 3437/3437/3437 2895/2895/2895 3425/3425/3425
f 3436/3436/3436 3438/3438/3438 3435/3435/3435
f 3428/3428/3428 3436/3436/3436 3429/3429/3429
f 3353/3353/3353 3439/3439/3439 3358/3358/3358
f 3439/3439/3439 3353/3353/3353 3440/3440/3440
f 3440/3440/3440 3441/3441/3441 3439/3439/3439
f 3442/3442/3442 3440/3440/3440 3353/3353/3353
f 3353/3353/3353 3443/3443/3443 3442/3442/3442
f 2895/2895/2895 3437/3437/3437 3444/3444/3444
f 3444/3444/3444 3445/3445/3445 2895/2895/2895
f 3446/3446/3446 3386/3386/3386 3447/3447/3447
f 3386/3386/3386 3446/3446/3446 3382/3382/3382
f 3448/3448/3448 3449/3449/3449 3450/3450/3450
f 3451/3451/3451 3452/3452/3452 3453/3453/3453
f 3448/3448/3448 3450/3450/3450 3396/3396/3396
f 3454/3454/3454 3451/3451/3451 3453/3453/3453
f 3396/3396/3396 3395/3395/3395 3448/3448/3448
f 3428/3428/3428 3455/3455/3455 3436/3436/3436
f 3456/3456/3456 3441/3441/3441 3440/3440/3440
f 3457/3457/3457 3374/3374/3374 3397/3397/3397
f 3443/3443/3443 3458/3458/3458 3459/3459/3459
f 3459/3459/3459 3442/3442/3442 3443/3443/3443
f 3415/3415/3415 3414/3414/3414 3460/3460/3460
f 3460/3460/3460 3461/3461/3461 3415/3415/3415
f 3462/3462/3462 3463/3463/3463 3464/3464/3464
f 3464/3464/3464 3465/3465/3465 3462/3462/3462
f 3466/3466/3466 3467/3467/3467 1537/1537/1537
f 3468/3468/3468 3469/3469/3469 3470/3470/3470
f 3470/3470/3470 3471/3471/3471 3468/3468/3468
f 1536/1536/1536 1537/1537/1537 3467/3467/3467
f 3468/3468/3468 3472/3472/3472 3469/3469/3469
f 3469/3469/3469 3472/3472/3472 3473/3473/3473
f 1563/1563/1563 1565/1565/1565 3474/3474/3474
f 3475/3475/3475 3473/3473/3473 3472/3472/3472
f 3476/3476/3476 3474/3474/3474 1565/1565/1565
f 1562/1562/1562 3476/3476/3476 1565/1565/1565
f 3473/3473/3473 3475/3475/3475 3477/3477/3477
f 3478/3478/3478 3479/3479/3479 3480/3480/3480
f 3477/3477/3477 3481/3481/3481 3473/3473/3473
f 3474/3474/3474 3476/3476/3476 3482/3482/3482
f 3483/3483/3483 3484/3484/3484 3485/3485/3485
f 3485/3485/3485 3486/3486/3486 3487/3487/3487
f 3487/3487/3487 3483/3483/3483 3485/3485/3485
f 3488/3488/3488 3489/3489/3489 3490/3490/3490
f 3477/3477/3477 3491/3491/3491 3481/3481/3481
f 3477/3477/3477 3492/3492/3492 3491/3491/3491
f 3422/3422/3422 3493/3493/3493 3494/3494/3494
f 3422/3422/3422 3494/3494/3494 3495/3495/3495
f 3422/3422/3422 3495/3495/3495 3417/3417/3417
f 3496/3496/3496 3497/3497/3497 3498/3498/3498
f 3497/3497/3497 3496/3496/3496 3499/3499/3499
f 3500/3500/3500 3501/3501/3501 3502/3502/3502
f 3503/3503/3503 3504/3504/3504 3505/3505/3505
f 1947/1947/1947 3487/3487/3487 3486/3486/3486
f 3506/3506/3506 3507/3507/3507 3508/3508/3508
f 3509/3509/3509 3510/3510/3510 3511/3511/3511
f 3512/3512/3512 3513/3513/3513 3514/3514/3514
f 3515/3515/3515 3512/3512/3512 3514/3514/3514
f 3516/3516/3516 3515/3515/3515 3514/3514/3514
f 3517/3517/3517 3518/3518/3518 3519/3519/3519
f 3520/3520/3520 3518/3518/3518 3517/3517/3517
f 3510/3510/3510 3521/3521/3521 3511/3511/3511
f 3522/3522/3522 3519/3519/3519 3518/3518/3518
f 3523/3523/3523 3524/3524/3524 3525/3525/3525
f 3526/3526/3526 3527/3527/3527 3528/3528/3528
f 3483/3483/3483 3487/3487/3487 3529/3529/3529
f 3530/3530/3530 3531/3531/3531 3532/3532/3532
f 3533/3533/3533 3529/3529/3529 3487/3487/3487
f 1947/1947/1947 3533/3533/3533 3487/3487/3487
f 3534/3534/3534 3535/3535/3535 3536/3536/3536
f 3533/3533/3533 3537/3537/3537 3529/3529/3529
f 3538/3538/3538 3539/3539/3539 3540/3540/3540
f 3540/3540/3540 3539/3539/3539 3541/3541/3541
f 3542/3542/3542 3543/3543/3543 3544/3544/3544
f 3545/3545/3545 3546/3546/3546 3547/3547/3547
f 3547/3547/3547 3548/3548/3548 3545/3545/3545
f 3549/3549/3549 3550/3550/3550 3551/3551/3551
f 3552/3552/3552 3553/3553/3553 3554/3554/3554
f 3555/3555/3555 3556/3556/3556 3557/3557/3557
f 3558/3558/3558 3559/3559/3559 3560/3560/3560
f 3561/3561/3561 3562/3562/3562 3563/3563/3563
f 3564/3564/3564 3554/3554/3554 3553/3553/3553
f 3565/3565/3565 3566/3566/3566 3567/3567/3567
f 3568/3568/3568 3569/3569/3569 3570/3570/3570
f 3570/3570/3570 3571/3571/3571 3568/3568/3568
f 3572/3572/3572 3573/3573/3573 3574/3574/3574
f 3575/3575/3575 1600/1600/1600 1599/1599/1599
f 3527/3527/3527 3576/3576/3576 3528/3528/3528
f 3577/3577/3577 3574/3574/3574 3573/3573/3573
f 3578/3578/3578 3579/3579/3579 3580/3580/3580
f 3581/3581/3581 3582/3582/3582 3583/3583/3583
f 3584/3584/3584 3583/3583/3583 3582/3582/3582
f 3582/3582/3582 3585/3585/3585 3584/3584/3584
f 3586/3586/3586 3587/3587/3587 3588/3588/3588
f 3535/3535/3535 3534/3534/3534 3589/3589/3589
f 3590/3590/3590 3591/3591/3591 3592/3592/3592
f 3593/3593/3593 3589/3589/3589 3534/3534/3534
f 3533/3533/3533 3594/3594/3594 3537/3537/3537
f 3593/3593/3593 3595/3595/3595 3589/3589/3589
f 3596/3596/3596 3597/3597/3597 3598/3598/3598
f 3595/3595/3595 3593/3593/3593 3599/3599/3599
f 3600/3600/3600 3598/3598/3598 3597/3597/3597
f 3601/3601/3601 3602/3602/3602 3603/3603/3603
f 3604/3604/3604 3605/3605/3605 3594/3594/3594
f 3594/3594/3594 3533/3533/3533 3604/3604/3604
f 3598/3598/3598 3600/3600/3600 3606/3606/3606
f 3598/3598/3598 3606/3606/3606 3607/3607/3607
f 3463/3463/3463 3608/3608/3608 3464/3464/3464
f 3609/3609/3609 3610/3610/3610 3611/3611/3611
f 3604/3604/3604 3612/3612/3612 3605/3605/3605
f 3613/3613/3613 3614/3614/3614 3615/3615/3615
f 3616/3616/3616 3617/3617/3617 3618/3618/3618
f 3612/3612/3612 3604/3604/3604 3619/3619/3619
f 3620/3620/3620 3615/3615/3615 3614/3614/3614
f 3621/3621/3621 3604/3604/3604 3533/3533/3533
f 3533/3533/3533 1947/1947/1947 3621/3621/3621
f 3604/3604/3604 3621/3621/3621 3619/3619/3619
f 3363/3363/3363 3362/3362/3362 3622/3622/3622
f 1673/1673/1673 3623/3623/3623 3624/3624/3624
f 3625/3625/3625 3623/3623/3623 1673/1673/1673
f 3624/3624/3624 1674/1674/1674 1673/1673/1673
f 1673/1673/1673 1692/1692/1692 3625/3625/3625
f 3626/3626/3626 3622/3622/3622 3362/3362/3362
f 3627/3627/3627 3626/3626/3626 3362/3362/3362
f 3628/3628/3628 3624/3624/3624 3623/3623/3623
f 3623/3623/3623 3625/3625/3625 3629/3629/3629
f 3623/3623/3623 3629/3629/3629 3628/3628/3628
f 3238/3238/3238 3630/3630/3630 3239/3239/3239
f 1667/1667/1667 1665/1665/1665 3631/3631/3631
f 3631/3631/3631 3632/3632/3632 1667/1667/1667
f 3633/3633/3633 1674/1674/1674 3624/3624/3624
f 1665/1665/1665 3634/3634/3634 3631/3631/3631
f 3635/3635/3635 3636/3636/3636 3637/3637/3637
f 3638/3638/3638 3639/3639/3639 3635/3635/3635
f 3637/3637/3637 3638/3638/3638 3635/3635/3635
f 3626/3626/3626 3627/3627/3627 3640/3640/3640
f 3641/3641/3641 3461/3461/3461 3642/3642/3642
f 3460/3460/3460 3642/3642/3642 3461/3461/3461
f 3643/3643/3643 3644/3644/3644 3645/3645/3645
f 3646/3646/3646 3647/3647/3647 3648/3648/3648
f 3649/3649/3649 3650/3650/3650 3651/3651/3651
f 3648/3648/3648 3652/3652/3652 3653/3653/3653
f 3648/3648/3648 3653/3653/3653 3646/3646/3646
f 3654/3654/3654 3637/3637/3637 3636/3636/3636
f 3655/3655/3655 3656/3656/3656 3647/3647/3647
f 3646/3646/3646 3655/3655/3655 3647/3647/3647
f 3657/3657/3657 3639/3639/3639 3638/3638/3638
f 3657/3657/3657 3638/3638/3638 3658/3658/3658
f 3659/3659/3659 3658/3658/3658 3638/3638/3638
f 3660/3660/3660 3659/3659/3659 3638/3638/3638
f 3638/3638/3638 3637/3637/3637 3660/3660/3660
f 3659/3659/3659 3661/3661/3661 3658/3658/3658
f 3661/3661/3661 3659/3659/3659 3662/3662/3662
f 3663/3663/3663 3261/3261/3261 3260/3260/3260
f 3659/3659/3659 3660/3660/3660 3664/3664/3664
f 3664/3664/3664 3662/3662/3662 3659/3659/3659
f 3665/3665/3665 3660/3660/3660 3637/3637/3637
f 3637/3637/3637 3654/3654/3654 3665/3665/3665
f 3660/3660/3660 3665/3665/3665 3666/3666/3666
f 3666/3666/3666 3664/3664/3664 3660/3660/3660
f 3656/3656/3656 3655/3655/3655 3667/3667/3667
f 3668/3668/3668 3669/3669/3669 3670/3670/3670
f 3671/3671/3671 3669/3669/3669 3668/3668/3668
f 3672/3672/3672 3667/3667/3667 3655/3655/3655
f 3655/3655/3655 3646/3646/3646 3673/3673/3673
f 3674/3674/3674 3675/3675/3675 3676/3676/3676
f 3677/3677/3677 3678/3678/3678 3679/3679/3679
f 3674/3674/3674 3676/3676/3676 3680/3680/3680
f 3680/3680/3680 3681/3681/3681 3674/3674/3674
f 3682/3682/3682 3683/3683/3683 3684/3684/3684
f 3667/3667/3667 3672/3672/3672 3685/3685/3685
f 3686/3686/3686 3666/3666/3666 3665/3665/3665
f 3667/3667/3667 3685/3685/3685 3687/3687/3687
f 3667/3667/3667 3687/3687/3687 3688/3688/3688
f 3667/3667/3667 3688/3688/3688 3689/3689/3689
f 3690/3690/3690 3691/3691/3691 3692/3692/3692
f 3678/3678/3678 3677/3677/3677 3693/3693/3693
f 3692/3692/3692 3694/3694/3694 3690/3690/3690
f 3695/3695/3695 3696/3696/3696 3697/3697/3697
f 3691/3691/3691 3690/3690/3690 3698/3698/3698
f 3699/3699/3699 3700/3700/3700 3701/3701/3701
f 3701/3701/3701 3702/3702/3702 3699/3699/3699
f 3696/3696/3696 3695/3695/3695 3703/3703/3703
f 3704/3704/3704 3705/3705/3705 3706/3706/3706
f 3707/3707/3707 3621/3621/3621 1947/1947/1947
f 3708/3708/3708 3707/3707/3707 1947/1947/1947
f 1947/1947/1947 1946/1946/1946 3708/3708/3708
f 3578/3578/3578 3709/3709/3709 3579/3579/3579
f 3710/3710/3710 3711/3711/3711 3712/3712/3712
f 3712/3712/3712 3713/3713/3713 3710/3710/3710
f 3617/3617/3617 3616/3616/3616 3714/3714/3714
f 3617/3617/3617 3714/3714/3714 3715/3715/3715
f 3716/3716/3716 3717/3717/3717 3615/3615/3615
f 3615/3615/3615 3620/3620/3620 3716/3716/3716
f 3718/3718/3718 3719/3719/3719 3720/3720/3720
f 3721/3721/3721 3722/3722/3722 3723/3723/3723
f 3717/3717/3717 3716/3716/3716 3724/3724/3724
f 3724/3724/3724 3725/3725/3725 3717/3717/3717
f 3726/3726/3726 3727/3727/3727 3728/3728/3728
f 3722/3722/3722 3721/3721/3721 3729/3729/3729
f 3729/3729/3729 3730/3730/3730 3722/3722/3722
f 3731/3731/3731 3619/3619/3619 3621/3621/3621
f 3707/3707/3707 3731/3731/3731 3621/3621/3621
f 3732/3732/3732 3733/3733/3733 3731/3731/3731
f 3731/3731/3731 3707/3707/3707 3732/3732/3732
f 3734/3734/3734 3735/3735/3735 3725/3725/3725
f 3724/3724/3724 3734/3734/3734 3725/3725/3725
f 3736/3736/3736 3737/3737/3737 3738/3738/3738
f 3736/3736/3736 3738/3738/3738 3739/3739/3739
f 3740/3740/3740 3738/3738/3738 3737/3737/3737
f 3741/3741/3741 3735/3735/3735 3734/3734/3734
f 3741/3741/3741 3734/3734/3734 3742/3742/3742
f 3743/3743/3743 3739/3739/3739 3738/3738/3738
f 3742/3742/3742 3744/3744/3744 3741/3741/3741
f 3745/3745/3745 3742/3742/3742 3734/3734/3734
f 3734/3734/3734 3724/3724/3724 3745/3745/3745
f 3743/3743/3743 3746/3746/3746 3739/3739/3739
f 3746/3746/3746 3743/3743/3743 3747/3747/3747
f 3747/3747/3747 3748/3748/3748 3746/3746/3746
f 3744/3744/3744 3742/3742/3742 3749/3749/3749
f 3749/3749/3749 3750/3750/3750 3744/3744/3744
f 3745/3745/3745 3749/3749/3749 3742/3742/3742
f 3707/3707/3707 3708/3708/3708 3751/3751/3751
f 3707/3707/3707 3751/3751/3751 3752/3752/3752
f 3753/3753/3753 3732/3732/3732 3707/3707/3707
f 3754/3754/3754 3755/3755/3755 3756/3756/3756
f 3757/3757/3757 3708/3708/3708 1946/1946/1946
f 3758/3758/3758 3759/3759/3759 3760/3760/3760
f 3758/3758/3758 3760/3760/3760 3761/3761/3761
f 2665/2665/2665 2689/2689/2689 2692/2692/2692
f 2692/2692/2692 2666/2666/2666 2665/2665/2665
f 3762/3762/3762 3761/3761/3761 3760/3760/3760
f 2692/2692/2692 2707/2707/2707 3763/3763/3763
f 2692/2692/2692 3763/3763/3763 3764/3764/3764
f 3760/3760/3760 3765/3765/3765 3762/3762/3762
f 3766/3766/3766 3767/3767/3767 3761/3761/3761
f 3761/3761/3761 3762/3762/3762 3766/3766/3766
f 3748/3748/3748 3747/3747/3747 3768/3768/3768
f 3768/3768/3768 3769/3769/3769 3748/3748/3748
f 3750/3750/3750 3749/3749/3749 3694/3694/3694
f 3690/3690/3690 3694/3694/3694 3749/3749/3749
f 3749/3749/3749 3745/3745/3745 3770/3770/3770
f 3771/3771/3771 3772/3772/3772 3773/3773/3773
f 3770/3770/3770 3698/3698/3698 3749/3749/3749
f 3774/3774/3774 3775/3775/3775 3776/3776/3776
f 3777/3777/3777 3778/3778/3778 3779/3779/3779
f 3780/3780/3780 3781/3781/3781 3782/3782/3782
f 3783/3783/3783 3784/3784/3784 3785/3785/3785
f 3786/3786/3786 3783/3783/3783 3785/3785/3785
f 3787/3787/3787 3786/3786/3786 3785/3785/3785
f 3788/3788/3788 3789/3789/3789 3790/3790/3790
f 3791/3791/3791 3792/3792/3792 3793/3793/3793
f 3794/3794/3794 3795/3795/3795 3796/3796/3796
f 3797/3797/3797 3798/3798/3798 3799/3799/3799
f 3800/3800/3800 3801/3801/3801 3797/3797/3797
f 3802/3802/3802 3800/3800/3800 3797/3797/3797
f 3799/3799/3799 3802/3802/3802 3797/3797/3797
f 3803/3803/3803 3804/3804/3804 3805/3805/3805
f 3806/3806/3806 3804/3804/3804 3803/3803/3803
f 3807/3807/3807 3793/3793/3793 3792/3792/3792
f 3795/3795/3795 3794/3794/3794 3808/3808/3808
f 3809/3809/3809 3805/3805/3805 3804/3804/3804
f 3810/3810/3810 3809/3809/3809 3804/3804/3804
f 3811/3811/3811 3812/3812/3812 3813/3813/3813
f 3813/3813/3813 3814/3814/3814 3815/3815/3815
f 3815/3815/3815 3816/3816/3816 3813/3813/3813
f 3813/3813/3813 3816/3816/3816 3811/3811/3811
f 3817/3817/3817 3818/3818/3818 3819/3819/3819
f 3820/3820/3820 3821/3821/3821 3822/3822/3822
f 3823/3823/3823 3824/3824/3824 3825/3825/3825
f 3820/3820/3820 3822/3822/3822 3826/3826/3826
f 3818/3818/3818 3827/3827/3827 3828/3828/3828
f 3828/3828/3828 3827/3827/3827 3829/3829/3829
f 3830/3830/3830 3821/3821/3821 3831/3831/3831
f 3832/3832/3832 3833/3833/3833 3834/3834/3834
f 3827/3827/3827 3818/3818/3818 3835/3835/3835
f 3836/3836/3836 3837/3837/3837 3838/3838/3838
f 3839/3839/3839 3840/3840/3840 3836/3836/3836
f 3838/3838/3838 3839/3839/3839 3836/3836/3836
f 3818/3818/3818 3817/3817/3817 3835/3835/3835
f 3821/3821/3821 3830/3830/3830 3841/3841/3841
f 3841/3841/3841 3822/3822/3822 3821/3821/3821
f 3793/3793/3793 3807/3807/3807 3842/3842/3842
f 3842/3842/3842 3843/3843/3843 3793/3793/3793
f 3798/3798/3798 3844/3844/3844 3845/3845/3845
f 3846/3846/3846 3799/3799/3799 3798/3798/3798
f 3847/3847/3847 3846/3846/3846 3798/3798/3798
f 3848/3848/3848 3847/3847/3847 3798/3798/3798
f 3845/3845/3845 3848/3848/3848 3798/3798/3798
f 3805/3805/3805 3809/3809/3809 3849/3849/3849
f 3805/3805/3805 3849/3849/3849 3850/3850/3850
f 3805/3805/3805 3850/3850/3850 3851/3851/3851
f 3849/3849/3849 3852/3852/3852 3853/3853/3853
f 3853/3853/3853 3852/3852/3852 3854/3854/3854
f 3855/3855/3855 3856/3856/3856 3857/3857/3857
f 3857/3857/3857 3858/3858/3858 3855/3855/3855
f 3854/3854/3854 3859/3859/3859 3853/3853/3853
f 3860/3860/3860 3861/3861/3861 3862/3862/3862
f 3809/3809/3809 3852/3852/3852 3849/3849/3849
f 3862/3862/3862 3863/3863/3863 3860/3860/3860
f 3852/3852/3852 3864/3864/3864 3854/3854/3854
f 3811/3811/3811 3865/3865/3865 3812/3812/3812
f 3866/3866/3866 3867/3867/3867 3868/3868/3868
f 3869/3869/3869 3870/3870/3870 3871/3871/3871
f 3868/3868/3868 3872/3872/3872 3866/3866/3866
f 3873/3873/3873 3855/3855/3855 3858/3858/3858
f 3874/3874/3874 3873/3873/3873 3858/3858/3858
f 3859/3859/3859 3854/3854/3854 3875/3875/3875
f 3875/3875/3875 3876/3876/3876 3859/3859/3859
f 3850/3850/3850 3877/3877/3877 3851/3851/3851
f 3873/3873/3873 3874/3874/3874 3878/3878/3878
f 3879/3879/3879 3880/3880/3880 3881/3881/3881
f 3877/3877/3877 3882/3882/3882 3851/3851/3851
f 3883/3883/3883 3875/3875/3875 3854/3854/3854
f 3867/3867/3867 3866/3866/3866 3884/3884/3884
f 3876/3876/3876 3875/3875/3875 3885/3885/3885
f 3886/3886/3886 3887/3887/3887 3888/3888/3888
f 3889/3889/3889 3886/3886/3886 3888/3888/3888
f 3890/3890/3890 3889/3889/3889 3888/3888/3888
f 3891/3891/3891 3892/3892/3892 3887/3887/3887
f 3886/3886/3886 3891/3891/3891 3887/3887/3887
f 3893/3893/3893 3851/3851/3851 3882/3882/3882
f 3891/3891/3891 3894/3894/3894 3892/3892/3892
f 3843/3843/3843 3842/3842/3842 3895/3895/3895
f 3896/3896/3896 3845/3845/3845 3844/3844/3844
f 3897/3897/3897 3896/3896/3896 3844/3844/3844
f 3895/3895/3895 3898/3898/3898 3843/3843/3843
f 3844/3844/3844 3899/3899/3899 3897/3897/3897
f 3851/3851/3851 3893/3893/3893 3900/3900/3900
f 3901/3901/3901 3902/3902/3902 3903/3903/3903
f 3904/3904/3904 3900/3900/3900 3893/3893/3893
f 3903/3903/3903 3905/3905/3905 3901/3901/3901
f 3906/3906/3906 3907/3907/3907 3908/3908/3908
f 3909/3909/3909 3903/3903/3903 3902/3902/3902
f 3910/3910/3910 3911/3911/3911 3912/3912/3912
f 3913/3913/3913 3914/3914/3914 3915/3915/3915
f 3889/3889/3889 3916/3916/3916 3886/3886/3886
f 3917/3917/3917 3918/3918/3918 3919/3919/3919
f 3919/3919/3919 3918/3918/3918 3920/3920/3920
f 3919/3919/3919 3921/3921/3921 3917/3917/3917
f 3922/3922/3922 3915/3915/3915 3914/3914/3914
f 3918/3918/3918 3917/3917/3917 3923/3923/3923
f 3924/3924/3924 3925/3925/3925 3926/3926/3926
f 3924/3924/3924 3926/3926/3926 3927/3927/3927
f 3928/3928/3928 3920/3920/3920 3918/3918/3918
f 3916/3916/3916 3889/3889/3889 3929/3929/3929
f 3916/3916/3916 3929/3929/3929 3930/3930/3930
f 3931/3931/3931 3932/3932/3932 3933/3933/3933
f 3933/3933/3933 3934/3934/3934 3935/3935/3935
f 3933/3933/3933 3935/3935/3935 3936/3936/3936
f 3933/3933/3933 3936/3936/3936 3931/3931/3931
f 3937/3937/3937 3938/3938/3938 3939/3939/3939
f 3940/3940/3940 3937/3937/3937 3939/3939/3939
f 3941/3941/3941 3940/3940/3940 3939/3939/3939
f 3937/3937/3937 3942/3942/3942 3938/3938/3938
f 3917/3917/3917 3943/3943/3943 3923/3923/3923
f 3944/3944/3944 3923/3923/3923 3943/3943/3943
f 3945/3945/3945 3944/3944/3944 3943/3943/3943
f 3946/3946/3946 3947/3947/3947 3948/3948/3948
f 3949/3949/3949 3948/3948/3948 3947/3947/3947
f 3950/3950/3950 3951/3951/3951 3952/3952/3952
f 3952/3952/3952 3953/3953/3953 3954/3954/3954
f 3955/3955/3955 3953/3953/3953 3952/3952/3952
f 3952/3952/3952 3954/3954/3954 3950/3950/3950
f 3956/3956/3956 3957/3957/3957 3958/3958/3958
f 3959/3959/3959 3927/3927/3927 3926/3926/3926
f 3960/3960/3960 3959/3959/3959 3926/3926/3926
f 3961/3961/3961 3962/3962/3962 3963/3963/3963
f 3957/3957/3957 3964/3964/3964 3958/3958/3958
f 3963/3963/3963 3965/3965/3965 3961/3961/3961
f 3966/3966/3966 3967/3967/3967 3968/3968/3968
f 3800/3800/3800 3969/3969/3969 3801/3801/3801
f 3967/3967/3967 3966/3966/3966 3970/3970/3970
f 3971/3971/3971 3972/3972/3972 3973/3973/3973
f 3973/3973/3973 3972/3972/3972 3974/3974/3974
f 3975/3975/3975 3976/3976/3976 3977/3977/3977
f 3977/3977/3977 3978/3978/3978 3975/3975/3975
f 3975/3975/3975 3978/3978/3978 3979/3979/3979
f 3975/3975/3975 3979/3979/3979 3980/3980/3980
f 3981/3981/3981 3982/3982/3982 3983/3983/3983
f 3983/3983/3983 3984/3984/3984 3981/3981/3981
f 3985/3985/3985 3976/3976/3976 3986/3986/3986
f 3976/3976/3976 3985/3985/3985 3977/3977/3977
f 3978/3978/3978 3977/3977/3977 3987/3987/3987
f 3978/3978/3978 3987/3987/3987 3988/3988/3988
f 3989/3989/3989 3990/3990/3990 3991/3991/3991
f 3987/3987/3987 3977/3977/3977 3985/3985/3985
f 3992/3992/3992 3993/3993/3993 3994/3994/3994
f 3995/3995/3995 3996/3996/3996 3997/3997/3997
f 3992/3992/3992 3994/3994/3994 3998/3998/3998
f 3997/3997/3997 3799/3799/3799 3999/3999/3999
f 3999/3999/3999 3995/3995/3995 3997/3997/3997
f 4000/4000/4000 3994/3994/3994 3993/3993/3993
f 4001/4001/4001 4002/4002/4002 4003/4003/4003
f 4003/4003/4003 4004/4004/4004 4001/4001/4001
f 4005/4005/4005 4006/4006/4006 4007/4007/4007
f 4008/4008/4008 4009/4009/4009 4010/4010/4010
f 4010/4010/4010 4011/4011/4011 4008/4008/4008
f 4012/4012/4012 4007/4007/4007 4006/4006/4006
f 4013/4013/4013 4010/4010/4010 4009/4009/4009
f 4014/4014/4014 4015/4015/4015 4007/4007/4007
f 4007/4007/4007 4012/4012/4012 4014/4014/4014
f 3846/3846/3846 3999/3999/3999 3799/3799/3799
f 4015/4015/4015 4014/4014/4014 4016/4016/4016
f 4017/4017/4017 3983/3983/3983 3982/3982/3982
f 3982/3982/3982 4018/4018/4018 4017/4017/4017
f 4019/4019/4019 4020/4020/4020 4021/4021/4021
f 4022/4022/4022 4023/4023/4023 4024/4024/4024
f 4022/4022/4022 4024/4024/4024 4025/4025/4025
f 4026/4026/4026 4027/4027/4027 4028/4028/4028
f 4029/4029/4029 4030/4030/4030 4031/4031/4031
f 4032/4032/4032 4030/4030/4030 4029/4029/4029
f 4025/4025/4025 4033/4033/4033 4034/4034/4034
f 4035/4035/4035 4036/4036/4036 4026/4026/4026
f 4037/4037/4037 4025/4025/4025 4034/4034/4034
f 4029/4029/4029 4031/4031/4031 4038/4038/4038
f 4039/4039/4039 4040/4040/4040 4041/4041/4041
f 4042/4042/4042 4043/4043/4043 4044/4044/4044
f 4041/4041/4041 4045/4045/4045 4039/4039/4039
f 4046/4046/4046 4030/4030/4030 4032/4032/4032
f 3846/3846/3846 4042/4042/4042 4044/4044/4044
f 4047/4047/4047 4048/4048/4048 4049/4049/4049
f 4049/4049/4049 4050/4050/4050 4047/4047/4047
f 4024/4024/4024 4033/4033/4033 4025/4025/4025
f 4026/4026/4026 4036/4036/4036 4027/4027/4027
f 4051/4051/4051 4052/4052/4052 4053/4053/4053
f 4054/4054/4054 4053/4053/4053 4052/4052/4052
f 4055/4055/4055 4056/4056/4056 4057/4057/4057
f 4053/4053/4053 4054/4054/4054 4058/4058/4058
f 4059/4059/4059 4060/4060/4060 4061/4061/4061
f 4062/4062/4062 4063/4063/4063 4064/4064/4064
f 3846/3846/3846 4065/4065/4065 4042/4042/4042
f 4066/4066/4066 4064/4064/4064 4063/4063/4063
f 4067/4067/4067 4068/4068/4068 4069/4069/4069
f 4065/4065/4065 3846/3846/3846 3847/3847/3847
f 4064/4064/4064 4066/4066/4066 4070/4070/4070
f 4066/4066/4066 4071/4071/4071 4070/4070/4070
f 4067/4067/4067 4072/4072/4072 4068/4068/4068
f 3839/3839/3839 4073/4073/4073 3840/3840/3840
f 3833/3833/3833 4074/4074/4074 3834/3834/3834
f 4075/4075/4075 4076/4076/4076 4077/4077/4077
f 4078/4078/4078 3834/3834/3834 4074/4074/4074
f 4077/4077/4077 4079/4079/4079 4075/4075/4075
f 3984/3984/3984 3983/3983/3983 4080/4080/4080
f 4081/4081/4081 4082/4082/4082 4083/4083/4083
f 3866/3866/3866 3872/3872/3872 4081/4081/4081
f 4083/4083/4083 3866/3866/3866 4081/4081/4081
f 4084/4084/4084 4017/4017/4017 4018/4018/4018
f 4085/4085/4085 4083/4083/4083 4082/4082/4082
f 4017/4017/4017 4084/4084/4084 4086/4086/4086
f 4082/4082/4082 4087/4087/4087 4085/4085/4085
f 4088/4088/4088 3884/3884/3884 3866/3866/3866
f 4083/4083/4083 4088/4088/4088 3866/3866/3866
f 4088/4088/4088 4083/4083/4083 4089/4089/4089
f 3935/3935/3935 4090/4090/4090 3936/3936/3936
f 4091/4091/4091 4092/4092/4092 4093/4093/4093
f 4094/4094/4094 4095/4095/4095 4096/4096/4096
f 4090/4090/4090 4097/4097/4097 3936/3936/3936
f 4095/4095/4095 4094/4094/4094 4098/4098/4098
f 4099/4099/4099 4100/4100/4100 4101/4101/4101
f 4102/4102/4102 4103/4103/4103 4104/4104/4104
f 4102/4102/4102 4104/4104/4104 4105/4105/4105
f 4106/4106/4106 4086/4086/4086 4084/4084/4084
f 4107/4107/4107 4108/4108/4108 4109/4109/4109
f 4059/4059/4059 4110/4110/4110 4060/4060/4060
f 4087/4087/4087 4111/4111/4111 4085/4085/4085
f 4112/4112/4112 4109/4109/4109 4108/4108/4108
f 4059/4059/4059 4113/4113/4113 4110/4110/4110
f 4114/4114/4114 4115/4115/4115 4116/4116/4116
f 4117/4117/4117 4118/4118/4118 4119/4119/4119
f 4119/4119/4119 4120/4120/4120 4117/4117/4117
f 4070/4070/4070 4071/4071/4071 4121/4121/4121
f 4122/4122/4122 4072/4072/4072 4123/4123/4123
f 4124/4124/4124 4125/4125/4125 4126/4126/4126
f 4127/4127/4127 4128/4128/4128 4129/4129/4129
f 4127/4127/4127 4129/4129/4129 4130/4130/4130
f 4127/4127/4127 4130/4130/4130 4131/4131/4131
f 4115/4115/4115 4132/4132/4132 4116/4116/4116
f 4133/4133/4133 4134/4134/4134 4135/4135/4135
f 4136/4136/4136 4137/4137/4137 4138/4138/4138
f 4139/4139/4139 3847/3847/3847 4140/4140/4140
f 4138/4138/4138 4141/4141/4141 4136/4136/4136
f 4072/4072/4072 4067/4067/4067 4123/4123/4123
f 4134/4134/4134 4125/4125/4125 4124/4124/4124
f 4136/4136/4136 4142/4142/4142 4137/4137/4137
f 4124/4124/4124 4135/4135/4135 4134/4134/4134
f 4142/4142/4142 4136/4136/4136 4143/4143/4143
f 4142/4142/4142 4143/4143/4143 4144/4144/4144
f 4145/4145/4145 4140/4140/4140 3847/3847/3847
f 4146/4146/4146 4145/4145/4145 3847/3847/3847
f 3848/3848/3848 4146/4146/4146 3847/3847/3847
f 4141/4141/4141 4147/4147/4147 4143/4143/4143
f 4143/4143/4143 4136/4136/4136 4141/4141/4141
f 4148/4148/4148 4149/4149/4149 4150/4150/4150
f 4149/4149/4149 4148/4148/4148 4151/4151/4151
f 4149/4149/4149 4151/4151/4151 4152/4152/4152
f 4153/4153/4153 4151/4151/4151 4148/4148/4148
f 4154/4154/4154 4152/4152/4152 4151/4151/4151
f 4155/4155/4155 4156/4156/4156 4157/4157/4157
f 4158/4158/4158 4157/4157/4157 4156/4156/4156
f 4157/4157/4157 4158/4158/4158 4159/4159/4159
f 4130/4130/4130 4160/4160/4160 4161/4161/4161
f 4161/4161/4161 4131/4131/4131 4130/4130/4130
f 4162/4162/4162 4159/4159/4159 4158/4158/4158
f 4158/4158/4158 4163/4163/4163 4162/4162/4162
f 4164/4164/4164 4161/4161/4161 4160/4160/4160
f 4165/4165/4165 4164/4164/4164 4160/4160/4160
f 4166/4166/4166 4118/4118/4118 4167/4167/4167
f 4167/4167/4167 4168/4168/4168 4166/4166/4166
f 4118/4118/4118 4166/4166/4166 4169/4169/4169
f 4169/4169/4169 4119/4119/4119 4118/4118/4118
f 4170/4170/4170 4166/4166/4166 4168/4168/4168
f 4166/4166/4166 4170/4170/4170 4171/4171/4171
f 4166/4166/4166 4171/4171/4171 4169/4169/4169
f 4172/4172/4172 4173/4173/4173 4174/4174/4174
f 4175/4175/4175 4172/4172/4172 4174/4174/4174
f 4176/4176/4176 4177/4177/4177 4178/4178/4178
f 4179/4179/4179 4180/4180/4180 4181/4181/4181
f 4177/4177/4177 4182/4182/4182 4178/4178/4178
f 4183/4183/4183 4184/4184/4184 4185/4185/4185
f 4180/4180/4180 4179/4179/4179 4186/4186/4186
f 4183/4183/4183 4187/4187/4187 4184/4184/4184
f 4188/4188/4188 4189/4189/4189 4169/4169/4169
f 4169/4169/4169 4171/4171/4171 4188/4188/4188
f 4187/4187/4187 4183/4183/4183 4190/4190/4190
f 4191/4191/4191 4192/4192/4192 4175/4175/4175
f 4193/4193/4193 4162/4162/4162 4163/4163/4163
f 4194/4194/4194 4186/4186/4186 4179/4179/4179
f 4162/4162/4162 4193/4193/4193 4195/4195/4195
f 4194/4194/4194 4196/4196/4196 4186/4186/4186
f 4103/4103/4103 4197/4197/4197 4104/4104/4104
f 4197/4197/4197 4198/4198/4198 4104/4104/4104
f 4175/4175/4175 4192/4192/4192 4172/4172/4172
f 4199/4199/4199 4104/4104/4104 4198/4198/4198
f 4196/4196/4196 4194/4194/4194 4200/4200/4200
f 4201/4201/4201 4202/4202/4202 4203/4203/4203
f 4198/4198/4198 4204/4204/4204 4199/4199/4199
f 4205/4205/4205 4105/4105/4105 4104/4104/4104
f 4206/4206/4206 4205/4205/4205 4104/4104/4104
f 4104/4104/4104 4199/4199/4199 4206/4206/4206
f 4207/4207/4207 4208/4208/4208 4209/4209/4209
f 4210/4210/4210 4211/4211/4211 4212/4212/4212
f 4213/4213/4213 4214/4214/4214 4215/4215/4215
f 4205/4205/4205 4216/4216/4216 4105/4105/4105
f 4076/4076/4076 4217/4217/4217 4077/4077/4077
f 3940/3940/3940 3941/3941/3941 4218/4218/4218
f 4217/4217/4217 4219/4219/4219 4077/4077/4077
f 4220/4220/4220 4218/4218/4218 3941/3941/3941
f 4216/4216/4216 4205/4205/4205 4221/4221/4221
f 4222/4222/4222 4223/4223/4223 4224/4224/4224
f 4225/4225/4225 4226/4226/4226 4227/4227/4227
f 4224/4224/4224 4228/4228/4228 4222/4222/4222
f 4229/4229/4229 4077/4077/4077 4219/4219/4219
f 4230/4230/4230 4231/4231/4231 4225/4225/4225
f 4227/4227/4227 4230/4230/4230 4225/4225/4225
f 4223/4223/4223 4222/4222/4222 4232/4232/4232
f 4233/4233/4233 4234/4234/4234 4235/4235/4235
f 4236/4236/4236 4237/4237/4237 4238/4238/4238
f 4235/4235/4235 4239/4239/4239 4233/4233/4233
f 4206/4206/4206 4221/4221/4221 4205/4205/4205
f 4240/4240/4240 4241/4241/4241 4242/4242/4242
f 4208/4208/4208 4207/4207/4207 4243/4243/4243
f 4206/4206/4206 4244/4244/4244 4221/4221/4221
f 4245/4245/4245 4246/4246/4246 4247/4247/4247
f 4248/4248/4248 4249/4249/4249 4250/4250/4250
f 4078/4078/4078 4251/4251/4251 3834/3834/3834
f 4252/4252/4252 4253/4253/4253 4254/4254/4254
f 4254/4254/4254 4253/4253/4253 4255/4255/4255
f 4256/4256/4256 4257/4257/4257 4258/4258/4258
f 4259/4259/4259 4260/4260/4260 4261/4261/4261
f 4258/4258/4258 4262/4262/4262 4256/4256/4256
f 4255/4255/4255 4263/4263/4263 4254/4254/4254
f 4264/4264/4264 4249/4249/4249 4265/4265/4265
f 4253/4253/4253 4252/4252/4252 4266/4266/4266
f 4264/4264/4264 4265/4265/4265 4267/4267/4267
f 4249/4249/4249 4248/4248/4248 4265/4265/4265
f 4268/4268/4268 4258/4258/4258 4257/4257/4257
f 4269/4269/4269 4270/4270/4270 4271/4271/4271
f 4272/4272/4272 4269/4269/4269 4271/4271/4271
f 4273/4273/4273 4274/4274/4274 4275/4275/4275
f 4276/4276/4276 4273/4273/4273 4275/4275/4275
f 4260/4260/4260 4259/4259/4259 4277/4277/4277
f 4278/4278/4278 4279/4279/4279 4280/4280/4280
f 4277/4277/4277 4281/4281/4281 4260/4260/4260
f 4258/4258/4258 4282/4282/4282 4262/4262/4262
f 4282/4282/4282 4258/4258/4258 4283/4283/4283
f 4284/4284/4284 4285/4285/4285 4286/4286/4286
f 4287/4287/4287 4285/4285/4285 4284/4284/4284
f 4288/4288/4288 4289/4289/4289 4290/4290/4290
f 4291/4291/4291 4288/4288/4288 4290/4290/4290
f 4292/4292/4292 4291/4291/4291 4290/4290/4290
f 4290/4290/4290 4293/4293/4293 4292/4292/4292
f 4294/4294/4294 4286/4286/4286 4285/4285/4285
f 4285/4285/4285 4287/4287/4287 4295/4295/4295
f 4285/4285/4285 4295/4295/4295 4296/4296/4296
f 4285/4285/4285 4296/4296/4296 4297/4297/4297
f 4297/4297/4297 4294/4294/4294 4285/4285/4285
f 4287/4287/4287 4298/4298/4298 4295/4295/4295
f 4299/4299/4299 4300/4300/4300 4301/4301/4301
f 4300/4300/4300 4299/4299/4299 4302/4302/4302
f 4303/4303/4303 4302/4302/4302 4299/4299/4299
f 4292/4292/4292 4304/4304/4304 4291/4291/4291
f 4302/4302/4302 4303/4303/4303 4305/4305/4305
f 4306/4306/4306 1442/1442/1442 1433/1433/1433
f 4307/4307/4307 4306/4306/4306 1433/1433/1433
f 4302/4302/4302 4305/4305/4305 4308/4308/4308
f 4304/4304/4304 4292/4292/4292 4309/4309/4309
f 4310/4310/4310 1441/1441/1441 1443/1443/1443
f 4311/4311/4311 4310/4310/4310 1443/1443/1443
f 4312/4312/4312 4313/4313/4313 4314/4314/4314
f 4314/4314/4314 4315/4315/4315 4312/4312/4312
f 4316/4316/4316 4306/4306/4306 4317/4317/4317
f 4317/4317/4317 4306/4306/4306 4307/4307/4307
f 4318/4318/4318 4316/4316/4316 4317/4317/4317
f 4317/4317/4317 4307/4307/4307 4318/4318/4318
f 4319/4319/4319 4320/4320/4320 4321/4321/4321
f 4322/4322/4322 4323/4323/4323 4324/4324/4324
f 4325/4325/4325 4326/4326/4326 4327/4327/4327
f 4328/4328/4328 4329/4329/4329 4330/4330/4330
f 4331/4331/4331 4323/4323/4323 4332/4332/4332
f 4323/4323/4323 4331/4331/4331 4324/4324/4324
f 4333/4333/4333 4324/4324/4324 4331/4331/4331
f 4316/4316/4316 4318/4318/4318 4334/4334/4334
f 4331/4331/4331 4335/4335/4335 4333/4333/4333
f 4336/4336/4336 4327/4327/4327 4326/4326/4326
f 4337/4337/4337 4336/4336/4336 4326/4326/4326
f 4329/4329/4329 4338/4338/4338 4330/4330/4330
f 4336/4336/4336 4337/4337/4337 4339/4339/4339
f 4340/4340/4340 4341/4341/4341 4342/4342/4342
f 4343/4343/4343 4344/4344/4344 4345/4345/4345
f 4346/4346/4346 4343/4343/4343 4345/4345/4345
f 4347/4347/4347 4348/4348/4348 4349/4349/4349
f 4293/4293/4293 4350/4350/4350 4351/4351/4351
f 4349/4349/4349 4352/4352/4352 4347/4347/4347
f 4293/4293/4293 4351/4351/4351 4292/4292/4292
f 4353/4353/4353 4354/4354/4354 4355/4355/4355
f 4355/4355/4355 4274/4274/4274 4353/4353/4353
f 4356/4356/4356 4357/4357/4357 4358/4358/4358
f 4309/4309/4309 4351/4351/4351 4359/4359/4359
f 4360/4360/4360 4361/4361/4361 4362/4362/4362
f 4363/4363/4363 4309/4309/4309 4359/4359/4359
f 4364/4364/4364 4365/4365/4365 4366/4366/4366
f 4367/4367/4367 4354/4354/4354 4353/4353/4353
f 4367/4367/4367 4353/4353/4353 4368/4368/4368
f 4309/4309/4309 4292/4292/4292 4351/4351/4351
f 4305/4305/4305 4369/4369/4369 4308/4308/4308
f 4365/4365/4365 4364/4364/4364 4370/4370/4370
f 4371/4371/4371 4308/4308/4308 4369/4369/4369
f 4274/4274/4274 4273/4273/4273 4353/4353/4353
f 4372/4372/4372 4353/4353/4353 4273/4273/4273
f 4373/4373/4373 4374/4374/4374 4375/4375/4375
f 4372/4372/4372 4368/4368/4368 4353/4353/4353
f 4368/4368/4368 4372/4372/4372 4376/4376/4376
f 4377/4377/4377 4370/4370/4370 4364/4364/4364
f 4378/4378/4378 4377/4377/4377 4364/4364/4364
f 4379/4379/4379 4378/4378/4378 4364/4364/4364
f 4374/4374/4374 4373/4373/4373 4380/4380/4380
f 4381/4381/4381 4382/4382/4382 4383/4383/4383
f 4384/4384/4384 4385/4385/4385 4386/4386/4386
f 4387/4387/4387 4334/4334/4334 4318/4318/4318
f 4318/4318/4318 4388/4388/4388 4389/4389/4389
f 4318/4318/4318 4389/4389/4389 4390/4390/4390
f 4318/4318/4318 4390/4390/4390 4387/4387/4387
f 4391/4391/4391 4333/4333/4333 4335/4335/4335
f 4392/4392/4392 4389/4389/4389 4388/4388/4388
f 4393/4393/4393 4390/4390/4390 4389/4389/4389
f 4389/4389/4389 4392/4392/4392 4394/4394/4394
f 4389/4389/4389 4394/4394/4394 4393/4393/4393
f 4395/4395/4395 4396/4396/4396 4397/4397/4397
f 4398/4398/4398 4399/4399/4399 4400/4400/4400
f 4400/4400/4400 4401/4401/4401 4398/4398/4398
f 4341/4341/4341 4402/4402/4402 4342/4342/4342
f 4403/4403/4403 4387/4387/4387 4390/4390/4390
f 4390/4390/4390 4393/4393/4393 4403/4403/4403
f 4401/4401/4401 4400/4400/4400 4404/4404/4404
f 4401/4401/4401 4404/4404/4404 4405/4405/4405
f 4402/4402/4402 4406/4406/4406 4342/4342/4342
f 4407/4407/4407 4393/4393/4393 4394/4394/4394
f 4408/4408/4408 4409/4409/4409 4410/4410/4410
f 4379/4379/4379 4411/4411/4411 4378/4378/4378
f 4412/4412/4412 4403/4403/4403 4393/4393/4393
f 4407/4407/4407 4412/4412/4412 4393/4393/4393
f 4403/4403/4403 4412/4412/4412 4413/4413/4413
f 4414/4414/4414 4413/4413/4413 4412/4412/4412
f 4412/4412/4412 4407/4407/4407 4414/4414/4414
f 4415/4415/4415 4416/4416/4416 4417/4417/4417
f 4418/4418/4418 4415/4415/4415 4417/4417/4417
f 4419/4419/4419 4420/4420/4420 4421/4421/4421
f 4422/4422/4422 4423/4423/4423 4424/4424/4424
f 4425/4425/4425 4426/4426/4426 4427/4427/4427
f 4428/4428/4428 4429/4429/4429 4430/4430/4430
f 4431/4431/4431 4432/4432/4432 4433/4433/4433
f 4434/4434/4434 4435/4435/4435 4436/4436/4436
f 4437/4437/4437 4427/4427/4427 4426/4426/4426
f 4406/4406/4406 4438/4438/4438 4342/4342/4342
f 4415/4415/4415 4418/4418/4418 4439/4439/4439
f 4439/4439/4439 4440/4440/4440 4415/4415/4415
f 4441/4441/4441 4442/4442/4442 4443/4443/4443
f 4444/4444/4444 4342/4342/4342 4438/4438/4438
f 4445/4445/4445 4444/4444/4444 4438/4438/4438
f 4427/4427/4427 4420/4420/4420 4446/4446/4446
f 4427/4427/4427 4421/4421/4421 4420/4420/4420
f 4421/4421/4421 4427/4427/4427 4447/4447/4447
f 4439/4439/4439 4448/4448/4448 4440/4440/4440
f 4442/4442/4442 4449/4449/4449 4443/4443/4443
f 4450/4450/4450 4451/4451/4451 4452/4452/4452
f 4449/4449/4449 4453/4453/4453 4454/4454/4454
f 4448/4448/4448 4439/4439/4439 4455/4455/4455
f 4452/4452/4452 4456/4456/4456 4450/4450/4450
f 4454/4454/4454 4443/4443/4443 4449/4449/4449
f 4451/4451/4451 4450/4450/4450 4457/4457/4457
f 4453/4453/4453 4458/4458/4458 4454/4454/4454
f 4459/4459/4459 4460/4460/4460 4461/4461/4461
f 4460/4460/4460 4459/4459/4459 4462/4462/4462
f 4460/4460/4460 4462/4462/4462 4463/4463/4463
f 4464/4464/4464 4463/4463/4463 4462/4462/4462
f 4263/4263/4263 4255/4255/4255 4465/4465/4465
f 4263/4263/4263 4465/4465/4465 4466/4466/4466
f 4467/4467/4467 4468/4468/4468 4469/4469/4469
f 4470/4470/4470 4471/4471/4471 4472/4472/4472
f 4473/4473/4473 4474/4474/4474 4475/4475/4475
f 4475/4475/4475 4476/4476/4476 4473/4473/4473
f 4477/4477/4477 4478/4478/4478 4479/4479/4479
f 4480/4480/4480 4481/4481/4481 4482/4482/4482
f 4483/4483/4483 4484/4484/4484 4485/4485/4485
f 4468/4468/4468 4486/4486/4486 4480/4480/4480
f 4485/4485/4485 4487/4487/4487 4483/4483/4483
f 4469/4469/4469 4468/4468/4468 4480/4480/4480
f 4488/4488/4488 4469/4469/4469 4480/4480/4480
f 4489/4489/4489 4488/4488/4488 4480/4480/4480
f 4490/4490/4490 4489/4489/4489 4480/4480/4480
f 4482/4482/4482 4490/4490/4490 4480/4480/4480
f 4478/4478/4478 4477/4477/4477 4491/4491/4491
f 4492/4492/4492 4493/4493/4493 4478/4478/4478
f 4478/4478/4478 4491/4491/4491 4492/4492/4492
f 4494/4494/4494 4495/4495/4495 4496/4496/4496
f 4496/4496/4496 4497/4497/4497 4494/4494/4494
f 4498/4498/4498 4475/4475/4475 4474/4474/4474
f 4474/4474/4474 4499/4499/4499 4498/4498/4498
f 4468/4468/4468 4500/4500/4500 4486/4486/4486
f 4487/4487/4487 4501/4501/4501 4483/4483/4483
f 4502/4502/4502 4503/4503/4503 4500/4500/4500
f 4504/4504/4504 4505/4505/4505 4506/4506/4506
f 4500/4500/4500 4468/4468/4468 4502/4502/4502
f 4507/4507/4507 4483/4483/4483 4501/4501/4501
f 4502/4502/4502 4508/4508/4508 4503/4503/4503
f 4509/4509/4509 4510/4510/4510 4511/4511/4511
f 4512/4512/4512 4513/4513/4513 4514/4514/4514
f 4510/4510/4510 4475/4475/4475 4515/4515/4515
f 4516/4516/4516 4511/4511/4511 4510/4510/4510
f 4517/4517/4517 4518/4518/4518 4519/4519/4519
f 4510/4510/4510 4515/4515/4515 4520/4520/4520
f 4521/4521/4521 4522/4522/4522 4523/4523/4523
f 4524/4524/4524 4525/4525/4525 4526/4526/4526
f 4527/4527/4527 4528/4528/4528 4529/4529/4529
f 4530/4530/4530 4531/4531/4531 4532/4532/4532
f 4533/4533/4533 4534/4534/4534 4535/4535/4535
f 4475/4475/4475 4498/4498/4498 4536/4536/4536
f 4475/4475/4475 4536/4536/4536 4537/4537/4537
f 4475/4475/4475 4537/4537/4537 4515/4515/4515
f 4495/4495/4495 4538/4538/4538 4496/4496/4496
f 4539/4539/4539 4540/4540/4540 4538/4538/4538
f 4538/4538/4538 4540/4540/4540 4496/4496/4496
f 4540/4540/4540 4539/4539/4539 4541/4541/4541
f 4540/4540/4540 4541/4541/4541 4542/4542/4542
f 4543/4543/4543 4496/4496/4496 4540/4540/4540
f 4542/4542/4542 4543/4543/4543 4540/4540/4540
f 4511/4511/4511 4516/4516/4516 4544/4544/4544
f 4520/4520/4520 4544/4544/4544 4516/4516/4516
f 4520/4520/4520 4545/4545/4545 4544/4544/4544
f 4544/4544/4544 4545/4545/4545 4546/4546/4546
f 4380/4380/4380 4373/4373/4373 4547/4547/4547
f 4548/4548/4548 4549/4549/4549 4281/4281/4281
f 4281/4281/4281 4277/4277/4277 4548/4548/4548
f 4549/4549/4549 4548/4548/4548 4550/4550/4550
f 4549/4549/4549 4550/4550/4550 4551/4551/4551
f 4277/4277/4277 4552/4552/4552 4548/4548/4548
f 4553/4553/4553 4554/4554/4554 4555/4555/4555
f 4556/4556/4556 4557/4557/4557 4558/4558/4558
f 4554/4554/4554 4553/4553/4553 4559/4559/4559
f 4560/4560/4560 4561/4561/4561 4562/4562/4562
f 4563/4563/4563 4564/4564/4564 4565/4565/4565
f 4563/4563/4563 4566/4566/4566 4564/4564/4564
f 4566/4566/4566 4563/4563/4563 4567/4567/4567
f 4568/4568/4568 4569/4569/4569 4570/4570/4570
f 4563/4563/4563 4571/4571/4571 4567/4567/4567
f 4572/4572/4572 4573/4573/4573 4574/4574/4574
f 4573/4573/4573 4572/4572/4572 4575/4575/4575
f 4569/4569/4569 4576/4576/4576 4543/4543/4543
f 4543/4543/4543 4570/4570/4570 4569/4569/4569
f 4496/4496/4496 4576/4576/4576 4497/4497/4497
f 4576/4576/4576 4496/4496/4496 4543/4543/4543
f 4570/4570/4570 4543/4543/4543 4577/4577/4577
f 4578/4578/4578 4435/4435/4435 4579/4579/4579
f 4542/4542/4542 4580/4580/4580 4543/4543/4543
f 4578/4578/4578 4436/4436/4436 4435/4435/4435
f 4581/4581/4581 4447/4447/4447 4427/4427/4427
f 4427/4427/4427 4437/4437/4437 4582/4582/4582
f 4427/4427/4427 4582/4582/4582 4581/4581/4581
f 4578/4578/4578 4583/4583/4583 4436/4436/4436
f 4437/4437/4437 4584/4584/4584 4585/4585/4585
f 4585/4585/4585 4582/4582/4582 4437/4437/4437
f 4583/4583/4583 4578/4578/4578 4586/4586/4586
f 4587/4587/4587 4585/4585/4585 4584/4584/4584
f 4578/4578/4578 4588/4588/4588 4589/4589/4589
f 4589/4589/4589 4586/4586/4586 4578/4578/4578
f 4585/4585/4585 4581/4581/4581 4582/4582/4582
f 4581/4581/4581 4585/4585/4585 4590/4590/4590
f 4591/4591/4591 4590/4590/4590 4585/4585/4585
f 4585/4585/4585 4587/4587/4587 4592/4592/4592
f 4592/4592/4592 4591/4591/4591 4585/4585/4585
f 4590/4590/4590 4591/4591/4591 4593/4593/4593
f 4594/4594/4594 4457/4457/4457 4450/4450/4450
f 4595/4595/4595 4596/4596/4596 4597/4597/4597
f 4598/4598/4598 4599/4599/4599 4600/4600/4600
f 4601/4601/4601 4602/4602/4602 4603/4603/4603
f 4603/4603/4603 4602/4602/4602 4604/4604/4604
f 4605/4605/4605 4606/4606/4606 4607/4607/4607
f 4600/4600/4600 4608/4608/4608 4598/4598/4598
f 4609/4609/4609 4610/4610/4610 4611/4611/4611
f 4612/4612/4612 4613/4613/4613 4614/4614/4614
f 4615/4615/4615 4616/4616/4616 4617/4617/4617
f 4618/4618/4618 4619/4619/4619 4620/4620/4620
f 4621/4621/4621 4622/4622/4622 4623/4623/4623
f 4624/4624/4624 4625/4625/4625 4626/4626/4626
f 4624/4624/4624 4626/4626/4626 4627/4627/4627
f 4628/4628/4628 4629/4629/4629 4630/4630/4630
f 4631/4631/4631 4632/4632/4632 4633/4633/4633
f 4623/4623/4623 4622/4622/4622 4631/4631/4631
f 4633/4633/4633 4623/4623/4623 4631/4631/4631
f 4634/4634/4634 4635/4635/4635 4636/4636/4636
f 4636/4636/4636 4637/4637/4637 4634/4634/4634
f 4638/4638/4638 4639/4639/4639 4640/4640/4640
f 4641/4641/4641 4627/4627/4627 4626/4626/4626
f 4627/4627/4627 4641/4641/4641 4642/4642/4642
f 4643/4643/4643 4644/4644/4644 4645/4645/4645
f 4646/4646/4646 4647/4647/4647 4648/4648/4648
f 4649/4649/4649 4650/4650/4650 4651/4651/4651
f 4649/4649/4649 4651/4651/4651 4652/4652/4652
f 4653/4653/4653 4654/4654/4654 4644/4644/4644
f 4644/4644/4644 4654/4654/4654 4645/4645/4645
f 4655/4655/4655 4656/4656/4656 4657/4657/4657
f 4647/4647/4647 4646/4646/4646 4658/4658/4658
f 4641/4641/4641 4659/4659/4659 4642/4642/4642
f 4638/4638/4638 4660/4660/4660 4639/4639/4639
f 4653/4653/4653 4661/4661/4661 4654/4654/4654
f 4662/4662/4662 4663/4663/4663 4664/4664/4664
f 4665/4665/4665 4650/4650/4650 4666/4666/4666
f 4664/4664/4664 4667/4667/4667 4662/4662/4662
f 4661/4661/4661 4653/4653/4653 4668/4668/4668
f 4663/4663/4663 4669/4669/4669 4664/4664/4664
f 4670/4670/4670 4642/4642/4642 4659/4659/4659
f 4671/4671/4671 4670/4670/4670 4659/4659/4659
f 4672/4672/4672 4673/4673/4673 4674/4674/4674
f 4672/4672/4672 4674/4674/4674 4675/4675/4675
f 4676/4676/4676 4677/4677/4677 4678/4678/4678
f 4677/4677/4677 4679/4679/4679 4678/4678/4678
f 4680/4680/4680 4681/4681/4681 4682/4682/4682
f 4671/4671/4671 4683/4683/4683 4670/4670/4670
f 4684/4684/4684 4685/4685/4685 4686/4686/4686
f 4687/4687/4687 4688/4688/4688 4689/4689/4689
f 4690/4690/4690 4687/4687/4687 4689/4689/4689
f 4681/4681/4681 4680/4680/4680 4691/4691/4691
f 4692/4692/4692 4668/4668/4668 4653/4653/4653
f 4693/4693/4693 4694/4694/4694 4656/4656/4656
f 4656/4656/4656 4655/4655/4655 4695/4695/4695
f 4656/4656/4656 4695/4695/4695 4693/4693/4693
f 4668/4668/4668 4692/4692/4692 4696/4696/4696
f 4697/4697/4697 4664/4664/4664 4669/4669/4669
f 4675/4675/4675 4698/4698/4698 4699/4699/4699
f 4693/4693/4693 4700/4700/4700 4694/4694/4694
f 4701/4701/4701 4702/4702/4702 4703/4703/4703
f 4692/4692/4692 4704/4704/4704 4696/4696/4696
f 4703/4703/4703 4705/4705/4705 4701/4701/4701
f 4665/4665/4665 4651/4651/4651 4650/4650/4650
f 4706/4706/4706 4707/4707/4707 4708/4708/4708
f 4707/4707/4707 4706/4706/4706 4709/4709/4709
f 4710/4710/4710 4711/4711/4711 4712/4712/4712
f 4713/4713/4713 4714/4714/4714 4715/4715/4715
f 4716/4716/4716 4717/4717/4717 4718/4718/4718
f 4719/4719/4719 4720/4720/4720 4721/4721/4721
f 4719/4719/4719 4721/4721/4721 4722/4722/4722
f 4722/4722/4722 4723/4723/4723 4719/4719/4719
f 4718/4718/4718 4724/4724/4724 4716/4716/4716
f 4711/4711/4711 4710/4710/4710 4725/4725/4725
f 4714/4714/4714 4726/4726/4726 4727/4727/4727
f 4728/4728/4728 4729/4729/4729 4730/4730/4730
f 4727/4727/4727 4715/4715/4715 4714/4714/4714
f 4730/4730/4730 4731/4731/4731 4728/4728/4728
f 4732/4732/4732 4727/4727/4727 4726/4726/4726
f 4728/4728/4728 4733/4733/4733 4729/4729/4729
f 4734/4734/4734 4735/4735/4735 4736/4736/4736
f 4737/4737/4737 4738/4738/4738 4734/4734/4734
f 4736/4736/4736 4737/4737/4737 4734/4734/4734
f 4710/4710/4710 4739/4739/4739 4725/4725/4725
f 4732/4732/4732 4740/4740/4740 4727/4727/4727
f 4735/4735/4735 4741/4741/4741 4736/4736/4736
f 4742/4742/4742 4725/4725/4725 4739/4739/4739
f 4743/4743/4743 4742/4742/4742 4739/4739/4739
f 4698/4698/4698 4675/4675/4675 4744/4744/4744
f 4739/4739/4739 4745/4745/4745 4743/4743/4743
f 4740/4740/4740 4732/4732/4732 4746/4746/4746
f 4747/4747/4747 4744/4744/4744 4748/4748/4748
f 4749/4749/4749 4736/4736/4736 4741/4741/4741
f 4700/4700/4700 4693/4693/4693 4750/4750/4750
f 4751/4751/4751 4752/4752/4752 4753/4753/4753
f 4754/4754/4754 4755/4755/4755 4756/4756/4756
f 4757/4757/4757 4753/4753/4753 4752/4752/4752
f 4754/4754/4754 4758/4758/4758 4755/4755/4755
f 4759/4759/4759 4760/4760/4760 4761/4761/4761
f 4762/4762/4762 4763/4763/4763 4733/4733/4733
f 4764/4764/4764 4746/4746/4746 4732/4732/4732
f 4761/4761/4761 4765/4765/4765 4759/4759/4759
f 4733/4733/4733 4728/4728/4728 4762/4762/4762
f 4766/4766/4766 4767/4767/4767 4768/4768/4768
f 4763/4763/4763 4762/4762/4762 4769/4769/4769
f 4770/4770/4770 4522/4522/4522 4521/4521/4521
f 4771/4771/4771 4772/4772/4772 4773/4773/4773
f 4774/4774/4774 4775/4775/4775 4776/4776/4776
f 4525/4525/4525 4777/4777/4777 4526/4526/4526
f 4778/4778/4778 4779/4779/4779 4780/4780/4780
f 4772/4772/4772 4771/4771/4771 4781/4781/4781
f 4780/4780/4780 4782/4782/4782 4778/4778/4778
f 4783/4783/4783 4526/4526/4526 4777/4777/4777
f 4779/4779/4779 4778/4778/4778 4784/4784/4784
f 4779/4779/4779 4784/4784/4784 4785/4785/4785
f 4786/4786/4786 4787/4787/4787 4788/4788/4788
f 4789/4789/4789 4620/4620/4620 4619/4619/4619
f 4788/4788/4788 4790/4790/4790 4786/4786/4786
f 4791/4791/4791 4776/4776/4776 4775/4775/4775
f 4792/4792/4792 4793/4793/4793 4794/4794/4794
f 4793/4793/4793 4795/4795/4795 4794/4794/4794
f 4534/4534/4534 4533/4533/4533 4796/4796/4796
f 4797/4797/4797 4798/4798/4798 4799/4799/4799
f 4799/4799/4799 4800/4800/4800 4797/4797/4797
f 4801/4801/4801 4796/4796/4796 4533/4533/4533
f 4802/4802/4802 4801/4801/4801 4533/4533/4533
f 4783/4783/4783 4803/4803/4803 4526/4526/4526
f 4804/4804/4804 4799/4799/4799 4798/4798/4798
f 4799/4799/4799 4804/4804/4804 4805/4805/4805
f 4806/4806/4806 4807/4807/4807 4808/4808/4808
f 4801/4801/4801 4802/4802/4802 4809/4809/4809
f 4801/4801/4801 4809/4809/4809 4810/4810/4810
f 4811/4811/4811 4812/4812/4812 4813/4813/4813
f 4808/4808/4808 4814/4814/4814 4806/4806/4806
f 4801/4801/4801 4810/4810/4810 4815/4815/4815
f 4816/4816/4816 4817/4817/4817 4818/4818/4818
f 4819/4819/4819 4820/4820/4820 4821/4821/4821
f 4822/4822/4822 4823/4823/4823 4824/4824/4824
f 4825/4825/4825 4826/4826/4826 4827/4827/4827
f 4828/4828/4828 4829/4829/4829 4830/4830/4830
f 4826/4826/4826 4825/4825/4825 4831/4831/4831
f 4826/4826/4826 4832/4832/4832 4833/4833/4833
f 4831/4831/4831 4832/4832/4832 4826/4826/4826
f 4829/4829/4829 4828/4828/4828 4834/4834/4834
f 4835/4835/4835 4836/4836/4836 4837/4837/4837
f 4837/4837/4837 4838/4838/4838 4835/4835/4835
f 4828/4828/4828 4839/4839/4839 4834/4834/4834
f 4840/4840/4840 4836/4836/4836 4841/4841/4841
f 4842/4842/4842 4843/4843/4843 4844/4844/4844
f 4845/4845/4845 4846/4846/4846 4841/4841/4841
f 4841/4841/4841 4846/4846/4846 4840/4840/4840
f 4840/4840/4840 4837/4837/4837 4836/4836/4836
f 4847/4847/4847 4815/4815/4815 4848/4848/4848
f 4847/4847/4847 4848/4848/4848 4849/4849/4849
f 4847/4847/4847 4849/4849/4849 4850/4850/4850
f 4847/4847/4847 4674/4674/4674 4851/4851/4851
f 4675/4675/4675 4674/4674/4674 4847/4847/4847
f 4744/4744/4744 4675/4675/4675 4847/4847/4847
f 4850/4850/4850 4744/4744/4744 4847/4847/4847
f 4852/4852/4852 4810/4810/4810 4853/4853/4853
f 4853/4853/4853 4854/4854/4854 4852/4852/4852
f 4855/4855/4855 4815/4815/4815 4810/4810/4810
f 4810/4810/4810 4852/4852/4852 4855/4855/4855
f 4856/4856/4856 4848/4848/4848 4815/4815/4815
f 4815/4815/4815 4855/4855/4855 4856/4856/4856
f 4857/4857/4857 4858/4858/4858 4859/4859/4859
f 4860/4860/4860 4861/4861/4861 4862/4862/4862
f 4863/4863/4863 4864/4864/4864 4865/4865/4865
f 4866/4866/4866 4867/4867/4867 4868/4868/4868
f 4869/4869/4869 4870/4870/4870 4871/4871/4871
f 4860/4860/4860 4872/4872/4872 4861/4861/4861
f 4873/4873/4873 4874/4874/4874 4875/4875/4875
f 4875/4875/4875 4874/4874/4874 4876/4876/4876
f 4877/4877/4877 4850/4850/4850 4849/4849/4849
f 4789/4789/4789 4878/4878/4878 4620/4620/4620
f 4879/4879/4879 4880/4880/4880 4878/4878/4878
f 4878/4878/4878 4789/4789/4789 4881/4881/4881
f 4878/4878/4878 4881/4881/4881 4879/4879/4879
f 4790/4790/4790 4788/4788/4788 4882/4882/4882
f 4883/4883/4883 4882/4882/4882 4788/4788/4788
f 4884/4884/4884 4885/4885/4885 4886/4886/4886
f 4887/4887/4887 4888/4888/4888 4889/4889/4889
f 4890/4890/4890 4891/4891/4891 4892/4892/4892
f 4890/4890/4890 4892/4892/4892 4893/4893/4893
f 4886/4886/4886 4885/4885/4885 4894/4894/4894
f 4705/4705/4705 4703/4703/4703 4895/4895/4895
f 4896/4896/4896 4897/4897/4897 4898/4898/4898
f 4899/4899/4899 4900/4900/4900 4901/4901/4901
f 4902/4902/4902 4899/4899/4899 4901/4901/4901
f 4903/4903/4903 4902/4902/4902 4901/4901/4901
f 4904/4904/4904 4903/4903/4903 4901/4901/4901
f 4905/4905/4905 4906/4906/4906 4907/4907/4907
f 4908/4908/4908 4909/4909/4909 4910/4910/4910
f 4911/4911/4911 4908/4908/4908 4910/4910/4910
f 4907/4907/4907 4912/4912/4912 4905/4905/4905
f 4906/4906/4906 4900/4900/4900 4907/4907/4907
f 4900/4900/4900 4899/4899/4899 4913/4913/4913
f 4913/4913/4913 4907/4907/4907 4900/4900/4900
f 4914/4914/4914 4915/4915/4915 4916/4916/4916
f 4917/4917/4917 4918/4918/4918 4914/4914/4914
f 4916/4916/4916 4917/4917/4917 4914/4914/4914
f 4915/4915/4915 4919/4919/4919 4916/4916/4916
f 4919/4919/4919 4920/4920/4920 4921/4921/4921
f 4919/4919/4919 4921/4921/4921 4916/4916/4916
f 4922/4922/4922 4748/4748/4748 4744/4744/4744
f 4850/4850/4850 4922/4922/4922 4744/4744/4744
f 4923/4923/4923 4924/4924/4924 4925/4925/4925
f 4926/4926/4926 4927/4927/4927 4928/4928/4928
f 4909/4909/4909 4929/4929/4929 4924/4924/4924
f 4924/4924/4924 4929/4929/4929 4925/4925/4925
f 4929/4929/4929 4909/4909/4909 4908/4908/4908
f 4930/4930/4930 4931/4931/4931 4932/4932/4932
f 4933/4933/4933 4934/4934/4934 4935/4935/4935
f 4932/4932/4932 4936/4936/4936 4930/4930/4930
f 4937/4937/4937 4938/4938/4938 4939/4939/4939
f 4931/4931/4931 4940/4940/4940 4932/4932/4932
f 4941/4941/4941 4942/4942/4942 4943/4943/4943
f 4944/4944/4944 4941/4941/4941 4943/4943/4943
f 4945/4945/4945 4946/4946/4946 4936/4936/4936
f 4936/4936/4936 4932/4932/4932 4947/4947/4947
f 4936/4936/4936 4947/4947/4947 4945/4945/4945
f 4948/4948/4948 4928/4928/4928 4927/4927/4927
f 4949/4949/4949 4950/4950/4950 4951/4951/4951
f 4952/4952/4952 4953/4953/4953 4954/4954/4954
f 4954/4954/4954 4955/4955/4955 4952/4952/4952
f 4953/4953/4953 4952/4952/4952 4956/4956/4956
f 4942/4942/4942 4941/4941/4941 4957/4957/4957
f 4958/4958/4958 4959/4959/4959 4960/4960/4960
f 4960/4960/4960 4961/4961/4961 4958/4958/4958
f 4959/4959/4959 4962/4962/4962 4960/4960/4960
f 4963/4963/4963 4964/4964/4964 4965/4965/4965
f 4966/4966/4966 4967/4967/4967 4968/4968/4968
f 4964/4964/4964 4963/4963/4963 4869/4869/4869
f 4940/4940/4940 4969/4969/4969 4932/4932/4932
f 4970/4970/4970 4932/4932/4932 4969/4969/4969
f 4971/4971/4971 4947/4947/4947 4932/4932/4932
f 4972/4972/4972 4973/4973/4973 4974/4974/4974
f 4971/4971/4971 4975/4975/4975 4947/4947/4947
f 4976/4976/4976 4977/4977/4977 4978/4978/4978
f 4978/4978/4978 4979/4979/4979 4976/4976/4976
f 4975/4975/4975 4971/4971/4971 4980/4980/4980
f 4975/4975/4975 4980/4980/4980 4981/4981/4981
f 4981/4981/4981 4982/4982/4982 4975/4975/4975
f 4973/4973/4973 4983/4983/4983 4974/4974/4974
f 4984/4984/4984 4974/4974/4974 4983/4983/4983
f 4983/4983/4983 4985/4985/4985 4984/4984/4984
f 4984/4984/4984 4986/4986/4986 4974/4974/4974
f 4987/4987/4987 4988/4988/4988 4989/4989/4989
f 4984/4984/4984 4990/4990/4990 4986/4986/4986
f 4991/4991/4991 4992/4992/4992 4993/4993/4993
f 4994/4994/4994 4995/4995/4995 4996/4996/4996
f 4997/4997/4997 4998/4998/4998 4999/4999/4999
f 4996/4996/4996 5000/5000/5000 4994/4994/4994
f 5001/5001/5001 5002/5002/5002 5003/5003/5003
f 5002/5002/5002 5004/5004/5004 5005/5005/5005
f 5005/5005/5005 5003/5003/5003 5002/5002/5002
f 5004/5004/5004 5006/5006/5006 5005/5005/5005
f 5006/5006/5006 5007/5007/5007 5005/5005/5005
f 5008/5008/5008 5009/5009/5009 5010/5010/5010
f 5011/5011/5011 5012/5012/5012 5013/5013/5013
f 5013/5013/5013 5012/5012/5012 5014/5014/5014
f 5015/5015/5015 5016/5016/5016 5017/5017/5017
f 5009/5009/5009 5008/5008/5008 5018/5018/5018
f 5017/5017/5017 5019/5019/5019 5015/5015/5015
f 5020/5020/5020 5021/5021/5021 5022/5022/5022
f 5023/5023/5023 4892/4892/4892 4891/4891/4891
f 5021/5021/5021 5020/5020/5020 5024/5024/5024
f 4891/4891/4891 5025/5025/5025 5023/5023/5023
f 5026/5026/5026 5027/5027/5027 5028/5028/5028
f 5028/5028/5028 5027/5027/5027 5029/5029/5029
f 4921/4921/4921 4920/4920/4920 5030/5030/5030
f 5031/5031/5031 5032/5032/5032 5033/5033/5033
f 5033/5033/5033 5034/5034/5034 5031/5031/5031
f 5035/5035/5035 5029/5029/5029 5027/5027/5027
f 5036/5036/5036 5037/5037/5037 5038/5038/5038
f 5035/5035/5035 5039/5039/5039 5029/5029/5029
f 5040/5040/5040 5038/5038/5038 5037/5037/5037
f 5041/5041/5041 5042/5042/5042 5043/5043/5043
f 5033/5033/5033 4985/4985/4985 5034/5034/5034
f 4985/4985/4985 5033/5033/5033 5044/5044/5044
f 5044/5044/5044 4984/4984/4984 4985/4985/4985
f 5038/5038/5038 5040/5040/5040 5045/5045/5045
f 5038/5038/5038 5045/5045/5045 5046/5046/5046
f 5046/5046/5046 5047/5047/5047 5038/5038/5038
f 5020/5020/5020 5048/5048/5048 5024/5024/5024
f 5049/5049/5049 5024/5024/5024 5048/5048/5048
f 5024/5024/5024 5049/5049/5049 5050/5050/5050
f 5025/5025/5025 5051/5051/5051 5052/5052/5052
f 5053/5053/5053 5051/5051/5051 5025/5025/5025
f 5054/5054/5054 5023/5023/5023 5025/5025/5025
f 5052/5052/5052 5054/5054/5054 5025/5025/5025
f 5055/5055/5055 5056/5056/5056 5057/5057/5057
f 5025/5025/5025 5058/5058/5058 5053/5053/5053
f 4767/4767/4767 4766/4766/4766 5059/5059/5059
f 5060/5060/5060 5061/5061/5061 5062/5062/5062
f 5063/5063/5063 5060/5060/5060 5062/5062/5062
f 5062/5062/5062 5064/5064/5064 5063/5063/5063
f 5042/5042/5042 5065/5065/5065 5043/5043/5043
f 5066/5066/5066 5067/5067/5067 5068/5068/5068
f 5069/5069/5069 5043/5043/5043 5065/5065/5065
f 5065/5065/5065 5070/5070/5070 5069/5069/5069
f 5071/5071/5071 5072/5072/5072 5073/5073/5073
f 5052/5052/5052 5074/5074/5074 5054/5054/5054
f 5075/5075/5075 5073/5073/5073 5072/5072/5072
f 5076/5076/5076 5075/5075/5075 5072/5072/5072
f 5077/5077/5077 5078/5078/5078 5079/5079/5079
f 5045/5045/5045 5080/5080/5080 5046/5046/5046
f 5080/5080/5080 5081/5081/5081 5082/5082/5082
f 5083/5083/5083 5084/5084/5084 5085/5085/5085
f 5085/5085/5085 5086/5086/5086 5083/5083/5083
f 5060/5060/5060 5087/5087/5087 5061/5061/5061
f 5081/5081/5081 5088/5088/5088 5082/5082/5082
f 5089/5089/5089 5082/5082/5082 5088/5088/5088
f 5088/5088/5088 5090/5090/5090 5089/5089/5089
f 5091/5091/5091 5092/5092/5092 5082/5082/5082
f 5093/5093/5093 5091/5091/5091 5082/5082/5082
f 5082/5082/5082 5089/5089/5089 5093/5093/5093
f 4998/4998/4998 5047/5047/5047 5094/5094/5094
f 4998/4998/4998 5094/5094/5094 4999/4999/4999
f 5095/5095/5095 5094/5094/5094 5047/5047/5047
f 5046/5046/5046 5095/5095/5095 5047/5047/5047
f 5096/5096/5096 5097/5097/5097 5098/5098/5098
f 5098/5098/5098 5097/5097/5097 5099/5099/5099
f 5100/5100/5100 4999/4999/4999 5094/5094/5094
f 5101/5101/5101 5102/5102/5102 5103/5103/5103
f 5104/5104/5104 5100/5100/5100 5105/5105/5105
f 5106/5106/5106 5107/5107/5107 5108/5108/5108
f 5105/5105/5105 5109/5109/5109 5104/5104/5104
f 5095/5095/5095 5046/5046/5046 5110/5110/5110
f 5100/5100/5100 5111/5111/5111 4999/4999/4999
f 5111/5111/5111 5100/5100/5100 5104/5104/5104
f 5104/5104/5104 5112/5112/5112 5111/5111/5111
f 5113/5113/5113 5114/5114/5114 5115/5115/5115
f 5116/5116/5116 5117/5117/5117 5118/5118/5118
f 5115/5115/5115 5119/5119/5119 5113/5113/5113
f 5120/5120/5120 5121/5121/5121 5122/5122/5122
f 5123/5123/5123 5124/5124/5124 5125/5125/5125
f 5123/5123/5123 5125/5125/5125 5126/5126/5126
f 5127/5127/5127 5128/5128/5128 5129/5129/5129
f 5091/5091/5091 5110/5110/5110 5046/5046/5046
f 5046/5046/5046 5092/5092/5092 5091/5091/5091
f 5107/5107/5107 5106/5106/5106 5130/5130/5130
f 5109/5109/5109 5131/5131/5131 5104/5104/5104
f 5132/5132/5132 5130/5130/5130 5106/5106/5106
f 5130/5130/5130 5132/5132/5132 5133/5133/5133
f 5131/5131/5131 5134/5134/5134 5104/5104/5104
f 5132/5132/5132 5135/5135/5135 5133/5133/5133
f 5136/5136/5136 5137/5137/5137 5138/5138/5138
f 5139/5139/5139 5140/5140/5140 5141/5141/5141
f 5142/5142/5142 5143/5143/5143 5144/5144/5144
f 5137/5137/5137 5145/5145/5145 5138/5138/5138
f 5146/5146/5146 5147/5147/5147 5148/5148/5148
f 5146/5146/5146 5148/5148/5148 5149/5149/5149
f 5150/5150/5150 5151/5151/5151 5152/5152/5152
f 5116/5116/5116 5153/5153/5153 5117/5117/5117
f 5151/5151/5151 5150/5150/5150 5154/5154/5154
f 5155/5155/5155 5156/5156/5156 5157/5157/5157
f 5158/5158/5158 5159/5159/5159 5160/5160/5160
f 5142/5142/5142 5161/5161/5161 5143/5143/5143
f 5162/5162/5162 5163/5163/5163 5164/5164/5164
f 5164/5164/5164 5165/5165/5165 5162/5162/5162
f 5166/5166/5166 5167/5167/5167 5168/5168/5168
f 5169/5169/5169 5170/5170/5170 5171/5171/5171
f 5172/5172/5172 5173/5173/5173 5174/5174/5174
f 5175/5175/5175 1738/1738/1738 1770/1770/1770
f 1769/1769/1769 1771/1771/1771 5176/5176/5176
f 1770/1770/1770 5177/5177/5177 5175/5175/5175
f 5178/5178/5178 5179/5179/5179 5180/5180/5180
f 5181/5181/5181 5182/5182/5182 5183/5183/5183
f 5184/5184/5184 5181/5181/5181 5183/5183/5183
f 1738/1738/1738 5175/5175/5175 5185/5185/5185
f 5179/5179/5179 5186/5186/5186 5180/5180/5180
f 5182/5182/5182 5181/5181/5181 5187/5187/5187
f 5188/5188/5188 5189/5189/5189 5182/5182/5182
f 5182/5182/5182 5190/5190/5190 5188/5188/5188
f 5187/5187/5187 5190/5190/5190 5182/5182/5182
f 5181/5181/5181 5184/5184/5184 5191/5191/5191
f 5191/5191/5191 5187/5187/5187 5181/5181/5181
f 4315/4315/4315 4314/4314/4314 5192/5192/5192
f 5192/5192/5192 5193/5193/5193 4315/4315/4315
f 4344/4344/4344 4343/4343/4343 5194/5194/5194
f 5195/5195/5195 5196/5196/5196 5197/5197/5197
f 5198/5198/5198 5196/5196/5196 5195/5195/5195
f 5195/5195/5195 5199/5199/5199 5198/5198/5198
f 5200/5200/5200 5176/5176/5176 1771/1771/1771
f 5201/5201/5201 5202/5202/5202 5200/5200/5200
f 5198/5198/5198 5203/5203/5203 5196/5196/5196
f 5202/5202/5202 5176/5176/5176 5200/5200/5200
f 5204/5204/5204 5205/5205/5205 5203/5203/5203
f 5203/5203/5203 5198/5198/5198 5206/5206/5206
f 5203/5203/5203 5206/5206/5206 5204/5204/5204
f 5204/5204/5204 5207/5207/5207 5205/5205/5205
f 5208/5208/5208 5185/5185/5185 5175/5175/5175
f 5209/5209/5209 5180/5180/5180 5186/5186/5186
f 5185/5185/5185 5208/5208/5208 5210/5210/5210
f 5180/5180/5180 5209/5209/5209 5211/5211/5211
f 5211/5211/5211 5212/5212/5212 5180/5180/5180
f 5198/5198/5198 5213/5213/5213 5206/5206/5206
f 5214/5214/5214 5206/5206/5206 5213/5213/5213
f 5213/5213/5213 5215/5215/5215 5214/5214/5214
f 5216/5216/5216 5204/5204/5204 5206/5206/5206
f 5206/5206/5206 5214/5214/5214 5216/5216/5216
f 5217/5217/5217 1825/1825/1825 1824/1824/1824
f 5189/5189/5189 5218/5218/5218 5219/5219/5219
f 5188/5188/5188 5218/5218/5218 5189/5189/5189
f 1825/1825/1825 5217/5217/5217 5220/5220/5220
f 5220/5220/5220 1826/1826/1826 1825/1825/1825
f 5221/5221/5221 5219/5219/5219 5218/5218/5218
f 5218/5218/5218 5188/5188/5188 5221/5221/5221
f 5219/5219/5219 5221/5221/5221 5222/5222/5222
f 5223/5223/5223 5220/5220/5220 5217/5217/5217
f 5224/5224/5224 1821/1821/1821 1826/1826/1826
f 1826/1826/1826 5220/5220/5220 5224/5224/5224
f 5225/5225/5225 5226/5226/5226 5227/5227/5227
f 5227/5227/5227 5228/5228/5228 5225/5225/5225
f 5229/5229/5229 5228/5228/5228 5227/5227/5227
f 5230/5230/5230 5231/5231/5231 5232/5232/5232
f 5233/5233/5233 5221/5221/5221 5188/5188/5188
f 5230/5230/5230 5232/5232/5232 5234/5234/5234
f 5235/5235/5235 5231/5231/5231 5236/5236/5236
f 5237/5237/5237 5187/5187/5187 5238/5238/5238
f 5237/5237/5237 5238/5238/5238 5239/5239/5239
f 5231/5231/5231 5235/5235/5235 5232/5232/5232
f 5187/5187/5187 5240/5240/5240 5238/5238/5238
f 5191/5191/5191 5240/5240/5240 5187/5187/5187
f 5241/5241/5241 5238/5238/5238 5240/5240/5240
f 5242/5242/5242 5243/5243/5243 5244/5244/5244
f 5240/5240/5240 5191/5191/5191 5245/5245/5245
f 5245/5245/5245 5246/5246/5246 5240/5240/5240
f 5241/5241/5241 5239/5239/5239 5238/5238/5238
f 5239/5239/5239 5241/5241/5241 5247/5247/5247
f 5235/5235/5235 5248/5248/5248 5232/5232/5232
f 5242/5242/5242 5249/5249/5249 5243/5243/5243
f 5250/5250/5250 5251/5251/5251 5252/5252/5252
f 5242/5242/5242 5253/5253/5253 5249/5249/5249
f 5221/5221/5221 5233/5233/5233 5254/5254/5254
f 5221/5221/5221 5254/5254/5254 5255/5255/5255
f 5221/5221/5221 5255/5255/5255 5222/5222/5222
f 5256/5256/5256 5257/5257/5257 5258/5258/5258
f 5259/5259/5259 5254/5254/5254 5233/5233/5233
f 5260/5260/5260 5261/5261/5261 5262/5262/5262
f 5263/5263/5263 5264/5264/5264 5265/5265/5265
f 5254/5254/5254 5259/5259/5259 5245/5245/5245
f 5266/5266/5266 5267/5267/5267 5268/5268/5268
f 5269/5269/5269 5270/5270/5270 5254/5254/5254
f 5245/5245/5245 5269/5269/5269 5254/5254/5254
f 5271/5271/5271 5272/5272/5272 5273/5273/5273
f 5274/5274/5274 5222/5222/5222 5255/5255/5255
f 5275/5275/5275 5274/5274/5274 5255/5255/5255
f 5242/5242/5242 5276/5276/5276 5253/5253/5253
f 5259/5259/5259 5246/5246/5246 5245/5245/5245
f 5272/5272/5272 5277/5277/5277 5273/5273/5273
f 5270/5270/5270 5269/5269/5269 5275/5275/5275
f 5278/5278/5278 5279/5279/5279 5280/5280/5280
f 5216/5216/5216 5281/5281/5281 5204/5204/5204
f 5209/5209/5209 5282/5282/5282 5283/5283/5283
f 5283/5283/5283 5211/5211/5211 5209/5209/5209
f 5284/5284/5284 5285/5285/5285 5286/5286/5286
f 5287/5287/5287 5284/5284/5284 5286/5286/5286
f 5288/5288/5288 5289/5289/5289 5290/5290/5290
f 5291/5291/5291 5292/5292/5292 5293/5293/5293
f 5294/5294/5294 5295/5295/5295 5296/5296/5296
f 5293/5293/5293 5297/5297/5297 5291/5291/5291
f 5298/5298/5298 5299/5299/5299 5300/5300/5300
f 5296/5296/5296 5301/5301/5301 5294/5294/5294
f 5302/5302/5302 5303/5303/5303 5304/5304/5304
f 5305/5305/5305 5245/5245/5245 5191/5191/5191
f 5304/5304/5304 5306/5306/5306 5302/5302/5302
f 5307/5307/5307 5308/5308/5308 5309/5309/5309
f 5310/5310/5310 5311/5311/5311 5312/5312/5312
f 5245/5245/5245 5269/5269/5269 5246/5246/5246
f 5313/5313/5313 5314/5314/5314 5315/5315/5315
f 5316/5316/5316 5317/5317/5317 5318/5318/5318
f 5319/5319/5319 5320/5320/5320 5321/5321/5321
f 5321/5321/5321 5322/5322/5322 5319/5319/5319
f 5323/5323/5323 5317/5317/5317 5316/5316/5316
f 5322/5322/5322 5275/5275/5275 5269/5269/5269
f 5314/5314/5314 5324/5324/5324 5315/5315/5315
f 5325/5325/5325 5315/5315/5315 5324/5324/5324
f 5304/5304/5304 5326/5326/5326 5306/5306/5306
f 5325/5325/5325 5327/5327/5327 5315/5315/5315
f 5320/5320/5320 5328/5328/5328 5321/5321/5321
f 5329/5329/5329 5330/5330/5330 5331/5331/5331
f 5332/5332/5332 5321/5321/5321 5328/5328/5328
f 5333/5333/5333 5334/5334/5334 5335/5335/5335
f 5335/5335/5335 5334/5334/5334 5336/5336/5336
f 5337/5337/5337 5338/5338/5338 5339/5339/5339
f 5340/5340/5340 5312/5312/5312 5311/5311/5311
f 5341/5341/5341 5340/5340/5340 5311/5311/5311
f 5284/5284/5284 5287/5287/5287 5342/5342/5342
f 5343/5343/5343 5344/5344/5344 5345/5345/5345
f 5346/5346/5346 5347/5347/5347 5348/5348/5348
f 5348/5348/5348 5349/5349/5349 5346/5346/5346
f 5344/5344/5344 5350/5350/5350 5351/5351/5351
f 5351/5351/5351 5345/5345/5345 5344/5344/5344
f 5292/5292/5292 5291/5291/5291 5352/5352/5352
f 2053/2053/2053 2057/2057/2057 5353/5353/5353
f 5354/5354/5354 2059/2059/2059 2054/2054/2054
f 2054/2054/2054 5355/5355/5355 5354/5354/5354
f 5356/5356/5356 5353/5353/5353 2057/2057/2057
f 5357/5357/5357 5356/5356/5356 2057/2057/2057
f 2059/2059/2059 5354/5354/5354 5358/5358/5358
f 5359/5359/5359 2058/2058/2058 2059/2059/2059
f 5358/5358/5358 5359/5359/5359 2059/2059/2059
f 5353/5353/5353 5356/5356/5356 5360/5360/5360
f 5361/5361/5361 5362/5362/5362 5363/5363/5363
f 5356/5356/5356 5357/5357/5357 5364/5364/5364
f 5363/5363/5363 5365/5365/5365 5361/5361/5361
f 5361/5361/5361 5366/5366/5366 5362/5362/5362
f 5367/5367/5367 5368/5368/5368 5369/5369/5369
f 5369/5369/5369 5370/5370/5370 5367/5367/5367
f 5371/5371/5371 5372/5372/5372 5373/5373/5373
f 5374/5374/5374 5375/5375/5375 2058/2058/2058
f 2058/2058/2058 5359/5359/5359 5374/5374/5374
f 5372/5372/5372 5371/5371/5371 5376/5376/5376
f 5377/5377/5377 5378/5378/5378 5379/5379/5379
f 5380/5380/5380 5381/5381/5381 5382/5382/5382
f 5383/5383/5383 5384/5384/5384 5385/5385/5385
f 5386/5386/5386 5387/5387/5387 5388/5388/5388
f 5389/5389/5389 5390/5390/5390 5391/5391/5391
f 5392/5392/5392 5393/5393/5393 5394/5394/5394
f 5395/5395/5395 5396/5396/5396 5397/5397/5397
f 5359/5359/5359 5358/5358/5358 5398/5398/5398
f 5399/5399/5399 5391/5391/5391 5390/5390/5390
f 5400/5400/5400 5401/5401/5401 5402/5402/5402
f 5403/5403/5403 5404/5404/5404 5405/5405/5405
f 5391/5391/5391 5399/5399/5399 5406/5406/5406
f 5404/5404/5404 5407/5407/5407 5408/5408/5408
f 5409/5409/5409 5410/5410/5410 5411/5411/5411
f 2230/2230/2230 2229/2229/2229 5412/5412/5412
f 5410/5410/5410 5409/5409/5409 5413/5413/5413
f 5414/5414/5414 2204/2204/2204 2208/2208/2208
f 5415/5415/5415 5416/5416/5416 5417/5417/5417
f 5418/5418/5418 5419/5419/5419 5420/5420/5420
f 5421/5421/5421 5422/5422/5422 5423/5423/5423
f 5414/5414/5414 5424/5424/5424 2204/2204/2204
f 5425/5425/5425 5426/5426/5426 5427/5427/5427
f 5427/5427/5427 5428/5428/5428 5425/5425/5425
f 2203/2203/2203 2161/2161/2161 5429/5429/5429
f 2203/2203/2203 5429/5429/5429 5430/5430/5430
f 5431/5431/5431 2293/2293/2293 2202/2202/2202
f 5432/5432/5432 5433/5433/5433 5434/5434/5434
f 5435/5435/5435 5432/5432/5432 5434/5434/5434
f 5436/5436/5436 5437/5437/5437 5438/5438/5438
f 5438/5438/5438 5439/5439/5439 5436/5436/5436
f 5407/5407/5407 5404/5404/5404 5440/5440/5440
f 5441/5441/5441 5442/5442/5442 5443/5443/5443
f 5444/5444/5444 5420/5420/5420 5419/5419/5419
f 5445/5445/5445 5412/5412/5412 2229/2229/2229
f 5446/5446/5446 5413/5413/5413 5409/5409/5409
f 5409/5409/5409 5447/5447/5447 5446/5446/5446
f 2512/2512/2512 5448/5448/5448 2513/2513/2513
f 5449/5449/5449 5450/5450/5450 5451/5451/5451
f 5452/5452/5452 5453/5453/5453 5424/5424/5424
f 5414/5414/5414 5452/5452/5452 5424/5424/5424
f 5453/5453/5453 5452/5452/5452 5454/5454/5454
f 5455/5455/5455 5456/5456/5456 5457/5457/5457
f 5458/5458/5458 2515/2515/2515 5459/5459/5459
f 5460/5460/5460 5454/5454/5454 5452/5452/5452
f 5461/5461/5461 5462/5462/5462 5463/5463/5463
f 5452/5452/5452 5464/5464/5464 5460/5460/5460
f 5454/5454/5454 5460/5460/5460 5465/5465/5465
f 5466/5466/5466 5467/5467/5467 5468/5468/5468
f 5469/5469/5469 5470/5470/5470 5454/5454/5454
f 5465/5465/5465 5469/5469/5469 5454/5454/5454
f 5404/5404/5404 5403/5403/5403 5471/5471/5471
f 5472/5472/5472 5440/5440/5440 5404/5404/5404
f 5473/5473/5473 5472/5472/5472 5404/5404/5404
f 5471/5471/5471 5473/5473/5473 5404/5404/5404
f 5474/5474/5474 5475/5475/5475 5366/5366/5366
f 5366/5366/5366 5361/5361/5361 5474/5474/5474
f 5420/5420/5420 5444/5444/5444 5476/5476/5476
f 5462/5462/5462 5477/5477/5477 5463/5463/5463
f 5478/5478/5478 5479/5479/5479 5480/5480/5480
f 2254/2254/2254 2252/2252/2252 5481/5481/5481
f 5482/5482/5482 5483/5483/5483 5484/5484/5484
f 5485/5485/5485 5361/5361/5361 5365/5365/5365
f 5486/5486/5486 5474/5474/5474 5361/5361/5361
f 5485/5485/5485 5486/5486/5486 5361/5361/5361
f 2291/2291/2291 5487/5487/5487 5488/5488/5488
f 2291/2291/2291 5488/5488/5488 2296/2296/2296
f 5489/5489/5489 5425/5425/5425 5428/5428/5428
f 5428/5428/5428 5490/5490/5490 5489/5489/5489
f 5491/5491/5491 5436/5436/5436 5439/5439/5439
f 5439/5439/5439 5492/5492/5492 5491/5491/5491
f 5493/5493/5493 5494/5494/5494 5495/5495/5495
f 5496/5496/5496 5497/5497/5497 5498/5498/5498
f 5499/5499/5499 5500/5500/5500 5501/5501/5501
f 5502/5502/5502 5495/5495/5495 5494/5494/5494
f 5503/5503/5503 5504/5504/5504 5505/5505/5505
f 5506/5506/5506 5507/5507/5507 5508/5508/5508
f 5508/5508/5508 5509/5509/5509 5506/5506/5506
f 5510/5510/5510 5511/5511/5511 5512/5512/5512
f 5513/5513/5513 5514/5514/5514 5515/5515/5515
f 5444/5444/5444 5516/5516/5516 5476/5476/5476
f 5517/5517/5517 5515/5515/5515 5514/5514/5514
f 5518/5518/5518 5474/5474/5474 5519/5519/5519
f 5520/5520/5520 5476/5476/5476 5516/5516/5516
f 5519/5519/5519 5463/5463/5463 5477/5477/5477
f 5463/5463/5463 5519/5519/5519 5486/5486/5486
f 5521/5521/5521 5522/5522/5522 5523/5523/5523
f 5486/5486/5486 5524/5524/5524 5463/5463/5463
f 5486/5486/5486 5519/5519/5519 5474/5474/5474
f 5525/5525/5525 5524/5524/5524 5526/5526/5526
f 5527/5527/5527 5465/5465/5465 5460/5460/5460
f 5528/5528/5528 5529/5529/5529 5525/5525/5525
f 5526/5526/5526 5528/5528/5528 5525/5525/5525
f 5524/5524/5524 5486/5486/5486 5530/5530/5530
f 5531/5531/5531 5526/5526/5526 5524/5524/5524
f 5530/5530/5530 5531/5531/5531 5524/5524/5524
f 5486/5486/5486 5485/5485/5485 5530/5530/5530
f 5532/5532/5532 5533/5533/5533 5534/5534/5534
f 5535/5535/5535 5536/5536/5536 5537/5537/5537
f 5538/5538/5538 2516/2516/2516 2515/2515/2515
f 5458/5458/5458 5538/5538/5538 2515/2515/2515
f 5539/5539/5539 5540/5540/5540 5541/5541/5541
f 5533/5533/5533 5542/5542/5542 5534/5534/5534
f 5543/5543/5543 5467/5467/5467 5544/5544/5544
f 5543/5543/5543 5544/5544/5544 5545/5545/5545
f 5466/5466/5466 5544/5544/5544 5467/5467/5467
f 5546/5546/5546 5545/5545/5545 5544/5544/5544
f 5547/5547/5547 5548/5548/5548 5549/5549/5549
f 5550/5550/5550 5551/5551/5551 5552/5552/5552
f 5553/5553/5553 5554/5554/5554 5555/5555/5555
f 5549/5549/5549 5556/5556/5556 5547/5547/5547
f 5557/5557/5557 5534/5534/5534 5542/5542/5542
f 5545/5545/5545 5546/5546/5546 5558/5558/5558
f 5559/5559/5559 5560/5560/5560 5561/5561/5561
f 5562/5562/5562 5563/5563/5563 5564/5564/5564
f 5561/5561/5561 5565/5565/5565 5559/5559/5559
f 5560/5560/5560 5559/5559/5559 5566/5566/5566
f 5563/5563/5563 5567/5567/5567 5568/5568/5568
f 5568/5568/5568 5564/5564/5564 5563/5563/5563
f 5536/5536/5536 5535/5535/5535 5569/5569/5569
f 5570/5570/5570 5571/5571/5571 5572/5572/5572
f 5573/5573/5573 5574/5574/5574 5575/5575/5575
f 5576/5576/5576 5577/5577/5577 5554/5554/5554
f 5554/5554/5554 5577/5577/5577 5555/5555/5555
f 5578/5578/5578 5559/5559/5559 5565/5565/5565
f 5577/5577/5577 5576/5576/5576 5579/5579/5579
f 5580/5580/5580 5581/5581/5581 5582/5582/5582
f 5580/5580/5580 5582/5582/5582 5583/5583/5583
f 5584/5584/5584 5585/5585/5585 5580/5580/5580
f 5583/5583/5583 5584/5584/5584 5580/5580/5580
f 5534/5534/5534 5557/5557/5557 5586/5586/5586
f 5587/5587/5587 5588/5588/5588 5589/5589/5589
f 5465/5465/5465 5590/5590/5590 5469/5469/5469
f 5591/5591/5591 5592/5592/5592 5593/5593/5593
f 5503/5503/5503 5594/5594/5594 5504/5504/5504
f 5595/5595/5595 5596/5596/5596 5597/5597/5597
f 5598/5598/5598 5599/5599/5599 5600/5600/5600
f 5556/5556/5556 5549/5549/5549 5601/5601/5601
f 5602/5602/5602 5603/5603/5603 5604/5604/5604
f 5605/5605/5605 5606/5606/5606 5607/5607/5607
f 5608/5608/5608 5609/5609/5609 5610/5610/5610
f 5611/5611/5611 5568/5568/5568 5567/5567/5567
f 5603/5603/5603 5602/5602/5602 5612/5612/5612
f 5557/5557/5557 5613/5613/5613 5586/5586/5586
f 5614/5614/5614 5615/5615/5615 5616/5616/5616
f 5617/5617/5617 5618/5618/5618 5619/5619/5619
f 2534/2534/2534 5620/5620/5620 2564/2564/2564
f 5621/5621/5621 5622/5622/5622 5623/5623/5623
f 5620/5620/5620 5624/5624/5624 5625/5625/5625
f 5625/5625/5625 2564/2564/2564 5620/5620/5620
f 5622/5622/5622 5621/5621/5621 5626/5626/5626
f 5627/5627/5627 5625/5625/5625 5624/5624/5624
f 5628/5628/5628 5629/5629/5629 5630/5630/5630
f 5631/5631/5631 5632/5632/5632 5633/5633/5633
f 5634/5634/5634 5635/5635/5635 5636/5636/5636
f 5636/5636/5636 5637/5637/5637 5634/5634/5634
f 5615/5615/5615 5638/5638/5638 5616/5616/5616
f 5639/5639/5639 5640/5640/5640 5641/5641/5641
f 5642/5642/5642 5643/5643/5643 5644/5644/5644
f 5645/5645/5645 5646/5646/5646 5647/5647/5647
f 5528/5528/5528 5648/5648/5648 5649/5649/5649
f 5650/5650/5650 5651/5651/5651 5652/5652/5652
f 5653/5653/5653 5654/5654/5654 5655/5655/5655
f 5635/5635/5635 5648/5648/5648 5636/5636/5636
f 5648/5648/5648 5528/5528/5528 5656/5656/5656
f 5656/5656/5656 5636/5636/5636 5648/5648/5648
f 5657/5657/5657 5658/5658/5658 5659/5659/5659
f 5627/5627/5627 2567/2567/2567 5625/5625/5625
f 2567/2567/2567 5627/5627/5627 5660/5660/5660
f 2567/2567/2567 5660/5660/5660 5661/5661/5661
f 5662/5662/5662 5663/5663/5663 5664/5664/5664
f 5665/5665/5665 5666/5666/5666 5637/5637/5637
f 5667/5667/5667 5665/5665/5665 5637/5637/5637
f 5637/5637/5637 5636/5636/5636 5668/5668/5668
f 5669/5669/5669 5670/5670/5670 5671/5671/5671
f 5672/5672/5672 5673/5673/5673 5674/5674/5674
f 5665/5665/5665 5667/5667/5667 5675/5675/5675
f 5640/5640/5640 5639/5639/5639 5676/5676/5676
f 5677/5677/5677 5644/5644/5644 5643/5643/5643
f 5678/5678/5678 5679/5679/5679 5680/5680/5680
f 5681/5681/5681 5682/5682/5682 5683/5683/5683
f 5684/5684/5684 5685/5685/5685 5686/5686/5686
f 5682/5682/5682 5681/5681/5681 5687/5687/5687
f 5688/5688/5688 5689/5689/5689 5690/5690/5690
f 5528/5528/5528 5526/5526/5526 5656/5656/5656
f 5636/5636/5636 5656/5656/5656 5668/5668/5668
f 5691/5691/5691 5656/5656/5656 5526/5526/5526
f 5526/5526/5526 5531/5531/5531 5692/5692/5692
f 5526/5526/5526 5692/5692/5692 5691/5691/5691
f 5693/5693/5693 5668/5668/5668 5656/5656/5656
f 5691/5691/5691 5693/5693/5693 5656/5656/5656
f 2596/2596/2596 5694/5694/5694 5695/5695/5695
f 2596/2596/2596 5695/5695/5695 5696/5696/5696
f 2596/2596/2596 5696/5696/5696 2593/2593/2593
f 5667/5667/5667 5697/5697/5697 5675/5675/5675
f 5669/5669/5669 5698/5698/5698 5670/5670/5670
f 5699/5699/5699 5675/5675/5675 5697/5697/5697
f 5700/5700/5700 5699/5699/5699 5697/5697/5697
f 5701/5701/5701 5702/5702/5702 5703/5703/5703
f 5699/5699/5699 5700/5700/5700 5704/5704/5704
f 5705/5705/5705 5704/5704/5704 5700/5700/5700
f 5701/5701/5701 5706/5706/5706 5702/5702/5702
f 5704/5704/5704 5705/5705/5705 5707/5707/5707
f 5696/5696/5696 5708/5708/5708 2593/2593/2593
f 5709/5709/5709 5707/5707/5707 5705/5705/5705
f 5710/5710/5710 5711/5711/5711 5712/5712/5712
f 5713/5713/5713 2593/2593/2593 5708/5708/5708
f 5707/5707/5707 5709/5709/5709 5714/5714/5714
f 2593/2593/2593 5713/5713/5713 5715/5715/5715
f 2593/2593/2593 5715/5715/5715 2598/2598/2598
f 5709/5709/5709 5716/5716/5716 5714/5714/5714
f 5717/5717/5717 5718/5718/5718 5719/5719/5719
f 5720/5720/5720 5714/5714/5714 5716/5716/5716
f 5718/5718/5718 5717/5717/5717 5721/5721/5721
f 5722/5722/5722 5715/5715/5715 5713/5713/5713
f 5714/5714/5714 5720/5720/5720 5723/5723/5723
f 5715/5715/5715 5722/5722/5722 5724/5724/5724
f 5724/5724/5724 2598/2598/2598 5715/5715/5715
f 5725/5725/5725 5721/5721/5721 5717/5717/5717
f 5721/5721/5721 5725/5725/5725 5726/5726/5726
f 5720/5720/5720 5727/5727/5727 5728/5728/5728
f 5728/5728/5728 5723/5723/5723 5720/5720/5720
f 5729/5729/5729 5726/5726/5726 5725/5725/5725
f 5691/5691/5691 5730/5730/5730 5693/5693/5693
f 5730/5730/5730 5728/5728/5728 5727/5727/5727
f 5722/5722/5722 5731/5731/5731 5724/5724/5724
f 5732/5732/5732 5728/5728/5728 5730/5730/5730
f 5724/5724/5724 5731/5731/5731 5733/5733/5733
f 5732/5732/5732 5730/5730/5730 5734/5734/5734
f 5733/5733/5733 5735/5735/5735 5724/5724/5724
f 5730/5730/5730 5691/5691/5691 5736/5736/5736
f 5736/5736/5736 5734/5734/5734 5730/5730/5730
f 2256/2256/2256 1830/1830/1830 5737/5737/5737
f 5737/5737/5737 5738/5738/5738 2256/2256/2256
f 1821/1821/1821 5224/5224/5224 5739/5739/5739
f 5740/5740/5740 5741/5741/5741 5742/5742/5742
f 5743/5743/5743 5744/5744/5744 5745/5745/5745
f 5743/5743/5743 5745/5745/5745 5746/5746/5746
f 5747/5747/5747 5748/5748/5748 5749/5749/5749
f 5749/5749/5749 5750/5750/5750 5747/5747/5747
f 5746/5746/5746 5751/5751/5751 5743/5743/5743
f 5220/5220/5220 5223/5223/5223 5752/5752/5752
f 5739/5739/5739 5224/5224/5224 5220/5220/5220
f 5753/5753/5753 5754/5754/5754 5755/5755/5755
f 5223/5223/5223 5756/5756/5756 5752/5752/5752
f 5483/5483/5483 5482/5482/5482 5757/5757/5757
f 5738/5738/5738 5737/5737/5737 5758/5758/5758
f 5744/5744/5744 5759/5759/5759 5745/5745/5745
f 5753/5753/5753 5760/5760/5760 5754/5754/5754
f 5760/5760/5760 5753/5753/5753 5761/5761/5761
f 5762/5762/5762 5763/5763/5763 5764/5764/5764
f 5760/5760/5760 5761/5761/5761 5765/5765/5765
f 5274/5274/5274 5275/5275/5275 5322/5322/5322
f 5756/5756/5756 5766/5766/5766 5752/5752/5752
f 5767/5767/5767 5768/5768/5768 5274/5274/5274
f 5274/5274/5274 5322/5322/5322 5767/5767/5767
f 5769/5769/5769 5752/5752/5752 5766/5766/5766
f 5770/5770/5770 5771/5771/5771 5772/5772/5772
f 5768/5768/5768 5767/5767/5767 5773/5773/5773
f 5774/5774/5774 5775/5775/5775 5776/5776/5776
f 5745/5745/5745 5777/5777/5777 5746/5746/5746
f 5761/5761/5761 5778/5778/5778 5765/5765/5765
f 5776/5776/5776 5779/5779/5779 5780/5780/5780
f 5781/5781/5781 5765/5765/5765 5778/5778/5778
f 5776/5776/5776 5782/5782/5782 5779/5779/5779
f 5783/5783/5783 5784/5784/5784 5785/5785/5785
f 5786/5786/5786 5787/5787/5787 5788/5788/5788
f 5746/5746/5746 5789/5789/5789 5790/5790/5790
f 5791/5791/5791 5792/5792/5792 5793/5793/5793
f 5793/5793/5793 5794/5794/5794 5791/5791/5791
f 5784/5784/5784 5795/5795/5795 5785/5785/5785
f 5796/5796/5796 5797/5797/5797 5787/5787/5787
f 5787/5787/5787 5786/5786/5786 5796/5796/5796
f 5781/5781/5781 5798/5798/5798 5765/5765/5765
f 5777/5777/5777 5789/5789/5789 5746/5746/5746
f 5792/5792/5792 5799/5799/5799 5793/5793/5793
f 5800/5800/5800 5801/5801/5801 5782/5782/5782
f 5782/5782/5782 5776/5776/5776 5800/5800/5800
f 5802/5802/5802 5691/5691/5691 5692/5692/5692
f 5803/5803/5803 5804/5804/5804 5805/5805/5805
f 5806/5806/5806 5807/5807/5807 5808/5808/5808
f 5805/5805/5805 5809/5809/5809 5803/5803/5803
f 5691/5691/5691 5802/5802/5802 5810/5810/5810
f 5810/5810/5810 5736/5736/5736 5691/5691/5691
f 2675/2675/2675 5811/5811/5811 5812/5812/5812
f 2697/2697/2697 2693/2693/2693 5813/5813/5813
f 5812/5812/5812 2695/2695/2695 2675/2675/2675
f 5785/5785/5785 2697/2697/2697 5813/5813/5813
f 5814/5814/5814 5815/5815/5815 5816/5816/5816
f 2675/2675/2675 5817/5817/5817 5811/5811/5811
f 5818/5818/5818 5819/5819/5819 5820/5820/5820
f 5821/5821/5821 5822/5822/5822 5823/5823/5823
f 5820/5820/5820 5824/5824/5824 5818/5818/5818
f 5825/5825/5825 5826/5826/5826 5827/5827/5827
f 5806/5806/5806 5828/5828/5828 5807/5807/5807
f 5829/5829/5829 2670/2670/2670 2598/2598/2598
f 2598/2598/2598 5724/5724/5724 5830/5830/5830
f 2598/2598/2598 5830/5830/5830 5829/5829/5829
f 5815/5815/5815 5831/5831/5831 5816/5816/5816
f 2676/2676/2676 5817/5817/5817 2675/2675/2675
f 5832/5832/5832 5833/5833/5833 5834/5834/5834
f 5835/5835/5835 5836/5836/5836 5837/5837/5837
f 5838/5838/5838 5839/5839/5839 5840/5840/5840
f 5841/5841/5841 5842/5842/5842 5843/5843/5843
f 5844/5844/5844 5845/5845/5845 5846/5846/5846
f 5847/5847/5847 2696/2696/2696 2697/2697/2697
f 5795/5795/5795 5847/5847/5847 2697/2697/2697
f 5785/5785/5785 5795/5795/5795 2697/2697/2697
f 5848/5848/5848 5849/5849/5849 5850/5850/5850
f 5851/5851/5851 5852/5852/5852 5853/5853/5853
f 5854/5854/5854 5855/5855/5855 5856/5856/5856
f 5857/5857/5857 5858/5858/5858 5859/5859/5859
f 5860/5860/5860 5861/5861/5861 2707/2707/2707
f 5862/5862/5862 5861/5861/5861 5860/5860/5860
f 3763/3763/3763 2707/2707/2707 5861/5861/5861
f 5861/5861/5861 5862/5862/5862 5863/5863/5863
f 5863/5863/5863 3763/3763/3763 5861/5861/5861
f 5864/5864/5864 5865/5865/5865 5866/5866/5866
f 5866/5866/5866 5867/5867/5867 5864/5864/5864
f 5868/5868/5868 5869/5869/5869 5870/5870/5870
f 5870/5870/5870 5871/5871/5871 5868/5868/5868
f 5872/5872/5872 5856/5856/5856 5855/5855/5855
f 5873/5873/5873 5874/5874/5874 5875/5875/5875
f 5876/5876/5876 5872/5872/5872 5855/5855/5855
f 5877/5877/5877 5878/5878/5878 5879/5879/5879
f 5877/5877/5877 5879/5879/5879 5880/5880/5880
f 5862/5862/5862 5797/5797/5797 5863/5863/5863
f 5797/5797/5797 5796/5796/5796 5863/5863/5863
f 5881/5881/5881 5882/5882/5882 5883/5883/5883
f 5884/5884/5884 5885/5885/5885 5886/5886/5886
f 5887/5887/5887 5881/5881/5881 5883/5883/5883
f 5888/5888/5888 5889/5889/5889 5890/5890/5890
f 5891/5891/5891 5892/5892/5892 5893/5893/5893
f 5894/5894/5894 5843/5843/5843 5842/5842/5842
f 5895/5895/5895 5896/5896/5896 5897/5897/5897
f 5898/5898/5898 5899/5899/5899 5900/5900/5900
f 5786/5786/5786 5901/5901/5901 5796/5796/5796
f 5801/5801/5801 5901/5901/5901 5786/5786/5786
f 5902/5902/5902 5796/5796/5796 5901/5901/5901
f 5901/5901/5901 5801/5801/5801 5903/5903/5903
f 5901/5901/5901 5903/5903/5903 5902/5902/5902
f 5904/5904/5904 5880/5880/5880 5879/5879/5879
f 3764/3764/3764 5863/5863/5863 5796/5796/5796
f 5902/5902/5902 3764/3764/3764 5796/5796/5796
f 5800/5800/5800 5903/5903/5903 5801/5801/5801
f 5905/5905/5905 5906/5906/5906 5907/5907/5907
f 3762/3762/3762 5908/5908/5908 5905/5905/5905
f 5907/5907/5907 3762/3762/3762 5905/5905/5905
f 5321/5321/5321 5767/5767/5767 5322/5322/5322
f 5767/5767/5767 5321/5321/5321 5332/5332/5332
f 5909/5909/5909 5773/5773/5773 5767/5767/5767
f 5767/5767/5767 5332/5332/5332 5909/5909/5909
f 5773/5773/5773 5909/5909/5909 5910/5910/5910
f 5773/5773/5773 5910/5910/5910 5911/5911/5911
f 5911/5911/5911 5912/5912/5912 5773/5773/5773
f 5775/5775/5775 5913/5913/5913 5776/5776/5776
f 5914/5914/5914 5915/5915/5915 5916/5916/5916
f 5916/5916/5916 5917/5917/5917 5914/5914/5914
f 5915/5915/5915 5914/5914/5914 5918/5918/5918
f 5919/5919/5919 5920/5920/5920 5347/5347/5347
f 5346/5346/5346 5919/5919/5919 5347/5347/5347
f 5914/5914/5914 5921/5921/5921 5918/5918/5918
f 5922/5922/5922 5923/5923/5923 5924/5924/5924
f 5925/5925/5925 5922/5922/5922 5924/5924/5924
f 5346/5346/5346 5926/5926/5926 5919/5919/5919
f 5912/5912/5912 5911/5911/5911 5927/5927/5927
f 5928/5928/5928 5776/5776/5776 5913/5913/5913
f 5927/5927/5927 5929/5929/5929 5912/5912/5912
f 5922/5922/5922 5925/5925/5925 5930/5930/5930
f 5776/5776/5776 5928/5928/5928 5800/5800/5800
f 5929/5929/5929 5927/5927/5927 5931/5931/5931
f 5929/5929/5929 5931/5931/5931 5932/5932/5932
f 5928/5928/5928 5933/5933/5933 5800/5800/5800
f 5934/5934/5934 5930/5930/5930 5925/5925/5925
f 5346/5346/5346 5935/5935/5935 5926/5926/5926
f 5936/5936/5936 5937/5937/5937 5938/5938/5938
f 5939/5939/5939 5940/5940/5940 5941/5941/5941
f 5941/5941/5941 5942/5942/5942 5939/5939/5939
f 5937/5937/5937 5936/5936/5936 5943/5943/5943
f 5944/5944/5944 5945/5945/5945 5946/5946/5946
f 5930/5930/5930 5934/5934/5934 5947/5947/5947
f 5948/5948/5948 5947/5947/5947 5934/5934/5934
f 5949/5949/5949 5950/5950/5950 5951/5951/5951
f 5952/5952/5952 5953/5953/5953 5954/5954/5954
f 5947/5947/5947 5948/5948/5948 5955/5955/5955
f 5931/5931/5931 5956/5956/5956 5932/5932/5932
f 5957/5957/5957 5958/5958/5958 5959/5959/5959
f 5960/5960/5960 5961/5961/5961 5962/5962/5962
f 5956/5956/5956 5963/5963/5963 5964/5964/5964
f 5964/5964/5964 5932/5932/5932 5956/5956/5956
f 5961/5961/5961 5965/5965/5965 5962/5962/5962
f 5952/5952/5952 5966/5966/5966 5953/5953/5953
f 5965/5965/5965 5967/5967/5967 5968/5968/5968
f 5969/5969/5969 5970/5970/5970 5971/5971/5971
f 5968/5968/5968 5962/5962/5962 5965/5965/5965
f 5966/5966/5966 5952/5952/5952 5972/5972/5972
f 5973/5973/5973 5969/5969/5969 5971/5971/5971
f 5974/5974/5974 5968/5968/5968 5967/5967/5967
f 5967/5967/5967 5975/5975/5975 5974/5974/5974
f 5963/5963/5963 5976/5976/5976 5977/5977/5977
f 5977/5977/5977 5964/5964/5964 5963/5963/5963
f 5978/5978/5978 5977/5977/5977 5976/5976/5976
f 5979/5979/5979 5978/5978/5978 5976/5976/5976
f 5933/5933/5933 5980/5980/5980 5800/5800/5800
f 5981/5981/5981 5800/5800/5800 5980/5980/5980
f 5982/5982/5982 5983/5983/5983 5984/5984/5984
f 5985/5985/5985 5986/5986/5986 5987/5987/5987
f 5988/5988/5988 5989/5989/5989 5990/5990/5990
f 5990/5990/5990 5991/5991/5991 5988/5988/5988
f 5992/5992/5992 5993/5993/5993 5994/5994/5994
f 5994/5994/5994 5995/5995/5995 5992/5992/5992
f 5944/5944/5944 5996/5996/5996 5945/5945/5945
f 5800/5800/5800 5981/5981/5981 5997/5997/5997
f 5998/5998/5998 5999/5999/5999 6000/6000/6000
f 6001/6001/6001 6002/6002/6002 6003/6003/6003
f 6004/6004/6004 5907/5907/5907 5906/5906/5906
f 6005/6005/6005 6006/6006/6006 6007/6007/6007
f 6006/6006/6006 6008/6008/6008 6007/6007/6007
f 5978/5978/5978 5979/5979/5979 6009/6009/6009
f 6010/6010/6010 6011/6011/6011 6012/6012/6012
f 6013/6013/6013 6014/6014/6014 6015/6015/6015
f 6016/6016/6016 6017/6017/6017 6018/6018/6018
f 6019/6019/6019 6020/6020/6020 6021/6021/6021
f 6022/6022/6022 6023/6023/6023 6024/6024/6024
f 6025/6025/6025 6022/6022/6022 6024/6024/6024
f 6026/6026/6026 6027/6027/6027 6028/6028/6028
f 4967/4967/4967 6029/6029/6029 6030/6030/6030
f 5005/5005/5005 6031/6031/6031 5003/5003/5003
f 6032/6032/6032 4968/4968/4968 4967/4967/4967
f 4967/4967/4967 6030/6030/6030 6032/6032/6032
f 6033/6033/6033 5291/5291/5291 5297/5297/5297
f 5297/5297/5297 6034/6034/6034 6033/6033/6033
f 6035/6035/6035 6036/6036/6036 6037/6037/6037
f 5298/5298/5298 6038/6038/6038 5299/5299/5299
f 5291/5291/5291 6033/6033/6033 6039/6039/6039
f 6040/6040/6040 6041/6041/6041 6042/6042/6042
f 6042/6042/6042 6043/6043/6043 6040/6040/6040
f 6044/6044/6044 6045/6045/6045 6036/6036/6036
f 6036/6036/6036 6035/6035/6035 6044/6044/6044
f 6046/6046/6046 6047/6047/6047 6048/6048/6048
f 6046/6046/6046 6048/6048/6048 6049/6049/6049
f 6050/6050/6050 6051/6051/6051 6052/6052/6052
f 6053/6053/6053 6054/6054/6054 6055/6055/6055
f 6055/6055/6055 6056/6056/6056 6053/6053/6053
f 6051/6051/6051 6050/6050/6050 6057/6057/6057
f 6058/6058/6058 6055/6055/6055 6054/6054/6054
f 6059/6059/6059 6060/6060/6060 6061/6061/6061
f 6062/6062/6062 6063/6063/6063 5112/5112/5112
f 5104/5104/5104 6062/6062/6062 5112/5112/5112
f 6055/6055/6055 6064/6064/6064 6056/6056/6056
f 6065/6065/6065 6049/6049/6049 6048/6048/6048
f 6064/6064/6064 6055/6055/6055 6066/6066/6066
f 6048/6048/6048 6067/6067/6067 6068/6068/6068
f 6068/6068/6068 6065/6065/6065 6048/6048/6048
f 6069/6069/6069 6070/6070/6070 6071/6071/6071
f 6072/6072/6072 6073/6073/6073 6074/6074/6074
f 6059/6059/6059 6075/6075/6075 6060/6060/6060
f 6075/6075/6075 6059/6059/6059 6076/6076/6076
f 6067/6067/6067 6077/6077/6077 6068/6068/6068
f 6078/6078/6078 6079/6079/6079 6080/6080/6080
f 6081/6081/6081 6082/6082/6082 6083/6083/6083
f 6078/6078/6078 6080/6080/6080 6084/6084/6084
f 6043/6043/6043 6042/6042/6042 6085/6085/6085
f 6086/6086/6086 6087/6087/6087 6082/6082/6082
f 6082/6082/6082 6081/6081/6081 6086/6086/6086
f 6088/6088/6088 5979/5979/5979 6089/6089/6089
f 6090/6090/6090 6091/6091/6091 6092/6092/6092
f 5979/5979/5979 6088/6088/6088 6009/6009/6009
f 6091/6091/6091 6090/6090/6090 6093/6093/6093
f 6088/6088/6088 6094/6094/6094 6095/6095/6095
f 6095/6095/6095 6009/6009/6009 6088/6088/6088
f 6090/6090/6090 6096/6096/6096 6093/6093/6093
f 6097/6097/6097 6098/6098/6098 6099/6099/6099
f 6100/6100/6100 6093/6093/6093 6096/6096/6096
f 6101/6101/6101 6102/6102/6102 6103/6103/6103
f 6096/6096/6096 6104/6104/6104 6100/6100/6100
f 6105/6105/6105 6106/6106/6106 6107/6107/6107
f 6108/6108/6108 6109/6109/6109 6004/6004/6004
f 6106/6106/6106 6105/6105/6105 6110/6110/6110
f 6111/6111/6111 6004/6004/6004 6109/6109/6109
f 6112/6112/6112 6113/6113/6113 6114/6114/6114
f 6017/6017/6017 6016/6016/6016 6115/6115/6115
f 6114/6114/6114 6116/6116/6116 6112/6112/6112
f 6117/6117/6117 6021/6021/6021 6020/6020/6020
f 6118/6118/6118 6119/6119/6119 6120/6120/6120
f 3898/3898/3898 3895/3895/3895 6121/6121/6121
f 6121/6121/6121 6122/6122/6122 3898/3898/3898
f 3899/3899/3899 6123/6123/6123 6124/6124/6124
f 3899/3899/3899 6124/6124/6124 3897/3897/3897
f 3895/3895/3895 6125/6125/6125 6121/6121/6121
f 6126/6126/6126 6127/6127/6127 6128/6128/6128
f 6128/6128/6128 6129/6129/6129 6126/6126/6126
f 6126/6126/6126 6129/6129/6129 6130/6130/6130
f 6131/6131/6131 6132/6132/6132 6133/6133/6133
f 6127/6127/6127 6134/6134/6134 6135/6135/6135
f 6135/6135/6135 6128/6128/6128 6127/6127/6127
f 6136/6136/6136 6135/6135/6135 6134/6134/6134
f 6137/6137/6137 6138/6138/6138 6139/6139/6139
f 6140/6140/6140 6130/6130/6130 6129/6129/6129
f 6139/6139/6139 6141/6141/6141 6137/6137/6137
f 6128/6128/6128 6135/6135/6135 6142/6142/6142
f 6128/6128/6128 6142/6142/6142 6143/6143/6143
f 6135/6135/6135 6136/6136/6136 6144/6144/6144
f 6135/6135/6135 6144/6144/6144 6142/6142/6142
f 6145/6145/6145 6133/6133/6133 6132/6132/6132
f 6130/6130/6130 6140/6140/6140 6146/6146/6146
f 6147/6147/6147 3927/3927/3927 3959/3959/3959
f 6147/6147/6147 3959/3959/3959 6148/6148/6148
f 3959/3959/3959 3960/3960/3960 4236/4236/4236
f 6149/6149/6149 6144/6144/6144 6150/6150/6150
f 6150/6150/6150 6151/6151/6151 6149/6149/6149
f 6152/6152/6152 3958/3958/3958 3964/3964/3964
f 3965/3965/3965 3963/3963/3963 6153/6153/6153
f 3960/3960/3960 4237/4237/4237 4236/4236/4236
f 6152/6152/6152 6154/6154/6154 3958/3958/3958
f 6149/6149/6149 6142/6142/6142 6144/6144/6144
f 6155/6155/6155 6156/6156/6156 4195/4195/4195
f 4195/4195/4195 4193/4193/4193 6155/6155/6155
f 6157/6157/6157 6158/6158/6158 6159/6159/6159
f 6160/6160/6160 6161/6161/6161 6162/6162/6162
f 6162/6162/6162 6163/6163/6163 6160/6160/6160
f 6164/6164/6164 6165/6165/6165 6166/6166/6166
f 6158/6158/6158 6157/6157/6157 6167/6167/6167
f 6165/6165/6165 6164/6164/6164 6168/6168/6168
f 6169/6169/6169 6170/6170/6170 6171/6171/6171
f 6172/6172/6172 6173/6173/6173 6174/6174/6174
f 6174/6174/6174 6175/6175/6175 6172/6172/6172
f 6176/6176/6176 6177/6177/6177 6178/6178/6178
f 6141/6141/6141 6139/6139/6139 6179/6179/6179
f 6180/6180/6180 6176/6176/6176 6178/6178/6178
f 4203/4203/4203 4202/4202/4202 6181/6181/6181
f 6182/6182/6182 6183/6183/6183 6184/6184/6184
f 6185/6185/6185 6182/6182/6182 6184/6184/6184
f 6182/6182/6182 6186/6186/6186 6183/6183/6183
f 6187/6187/6187 6188/6188/6188 6189/6189/6189
f 6190/6190/6190 6191/6191/6191 6192/6192/6192
f 6193/6193/6193 6168/6168/6168 6164/6164/6164
f 6170/6170/6170 6169/6169/6169 6194/6194/6194
f 6195/6195/6195 6196/6196/6196 6197/6197/6197
f 6198/6198/6198 6199/6199/6199 6200/6200/6200
f 6197/6197/6197 6201/6201/6201 6195/6195/6195
f 6182/6182/6182 6185/6185/6185 4245/4245/4245
f 6202/6202/6202 6203/6203/6203 6204/6204/6204
f 6205/6205/6205 6206/6206/6206 6207/6207/6207
f 6204/6204/6204 6208/6208/6208 6202/6202/6202
f 6209/6209/6209 6210/6210/6210 6211/6211/6211
f 6209/6209/6209 6211/6211/6211 6212/6212/6212
f 6169/6169/6169 6213/6213/6213 6194/6194/6194
f 6174/6174/6174 6214/6214/6214 6175/6175/6175
f 6215/6215/6215 6216/6216/6216 6217/6217/6217
f 6218/6218/6218 6219/6219/6219 6220/6220/6220
f 6221/6221/6221 6218/6218/6218 6220/6220/6220
f 6215/6215/6215 6217/6217/6217 6222/6222/6222
f 6223/6223/6223 6224/6224/6224 6225/6225/6225
f 6223/6223/6223 6225/6225/6225 6226/6226/6226
f 6227/6227/6227 6228/6228/6228 6229/6229/6229
f 6230/6230/6230 6231/6231/6231 6232/6232/6232
f 6232/6232/6232 6233/6233/6233 6230/6230/6230
f 6228/6228/6228 6227/6227/6227 6234/6234/6234
f 6235/6235/6235 6236/6236/6236 6237/6237/6237
f 6238/6238/6238 6239/6239/6239 6240/6240/6240
f 6237/6237/6237 6241/6241/6241 6235/6235/6235
f 6242/6242/6242 6243/6243/6243 6244/6244/6244
f 6245/6245/6245 6246/6246/6246 6247/6247/6247
f 6245/6245/6245 6247/6247/6247 6248/6248/6248
f 4245/4245/4245 6185/6185/6185 4246/4246/4246
f 6249/6249/6249 6250/6250/6250 6251/6251/6251
f 6239/6239/6239 6238/6238/6238 6252/6252/6252
f 6250/6250/6250 6249/6249/6249 6253/6253/6253
f 6254/6254/6254 6255/6255/6255 6256/6256/6256
f 6257/6257/6257 6258/6258/6258 6259/6259/6259
f 6241/6241/6241 6237/6237/6237 6260/6260/6260
f 6261/6261/6261 6253/6253/6253 6249/6249/6249
f 4240/4240/4240 6262/6262/6262 4241/4241/4241
f 6263/6263/6263 6264/6264/6264 6265/6265/6265
f 6265/6265/6265 6266/6266/6266 6263/6263/6263
f 6242/6242/6242 6267/6267/6267 6243/6243/6243
f 6206/6206/6206 6205/6205/6205 6268/6268/6268
f 6254/6254/6254 6269/6269/6269 6255/6255/6255
f 6270/6270/6270 6271/6271/6271 6272/6272/6272
f 6273/6273/6273 6274/6274/6274 6275/6275/6275
f 6276/6276/6276 6277/6277/6277 6278/6278/6278
f 6279/6279/6279 6280/6280/6280 6281/6281/6281
f 6282/6282/6282 6274/6274/6274 6273/6273/6273
f 6283/6283/6283 6284/6284/6284 6285/6285/6285
f 6286/6286/6286 6226/6226/6226 6225/6225/6225
f 6287/6287/6287 6288/6288/6288 6289/6289/6289
f 6290/6290/6290 6234/6234/6234 6227/6227/6227
f 6291/6291/6291 6292/6292/6292 6293/6293/6293
f 6294/6294/6294 6295/6295/6295 6296/6296/6296
f 6297/6297/6297 6298/6298/6298 6299/6299/6299
f 6300/6300/6300 6301/6301/6301 6302/6302/6302
f 6303/6303/6303 6248/6248/6248 6247/6247/6247
f 6304/6304/6304 6305/6305/6305 6306/6306/6306
f 6307/6307/6307 6308/6308/6308 6309/6309/6309
f 6310/6310/6310 6311/6311/6311 6312/6312/6312
f 3246/3246/3246 6313/6313/6313 3247/3247/3247
f 6312/6312/6312 6314/6314/6314 6310/6310/6310
f 6315/6315/6315 6311/6311/6311 6316/6316/6316
f 6317/6317/6317 6153/6153/6153 3963/3963/3963
f 6316/6316/6316 6318/6318/6318 6315/6315/6315
f 6310/6310/6310 6319/6319/6319 6311/6311/6311
f 6311/6311/6311 6319/6319/6319 6316/6316/6316
f 6320/6320/6320 6321/6321/6321 6322/6322/6322
f 6323/6323/6323 6324/6324/6324 6325/6325/6325
f 6320/6320/6320 6322/6322/6322 6326/6326/6326
f 6327/6327/6327 6328/6328/6328 6329/6329/6329
f 6326/6326/6326 6330/6330/6330 6320/6320/6320
f 6331/6331/6331 6322/6322/6322 6321/6321/6321
f 6332/6332/6332 6333/6333/6333 6334/6334/6334
f 6321/6321/6321 6335/6335/6335 6331/6331/6331
f 6322/6322/6322 6331/6331/6331 6336/6336/6336
f 6322/6322/6322 6336/6336/6336 6326/6326/6326
f 6337/6337/6337 6338/6338/6338 6339/6339/6339
f 6340/6340/6340 6341/6341/6341 6342/6342/6342
f 6343/6343/6343 6344/6344/6344 6345/6345/6345
f 6346/6346/6346 6347/6347/6347 6348/6348/6348
f 6349/6349/6349 6350/6350/6350 6351/6351/6351
f 6352/6352/6352 6353/6353/6353 6354/6354/6354
f 6355/6355/6355 6356/6356/6356 6357/6357/6357
f 6358/6358/6358 3266/3266/3266 3255/3255/3255
f 6359/6359/6359 6360/6360/6360 6361/6361/6361
f 6362/6362/6362 6363/6363/6363 6364/6364/6364
f 6365/6365/6365 6357/6357/6357 6356/6356/6356
f 6366/6366/6366 6365/6365/6365 6356/6356/6356
f 6367/6367/6367 6368/6368/6368 6369/6369/6369
f 6364/6364/6364 6370/6370/6370 6362/6362/6362
f 3266/3266/3266 6358/6358/6358 6371/6371/6371
f 6372/6372/6372 6373/6373/6373 6374/6374/6374
f 6375/6375/6375 6376/6376/6376 6377/6377/6377
f 6372/6372/6372 6374/6374/6374 6378/6378/6378
f 6377/6377/6377 6379/6379/6379 4589/4589/4589
f 6380/6380/6380 6381/6381/6381 6372/6372/6372
f 6377/6377/6377 4589/4589/4589 6375/6375/6375
f 6378/6378/6378 6380/6380/6380 6372/6372/6372
f 6382/6382/6382 6383/6383/6383 6384/6384/6384
f 6385/6385/6385 6386/6386/6386 6387/6387/6387
f 6382/6382/6382 6388/6388/6388 6389/6389/6389
f 6384/6384/6384 6388/6388/6388 6382/6382/6382
f 6387/6387/6387 6390/6390/6390 6385/6385/6385
f 6391/6391/6391 6384/6384/6384 6383/6383/6383
f 6392/6392/6392 6393/6393/6393 6386/6386/6386
f 6385/6385/6385 6392/6392/6392 6386/6386/6386
f 6394/6394/6394 6395/6395/6395 6396/6396/6396
f 6397/6397/6397 6398/6398/6398 6399/6399/6399
f 6400/6400/6400 6397/6397/6397 6399/6399/6399
f 6401/6401/6401 6402/6402/6402 6353/6353/6353
f 6353/6353/6353 6352/6352/6352 6401/6401/6401
f 6402/6402/6402 6401/6401/6401 6403/6403/6403
f 6403/6403/6403 6404/6404/6404 6402/6402/6402
f 6352/6352/6352 6405/6405/6405 6401/6401/6401
f 6406/6406/6406 6401/6401/6401 6405/6405/6405
f 6407/6407/6407 6403/6403/6403 6401/6401/6401
f 6408/6408/6408 6409/6409/6409 6410/6410/6410
f 6411/6411/6411 6409/6409/6409 6408/6408/6408
f 6408/6408/6408 6412/6412/6412 6411/6411/6411
f 6413/6413/6413 6410/6410/6410 6414/6414/6414
f 6415/6415/6415 6410/6410/6410 6409/6409/6409
f 6409/6409/6409 6411/6411/6411 6416/6416/6416
f 6417/6417/6417 6376/6376/6376 6375/6375/6375
f 6418/6418/6418 6419/6419/6419 6410/6410/6410
f 6410/6410/6410 6419/6419/6419 6414/6414/6414
f 6415/6415/6415 6418/6418/6418 6410/6410/6410
f 6367/6367/6367 6420/6420/6420 6368/6368/6368
f 6374/6374/6374 6373/6373/6373 6421/6421/6421
f 6422/6422/6422 6423/6423/6423 6424/6424/6424
f 6360/6360/6360 6359/6359/6359 6425/6425/6425
f 6364/6364/6364 6426/6426/6426 6370/6370/6370
f 6370/6370/6370 6426/6426/6426 6397/6397/6397
f 6374/6374/6374 6427/6427/6427 6378/6378/6378
f 6364/6364/6364 6398/6398/6398 6426/6426/6426
f 6426/6426/6426 6398/6398/6398 6397/6397/6397
f 6428/6428/6428 6378/6378/6378 6427/6427/6427
f 4498/4498/4498 6429/6429/6429 4536/4536/4536
f 6430/6430/6430 6431/6431/6431 6432/6432/6432
f 6432/6432/6432 6433/6433/6433 6430/6430/6430
f 6429/6429/6429 6434/6434/6434 4536/4536/4536
f 6435/6435/6435 6436/6436/6436 6330/6330/6330
f 6326/6326/6326 6435/6435/6435 6330/6330/6330
f 6437/6437/6437 6436/6436/6436 6438/6438/6438
f 6439/6439/6439 6440/6440/6440 6437/6437/6437
f 6438/6438/6438 6439/6439/6439 6437/6437/6437
f 6435/6435/6435 6438/6438/6438 6436/6436/6436
f 6441/6441/6441 6442/6442/6442 6440/6440/6440
f 6439/6439/6439 6441/6441/6441 6440/6440/6440
f 4545/4545/4545 4515/4515/4515 4537/4537/4537
f 6443/6443/6443 4545/4545/4545 4537/4537/4537
f 4515/4515/4515 4545/4545/4545 4520/4520/4520
f 4545/4545/4545 6443/6443/6443 6444/6444/6444
f 4545/4545/4545 6444/6444/6444 4546/4546/4546
f 6443/6443/6443 6445/6445/6445 6446/6446/6446
f 6443/6443/6443 6446/6446/6446 6444/6444/6444
f 6447/6447/6447 6444/6444/6444 6446/6446/6446
f 6448/6448/6448 6419/6419/6419 6418/6418/6418
f 6309/6309/6309 6308/6308/6308 6449/6449/6449
f 6415/6415/6415 6450/6450/6450 6418/6418/6418
f 4589/4589/4589 6379/6379/6379 4586/4586/4586
f 6451/6451/6451 6381/6381/6381 6452/6452/6452
f 6381/6381/6381 6380/6380/6380 6452/6452/6452
f 6452/6452/6452 6380/6380/6380 6453/6453/6453
f 6454/6454/6454 6455/6455/6455 6456/6456/6456
f 6457/6457/6457 6458/6458/6458 6459/6459/6459
f 6460/6460/6460 6461/6461/6461 6462/6462/6462
f 6380/6380/6380 6378/6378/6378 6428/6428/6428
f 6463/6463/6463 6384/6384/6384 6391/6391/6391
f 6463/6463/6463 6391/6391/6391 6464/6464/6464
f 6465/6465/6465 4869/4869/4869 4963/4963/4963
f 6466/6466/6466 6465/6465/6465 4963/4963/4963
f 6467/6467/6467 6466/6466/6466 4963/4963/4963
f 4963/4963/4963 6468/6468/6468 6467/6467/6467
f 4737/4737/4737 6469/6469/6469 4738/4738/4738
f 6470/6470/6470 6471/6471/6471 6472/6472/6472
f 6472/6472/6472 6473/6473/6473 6470/6470/6470
f 6474/6474/6474 6475/6475/6475 6476/6476/6476
f 6474/6474/6474 6476/6476/6476 6477/6477/6477
f 6478/6478/6478 6477/6477/6477 6476/6476/6476
f 6479/6479/6479 6478/6478/6478 6476/6476/6476
f 6478/6478/6478 6479/6479/6479 6480/6480/6480
f 6478/6478/6478 6480/6480/6480 6481/6481/6481
f 6482/6482/6482 6483/6483/6483 6484/6484/6484
f 6485/6485/6485 6486/6486/6486 6487/6487/6487
f 4922/4922/4922 4850/4850/4850 6488/6488/6488
f 6489/6489/6489 6490/6490/6490 6491/6491/6491
f 6487/6487/6487 6492/6492/6492 6485/6485/6485
f 6482/6482/6482 5056/5056/5056 6483/6483/6483
f 5056/5056/5056 6482/6482/6482 5057/5057/5057
f 6493/6493/6493 4870/4870/4870 6494/6494/6494
f 6493/6493/6493 6494/6494/6494 6495/6495/6495
f 6496/6496/6496 4876/4876/4876 4874/4874/4874
f 6465/6465/6465 6494/6494/6494 4870/4870/4870
f 4870/4870/4870 4869/4869/4869 6465/6465/6465
f 6494/6494/6494 6497/6497/6497 6498/6498/6498
f 6499/6499/6499 6500/6500/6500 6501/6501/6501
f 6498/6498/6498 6495/6495/6495 6494/6494/6494
f 6494/6494/6494 6465/6465/6465 6466/6466/6466
f 6502/6502/6502 6498/6498/6498 6497/6497/6497
f 6503/6503/6503 6504/6504/6504 6500/6500/6500
f 6500/6500/6500 6499/6499/6499 6503/6503/6503
f 4850/4850/4850 6505/6505/6505 6488/6488/6488
f 6506/6506/6506 6505/6505/6505 4850/4850/4850
f 4850/4850/4850 4877/4877/4877 6507/6507/6507
f 4850/4850/4850 6507/6507/6507 6506/6506/6506
f 6508/6508/6508 6509/6509/6509 6510/6510/6510
f 6511/6511/6511 6509/6509/6509 6508/6508/6508
f 6512/6512/6512 6510/6510/6510 6509/6509/6509
f 6509/6509/6509 6511/6511/6511 6513/6513/6513
f 6514/6514/6514 6515/6515/6515 6516/6516/6516
f 6517/6517/6517 6518/6518/6518 6519/6519/6519
f 6520/6520/6520 6521/6521/6521 6522/6522/6522
f 6523/6523/6523 6524/6524/6524 6525/6525/6525
f 6526/6526/6526 6527/6527/6527 6528/6528/6528
f 6529/6529/6529 6530/6530/6530 6531/6531/6531
f 6532/6532/6532 6533/6533/6533 6529/6529/6529
f 6496/6496/6496 6534/6534/6534 4876/4876/4876
f 6534/6534/6534 6496/6496/6496 6511/6511/6511
f 6513/6513/6513 6511/6511/6511 6496/6496/6496
f 6498/6498/6498 6515/6515/6515 6495/6495/6495
f 6515/6515/6515 6498/6498/6498 6516/6516/6516
f 6535/6535/6535 6504/6504/6504 6536/6536/6536
f 6498/6498/6498 6537/6537/6537 6516/6516/6516
f 6533/6533/6533 6538/6538/6538 6529/6529/6529
f 6504/6504/6504 6539/6539/6539 6540/6540/6540
f 6503/6503/6503 6539/6539/6539 6504/6504/6504
f 6540/6540/6540 6536/6536/6536 6504/6504/6504
f 6541/6541/6541 6542/6542/6542 6543/6543/6543
f 6543/6543/6543 6544/6544/6544 6541/6541/6541
f 6536/6536/6536 6540/6540/6540 6545/6545/6545
f 6546/6546/6546 6547/6547/6547 6536/6536/6536
f 6548/6548/6548 6546/6546/6546 6536/6536/6536
f 6545/6545/6545 6548/6548/6548 6536/6536/6536
f 6549/6549/6549 6550/6550/6550 6551/6551/6551
f 6552/6552/6552 6553/6553/6553 6554/6554/6554
f 6555/6555/6555 6529/6529/6529 6538/6538/6538
f 6553/6553/6553 6556/6556/6556 6557/6557/6557
f 6558/6558/6558 6554/6554/6554 6553/6553/6553
f 6553/6553/6553 6557/6557/6557 6558/6558/6558
f 6550/6550/6550 6549/6549/6549 6559/6559/6559
f 6559/6559/6559 6560/6560/6560 6550/6550/6550
f 6541/6541/6541 6544/6544/6544 6466/6466/6466
f 6467/6467/6467 6541/6541/6541 6466/6466/6466
f 6561/6561/6561 6562/6562/6562 6563/6563/6563
f 6564/6564/6564 6565/6565/6565 6566/6566/6566
f 6567/6567/6567 6528/6528/6528 6527/6527/6527
f 6568/6568/6568 6569/6569/6569 6530/6530/6530
f 6530/6530/6530 6529/6529/6529 6568/6568/6568
f 6570/6570/6570 5053/5053/5053 5058/5058/5058
f 6571/6571/6571 6572/6572/6572 6573/6573/6573
f 5064/5064/5064 6574/6574/6574 5063/5063/5063
f 6575/6575/6575 5063/5063/5063 6574/6574/6574
f 6572/6572/6572 6571/6571/6571 6576/6576/6576
f 6572/6572/6572 6576/6576/6576 6577/6577/6577
f 6578/6578/6578 6577/6577/6577 6579/6579/6579
f 6579/6579/6579 6580/6580/6580 6578/6578/6578
f 6568/6568/6568 6581/6581/6581 6569/6569/6569
f 6579/6579/6579 6577/6577/6577 6576/6576/6576
f 6582/6582/6582 6579/6579/6579 6576/6576/6576
f 6576/6576/6576 6583/6583/6583 6582/6582/6582
f 6584/6584/6584 6585/6585/6585 5089/5089/5089
f 5089/5089/5089 6585/6585/6585 5093/5093/5093
f 6585/6585/6585 6584/6584/6584 6586/6586/6586
f 6587/6587/6587 6588/6588/6588 6589/6589/6589
f 6590/6590/6590 6591/6591/6591 6592/6592/6592
f 6589/6589/6589 6593/6593/6593 6587/6587/6587
f 6582/6582/6582 6594/6594/6594 6579/6579/6579
f 6595/6595/6595 6596/6596/6596 6597/6597/6597
f 6588/6588/6588 6598/6598/6598 6589/6589/6589
f 6597/6597/6597 6599/6599/6599 6595/6595/6595
f 6555/6555/6555 6568/6568/6568 6529/6529/6529
f 6583/6583/6583 6600/6600/6600 6582/6582/6582
f 6554/6554/6554 6558/6558/6558 6595/6595/6595
f 6595/6595/6595 6599/6599/6599 6554/6554/6554
f 6595/6595/6595 6558/6558/6558 6557/6557/6557
f 6557/6557/6557 6596/6596/6596 6595/6595/6595
f 6601/6601/6601 6596/6596/6596 6557/6557/6557
f 6602/6602/6602 6603/6603/6603 6604/6604/6604
f 6590/6590/6590 6605/6605/6605 6591/6591/6591
f 6606/6606/6606 6607/6607/6607 6602/6602/6602
f 6606/6606/6606 6602/6602/6602 6608/6608/6608
f 6607/6607/6607 6603/6603/6603 6602/6602/6602
f 6609/6609/6609 6610/6610/6610 6611/6611/6611
f 6612/6612/6612 6613/6613/6613 6614/6614/6614
f 6611/6611/6611 6615/6615/6615 6609/6609/6609
f 6616/6616/6616 6617/6617/6617 6618/6618/6618
f 6619/6619/6619 6620/6620/6620 6621/6621/6621
f 6622/6622/6622 6623/6623/6623 6624/6624/6624
f 6620/6620/6620 6619/6619/6619 6625/6625/6625
f 6626/6626/6626 6627/6627/6627 6628/6628/6628
f 6629/6629/6629 6630/6630/6630 6631/6631/6631
f 6631/6631/6631 6632/6632/6632 6629/6629/6629
f 6633/6633/6633 6634/6634/6634 6635/6635/6635
f 6626/6626/6626 6636/6636/6636 6627/6627/6627
f 6635/6635/6635 6637/6637/6637 6633/6633/6633
f 6638/6638/6638 6639/6639/6639 6640/6640/6640
f 6640/6640/6640 6641/6641/6641 6638/6638/6638
f 6642/6642/6642 6643/6643/6643 6644/6644/6644
f 6645/6645/6645 6646/6646/6646 6647/6647/6647
f 6645/6645/6645 6647/6647/6647 6648/6648/6648
f 6649/6649/6649 6650/6650/6650 6651/6651/6651
f 6652/6652/6652 6653/6653/6653 6654/6654/6654
f 6655/6655/6655 6656/6656/6656 6657/6657/6657
f 6658/6658/6658 6659/6659/6659 6660/6660/6660
f 6661/6661/6661 6662/6662/6662 6663/6663/6663
f 6664/6664/6664 6665/6665/6665 6666/6666/6666
f 6663/6663/6663 6667/6667/6667 6661/6661/6661
f 6668/6668/6668 6669/6669/6669 6670/6670/6670
f 6668/6668/6668 6670/6670/6670 6671/6671/6671
f 6656/6656/6656 6655/6655/6655 6672/6672/6672
f 6673/6673/6673 6674/6674/6674 6675/6675/6675
f 6664/6664/6664 6676/6676/6676 6665/6665/6665
f 6677/6677/6677 6678/6678/6678 6679/6679/6679
f 6680/6680/6680 6681/6681/6681 6682/6682/6682
f 6680/6680/6680 6682/6682/6682 6683/6683/6683
f 6680/6680/6680 6683/6683/6683 6684/6684/6684
f 6685/6685/6685 5104/5104/5104 6686/6686/6686
f 6686/6686/6686 6687/6687/6687 6685/6685/6685
f 6688/6688/6688 6689/6689/6689 6690/6690/6690
f 6652/6652/6652 6691/6691/6691 6653/6653/6653
f 6692/6692/6692 6675/6675/6675 6674/6674/6674
f 6693/6693/6693 6694/6694/6694 6695/6695/6695
f 6696/6696/6696 6672/6672/6672 6655/6655/6655
f 6697/6697/6697 6671/6671/6671 6670/6670/6670
f 3662/3662/3662 3664/3664/3664 6698/6698/6698
f 6699/6699/6699 6698/6698/6698 3664/3664/3664
f 6700/6700/6700 6699/6699/6699 3664/3664/3664
f 3664/3664/3664 3666/3666/3666 6700/6700/6700
f 6701/6701/6701 6393/6393/6393 6392/6392/6392
f 6464/6464/6464 6391/6391/6391 6702/6702/6702
f 6703/6703/6703 6698/6698/6698 6699/6699/6699
f 6703/6703/6703 6699/6699/6699 6704/6704/6704
f 6705/6705/6705 6706/6706/6706 6707/6707/6707
f 3666/3666/3666 3686/3686/3686 6708/6708/6708
f 6708/6708/6708 6700/6700/6700 3666/3666/3666
f 3702/3702/3702 3701/3701/3701 6709/6709/6709
f 6709/6709/6709 6710/6710/6710 3702/3702/3702
f 6711/6711/6711 6709/6709/6709 3701/3701/3701
f 6712/6712/6712 3688/3688/3688 3687/3687/3687
f 6713/6713/6713 6714/6714/6714 6715/6715/6715
f 6715/6715/6715 6716/6716/6716 6713/6713/6713
f 6717/6717/6717 6718/6718/6718 6719/6719/6719
f 6720/6720/6720 6721/6721/6721 6717/6717/6717
f 6717/6717/6717 6719/6719/6719 6722/6722/6722
f 6717/6717/6717 6722/6722/6722 6723/6723/6723
f 6723/6723/6723 6720/6720/6720 6717/6717/6717
f 6724/6724/6724 6725/6725/6725 6726/6726/6726
f 6726/6726/6726 6727/6727/6727 6724/6724/6724
f 6728/6728/6728 6729/6729/6729 3784/3784/3784
f 6728/6728/6728 3784/3784/3784 3783/3783/3783
f 3783/3783/3783 6730/6730/6730 6728/6728/6728
f 6731/6731/6731 6732/6732/6732 6725/6725/6725
f 6725/6725/6725 6724/6724/6724 6731/6731/6731
f 6733/6733/6733 6723/6723/6723 6722/6722/6722
f 6734/6734/6734 6735/6735/6735 6736/6736/6736
f 6736/6736/6736 6737/6737/6737 6734/6734/6734
f 6705/6705/6705 5289/5289/5289 6706/6706/6706
f 6705/6705/6705 5290/5290/5290 5289/5289/5289
f 5290/5290/5290 6705/6705/6705 6738/6738/6738
f 5290/5290/5290 6738/6738/6738 6739/6739/6739
f 6739/6739/6739 6740/6740/6740 5290/5290/5290
f 6741/6741/6741 6738/6738/6738 6705/6705/6705
f 6742/6742/6742 6739/6739/6739 6738/6738/6738
f 6738/6738/6738 6741/6741/6741 6742/6742/6742
f 6038/6038/6038 5298/5298/5298 6743/6743/6743
f 6744/6744/6744 6032/6032/6032 6030/6030/6030
f 6743/6743/6743 6745/6745/6745 6038/6038/6038
f 6746/6746/6746 6747/6747/6747 6748/6748/6748
f 6749/6749/6749 6750/6750/6750 6751/6751/6751
f 6752/6752/6752 6753/6753/6753 6754/6754/6754
f 6468/6468/6468 6755/6755/6755 6467/6467/6467
f 6756/6756/6756 6757/6757/6757 6758/6758/6758
f 6759/6759/6759 6760/6760/6760 6761/6761/6761
f 6762/6762/6762 6763/6763/6763 6764/6764/6764
f 6764/6764/6764 6763/6763/6763 6765/6765/6765
f 6766/6766/6766 6767/6767/6767 6768/6768/6768
f 6768/6768/6768 6769/6769/6769 6766/6766/6766
f 6765/6765/6765 6770/6770/6770 6764/6764/6764
f 6771/6771/6771 6772/6772/6772 6773/6773/6773
f 6771/6771/6771 6773/6773/6773 6774/6774/6774
f 6775/6775/6775 6776/6776/6776 6777/6777/6777
f 6747/6747/6747 6746/6746/6746 6778/6778/6778
f 6747/6747/6747 6778/6778/6778 6779/6779/6779
f 6757/6757/6757 6780/6780/6780 6781/6781/6781
f 6781/6781/6781 6758/6758/6758 6757/6757/6757
f 6782/6782/6782 6783/6783/6783 6784/6784/6784
f 6778/6778/6778 6785/6785/6785 6779/6779/6779
f 6783/6783/6783 6786/6786/6786 6784/6784/6784
f 6787/6787/6787 6788/6788/6788 6789/6789/6789
f 6789/6789/6789 6790/6790/6790 6787/6787/6787
f 6791/6791/6791 6784/6784/6784 6786/6786/6786
f 6792/6792/6792 6793/6793/6793 6794/6794/6794
f 6795/6795/6795 6791/6791/6791 6786/6786/6786
f 6796/6796/6796 6797/6797/6797 6798/6798/6798
f 6799/6799/6799 6796/6796/6796 6798/6798/6798
f 6800/6800/6800 6801/6801/6801 6802/6802/6802
f 6803/6803/6803 6804/6804/6804 6805/6805/6805
f 5885/5885/5885 6806/6806/6806 5886/5886/5886
f 6807/6807/6807 6808/6808/6808 6809/6809/6809
f 6809/6809/6809 6810/6810/6810 6807/6807/6807
f 6811/6811/6811 6812/6812/6812 6813/6813/6813
f 6813/6813/6813 6814/6814/6814 6811/6811/6811
f 3763/3763/3763 5863/5863/5863 3764/3764/3764
f 6815/6815/6815 6816/6816/6816 6817/6817/6817
f 6816/6816/6816 6815/6815/6815 6818/6818/6818
f 3765/3765/3765 5908/5908/5908 3762/3762/3762
f 6819/6819/6819 6820/6820/6820 6821/6821/6821
f 6822/6822/6822 6823/6823/6823 6824/6824/6824
f 6825/6825/6825 6824/6824/6824 6823/6823/6823
f 6826/6826/6826 3766/3766/3766 3762/3762/3762
f 3762/3762/3762 5907/5907/5907 6826/6826/6826
f 6730/6730/6730 3783/3783/3783 3786/3786/3786
f 3786/3786/3786 6827/6827/6827 6730/6730/6730
f 6827/6827/6827 3786/3786/3786 6828/6828/6828
f 6829/6829/6829 6830/6830/6830 6831/6831/6831
f 6832/6832/6832 6833/6833/6833 3786/3786/3786
f 3786/3786/3786 3787/3787/3787 6832/6832/6832
f 6834/6834/6834 6835/6835/6835 6836/6836/6836
f 6837/6837/6837 6838/6838/6838 6839/6839/6839
f 6832/6832/6832 6840/6840/6840 6833/6833/6833
f 6841/6841/6841 6842/6842/6842 6843/6843/6843
f 3787/3787/3787 6844/6844/6844 6845/6845/6845
f 6846/6846/6846 6847/6847/6847 6848/6848/6848
f 6849/6849/6849 6832/6832/6832 3787/3787/3787
f 6845/6845/6845 6849/6849/6849 3787/3787/3787
f 6850/6850/6850 6851/6851/6851 6852/6852/6852
f 6853/6853/6853 6854/6854/6854 6855/6855/6855
f 6856/6856/6856 6857/6857/6857 6858/6858/6858
f 6859/6859/6859 6860/6860/6860 6861/6861/6861
f 6862/6862/6862 6863/6863/6863 6864/6864/6864
f 6862/6862/6862 6864/6864/6864 6865/6865/6865
f 6866/6866/6866 6867/6867/6867 6868/6868/6868
f 6866/6866/6866 6868/6868/6868 6869/6869/6869
f 6870/6870/6870 6871/6871/6871 6872/6872/6872
f 6873/6873/6873 6874/6874/6874 6875/6875/6875
f 6873/6873/6873 6875/6875/6875 6876/6876/6876
f 6877/6877/6877 6878/6878/6878 6879/6879/6879
f 6860/6860/6860 6859/6859/6859 6880/6880/6880
f 6871/6871/6871 6870/6870/6870 6881/6881/6881
f 6882/6882/6882 6883/6883/6883 6884/6884/6884
f 6877/6877/6877 6885/6885/6885 6878/6878/6878
f 6116/6116/6116 6886/6886/6886 6112/6112/6112
f 6887/6887/6887 6888/6888/6888 6889/6889/6889
f 6889/6889/6889 6890/6890/6890 6887/6887/6887
f 6891/6891/6891 6892/6892/6892 6893/6893/6893
f 6883/6883/6883 6882/6882/6882 6894/6894/6894
f 6119/6119/6119 6895/6895/6895 6896/6896/6896
f 6897/6897/6897 6898/6898/6898 6899/6899/6899
f 6895/6895/6895 6119/6119/6119 6118/6118/6118
f 6900/6900/6900 6901/6901/6901 6902/6902/6902
f 6903/6903/6903 6904/6904/6904 6905/6905/6905
f 6905/6905/6905 6906/6906/6906 6903/6903/6903
f 6907/6907/6907 6826/6826/6826 5907/5907/5907
f 5907/5907/5907 6004/6004/6004 6907/6907/6907
f 6908/6908/6908 6909/6909/6909 6910/6910/6910
f 6901/6901/6901 6900/6900/6900 6911/6911/6911
f 6912/6912/6912 6913/6913/6913 6914/6914/6914
f 6909/6909/6909 6908/6908/6908 6915/6915/6915
f 6916/6916/6916 6917/6917/6917 6918/6918/6918
f 6918/6918/6918 6919/6919/6919 6916/6916/6916
f 6913/6913/6913 6912/6912/6912 6920/6920/6920
f 6853/6853/6853 6921/6921/6921 6854/6854/6854
f 6922/6922/6922 6923/6923/6923 6924/6924/6924
f 6925/6925/6925 6926/6926/6926 6927/6927/6927
f 6928/6928/6928 6929/6929/6929 6930/6930/6930
f 6931/6931/6931 6881/6881/6881 6870/6870/6870
f 6932/6932/6932 6933/6933/6933 6934/6934/6934
f 6935/6935/6935 6936/6936/6936 6937/6937/6937
f 6938/6938/6938 6939/6939/6939 6940/6940/6940
f 6941/6941/6941 6942/6942/6942 6943/6943/6943
f 6885/6885/6885 6877/6877/6877 6944/6944/6944
f 6945/6945/6945 6894/6894/6894 6882/6882/6882
f 6946/6946/6946 6838/6838/6838 6837/6837/6837
f 6946/6946/6946 6837/6837/6837 6947/6947/6947
f 6948/6948/6948 6845/6845/6845 6844/6844/6844
f 6949/6949/6949 6948/6948/6948 6844/6844/6844
f 6950/6950/6950 6949/6949/6949 6844/6844/6844
f 6844/6844/6844 6951/6951/6951 6950/6950/6950
f 6840/6840/6840 6832/6832/6832 6952/6952/6952
f 6953/6953/6953 6954/6954/6954 6955/6955/6955
f 6849/6849/6849 6952/6952/6952 6832/6832/6832
f 6954/6954/6954 6953/6953/6953 6956/6956/6956
f 6957/6957/6957 6958/6958/6958 6793/6793/6793
f 6793/6793/6793 6958/6958/6958 6959/6959/6959
f 6793/6793/6793 6959/6959/6959 6960/6960/6960
f 6793/6793/6793 6960/6960/6960 6961/6961/6961
f 6793/6793/6793 6961/6961/6961 6794/6794/6794
f 6849/6849/6849 6957/6957/6957 6952/6952/6952
f 6958/6958/6958 6957/6957/6957 6959/6959/6959
f 6957/6957/6957 6849/6849/6849 6845/6845/6845
f 6957/6957/6957 6845/6845/6845 6948/6948/6948
f 6948/6948/6948 6959/6959/6959 6957/6957/6957
f 6962/6962/6962 6963/6963/6963 6964/6964/6964
f 6965/6965/6965 6964/6964/6964 6963/6963/6963
f 6966/6966/6966 6967/6967/6967 6968/6968/6968
f 6969/6969/6969 6968/6968/6968 6967/6967/6967
f 6950/6950/6950 6970/6970/6970 6949/6949/6949
f 6971/6971/6971 6972/6972/6972 6973/6973/6973
f 6961/6961/6961 6974/6974/6974 6794/6794/6794
f 6972/6972/6972 6971/6971/6971 6975/6975/6975
f 6976/6976/6976 6977/6977/6977 6978/6978/6978
f 6979/6979/6979 6794/6794/6794 6974/6974/6974
f 6950/6950/6950 6980/6980/6980 6970/6970/6970
f 6980/6980/6980 6950/6950/6950 6981/6981/6981
f 6980/6980/6980 6981/6981/6981 6982/6982/6982
f 6983/6983/6983 6978/6978/6978 6977/6977/6977
f 6981/6981/6981 6950/6950/6950 6951/6951/6951
f 6984/6984/6984 6985/6985/6985 6826/6826/6826
f 6826/6826/6826 6907/6907/6907 6984/6984/6984
f 6981/6981/6981 6986/6986/6986 6982/6982/6982
f 6987/6987/6987 6986/6986/6986 6981/6981/6981
f 6988/6988/6988 6989/6989/6989 6990/6990/6990
f 6991/6991/6991 6988/6988/6988 6990/6990/6990
f 6992/6992/6992 6993/6993/6993 6994/6994/6994
f 6070/6070/6070 6995/6995/6995 6071/6071/6071
f 6996/6996/6996 6997/6997/6997 6998/6998/6998
f 6999/6999/6999 7000/7000/7000 6042/6042/6042
f 6998/6998/6998 6068/6068/6068 6996/6996/6996
f 7001/7001/7001 7002/7002/7002 7003/7003/7003
f 7003/7003/7003 7004/7004/7004 7001/7001/7001
f 7000/7000/7000 7005/7005/7005 7006/7006/7006
f 7006/7006/7006 6042/6042/6042 7000/7000/7000
f 7007/7007/7007 6076/6076/6076 6059/6059/6059
f 6996/6996/6996 6068/6068/6068 6077/6077/6077
f 7008/7008/7008 7009/7009/7009 7010/7010/7010
f 6076/6076/6076 7007/7007/7007 7011/7011/7011
f 7012/7012/7012 7003/7003/7003 7002/7002/7002
f 7009/7009/7009 7008/7008/7008 7013/7013/7013
f 7009/7009/7009 7013/7013/7013 7014/7014/7014
f 7015/7015/7015 5104/5104/5104 7016/7016/7016
f 7016/7016/7016 5104/5104/5104 6685/6685/6685
f 7017/7017/7017 7018/7018/7018 7019/7019/7019
f 7020/7020/7020 7017/7017/7017 7019/7019/7019
f 7021/7021/7021 7022/7022/7022 7023/7023/7023
f 7004/7004/7004 7003/7003/7003 7024/7024/7024
f 7005/7005/7005 7025/7025/7025 7006/7006/7006
f 7003/7003/7003 7026/7026/7026 7024/7024/7024
f 7027/7027/7027 7026/7026/7026 7003/7003/7003
f 7003/7003/7003 7012/7012/7012 7027/7027/7027
f 7028/7028/7028 7024/7024/7024 7029/7029/7029
f 7030/7030/7030 7031/7031/7031 7032/7032/7032
f 7028/7028/7028 7029/7029/7029 7033/7033/7033
f 7028/7028/7028 7033/7033/7033 7034/7034/7034
f 6800/6800/6800 7035/7035/7035 7036/7036/7036
f 7037/7037/7037 6800/6800/6800 7036/7036/7036
f 7038/7038/7038 7039/7039/7039 7040/7040/7040
f 7034/7034/7034 7041/7041/7041 7028/7028/7028
f 7033/7033/7033 7024/7024/7024 7026/7026/7026
f 7042/7042/7042 7033/7033/7033 7026/7026/7026
f 7043/7043/7043 7044/7044/7044 7045/7045/7045
f 7033/7033/7033 7029/7029/7029 7024/7024/7024
f 7046/7046/7046 7047/7047/7047 7048/7048/7048
f 7049/7049/7049 7047/7047/7047 7046/7046/7046
f 7050/7050/7050 7049/7049/7049 7046/7046/7046
f 7051/7051/7051 6085/6085/6085 7006/7006/7006
f 7052/7052/7052 7053/7053/7053 7054/7054/7054
f 7055/7055/7055 7056/7056/7056 6796/6796/6796
f 7057/7057/7057 7052/7052/7052 7054/7054/7054
f 7055/7055/7055 6796/6796/6796 6799/6799/6799
f 7058/7058/7058 6791/6791/6791 6795/6795/6795
f 7006/7006/7006 6085/6085/6085 6042/6042/6042
f 7052/7052/7052 7059/7059/7059 7053/7053/7053
f 6081/6081/6081 7060/7060/7060 7061/7061/7061
f 7061/7061/7061 6086/6086/6086 6081/6081/6081
f 7062/7062/7062 7063/7063/7063 7064/7064/7064
f 7065/7065/7065 6794/6794/6794 7066/7066/7066
f 7066/7066/7066 7067/7067/7067 7065/7065/7065
f 6678/6678/6678 7068/7068/7068 7069/7069/7069
f 7070/7070/7070 7071/7071/7071 7072/7072/7072
f 7070/7070/7070 7072/7072/7072 7073/7073/7073
f 7074/7074/7074 6678/6678/6678 7069/7069/7069
f 7075/7075/7075 7076/7076/7076 7077/7077/7077
f 7075/7075/7075 7077/7077/7077 7078/7078/7078
f 6991/6991/6991 7079/7079/7079 6988/6988/6988
f 7080/7080/7080 7081/7081/7081 7082/7082/7082
f 7083/7083/7083 7084/7084/7084 7085/7085/7085
f 7072/7072/7072 7086/7086/7086 7087/7087/7087
f 7088/7088/7088 7073/7073/7073 7072/7072/7072
f 7089/7089/7089 7088/7088/7088 7072/7072/7072
f 7087/7087/7087 7089/7089/7089 7072/7072/7072
f 7090/7090/7090 6801/6801/6801 7091/7091/7091
f 6678/6678/6678 7074/7074/7074 7092/7092/7092
f 6678/6678/6678 7092/7092/7092 6679/6679/6679
f 7093/7093/7093 7094/7094/7094 7095/7095/7095
f 7096/7096/7096 6679/6679/6679 7092/7092/7092
f 7097/7097/7097 7096/7096/7096 7092/7092/7092
f 7093/7093/7093 7095/7095/7095 7098/7098/7098
f 7094/7094/7094 7091/7091/7091 7095/7095/7095
f 7099/7099/7099 7091/7091/7091 6801/6801/6801
f 6800/6800/6800 7099/7099/7099 6801/6801/6801
f 7091/7091/7091 7099/7099/7099 7095/7095/7095
f 7099/7099/7099 6800/6800/6800 7037/7037/7037
f 7100/7100/7100 7101/7101/7101 7102/7102/7102
f 7103/7103/7103 7104/7104/7104 7105/7105/7105
f 7105/7105/7105 7106/7106/7106 7103/7103/7103
f 7047/7047/7047 7098/7098/7098 7095/7095/7095
f 7048/7048/7048 7047/7047/7047 7095/7095/7095
f 7106/7106/7106 7105/7105/7105 7107/7107/7107
f 7108/7108/7108 7107/7107/7107 7105/7105/7105
f 6979/6979/6979 7066/7066/7066 6794/6794/6794
f 7109/7109/7109 6609/6609/6609 6615/6615/6615
f 7110/7110/7110 7111/7111/7111 7112/7112/7112
f 5104/5104/5104 7113/7113/7113 6062/6062/6062
f 7114/7114/7114 7115/7115/7115 7116/7116/7116
f 7113/7113/7113 5104/5104/5104 7015/7015/7015
f 7013/7013/7013 7008/7008/7008 7117/7117/7117
f 7018/7018/7018 7118/7118/7118 7119/7119/7119
f 7120/7120/7120 7121/7121/7121 7122/7122/7122
f 7123/7123/7123 7124/7124/7124 7125/7125/7125
f 7126/7126/7126 7127/7127/7127 7128/7128/7128
f 7128/7128/7128 7129/7129/7129 7126/7126/7126
f 7124/7124/7124 7123/7123/7123 7130/7130/7130
f 7131/7131/7131 7132/7132/7132 7133/7133/7133
f 6641/6641/6641 6640/6640/6640 7134/7134/7134
f 6642/6642/6642 7135/7135/7135 6643/6643/6643
f 7136/7136/7136 7137/7137/7137 7138/7138/7138
f 7136/7136/7136 7138/7138/7138 7139/7139/7139
f 7140/7140/7140 7141/7141/7141 7142/7142/7142
f 7143/7143/7143 7144/7144/7144 7145/7145/7145
f 7118/7118/7118 7018/7018/7018 7017/7017/7017
f 7044/7044/7044 6685/6685/6685 7045/7045/7045
f 7146/7146/7146 7147/7147/7147 7148/7148/7148
f 7149/7149/7149 7150/7150/7150 7151/7151/7151
f 7152/7152/7152 7153/7153/7153 7154/7154/7154
f 7132/7132/7132 7131/7131/7131 7155/7155/7155
f 7153/7153/7153 7156/7156/7156 7154/7154/7154
f 6687/6687/6687 7157/7157/7157 7045/7045/7045
f 7045/7045/7045 6685/6685/6685 6687/6687/6687
f 7158/7158/7158 7159/7159/7159 7160/7160/7160
f 7161/7161/7161 7162/7162/7162 7163/7163/7163
f 7164/7164/7164 7165/7165/7165 7166/7166/7166
f 7164/7164/7164 7167/7167/7167 7165/7165/7165
f 7168/7168/7168 7169/7169/7169 7170/7170/7170
f 7171/7171/7171 6103/6103/6103 6102/6102/6102
f 7172/7172/7172 7171/7171/7171 6102/6102/6102
f 7173/7173/7173 7174/7174/7174 7175/7175/7175
f 6104/6104/6104 7176/7176/7176 7177/7177/7177
f 7177/7177/7177 6100/6100/6100 6104/6104/6104
f 7178/7178/7178 7177/7177/7177 7176/7176/7176
f 7176/7176/7176 7179/7179/7179 7178/7178/7178
f 6105/6105/6105 7180/7180/7180 6110/6110/6110
f 7180/7180/7180 7181/7181/7181 6110/6110/6110
f 7182/7182/7182 7183/7183/7183 7184/7184/7184
f 7185/7185/7185 7186/7186/7186 7187/7187/7187
f 7184/7184/7184 7188/7188/7188 7182/7182/7182
f 7189/7189/7189 7184/7184/7184 7183/7183/7183
f 7186/7186/7186 7185/7185/7185 7190/7190/7190
f 7183/7183/7183 7191/7191/7191 7189/7189/7189
f 7181/7181/7181 7192/7192/7192 6110/6110/6110
f 7193/7193/7193 6110/6110/6110 7192/7192/7192
f 6004/6004/6004 6111/6111/6111 6907/6907/6907
f 6110/6110/6110 7193/7193/7193 7194/7194/7194
f 7195/7195/7195 6907/6907/6907 6111/6111/6111
f 7196/7196/7196 7197/7197/7197 7198/7198/7198
f 7198/7198/7198 7197/7197/7197 7199/7199/7199
f 7200/7200/7200 7196/7196/7196 7198/7198/7198
f 7201/7201/7201 7202/7202/7202 7203/7203/7203
f 7198/7198/7198 7204/7204/7204 7200/7200/7200
f 7205/7205/7205 7206/7206/7206 7207/7207/7207
f 7208/7208/7208 7205/7205/7205 7207/7207/7207
f 7209/7209/7209 7208/7208/7208 7207/7207/7207
f 7191/7191/7191 7210/7210/7210 7211/7211/7211
f 7191/7191/7191 7211/7211/7211 7189/7189/7189
f 7212/7212/7212 7211/7211/7211 7210/7210/7210
f 7210/7210/7210 7197/7197/7197 7212/7212/7212
f 7194/7194/7194 7193/7193/7193 7213/7213/7213
f 7214/7214/7214 7215/7215/7215 7216/7216/7216
f 7217/7217/7217 7194/7194/7194 7213/7213/7213
f 7196/7196/7196 7212/7212/7212 7197/7197/7197
f 7218/7218/7218 7219/7219/7219 7220/7220/7220
f 7215/7215/7215 7221/7221/7221 7216/7216/7216
f 7222/7222/7222 7220/7220/7220 7219/7219/7219
f 7216/7216/7216 7221/7221/7221 6907/6907/6907
f 6907/6907/6907 7221/7221/7221 6984/6984/6984
f 6907/6907/6907 7195/7195/7195 7216/7216/7216
f 7220/7220/7220 7222/7222/7222 6987/6987/6987
f 7223/7223/7223 7224/7224/7224 7225/7225/7225
f 7226/7226/7226 6911/6911/6911 6900/6900/6900
f 7227/7227/7227 7228/7228/7228 7229/7229/7229
f 6908/6908/6908 7230/7230/7230 6915/6915/6915
f 7231/7231/7231 7232/7232/7232 7233/7233/7233
f 7234/7234/7234 7204/7204/7204 7199/7199/7199
f 6983/6983/6983 7234/7234/7234 7199/7199/7199
f 7199/7199/7199 6978/6978/6978 6983/6983/6983
f 7234/7234/7234 7200/7200/7200 7204/7204/7204
f 7222/7222/7222 6986/6986/6986 6987/6987/6987
f 7235/7235/7235 7236/7236/7236 7237/7237/7237
f 7236/7236/7236 7238/7238/7238 7237/7237/7237
f 7238/7238/7238 7239/7239/7239 7237/7237/7237
f 7240/7240/7240 7241/7241/7241 7242/7242/7242
f 7241/7241/7241 7243/7243/7243 7242/7242/7242
f 7244/7244/7244 7245/7245/7245 7246/7246/7246
f 7244/7244/7244 7247/7247/7247 7245/7245/7245
f 7248/7248/7248 7249/7249/7249 7250/7250/7250
f 7248/7248/7248 7251/7251/7251 7249/7249/7249
f 7249/7249/7249 7252/7252/7252 7250/7250/7250
f 7253/7253/7253 7254/7254/7254 7255/7255/7255
f 7253/7253/7253 7256/7256/7256 7254/7254/7254
f 7253/7253/7253 7257/7257/7257 7256/7256/7256
f 7258/7258/7258 7259/7259/7259 7260/7260/7260
f 7259/7259/7259 7261/7261/7261 7260/7260/7260
f 7261/7261/7261 7262/7262/7262 7260/7260/7260
f 7263/7263/7263 7264/7264/7264 7265/7265/7265
f 7264/7264/7264 7266/7266/7266 7265/7265/7265
f 7263/7263/7263 7267/7267/7267 7264/7264/7264
f 7267/7267/7267 7268/7268/7268 7264/7264/7264
f 7269/7269/7269 7270/7270/7270 7271/7271/7271
f 7269/7269/7269 7272/7272/7272 7270/7270/7270
f 7272/7272/7272 7273/7273/7273 7270/7270/7270
f 7274/7274/7274 7275/7275/7275 7276/7276/7276
f 7275/7275/7275 7277/7277/7277 7276/7276/7276
f 7274/7274/7274 7278/7278/7278 7275/7275/7275
f 7279/7279/7279 7280/7280/7280 7281/7281/7281
f 7279/7279/7279 7282/7282/7282 7280/7280/7280
f 7280/7280/7280 7283/7283/7283 7281/7281/7281
f 7284/7284/7284 7285/7285/7285 7286/7286/7286
f 7284/7284/7284 7287/7287/7287 7285/7285/7285
f 7287/7287/7287 7288/7288/7288 7285/7285/7285
f 7289/7289/7289 7290/7290/7290 7291/7291/7291
f 7290/7290/7290 7292/7292/7292 7291/7291/7291
f 7289/7289/7289 7293/7293/7293 7290/7290/7290
f 7294/7294/7294 7295/7295/7295 7296/7296/7296
f 7295/7295/7295 7297/7297/7297 7296/7296/7296
f 7295/7295/7295 7298/7298/7298 7297/7297/7297
f 7299/7299/7299 7300/7300/7300 7301/7301/7301
f 7299/7299/7299 7302/7302/7302 7300/7300/7300
f 7302/7302/7302 7303/7303/7303 7300/7300/7300
f 7304/7304/7304 7305/7305/7305 7306/7306/7306
f 7304/7304/7304 7307/7307/7307 7305/7305/7305
f 7308/7308/7308 7309/7309/7309 7310/7310/7310
f 7309/7309/7309 7311/7311/7311 7310/7310/7310
f 7309/7309/7309 7312/7312/7312 7311/7311/7311
f 7313/7313/7313 7314/7314/7314 7315/7315/7315
f 7314/7314/7314 7316/7316/7316 7315/7315/7315
f 7313/7313/7313 7317/7317/7317 7314/7314/7314
f 7318/7318/7318 7319/7319/7319 7320/7320/7320
f 7318/7318/7318 7321/7321/7321 7319/7319/7319
f 7321/7321/7321 7322/7322/7322 7319/7319/7319
f 7323/7323/7323 7324/7324/7324 7325/7325/7325
f 7323/7323/7323 7326/7326/7326 7324/7324/7324
f 7326/7326/7326 7327/7327/7327 7324/7324/7324
f 7328/7328/7328 7329/7329/7329 7330/7330/7330
f 7329/7329/7329 7331/7331/7331 7330/7330/7330
f 7328/7328/7328 7332/7332/7332 7329/7329/7329
f 7333/7333/7333 7334/7334/7334 7335/7335/7335
f 7334/7334/7334 7336/7336/7336 7335/7335/7335
f 7336/7336/7336 7337/7337/7337 7335/7335/7335
f 7338/7338/7338 7339/7339/7339 7340/7340/7340
f 7339/7339/7339 7341/7341/7341 7340/7340/7340
f 7338/7338/7338 7342/7342/7342 7339/7339/7339
f 7343/7343/7343 7344/7344/7344 7345/7345/7345
f 7343/7343/7343 7346/7346/7346 7344/7344/7344
f 7343/7343/7343 7347/7347/7347 7346/7346/7346
f 7348/7348/7348 7349/7349/7349 7350/7350/7350
f 7348/7348/7348 7351/7351/7351 7349/7349/7349
f 7351/7351/7351 7352/7352/7352 7349/7349/7349
f 7353/7353/7353 7354/7354/7354 7355/7355/7355
f 7353/7353/7353 7356/7356/7356 7354/7354/7354
f 7353/7353/7353 7357/7357/7357 7356/7356/7356
f 7358/7358/7358 7359/7359/7359 7360/7360/7360
f 7358/7358/7358 7361/7361/7361 7359/7359/7359
f 7359/7359/7359 7362/7362/7362 7360/7360/7360
f 7363/7363/7363 7364/7364/7364 7365/7365/7365
f 7363/7363/7363 7366/7366/7366 7364/7364/7364
f 7366/7366/7366 7367/7367/7367 7364/7364/7364
f 7368/7368/7368 7369/7369/7369 7370/7370/7370
f 7368/7368/7368 7371/7371/7371 7369/7369/7369
f 7372/7372/7372 7373/7373/7373 7374/7374/7374
f 7375/7375/7375 7376/7376/7376 7377/7377/7377
f 7375/7375/7375 7378/7378/7378 7376/7376/7376
f 7378/7378/7378 7379/7379/7379 7376/7376/7376
f 7380/7380/7380 7381/7381/7381 7382/7382/7382
f 7380/7380/7380 7383/7383/7383 7381/7381/7381
f 7381/7381/7381 7384/7384/7384 7382/7382/7382
f 7385/7385/7385 7386/7386/7386 7387/7387/7387
f 7385/7385/7385 7388/7388/7388 7386/7386/7386
f 7388/7388/7388 7389/7389/7389 7386/7386/7386
f 7390/7390/7390 7391/7391/7391 7392/7392/7392
f 7390/7390/7390 7393/7393/7393 7391/7391/7391
f 7393/7393/7393 7394/7394/7394 7391/7391/7391
f 7395/7395/7395 7396/7396/7396 7397/7397/7397
f 7395/7395/7395 7398/7398/7398 7396/7396/7396
f 7395/7395/7395 7399/7399/7399 7398/7398/7398
f 7400/7400/7400 7401/7401/7401 7402/7402/7402
f 848/848/848 955/955/955 959/959/959
f 7403/7403/7403 7404/7404/7404 7405/7405/7405
f 7406/7406/7406 7407/7407/7407 7408/7408/7408
f 7409/7409/7409 7410/7410/7410 7411/7411/7411
f 7412/7412/7412 7413/7413/7413 7414/7414/7414
f 7413/7413/7413 7415/7415/7415 7414/7414/7414
f 871/871/871 996/996/996 7416/7416/7416
f 7417/7417/7417 7418/7418/7418 7419/7419/7419
f 7420/7420/7420 7421/7421/7421 7422/7422/7422
f 7423/7423/7423 7424/7424/7424 7425/7425/7425
f 7426/7426/7426 7427/7427/7427 7428/7428/7428
f 7429/7429/7429 7430/7430/7430 7431/7431/7431
f 7432/7432/7432 7433/7433/7433 7434/7434/7434
f 7435/7435/7435 7436/7436/7436 7437/7437/7437
f 7438/7438/7438 7439/7439/7439 7440/7440/7440
f 7441/7441/7441 7442/7442/7442 7443/7443/7443
f 7444/7444/7444 7445/7445/7445 7446/7446/7446
f 7447/7447/7447 7448/7448/7448 7449/7449/7449
f 7450/7450/7450 7451/7451/7451 7452/7452/7452
f 7453/7453/7453 7454/7454/7454 7455/7455/7455
f 7456/7456/7456 7457/7457/7457 7458/7458/7458
f 7459/7459/7459 7460/7460/7460 7461/7461/7461
f 7462/7462/7462 7463/7463/7463 7464/7464/7464
f 7465/7465/7465 7466/7466/7466 7467/7467/7467
f 7468/7468/7468 7469/7469/7469 7470/7470/7470
f 7471/7471/7471 7472/7472/7472 7473/7473/7473
f 7474/7474/7474 7475/7475/7475 7476/7476/7476
f 7477/7477/7477 7478/7478/7478 7479/7479/7479
f 7480/7480/7480 7481/7481/7481 7482/7482/7482
f 7483/7483/7483 7484/7484/7484 7485/7485/7485
f 7486/7486/7486 7487/7487/7487 7488/7488/7488
f 7489/7489/7489 7490/7490/7490 7491/7491/7491
f 7489/7489/7489 7492/7492/7492 7490/7490/7490
f 7490/7490/7490 7493/7493/7493 7491/7491/7491
f 7490/7490/7490 7494/7494/7494 7493/7493/7493
f 7494/7494/7494 7495/7495/7495 7493/7493/7493
f 7495/7495/7495 7496/7496/7496 7493/7493/7493
f 7497/7497/7497 7498/7498/7498 7499/7499/7499
f 7497/7497/7497 7500/7500/7500 7498/7498/7498
f 7501/7501/7501 7502/7502/7502 7503/7503/7503
f 7504/7504/7504 7505/7505/7505 7506/7506/7506
f 7504/7504/7504 7507/7507/7507 7505/7505/7505
f 7508/7508/7508 7509/7509/7509 7510/7510/7510
f 7511/7511/7511 7512/7512/7512 7513/7513/7513
f 7511/7511/7511 7514/7514/7514 7512/7512/7512
f 7511/7511/7511 7515/7515/7515 7514/7514/7514
f 7515/7515/7515 7516/7516/7516 7514/7514/7514
f 7515/7515/7515 7517/7517/7517 7516/7516/7516
f 7515/7515/7515 7518/7518/7518 7517/7517/7517
f 7519/7519/7519 7520/7520/7520 7521/7521/7521
f 7520/7520/7520 7522/7522/7522 7521/7521/7521
f 7523/7523/7523 7524/7524/7524 7525/7525/7525
f 7524/7524/7524 7526/7526/7526 7525/7525/7525
f 7526/7526/7526 7527/7527/7527 7525/7525/7525
f 7528/7528/7528 7529/7529/7529 7530/7530/7530
