mtllib Mossback-Stone-Colossus.mtl
o Mossback-Stone-Colossus-Mesh
g Mossback-Stone-Colossus-Mesh
v -0.395508 -0.280273 0.143555
v -0.416992 -0.295898 0.125977
v -0.397461 -0.329102 0.133789
v -0.397461 -0.329102 0.133789
v -0.416992 -0.295898 0.125977
v -0.413086 -0.288086 0.102539
v -0.375977 -0.30957 0.149414
v -0.350586 -0.334961 0.141602
v -0.413086 -0.288086 0.102539
v -0.389648 -0.313477 0.106445
v -0.397461 -0.329102 0.133789
v -0.366211 -0.336914 0.106445
v -0.368164 -0.350586 0.125977
v -0.368164 -0.350586 0.125977
v -0.426758 -0.288086 0.12793
v -0.413086 -0.288086 0.102539
v -0.416992 -0.295898 0.125977
v -0.426758 -0.288086 0.12793
v -0.401367 -0.272461 0.147461
v -0.43457 -0.249023 0.110352
v -0.43457 -0.249023 0.110352
v -0.413086 -0.288086 0.102539
v -0.426758 -0.288086 0.12793
v -0.381836 -0.268555 0.129883
v -0.395508 -0.280273 0.143555
v -0.375977 -0.30957 0.149414
v -0.368164 -0.295898 0.124023
v -0.381836 -0.268555 0.129883
v -0.375977 -0.30957 0.149414
v -0.350586 -0.334961 0.141602
v -0.34668 -0.317383 0.12207
v -0.401367 -0.272461 0.147461
v -0.40918 -0.233398 0.131836
v -0.40918 -0.233398 0.131836
v -0.375977 -0.268555 0.112305
v -0.381836 -0.268555 0.129883
v -0.375977 -0.268555 0.112305
v -0.383789 -0.235352 0.104492
v -0.383789 -0.235352 0.104492
v -0.40918 -0.233398 0.131836
v -0.381836 -0.268555 0.129883
v -0.469727 -0.250977 0.086914
v -0.458008 -0.256836 0.079102
v -0.463867 -0.245117 0.09668
v -0.46582 -0.24707 0.06543
v -0.463867 -0.245117 0.09668
v -0.475586 -0.245117 0.079102
v -0.469727 -0.250977 0.086914
v -0.475586 -0.245117 0.079102
v -0.456055 -0.262695 0.067383
v -0.448242 -0.303711 0.073242
v -0.44043 -0.25293 0.100586
v -0.430664 -0.295898 0.104492
v -0.44043 -0.25293 0.100586
v -0.463867 -0.258789 0.06543
v -0.456055 -0.262695 0.067383
v -0.446289 -0.245117 0.106445
v -0.44043 -0.25293 0.100586
v -0.430664 -0.295898 0.104492
v -0.40332 -0.28418 0.088867
v -0.405273 -0.249023 0.079102
v -0.442383 -0.241211 0.112305
v -0.436523 -0.24707 0.104492
v -0.442383 -0.241211 0.112305
v -0.44043 -0.25293 0.100586
v -0.405273 -0.249023 0.079102
v -0.448242 -0.303711 0.073242
v -0.438477 -0.311523 0.073242
v -0.424805 -0.305664 0.100586
v -0.426758 -0.293945 0.053711
v -0.438477 -0.311523 0.073242
v -0.448242 -0.303711 0.073242
v -0.456055 -0.262695 0.067383
v -0.424805 -0.305664 0.100586
v -0.438477 -0.311523 0.073242
v -0.416992 -0.344727 0.06543
v -0.399414 -0.338867 0.094727
v -0.416992 -0.344727 0.06543
v -0.424805 -0.305664 0.100586
v -0.450195 -0.249023 0.094727
v -0.456055 -0.258789 0.061523
v -0.456055 -0.262695 0.067383
v -0.463867 -0.258789 0.06543
v -0.463867 -0.258789 0.06543
v -0.477539 -0.258789 0.020508
v -0.469727 -0.264648 0.024414
v -0.463867 -0.147461 0.043945
v -0.477539 -0.258789 0.020508
v -0.463867 -0.258789 0.06543
v -0.458008 -0.264648 0.055664
v -0.463867 -0.258789 0.06543
v -0.458008 -0.264648 0.055664
v -0.456055 -0.258789 0.061523
v -0.463867 -0.258789 0.06543
v -0.446289 -0.245117 0.106445
v -0.448242 -0.133789 0.06543
v -0.463867 -0.258789 0.06543
v -0.448242 -0.133789 0.06543
v -0.463867 -0.147461 0.043945
v -0.428711 -0.258789 0.047852
v -0.428711 -0.258789 0.047852
v -0.438477 -0.334961 0.012695
v -0.458008 -0.30957 0.020508
v -0.446289 -0.291992 0.008789
v -0.424805 -0.334961 0.041992
v -0.458008 -0.30957 0.020508
v -0.438477 -0.334961 0.012695
v -0.426758 -0.307617 0.006836
v -0.385742 -0.352539 0.022461
v -0.399414 -0.352539 -0.004883
v -0.393555 -0.327148 -0.006836
v -0.399414 -0.352539 -0.004883
v -0.473633 -0.262695 0.03418
v -0.483398 -0.25293 0.051758
v -0.487305 -0.258789 0.040039
v -0.487305 -0.258789 0.040039
v -0.483398 -0.25293 0.051758
v -0.491211 -0.249023 0.030273
v -0.479492 -0.250977 0.020508
v -0.491211 -0.249023 0.030273
v -0.479492 -0.250977 0.020508
v -0.487305 -0.258789 0.040039
v -0.467773 -0.254883 0.051758
v -0.475586 -0.249023 0.057617
v -0.475586 -0.249023 0.057617
v -0.485352 -0.241211 0.053711
v -0.483398 -0.25293 0.051758
v -0.485352 -0.241211 0.053711
v -0.495117 -0.250977 0.000977
v -0.481445 -0.256836 0.000977
v -0.495117 -0.245117 0.008789
v -0.481445 -0.250977 -0.014648
v -0.495117 -0.250977 0.000977
v -0.495117 -0.245117 0.008789
v -0.495117 -0.24707 -0.008789
v -0.495117 -0.24707 -0.008789
v -0.469727 -0.258789 0.018555
v -0.469727 -0.264648 0.024414
v -0.477539 -0.258789 0.020508
v -0.47168 -0.262695 0.012695
v -0.469727 -0.258789 0.018555
v -0.477539 -0.258789 0.020508
v -0.479492 -0.256836 -0.020508
v -0.473633 -0.141602 0.010742
v -0.477539 -0.249023 -0.02832
v -0.479492 -0.256836 -0.020508
v -0.479492 -0.231445 0.024414
v -0.446289 -0.256836 0.010742
v -0.463867 -0.301758 0.024414
v -0.458008 -0.264648 0.055664
v -0.469727 -0.264648 0.024414
v -0.463867 -0.301758 0.024414
v -0.469727 -0.258789 0.018555
v -0.47168 -0.262695 0.012695
v -0.446289 -0.256836 0.010742
v -0.481445 -0.245117 0.014648
v -0.469727 -0.301758 -0.02832
v -0.459961 -0.305664 0.004883
v -0.47168 -0.262695 0.012695
v -0.47168 -0.262695 0.012695
v -0.459961 -0.305664 0.004883
v -0.43457 -0.299805 -0.000977
v -0.446289 -0.256836 0.010742
v -0.479492 -0.256836 -0.020508
v -0.446289 -0.30957 0.049805
v -0.452148 -0.301758 0.053711
v -0.463867 -0.301758 0.024414
v -0.428711 -0.293945 0.049805
v -0.452148 -0.301758 0.053711
v -0.446289 -0.30957 0.049805
v -0.424805 -0.334961 0.041992
v -0.452148 -0.301758 0.053711
v -0.458008 -0.264648 0.055664
v -0.428711 -0.258789 0.047852
v -0.428711 -0.258789 0.047852
v -0.452148 -0.317383 -0.000977
v -0.452148 -0.317383 -0.000977
v -0.438477 -0.288086 0.010742
v -0.438477 -0.288086 0.010742
v -0.446289 -0.256836 0.010742
v -0.428711 -0.258789 0.047852
v -0.438477 -0.288086 0.010742
v -0.424805 -0.288086 0.041992
v -0.413086 -0.307617 0.036133
v -0.424805 -0.288086 0.041992
v -0.426758 -0.307617 0.006836
v -0.432617 -0.256836 0.004883
v -0.428711 -0.258789 0.047852
v -0.446289 -0.256836 0.010742
v -0.448242 -0.250977 -0.030273
v -0.44043 -0.288086 -0.03418
v -0.448242 -0.250977 -0.030273
v -0.446289 -0.256836 0.010742
v -0.430664 -0.291992 -0.00293
v -0.430664 -0.291992 -0.00293
v -0.366211 -0.358398 0.077148
v -0.399414 -0.338867 0.094727
v -0.416992 -0.344727 0.06543
v -0.37793 -0.338867 0.041992
v -0.381836 -0.364258 0.051758
v -0.381836 -0.364258 0.051758
v -0.40332 -0.317383 0.051758
v -0.424805 -0.305664 0.100586
v -0.399414 -0.338867 0.094727
v -0.387695 -0.311523 0.081055
v -0.362305 -0.333008 0.069336
v -0.366211 -0.358398 0.077148
v -0.399414 -0.28418 0.09082
v -0.399414 -0.28418 0.09082
v -0.389648 -0.313477 0.106445
v -0.368164 -0.295898 0.124023
v -0.368164 -0.295898 0.124023
v -0.366211 -0.336914 0.106445
v -0.389648 -0.313477 0.106445
v -0.405273 -0.249023 0.079102
v -0.43457 -0.249023 0.110352
v -0.405273 -0.249023 0.079102
v -0.387695 -0.311523 0.081055
v -0.401367 -0.282227 0.083008
v -0.40332 -0.28418 0.088867
v -0.40332 -0.28418 0.088867
v -0.401367 -0.282227 0.083008
v -0.405273 -0.249023 0.079102
v -0.401367 -0.282227 0.083008
v -0.387695 -0.311523 0.081055
v -0.418945 -0.290039 0.053711
v -0.418945 -0.290039 0.053711
v -0.40332 -0.317383 0.051758
v -0.362305 -0.333008 0.069336
v -0.424805 -0.334961 0.041992
v -0.385742 -0.352539 0.022461
v -0.379883 -0.327148 0.020508
v -0.413086 -0.307617 0.036133
v -0.413086 -0.307617 0.036133
v -0.428711 -0.293945 0.049805
v -0.424805 -0.334961 0.041992
v -0.370117 -0.352539 0.047852
v -0.370117 -0.362305 0.061523
v -0.370117 -0.352539 0.047852
v -0.370117 -0.362305 0.061523
v -0.381836 -0.364258 0.051758
v -0.37793 -0.338867 0.041992
v -0.418945 -0.290039 0.053711
v -0.37793 -0.338867 0.041992
v -0.362305 -0.333008 0.069336
v -0.370117 -0.352539 0.047852
v -0.385742 -0.352539 0.022461
v -0.387695 -0.352539 0.006836
v -0.37793 -0.34082 0.012695
v -0.387695 -0.352539 0.006836
v -0.37793 -0.34082 0.012695
v -0.379883 -0.327148 0.020508
v -0.385742 -0.352539 0.022461
v -0.385742 -0.34082 -0.004883
v -0.399414 -0.352539 -0.004883
v -0.379883 -0.327148 0.020508
v -0.37793 -0.34082 0.012695
v -0.385742 -0.34082 -0.004883
v -0.379883 -0.327148 0.020508
v -0.393555 -0.327148 -0.006836
v -0.393555 -0.327148 -0.006836
v -0.413086 -0.307617 0.036133
v -0.424805 -0.288086 0.041992
v -0.428711 -0.293945 0.049805
v -0.428711 -0.293945 0.049805
v -0.428711 -0.258789 0.047852
v -0.411133 -0.258789 0.040039
v -0.393555 -0.249023 0.071289
v -0.405273 -0.249023 0.079102
v -0.411133 -0.258789 0.040039
v -0.432617 -0.256836 0.004883
v -0.366211 -0.202148 0.014648
v -0.393555 -0.249023 0.071289
v -0.399414 -0.166992 -0.047852
v -0.448242 -0.250977 -0.030273
v -0.266602 -0.47168 0.12207
v -0.266602 -0.495117 0.120117
v -0.258789 -0.485352 0.129883
v -0.245117 -0.495117 0.129883
v -0.24707 -0.47168 0.129883
v -0.266602 -0.47168 0.12207
v -0.258789 -0.485352 0.129883
v -0.245117 -0.495117 0.129883
v -0.358398 -0.344727 0.116211
v -0.350586 -0.334961 0.141602
v -0.368164 -0.350586 0.125977
v -0.366211 -0.336914 0.106445
v -0.358398 -0.344727 0.116211
v -0.368164 -0.350586 0.125977
v -0.344727 -0.333008 0.125977
v -0.350586 -0.334961 0.141602
v -0.344727 -0.333008 0.125977
v -0.34668 -0.317383 0.12207
v -0.358398 -0.344727 0.116211
v -0.305664 -0.262695 0.125977
v -0.329102 -0.256836 0.112305
v -0.313477 -0.266602 0.114258
v -0.311523 -0.213867 0.125977
v -0.329102 -0.256836 0.112305
v -0.305664 -0.262695 0.125977
v -0.301758 -0.266602 0.09668
v -0.305664 -0.262695 0.125977
v -0.301758 -0.266602 0.09668
v -0.288086 -0.260742 0.100586
v -0.311523 -0.213867 0.125977
v -0.321289 -0.489258 0.063477
v -0.313477 -0.479492 0.063477
v -0.325195 -0.479492 0.055664
v -0.311523 -0.495117 0.063477
v -0.313477 -0.479492 0.063477
v -0.321289 -0.489258 0.063477
v -0.325195 -0.479492 0.055664
v -0.325195 -0.495117 0.055664
v -0.321289 -0.489258 0.063477
v -0.321289 -0.489258 0.063477
v -0.325195 -0.495117 0.055664
v -0.311523 -0.495117 0.063477
v -0.323242 -0.473633 0.043945
v -0.325195 -0.479492 0.055664
v -0.313477 -0.479492 0.063477
v -0.305664 -0.473633 0.055664
v -0.305664 -0.473633 0.055664
v -0.325195 -0.499023 0.043945
v -0.325195 -0.495117 0.055664
v -0.325195 -0.499023 0.043945
v -0.303711 -0.499023 0.057617
v -0.311523 -0.495117 0.063477
v -0.323242 -0.473633 0.043945
v -0.30957 -0.473633 0.018555
v -0.290039 -0.499023 0.036133
v -0.30957 -0.49707 0.016602
v -0.30957 -0.49707 0.016602
v -0.290039 -0.473633 0.03418
v -0.30957 -0.473633 0.018555
v -0.313477 -0.495117 0.004883
v -0.282227 -0.491211 -0.041992
v -0.313477 -0.495117 0.004883
v -0.30957 -0.46582 0.012695
v -0.291992 -0.452148 -0.018555
v -0.288086 -0.475586 -0.043945
v -0.282227 -0.491211 -0.041992
v -0.303711 -0.495117 0.081055
v -0.303711 -0.475586 0.081055
v -0.303711 -0.499023 0.067383
v -0.293945 -0.487305 0.09082
v -0.303711 -0.475586 0.081055
v -0.303711 -0.495117 0.081055
v -0.303711 -0.495117 0.081055
v -0.303711 -0.499023 0.067383
v -0.270508 -0.499023 0.086914
v -0.280273 -0.495117 0.094727
v -0.280273 -0.495117 0.094727
v -0.299805 -0.47168 0.069336
v -0.291992 -0.469727 0.088867
v -0.299805 -0.47168 0.069336
v -0.303711 -0.475586 0.081055
v -0.291992 -0.469727 0.088867
v -0.303711 -0.499023 0.057617
v -0.290039 -0.499023 0.036133
v -0.256836 -0.499023 0.063477
v -0.274414 -0.467773 0.049805
v -0.290039 -0.473633 0.03418
v -0.290039 -0.473633 0.03418
v -0.280273 -0.475586 0.094727
v -0.291992 -0.469727 0.088867
v -0.280273 -0.475586 0.094727
v -0.272461 -0.47168 0.084961
v -0.274414 -0.467773 0.049805
v -0.266602 -0.495117 0.120117
v -0.266602 -0.47168 0.12207
v -0.268555 -0.499023 0.106445
v -0.266602 -0.495117 0.120117
v -0.268555 -0.499023 0.106445
v -0.235352 -0.499023 0.12207
v -0.245117 -0.495117 0.129883
v -0.264648 -0.46582 0.108398
v -0.24707 -0.47168 0.129883
v -0.264648 -0.46582 0.108398
v -0.266602 -0.47168 0.12207
v -0.272461 -0.47168 0.084961
v -0.280273 -0.475586 0.094727
v -0.280273 -0.495117 0.094727
v -0.280273 -0.495117 0.094727
v -0.270508 -0.499023 0.086914
v -0.272461 -0.47168 0.084961
v -0.256836 -0.499023 0.063477
v -0.217773 -0.499023 0.084961
v -0.250977 -0.467773 0.06543
v -0.217773 -0.461914 0.084961
v -0.250977 -0.467773 0.06543
v -0.237305 -0.463867 0.120117
v -0.256836 -0.499023 0.063477
v -0.272461 -0.47168 0.084961
v -0.270508 -0.499023 0.086914
v -0.272461 -0.47168 0.084961
v -0.256836 -0.499023 0.063477
v -0.250977 -0.467773 0.06543
v -0.272461 -0.47168 0.084961
v -0.250977 -0.467773 0.06543
v -0.274414 -0.467773 0.049805
v -0.143555 -0.491211 0.010742
v -0.274414 -0.456055 0.045898
v -0.274414 -0.467773 0.049805
v -0.250977 -0.467773 0.06543
v -0.219727 -0.444336 0.081055
v -0.217773 -0.461914 0.084961
v -0.290039 -0.499023 0.036133
v -0.305664 -0.473633 0.055664
v -0.303711 -0.499023 0.057617
v -0.305664 -0.473633 0.055664
v -0.290039 -0.499023 0.036133
v -0.290039 -0.473633 0.03418
v -0.290039 -0.473633 0.03418
v -0.286133 -0.458008 0.03418
v -0.291992 -0.46582 0.030273
v -0.30957 -0.473633 0.018555
v -0.28418 -0.459961 0.026367
v -0.291992 -0.46582 0.030273
v -0.286133 -0.458008 0.03418
v -0.27832 -0.452148 0.024414
v -0.274414 -0.456055 0.045898
v -0.272461 -0.450195 0.020508
v -0.272461 -0.450195 0.020508
v -0.27832 -0.452148 0.024414
v -0.286133 -0.458008 0.03418
v -0.295898 -0.459961 0.026367
v -0.30957 -0.46582 0.012695
v -0.30957 -0.46582 0.012695
v -0.295898 -0.459961 0.026367
v -0.286133 -0.456055 0.020508
v -0.291992 -0.452148 -0.018555
v -0.28418 -0.459961 0.026367
v -0.295898 -0.459961 0.026367
v -0.291992 -0.46582 0.030273
v -0.295898 -0.459961 0.026367
v -0.28418 -0.459961 0.026367
v -0.286133 -0.456055 0.020508
v -0.258789 -0.459961 0.05957
v -0.266602 -0.461914 0.053711
v -0.258789 -0.469727 0.05957
v -0.258789 -0.469727 0.05957
v -0.266602 -0.461914 0.053711
v -0.260742 -0.461914 0.053711
v -0.260742 -0.461914 0.053711
v -0.258789 -0.459961 0.05957
v -0.258789 -0.469727 0.05957
v -0.258789 -0.454102 0.057617
v -0.268555 -0.456055 0.049805
v -0.268555 -0.456055 0.049805
v -0.268555 -0.456055 0.049805
v -0.258789 -0.454102 0.057617
v -0.260742 -0.452148 0.049805
v -0.260742 -0.452148 0.049805
v -0.264648 -0.448242 0.02832
v -0.219727 -0.444336 0.081055
v -0.258789 -0.454102 0.057617
v -0.260742 -0.452148 0.049805
v -0.264648 -0.44043 0.004883
v -0.264648 -0.44043 0.004883
v -0.264648 -0.448242 0.02832
v -0.266602 -0.452148 0.022461
v -0.272461 -0.450195 0.020508
v -0.266602 -0.452148 0.022461
v -0.266602 -0.452148 0.022461
v -0.264648 -0.448242 0.02832
v -0.264648 -0.44043 0.004883
v -0.235352 -0.432617 0.020508
v -0.241211 -0.428711 0.000977
v -0.25293 -0.432617 -0.016602
v -0.270508 -0.44043 -0.053711
v -0.282227 -0.432617 0.008789
v -0.274414 -0.426758 0.000977
v -0.272461 -0.424805 0.00293
v -0.274414 -0.422852 -0.000977
v -0.274414 -0.426758 0.000977
v -0.282227 -0.432617 0.008789
v -0.282227 -0.432617 0.008789
v -0.272461 -0.424805 0.00293
v -0.274414 -0.422852 -0.000977
v -0.258789 -0.424805 0.026367
v -0.260742 -0.428711 0.024414
v -0.264648 -0.430664 0.038086
v -0.264648 -0.430664 0.038086
v -0.260742 -0.428711 0.024414
v -0.256836 -0.426758 0.026367
v -0.256836 -0.426758 0.026367
v -0.258789 -0.424805 0.026367
v -0.264648 -0.430664 0.038086
v -0.262695 -0.428711 -0.000977
v -0.272461 -0.424805 0.00293
v -0.274414 -0.426758 0.000977
v -0.262695 -0.426758 -0.00293
v -0.262695 -0.428711 -0.000977
v -0.262695 -0.426758 -0.00293
v -0.274414 -0.422852 -0.000977
v -0.272461 -0.424805 0.00293
v -0.262695 -0.428711 -0.000977
v -0.256836 -0.426758 0.012695
v -0.256836 -0.426758 0.012695
v -0.254883 -0.422852 0.012695
v -0.254883 -0.422852 0.012695
v -0.256836 -0.426758 0.012695
v -0.258789 -0.424805 0.026367
v -0.256836 -0.426758 0.026367
v -0.256836 -0.426758 0.012695
v -0.254883 -0.422852 0.012695
v -0.250977 -0.430664 -0.000977
v -0.24707 -0.428711 -0.004883
v -0.254883 -0.422852 0.012695
v -0.256836 -0.426758 0.012695
v -0.250977 -0.430664 -0.000977
v -0.24707 -0.428711 -0.004883
v -0.250977 -0.430664 -0.000977
v -0.254883 -0.422852 0.012695
v -0.366211 -0.336914 0.106445
v -0.34668 -0.317383 0.12207
v -0.366211 -0.358398 0.077148
v -0.358398 -0.348633 0.06543
v -0.362305 -0.333008 0.069336
v -0.358398 -0.348633 0.06543
v -0.366211 -0.358398 0.077148
v -0.370117 -0.352539 0.047852
v -0.362305 -0.333008 0.069336
v -0.358398 -0.348633 0.06543
v -0.30957 -0.254883 0.083008
v -0.31543 -0.229492 0.079102
v -0.30957 -0.254883 0.083008
v -0.329102 -0.256836 0.112305
v -0.336914 -0.231445 0.110352
v -0.336914 -0.231445 0.110352
v -0.30957 -0.254883 0.083008
v -0.288086 -0.260742 0.100586
v -0.301758 -0.266602 0.09668
v -0.288086 -0.260742 0.100586
v -0.30957 -0.254883 0.083008
v -0.291992 -0.211914 0.09668
v -0.291992 -0.211914 0.09668
v -0.30957 -0.254883 0.083008
v -0.31543 -0.229492 0.079102
v -0.291992 -0.211914 0.09668
v -0.254883 -0.317383 0.024414
v -0.256836 -0.317383 0.026367
v -0.250977 -0.329102 0.032227
v -0.250977 -0.329102 0.032227
v -0.256836 -0.317383 0.026367
v -0.254883 -0.319336 0.022461
v -0.254883 -0.319336 0.022461
v -0.254883 -0.317383 0.024414
v -0.250977 -0.329102 0.032227
v -0.256836 -0.317383 0.026367
v -0.254883 -0.317383 0.024414
v -0.24707 -0.30957 0.020508
v -0.250977 -0.30957 0.018555
v -0.24707 -0.30957 0.020508
v -0.250977 -0.30957 0.018555
v -0.256836 -0.317383 0.026367
v -0.254883 -0.319336 0.022461
v -0.254883 -0.319336 0.022461
v -0.250977 -0.30957 0.018555
v -0.24707 -0.30957 0.020508
v -0.250977 -0.31543 0.008789
v -0.231445 -0.352539 0.006836
v -0.233398 -0.31543 0.022461
v -0.272461 -0.31543 -0.024414
v -0.24707 -0.295898 0.014648
v -0.250977 -0.30957 0.018555
v -0.24707 -0.30957 0.020508
v -0.239258 -0.301758 0.018555
v -0.241211 -0.307617 0.014648
v -0.250977 -0.30957 0.018555
v -0.239258 -0.301758 0.018555
v -0.241211 -0.299805 0.014648
v -0.241211 -0.299805 0.014648
v -0.241211 -0.307617 0.014648
v -0.250977 -0.30957 0.018555
v -0.436523 -0.22168 0.129883
v -0.430664 -0.209961 0.129883
v -0.448242 -0.211914 0.114258
v -0.424805 -0.231445 0.124023
v -0.430664 -0.209961 0.129883
v -0.436523 -0.22168 0.129883
v -0.436523 -0.22168 0.129883
v -0.446289 -0.22168 0.12207
v -0.44043 -0.231445 0.110352
v -0.446289 -0.22168 0.12207
v -0.424805 -0.231445 0.124023
v -0.413086 -0.223633 0.133789
v -0.40918 -0.233398 0.131836
v -0.401367 -0.227539 0.131836
v -0.442383 -0.241211 0.112305
v -0.413086 -0.223633 0.133789
v -0.391602 -0.170898 0.108398
v -0.448242 -0.133789 0.06543
v -0.413086 -0.114258 0.084961
v -0.413086 -0.114258 0.084961
v -0.383789 -0.235352 0.104492
v -0.401367 -0.227539 0.131836
v -0.40918 -0.233398 0.131836
v -0.416992 -0.213867 0.125977
v -0.430664 -0.209961 0.129883
v -0.416992 -0.213867 0.125977
v -0.43457 -0.202148 0.124023
v -0.43457 -0.202148 0.124023
v -0.422852 -0.198242 0.114258
v -0.401367 -0.227539 0.131836
v -0.383789 -0.235352 0.104492
v -0.375977 -0.233398 0.106445
v -0.401367 -0.227539 0.131836
v -0.375977 -0.233398 0.106445
v -0.360352 -0.209961 0.098633
v -0.360352 -0.209961 0.098633
v -0.469727 -0.225586 0.088867
v -0.475586 -0.231445 0.079102
v -0.46582 -0.233398 0.09668
v -0.475586 -0.245117 0.079102
v -0.475586 -0.231445 0.079102
v -0.467773 -0.227539 0.06543
v -0.46582 -0.24707 0.06543
v -0.458008 -0.219727 0.081055
v -0.475586 -0.231445 0.079102
v -0.469727 -0.225586 0.088867
v -0.469727 -0.225586 0.088867
v -0.46582 -0.233398 0.09668
v -0.450195 -0.229492 0.094727
v -0.469727 -0.225586 0.088867
v -0.450195 -0.229492 0.094727
v -0.458008 -0.219727 0.081055
v -0.467773 -0.227539 0.06543
v -0.450195 -0.249023 0.094727
v -0.463867 -0.245117 0.09668
v -0.446289 -0.245117 0.106445
v -0.436523 -0.24707 0.104492
v -0.43457 -0.249023 0.110352
v -0.442383 -0.241211 0.112305
v -0.444336 -0.217773 0.100586
v -0.44043 -0.231445 0.110352
v -0.446289 -0.22168 0.12207
v -0.448242 -0.211914 0.114258
v -0.444336 -0.202148 0.116211
v -0.444336 -0.202148 0.116211
v -0.436523 -0.200195 0.102539
v -0.444336 -0.202148 0.116211
v -0.43457 -0.202148 0.124023
v -0.422852 -0.198242 0.114258
v -0.436523 -0.200195 0.102539
v -0.463867 -0.172852 0.077148
v -0.467773 -0.182617 0.073242
v -0.456055 -0.188477 0.069336
v -0.456055 -0.188477 0.069336
v -0.467773 -0.182617 0.073242
v -0.463867 -0.186523 0.055664
v -0.450195 -0.174805 0.077148
v -0.463867 -0.172852 0.077148
v -0.456055 -0.188477 0.069336
v -0.47168 -0.180664 0.06543
v -0.467773 -0.182617 0.073242
v -0.473633 -0.172852 0.061523
v -0.47168 -0.180664 0.06543
v -0.46582 -0.172852 0.049805
v -0.463867 -0.186523 0.055664
v -0.469727 -0.163086 0.06543
v -0.46582 -0.165039 0.073242
v -0.452148 -0.161133 0.069336
v -0.473633 -0.172852 0.061523
v -0.46582 -0.165039 0.073242
v -0.469727 -0.163086 0.06543
v -0.459961 -0.15918 0.055664
v -0.473633 -0.172852 0.061523
v -0.467773 -0.182617 0.073242
v -0.463867 -0.172852 0.077148
v -0.450195 -0.174805 0.077148
v -0.46582 -0.165039 0.073242
v -0.463867 -0.172852 0.077148
v -0.452148 -0.161133 0.069336
v -0.442383 -0.141602 0.088867
v -0.438477 -0.125977 0.086914
v -0.444336 -0.133789 0.084961
v -0.432617 -0.125977 0.094727
v -0.442383 -0.141602 0.088867
v -0.444336 -0.133789 0.084961
v -0.438477 -0.135742 0.071289
v -0.436523 -0.147461 0.077148
v -0.436523 -0.139648 0.094727
v -0.436523 -0.147461 0.077148
v -0.436523 -0.139648 0.094727
v -0.442383 -0.141602 0.088867
v -0.432617 -0.124023 0.075195
v -0.444336 -0.133789 0.084961
v -0.438477 -0.125977 0.086914
v -0.432617 -0.125977 0.094727
v -0.422852 -0.12207 0.084961
v -0.438477 -0.135742 0.071289
v -0.463867 -0.124023 0.067383
v -0.463867 -0.147461 0.043945
v -0.448242 -0.133789 0.06543
v -0.450195 -0.100586 0.077148
v -0.463867 -0.124023 0.067383
v -0.432617 -0.106445 0.077148
v -0.473633 -0.227539 0.043945
v -0.491211 -0.237305 0.03418
v -0.485352 -0.241211 0.053711
v -0.491211 -0.237305 0.03418
v -0.477539 -0.243164 0.057617
v -0.469727 -0.227539 0.061523
v -0.469727 -0.227539 0.061523
v -0.479492 -0.231445 0.024414
v -0.491211 -0.237305 0.03418
v -0.481445 -0.245117 0.014648
v -0.495117 -0.233398 0.006836
v -0.495117 -0.245117 0.008789
v -0.495117 -0.233398 0.006836
v -0.483398 -0.229492 0.010742
v -0.495117 -0.233398 0.006836
v -0.483398 -0.229492 0.010742
v -0.495117 -0.229492 -0.00293
v -0.495117 -0.229492 -0.00293
v -0.483398 -0.223633 -0.004883
v -0.477539 -0.188477 0.00293
v -0.491211 -0.176758 0.018555
v -0.491211 -0.178711 0.004883
v -0.475586 -0.182617 0.022461
v -0.477539 -0.188477 0.00293
v -0.491211 -0.178711 0.004883
v -0.475586 -0.172852 -0.010742
v -0.46582 -0.172852 0.049805
v -0.479492 -0.135742 0.047852
v -0.487305 -0.131836 0.020508
v -0.479492 -0.108398 0.038086
v -0.487305 -0.131836 0.020508
v -0.479492 -0.135742 0.047852
v -0.479492 -0.135742 0.047852
v -0.479492 -0.108398 0.038086
v -0.475586 -0.182617 0.022461
v -0.489258 -0.165039 0.022461
v -0.491211 -0.176758 0.018555
v -0.491211 -0.176758 0.018555
v -0.489258 -0.165039 0.022461
v -0.491211 -0.170898 -0.00293
v -0.491211 -0.178711 0.004883
v -0.473633 -0.163086 0.02832
v -0.489258 -0.165039 0.022461
v -0.473633 -0.163086 0.02832
v -0.489258 -0.155273 0.012695
v -0.489258 -0.155273 0.012695
v -0.491211 -0.170898 -0.00293
v -0.489258 -0.15918 0.000977
v -0.473633 -0.149414 0.014648
v -0.489258 -0.15918 0.000977
v -0.473633 -0.15332 -0.004883
v -0.473633 -0.15332 -0.004883
v -0.489258 -0.15918 0.000977
v -0.473633 -0.141602 0.010742
v -0.491211 -0.118164 -0.008789
v -0.491211 -0.118164 -0.008789
v -0.46582 -0.131836 -0.03418
v -0.479492 -0.12793 -0.020508
v -0.46582 -0.131836 -0.03418
v -0.405273 -0.249023 0.079102
v -0.375977 -0.233398 0.106445
v -0.393555 -0.249023 0.071289
v -0.360352 -0.209961 0.098633
v -0.334961 -0.208008 0.061523
v -0.360352 -0.209961 0.098633
v -0.393555 -0.249023 0.071289
v -0.334961 -0.208008 0.061523
v -0.430664 -0.131836 0.098633
v -0.426758 -0.145508 0.086914
v -0.430664 -0.131836 0.098633
v -0.436523 -0.139648 0.094727
v -0.426758 -0.145508 0.086914
v -0.418945 -0.133789 0.09082
v -0.432617 -0.125977 0.094727
v -0.430664 -0.131836 0.098633
v -0.418945 -0.133789 0.09082
v -0.422852 -0.12207 0.084961
v -0.385742 -0.15332 0.098633
v -0.344727 -0.163086 0.112305
v -0.383789 -0.149414 0.092773
v -0.389648 -0.145508 0.094727
v -0.385742 -0.15332 0.098633
v -0.413086 -0.114258 0.084961
v -0.374023 -0.149414 0.09668
v -0.383789 -0.149414 0.092773
v -0.385742 -0.15332 0.098633
v -0.374023 -0.149414 0.09668
v -0.389648 -0.145508 0.094727
v -0.383789 -0.149414 0.092773
v -0.381836 -0.141602 0.092773
v -0.374023 -0.149414 0.09668
v -0.381836 -0.141602 0.092773
v -0.383789 -0.149414 0.092773
v -0.37207 -0.110352 0.067383
v -0.479492 -0.032227 -0.000977
v -0.432617 -0.010742 0.041992
v -0.442383 -0.008789 0.040039
v -0.450195 -0.100586 0.077148
v -0.442383 -0.008789 0.040039
v -0.432617 -0.106445 0.077148
v -0.461914 -0.020508 0.067383
v -0.454102 -0.014648 0.05957
v -0.452148 -0.016602 0.05957
v -0.452148 -0.012695 0.061523
v -0.454102 -0.014648 0.05957
v -0.461914 -0.020508 0.067383
v -0.461914 -0.020508 0.067383
v -0.452148 -0.016602 0.05957
v -0.452148 -0.012695 0.061523
v -0.479492 -0.032227 -0.000977
v -0.444336 -0.014648 0.049805
v -0.444336 -0.010742 0.051758
v -0.444336 -0.010742 0.051758
v -0.444336 -0.014648 0.049805
v -0.444336 -0.010742 0.051758
v -0.43457 -0.000977 0.038086
v -0.444336 -0.014648 0.049805
v -0.444336 -0.010742 0.051758
v -0.432617 -0.006836 0.032227
v -0.43457 -0.000977 0.038086
v -0.432617 -0.006836 0.032227
v -0.432617 -0.004883 0.036133
v -0.444336 0.000977 0.03418
v -0.444336 0.000977 0.03418
v -0.420898 -0.098633 0.092773
v -0.432617 -0.106445 0.077148
v -0.420898 -0.098633 0.092773
v -0.422852 -0.05957 0.063477
v -0.422852 -0.05957 0.063477
v -0.375977 -0.09668 0.079102
v -0.420898 -0.098633 0.092773
v -0.413086 -0.114258 0.084961
v -0.37207 -0.110352 0.067383
v -0.375977 -0.09668 0.079102
v -0.413086 -0.114258 0.084961
v -0.366211 -0.038086 0.061523
v -0.413086 -0.055664 0.075195
v -0.422852 -0.05957 0.063477
v -0.420898 -0.098633 0.092773
v -0.413086 -0.055664 0.075195
v -0.362305 -0.110352 0.057617
v -0.356445 -0.036133 0.045898
v -0.366211 -0.038086 0.061523
v -0.422852 -0.05957 0.063477
v -0.413086 -0.055664 0.075195
v -0.413086 -0.053711 0.063477
v -0.422852 -0.055664 0.055664
v -0.422852 -0.05957 0.063477
v -0.422852 -0.055664 0.055664
v -0.420898 -0.045898 0.05957
v -0.422852 -0.05957 0.063477
v -0.420898 -0.045898 0.05957
v -0.432617 -0.010742 0.041992
v -0.411133 -0.041992 0.069336
v -0.413086 -0.053711 0.063477
v -0.413086 -0.055664 0.075195
v -0.411133 -0.041992 0.069336
v -0.413086 -0.053711 0.063477
v -0.411133 -0.041992 0.069336
v -0.422852 -0.055664 0.055664
v -0.40332 -0.008789 0.057617
v -0.40332 -0.008789 0.057617
v -0.432617 -0.010742 0.041992
v -0.430664 -0.000977 0.040039
v -0.432617 -0.004883 0.036133
v -0.430664 -0.000977 0.040039
v -0.450195 0.038086 0.004883
v -0.432617 -0.004883 0.036133
v -0.430664 -0.000977 0.040039
v -0.450195 0.049805 0.008789
v -0.450195 0.049805 0.008789
v -0.450195 0.038086 0.004883
v -0.430664 -0.000977 0.040039
v -0.458008 0.032227 0.006836
v -0.444336 0.000977 0.03418
v -0.432617 -0.004883 0.036133
v -0.450195 0.038086 0.004883
v -0.458008 0.032227 0.006836
v -0.432617 -0.004883 0.036133
v -0.360352 -0.010742 0.051758
v -0.389648 0.00293 0.053711
v -0.401367 0.022461 0.045898
v -0.401367 0.022461 0.045898
v -0.360352 -0.209961 0.098633
v -0.338867 -0.172852 0.108398
v -0.291992 -0.211914 0.09668
v -0.338867 -0.172852 0.108398
v -0.311523 -0.213867 0.125977
v -0.31543 -0.229492 0.079102
v -0.336914 -0.231445 0.110352
v -0.360352 -0.209961 0.098633
v -0.334961 -0.208008 0.061523
v -0.338867 -0.172852 0.108398
v -0.31543 -0.229492 0.079102
v -0.334961 -0.208008 0.061523
v -0.291992 -0.211914 0.09668
v -0.344727 -0.163086 0.112305
v -0.31543 -0.165039 0.071289
v -0.362305 -0.110352 0.057617
v -0.37207 -0.110352 0.067383
v -0.364258 -0.145508 0.09082
v -0.348633 -0.139648 0.09668
v -0.356445 -0.135742 0.094727
v -0.356445 -0.135742 0.094727
v -0.348633 -0.139648 0.09668
v -0.358398 -0.129883 0.088867
v -0.366211 -0.135742 0.081055
v -0.358398 -0.129883 0.088867
v -0.352539 -0.151367 0.092773
v -0.348633 -0.139648 0.09668
v -0.352539 -0.151367 0.092773
v -0.342773 -0.139648 0.09082
v -0.350586 -0.12793 0.083008
v -0.342773 -0.139648 0.09082
v -0.366211 -0.135742 0.081055
v -0.358398 -0.129883 0.088867
v -0.356445 -0.133789 0.071289
v -0.342773 -0.149414 0.083008
v -0.350586 -0.12793 0.083008
v -0.350586 -0.12793 0.083008
v -0.344727 -0.141602 0.073242
v -0.356445 -0.133789 0.071289
v -0.342773 -0.133789 0.083008
v -0.342773 -0.133789 0.083008
v -0.342773 -0.133789 0.083008
v -0.342773 -0.149414 0.083008
v -0.344727 -0.141602 0.073242
v -0.317383 -0.172852 0.077148
v -0.333008 -0.188477 0.038086
v -0.31543 -0.165039 0.071289
v -0.317383 -0.172852 0.077148
v -0.34082 -0.131836 0.03418
v -0.34082 -0.131836 0.03418
v -0.342773 -0.139648 0.09082
v -0.333008 -0.188477 0.038086
v -0.356445 -0.15918 -0.010742
v -0.356445 -0.15918 -0.010742
v -0.327148 -0.124023 0.026367
v -0.362305 -0.110352 0.057617
v -0.34082 -0.131836 0.03418
v -0.34082 -0.149414 -0.022461
v -0.356445 -0.15918 -0.010742
v -0.344727 -0.102539 0.053711
v -0.362305 -0.110352 0.057617
v -0.344727 -0.102539 0.053711
v -0.356445 -0.036133 0.045898
v -0.274414 -0.026367 -0.024414
v -0.338867 -0.02832 0.043945
v -0.274414 -0.026367 -0.024414
v -0.327148 -0.124023 0.026367
v -0.34082 -0.149414 -0.022461
v -0.274414 -0.026367 -0.024414
v -0.366211 -0.038086 0.061523
v -0.356445 -0.036133 0.045898
v -0.354492 -0.016602 0.036133
v -0.354492 -0.016602 0.036133
v -0.360352 -0.010742 0.051758
v -0.366211 -0.038086 0.061523
v -0.354492 -0.016602 0.036133
v -0.360352 -0.010742 0.051758
v -0.354492 -0.016602 0.036133
v -0.360352 -0.006836 0.030273
v -0.389648 0.00293 0.053711
v -0.360352 -0.006836 0.030273
v -0.329102 0.000977 0.02832
v -0.389648 0.004883 0.038086
v -0.37207 0.008789 0.047852
v -0.389648 0.004883 0.038086
v -0.360352 -0.006836 0.030273
v -0.352539 0.006836 0.041992
v -0.37207 0.008789 0.047852
v -0.360352 -0.006836 0.030273
v -0.34668 0.00293 0.026367
v -0.34668 0.00293 0.026367
v -0.237305 -0.463867 0.120117
v -0.235352 -0.499023 0.12207
v -0.186523 -0.469727 0.151367
v -0.219727 -0.469727 0.143555
v -0.22168 -0.493164 0.141602
v -0.22168 -0.493164 0.141602
v -0.219727 -0.469727 0.143555
v -0.227539 -0.491211 0.116211
v -0.18457 -0.493164 0.151367
v -0.219727 -0.499023 0.118164
v -0.18457 -0.493164 0.151367
v -0.22168 -0.493164 0.141602
v -0.227539 -0.491211 0.116211
v -0.196289 -0.459961 0.149414
v -0.211914 -0.459961 0.145508
v -0.219727 -0.469727 0.143555
v -0.211914 -0.459961 0.145508
v -0.209961 -0.452148 0.118164
v -0.225586 -0.46582 0.116211
v -0.225586 -0.46582 0.116211
v -0.211914 -0.459961 0.145508
v -0.196289 -0.459961 0.149414
v -0.182617 -0.454102 0.125977
v -0.211914 -0.459961 0.145508
v -0.182617 -0.454102 0.125977
v -0.209961 -0.452148 0.118164
v -0.196289 -0.459961 0.149414
v -0.186523 -0.469727 0.151367
v -0.166992 -0.491211 0.131836
v -0.186523 -0.469727 0.151367
v -0.18457 -0.493164 0.151367
v -0.18457 -0.493164 0.151367
v -0.174805 -0.499023 0.129883
v -0.166992 -0.491211 0.131836
v -0.174805 -0.499023 0.129883
v -0.166992 -0.46582 0.129883
v -0.166992 -0.46582 0.129883
v -0.161133 -0.49707 0.094727
v -0.161133 -0.49707 0.094727
v -0.163086 -0.461914 0.094727
v -0.166992 -0.46582 0.129883
v -0.166992 -0.491211 0.131836
v -0.161133 -0.49707 0.094727
v -0.163086 -0.461914 0.094727
v -0.188477 -0.454102 0.09082
v -0.217773 -0.499023 0.084961
v -0.237305 -0.463867 0.120117
v -0.235352 -0.499023 0.12207
v -0.217773 -0.461914 0.084961
v -0.217773 -0.499023 0.084961
v -0.237305 -0.463867 0.120117
v -0.217773 -0.499023 0.084961
v -0.217773 -0.461914 0.084961
v -0.217773 -0.461914 0.084961
v -0.237305 -0.456055 0.071289
v -0.239258 -0.448242 0.069336
v -0.231445 -0.454102 0.071289
v -0.229492 -0.446289 0.077148
v -0.239258 -0.448242 0.069336
v -0.237305 -0.456055 0.071289
v -0.231445 -0.463867 0.075195
v -0.231445 -0.454102 0.075195
v -0.231445 -0.463867 0.075195
v -0.231445 -0.444336 0.06543
v -0.239258 -0.448242 0.069336
v -0.229492 -0.446289 0.077148
v -0.231445 -0.444336 0.06543
v -0.219727 -0.444336 0.081055
v -0.217773 -0.461914 0.084961
v -0.186523 -0.44043 0.086914
v -0.211914 -0.44043 0.071289
v -0.211914 -0.436523 0.057617
v -0.186523 -0.44043 0.086914
v -0.209961 -0.430664 0.03418
v -0.231445 -0.454102 0.071289
v -0.231445 -0.454102 0.075195
v -0.231445 -0.463867 0.075195
v -0.229492 -0.446289 0.077148
v -0.231445 -0.444336 0.06543
v -0.188477 -0.454102 0.09082
v -0.188477 -0.454102 0.09082
v -0.200195 -0.436523 0.061523
v -0.182617 -0.432617 0.055664
v -0.206055 -0.438477 0.06543
v -0.209961 -0.426758 0.06543
v -0.208008 -0.438477 0.05957
v -0.209961 -0.424805 0.061523
v -0.209961 -0.426758 0.06543
v -0.206055 -0.438477 0.06543
v -0.208008 -0.438477 0.05957
v -0.163086 -0.461914 0.094727
v -0.155273 -0.452148 0.088867
v -0.211914 -0.418945 0.071289
v -0.213867 -0.416992 0.069336
v -0.209961 -0.415039 0.071289
v -0.211914 -0.418945 0.071289
v -0.209961 -0.426758 0.06543
v -0.209961 -0.424805 0.061523
v -0.209961 -0.415039 0.071289
v -0.21582 -0.413086 0.073242
v -0.209961 -0.415039 0.071289
v -0.21582 -0.413086 0.073242
v -0.211914 -0.418945 0.071289
v -0.209961 -0.415039 0.071289
v -0.213867 -0.416992 0.069336
v -0.21582 -0.413086 0.073242
v -0.209961 -0.424805 0.061523
v -0.231445 -0.413086 0.057617
v -0.225586 -0.418945 0.049805
v -0.223633 -0.416992 0.049805
v -0.223633 -0.416992 0.045898
v -0.225586 -0.418945 0.049805
v -0.231445 -0.413086 0.057617
v -0.231445 -0.413086 0.057617
v -0.223633 -0.416992 0.049805
v -0.223633 -0.416992 0.045898
v -0.21582 -0.426758 0.049805
v -0.223633 -0.416992 0.049805
v -0.225586 -0.418945 0.049805
v -0.225586 -0.418945 0.049805
v -0.223633 -0.416992 0.045898
v -0.217773 -0.428711 0.047852
v -0.225586 -0.418945 0.049805
v -0.217773 -0.428711 0.047852
v -0.21582 -0.426758 0.049805
v -0.21582 -0.426758 0.049805
v -0.21582 -0.426758 0.049805
v -0.217773 -0.428711 0.047852
v -0.223633 -0.416992 0.045898
v -0.237305 -0.422852 -0.010742
v -0.231445 -0.411133 0.014648
v -0.204102 -0.415039 0.018555
v -0.202148 -0.407227 0.024414
v -0.237305 -0.422852 -0.010742
v -0.204102 -0.415039 0.018555
v -0.231445 -0.411133 0.014648
v -0.22168 -0.364258 0.02832
v -0.250977 -0.40332 -0.008789
v -0.237305 -0.422852 -0.010742
v -0.208008 -0.432617 0.049805
v -0.209961 -0.43457 0.045898
v -0.208008 -0.43457 0.045898
v -0.208008 -0.43457 0.045898
v -0.209961 -0.43457 0.045898
v -0.217773 -0.428711 0.047852
v -0.209961 -0.43457 0.045898
v -0.209961 -0.43457 0.049805
v -0.21582 -0.426758 0.049805
v -0.21582 -0.426758 0.049805
v -0.209961 -0.43457 0.049805
v -0.208008 -0.43457 0.045898
v -0.194336 -0.428711 0.038086
v -0.208008 -0.432617 0.049805
v -0.200195 -0.436523 0.061523
v -0.194336 -0.428711 0.038086
v -0.204102 -0.432617 0.040039
v -0.204102 -0.422852 0.038086
v -0.202148 -0.432617 0.041992
v -0.202148 -0.420898 0.041992
v -0.204102 -0.422852 0.038086
v -0.204102 -0.432617 0.040039
v -0.204102 -0.432617 0.040039
v -0.202148 -0.432617 0.041992
v -0.202148 -0.420898 0.041992
v -0.176758 -0.420898 0.014648
v -0.202148 -0.420898 0.041992
v -0.202148 -0.411133 0.041992
v -0.200195 -0.411133 0.040039
v -0.204102 -0.422852 0.038086
v -0.202148 -0.411133 0.041992
v -0.200195 -0.411133 0.040039
v -0.202148 -0.411133 0.043945
v -0.200195 -0.411133 0.040039
v -0.202148 -0.411133 0.043945
v -0.202148 -0.420898 0.041992
v -0.206055 -0.405273 0.049805
v -0.202148 -0.411133 0.043945
v -0.200195 -0.411133 0.040039
v -0.206055 -0.405273 0.049805
v -0.206055 -0.405273 0.049805
v -0.200195 -0.411133 0.040039
v -0.202148 -0.411133 0.041992
v -0.178711 -0.413086 0.02832
v -0.176758 -0.420898 0.014648
v -0.178711 -0.413086 0.02832
v -0.176758 -0.375977 0.038086
v -0.149414 -0.493164 0.088867
v -0.161133 -0.49707 0.094727
v -0.143555 -0.491211 0.010742
v -0.149414 -0.493164 0.088867
v -0.161133 -0.49707 0.094727
v -0.186523 -0.44043 0.086914
v -0.155273 -0.452148 0.088867
v -0.182617 -0.432617 0.055664
v -0.149414 -0.444336 0.045898
v -0.155273 -0.452148 0.088867
v -0.149414 -0.493164 0.088867
v -0.137695 -0.475586 0.012695
v -0.143555 -0.491211 0.010742
v -0.149414 -0.444336 0.045898
v -0.141602 -0.436523 -0.000977
v -0.176758 -0.420898 0.014648
v -0.141602 -0.436523 -0.000977
v -0.125977 -0.479492 -0.053711
v -0.131836 -0.49707 -0.055664
v -0.131836 -0.49707 -0.055664
v -0.176758 -0.375977 0.038086
v -0.178711 -0.413086 0.02832
v -0.163086 -0.37793 0.020508
v -0.15332 -0.299805 0.06543
v -0.168945 -0.305664 0.079102
v -0.168945 -0.305664 0.079102
v -0.176758 -0.420898 0.014648
v -0.135742 -0.424805 0.010742
v -0.163086 -0.37793 0.020508
v -0.176758 -0.420898 0.014648
v -0.141602 -0.436523 -0.000977
v -0.135742 -0.424805 0.010742
v -0.176758 -0.420898 0.014648
v -0.145508 -0.381836 0.018555
v -0.163086 -0.37793 0.020508
v -0.145508 -0.381836 0.018555
v -0.135742 -0.301758 0.06543
v -0.15332 -0.299805 0.06543
v -0.110352 -0.383789 -0.063477
v -0.145508 -0.381836 0.018555
v -0.135742 -0.424805 0.010742
v -0.135742 -0.424805 0.010742
v -0.141602 -0.436523 -0.000977
v -0.108398 -0.422852 -0.069336
v -0.108398 -0.422852 -0.069336
v -0.098633 -0.329102 0.02832
v -0.135742 -0.301758 0.06543
v -0.145508 -0.381836 0.018555
v -0.110352 -0.383789 -0.063477
v -0.194336 -0.250977 0.110352
v -0.21582 -0.268555 0.092773
v -0.178711 -0.27832 0.104492
v -0.22168 -0.241211 0.092773
v -0.163086 -0.258789 0.112305
v -0.194336 -0.250977 0.110352
v -0.163086 -0.258789 0.112305
v -0.168945 -0.231445 0.114258
v -0.206055 -0.219727 0.102539
v -0.206055 -0.219727 0.102539
v -0.217773 -0.293945 0.071289
v -0.21582 -0.276367 0.063477
v -0.227539 -0.280273 0.055664
v -0.165039 -0.291992 0.077148
v -0.21582 -0.276367 0.063477
v -0.217773 -0.293945 0.071289
v -0.227539 -0.280273 0.055664
v -0.22168 -0.364258 0.02832
v -0.217773 -0.293945 0.071289
v -0.217773 -0.293945 0.071289
v -0.168945 -0.305664 0.079102
v -0.21582 -0.268555 0.092773
v -0.21582 -0.276367 0.063477
v -0.165039 -0.291992 0.077148
v -0.229492 -0.235352 0.061523
v -0.21582 -0.276367 0.063477
v -0.21582 -0.268555 0.092773
v -0.178711 -0.27832 0.104492
v -0.22168 -0.241211 0.092773
v -0.219727 -0.25293 0.041992
v -0.219727 -0.25293 0.041992
v -0.231445 -0.352539 0.006836
v -0.231445 -0.352539 0.006836
v -0.225586 -0.274414 0.040039
v -0.225586 -0.274414 0.040039
v -0.256836 -0.358398 -0.038086
v -0.250977 -0.40332 -0.008789
v -0.231445 -0.352539 0.006836
v -0.256836 -0.358398 -0.038086
v -0.237305 -0.288086 0.026367
v -0.219727 -0.25293 0.041992
v -0.219727 -0.25293 0.041992
v -0.237305 -0.272461 0.030273
v -0.231445 -0.25293 0.030273
v -0.223633 -0.233398 0.03418
v -0.223633 -0.233398 0.03418
v -0.241211 -0.307617 0.014648
v -0.239258 -0.301758 0.018555
v -0.24707 -0.30957 0.020508
v -0.254883 -0.254883 -0.006836
v -0.165039 -0.291992 0.077148
v -0.163086 -0.258789 0.112305
v -0.178711 -0.27832 0.104492
v -0.137695 -0.260742 0.09082
v -0.137695 -0.260742 0.09082
v -0.149414 -0.219727 0.092773
v -0.143555 -0.276367 0.061523
v -0.15332 -0.299805 0.06543
v -0.135742 -0.301758 0.06543
v -0.143555 -0.276367 0.061523
v -0.125977 -0.260742 0.063477
v -0.104492 -0.282227 0.045898
v -0.104492 -0.282227 0.045898
v -0.125977 -0.260742 0.063477
v -0.137695 -0.260742 0.09082
v -0.125977 -0.260742 0.063477
v -0.133789 -0.239258 0.075195
v -0.133789 -0.239258 0.075195
v -0.149414 -0.219727 0.092773
v -0.137695 -0.260742 0.09082
v -0.125977 -0.260742 0.063477
v -0.104492 -0.282227 0.045898
v -0.102539 -0.256836 -0.018555
v -0.106445 -0.227539 0.083008
v -0.133789 -0.239258 0.075195
v -0.125977 -0.260742 0.063477
v -0.092773 -0.245117 0.053711
v -0.106445 -0.227539 0.083008
v -0.125977 -0.260742 0.063477
v -0.102539 -0.256836 -0.018555
v -0.092773 -0.245117 0.053711
v -0.125977 -0.260742 0.063477
v -0.081055 -0.274414 -0.036133
v -0.104492 -0.282227 0.045898
v -0.098633 -0.329102 0.02832
v -0.079102 -0.327148 -0.051758
v -0.079102 -0.327148 -0.051758
v -0.081055 -0.274414 -0.036133
v -0.22168 -0.241211 0.092773
v -0.206055 -0.219727 0.102539
v -0.204102 -0.204102 0.075195
v -0.229492 -0.235352 0.061523
v -0.204102 -0.204102 0.075195
v -0.209961 -0.19043 0.079102
v -0.219727 -0.194336 0.063477
v -0.219727 -0.194336 0.063477
v -0.209961 -0.19043 0.079102
v -0.196289 -0.12793 0.061523
v -0.219727 -0.21582 0.051758
v -0.231445 -0.192383 0.057617
v -0.217773 -0.131836 0.040039
v -0.231445 -0.192383 0.057617
v -0.219727 -0.194336 0.063477
v -0.202148 -0.129883 0.043945
v -0.202148 -0.129883 0.043945
v -0.18457 -0.208008 0.083008
v -0.204102 -0.204102 0.075195
v -0.206055 -0.219727 0.102539
v -0.168945 -0.231445 0.114258
v -0.172852 -0.209961 0.086914
v -0.196289 -0.19043 0.09082
v -0.196289 -0.12793 0.061523
v -0.18457 -0.208008 0.083008
v -0.219727 -0.21582 0.051758
v -0.188477 -0.182617 0.092773
v -0.176758 -0.200195 0.084961
v -0.188477 -0.182617 0.092773
v -0.196289 -0.19043 0.09082
v -0.18457 -0.208008 0.083008
v -0.172852 -0.137695 0.081055
v -0.163086 -0.147461 0.071289
v -0.163086 -0.147461 0.071289
v -0.172852 -0.137695 0.081055
v -0.188477 -0.182617 0.092773
v -0.219727 -0.21582 0.051758
v -0.223633 -0.233398 0.03418
v -0.241211 -0.202148 0.02832
v -0.223633 -0.233398 0.03418
v -0.241211 -0.202148 0.02832
v -0.22168 -0.202148 -0.030273
v -0.204102 -0.227539 -0.040039
v -0.254883 -0.254883 -0.006836
v -0.223633 -0.233398 0.03418
v -0.204102 -0.227539 -0.040039
v -0.227539 -0.137695 0.010742
v -0.231445 -0.192383 0.057617
v -0.217773 -0.131836 0.040039
v -0.176758 -0.040039 0.014648
v -0.186523 -0.038086 -0.016602
v -0.21582 -0.155273 -0.053711
v -0.165039 -0.038086 0.018555
v -0.176758 -0.040039 0.014648
v -0.161133 -0.036133 0.032227
v -0.196289 -0.12793 0.061523
v -0.172852 -0.137695 0.081055
v -0.155273 -0.116211 0.077148
v -0.155273 -0.116211 0.077148
v -0.163086 -0.102539 0.067383
v -0.196289 -0.12793 0.061523
v -0.161133 -0.036133 0.032227
v -0.165039 -0.038086 0.018555
v -0.149414 -0.219727 0.092773
v -0.176758 -0.200195 0.084961
v -0.161133 -0.202148 0.102539
v -0.165039 -0.19043 0.100586
v -0.165039 -0.19043 0.100586
v -0.161133 -0.202148 0.102539
v -0.104492 -0.141602 0.092773
v -0.163086 -0.147461 0.071289
v -0.176758 -0.200195 0.084961
v -0.165039 -0.19043 0.100586
v -0.155273 -0.141602 0.086914
v -0.155273 -0.141602 0.086914
v -0.172852 -0.209961 0.086914
v -0.149414 -0.219727 0.092773
v -0.137695 -0.211914 0.108398
v -0.137695 -0.211914 0.108398
v -0.18457 -0.208008 0.083008
v -0.137695 -0.211914 0.108398
v -0.149414 -0.219727 0.092773
v -0.118164 -0.217773 0.084961
v -0.137695 -0.211914 0.108398
v -0.118164 -0.217773 0.084961
v -0.104492 -0.141602 0.092773
v -0.149414 -0.219727 0.092773
v -0.133789 -0.239258 0.075195
v -0.118164 -0.217773 0.084961
v -0.118164 -0.217773 0.084961
v -0.143555 -0.124023 0.067383
v -0.155273 -0.116211 0.077148
v -0.163086 -0.147461 0.071289
v -0.155273 -0.141602 0.086914
v -0.143555 -0.124023 0.067383
v -0.137695 -0.112305 0.081055
v -0.137695 -0.112305 0.081055
v -0.163086 -0.102539 0.067383
v -0.155273 -0.116211 0.077148
v -0.15332 -0.110352 0.057617
v -0.15332 -0.110352 0.057617
v -0.15332 -0.092773 0.06543
v -0.163086 -0.102539 0.067383
v -0.163086 -0.102539 0.067383
v -0.15332 -0.092773 0.06543
v -0.161133 -0.036133 0.032227
v -0.143555 -0.124023 0.067383
v -0.143555 -0.124023 0.067383
v -0.137695 -0.112305 0.081055
v -0.15332 -0.110352 0.057617
v -0.15332 -0.092773 0.06543
v -0.094727 -0.05957 0.075195
v -0.155273 -0.020508 0.010742
v -0.165039 -0.038086 0.018555
v -0.161133 -0.036133 0.032227
v -0.094727 -0.047852 0.061523
v -0.155273 -0.020508 0.010742
v -0.161133 -0.036133 0.032227
v -0.094727 -0.05957 0.075195
v -0.155273 -0.020508 0.010742
v -0.176758 -0.040039 0.014648
v -0.155273 -0.020508 0.010742
v -0.186523 -0.038086 -0.016602
v -0.157227 -0.010742 0.012695
v -0.155273 -0.020508 0.010742
v -0.104492 -0.03418 0.069336
v -0.163086 -0.024414 -0.071289
v -0.155273 -0.020508 0.010742
v -0.157227 -0.010742 0.012695
v -0.108398 -0.006836 0.073242
v -0.157227 0.008789 0.012695
v -0.157227 0.008789 0.012695
v -0.166992 -0.010742 -0.071289
v -0.094727 -0.047852 0.061523
v -0.104492 -0.03418 0.069336
v -0.155273 -0.020508 0.010742
v -0.163086 -0.024414 -0.071289
v -0.077148 -0.168945 0.06543
v -0.118164 -0.217773 0.084961
v -0.106445 -0.227539 0.083008
v -0.077148 -0.168945 0.06543
v -0.088867 -0.15918 0.067383
v -0.088867 -0.15918 0.067383
v -0.05957 -0.09082 0.051758
v -0.05957 -0.09082 0.051758
v -0.05957 -0.09082 0.051758
v -0.032227 -0.147461 -0.022461
v -0.05957 -0.09082 0.051758
v -0.077148 -0.243164 -0.000977
v -0.077148 -0.243164 -0.000977
v -0.05957 -0.09082 0.051758
v -0.043945 -0.094727 0.06543
v -0.108398 -0.006836 0.073242
v -0.104492 -0.03418 0.069336
v -0.043945 -0.094727 0.06543
v -0.004883 -0.032227 0.088867
v -0.075195 -0.010742 0.071289
v -0.108398 -0.006836 0.073242
v -0.102539 0.000977 0.05957
v -0.108398 -0.006836 0.073242
v -0.043945 -0.094727 0.06543
v -0.004883 -0.038086 0.102539
v -0.004883 -0.038086 0.102539
v -0.145508 0.016602 0.004883
v -0.157227 0.008789 0.012695
v -0.108398 -0.006836 0.073242
v -0.102539 0.000977 0.05957
v -0.069336 -0.006836 0.084961
v -0.075195 -0.010742 0.071289
v -0.004883 -0.032227 0.088867
v -0.071289 0.020508 0.092773
v -0.075195 -0.010742 0.071289
v -0.069336 -0.006836 0.084961
v -0.014648 -0.024414 0.098633
v -0.014648 -0.024414 0.098633
v -0.016602 0.020508 0.108398
v -0.081055 0.032227 0.075195
v -0.106445 0.043945 0.071289
v -0.075195 -0.010742 0.071289
v -0.102539 0.000977 0.05957
v -0.075195 -0.010742 0.071289
v -0.071289 0.020508 0.092773
v -0.081055 0.032227 0.075195
v -0.05957 -0.084961 0.040039
v -0.05957 -0.084961 0.040039
v -0.004883 -0.104492 0.075195
v -0.03418 -0.131836 -0.018555
v -0.004883 -0.104492 0.075195
v 0.03418 -0.094727 0.06543
v -0.004883 -0.038086 0.102539
v -0.004883 -0.104492 0.075195
v -0.004883 -0.135742 -0.014648
v 0.024414 -0.131836 -0.018555
v 0.024414 -0.131836 -0.018555
v 0.030273 -0.02832 0.094727
v -0.004883 -0.032227 0.088867
v -0.004883 -0.038086 0.102539
v 0.030273 -0.02832 0.094727
v -0.014648 -0.024414 0.098633
v -0.004883 -0.032227 0.088867
v -0.004883 -0.024414 0.09082
v -0.016602 0.020508 0.108398
v 0.004883 -0.024414 0.098633
v -0.004883 -0.024414 0.09082
v -0.004883 -0.032227 0.088867
v 0.026367 -0.024414 0.084961
v 0.004883 -0.024414 0.098633
v -0.004883 -0.032227 0.088867
v 0.026367 -0.024414 0.084961
v -0.004883 0.026367 0.098633
v 0.006836 0.020508 0.108398
v -0.004883 0.026367 0.098633
v -0.032227 -0.147461 -0.022461
v -0.05957 -0.084961 0.040039
v -0.05957 -0.09082 0.051758
v -0.03418 -0.131836 -0.018555
v -0.458008 0.032227 0.006836
v -0.458008 0.032227 0.006836
v -0.450195 0.038086 0.004883
v -0.477539 0.036133 -0.043945
v -0.477539 0.036133 -0.043945
v -0.458008 0.032227 0.006836
v -0.47168 0.041992 -0.049805
v -0.47168 0.041992 -0.049805
v -0.413086 0.071289 0.02832
v -0.450195 0.049805 0.008789
v -0.413086 0.071289 0.02832
v -0.456055 0.100586 -0.061523
v -0.477539 0.053711 -0.055664
v -0.477539 0.053711 -0.055664
v -0.401367 0.022461 0.045898
v -0.389648 0.004883 0.038086
v -0.387695 0.020508 0.047852
v -0.401367 0.022461 0.045898
v -0.401367 0.022461 0.045898
v -0.387695 0.020508 0.047852
v -0.413086 0.071289 0.02832
v -0.37207 0.008789 0.047852
v -0.37207 0.008789 0.047852
v -0.405273 0.055664 0.05957
v -0.399414 0.063477 0.047852
v -0.399414 0.067383 0.049805
v -0.401367 0.06543 0.045898
v -0.399414 0.063477 0.047852
v -0.405273 0.055664 0.05957
v -0.405273 0.055664 0.05957
v -0.399414 0.067383 0.049805
v -0.401367 0.06543 0.045898
v -0.352539 0.045898 0.026367
v -0.387695 0.088867 0.014648
v -0.387695 0.088867 0.014648
v -0.401367 0.102539 -0.008789
v -0.397461 0.116211 0.00293
v -0.397461 0.116211 0.004883
v -0.40918 0.116211 0.000977
v -0.40918 0.116211 0.000977
v -0.397461 0.116211 0.004883
v -0.395508 0.120117 0.006836
v -0.395508 0.120117 0.006836
v -0.397461 0.116211 0.00293
v -0.40918 0.116211 0.000977
v -0.391602 0.071289 0.03418
v -0.399414 0.067383 0.049805
v -0.399414 0.063477 0.047852
v -0.391602 0.071289 0.03418
v -0.393555 0.075195 0.036133
v -0.391602 0.071289 0.03418
v -0.393555 0.075195 0.036133
v -0.399414 0.067383 0.049805
v -0.401367 0.06543 0.045898
v -0.393555 0.075195 0.036133
v -0.391602 0.071289 0.03418
v -0.393555 0.075195 0.036133
v -0.391602 0.071289 0.03418
v -0.379883 0.083008 0.020508
v -0.381836 0.09082 0.008789
v -0.391602 0.071289 0.03418
v -0.393555 0.075195 0.036133
v -0.393555 0.075195 0.036133
v -0.379883 0.083008 0.020508
v -0.379883 0.09668 0.014648
v -0.379883 0.09668 0.014648
v -0.381836 0.09082 0.008789
v -0.379883 0.083008 0.020508
v -0.391602 0.071289 0.03418
v -0.374023 0.09668 -0.000977
v -0.374023 0.09668 -0.000977
v -0.379883 0.09668 0.014648
v -0.379883 0.083008 0.020508
v -0.37207 0.106445 0.004883
v -0.379883 0.09082 0.004883
v -0.387695 0.088867 0.014648
v -0.387695 0.088867 0.014648
v -0.379883 0.09082 0.004883
v -0.383789 0.09668 -0.00293
v -0.387695 0.088867 0.014648
v -0.352539 0.045898 0.026367
v -0.34668 0.049805 -0.00293
v -0.34668 0.049805 -0.00293
v -0.37207 0.106445 0.004883
v -0.387695 0.088867 0.014648
v -0.401367 0.102539 -0.008789
v -0.381836 0.09082 0.008789
v -0.379883 0.09668 0.014648
v -0.374023 0.09668 -0.000977
v -0.375977 0.104492 -0.000977
v -0.375977 0.104492 -0.000977
v -0.383789 0.09668 -0.00293
v -0.379883 0.09082 0.004883
v -0.397461 0.102539 0.024414
v -0.395508 0.104492 0.02832
v -0.40332 0.106445 0.02832
v -0.40332 0.106445 0.02832
v -0.395508 0.104492 0.02832
v -0.397461 0.106445 0.026367
v -0.397461 0.106445 0.026367
v -0.397461 0.102539 0.024414
v -0.40332 0.106445 0.02832
v -0.395508 0.104492 0.02832
v -0.397461 0.102539 0.024414
v -0.391602 0.102539 0.014648
v -0.387695 0.106445 0.016602
v -0.387695 0.106445 0.016602
v -0.397461 0.102539 0.024414
v -0.397461 0.106445 0.026367
v -0.391602 0.102539 0.014648
v -0.387695 0.106445 0.016602
v -0.391602 0.102539 0.014648
v -0.397461 0.106445 0.026367
v -0.391602 0.102539 0.014648
v -0.387695 0.106445 0.016602
v -0.385742 0.094727 0.004883
v -0.381836 0.098633 0.004883
v -0.385742 0.094727 0.004883
v -0.387695 0.108398 -0.000977
v -0.385742 0.110352 0.000977
v -0.395508 0.120117 0.006836
v -0.397461 0.116211 0.004883
v -0.385742 0.110352 0.000977
v -0.385742 0.110352 0.000977
v -0.387695 0.108398 -0.000977
v -0.381836 0.098633 0.004883
v -0.385742 0.094727 0.004883
v -0.387695 0.106445 0.016602
v -0.385742 0.110352 0.000977
v -0.387695 0.108398 -0.000977
v -0.379883 0.100586 -0.000977
v -0.37793 0.102539 -0.00293
v -0.385742 0.110352 0.000977
v -0.379883 0.100586 -0.000977
v -0.37793 0.102539 -0.00293
v -0.40918 0.129883 0.004883
v -0.399414 0.143555 -0.000977
v -0.401367 0.141602 -0.004883
v -0.397461 0.141602 -0.00293
v -0.399414 0.143555 -0.000977
v -0.40918 0.129883 0.004883
v -0.40918 0.129883 0.004883
v -0.401367 0.141602 -0.004883
v -0.397461 0.141602 -0.00293
v -0.352539 0.006836 0.041992
v -0.352539 0.006836 0.041992
v -0.34668 0.00293 0.026367
v -0.352539 0.045898 0.026367
v -0.344727 0.036133 0.010742
v -0.325195 0.032227 0.014648
v -0.344727 0.036133 0.010742
v -0.34668 0.049805 -0.00293
v -0.34668 0.049805 -0.00293
v -0.272461 0.026367 -0.032227
v -0.291992 0.045898 -0.03418
v -0.34668 0.049805 -0.00293
v -0.325195 0.032227 0.014648
v -0.272461 0.026367 -0.032227
v -0.37207 0.106445 0.004883
v -0.364258 0.129883 0.020508
v -0.383789 0.116211 -0.010742
v -0.34668 0.049805 -0.00293
v -0.28418 0.088867 0.038086
v -0.291992 0.09082 0.040039
v -0.313477 0.084961 0.041992
v -0.291992 0.098633 0.038086
v -0.274414 0.081055 0.032227
v -0.28418 0.088867 0.038086
v -0.313477 0.084961 0.041992
v -0.291992 0.102539 0.043945
v -0.307617 0.106445 0.049805
v -0.313477 0.084961 0.041992
v -0.307617 0.106445 0.049805
v -0.291992 0.098633 0.038086
v -0.34668 0.049805 -0.00293
v -0.274414 0.081055 0.032227
v -0.313477 0.084961 0.041992
v -0.282227 0.094727 0.03418
v -0.280273 0.09668 0.040039
v -0.282227 0.094727 0.03418
v -0.28418 0.088867 0.038086
v -0.280273 0.09668 0.040039
v -0.262695 0.106445 0.041992
v -0.307617 0.106445 0.049805
v -0.262695 0.106445 0.041992
v -0.293945 0.15332 0.06543
v -0.338867 0.174805 0.02832
v -0.293945 0.15332 0.06543
v -0.291992 0.102539 0.043945
v -0.291992 0.098633 0.038086
v -0.280273 0.09668 0.040039
v -0.291992 0.102539 0.043945
v -0.280273 0.09668 0.040039
v -0.268555 0.094727 0.036133
v -0.268555 0.094727 0.036133
v -0.282227 0.094727 0.03418
v -0.260742 0.077148 0.026367
v -0.260742 0.077148 0.026367
v -0.262695 0.063477 0.047852
v -0.25293 0.077148 0.047852
v -0.256836 0.077148 0.045898
v -0.254883 0.075195 0.045898
v -0.25293 0.077148 0.047852
v -0.262695 0.063477 0.047852
v -0.262695 0.063477 0.047852
v -0.256836 0.077148 0.045898
v -0.254883 0.075195 0.045898
v -0.258789 0.086914 0.040039
v -0.256836 0.077148 0.045898
v -0.25293 0.077148 0.047852
v -0.25293 0.077148 0.047852
v -0.254883 0.075195 0.045898
v -0.258789 0.084961 0.038086
v -0.258789 0.086914 0.040039
v -0.258789 0.084961 0.038086
v -0.254883 0.075195 0.045898
v -0.256836 0.077148 0.045898
v -0.258789 0.086914 0.040039
v -0.260742 0.09082 0.02832
v -0.260742 0.094727 0.030273
v -0.260742 0.094727 0.030273
v -0.260742 0.09082 0.02832
v -0.250977 0.102539 0.03418
v -0.262695 0.106445 0.041992
v -0.250977 0.102539 0.03418
v -0.209961 0.141602 0.004883
v -0.243164 0.149414 0.05957
v -0.209961 0.141602 0.004883
v -0.243164 0.149414 0.05957
v -0.262695 0.106445 0.041992
v -0.209961 0.141602 0.004883
v -0.245117 0.077148 -0.026367
v -0.291992 0.045898 -0.03418
v -0.291992 0.045898 -0.03418
v -0.362305 0.229492 0.067383
v -0.354492 0.186523 0.036133
v -0.299805 0.192383 0.084961
v -0.389648 0.266602 -0.024414
v -0.354492 0.186523 0.036133
v -0.362305 0.229492 0.067383
v -0.303711 0.227539 0.112305
v -0.329102 0.25293 0.073242
v -0.362305 0.229492 0.067383
v -0.329102 0.25293 0.073242
v -0.368164 0.282227 -0.014648
v -0.389648 0.266602 -0.024414
v -0.354492 0.186523 0.036133
v -0.338867 0.174805 0.02832
v -0.299805 0.192383 0.084961
v -0.366211 0.209961 -0.051758
v -0.37793 0.21582 -0.047852
v -0.37793 0.21582 -0.047852
v -0.381836 0.15918 -0.026367
v -0.391602 0.149414 -0.038086
v -0.383789 0.116211 -0.010742
v -0.364258 0.129883 0.020508
v -0.391602 0.149414 -0.038086
v -0.270508 0.188477 0.063477
v -0.270508 0.188477 0.063477
v -0.379883 0.172852 -0.032227
v -0.366211 0.209961 -0.051758
v -0.379883 0.172852 -0.032227
v -0.338867 0.174805 0.02832
v -0.270508 0.188477 0.063477
v -0.303711 0.227539 0.112305
v -0.299805 0.192383 0.084961
v -0.243164 0.250977 0.116211
v -0.282227 0.250977 0.102539
v -0.329102 0.25293 0.073242
v -0.303711 0.227539 0.112305
v -0.243164 0.250977 0.116211
v -0.282227 0.250977 0.102539
v -0.303711 0.227539 0.112305
v -0.270508 0.188477 0.063477
v -0.21582 0.217773 0.092773
v -0.225586 0.19043 0.061523
v -0.21582 0.217773 0.092773
v -0.270508 0.188477 0.063477
v -0.225586 0.19043 0.061523
v -0.282227 0.250977 0.102539
v -0.327148 0.268555 0.077148
v -0.329102 0.25293 0.073242
v -0.329102 0.25293 0.073242
v -0.327148 0.268555 0.077148
v -0.366211 0.297852 -0.006836
v -0.368164 0.282227 -0.014648
v -0.28418 0.266602 0.104492
v -0.327148 0.268555 0.077148
v -0.28418 0.266602 0.104492
v -0.305664 0.27832 0.079102
v -0.34668 0.305664 -0.000977
v -0.366211 0.297852 -0.006836
v -0.295898 0.323242 0.077148
v -0.329102 0.350586 0.018555
v -0.344727 0.327148 0.010742
v -0.344727 0.327148 0.010742
v -0.329102 0.350586 0.018555
v -0.31543 0.37207 -0.053711
v -0.303711 0.299805 0.081055
v -0.34668 0.305664 -0.000977
v -0.317383 0.360352 -0.075195
v -0.34668 0.305664 -0.000977
v -0.344727 0.327148 0.010742
v -0.31543 0.37207 -0.053711
v -0.295898 0.323242 0.077148
v -0.239258 0.37793 0.024414
v -0.200195 0.295898 0.092773
v -0.28418 0.266602 0.104492
v -0.282227 0.280273 0.088867
v -0.206055 0.307617 0.092773
v -0.206055 0.307617 0.092773
v -0.305664 0.27832 0.079102
v -0.282227 0.280273 0.088867
v -0.219727 0.327148 0.083008
v -0.303711 0.299805 0.081055
v -0.282227 0.280273 0.088867
v -0.206055 0.307617 0.092773
v -0.295898 0.323242 0.077148
v -0.235352 0.34082 0.079102
v -0.235352 0.34082 0.079102
v -0.25293 0.34082 0.061523
v -0.282227 0.34082 0.051758
v -0.264648 0.336914 0.06543
v -0.258789 0.366211 0.077148
v -0.258789 0.364258 0.077148
v -0.256836 0.374023 0.088867
v -0.256836 0.374023 0.088867
v -0.258789 0.364258 0.077148
v -0.254883 0.364258 0.077148
v -0.254883 0.364258 0.077148
v -0.258789 0.366211 0.077148
v -0.256836 0.374023 0.088867
v -0.258789 0.366211 0.077148
v -0.258789 0.358398 0.063477
v -0.262695 0.358398 0.06543
v -0.262695 0.358398 0.06543
v -0.258789 0.358398 0.063477
v -0.262695 0.358398 0.06543
v -0.258789 0.358398 0.063477
v -0.264648 0.34082 0.057617
v -0.258789 0.338867 0.05957
v -0.258789 0.358398 0.063477
v -0.262695 0.358398 0.06543
v -0.262695 0.358398 0.06543
v -0.262695 0.358398 0.06543
v -0.264648 0.34082 0.057617
v -0.258789 0.338867 0.05957
v -0.258789 0.358398 0.063477
v -0.258789 0.338867 0.05957
v -0.264648 0.34082 0.057617
v -0.258789 0.358398 0.063477
v -0.276367 0.34668 0.043945
v -0.286133 0.34668 0.041992
v -0.282227 0.34082 0.051758
v -0.276367 0.34668 0.043945
v -0.286133 0.366211 0.047852
v -0.288086 0.370117 0.049805
v -0.286133 0.368164 0.043945
v -0.276367 0.356445 0.051758
v -0.274414 0.354492 0.055664
v -0.276367 0.342773 0.049805
v -0.276367 0.342773 0.049805
v -0.274414 0.354492 0.055664
v -0.27832 0.344727 0.045898
v -0.27832 0.344727 0.045898
v -0.27832 0.368164 0.057617
v -0.276367 0.356445 0.051758
v -0.27832 0.37207 0.053711
v -0.27832 0.368164 0.057617
v -0.27832 0.368164 0.057617
v -0.280273 0.368164 0.055664
v -0.276367 0.356445 0.051758
v -0.276367 0.356445 0.051758
v -0.280273 0.368164 0.055664
v -0.27832 0.37207 0.053711
v -0.280273 0.368164 0.055664
v -0.27832 0.368164 0.057617
v -0.28418 0.375977 0.067383
v -0.28418 0.375977 0.067383
v -0.27832 0.37207 0.053711
v -0.280273 0.368164 0.055664
v -0.28418 0.375977 0.067383
v -0.194336 0.186523 0.112305
v -0.131836 0.120117 0.118164
v -0.129883 0.141602 0.141602
v -0.129883 0.141602 0.141602
v -0.131836 0.120117 0.118164
v -0.026367 0.149414 0.15332
v -0.018555 0.186523 0.149414
v -0.194336 0.186523 0.112305
v -0.129883 0.141602 0.141602
v -0.026367 0.149414 0.15332
v -0.18457 0.155273 0.081055
v -0.155273 0.102539 0.088867
v -0.131836 0.120117 0.118164
v -0.116211 0.057617 0.092773
v -0.131836 0.120117 0.118164
v -0.194336 0.186523 0.112305
v -0.18457 0.155273 0.081055
v -0.131836 0.120117 0.118164
v -0.086914 0.086914 0.12793
v -0.016602 0.133789 0.139648
v -0.086914 0.086914 0.12793
v -0.016602 0.133789 0.139648
v -0.155273 0.102539 0.088867
v -0.161133 0.073242 0.03418
v -0.116211 0.057617 0.092773
v -0.192383 0.125977 -0.053711
v -0.161133 0.073242 0.03418
v -0.155273 0.102539 0.088867
v -0.18457 0.155273 0.081055
v -0.204102 0.186523 0.014648
v -0.211914 0.178711 -0.067383
v -0.15332 0.022461 -0.061523
v -0.166992 0.014648 -0.071289
v -0.166992 0.014648 -0.071289
v -0.151367 0.061523 0.014648
v -0.145508 0.016602 0.004883
v -0.145508 0.016602 0.004883
v -0.151367 0.061523 0.014648
v -0.15332 0.022461 -0.061523
v -0.106445 0.043945 0.071289
v -0.151367 0.061523 0.014648
v -0.151367 0.061523 0.014648
v -0.172852 0.086914 -0.051758
v -0.15918 0.071289 -0.053711
v -0.151367 0.061523 0.014648
v -0.172852 0.086914 -0.051758
v -0.15918 0.071289 -0.053711
v -0.194336 0.186523 0.112305
v -0.21582 0.217773 0.092773
v -0.161133 0.290039 0.084961
v -0.21582 0.217773 0.092773
v -0.194336 0.186523 0.112305
v -0.09082 0.256836 0.120117
v -0.155273 0.274414 0.09668
v -0.161133 0.290039 0.084961
v -0.194336 0.186523 0.112305
v -0.135742 0.291992 0.09082
v -0.155273 0.274414 0.09668
v -0.108398 0.280273 0.106445
v -0.102539 0.258789 0.116211
v -0.108398 0.270508 0.110352
v -0.225586 0.19043 0.061523
v -0.204102 0.186523 0.014648
v -0.21582 0.217773 0.092773
v -0.211914 0.178711 -0.067383
v -0.204102 0.186523 0.014648
v -0.209961 0.141602 0.004883
v -0.245117 0.077148 -0.026367
v -0.249023 0.086914 -0.086914
v -0.004883 0.09668 0.141602
v -0.004883 0.084961 0.118164
v -0.004883 0.09668 0.141602
v -0.086914 0.086914 0.12793
v -0.086914 0.086914 0.12793
v -0.116211 0.057617 0.092773
v -0.079102 0.073242 0.102539
v -0.079102 0.073242 0.102539
v 0.004883 0.133789 0.139648
v 0.030273 0.092773 0.135742
v 0.030273 0.092773 0.135742
v -0.026367 0.149414 0.15332
v -0.016602 0.133789 0.139648
v -0.004883 0.147461 0.139648
v -0.004883 0.147461 0.139648
v -0.004883 0.147461 0.139648
v -0.004883 0.180664 0.139648
v 0.008789 0.186523 0.149414
v -0.004883 0.180664 0.139648
v -0.004883 0.147461 0.139648
v 0.004883 0.133789 0.139648
v 0.014648 0.149414 0.15332
v -0.018555 0.25293 0.124023
v -0.075195 0.270508 0.118164
v -0.004883 0.258789 0.108398
v 0.008789 0.25293 0.124023
v -0.004883 0.258789 0.108398
v -0.106445 0.043945 0.071289
v -0.079102 0.073242 0.102539
v -0.063477 0.030273 0.094727
v -0.073242 0.038086 0.098633
v -0.081055 0.032227 0.075195
v -0.016602 0.041992 0.114258
v -0.073242 0.038086 0.098633
v -0.063477 0.030273 0.094727
v -0.081055 0.032227 0.075195
v -0.063477 0.030273 0.094727
v -0.063477 0.030273 0.094727
v -0.016602 0.020508 0.108398
v -0.020508 0.032227 0.104492
v -0.020508 0.032227 0.104492
v -0.016602 0.041992 0.114258
v -0.063477 0.030273 0.094727
v -0.079102 0.073242 0.102539
v -0.081055 0.032227 0.075195
v -0.073242 0.038086 0.098633
v -0.073242 0.06543 0.108398
v -0.079102 0.073242 0.102539
v -0.079102 0.073242 0.102539
v -0.073242 0.06543 0.108398
v -0.004883 0.084961 0.118164
v -0.016602 0.075195 0.124023
v -0.073242 0.06543 0.108398
v -0.016602 0.075195 0.124023
v -0.004883 0.084961 0.118164
v -0.004883 0.03418 0.100586
v -0.004883 0.03418 0.100586
v -0.004883 0.03418 0.100586
v -0.016602 0.041992 0.114258
v -0.020508 0.032227 0.104492
v -0.004883 0.03418 0.100586
v -0.004883 0.040039 0.102539
v -0.004883 0.084961 0.118164
v -0.016602 0.075195 0.124023
v -0.004883 0.040039 0.102539
v -0.004883 0.03418 0.100586
v 0.006836 0.041992 0.114258
v -0.004883 0.084961 0.118164
v -0.004883 0.03418 0.100586
v 0.006836 0.020508 0.108398
v 0.010742 0.032227 0.104492
v 0.010742 0.032227 0.104492
v 0.006836 0.041992 0.114258
v -0.004883 0.03418 0.100586
v 0.030273 0.079102 0.110352
v 0.004883 0.075195 0.124023
v -0.004883 0.084961 0.118164
v 0.004883 0.075195 0.124023
v 0.030273 0.079102 0.110352
v -0.209961 0.31543 0.083008
v -0.200195 0.295898 0.092773
v -0.194336 0.311523 0.094727
v -0.194336 0.311523 0.094727
v -0.219727 0.37207 0.024414
v -0.209961 0.31543 0.083008
v -0.194336 0.311523 0.094727
v -0.198242 0.379883 0.030273
v -0.219727 0.37207 0.024414
v -0.194336 0.311523 0.094727
v -0.194336 0.311523 0.094727
v -0.161133 0.290039 0.084961
v -0.165039 0.301758 0.067383
v -0.186523 0.366211 0.036133
v -0.198242 0.379883 0.030273
v -0.206055 0.307617 0.092773
v -0.200195 0.295898 0.092773
v -0.209961 0.31543 0.083008
v -0.209961 0.31543 0.083008
v -0.219727 0.327148 0.083008
v -0.206055 0.307617 0.092773
v -0.235352 0.34082 0.079102
v -0.219727 0.37207 0.024414
v -0.239258 0.37793 0.024414
v -0.254883 0.393555 -0.053711
v -0.213867 0.385742 -0.043945
v -0.241211 0.389648 -0.071289
v -0.217773 0.393555 -0.086914
v -0.241211 0.389648 -0.071289
v -0.129883 0.295898 0.083008
v -0.161133 0.290039 0.084961
v -0.155273 0.274414 0.09668
v -0.151367 0.28418 0.086914
v -0.161133 0.290039 0.084961
v -0.151367 0.28418 0.086914
v -0.149414 0.291992 0.086914
v -0.161133 0.290039 0.084961
v -0.149414 0.291992 0.086914
v -0.129883 0.295898 0.083008
v -0.165039 0.301758 0.067383
v -0.129883 0.295898 0.083008
v -0.131836 0.317383 0.069336
v -0.161133 0.37793 0.03418
v -0.186523 0.366211 0.036133
v -0.147461 0.286133 0.092773
v -0.151367 0.28418 0.086914
v -0.155273 0.274414 0.09668
v -0.147461 0.286133 0.092773
v -0.141602 0.286133 0.108398
v -0.139648 0.293945 0.09668
v -0.137695 0.293945 0.09668
v -0.137695 0.297852 0.098633
v -0.139648 0.293945 0.09668
v -0.141602 0.286133 0.108398
v -0.141602 0.286133 0.108398
v -0.137695 0.293945 0.09668
v -0.137695 0.297852 0.098633
v -0.139648 0.295898 0.083008
v -0.137695 0.293945 0.09668
v -0.139648 0.293945 0.09668
v -0.141602 0.301758 0.084961
v -0.139648 0.295898 0.083008
v -0.141602 0.301758 0.084961
v -0.139648 0.295898 0.083008
v -0.147461 0.286133 0.092773
v -0.149414 0.291992 0.086914
v -0.151367 0.28418 0.086914
v -0.149414 0.291992 0.086914
v -0.135742 0.291992 0.09082
v -0.141602 0.303711 0.071289
v -0.094727 0.28418 0.09668
v -0.129883 0.295898 0.083008
v -0.135742 0.291992 0.09082
v -0.108398 0.280273 0.106445
v -0.094727 0.28418 0.09668
v -0.133789 0.30957 0.081055
v -0.133789 0.311523 0.079102
v -0.135742 0.303711 0.069336
v -0.131836 0.297852 0.077148
v -0.133789 0.311523 0.079102
v -0.133789 0.30957 0.081055
v -0.135742 0.317383 0.088867
v -0.131836 0.319336 0.09082
v -0.131836 0.297852 0.077148
v -0.135742 0.31543 0.09082
v -0.131836 0.319336 0.09082
v -0.135742 0.31543 0.09082
v -0.133789 0.30957 0.081055
v -0.135742 0.303711 0.069336
v -0.133789 0.311523 0.079102
v -0.135742 0.317383 0.088867
v -0.131836 0.319336 0.09082
v -0.174805 0.319336 0.094727
v -0.174805 0.338867 0.081055
v -0.176758 0.334961 0.077148
v -0.170898 0.334961 0.079102
v -0.174805 0.338867 0.081055
v -0.174805 0.319336 0.094727
v -0.174805 0.319336 0.094727
v -0.176758 0.334961 0.077148
v -0.170898 0.334961 0.079102
v -0.170898 0.358398 0.067383
v -0.174805 0.338867 0.081055
v -0.170898 0.334961 0.079102
v -0.165039 0.352539 0.06543
v -0.170898 0.358398 0.067383
v -0.165039 0.352539 0.06543
v -0.176758 0.334961 0.077148
v -0.170898 0.358398 0.067383
v -0.165039 0.352539 0.06543
v -0.174805 0.356445 0.041992
v -0.165039 0.352539 0.06543
v -0.170898 0.358398 0.067383
v -0.170898 0.358398 0.067383
v -0.165039 0.352539 0.06543
v -0.163086 0.350586 0.043945
v -0.174805 0.356445 0.041992
v -0.163086 0.350586 0.043945
v -0.135742 0.317383 0.088867
v -0.135742 0.31543 0.09082
v -0.145508 0.319336 0.098633
v -0.145508 0.319336 0.098633
v -0.131836 0.319336 0.09082
v -0.135742 0.317383 0.088867
v -0.145508 0.319336 0.098633
v -0.151367 0.391602 0.040039
v -0.161133 0.37793 0.03418
v -0.131836 0.317383 0.069336
v -0.100586 0.342773 0.079102
v -0.131836 0.317383 0.069336
v -0.094727 0.28418 0.09668
v -0.088867 0.299805 0.094727
v -0.104492 0.317383 0.083008
v -0.104492 0.317383 0.083008
v -0.112305 0.333008 0.069336
v -0.131836 0.317383 0.069336
v -0.131836 0.317383 0.069336
v -0.112305 0.333008 0.069336
v -0.100586 0.342773 0.079102
v -0.174805 0.356445 0.041992
v -0.163086 0.350586 0.043945
v -0.165039 0.362305 0.040039
v -0.157227 0.389648 0.02832
v -0.198242 0.379883 0.030273
v -0.254883 0.393555 -0.053711
v -0.157227 0.389648 0.02832
v -0.194336 0.391602 -0.010742
v -0.163086 0.393555 0.053711
v -0.163086 0.389648 0.053711
v -0.157227 0.389648 0.067383
v -0.157227 0.389648 0.067383
v -0.163086 0.389648 0.053711
v -0.161133 0.391602 0.053711
v -0.161133 0.391602 0.053711
v -0.163086 0.393555 0.053711
v -0.157227 0.389648 0.067383
v -0.161133 0.387695 0.043945
v -0.161133 0.387695 0.043945
v -0.161133 0.391602 0.053711
v -0.163086 0.389648 0.053711
v -0.161133 0.393555 0.041992
v -0.161133 0.393555 0.041992
v -0.161133 0.391602 0.053711
v -0.161133 0.387695 0.043945
v -0.161133 0.393555 0.041992
v -0.161133 0.383789 0.032227
v -0.161133 0.37793 0.03418
v -0.161133 0.37793 0.03418
v -0.15918 0.383789 0.030273
v -0.165039 0.385742 0.030273
v -0.151367 0.391602 0.040039
v -0.161133 0.37793 0.03418
v -0.161133 0.383789 0.032227
v -0.161133 0.393555 0.041992
v -0.15918 0.383789 0.030273
v -0.09082 0.432617 -0.010742
v -0.157227 0.407227 -0.012695
v -0.077148 0.407227 0.084961
v -0.077148 0.407227 0.084961
v -0.061523 0.446289 0.049805
v -0.079102 0.313477 0.139648
v -0.071289 0.307617 0.131836
v -0.069336 0.301758 0.15918
v -0.041992 0.28418 0.15332
v -0.069336 0.301758 0.15918
v -0.067383 0.319336 0.168945
v -0.075195 0.327148 0.151367
v -0.057617 0.31543 0.176758
v -0.067383 0.319336 0.168945
v -0.069336 0.301758 0.15918
v -0.079102 0.313477 0.139648
v -0.055664 0.291992 0.180664
v -0.055664 0.291992 0.180664
v -0.071289 0.307617 0.131836
v -0.077148 0.329102 0.106445
v -0.049805 0.290039 0.114258
v -0.049805 0.290039 0.114258
v -0.071289 0.37207 0.155273
v -0.061523 0.352539 0.168945
v -0.071289 0.37207 0.155273
v -0.053711 0.336914 0.176758
v -0.083008 0.334961 0.12793
v -0.081055 0.375977 0.129883
v -0.075195 0.37207 0.112305
v -0.053711 0.364258 0.176758
v -0.071289 0.37207 0.155273
v -0.053711 0.364258 0.176758
v -0.071289 0.375977 0.176758
v -0.081055 0.383789 0.157227
v -0.081055 0.375977 0.129883
v -0.014648 0.28418 0.211914
v -0.036133 0.288086 0.208008
v -0.036133 0.276367 0.196289
v -0.036133 0.276367 0.196289
v -0.036133 0.288086 0.208008
v -0.004883 0.272461 0.200195
v 0.026367 0.276367 0.196289
v -0.004883 0.272461 0.200195
v -0.036133 0.276367 0.196289
v -0.036133 0.276367 0.196289
v -0.004883 0.27832 0.155273
v 0.026367 0.276367 0.196289
v -0.047852 0.297852 0.194336
v -0.032227 0.305664 0.204102
v -0.045898 0.31543 0.198242
v -0.004883 0.31543 0.209961
v -0.032227 0.305664 0.204102
v -0.036133 0.288086 0.208008
v -0.014648 0.28418 0.211914
v -0.00293 0.301758 0.213867
v -0.03418 0.325195 0.211914
v -0.004883 0.31543 0.209961
v 0.024414 0.288086 0.208008
v -0.014648 0.28418 0.211914
v -0.004883 0.272461 0.200195
v 0.026367 0.276367 0.196289
v 0.024414 0.288086 0.208008
v 0.018555 0.303711 0.211914
v -0.047852 0.321289 0.196289
v -0.03418 0.331055 0.206055
v -0.03418 0.338867 0.208008
v -0.045898 0.317383 0.196289
v -0.041992 0.354492 0.188477
v -0.057617 0.31543 0.176758
v -0.047852 0.321289 0.196289
v -0.041992 0.354492 0.188477
v -0.053711 0.336914 0.176758
v -0.057617 0.31543 0.176758
v -0.03418 0.325195 0.211914
v -0.03418 0.331055 0.206055
v -0.045898 0.317383 0.196289
v -0.004883 0.333008 0.209961
v -0.03418 0.331055 0.206055
v -0.03418 0.325195 0.211914
v -0.045898 0.31543 0.198242
v -0.00293 0.327148 0.21582
v -0.00293 0.327148 0.21582
v -0.004883 0.333008 0.209961
v -0.026367 0.364258 0.198242
v -0.004883 0.338867 0.213867
v -0.03418 0.338867 0.208008
v -0.004883 0.338867 0.213867
v -0.004883 0.358398 0.204102
v -0.026367 0.364258 0.198242
v -0.045898 0.31543 0.198242
v -0.045898 0.317383 0.196289
v -0.057617 0.31543 0.176758
v -0.041992 0.354492 0.188477
v -0.026367 0.364258 0.198242
v -0.030273 0.368164 0.19043
v -0.041992 0.354492 0.188477
v -0.030273 0.368164 0.19043
v -0.045898 0.379883 0.186523
v -0.041992 0.354492 0.188477
v -0.045898 0.379883 0.186523
v -0.016602 0.360352 0.21582
v -0.004883 0.362305 0.223633
v -0.016602 0.366211 0.219727
v -0.016602 0.366211 0.219727
v -0.004883 0.362305 0.223633
v -0.004883 0.395508 0.21582
v -0.030273 0.366211 0.202148
v -0.02832 0.374023 0.202148
v -0.018555 0.393555 0.213867
v -0.018555 0.393555 0.213867
v -0.004883 0.356445 0.219727
v 0.006836 0.360352 0.21582
v -0.004883 0.362305 0.223633
v -0.004883 0.356445 0.219727
v -0.004883 0.356445 0.219727
v -0.016602 0.360352 0.21582
v -0.004883 0.358398 0.204102
v -0.004883 0.356445 0.219727
v -0.004883 0.358398 0.204102
v 0.006836 0.360352 0.21582
v 0.004883 0.366211 0.219727
v 0.004883 0.366211 0.219727
v -0.00293 0.327148 0.21582
v -0.004883 0.31543 0.209961
v 0.022461 0.313477 0.206055
v 0.024414 0.327148 0.211914
v -0.004883 0.333008 0.209961
v -0.00293 0.327148 0.21582
v -0.00293 0.327148 0.21582
v 0.022461 0.313477 0.206055
v 0.024414 0.327148 0.211914
v 0.022461 0.313477 0.206055
v -0.004883 0.338867 0.213867
v -0.004883 0.333008 0.209961
v 0.024414 0.338867 0.208008
v 0.024414 0.338867 0.208008
v 0.022461 0.331055 0.206055
v -0.004883 0.333008 0.209961
v 0.022461 0.331055 0.206055
v 0.024414 0.338867 0.208008
v -0.030273 0.366211 0.202148
v -0.026367 0.364258 0.198242
v -0.030273 0.368164 0.19043
v -0.030273 0.366211 0.202148
v -0.02832 0.374023 0.202148
v -0.030273 0.368164 0.19043
v -0.02832 0.375977 0.19043
v -0.018555 0.393555 0.213867
v -0.022461 0.391602 0.192383
v -0.02832 0.375977 0.19043
v -0.03418 0.383789 0.19043
v -0.030273 0.368164 0.19043
v -0.030273 0.368164 0.19043
v -0.03418 0.383789 0.19043
v -0.045898 0.379883 0.186523
v 0.014648 0.364258 0.198242
v 0.014648 0.364258 0.198242
v -0.004883 0.27832 0.120117
v 0.032227 0.282227 0.145508
v 0.032227 0.282227 0.145508
v 0.026367 0.276367 0.196289
v -0.004883 0.27832 0.155273
v -0.069336 0.387695 0.178711
v -0.071289 0.375977 0.176758
v -0.053711 0.364258 0.176758
v -0.069336 0.387695 0.178711
v -0.063477 0.411133 0.206055
v -0.063477 0.428711 0.204102
v -0.073242 0.424805 0.180664
v -0.043945 0.428711 0.213867
v -0.063477 0.428711 0.204102
v -0.063477 0.411133 0.206055
v -0.073242 0.407227 0.180664
v -0.063477 0.411133 0.206055
v -0.073242 0.407227 0.180664
v -0.055664 0.405273 0.194336
v -0.043945 0.405273 0.204102
v -0.045898 0.411133 0.21582
v -0.045898 0.411133 0.21582
v -0.067383 0.432617 0.178711
v -0.073242 0.424805 0.180664
v -0.063477 0.428711 0.204102
v -0.057617 0.43457 0.198242
v -0.041992 0.43457 0.206055
v -0.043945 0.428711 0.213867
v -0.069336 0.387695 0.178711
v -0.081055 0.399414 0.15918
v -0.081055 0.383789 0.157227
v -0.081055 0.383789 0.157227
v -0.081055 0.399414 0.15918
v -0.086914 0.387695 0.129883
v -0.071289 0.375977 0.176758
v -0.06543 0.399414 0.174805
v -0.081055 0.399414 0.15918
v -0.06543 0.399414 0.174805
v -0.073242 0.407227 0.157227
v -0.084961 0.40332 0.12793
v -0.084961 0.40332 0.12793
v -0.055664 0.387695 0.180664
v -0.06543 0.399414 0.174805
v -0.069336 0.387695 0.178711
v -0.045898 0.379883 0.186523
v -0.06543 0.399414 0.174805
v -0.073242 0.407227 0.157227
v -0.051758 0.40332 0.188477
v -0.05957 0.397461 0.176758
v -0.05957 0.397461 0.176758
v -0.073242 0.407227 0.157227
v -0.073242 0.407227 0.157227
v -0.057617 0.452148 0.19043
v -0.067383 0.432617 0.178711
v -0.057617 0.43457 0.198242
v -0.057617 0.452148 0.19043
v -0.077148 0.411133 0.125977
v -0.069336 0.454102 0.15918
v -0.077148 0.411133 0.125977
v -0.073242 0.407227 0.157227
v -0.057617 0.452148 0.19043
v -0.077148 0.407227 0.084961
v -0.077148 0.407227 0.084961
v -0.073242 0.454102 0.112305
v -0.077148 0.407227 0.084961
v -0.069336 0.454102 0.15918
v -0.057617 0.452148 0.19043
v -0.053711 0.454102 0.18457
v -0.053711 0.454102 0.18457
v -0.055664 0.459961 0.186523
v -0.069336 0.454102 0.15918
v -0.055664 0.459961 0.186523
v -0.057617 0.481445 0.155273
v -0.041992 0.405273 0.194336
v -0.041992 0.405273 0.194336
v -0.051758 0.40332 0.188477
v -0.051758 0.401367 0.188477
v -0.05957 0.397461 0.176758
v -0.041992 0.40332 0.194336
v -0.047852 0.399414 0.186523
v -0.041992 0.40332 0.194336
v -0.051758 0.401367 0.188477
v -0.05957 0.397461 0.176758
v -0.053711 0.397461 0.178711
v -0.026367 0.397461 0.208008
v -0.03418 0.387695 0.19043
v -0.036133 0.389648 0.188477
v -0.045898 0.385742 0.188477
v -0.043945 0.389648 0.186523
v -0.045898 0.385742 0.188477
v -0.049805 0.391602 0.182617
v -0.053711 0.389648 0.182617
v -0.053711 0.389648 0.182617
v -0.02832 0.395508 0.186523
v -0.022461 0.391602 0.192383
v -0.024414 0.395508 0.188477
v -0.045898 0.397461 0.188477
v -0.041992 0.391602 0.188477
v -0.038086 0.397461 0.192383
v -0.043945 0.387695 0.18457
v -0.040039 0.405273 0.188477
v -0.045898 0.397461 0.188477
v -0.040039 0.405273 0.188477
v -0.045898 0.405273 0.186523
v -0.049805 0.397461 0.182617
v -0.045898 0.387695 0.182617
v -0.045898 0.405273 0.186523
v -0.03418 0.391602 0.19043
v -0.041992 0.387695 0.186523
v -0.032227 0.401367 0.194336
v -0.041992 0.405273 0.194336
v -0.041992 0.40332 0.194336
v -0.041992 0.401367 0.19043
v -0.03418 0.399414 0.19043
v -0.032227 0.401367 0.194336
v -0.032227 0.40332 0.194336
v -0.032227 0.40332 0.194336
v -0.040039 0.405273 0.188477
v -0.038086 0.397461 0.192383
v -0.03418 0.401367 0.19043
v -0.03418 0.405273 0.188477
v -0.03418 0.391602 0.19043
v -0.02832 0.397461 0.19043
v -0.030273 0.387695 0.186523
v -0.02832 0.397461 0.19043
v -0.03418 0.391602 0.19043
v -0.03418 0.391602 0.19043
v -0.041992 0.387695 0.186523
v -0.03418 0.387695 0.186523
v -0.030273 0.387695 0.186523
v -0.024414 0.395508 0.188477
v -0.024414 0.395508 0.188477
v -0.022461 0.397461 0.19043
v -0.024414 0.395508 0.188477
v -0.02832 0.395508 0.186523
v -0.030273 0.405273 0.186523
v -0.057617 0.43457 0.198242
v -0.041992 0.43457 0.206055
v -0.051758 0.454102 0.192383
v -0.051758 0.454102 0.192383
v -0.057617 0.452148 0.19043
v -0.057617 0.43457 0.198242
v -0.022461 0.420898 0.219727
v -0.043945 0.428711 0.213867
v -0.045898 0.411133 0.21582
v -0.024414 0.401367 0.219727
v -0.024414 0.401367 0.219727
v -0.020508 0.426758 0.209961
v -0.041992 0.43457 0.206055
v -0.043945 0.428711 0.213867
v -0.022461 0.420898 0.219727
v -0.041992 0.43457 0.206055
v -0.020508 0.426758 0.209961
v -0.032227 0.450195 0.200195
v -0.040039 0.452148 0.198242
v -0.051758 0.454102 0.192383
v -0.010742 0.40332 0.217773
v -0.018555 0.397461 0.208008
v -0.004883 0.399414 0.209961
v -0.004883 0.399414 0.209961
v -0.010742 0.40332 0.217773
v -0.024414 0.401367 0.219727
v -0.010742 0.418945 0.219727
v -0.010742 0.418945 0.219727
v -0.010742 0.418945 0.219727
v -0.004883 0.407227 0.209961
v -0.004883 0.426758 0.209961
v -0.004883 0.426758 0.209961
v -0.004883 0.426758 0.209961
v -0.004883 0.407227 0.209961
v -0.000977 0.418945 0.219727
v -0.000977 0.418945 0.219727
v -0.004883 0.407227 0.209961
v 0.000977 0.40332 0.217773
v 0.008789 0.426758 0.209961
v -0.004883 0.426758 0.209961
v -0.000977 0.418945 0.219727
v 0.000977 0.40332 0.217773
v 0.010742 0.420898 0.219727
v -0.000977 0.418945 0.219727
v 0.010742 0.420898 0.219727
v -0.018555 0.397461 0.208008
v -0.004883 0.395508 0.21582
v -0.018555 0.397461 0.208008
v -0.018555 0.393555 0.213867
v -0.022461 0.397461 0.19043
v -0.004883 0.399414 0.209961
v -0.024414 0.397461 0.18457
v -0.02832 0.397461 0.19043
v -0.024414 0.397461 0.18457
v -0.030273 0.405273 0.186523
v -0.024414 0.395508 0.188477
v -0.022461 0.391602 0.192383
v -0.022461 0.397461 0.19043
v 0.008789 0.397461 0.208008
v -0.004883 0.399414 0.209961
v -0.004883 0.395508 0.21582
v 0.006836 0.393555 0.213867
v 0.006836 0.393555 0.213867
v -0.004883 0.399414 0.209961
v 0.008789 0.397461 0.208008
v 0.000977 0.40332 0.217773
v -0.004883 0.399414 0.209961
v -0.004883 0.426758 0.209961
v -0.018555 0.448242 0.204102
v -0.004883 0.46582 0.196289
v 0.030273 0.463867 0.194336
v 0.008789 0.426758 0.209961
v -0.051758 0.454102 0.192383
v -0.040039 0.452148 0.198242
v -0.049805 0.456055 0.188477
v -0.051758 0.454102 0.192383
v -0.049805 0.456055 0.188477
v -0.040039 0.454102 0.192383
v -0.049805 0.459961 0.19043
v -0.049805 0.456055 0.188477
v -0.040039 0.454102 0.192383
v -0.040039 0.459961 0.194336
v -0.040039 0.463867 0.194336
v -0.049805 0.459961 0.19043
v -0.040039 0.463867 0.194336
v -0.057617 0.481445 0.155273
v -0.055664 0.459961 0.186523
v -0.032227 0.450195 0.200195
v -0.030273 0.452148 0.196289
v -0.018555 0.448242 0.204102
v -0.030273 0.456055 0.198242
v -0.030273 0.452148 0.196289
v -0.040039 0.463867 0.194336
v -0.040039 0.459961 0.194336
v -0.030273 0.456055 0.198242
v -0.040039 0.463867 0.194336
v -0.004883 0.46582 0.196289
v -0.004883 0.493164 0.157227
v -0.004883 0.493164 0.157227
v -0.018555 0.448242 0.204102
v 0.030273 0.463867 0.194336
v -0.055664 0.387695 0.180664
v -0.05957 0.397461 0.176758
v -0.05957 0.397461 0.176758
v -0.047852 0.387695 0.178711
v -0.053711 0.397461 0.178711
v -0.045898 0.405273 0.186523
v -0.047852 0.405273 0.182617
v -0.049805 0.397461 0.182617
v -0.026367 0.387695 0.182617
v -0.026367 0.405273 0.182617
v -0.049805 0.479492 0.165039
v -0.047852 0.485352 0.165039
v -0.047852 0.487305 0.15918
v -0.038086 0.481445 0.166992
v -0.047852 0.485352 0.165039
v -0.049805 0.479492 0.165039
v -0.049805 0.479492 0.165039
v -0.047852 0.487305 0.15918
v -0.051758 0.483398 0.155273
v -0.045898 0.489258 0.155273
v -0.047852 0.485352 0.165039
v -0.047852 0.485352 0.165039
v -0.038086 0.481445 0.166992
v -0.041992 0.487305 0.166992
v -0.041992 0.487305 0.166992
v -0.030273 0.487305 0.15918
v -0.041992 0.487305 0.166992
v -0.038086 0.481445 0.166992
v -0.036133 0.491211 0.161133
v -0.040039 0.491211 0.155273
v -0.036133 0.491211 0.161133
v -0.036133 0.489258 0.149414
v -0.040039 0.491211 0.155273
v -0.036133 0.491211 0.161133
v -0.030273 0.487305 0.15918
v -0.036133 0.489258 0.149414
v -0.036133 0.491211 0.161133
v -0.05957 0.487305 0.106445
v -0.05957 0.487305 0.106445
v -0.047852 0.485352 0.151367
v -0.047852 0.485352 0.151367
v -0.045898 0.489258 0.155273
v -0.040039 0.491211 0.155273
v -0.047852 0.485352 0.151367
v -0.040039 0.491211 0.155273
v -0.036133 0.489258 0.149414
v -0.004883 0.499023 0.102539
v 0.047852 0.487305 0.106445
v -0.004883 0.499023 0.102539
v 0.045898 0.481445 0.155273
v -0.092773 0.268555 0.098633
v -0.108398 0.270508 0.110352
v -0.102539 0.258789 0.116211
v -0.09082 0.256836 0.120117
v -0.092773 0.268555 0.098633
v -0.094727 0.28418 0.09668
v -0.077148 0.276367 0.102539
v -0.088867 0.299805 0.094727
v -0.075195 0.270508 0.118164
v -0.092773 0.268555 0.098633
v -0.09082 0.256836 0.120117
v -0.077148 0.276367 0.102539
v -0.004883 0.258789 0.108398
v -0.077148 0.276367 0.102539
v -0.075195 0.270508 0.118164
v -0.018555 0.25293 0.124023
v -0.077148 0.329102 0.106445
v -0.088867 0.299805 0.094727
v -0.077148 0.276367 0.102539
v -0.049805 0.290039 0.114258
v -0.004883 0.258789 0.108398
v -0.100586 0.319336 0.081055
v -0.088867 0.299805 0.094727
v -0.088867 0.299805 0.094727
v -0.098633 0.321289 0.088867
v -0.100586 0.319336 0.081055
v -0.098633 0.321289 0.088867
v -0.102539 0.336914 0.069336
v -0.102539 0.336914 0.069336
v -0.100586 0.342773 0.079102
v -0.112305 0.333008 0.069336
v -0.102539 0.336914 0.069336
v -0.100586 0.342773 0.079102
v -0.004883 0.27832 0.120117
v -0.004883 0.27832 0.120117
v -0.004883 0.258789 0.108398
v 0.040039 0.290039 0.114258
v 0.040039 0.290039 0.114258
v -0.004883 0.27832 0.120117
v -0.004883 0.258789 0.108398
v 0.008789 0.25293 0.124023
v 0.081055 0.274414 0.116211
v 0.077148 0.280273 0.100586
v 0.077148 0.280273 0.100586
v -0.061523 0.475586 0.075195
v -0.061523 0.446289 0.049805
v -0.09668 0.426758 0.000977
v -0.088867 0.430664 0.000977
v -0.094727 0.444336 0.00293
v -0.098633 0.444336 -0.000977
v -0.088867 0.430664 0.000977
v -0.09668 0.426758 0.000977
v -0.09668 0.426758 0.000977
v -0.094727 0.444336 0.00293
v -0.098633 0.444336 -0.000977
v -0.09668 0.442383 0.022461
v -0.086914 0.428711 0.018555
v -0.088867 0.424805 0.024414
v -0.088867 0.424805 0.024414
v -0.084961 0.428711 0.026367
v -0.092773 0.446289 0.024414
v -0.09668 0.442383 0.022461
v -0.092773 0.446289 0.024414
v -0.084961 0.428711 0.026367
v -0.086914 0.428711 0.018555
v -0.086914 0.428711 0.018555
v -0.09668 0.442383 0.022461
v -0.092773 0.446289 0.024414
v -0.098633 0.444336 -0.000977
v -0.094727 0.444336 0.00293
v -0.088867 0.430664 0.000977
v -0.106445 0.450195 0.032227
v -0.106445 0.448242 0.03418
v -0.116211 0.458008 0.041992
v -0.116211 0.458008 0.041992
v -0.106445 0.448242 0.03418
v -0.104492 0.450195 0.036133
v -0.104492 0.450195 0.036133
v -0.106445 0.450195 0.032227
v -0.116211 0.458008 0.041992
v -0.09668 0.442383 0.022461
v -0.09668 0.442383 0.022461
v -0.104492 0.450195 0.036133
v -0.106445 0.448242 0.03418
v -0.106445 0.450195 0.032227
v -0.104492 0.450195 0.036133
v -0.092773 0.446289 0.024414
v -0.106445 0.450195 0.032227
v -0.092773 0.446289 0.024414
v -0.09668 0.456055 0.008789
v -0.100586 0.454102 0.006836
v -0.098633 0.454102 0.006836
v -0.09668 0.456055 0.008789
v -0.108398 0.463867 0.010742
v -0.108398 0.463867 0.010742
v -0.100586 0.454102 0.006836
v -0.004883 0.489258 0.067383
v -0.061523 0.475586 0.075195
v -0.061523 0.475586 0.075195
v -0.004883 0.489258 0.067383
v -0.004883 0.463867 0.040039
v -0.061523 0.446289 0.049805
v 0.047852 0.487305 0.106445
v -0.004883 0.499023 0.102539
v 0.049805 0.475586 0.075195
v -0.004883 0.463867 0.040039
v -0.047852 0.446289 -0.010742
v -0.092773 0.438477 -0.045898
v -0.067383 0.444336 -0.018555
v -0.075195 0.442383 -0.03418
v -0.022461 0.450195 -0.049805
v -0.004883 0.40332 -0.110352
v -0.022461 0.450195 -0.049805
v -0.004883 0.463867 0.040039
v 0.008789 0.450195 -0.049805
v -0.004883 0.40332 -0.110352
v -0.004883 0.463867 0.040039
v 0.051758 0.446289 0.049805
v -0.004883 0.463867 0.040039
v 0.051758 0.446289 0.049805
v 0.008789 0.450195 -0.049805
v -0.461914 -0.313477 -0.02832
v -0.430664 -0.334961 -0.010742
v -0.452148 -0.317383 -0.000977
v -0.461914 -0.313477 -0.02832
v -0.450195 -0.297852 -0.036133
v -0.44043 -0.331055 -0.038086
v -0.461914 -0.313477 -0.02832
v -0.44043 -0.331055 -0.038086
v -0.469727 -0.301758 -0.02832
v -0.430664 -0.334961 -0.010742
v -0.430664 -0.301758 -0.036133
v -0.397461 -0.338867 -0.024414
v -0.405273 -0.336914 -0.049805
v -0.40332 -0.30957 -0.045898
v -0.405273 -0.336914 -0.049805
v -0.479492 -0.256836 -0.020508
v -0.481445 -0.250977 -0.014648
v -0.495117 -0.24707 -0.008789
v -0.483398 -0.233398 -0.016602
v -0.448242 -0.250977 -0.030273
v -0.477539 -0.249023 -0.02832
v -0.44043 -0.288086 -0.03418
v -0.438477 -0.15918 -0.053711
v -0.399414 -0.166992 -0.047852
v -0.430664 -0.301758 -0.036133
v -0.430664 -0.334961 -0.010742
v -0.397461 -0.338867 -0.024414
v -0.395508 -0.311523 -0.022461
v -0.420898 -0.305664 -0.010742
v -0.43457 -0.299805 -0.000977
v -0.430664 -0.334961 -0.010742
v -0.420898 -0.305664 -0.010742
v -0.385742 -0.34082 -0.004883
v -0.397461 -0.336914 -0.038086
v -0.389648 -0.323242 -0.030273
v -0.397461 -0.338867 -0.024414
v -0.397461 -0.338867 -0.024414
v -0.389648 -0.323242 -0.030273
v -0.395508 -0.311523 -0.022461
v -0.405273 -0.336914 -0.049805
v -0.397461 -0.336914 -0.038086
v -0.397461 -0.338867 -0.024414
v -0.393555 -0.321289 -0.045898
v -0.395508 -0.311523 -0.022461
v -0.393555 -0.321289 -0.045898
v -0.393555 -0.321289 -0.045898
v -0.40332 -0.30957 -0.045898
v -0.395508 -0.311523 -0.022461
v -0.393555 -0.321289 -0.045898
v -0.420898 -0.305664 -0.010742
v -0.430664 -0.291992 -0.00293
v -0.420898 -0.305664 -0.010742
v -0.430664 -0.301758 -0.036133
v -0.270508 -0.44043 -0.053711
v -0.260742 -0.479492 -0.09668
v -0.25293 -0.49707 -0.094727
v -0.25293 -0.49707 -0.094727
v -0.254883 -0.444336 -0.092773
v -0.28418 -0.426758 -0.075195
v -0.254883 -0.444336 -0.092773
v -0.270508 -0.44043 -0.053711
v -0.28418 -0.426758 -0.075195
v -0.270508 -0.44043 -0.053711
v -0.250977 -0.43457 -0.000977
v -0.250977 -0.432617 -0.004883
v -0.262695 -0.428711 -0.000977
v -0.25293 -0.43457 -0.00293
v -0.250977 -0.43457 -0.000977
v -0.25293 -0.43457 -0.00293
v -0.262695 -0.426758 -0.00293
v -0.250977 -0.43457 -0.000977
v -0.249023 -0.430664 -0.00293
v -0.249023 -0.430664 -0.00293
v -0.250977 -0.432617 -0.004883
v -0.262695 -0.426758 -0.00293
v -0.28418 -0.426758 -0.075195
v -0.233398 -0.438477 -0.133789
v -0.258789 -0.418945 -0.135742
v -0.233398 -0.438477 -0.133789
v -0.227539 -0.49707 -0.143555
v -0.124023 -0.49707 -0.110352
v -0.227539 -0.49707 -0.143555
v -0.231445 -0.479492 -0.149414
v -0.28418 -0.426758 -0.075195
v -0.256836 -0.358398 -0.038086
v -0.239258 -0.358398 -0.102539
v -0.258789 -0.418945 -0.135742
v -0.245117 -0.299805 -0.094727
v -0.256836 -0.358398 -0.038086
v -0.272461 -0.31543 -0.024414
v -0.254883 -0.254883 -0.006836
v -0.239258 -0.358398 -0.102539
v -0.229492 -0.241211 -0.069336
v -0.229492 -0.241211 -0.069336
v -0.25293 -0.331055 -0.104492
v -0.258789 -0.336914 -0.118164
v -0.256836 -0.338867 -0.118164
v -0.249023 -0.333008 -0.108398
v -0.258789 -0.336914 -0.118164
v -0.25293 -0.331055 -0.104492
v -0.25293 -0.331055 -0.104492
v -0.256836 -0.338867 -0.118164
v -0.249023 -0.333008 -0.108398
v -0.237305 -0.331055 -0.09082
v -0.237305 -0.331055 -0.09082
v -0.237305 -0.333008 -0.094727
v -0.260742 -0.342773 -0.133789
v -0.256836 -0.338867 -0.118164
v -0.258789 -0.336914 -0.118164
v -0.254883 -0.338867 -0.120117
v -0.260742 -0.342773 -0.133789
v -0.254883 -0.338867 -0.120117
v -0.256836 -0.338867 -0.118164
v -0.254883 -0.338867 -0.120117
v -0.249023 -0.333008 -0.108398
v -0.198242 -0.352539 -0.124023
v -0.258789 -0.418945 -0.135742
v -0.198242 -0.352539 -0.124023
v -0.202148 -0.413086 -0.157227
v -0.233398 -0.438477 -0.133789
v -0.495117 -0.237305 -0.010742
v -0.495117 -0.237305 -0.010742
v -0.495117 -0.237305 -0.010742
v -0.483398 -0.233398 -0.016602
v -0.461914 -0.143555 -0.040039
v -0.461914 -0.143555 -0.040039
v -0.46582 -0.016602 -0.094727
v -0.46582 -0.131836 -0.03418
v -0.479492 -0.12793 -0.020508
v -0.479492 -0.12793 -0.020508
v -0.475586 -0.014648 -0.083008
v -0.46582 -0.016602 -0.094727
v -0.469727 -0.125977 -0.055664
v -0.438477 -0.15918 -0.053711
v -0.436523 -0.151367 -0.075195
v -0.46582 -0.016602 -0.094727
v -0.467773 -0.012695 -0.114258
v -0.436523 -0.151367 -0.075195
v -0.469727 -0.125977 -0.055664
v -0.467773 -0.012695 -0.114258
v -0.436523 -0.151367 -0.075195
v -0.438477 -0.15918 -0.053711
v -0.385742 -0.161133 -0.067383
v -0.34082 -0.149414 -0.022461
v -0.40918 -0.030273 -0.166992
v -0.385742 -0.161133 -0.067383
v -0.334961 -0.049805 -0.163086
v -0.334961 -0.049805 -0.163086
v -0.47168 0.041992 -0.049805
v -0.46582 -0.016602 -0.094727
v -0.475586 -0.014648 -0.083008
v -0.47168 0.041992 -0.049805
v -0.456055 0.063477 -0.125977
v -0.456055 0.063477 -0.125977
v -0.379883 0.05957 -0.176758
v -0.418945 0.100586 -0.139648
v -0.274414 -0.043945 -0.09082
v -0.274414 -0.026367 -0.024414
v -0.34082 -0.149414 -0.022461
v -0.274414 -0.043945 -0.09082
v -0.274414 -0.026367 -0.024414
v -0.274414 -0.043945 -0.09082
v -0.268555 0.020508 -0.098633
v -0.272461 0.026367 -0.032227
v -0.334961 -0.049805 -0.163086
v -0.313477 0.03418 -0.172852
v -0.313477 0.03418 -0.172852
v -0.124023 -0.49707 -0.110352
v -0.120117 -0.43457 -0.092773
v -0.118164 -0.479492 -0.112305
v -0.120117 -0.43457 -0.092773
v -0.241211 -0.344727 -0.092773
v -0.243164 -0.329102 -0.084961
v -0.241211 -0.34082 -0.100586
v -0.243164 -0.31543 -0.09668
v -0.233398 -0.334961 -0.094727
v -0.217773 -0.321289 -0.108398
v -0.198242 -0.352539 -0.124023
v -0.239258 -0.358398 -0.102539
v -0.245117 -0.299805 -0.094727
v -0.233398 -0.334961 -0.094727
v -0.225586 -0.31543 -0.110352
v -0.223633 -0.313477 -0.102539
v -0.223633 -0.319336 -0.104492
v -0.223633 -0.319336 -0.104492
v -0.223633 -0.313477 -0.102539
v -0.225586 -0.311523 -0.110352
v -0.225586 -0.31543 -0.110352
v -0.225586 -0.311523 -0.110352
v -0.227539 -0.311523 -0.12207
v -0.225586 -0.31543 -0.110352
v -0.229492 -0.313477 -0.12207
v -0.229492 -0.313477 -0.12207
v -0.231445 -0.30957 -0.12207
v -0.225586 -0.319336 -0.133789
v -0.225586 -0.319336 -0.133789
v -0.227539 -0.311523 -0.12207
v -0.229492 -0.313477 -0.12207
v -0.227539 -0.311523 -0.12207
v -0.225586 -0.305664 -0.102539
v -0.192383 -0.290039 -0.116211
v -0.12793 -0.368164 -0.106445
v -0.198242 -0.352539 -0.124023
v -0.12793 -0.368164 -0.106445
v -0.137695 -0.413086 -0.137695
v -0.202148 -0.413086 -0.157227
v -0.229492 -0.241211 -0.069336
v -0.225586 -0.311523 -0.110352
v -0.227539 -0.311523 -0.12207
v -0.231445 -0.30957 -0.12207
v -0.231445 -0.30957 -0.12207
v -0.227539 -0.311523 -0.12207
v -0.225586 -0.319336 -0.133789
v -0.104492 -0.311523 -0.094727
v -0.18457 -0.245117 -0.092773
v -0.104492 -0.311523 -0.094727
v -0.192383 -0.290039 -0.116211
v -0.18457 -0.245117 -0.092773
v -0.137695 -0.413086 -0.137695
v -0.12793 -0.368164 -0.106445
v -0.104492 -0.311523 -0.094727
v -0.227539 -0.49707 -0.143555
v -0.231445 -0.479492 -0.149414
v -0.194336 -0.495117 -0.163086
v -0.194336 -0.495117 -0.163086
v -0.141602 -0.495117 -0.147461
v -0.196289 -0.430664 -0.15332
v -0.196289 -0.477539 -0.170898
v -0.135742 -0.477539 -0.151367
v -0.141602 -0.495117 -0.147461
v -0.196289 -0.477539 -0.170898
v -0.196289 -0.430664 -0.15332
v -0.135742 -0.477539 -0.151367
v -0.137695 -0.413086 -0.137695
v -0.141602 -0.430664 -0.135742
v -0.141602 -0.430664 -0.135742
v -0.141602 -0.495117 -0.147461
v -0.135742 -0.477539 -0.151367
v -0.141602 -0.430664 -0.135742
v -0.104492 -0.264648 -0.073242
v -0.104492 -0.264648 -0.073242
v -0.12207 -0.24707 -0.043945
v -0.12207 -0.24707 -0.043945
v -0.05957 -0.137695 -0.094727
v -0.032227 -0.147461 -0.022461
v -0.104492 -0.264648 -0.073242
v -0.12207 -0.24707 -0.043945
v -0.170898 -0.233398 -0.057617
v -0.204102 -0.227539 -0.040039
v -0.22168 -0.202148 -0.030273
v -0.21582 -0.155273 -0.053711
v -0.18457 -0.245117 -0.092773
v -0.204102 -0.227539 -0.040039
v -0.170898 -0.233398 -0.057617
v -0.176758 -0.045898 -0.084961
v -0.176758 -0.045898 -0.084961
v -0.114258 -0.086914 -0.120117
v -0.05957 -0.137695 -0.094727
v -0.12207 -0.24707 -0.043945
v -0.176758 -0.045898 -0.084961
v -0.176758 -0.045898 -0.084961
v -0.163086 -0.024414 -0.071289
v -0.100586 -0.077148 -0.114258
v -0.114258 -0.086914 -0.120117
v -0.106445 -0.051758 -0.131836
v -0.100586 -0.077148 -0.114258
v -0.100586 0.016602 -0.12793
v -0.106445 -0.051758 -0.131836
v -0.166992 -0.010742 -0.071289
v -0.166992 0.014648 -0.071289
v -0.057617 -0.12207 -0.09082
v -0.05957 -0.137695 -0.094727
v -0.004883 -0.12793 -0.094727
v -0.057617 -0.12207 -0.09082
v -0.004883 -0.135742 -0.014648
v -0.004883 -0.12793 -0.094727
v 0.024414 -0.131836 -0.018555
v -0.05957 -0.137695 -0.094727
v -0.114258 -0.086914 -0.120117
v -0.057617 -0.12207 -0.09082
v -0.057617 -0.12207 -0.09082
v -0.004883 -0.100586 -0.135742
v 0.045898 -0.12207 -0.09082
v -0.114258 -0.086914 -0.120117
v -0.100586 -0.077148 -0.114258
v -0.057617 -0.12207 -0.09082
v -0.067383 -0.094727 -0.125977
v -0.057617 -0.12207 -0.09082
v -0.100586 -0.077148 -0.114258
v -0.067383 -0.094727 -0.125977
v -0.100586 -0.077148 -0.114258
v -0.067383 -0.094727 -0.125977
v -0.004883 -0.055664 -0.147461
v -0.004883 -0.100586 -0.135742
v 0.057617 -0.094727 -0.125977
v 0.057617 -0.094727 -0.125977
v -0.004883 0.016602 -0.143555
v 0.088867 0.016602 -0.12793
v 0.094727 -0.051758 -0.131836
v -0.456055 0.100586 -0.061523
v -0.430664 0.12793 -0.071289
v -0.430664 0.114258 -0.114258
v -0.456055 0.063477 -0.125977
v -0.401367 0.102539 -0.008789
v -0.383789 0.09668 -0.00293
v -0.383789 0.116211 -0.010742
v -0.401367 0.102539 -0.008789
v -0.383789 0.116211 -0.010742
v -0.405273 0.120117 -0.075195
v -0.401367 0.102539 -0.008789
v -0.405273 0.120117 -0.075195
v -0.430664 0.12793 -0.071289
v -0.381836 0.100586 -0.004883
v -0.379883 0.100586 -0.000977
v -0.387695 0.108398 -0.000977
v -0.381836 0.100586 -0.004883
v -0.405273 0.120117 -0.075195
v -0.430664 0.12793 -0.071289
v -0.397461 0.108398 -0.114258
v -0.430664 0.114258 -0.114258
v -0.418945 0.100586 -0.139648
v -0.418945 0.100586 -0.139648
v -0.405273 0.120117 -0.075195
v -0.397461 0.170898 -0.063477
v -0.397461 0.108398 -0.114258
v -0.354492 0.155273 -0.15918
v -0.366211 0.084961 -0.155273
v -0.366211 0.084961 -0.155273
v -0.428711 0.15918 -0.012695
v -0.413086 0.170898 -0.010742
v -0.411133 0.165039 -0.012695
v -0.40918 0.165039 -0.010742
v -0.413086 0.170898 -0.010742
v -0.428711 0.15918 -0.012695
v -0.428711 0.15918 -0.012695
v -0.411133 0.165039 -0.012695
v -0.40918 0.165039 -0.010742
v -0.399414 0.168945 -0.022461
v -0.395508 0.163086 -0.020508
v -0.395508 0.163086 -0.020508
v -0.399414 0.168945 -0.022461
v -0.413086 0.170898 -0.010742
v -0.395508 0.163086 -0.020508
v -0.40918 0.165039 -0.010742
v -0.411133 0.165039 -0.012695
v -0.395508 0.163086 -0.020508
v -0.393555 0.155273 -0.012695
v -0.391602 0.15918 -0.006836
v -0.391602 0.15918 -0.006836
v -0.393555 0.155273 -0.012695
v -0.399414 0.143555 -0.000977
v -0.393555 0.155273 -0.012695
v -0.397461 0.141602 -0.00293
v -0.393555 0.155273 -0.012695
v -0.391602 0.15918 -0.006836
v -0.393555 0.155273 -0.012695
v -0.391602 0.15918 -0.006836
v -0.381836 0.165039 -0.030273
v -0.37793 0.168945 -0.024414
v -0.391602 0.15918 -0.006836
v -0.393555 0.155273 -0.012695
v -0.393555 0.155273 -0.012695
v -0.381836 0.165039 -0.030273
v -0.37793 0.168945 -0.024414
v -0.37793 0.168945 -0.024414
v -0.381836 0.165039 -0.030273
v -0.381836 0.161133 -0.032227
v -0.381836 0.165039 -0.030273
v -0.395508 0.163086 -0.020508
v -0.381836 0.15918 -0.026367
v -0.381836 0.165039 -0.030273
v -0.381836 0.161133 -0.032227
v -0.381836 0.15918 -0.026367
v -0.395508 0.163086 -0.020508
v -0.379883 0.172852 -0.032227
v -0.381836 0.15918 -0.026367
v -0.397461 0.170898 -0.063477
v -0.370117 0.204102 -0.041992
v -0.375977 0.217773 -0.057617
v -0.383789 0.194336 -0.057617
v -0.34082 0.250977 -0.129883
v -0.366211 0.209961 -0.051758
v -0.37793 0.21582 -0.047852
v -0.352539 0.299805 -0.124023
v -0.34082 0.250977 -0.129883
v -0.319336 0.239258 -0.131836
v -0.354492 0.155273 -0.15918
v -0.405273 0.209961 -0.077148
v -0.415039 0.200195 -0.098633
v -0.407227 0.204102 -0.077148
v -0.407227 0.204102 -0.077148
v -0.415039 0.200195 -0.098633
v -0.40332 0.206055 -0.079102
v -0.391602 0.213867 -0.06543
v -0.405273 0.209961 -0.077148
v -0.407227 0.204102 -0.077148
v -0.389648 0.208008 -0.069336
v -0.389648 0.208008 -0.069336
v -0.415039 0.200195 -0.098633
v -0.405273 0.209961 -0.077148
v -0.40332 0.206055 -0.079102
v -0.391602 0.213867 -0.06543
v -0.389648 0.208008 -0.069336
v -0.370117 0.200195 -0.053711
v -0.370117 0.204102 -0.057617
v -0.391602 0.213867 -0.06543
v -0.370117 0.200195 -0.053711
v -0.370117 0.204102 -0.057617
v -0.370117 0.204102 -0.057617
v -0.370117 0.200195 -0.053711
v -0.389648 0.208008 -0.069336
v -0.379883 0.05957 -0.176758
v -0.313477 0.03418 -0.172852
v -0.288086 0.049805 -0.092773
v -0.291992 0.045898 -0.03418
v -0.288086 0.049805 -0.092773
v -0.245117 0.077148 -0.026367
v -0.268555 0.020508 -0.098633
v -0.288086 0.049805 -0.092773
v -0.31543 0.063477 -0.15332
v -0.31543 0.063477 -0.15332
v -0.280273 0.116211 -0.166992
v -0.249023 0.086914 -0.086914
v -0.319336 0.239258 -0.131836
v -0.31543 0.063477 -0.15332
v -0.280273 0.116211 -0.166992
v -0.31543 0.063477 -0.15332
v -0.366211 0.084961 -0.155273
v -0.354492 0.155273 -0.15918
v -0.319336 0.239258 -0.131836
v -0.239258 0.204102 -0.145508
v -0.280273 0.116211 -0.166992
v -0.239258 0.204102 -0.145508
v -0.256836 0.291992 -0.163086
v -0.256836 0.291992 -0.163086
v -0.250977 0.272461 -0.145508
v -0.319336 0.239258 -0.131836
v -0.250977 0.272461 -0.145508
v -0.219727 0.229492 -0.141602
v -0.352539 0.299805 -0.124023
v -0.334961 0.333008 -0.102539
v -0.333008 0.319336 -0.112305
v -0.333008 0.319336 -0.112305
v -0.319336 0.34082 -0.094727
v -0.334961 0.333008 -0.102539
v -0.319336 0.34082 -0.094727
v -0.317383 0.360352 -0.075195
v -0.260742 0.333008 -0.161133
v -0.260742 0.333008 -0.161133
v -0.352539 0.299805 -0.124023
v -0.249023 0.364258 -0.110352
v -0.245117 0.350586 -0.135742
v -0.333008 0.319336 -0.112305
v -0.334961 0.333008 -0.102539
v -0.249023 0.362305 -0.12793
v -0.249023 0.362305 -0.12793
v -0.245117 0.350586 -0.135742
v -0.334961 0.333008 -0.102539
v -0.245117 0.350586 -0.135742
v -0.186523 0.321289 -0.139648
v -0.186523 0.321289 -0.139648
v -0.198242 0.352539 -0.145508
v -0.186523 0.321289 -0.139648
v -0.260742 0.333008 -0.161133
v -0.245117 0.350586 -0.135742
v -0.198242 0.352539 -0.145508
v -0.145508 0.073242 -0.100586
v -0.100586 0.016602 -0.12793
v -0.15332 0.022461 -0.061523
v -0.145508 0.073242 -0.100586
v -0.09082 0.024414 -0.112305
v -0.09082 0.024414 -0.112305
v -0.161133 0.086914 -0.125977
v -0.15918 0.071289 -0.053711
v -0.198242 0.12793 -0.12207
v -0.161133 0.086914 -0.125977
v -0.145508 0.073242 -0.100586
v -0.15918 0.071289 -0.053711
v -0.145508 0.073242 -0.100586
v -0.161133 0.086914 -0.125977
v -0.086914 0.073242 -0.120117
v -0.086914 0.073242 -0.120117
v -0.219727 0.229492 -0.141602
v -0.211914 0.178711 -0.067383
v -0.239258 0.204102 -0.145508
v -0.219727 0.229492 -0.141602
v -0.174805 0.131836 -0.15918
v -0.198242 0.12793 -0.12207
v -0.182617 0.229492 -0.176758
v -0.182617 0.229492 -0.176758
v -0.161133 0.086914 -0.125977
v -0.174805 0.131836 -0.15918
v -0.094727 0.133789 -0.180664
v -0.092773 0.088867 -0.147461
v -0.092773 0.088867 -0.147461
v -0.129883 0.137695 -0.202148
v -0.131836 0.137695 -0.200195
v -0.131836 0.120117 -0.202148
v -0.131836 0.120117 -0.202148
v -0.131836 0.137695 -0.200195
v -0.131836 0.141602 -0.206055
v -0.131836 0.141602 -0.206055
v -0.129883 0.137695 -0.202148
v -0.131836 0.120117 -0.202148
v -0.143555 0.133789 -0.168945
v -0.137695 0.166992 -0.176758
v -0.118164 0.168945 -0.182617
v -0.110352 0.133789 -0.176758
v -0.129883 0.151367 -0.174805
v -0.125977 0.157227 -0.176758
v -0.12793 0.147461 -0.19043
v -0.129883 0.145508 -0.188477
v -0.129883 0.151367 -0.174805
v -0.129883 0.145508 -0.188477
v -0.124023 0.151367 -0.174805
v -0.124023 0.151367 -0.174805
v -0.12793 0.147461 -0.19043
v -0.125977 0.157227 -0.176758
v -0.098633 0.229492 -0.202148
v -0.124023 0.288086 -0.18457
v -0.166992 0.323242 -0.15918
v -0.116211 0.30957 -0.180664
v -0.129883 0.145508 -0.188477
v -0.129883 0.145508 -0.188477
v -0.12793 0.147461 -0.19043
v -0.12793 0.147461 -0.19043
v -0.131836 0.141602 -0.206055
v -0.129883 0.145508 -0.188477
v -0.12793 0.147461 -0.19043
v -0.124023 0.151367 -0.174805
v -0.004883 0.026367 -0.129883
v -0.004883 0.016602 -0.143555
v -0.100586 0.016602 -0.12793
v -0.09082 0.024414 -0.112305
v -0.004883 0.026367 -0.129883
v -0.024414 0.133789 -0.178711
v -0.004883 0.077148 -0.129883
v -0.004883 0.131836 -0.15332
v -0.004883 0.131836 -0.15332
v -0.024414 0.133789 -0.178711
v 0.079102 0.024414 -0.112305
v 0.077148 0.073242 -0.120117
v 0.079102 0.024414 -0.112305
v 0.088867 0.016602 -0.12793
v -0.077148 0.15918 -0.18457
v -0.071289 0.192383 -0.194336
v -0.055664 0.194336 -0.196289
v -0.045898 0.157227 -0.18457
v -0.073242 0.161133 -0.213867
v -0.075195 0.163086 -0.211914
v -0.077148 0.145508 -0.211914
v -0.077148 0.145508 -0.211914
v -0.075195 0.163086 -0.211914
v -0.075195 0.165039 -0.217773
v -0.075195 0.165039 -0.217773
v -0.073242 0.161133 -0.213867
v -0.077148 0.145508 -0.211914
v -0.069336 0.170898 -0.202148
v -0.063477 0.176758 -0.19043
v -0.06543 0.172852 -0.204102
v -0.05957 0.178711 -0.192383
v -0.063477 0.176758 -0.19043
v -0.069336 0.170898 -0.202148
v -0.069336 0.170898 -0.202148
v -0.075195 0.163086 -0.211914
v -0.073242 0.161133 -0.213867
v -0.075195 0.165039 -0.217773
v -0.075195 0.163086 -0.211914
v -0.073242 0.161133 -0.213867
v -0.06543 0.172852 -0.204102
v -0.05957 0.178711 -0.192383
v -0.06543 0.172852 -0.204102
v -0.024414 0.231445 -0.204102
v -0.088867 0.28418 -0.192383
v -0.004883 0.131836 -0.15332
v -0.024414 0.133789 -0.178711
v -0.004883 0.227539 -0.182617
v -0.004883 0.131836 -0.15332
v -0.004883 0.227539 -0.182617
v 0.012695 0.133789 -0.178711
v 0.012695 0.133789 -0.178711
v 0.077148 0.073242 -0.120117
v -0.004883 0.131836 -0.15332
v -0.024414 0.231445 -0.204102
v -0.004883 0.323242 -0.166992
v -0.004883 0.227539 -0.182617
v -0.004883 0.323242 -0.166992
v 0.012695 0.231445 -0.204102
v 0.012695 0.231445 -0.204102
v 0.012695 0.133789 -0.178711
v -0.004883 0.227539 -0.182617
v -0.051758 0.163086 -0.208008
v -0.041992 0.155273 -0.217773
v -0.041992 0.151367 -0.213867
v -0.03418 0.139648 -0.223633
v -0.041992 0.151367 -0.213867
v -0.038086 0.155273 -0.21582
v -0.051758 0.163086 -0.208008
v -0.03418 0.139648 -0.223633
v -0.038086 0.155273 -0.21582
v -0.041992 0.151367 -0.213867
v -0.051758 0.166992 -0.211914
v -0.038086 0.155273 -0.21582
v -0.041992 0.155273 -0.217773
v -0.03418 0.139648 -0.223633
v -0.051758 0.166992 -0.211914
v -0.051758 0.166992 -0.211914
v -0.051758 0.163086 -0.208008
v -0.038086 0.155273 -0.21582
v -0.055664 0.180664 -0.194336
v -0.053711 0.172852 -0.19043
v -0.051758 0.163086 -0.208008
v -0.053711 0.172852 -0.19043
v -0.055664 0.180664 -0.194336
v -0.051758 0.166992 -0.211914
v -0.024414 0.327148 -0.188477
v -0.024414 0.327148 -0.188477
v -0.213867 0.395508 -0.043945
v -0.194336 0.391602 -0.010742
v -0.196289 0.40332 -0.014648
v -0.196289 0.40332 -0.014648
v -0.194336 0.391602 -0.010742
v -0.163086 0.416992 -0.016602
v -0.196289 0.40332 -0.014648
v -0.196289 0.416992 -0.026367
v -0.208008 0.411133 -0.045898
v -0.196289 0.416992 -0.026367
v -0.213867 0.395508 -0.043945
v -0.213867 0.385742 -0.043945
v -0.157227 0.407227 -0.012695
v -0.163086 0.428711 -0.047852
v -0.208008 0.411133 -0.045898
v -0.196289 0.416992 -0.026367
v -0.172852 0.426758 -0.026367
v -0.172852 0.426758 -0.026367
v -0.213867 0.385742 -0.043945
v -0.196289 0.387695 -0.079102
v -0.19043 0.381836 -0.112305
v -0.217773 0.393555 -0.086914
v -0.213867 0.385742 -0.043945
v -0.213867 0.385742 -0.043945
v -0.196289 0.387695 -0.079102
v -0.19043 0.381836 -0.112305
v -0.198242 0.399414 -0.077148
v -0.198242 0.415039 -0.067383
v -0.198242 0.415039 -0.067383
v -0.217773 0.393555 -0.086914
v -0.19043 0.381836 -0.112305
v -0.249023 0.362305 -0.12793
v -0.165039 0.413086 -0.079102
v -0.196289 0.387695 -0.079102
v -0.198242 0.399414 -0.077148
v -0.198242 0.399414 -0.077148
v -0.198242 0.415039 -0.067383
v -0.165039 0.413086 -0.079102
v -0.15918 0.40332 -0.081055
v -0.15918 0.40332 -0.081055
v -0.174805 0.424805 -0.069336
v -0.174805 0.424805 -0.069336
v -0.19043 0.381836 -0.112305
v -0.15918 0.40332 -0.081055
v -0.166992 0.323242 -0.15918
v -0.186523 0.321289 -0.139648
v -0.198242 0.352539 -0.145508
v -0.19043 0.381836 -0.112305
v -0.19043 0.381836 -0.112305
v -0.172852 0.426758 -0.026367
v -0.163086 0.416992 -0.016602
v -0.163086 0.428711 -0.047852
v -0.147461 0.422852 -0.047852
v -0.157227 0.407227 -0.012695
v -0.139648 0.415039 -0.047852
v -0.139648 0.415039 -0.047852
v -0.163086 0.428711 -0.047852
v -0.147461 0.422852 -0.047852
v -0.139648 0.415039 -0.047852
v -0.15918 0.40332 -0.081055
v -0.15918 0.40332 -0.081055
v -0.120117 0.405273 -0.116211
v -0.166992 0.323242 -0.15918
v -0.09668 0.426758 -0.081055
v -0.098633 0.415039 -0.114258
v -0.129883 0.40332 -0.131836
v -0.12793 0.397461 -0.120117
v -0.129883 0.393555 -0.124023
v -0.129883 0.393555 -0.124023
v -0.12793 0.397461 -0.120117
v -0.12793 0.407227 -0.129883
v -0.129883 0.40332 -0.131836
v -0.12793 0.407227 -0.129883
v -0.116211 0.395508 -0.12793
v -0.098633 0.327148 -0.182617
v -0.116211 0.395508 -0.12793
v -0.098633 0.327148 -0.182617
v -0.166992 0.323242 -0.15918
v -0.129883 0.40332 -0.131836
v -0.12793 0.407227 -0.129883
v -0.131836 0.415039 -0.137695
v -0.12793 0.416992 -0.141602
v -0.131836 0.415039 -0.137695
v -0.131836 0.413086 -0.139648
v -0.129883 0.40332 -0.131836
v -0.129883 0.40332 -0.131836
v -0.131836 0.413086 -0.139648
v -0.12793 0.416992 -0.141602
v -0.141602 0.418945 -0.147461
v -0.131836 0.413086 -0.139648
v -0.131836 0.415039 -0.137695
v -0.141602 0.418945 -0.147461
v -0.141602 0.418945 -0.147461
v -0.131836 0.415039 -0.137695
v -0.12793 0.416992 -0.141602
v -0.12793 0.407227 -0.129883
v -0.061523 0.44043 -0.026367
v -0.075195 0.442383 -0.03418
v -0.067383 0.444336 -0.018555
v -0.055664 0.446289 -0.03418
v -0.055664 0.446289 -0.03418
v -0.061523 0.44043 -0.026367
v -0.067383 0.444336 -0.018555
v -0.06543 0.444336 -0.047852
v -0.098633 0.415039 -0.114258
v -0.09668 0.426758 -0.081055
v -0.092773 0.438477 -0.045898
v -0.061523 0.44043 -0.026367
v -0.06543 0.444336 -0.047852
v -0.075195 0.442383 -0.03418
v -0.067383 0.452148 -0.055664
v -0.071289 0.438477 -0.055664
v -0.073242 0.44043 -0.051758
v -0.073242 0.44043 -0.051758
v -0.067383 0.438477 -0.05957
v -0.06543 0.452148 -0.05957
v -0.067383 0.452148 -0.055664
v -0.06543 0.452148 -0.05957
v -0.067383 0.438477 -0.05957
v -0.071289 0.438477 -0.055664
v -0.06543 0.452148 -0.05957
v -0.024414 0.413086 -0.125977
v -0.098633 0.415039 -0.114258
v -0.06543 0.444336 -0.047852
v -0.061523 0.44043 -0.026367
v -0.069336 0.463867 -0.055664
v -0.067383 0.452148 -0.055664
v -0.06543 0.452148 -0.05957
v -0.067383 0.463867 -0.055664
v -0.067383 0.452148 -0.055664
v -0.067383 0.463867 -0.053711
v -0.069336 0.463867 -0.055664
v -0.067383 0.463867 -0.053711
v -0.06543 0.452148 -0.05957
v -0.069336 0.463867 -0.055664
v -0.067383 0.463867 -0.055664
v -0.063477 0.475586 -0.051758
v -0.063477 0.475586 -0.051758
v -0.063477 0.475586 -0.051758
v -0.094727 0.444336 -0.077148
v -0.092773 0.430664 -0.063477
v -0.094727 0.426758 -0.067383
v -0.094727 0.426758 -0.067383
v -0.092773 0.430664 -0.063477
v -0.092773 0.446289 -0.073242
v -0.094727 0.444336 -0.077148
v -0.120117 0.405273 -0.116211
v -0.024414 0.327148 -0.188477
v -0.092773 0.446289 -0.073242
v -0.092773 0.458008 -0.077148
v -0.088867 0.459961 -0.081055
v -0.094727 0.444336 -0.077148
v -0.092773 0.458008 -0.077148
v -0.088867 0.459961 -0.081055
v -0.09668 0.47168 -0.073242
v -0.092773 0.458008 -0.077148
v -0.09082 0.458008 -0.075195
v -0.09668 0.47168 -0.073242
v -0.09668 0.47168 -0.073242
v -0.09082 0.458008 -0.075195
v -0.088867 0.459961 -0.081055
v -0.092773 0.446289 -0.073242
v -0.09082 0.458008 -0.075195
v -0.004883 0.323242 -0.166992
v 0.012695 0.413086 -0.125977
v -0.004883 0.323242 -0.166992
v -0.106445 0.299805 -0.180664
v -0.124023 0.288086 -0.18457
v -0.106445 0.299805 -0.180664
v -0.088867 0.28418 -0.192383
v -0.094727 0.305664 -0.188477
v -0.09668 0.34668 -0.166992
v -0.110352 0.333008 -0.172852
v -0.116211 0.356445 -0.155273
v -0.092773 0.333008 -0.176758
v -0.110352 0.34668 -0.174805
v -0.102539 0.34082 -0.166992
v -0.106445 0.34082 -0.166992
v -0.106445 0.34082 -0.166992
v -0.102539 0.34082 -0.166992
v -0.106445 0.348633 -0.174805
v -0.106445 0.348633 -0.174805
v -0.110352 0.34668 -0.174805
v -0.106445 0.34082 -0.166992
v -0.106445 0.348633 -0.174805
v -0.098633 0.336914 -0.168945
v -0.106445 0.338867 -0.186523
v -0.098633 0.344727 -0.170898
v -0.104492 0.342773 -0.188477
v -0.106445 0.338867 -0.186523
v -0.098633 0.336914 -0.168945
v -0.098633 0.336914 -0.168945
v -0.098633 0.344727 -0.170898
v -0.104492 0.342773 -0.188477
v -0.088867 0.28418 -0.192383
v -0.094727 0.305664 -0.188477
v -0.098633 0.327148 -0.182617
v -0.104492 0.342773 -0.188477
v -0.098633 0.344727 -0.170898
v -0.106445 0.338867 -0.186523
v -0.106445 0.338867 -0.186523
v -0.104492 0.342773 -0.188477
v -0.102539 0.334961 -0.202148
v -0.100586 0.333008 -0.204102
v -0.104492 0.342773 -0.188477
v -0.106445 0.338867 -0.186523
v -0.102539 0.331055 -0.202148
v -0.102539 0.331055 -0.202148
v -0.110352 0.34668 -0.174805
v -0.114258 0.354492 -0.18457
v -0.112305 0.352539 -0.186523
v -0.114258 0.354492 -0.18457
v -0.112305 0.352539 -0.186523
v -0.12207 0.348633 -0.196289
v -0.112305 0.352539 -0.186523
v -0.114258 0.354492 -0.18457
v -0.106445 0.348633 -0.174805
v -0.112305 0.358398 -0.18457
v -0.114258 0.354492 -0.18457
v -0.114258 0.354492 -0.18457
v -0.112305 0.358398 -0.18457
v -0.12207 0.348633 -0.196289
v -0.112305 0.352539 -0.186523
v -0.112305 0.358398 -0.18457
v -0.106445 0.348633 -0.174805
v -0.12207 0.348633 -0.196289
v -0.112305 0.358398 -0.18457
v -0.112305 0.352539 -0.186523
v -0.100586 0.333008 -0.204102
v -0.102539 0.334961 -0.202148
v -0.104492 0.342773 -0.188477
v -0.108398 0.325195 -0.21582
v -0.102539 0.331055 -0.202148
v -0.108398 0.325195 -0.21582
v -0.100586 0.333008 -0.204102
v -0.108398 0.325195 -0.21582
v 0.012695 0.327148 -0.188477
v 0.012695 0.327148 -0.188477
v 0.114258 -0.260742 0.063477
v 0.092773 -0.282227 0.045898
v 0.125977 -0.301758 0.06543
v 0.092773 -0.256836 -0.018555
v 0.092773 -0.282227 0.045898
v 0.114258 -0.260742 0.063477
v 0.114258 -0.260742 0.063477
v 0.125977 -0.301758 0.06543
v 0.131836 -0.276367 0.061523
v 0.131836 -0.276367 0.061523
v 0.12793 -0.260742 0.09082
v 0.114258 -0.260742 0.063477
v 0.114258 -0.260742 0.063477
v 0.12793 -0.260742 0.09082
v 0.12207 -0.239258 0.075195
v 0.12207 -0.239258 0.075195
v 0.098633 -0.227539 0.077148
v 0.114258 -0.260742 0.063477
v 0.083008 -0.245117 0.053711
v 0.114258 -0.260742 0.063477
v 0.083008 -0.245117 0.053711
v 0.092773 -0.256836 -0.018555
v 0.086914 -0.329102 0.02832
v 0.086914 -0.329102 0.02832
v 0.092773 -0.282227 0.045898
v 0.069336 -0.274414 -0.036133
v 0.135742 -0.381836 0.018555
v 0.100586 -0.383789 -0.063477
v 0.135742 -0.381836 0.018555
v 0.086914 -0.329102 0.02832
v 0.069336 -0.327148 -0.051758
v 0.100586 -0.383789 -0.063477
v 0.069336 -0.274414 -0.036133
v 0.155273 -0.491211 0.131836
v 0.165039 -0.499023 0.129883
v 0.174805 -0.493164 0.151367
v 0.149414 -0.49707 0.094727
v 0.155273 -0.491211 0.131836
v 0.174805 -0.493164 0.151367
v 0.176758 -0.469727 0.151367
v 0.157227 -0.46582 0.129883
v 0.155273 -0.491211 0.131836
v 0.157227 -0.46582 0.129883
v 0.151367 -0.461914 0.094727
v 0.149414 -0.49707 0.094727
v 0.208008 -0.499023 0.118164
v 0.209961 -0.493164 0.141602
v 0.176758 -0.469727 0.151367
v 0.174805 -0.493164 0.151367
v 0.209961 -0.493164 0.141602
v 0.172852 -0.454102 0.125977
v 0.157227 -0.46582 0.129883
v 0.176758 -0.469727 0.151367
v 0.18457 -0.459961 0.149414
v 0.209961 -0.469727 0.143555
v 0.18457 -0.459961 0.149414
v 0.151367 -0.461914 0.094727
v 0.200195 -0.459961 0.145508
v 0.172852 -0.454102 0.125977
v 0.18457 -0.459961 0.149414
v 0.200195 -0.459961 0.145508
v 0.200195 -0.452148 0.118164
v 0.178711 -0.454102 0.09082
v 0.200195 -0.452148 0.118164
v 0.21582 -0.491211 0.116211
v 0.209961 -0.469727 0.143555
v 0.209961 -0.493164 0.141602
v 0.209961 -0.493164 0.141602
v 0.208008 -0.499023 0.118164
v 0.21582 -0.491211 0.116211
v 0.209961 -0.469727 0.143555
v 0.21582 -0.46582 0.116211
v 0.21582 -0.46582 0.116211
v 0.235352 -0.495117 0.129883
v 0.24707 -0.485352 0.129883
v 0.235352 -0.47168 0.129883
v 0.256836 -0.495117 0.120117
v 0.24707 -0.485352 0.129883
v 0.235352 -0.495117 0.129883
v 0.235352 -0.495117 0.129883
v 0.235352 -0.47168 0.129883
v 0.225586 -0.463867 0.120117
v 0.223633 -0.499023 0.12207
v 0.235352 -0.495117 0.129883
v 0.223633 -0.499023 0.12207
v 0.256836 -0.495117 0.120117
v 0.254883 -0.47168 0.12207
v 0.254883 -0.47168 0.12207
v 0.254883 -0.46582 0.108398
v 0.225586 -0.463867 0.120117
v 0.235352 -0.47168 0.129883
v 0.254883 -0.47168 0.12207
v 0.149414 -0.49707 0.094727
v 0.151367 -0.461914 0.094727
v 0.139648 -0.493164 0.088867
v 0.139648 -0.493164 0.088867
v 0.133789 -0.491211 0.010742
v 0.208008 -0.499023 0.084961
v 0.145508 -0.452148 0.088867
v 0.178711 -0.454102 0.09082
v 0.145508 -0.452148 0.088867
v 0.151367 -0.461914 0.094727
v 0.139648 -0.493164 0.088867
v 0.145508 -0.452148 0.088867
v 0.137695 -0.444336 0.045898
v 0.125977 -0.475586 0.012695
v 0.133789 -0.491211 0.010742
v 0.176758 -0.44043 0.086914
v 0.145508 -0.452148 0.088867
v 0.176758 -0.44043 0.086914
v 0.137695 -0.444336 0.045898
v 0.206055 -0.461914 0.084961
v 0.178711 -0.454102 0.09082
v 0.200195 -0.452148 0.118164
v 0.206055 -0.461914 0.084961
v 0.165039 -0.420898 0.014648
v 0.233398 -0.43457 0.014648
v 0.165039 -0.420898 0.014648
v 0.176758 -0.44043 0.086914
v 0.217773 -0.446289 0.075195
v 0.217773 -0.446289 0.075195
v 0.170898 -0.436523 0.05957
v 0.18457 -0.428711 0.06543
v 0.168945 -0.428711 0.06543
v 0.168945 -0.428711 0.06543
v 0.18457 -0.428711 0.06543
v 0.170898 -0.418945 0.05957
v 0.168945 -0.428711 0.06543
v 0.161133 -0.426758 0.053711
v 0.165039 -0.43457 0.051758
v 0.170898 -0.418945 0.05957
v 0.161133 -0.426758 0.053711
v 0.168945 -0.428711 0.06543
v 0.170898 -0.436523 0.05957
v 0.182617 -0.436523 0.05957
v 0.182617 -0.418945 0.057617
v 0.192383 -0.426758 0.053711
v 0.192383 -0.426758 0.053711
v 0.182617 -0.418945 0.057617
v 0.18457 -0.428711 0.06543
v 0.131836 -0.436523 -0.000977
v 0.131836 -0.436523 -0.000977
v 0.114258 -0.479492 -0.053711
v 0.245117 -0.499023 0.063477
v 0.27832 -0.499023 0.036133
v 0.270508 -0.491211 -0.041992
v 0.12207 -0.49707 -0.055664
v 0.12207 -0.49707 -0.055664
v 0.151367 -0.37793 0.020508
v 0.135742 -0.381836 0.018555
v 0.125977 -0.424805 0.010742
v 0.125977 -0.424805 0.010742
v 0.135742 -0.381836 0.018555
v 0.165039 -0.420898 0.014648
v 0.131836 -0.436523 -0.000977
v 0.165039 -0.420898 0.014648
v 0.125977 -0.424805 0.010742
v 0.098633 -0.422852 -0.069336
v 0.098633 -0.422852 -0.069336
v 0.135742 -0.381836 0.018555
v 0.151367 -0.37793 0.020508
v 0.125977 -0.301758 0.06543
v 0.166992 -0.413086 0.02832
v 0.165039 -0.375977 0.038086
v 0.151367 -0.37793 0.020508
v 0.143555 -0.299805 0.06543
v 0.165039 -0.420898 0.014648
v 0.166992 -0.413086 0.02832
v 0.151367 -0.37793 0.020508
v 0.143555 -0.299805 0.06543
v 0.170898 -0.430664 0.041992
v 0.165039 -0.43457 0.051758
v 0.161133 -0.426758 0.053711
v 0.168945 -0.422852 0.040039
v 0.168945 -0.422852 0.040039
v 0.176758 -0.415039 0.049805
v 0.176758 -0.415039 0.049805
v 0.170898 -0.418945 0.05957
v 0.170898 -0.430664 0.041992
v 0.168945 -0.422852 0.040039
v 0.182617 -0.430664 0.041992
v 0.168945 -0.422852 0.040039
v 0.176758 -0.415039 0.049805
v 0.18457 -0.422852 0.040039
v 0.18457 -0.422852 0.040039
v 0.188477 -0.43457 0.051758
v 0.178711 -0.420898 0.049805
v 0.186523 -0.416992 0.053711
v 0.186523 -0.415039 0.051758
v 0.182617 -0.424805 0.045898
v 0.186523 -0.416992 0.053711
v 0.178711 -0.420898 0.049805
v 0.180664 -0.420898 0.043945
v 0.18457 -0.422852 0.040039
v 0.176758 -0.415039 0.049805
v 0.182617 -0.418945 0.057617
v 0.192383 -0.40918 0.047852
v 0.186523 -0.411133 0.041992
v 0.182617 -0.424805 0.045898
v 0.186523 -0.415039 0.051758
v 0.186523 -0.416992 0.053711
v 0.186523 -0.416992 0.053711
v 0.186523 -0.415039 0.051758
v 0.192383 -0.415039 0.05957
v 0.192383 -0.413086 0.05957
v 0.192383 -0.416992 0.061523
v 0.186523 -0.416992 0.053711
v 0.192383 -0.416992 0.061523
v 0.192383 -0.413086 0.05957
v 0.180664 -0.420898 0.043945
v 0.192383 -0.413086 0.05957
v 0.192383 -0.415039 0.05957
v 0.186523 -0.415039 0.051758
v 0.182617 -0.430664 0.041992
v 0.18457 -0.422852 0.040039
v 0.188477 -0.43457 0.051758
v 0.192383 -0.426758 0.053711
v 0.188477 -0.43457 0.051758
v 0.18457 -0.422852 0.040039
v 0.165039 -0.375977 0.038086
v 0.166992 -0.413086 0.02832
v 0.198242 -0.375977 0.03418
v 0.217773 -0.334961 0.043945
v 0.15918 -0.305664 0.079102
v 0.217773 -0.334961 0.043945
v 0.15918 -0.305664 0.079102
v 0.165039 -0.375977 0.038086
v 0.166992 -0.413086 0.02832
v 0.165039 -0.420898 0.014648
v 0.22168 -0.411133 0.014648
v 0.22168 -0.411133 0.014648
v 0.231445 -0.430664 0.00293
v 0.227539 -0.422852 -0.010742
v 0.227539 -0.422852 -0.010742
v 0.208008 -0.499023 0.084961
v 0.21582 -0.491211 0.116211
v 0.208008 -0.499023 0.118164
v 0.206055 -0.461914 0.084961
v 0.208008 -0.499023 0.084961
v 0.206055 -0.461914 0.084961
v 0.225586 -0.463867 0.120117
v 0.206055 -0.461914 0.084961
v 0.208008 -0.499023 0.084961
v 0.208008 -0.499023 0.084961
v 0.223633 -0.499023 0.12207
v 0.225586 -0.463867 0.120117
v 0.258789 -0.499023 0.106445
v 0.245117 -0.467773 0.063477
v 0.206055 -0.461914 0.084961
v 0.245117 -0.467773 0.063477
v 0.249023 -0.454102 0.057617
v 0.249023 -0.454102 0.057617
v 0.245117 -0.499023 0.063477
v 0.245117 -0.467773 0.063477
v 0.254883 -0.46582 0.108398
v 0.262695 -0.47168 0.084961
v 0.245117 -0.467773 0.063477
v 0.245117 -0.499023 0.063477
v 0.258789 -0.499023 0.106445
v 0.260742 -0.499023 0.086914
v 0.291992 -0.499023 0.067383
v 0.260742 -0.499023 0.086914
v 0.264648 -0.467773 0.049805
v 0.245117 -0.467773 0.063477
v 0.262695 -0.47168 0.084961
v 0.264648 -0.467773 0.049805
v 0.202148 -0.411133 0.06543
v 0.202148 -0.411133 0.06543
v 0.202148 -0.411133 0.06543
v 0.192383 -0.415039 0.05957
v 0.192383 -0.413086 0.05957
v 0.258789 -0.448242 0.020508
v 0.280273 -0.458008 0.030273
v 0.264648 -0.452148 0.020508
v 0.280273 -0.458008 0.030273
v 0.211914 -0.374023 0.024414
v 0.202148 -0.366211 0.026367
v 0.217773 -0.334961 0.043945
v 0.198242 -0.375977 0.03418
v 0.202148 -0.366211 0.026367
v 0.243164 -0.43457 -0.00293
v 0.25293 -0.438477 0.014648
v 0.243164 -0.436523 0.006836
v 0.233398 -0.43457 0.014648
v 0.258789 -0.448242 0.020508
v 0.25293 -0.438477 0.014648
v 0.239258 -0.40332 -0.008789
v 0.211914 -0.374023 0.024414
v 0.22168 -0.411133 0.014648
v 0.227539 -0.422852 -0.010742
v 0.239258 -0.416992 -0.010742
v 0.241211 -0.436523 0.000977
v 0.243164 -0.436523 0.00293
v 0.245117 -0.426758 0.004883
v 0.243164 -0.424805 0.00293
v 0.243164 -0.436523 0.00293
v 0.241211 -0.436523 0.000977
v 0.243164 -0.424805 0.00293
v 0.245117 -0.426758 0.004883
v 0.24707 -0.416992 0.006836
v 0.245117 -0.426758 0.004883
v 0.243164 -0.424805 0.00293
v 0.249023 -0.416992 0.004883
v 0.249023 -0.416992 0.006836
v 0.24707 -0.416992 0.006836
v 0.245117 -0.426758 0.004883
v 0.249023 -0.416992 0.004883
v 0.249023 -0.416992 0.006836
v 0.245117 -0.426758 0.004883
v 0.243164 -0.424805 0.00293
v 0.24707 -0.416992 0.006836
v 0.249023 -0.416992 0.004883
v 0.24707 -0.40918 0.014648
v 0.24707 -0.416992 0.006836
v 0.249023 -0.416992 0.006836
v 0.24707 -0.40918 0.014648
v 0.24707 -0.40918 0.014648
v 0.155273 -0.291992 0.077148
v 0.151367 -0.258789 0.112305
v 0.168945 -0.27832 0.104492
v 0.137695 -0.219727 0.092773
v 0.12793 -0.260742 0.09082
v 0.151367 -0.258789 0.112305
v 0.151367 -0.258789 0.112305
v 0.168945 -0.27832 0.104492
v 0.18457 -0.250977 0.110352
v 0.15918 -0.231445 0.114258
v 0.15918 -0.231445 0.114258
v 0.143555 -0.299805 0.06543
v 0.155273 -0.291992 0.077148
v 0.131836 -0.276367 0.061523
v 0.204102 -0.268555 0.092773
v 0.168945 -0.27832 0.104492
v 0.155273 -0.291992 0.077148
v 0.155273 -0.291992 0.077148
v 0.15918 -0.305664 0.079102
v 0.208008 -0.293945 0.071289
v 0.206055 -0.276367 0.063477
v 0.206055 -0.276367 0.063477
v 0.18457 -0.250977 0.110352
v 0.211914 -0.241211 0.092773
v 0.194336 -0.219727 0.102539
v 0.211914 -0.241211 0.092773
v 0.208008 -0.293945 0.071289
v 0.21582 -0.280273 0.055664
v 0.206055 -0.276367 0.063477
v 0.208008 -0.293945 0.071289
v 0.208008 -0.293945 0.071289
v 0.217773 -0.334961 0.043945
v 0.223633 -0.325195 0.032227
v 0.21582 -0.280273 0.055664
v 0.204102 -0.268555 0.092773
v 0.206055 -0.276367 0.063477
v 0.217773 -0.235352 0.061523
v 0.211914 -0.241211 0.092773
v 0.206055 -0.260742 0.047852
v 0.206055 -0.260742 0.047852
v 0.219727 -0.34668 0.049805
v 0.22168 -0.350586 0.049805
v 0.211914 -0.354492 0.055664
v 0.211914 -0.354492 0.055664
v 0.22168 -0.350586 0.049805
v 0.22168 -0.344727 0.049805
v 0.22168 -0.344727 0.049805
v 0.219727 -0.34668 0.049805
v 0.211914 -0.354492 0.055664
v 0.21582 -0.344727 0.038086
v 0.21582 -0.342773 0.02832
v 0.21582 -0.338867 0.026367
v 0.21582 -0.333008 0.030273
v 0.21582 -0.342773 0.02832
v 0.21582 -0.344727 0.038086
v 0.21582 -0.344727 0.038086
v 0.21582 -0.338867 0.026367
v 0.219727 -0.342773 0.038086
v 0.219727 -0.342773 0.038086
v 0.21582 -0.333008 0.030273
v 0.21582 -0.344727 0.038086
v 0.21582 -0.344727 0.038086
v 0.22168 -0.350586 0.049805
v 0.219727 -0.34668 0.049805
v 0.22168 -0.350586 0.049805
v 0.21582 -0.344727 0.038086
v 0.219727 -0.342773 0.038086
v 0.217773 -0.334961 0.043945
v 0.202148 -0.366211 0.026367
v 0.208008 -0.360352 0.012695
v 0.208008 -0.360352 0.012695
v 0.202148 -0.366211 0.026367
v 0.211914 -0.374023 0.024414
v 0.208008 -0.360352 0.012695
v 0.219727 -0.352539 0.006836
v 0.208008 -0.360352 0.012695
v 0.211914 -0.374023 0.024414
v 0.239258 -0.40332 -0.008789
v 0.219727 -0.352539 0.006836
v 0.211914 -0.374023 0.024414
v 0.223633 -0.323242 0.016602
v 0.208008 -0.360352 0.012695
v 0.219727 -0.352539 0.006836
v 0.223633 -0.323242 0.016602
v 0.21582 -0.338867 0.026367
v 0.21582 -0.333008 0.030273
v 0.219727 -0.342773 0.038086
v 0.219727 -0.342773 0.038086
v 0.22168 -0.344727 0.049805
v 0.22168 -0.350586 0.049805
v 0.21582 -0.274414 0.041992
v 0.239258 -0.31543 0.008789
v 0.260742 -0.31543 -0.024414
v 0.245117 -0.358398 -0.038086
v 0.245117 -0.358398 -0.038086
v 0.229492 -0.266602 0.036133
v 0.21582 -0.274414 0.041992
v 0.206055 -0.260742 0.038086
v 0.21582 -0.280273 0.055664
v 0.21582 -0.280273 0.055664
v 0.21582 -0.274414 0.041992
v 0.206055 -0.260742 0.038086
v 0.209961 -0.245117 0.038086
v 0.229492 -0.266602 0.036133
v 0.206055 -0.260742 0.038086
v 0.21582 -0.274414 0.041992
v 0.219727 -0.250977 0.036133
v 0.208008 -0.249023 0.030273
v 0.208008 -0.249023 0.030273
v 0.245117 -0.254883 -0.006836
v 0.219727 -0.250977 0.036133
v 0.229492 -0.266602 0.036133
v 0.260742 -0.31543 -0.024414
v 0.245117 -0.254883 -0.006836
v 0.229492 -0.266602 0.036133
v 0.219727 -0.250977 0.036133
v 0.213867 -0.233398 0.03418
v 0.208008 -0.249023 0.030273
v 0.213867 -0.233398 0.03418
v 0.110352 -0.22168 0.081055
v 0.081055 -0.165039 0.067383
v 0.081055 -0.165039 0.067383
v 0.067383 -0.168945 0.06543
v 0.098633 -0.227539 0.077148
v 0.067383 -0.168945 0.06543
v 0.108398 -0.135742 0.09082
v 0.129883 -0.211914 0.100586
v 0.137695 -0.219727 0.092773
v 0.129883 -0.211914 0.100586
v 0.110352 -0.22168 0.081055
v 0.049805 -0.09082 0.051758
v 0.022461 -0.147461 -0.022461
v 0.083008 -0.245117 0.053711
v 0.067383 -0.168945 0.06543
v 0.049805 -0.09082 0.051758
v 0.09082 -0.125977 0.077148
v 0.06543 -0.075195 0.063477
v 0.049805 -0.09082 0.051758
v 0.09082 -0.125977 0.077148
v 0.108398 -0.135742 0.09082
v 0.106445 -0.129883 0.075195
v 0.098633 -0.12793 0.06543
v 0.073242 -0.071289 0.057617
v 0.073242 -0.071289 0.057617
v 0.06543 -0.075195 0.063477
v 0.09082 -0.125977 0.077148
v 0.135742 -0.149414 0.075195
v 0.108398 -0.135742 0.09082
v 0.129883 -0.211914 0.100586
v 0.137695 -0.155273 0.092773
v 0.137695 -0.155273 0.092773
v 0.098633 -0.12793 0.06543
v 0.106445 -0.129883 0.075195
v 0.104492 -0.120117 0.086914
v 0.098633 -0.12793 0.06543
v 0.104492 -0.120117 0.086914
v 0.073242 -0.071289 0.057617
v 0.137695 -0.139648 0.086914
v 0.135742 -0.149414 0.075195
v 0.06543 -0.243164 -0.000977
v 0.06543 -0.243164 -0.000977
v 0.041992 -0.036133 0.086914
v 0.092773 -0.03418 0.069336
v 0.047852 -0.084961 0.040039
v 0.067383 -0.06543 0.051758
v 0.043945 -0.018555 0.081055
v 0.004883 -0.024414 0.098633
v 0.043945 -0.018555 0.081055
v 0.063477 -0.010742 0.071289
v 0.063477 -0.010742 0.071289
v 0.057617 -0.006836 0.084961
v 0.004883 -0.024414 0.098633
v 0.004883 -0.024414 0.098633
v 0.057617 -0.006836 0.084961
v 0.041992 -0.036133 0.086914
v 0.026367 -0.024414 0.084961
v 0.030273 -0.02832 0.094727
v 0.038086 -0.02832 0.077148
v 0.038086 -0.02832 0.077148
v 0.047852 -0.022461 0.09082
v 0.038086 -0.02832 0.077148
v 0.041992 -0.036133 0.086914
v 0.047852 -0.022461 0.09082
v 0.043945 -0.018555 0.081055
v 0.038086 -0.02832 0.077148
v 0.047852 -0.022461 0.09082
v 0.043945 -0.018555 0.081055
v 0.047852 -0.022461 0.09082
v 0.098633 -0.006836 0.073242
v 0.063477 -0.010742 0.071289
v 0.047852 -0.022461 0.09082
v 0.092773 -0.03418 0.069336
v 0.098633 -0.006836 0.073242
v 0.05957 0.020508 0.092773
v 0.05957 0.020508 0.092773
v 0.067383 -0.06543 0.051758
v 0.047852 -0.084961 0.040039
v 0.049805 -0.09082 0.051758
v 0.047852 -0.084961 0.040039
v 0.06543 -0.075195 0.063477
v 0.024414 -0.131836 -0.018555
v 0.073242 -0.071289 0.057617
v 0.067383 -0.06543 0.051758
v 0.06543 -0.075195 0.063477
v 0.075195 -0.067383 0.069336
v 0.104492 -0.120117 0.086914
v 0.083008 -0.05957 0.075195
v 0.075195 -0.067383 0.069336
v 0.075195 -0.067383 0.069336
v 0.083008 -0.05957 0.075195
v 0.067383 -0.06543 0.051758
v 0.067383 -0.06543 0.051758
v 0.116211 -0.043945 0.05957
v 0.083008 -0.05957 0.075195
v 0.104492 -0.120117 0.086914
v 0.137695 -0.139648 0.086914
v 0.084961 -0.047852 0.061523
v 0.116211 -0.043945 0.05957
v 0.084961 -0.047852 0.061523
v 0.083008 -0.05957 0.075195
v 0.108398 -0.008789 0.063477
v 0.098633 -0.006836 0.073242
v 0.106445 -0.02832 0.057617
v 0.084961 -0.047852 0.061523
v 0.102539 -0.038086 0.047852
v 0.063477 -0.010742 0.071289
v 0.098633 -0.006836 0.073242
v 0.092773 0.000977 0.05957
v 0.071289 0.032227 0.075195
v 0.092773 0.000977 0.05957
v 0.071289 0.032227 0.075195
v 0.063477 -0.010742 0.071289
v 0.104492 -0.004883 0.067383
v 0.104492 -0.004883 0.067383
v 0.108398 -0.008789 0.051758
v 0.108398 -0.008789 0.063477
v 0.108398 -0.008789 0.063477
v 0.106445 -0.02832 0.057617
v 0.106445 -0.02832 0.045898
v 0.108398 -0.008789 0.051758
v 0.104492 -0.00293 0.049805
v 0.102539 -0.038086 0.047852
v 0.112305 -0.03418 0.040039
v 0.102539 -0.038086 0.047852
v 0.112305 -0.03418 0.040039
v 0.106445 -0.02832 0.045898
v 0.102539 -0.038086 0.047852
v 0.139648 -0.03418 0.045898
v 0.139648 -0.03418 0.045898
v 0.116211 -0.024414 0.047852
v 0.145508 -0.020508 0.010742
v 0.112305 -0.03418 0.040039
v 0.139648 -0.03418 0.045898
v 0.145508 -0.020508 0.010742
v 0.116211 -0.008789 0.051758
v 0.104492 -0.00293 0.049805
v 0.108398 -0.008789 0.051758
v 0.106445 -0.02832 0.045898
v 0.116211 -0.024414 0.047852
v 0.120117 0.000977 0.045898
v 0.135742 0.016602 0.004883
v 0.104492 -0.00293 0.049805
v 0.120117 0.000977 0.045898
v 0.135742 0.016602 0.004883
v 0.147461 -0.010742 0.012695
v 0.116211 -0.008789 0.051758
v 0.147461 0.008789 0.012695
v 0.135742 0.016602 0.004883
v 0.120117 0.000977 0.045898
v 0.116211 -0.008789 0.051758
v 0.147461 0.008789 0.012695
v 0.135742 0.016602 0.004883
v 0.116211 -0.008789 0.051758
v 0.137695 -0.219727 0.092773
v 0.143555 -0.206055 0.102539
v 0.129883 -0.211914 0.100586
v 0.143555 -0.206055 0.102539
v 0.15332 -0.204102 0.086914
v 0.147461 -0.198242 0.100586
v 0.147461 -0.198242 0.100586
v 0.147461 -0.172852 0.094727
v 0.151367 -0.21582 0.09082
v 0.147461 -0.198242 0.100586
v 0.15332 -0.204102 0.086914
v 0.151367 -0.180664 0.081055
v 0.147461 -0.172852 0.094727
v 0.15918 -0.231445 0.114258
v 0.151367 -0.21582 0.09082
v 0.137695 -0.219727 0.092773
v 0.163086 -0.209961 0.086914
v 0.15332 -0.204102 0.086914
v 0.151367 -0.21582 0.09082
v 0.151367 -0.21582 0.09082
v 0.15918 -0.231445 0.114258
v 0.163086 -0.209961 0.086914
v 0.166992 -0.196289 0.100586
v 0.161133 -0.188477 0.100586
v 0.15332 -0.204102 0.086914
v 0.15332 -0.204102 0.086914
v 0.161133 -0.188477 0.100586
v 0.151367 -0.180664 0.081055
v 0.163086 -0.209961 0.086914
v 0.194336 -0.219727 0.102539
v 0.163086 -0.209961 0.086914
v 0.15918 -0.231445 0.114258
v 0.161133 -0.188477 0.100586
v 0.166992 -0.196289 0.100586
v 0.161133 -0.170898 0.094727
v 0.161133 -0.170898 0.094727
v 0.151367 -0.180664 0.081055
v 0.161133 -0.188477 0.100586
v 0.166992 -0.196289 0.100586
v 0.163086 -0.209961 0.086914
v 0.192383 -0.204102 0.075195
v 0.19043 -0.19043 0.086914
v 0.19043 -0.19043 0.086914
v 0.192383 -0.204102 0.075195
v 0.147461 -0.172852 0.094727
v 0.151367 -0.180664 0.081055
v 0.161133 -0.170898 0.094727
v 0.151367 -0.151367 0.09082
v 0.151367 -0.151367 0.09082
v 0.135742 -0.149414 0.075195
v 0.137695 -0.155273 0.092773
v 0.137695 -0.139648 0.086914
v 0.135742 -0.149414 0.075195
v 0.147461 -0.145508 0.073242
v 0.151367 -0.135742 0.084961
v 0.151367 -0.135742 0.084961
v 0.147461 -0.145508 0.073242
v 0.176758 -0.116211 0.069336
v 0.176758 -0.116211 0.069336
v 0.168945 -0.112305 0.053711
v 0.170898 -0.102539 0.06543
v 0.170898 -0.102539 0.06543
v 0.168945 -0.112305 0.053711
v 0.211914 -0.241211 0.092773
v 0.217773 -0.235352 0.061523
v 0.204102 -0.19043 0.063477
v 0.19043 -0.19043 0.086914
v 0.204102 -0.19043 0.063477
v 0.176758 -0.116211 0.069336
v 0.208008 -0.21582 0.051758
v 0.208008 -0.21582 0.051758
v 0.219727 -0.192383 0.057617
v 0.204102 -0.19043 0.063477
v 0.219727 -0.192383 0.057617
v 0.206055 -0.131836 0.040039
v 0.188477 -0.12207 0.043945
v 0.188477 -0.12207 0.043945
v 0.176758 -0.116211 0.069336
v 0.204102 -0.19043 0.063477
v 0.213867 -0.233398 0.03418
v 0.208008 -0.21582 0.051758
v 0.229492 -0.202148 0.02832
v 0.213867 -0.233398 0.03418
v 0.211914 -0.202148 -0.030273
v 0.229492 -0.202148 0.02832
v 0.213867 -0.233398 0.03418
v 0.192383 -0.227539 -0.040039
v 0.192383 -0.227539 -0.040039
v 0.211914 -0.202148 -0.030273
v 0.213867 -0.233398 0.03418
v 0.219727 -0.192383 0.057617
v 0.217773 -0.137695 0.010742
v 0.206055 -0.131836 0.040039
v 0.206055 -0.131836 0.040039
v 0.217773 -0.137695 0.010742
v 0.166992 -0.040039 0.014648
v 0.166992 -0.040039 0.014648
v 0.176758 -0.038086 -0.016602
v 0.204102 -0.155273 -0.053711
v 0.176758 -0.038086 -0.016602
v 0.170898 -0.102539 0.06543
v 0.168945 -0.112305 0.053711
v 0.168945 -0.108398 0.040039
v 0.170898 -0.102539 0.06543
v 0.168945 -0.108398 0.040039
v 0.174805 -0.098633 0.049805
v 0.170898 -0.102539 0.06543
v 0.174805 -0.098633 0.049805
v 0.139648 -0.03418 0.045898
v 0.188477 -0.12207 0.043945
v 0.168945 -0.112305 0.053711
v 0.176758 -0.116211 0.069336
v 0.168945 -0.108398 0.040039
v 0.188477 -0.12207 0.043945
v 0.174805 -0.098633 0.049805
v 0.168945 -0.108398 0.040039
v 0.188477 -0.12207 0.043945
v 0.145508 -0.020508 0.010742
v 0.15332 -0.024414 -0.071289
v 0.147461 -0.010742 0.012695
v 0.145508 -0.020508 0.010742
v 0.15332 -0.024414 -0.071289
v 0.155273 -0.010742 -0.071289
v 0.147461 0.008789 0.012695
v 0.293945 -0.262695 0.125977
v 0.276367 -0.260742 0.100586
v 0.291992 -0.266602 0.09668
v 0.301758 -0.213867 0.125977
v 0.276367 -0.260742 0.100586
v 0.293945 -0.262695 0.125977
v 0.303711 -0.266602 0.114258
v 0.293945 -0.262695 0.125977
v 0.303711 -0.266602 0.114258
v 0.319336 -0.256836 0.112305
v 0.293945 -0.262695 0.125977
v 0.319336 -0.256836 0.112305
v 0.301758 -0.213867 0.125977
v 0.336914 -0.317383 0.12207
v 0.334961 -0.333008 0.125977
v 0.338867 -0.334961 0.141602
v 0.338867 -0.334961 0.141602
v 0.334961 -0.333008 0.125977
v 0.34668 -0.344727 0.116211
v 0.356445 -0.350586 0.125977
v 0.338867 -0.334961 0.141602
v 0.356445 -0.350586 0.125977
v 0.385742 -0.329102 0.133789
v 0.338867 -0.334961 0.141602
v 0.366211 -0.30957 0.149414
v 0.336914 -0.317383 0.12207
v 0.366211 -0.30957 0.149414
v 0.334961 -0.333008 0.125977
v 0.336914 -0.317383 0.12207
v 0.34668 -0.344727 0.116211
v 0.356445 -0.350586 0.125977
v 0.34668 -0.344727 0.116211
v 0.356445 -0.336914 0.106445
v 0.385742 -0.329102 0.133789
v 0.366211 -0.30957 0.149414
v 0.370117 -0.268555 0.129883
v 0.358398 -0.295898 0.124023
v 0.383789 -0.280273 0.143555
v 0.370117 -0.268555 0.129883
v 0.366211 -0.30957 0.149414
v 0.358398 -0.295898 0.124023
v 0.366211 -0.30957 0.149414
v 0.385742 -0.329102 0.133789
v 0.383789 -0.280273 0.143555
v 0.366211 -0.268555 0.112305
v 0.374023 -0.235352 0.104492
v 0.391602 -0.272461 0.147461
v 0.397461 -0.233398 0.131836
v 0.397461 -0.233398 0.131836
v 0.374023 -0.235352 0.104492
v 0.370117 -0.268555 0.129883
v 0.254883 -0.47168 0.12207
v 0.256836 -0.495117 0.120117
v 0.268555 -0.495117 0.094727
v 0.270508 -0.475586 0.094727
v 0.28418 -0.487305 0.09082
v 0.270508 -0.475586 0.094727
v 0.268555 -0.495117 0.094727
v 0.268555 -0.495117 0.094727
v 0.293945 -0.495117 0.081055
v 0.293945 -0.495117 0.081055
v 0.28418 -0.487305 0.09082
v 0.268555 -0.495117 0.094727
v 0.282227 -0.469727 0.088867
v 0.262695 -0.47168 0.084961
v 0.270508 -0.475586 0.094727
v 0.282227 -0.469727 0.088867
v 0.264648 -0.467773 0.049805
v 0.293945 -0.495117 0.081055
v 0.291992 -0.475586 0.081055
v 0.291992 -0.499023 0.067383
v 0.291992 -0.475586 0.081055
v 0.293945 -0.495117 0.081055
v 0.282227 -0.469727 0.088867
v 0.291992 -0.475586 0.081055
v 0.290039 -0.47168 0.069336
v 0.264648 -0.467773 0.049805
v 0.290039 -0.47168 0.069336
v 0.27832 -0.499023 0.036133
v 0.280273 -0.473633 0.03418
v 0.280273 -0.473633 0.03418
v 0.301758 -0.495117 0.063477
v 0.311523 -0.489258 0.063477
v 0.301758 -0.479492 0.063477
v 0.31543 -0.495117 0.055664
v 0.311523 -0.489258 0.063477
v 0.301758 -0.495117 0.063477
v 0.301758 -0.495117 0.063477
v 0.301758 -0.479492 0.063477
v 0.293945 -0.473633 0.055664
v 0.291992 -0.499023 0.057617
v 0.301758 -0.495117 0.063477
v 0.291992 -0.499023 0.057617
v 0.31543 -0.495117 0.055664
v 0.313477 -0.479492 0.055664
v 0.311523 -0.489258 0.063477
v 0.31543 -0.495117 0.055664
v 0.313477 -0.479492 0.055664
v 0.311523 -0.473633 0.043945
v 0.293945 -0.473633 0.055664
v 0.301758 -0.479492 0.063477
v 0.313477 -0.479492 0.055664
v 0.280273 -0.473633 0.03418
v 0.27832 -0.499023 0.036133
v 0.313477 -0.499023 0.043945
v 0.299805 -0.49707 0.016602
v 0.280273 -0.473633 0.03418
v 0.297852 -0.473633 0.018555
v 0.280273 -0.473633 0.03418
v 0.293945 -0.473633 0.055664
v 0.311523 -0.473633 0.043945
v 0.297852 -0.473633 0.018555
v 0.256836 -0.444336 0.016602
v 0.260742 -0.446289 0.016602
v 0.256836 -0.444336 0.016602
v 0.260742 -0.446289 0.016602
v 0.264648 -0.450195 0.010742
v 0.282227 -0.452148 -0.018555
v 0.264648 -0.450195 0.010742
v 0.297852 -0.473633 0.018555
v 0.299805 -0.46582 0.012695
v 0.313477 -0.499023 0.043945
v 0.297852 -0.473633 0.018555
v 0.311523 -0.473633 0.043945
v 0.301758 -0.495117 0.004883
v 0.299805 -0.49707 0.016602
v 0.270508 -0.491211 -0.041992
v 0.301758 -0.495117 0.004883
v 0.299805 -0.49707 0.016602
v 0.299805 -0.46582 0.012695
v 0.282227 -0.452148 -0.018555
v 0.276367 -0.475586 -0.043945
v 0.276367 -0.475586 -0.043945
v 0.297852 -0.254883 0.083008
v 0.291992 -0.266602 0.09668
v 0.276367 -0.260742 0.100586
v 0.282227 -0.211914 0.09668
v 0.282227 -0.211914 0.09668
v 0.319336 -0.256836 0.112305
v 0.303711 -0.266602 0.114258
v 0.291992 -0.266602 0.09668
v 0.297852 -0.254883 0.083008
v 0.303711 -0.229492 0.079102
v 0.319336 -0.256836 0.112305
v 0.297852 -0.254883 0.083008
v 0.303711 -0.229492 0.079102
v 0.356445 -0.336914 0.106445
v 0.358398 -0.295898 0.124023
v 0.37793 -0.313477 0.106445
v 0.37793 -0.313477 0.106445
v 0.348633 -0.348633 0.06543
v 0.356445 -0.358398 0.077148
v 0.350586 -0.333008 0.069336
v 0.360352 -0.362305 0.061523
v 0.356445 -0.358398 0.077148
v 0.348633 -0.348633 0.06543
v 0.350586 -0.333008 0.069336
v 0.358398 -0.352539 0.047852
v 0.389648 -0.338867 0.094727
v 0.356445 -0.358398 0.077148
v 0.360352 -0.362305 0.061523
v 0.37207 -0.364258 0.051758
v 0.356445 -0.358398 0.077148
v 0.37207 -0.364258 0.051758
v 0.405273 -0.344727 0.06543
v 0.389648 -0.338867 0.094727
v 0.366211 -0.338867 0.041992
v 0.393555 -0.317383 0.051758
v 0.366211 -0.338867 0.041992
v 0.350586 -0.333008 0.069336
v 0.375977 -0.311523 0.081055
v 0.375977 -0.311523 0.081055
v 0.325195 -0.231445 0.110352
v 0.325195 -0.231445 0.110352
v 0.366211 -0.268555 0.112305
v 0.387695 -0.28418 0.09082
v 0.395508 -0.249023 0.079102
v 0.395508 -0.249023 0.079102
v 0.358398 -0.352539 0.047852
v 0.366211 -0.338867 0.041992
v 0.37207 -0.364258 0.051758
v 0.358398 -0.352539 0.047852
v 0.405273 -0.344727 0.06543
v 0.393555 -0.317383 0.051758
v 0.370117 -0.327148 0.020508
v 0.366211 -0.34082 0.012695
v 0.375977 -0.352539 0.022461
v 0.374023 -0.34082 -0.004883
v 0.366211 -0.34082 0.012695
v 0.370117 -0.327148 0.020508
v 0.415039 -0.334961 0.041992
v 0.40332 -0.307617 0.036133
v 0.40332 -0.307617 0.036133
v 0.415039 -0.307617 0.006836
v 0.381836 -0.327148 -0.006836
v 0.37793 -0.352539 0.006836
v 0.375977 -0.352539 0.022461
v 0.366211 -0.34082 0.012695
v 0.374023 -0.34082 -0.004883
v 0.37793 -0.352539 0.006836
v 0.366211 -0.34082 0.012695
v 0.385742 -0.329102 0.133789
v 0.405273 -0.295898 0.125977
v 0.383789 -0.280273 0.143555
v 0.40332 -0.288086 0.102539
v 0.405273 -0.295898 0.125977
v 0.415039 -0.288086 0.12793
v 0.415039 -0.288086 0.12793
v 0.391602 -0.272461 0.147461
v 0.391602 -0.272461 0.147461
v 0.415039 -0.288086 0.12793
v 0.424805 -0.249023 0.110352
v 0.397461 -0.233398 0.131836
v 0.407227 -0.264648 0.131836
v 0.411133 -0.254883 0.141602
v 0.401367 -0.254883 0.135742
v 0.415039 -0.24707 0.139648
v 0.405273 -0.243164 0.131836
v 0.415039 -0.288086 0.12793
v 0.40332 -0.288086 0.102539
v 0.424805 -0.249023 0.110352
v 0.415039 -0.260742 0.139648
v 0.411133 -0.254883 0.141602
v 0.415039 -0.260742 0.139648
v 0.424805 -0.25293 0.133789
v 0.415039 -0.24707 0.139648
v 0.416992 -0.264648 0.124023
v 0.415039 -0.260742 0.139648
v 0.407227 -0.264648 0.131836
v 0.420898 -0.260742 0.135742
v 0.420898 -0.260742 0.135742
v 0.422852 -0.25293 0.12207
v 0.424805 -0.25293 0.133789
v 0.420898 -0.260742 0.135742
v 0.416992 -0.264648 0.124023
v 0.416992 -0.243164 0.124023
v 0.420898 -0.24707 0.135742
v 0.416992 -0.243164 0.124023
v 0.420898 -0.24707 0.135742
v 0.424805 -0.25293 0.133789
v 0.428711 -0.311523 0.073242
v 0.393555 -0.28418 0.088867
v 0.413086 -0.305664 0.100586
v 0.413086 -0.305664 0.100586
v 0.387695 -0.28418 0.09082
v 0.415039 -0.293945 0.053711
v 0.428711 -0.311523 0.073242
v 0.405273 -0.344727 0.06543
v 0.415039 -0.293945 0.053711
v 0.395508 -0.249023 0.079102
v 0.395508 -0.249023 0.079102
v 0.375977 -0.311523 0.081055
v 0.393555 -0.28418 0.088867
v 0.391602 -0.282227 0.083008
v 0.391602 -0.282227 0.083008
v 0.40918 -0.290039 0.053711
v 0.395508 -0.249023 0.079102
v 0.420898 -0.295898 0.104492
v 0.428711 -0.25293 0.100586
v 0.395508 -0.249023 0.079102
v 0.40918 -0.290039 0.053711
v 0.436523 -0.303711 0.073242
v 0.420898 -0.295898 0.104492
v 0.428711 -0.25293 0.100586
v 0.444336 -0.262695 0.067383
v 0.452148 -0.258789 0.06543
v 0.43457 -0.245117 0.106445
v 0.426758 -0.24707 0.104492
v 0.430664 -0.241211 0.112305
v 0.430664 -0.241211 0.112305
v 0.436523 -0.303711 0.073242
v 0.444336 -0.262695 0.067383
v 0.40918 -0.290039 0.053711
v 0.387695 -0.352539 -0.004883
v 0.426758 -0.334961 0.012695
v 0.415039 -0.334961 0.041992
v 0.375977 -0.352539 0.022461
v 0.387695 -0.352539 -0.004883
v 0.37793 -0.352539 0.006836
v 0.374023 -0.34082 -0.004883
v 0.387695 -0.352539 -0.004883
v 0.415039 -0.334961 0.041992
v 0.426758 -0.334961 0.012695
v 0.446289 -0.30957 0.020508
v 0.416992 -0.293945 0.049805
v 0.43457 -0.30957 0.049805
v 0.43457 -0.30957 0.049805
v 0.426758 -0.334961 0.012695
v 0.415039 -0.307617 0.006836
v 0.43457 -0.291992 0.008789
v 0.381836 -0.327148 -0.006836
v 0.446289 -0.30957 0.020508
v 0.413086 -0.288086 0.041992
v 0.413086 -0.288086 0.041992
v 0.426758 -0.288086 0.010742
v 0.420898 -0.256836 0.004883
v 0.418945 -0.258789 0.047852
v 0.401367 -0.258789 0.040039
v 0.381836 -0.249023 0.071289
v 0.356445 -0.202148 0.014648
v 0.381836 -0.249023 0.071289
v 0.356445 -0.202148 0.014648
v 0.401367 -0.258789 0.040039
v 0.418945 -0.258789 0.047852
v 0.418945 -0.258789 0.047852
v 0.418945 -0.258789 0.047852
v 0.418945 -0.258789 0.047852
v 0.442383 -0.301758 0.053711
v 0.448242 -0.264648 0.055664
v 0.418945 -0.258789 0.047852
v 0.416992 -0.293945 0.049805
v 0.442383 -0.301758 0.053711
v 0.413086 -0.288086 0.041992
v 0.418945 -0.258789 0.047852
v 0.426758 -0.288086 0.010742
v 0.454102 -0.301758 0.024414
v 0.442383 -0.301758 0.053711
v 0.43457 -0.256836 0.010742
v 0.43457 -0.256836 0.010742
v 0.444336 -0.258789 0.061523
v 0.448242 -0.264648 0.055664
v 0.444336 -0.258789 0.061523
v 0.418945 -0.258789 0.047852
v 0.395508 -0.249023 0.079102
v 0.426758 -0.288086 0.010742
v 0.43457 -0.256836 0.010742
v 0.43457 -0.291992 0.008789
v 0.43457 -0.256836 0.010742
v 0.459961 -0.264648 0.024414
v 0.454102 -0.301758 0.024414
v 0.459961 -0.264648 0.024414
v 0.454102 -0.301758 0.024414
v 0.43457 -0.291992 0.008789
v 0.438477 -0.250977 -0.030273
v 0.43457 -0.256836 0.010742
v 0.420898 -0.256836 0.004883
v 0.420898 -0.256836 0.004883
v 0.356445 -0.202148 0.014648
v 0.389648 -0.166992 -0.047852
v 0.389648 -0.166992 -0.047852
v 0.438477 -0.250977 -0.030273
v 0.420898 -0.256836 0.004883
v 0.459961 -0.258789 0.018555
v 0.459961 -0.264648 0.024414
v 0.43457 -0.256836 0.010742
v 0.459961 -0.262695 0.012695
v 0.459961 -0.258789 0.018555
v 0.43457 -0.256836 0.010742
v 0.422852 -0.299805 -0.000977
v 0.459961 -0.262695 0.012695
v 0.43457 -0.256836 0.010742
v 0.418945 -0.291992 -0.00293
v 0.428711 -0.288086 -0.03418
v 0.418945 -0.291992 -0.00293
v 0.43457 -0.256836 0.010742
v 0.438477 -0.250977 -0.030273
v 0.428711 -0.288086 -0.03418
v 0.43457 -0.256836 0.010742
v 0.446289 -0.256836 0.079102
v 0.459961 -0.250977 0.086914
v 0.454102 -0.245117 0.09668
v 0.456055 -0.24707 0.06543
v 0.459961 -0.250977 0.086914
v 0.446289 -0.256836 0.079102
v 0.438477 -0.249023 0.094727
v 0.452148 -0.258789 0.06543
v 0.452148 -0.258789 0.06543
v 0.452148 -0.258789 0.06543
v 0.448242 -0.264648 0.055664
v 0.459961 -0.264648 0.024414
v 0.467773 -0.258789 0.020508
v 0.452148 -0.258789 0.06543
v 0.467773 -0.258789 0.020508
v 0.454102 -0.147461 0.043945
v 0.438477 -0.133789 0.06543
v 0.43457 -0.245117 0.106445
v 0.452148 -0.258789 0.06543
v 0.454102 -0.147461 0.043945
v 0.438477 -0.133789 0.06543
v 0.452148 -0.258789 0.06543
v 0.463867 -0.245117 0.079102
v 0.454102 -0.245117 0.09668
v 0.459961 -0.250977 0.086914
v 0.463867 -0.245117 0.079102
v 0.448242 -0.264648 0.055664
v 0.448242 -0.264648 0.055664
v 0.458008 -0.254883 0.051758
v 0.461914 -0.262695 0.03418
v 0.47168 -0.25293 0.051758
v 0.458008 -0.254883 0.051758
v 0.47168 -0.25293 0.051758
v 0.463867 -0.249023 0.057617
v 0.461914 -0.262695 0.03418
v 0.467773 -0.250977 0.020508
v 0.475586 -0.258789 0.040039
v 0.475586 -0.258789 0.040039
v 0.450195 -0.305664 0.004883
v 0.458008 -0.301758 -0.02832
v 0.459961 -0.262695 0.012695
v 0.450195 -0.305664 0.004883
v 0.442383 -0.317383 -0.000977
v 0.450195 -0.305664 0.004883
v 0.442383 -0.317383 -0.000977
v 0.458008 -0.301758 -0.02832
v 0.467773 -0.258789 0.020508
v 0.467773 -0.258789 0.020508
v 0.467773 -0.258789 0.020508
v 0.459961 -0.262695 0.012695
v 0.467773 -0.256836 -0.020508
v 0.461914 -0.141602 0.010742
v 0.467773 -0.249023 -0.02832
v 0.467773 -0.256836 -0.020508
v 0.479492 -0.249023 0.030273
v 0.469727 -0.231445 0.024414
v 0.479492 -0.249023 0.030273
v 0.467773 -0.250977 0.020508
v 0.467773 -0.256836 -0.020508
v 0.47168 -0.25293 0.051758
v 0.475586 -0.258789 0.040039
v 0.479492 -0.249023 0.030273
v 0.473633 -0.241211 0.053711
v 0.473633 -0.241211 0.053711
v 0.47168 -0.256836 0.000977
v 0.483398 -0.250977 0.000977
v 0.483398 -0.245117 0.008789
v 0.47168 -0.250977 -0.014648
v 0.483398 -0.250977 0.000977
v 0.47168 -0.256836 0.000977
v 0.47168 -0.245117 0.014648
v 0.483398 -0.24707 -0.008789
v 0.483398 -0.245117 0.008789
v 0.483398 -0.250977 0.000977
v 0.483398 -0.24707 -0.008789
v 0.329102 -0.172852 0.108398
v 0.282227 -0.211914 0.09668
v 0.301758 -0.213867 0.125977
v 0.350586 -0.209961 0.098633
v 0.329102 -0.172852 0.108398
v 0.325195 -0.208008 0.061523
v 0.305664 -0.172852 0.077148
v 0.305664 -0.172852 0.077148
v 0.350586 -0.209961 0.098633
v 0.325195 -0.231445 0.110352
v 0.303711 -0.229492 0.079102
v 0.325195 -0.208008 0.061523
v 0.329102 -0.172852 0.108398
v 0.303711 -0.165039 0.071289
v 0.305664 -0.172852 0.077148
v 0.305664 -0.172852 0.077148
v 0.303711 -0.165039 0.071289
v 0.321289 -0.188477 0.038086
v 0.325195 -0.208008 0.061523
v 0.333008 -0.163086 0.112305
v 0.303711 -0.165039 0.071289
v 0.333008 -0.163086 0.112305
v 0.350586 -0.110352 0.057617
v 0.331055 -0.131836 0.03418
v 0.331055 -0.131836 0.03418
v 0.391602 -0.227539 0.131836
v 0.364258 -0.233398 0.106445
v 0.374023 -0.235352 0.104492
v 0.397461 -0.233398 0.131836
v 0.391602 -0.227539 0.131836
v 0.374023 -0.235352 0.104492
v 0.391602 -0.227539 0.131836
v 0.350586 -0.209961 0.098633
v 0.364258 -0.233398 0.106445
v 0.364258 -0.233398 0.106445
v 0.350586 -0.209961 0.098633
v 0.381836 -0.249023 0.071289
v 0.374023 -0.188477 0.114258
v 0.350586 -0.209961 0.098633
v 0.325195 -0.208008 0.061523
v 0.381836 -0.249023 0.071289
v 0.401367 -0.114258 0.084961
v 0.333008 -0.163086 0.112305
v 0.374023 -0.188477 0.114258
v 0.391602 -0.227539 0.131836
v 0.401367 -0.223633 0.133789
v 0.360352 -0.110352 0.067383
v 0.360352 -0.110352 0.067383
v 0.325195 -0.208008 0.061523
v 0.321289 -0.188477 0.038086
v 0.356445 -0.202148 0.014648
v 0.344727 -0.15918 -0.010742
v 0.344727 -0.15918 -0.010742
v 0.350586 -0.110352 0.057617
v 0.317383 -0.124023 0.026367
v 0.331055 -0.131836 0.03418
v 0.331055 -0.131836 0.03418
v 0.317383 -0.124023 0.026367
v 0.329102 -0.149414 -0.022461
v 0.344727 -0.15918 -0.010742
v 0.350586 -0.110352 0.057617
v 0.360352 -0.110352 0.067383
v 0.364258 -0.09668 0.079102
v 0.401367 -0.114258 0.084961
v 0.362305 -0.079102 0.073242
v 0.358398 -0.09082 0.06543
v 0.364258 -0.09668 0.079102
v 0.350586 -0.110352 0.057617
v 0.352539 -0.006836 0.047852
v 0.362305 -0.079102 0.073242
v 0.364258 -0.09668 0.079102
v 0.379883 -0.086914 0.083008
v 0.352539 -0.006836 0.047852
v 0.364258 -0.09668 0.079102
v 0.395508 -0.102539 0.09082
v 0.385742 -0.094727 0.084961
v 0.364258 -0.09668 0.079102
v 0.385742 -0.094727 0.084961
v 0.395508 -0.102539 0.09082
v 0.358398 -0.083008 0.055664
v 0.350586 -0.084961 0.051758
v 0.350586 -0.110352 0.057617
v 0.358398 -0.09082 0.06543
v 0.358398 -0.083008 0.055664
v 0.350586 -0.084961 0.051758
v 0.358398 -0.09082 0.06543
v 0.356445 -0.069336 0.061523
v 0.352539 -0.006836 0.047852
v 0.356445 -0.069336 0.061523
v 0.362305 -0.079102 0.073242
v 0.360352 -0.055664 0.083008
v 0.362305 -0.05957 0.083008
v 0.370117 -0.061523 0.094727
v 0.370117 -0.061523 0.094727
v 0.362305 -0.05957 0.083008
v 0.362305 -0.057617 0.081055
v 0.362305 -0.057617 0.081055
v 0.360352 -0.055664 0.083008
v 0.370117 -0.061523 0.094727
v 0.362305 -0.05957 0.083008
v 0.360352 -0.055664 0.083008
v 0.364258 -0.055664 0.069336
v 0.366211 -0.05957 0.071289
v 0.362305 -0.057617 0.081055
v 0.362305 -0.05957 0.083008
v 0.366211 -0.05957 0.071289
v 0.366211 -0.05957 0.071289
v 0.364258 -0.055664 0.069336
v 0.366211 -0.06543 0.05957
v 0.366211 -0.061523 0.057617
v 0.364258 -0.055664 0.069336
v 0.366211 -0.05957 0.071289
v 0.366211 -0.06543 0.05957
v 0.366211 -0.061523 0.057617
v 0.350586 -0.110352 0.057617
v 0.331055 -0.081055 0.049805
v 0.333008 -0.102539 0.053711
v 0.333008 -0.102539 0.053711
v 0.331055 -0.081055 0.049805
v 0.264648 -0.026367 -0.024414
v 0.350586 -0.084961 0.051758
v 0.344727 -0.012695 0.032227
v 0.327148 -0.012695 0.036133
v 0.327148 -0.012695 0.036133
v 0.264648 -0.026367 -0.024414
v 0.329102 -0.149414 -0.022461
v 0.317383 -0.124023 0.026367
v 0.350586 -0.084961 0.051758
v 0.358398 -0.083008 0.055664
v 0.356445 -0.069336 0.061523
v 0.350586 -0.084961 0.051758
v 0.356445 -0.069336 0.061523
v 0.352539 -0.006836 0.047852
v 0.344727 -0.012695 0.032227
v 0.333008 0.036133 0.010742
v 0.31543 0.032227 0.014648
v 0.31543 0.032227 0.014648
v 0.333008 0.036133 0.010742
v 0.352539 -0.006836 0.047852
v 0.379883 -0.086914 0.083008
v 0.389648 -0.081055 0.081055
v 0.405273 -0.022461 0.05957
v 0.401367 0.071289 0.02832
v 0.34082 0.045898 0.026367
v 0.34082 0.045898 0.026367
v 0.405273 -0.243164 0.131836
v 0.415039 -0.24707 0.139648
v 0.397461 -0.233398 0.131836
v 0.430664 -0.241211 0.112305
v 0.401367 -0.223633 0.133789
v 0.397461 -0.233398 0.131836
v 0.424805 -0.249023 0.110352
v 0.430664 -0.241211 0.112305
v 0.438477 -0.133789 0.06543
v 0.415039 -0.231445 0.124023
v 0.420898 -0.209961 0.129883
v 0.405273 -0.213867 0.125977
v 0.405273 -0.213867 0.125977
v 0.420898 -0.209961 0.129883
v 0.424805 -0.202148 0.124023
v 0.424805 -0.202148 0.124023
v 0.411133 -0.198242 0.114258
v 0.405273 -0.213867 0.125977
v 0.426758 -0.22168 0.129883
v 0.438477 -0.211914 0.114258
v 0.420898 -0.209961 0.129883
v 0.426758 -0.22168 0.129883
v 0.426758 -0.22168 0.129883
v 0.415039 -0.231445 0.124023
v 0.428711 -0.231445 0.110352
v 0.43457 -0.22168 0.12207
v 0.43457 -0.22168 0.12207
v 0.424805 -0.202148 0.124023
v 0.426758 -0.24707 0.104492
v 0.424805 -0.249023 0.110352
v 0.395508 -0.249023 0.079102
v 0.426758 -0.24707 0.104492
v 0.430664 -0.241211 0.112305
v 0.43457 -0.217773 0.100586
v 0.43457 -0.22168 0.12207
v 0.428711 -0.231445 0.110352
v 0.438477 -0.211914 0.114258
v 0.411133 -0.198242 0.114258
v 0.424805 -0.202148 0.124023
v 0.432617 -0.202148 0.116211
v 0.424805 -0.200195 0.102539
v 0.432617 -0.202148 0.116211
v 0.438477 -0.211914 0.114258
v 0.424805 -0.200195 0.102539
v 0.432617 -0.202148 0.116211
v 0.43457 -0.217773 0.100586
v 0.420898 -0.131836 0.098633
v 0.424805 -0.139648 0.094727
v 0.422852 -0.125977 0.094727
v 0.415039 -0.145508 0.086914
v 0.424805 -0.139648 0.094727
v 0.420898 -0.131836 0.098633
v 0.420898 -0.131836 0.098633
v 0.422852 -0.125977 0.094727
v 0.40918 -0.133789 0.09082
v 0.40918 -0.133789 0.09082
v 0.430664 -0.141602 0.088867
v 0.422852 -0.125977 0.094727
v 0.424805 -0.139648 0.094727
v 0.424805 -0.139648 0.094727
v 0.415039 -0.145508 0.086914
v 0.424805 -0.147461 0.077148
v 0.424805 -0.147461 0.077148
v 0.430664 -0.141602 0.088867
v 0.424805 -0.139648 0.094727
v 0.411133 -0.12207 0.084961
v 0.40918 -0.133789 0.09082
v 0.422852 -0.125977 0.094727
v 0.428711 -0.125977 0.086914
v 0.422852 -0.125977 0.094727
v 0.428711 -0.125977 0.086914
v 0.411133 -0.12207 0.084961
v 0.432617 -0.133789 0.084961
v 0.428711 -0.135742 0.071289
v 0.432617 -0.133789 0.084961
v 0.430664 -0.141602 0.088867
v 0.424805 -0.147461 0.077148
v 0.428711 -0.125977 0.086914
v 0.432617 -0.133789 0.084961
v 0.420898 -0.124023 0.075195
v 0.420898 -0.124023 0.075195
v 0.428711 -0.135742 0.071289
v 0.454102 -0.233398 0.09668
v 0.438477 -0.229492 0.094727
v 0.438477 -0.249023 0.094727
v 0.454102 -0.245117 0.09668
v 0.459961 -0.225586 0.088867
v 0.459961 -0.225586 0.088867
v 0.448242 -0.219727 0.081055
v 0.438477 -0.229492 0.094727
v 0.463867 -0.245117 0.079102
v 0.454102 -0.233398 0.09668
v 0.454102 -0.245117 0.09668
v 0.459961 -0.225586 0.088867
v 0.46582 -0.231445 0.079102
v 0.456055 -0.227539 0.06543
v 0.46582 -0.231445 0.079102
v 0.456055 -0.227539 0.06543
v 0.46582 -0.231445 0.079102
v 0.463867 -0.245117 0.079102
v 0.456055 -0.24707 0.06543
v 0.452148 -0.172852 0.077148
v 0.44043 -0.174805 0.077148
v 0.444336 -0.188477 0.069336
v 0.456055 -0.182617 0.073242
v 0.452148 -0.172852 0.077148
v 0.444336 -0.188477 0.069336
v 0.454102 -0.186523 0.055664
v 0.456055 -0.182617 0.073242
v 0.444336 -0.188477 0.069336
v 0.44043 -0.174805 0.077148
v 0.452148 -0.172852 0.077148
v 0.454102 -0.165039 0.073242
v 0.442383 -0.161133 0.069336
v 0.452148 -0.172852 0.077148
v 0.456055 -0.182617 0.073242
v 0.461914 -0.172852 0.061523
v 0.461914 -0.172852 0.061523
v 0.454102 -0.165039 0.073242
v 0.452148 -0.172852 0.077148
v 0.442383 -0.161133 0.069336
v 0.454102 -0.165039 0.073242
v 0.459961 -0.163086 0.06543
v 0.450195 -0.15918 0.055664
v 0.461914 -0.180664 0.06543
v 0.456055 -0.182617 0.073242
v 0.461914 -0.180664 0.06543
v 0.461914 -0.172852 0.061523
v 0.461914 -0.180664 0.06543
v 0.454102 -0.186523 0.055664
v 0.456055 -0.172852 0.049805
v 0.461914 -0.172852 0.061523
v 0.459961 -0.163086 0.06543
v 0.461914 -0.172852 0.061523
v 0.450195 -0.15918 0.055664
v 0.459961 -0.163086 0.06543
v 0.454102 -0.124023 0.067383
v 0.420898 -0.106445 0.077148
v 0.442383 -0.102539 0.077148
v 0.454102 -0.124023 0.067383
v 0.473633 -0.241211 0.053711
v 0.46582 -0.243164 0.057617
v 0.463867 -0.249023 0.057617
v 0.458008 -0.227539 0.061523
v 0.473633 -0.241211 0.053711
v 0.463867 -0.227539 0.043945
v 0.458008 -0.227539 0.061523
v 0.479492 -0.237305 0.03418
v 0.469727 -0.231445 0.024414
v 0.479492 -0.237305 0.03418
v 0.469727 -0.231445 0.024414
v 0.47168 -0.245117 0.014648
v 0.483398 -0.245117 0.008789
v 0.485352 -0.233398 0.006836
v 0.47168 -0.229492 0.010742
v 0.485352 -0.233398 0.006836
v 0.47168 -0.229492 0.010742
v 0.485352 -0.233398 0.006836
v 0.485352 -0.229492 -0.00293
v 0.473633 -0.223633 -0.004883
v 0.485352 -0.229492 -0.00293
v 0.456055 -0.172852 0.049805
v 0.467773 -0.135742 0.047852
v 0.477539 -0.131836 0.020508
v 0.467773 -0.135742 0.047852
v 0.477539 -0.131836 0.020508
v 0.469727 -0.108398 0.038086
v 0.454102 -0.124023 0.067383
v 0.454102 -0.147461 0.043945
v 0.461914 -0.141602 0.010742
v 0.477539 -0.131836 0.020508
v 0.463867 -0.15918 0.022461
v 0.467773 -0.168945 0.014648
v 0.477539 -0.163086 0.014648
v 0.473633 -0.157227 0.020508
v 0.461914 -0.147461 0.018555
v 0.463867 -0.15918 0.022461
v 0.473633 -0.157227 0.020508
v 0.467773 -0.168945 0.014648
v 0.469727 -0.166992 0.00293
v 0.477539 -0.161133 0.006836
v 0.477539 -0.163086 0.014648
v 0.473633 -0.149414 0.016602
v 0.46582 -0.145508 0.006836
v 0.461914 -0.147461 0.018555
v 0.473633 -0.149414 0.016602
v 0.483398 -0.120117 -0.000977
v 0.456055 -0.131836 -0.03418
v 0.456055 -0.131836 -0.03418
v 0.467773 -0.12793 -0.014648
v 0.475586 -0.147461 0.008789
v 0.46582 -0.145508 0.006836
v 0.475586 -0.147461 0.008789
v 0.469727 -0.155273 -0.000977
v 0.473633 -0.157227 0.020508
v 0.477539 -0.163086 0.014648
v 0.475586 -0.147461 0.008789
v 0.473633 -0.149414 0.016602
v 0.477539 -0.15332 0.004883
v 0.477539 -0.161133 0.006836
v 0.469727 -0.166992 0.00293
v 0.469727 -0.155273 -0.000977
v 0.477539 -0.15332 0.004883
v 0.469727 -0.166992 0.00293
v 0.477539 -0.161133 0.006836
v 0.477539 -0.15332 0.004883
v 0.483398 -0.120117 -0.000977
v 0.477539 -0.15332 0.004883
v 0.401367 -0.092773 0.088867
v 0.391602 -0.09082 0.081055
v 0.385742 -0.094727 0.084961
v 0.401367 -0.092773 0.088867
v 0.391602 -0.09082 0.081055
v 0.385742 -0.094727 0.084961
v 0.411133 -0.092773 0.092773
v 0.401367 -0.114258 0.084961
v 0.401367 -0.114258 0.084961
v 0.420898 -0.106445 0.077148
v 0.411133 -0.092773 0.092773
v 0.389648 -0.081055 0.081055
v 0.391602 -0.09082 0.081055
v 0.399414 -0.084961 0.086914
v 0.399414 -0.084961 0.086914
v 0.401367 -0.092773 0.088867
v 0.411133 -0.092773 0.092773
v 0.411133 -0.092773 0.092773
v 0.415039 -0.032227 0.045898
v 0.411133 -0.092773 0.092773
v 0.420898 -0.106445 0.077148
v 0.43457 -0.040039 0.047852
v 0.415039 -0.032227 0.045898
v 0.415039 -0.032227 0.045898
v 0.405273 -0.022461 0.05957
v 0.411133 -0.092773 0.092773
v 0.405273 -0.022461 0.05957
v 0.415039 -0.032227 0.045898
v 0.442383 0.02832 0.004883
v 0.44043 0.049805 0.008789
v 0.44043 0.049805 0.008789
v 0.456055 0.010742 0.010742
v 0.442383 0.02832 0.004883
v 0.442383 -0.102539 0.077148
v 0.454102 -0.124023 0.067383
v 0.469727 -0.108398 0.038086
v 0.469727 -0.045898 -0.00293
v 0.469727 -0.045898 -0.00293
v 0.456055 0.010742 0.010742
v 0.442383 -0.102539 0.077148
v 0.475586 -0.053711 0.016602
v 0.479492 -0.057617 0.016602
v 0.481445 -0.055664 0.016602
v 0.481445 -0.057617 0.010742
v 0.481445 -0.055664 0.016602
v 0.479492 -0.057617 0.016602
v 0.479492 -0.057617 0.016602
v 0.481445 -0.055664 0.016602
v 0.481445 -0.055664 0.010742
v 0.481445 -0.055664 0.010742
v 0.481445 -0.057617 0.010742
v 0.479492 -0.057617 0.016602
v 0.481445 -0.055664 0.016602
v 0.481445 -0.057617 0.010742
v 0.481445 -0.055664 0.010742
v 0.475586 -0.055664 0.00293
v 0.475586 -0.051758 0.00293
v 0.481445 -0.055664 0.010742
v 0.475586 -0.051758 0.00293
v 0.475586 -0.055664 0.00293
v 0.46582 -0.057617 -0.00293
v 0.46582 -0.051758 -0.004883
v 0.481445 -0.057617 0.010742
v 0.475586 -0.055664 0.00293
v 0.46582 -0.057617 -0.00293
v 0.46582 -0.051758 -0.004883
v 0.46582 -0.051758 -0.004883
v 0.051758 0.110352 0.131836
v 0.036133 0.092773 0.124023
v 0.051758 0.110352 0.131836
v 0.030273 0.092773 0.135742
v 0.030273 0.079102 0.110352
v 0.077148 0.086914 0.12793
v 0.061523 0.100586 0.129883
v 0.043945 0.09082 0.133789
v 0.043945 0.09082 0.133789
v 0.061523 0.100586 0.129883
v 0.053711 0.102539 0.124023
v 0.069336 0.073242 0.102539
v 0.077148 0.086914 0.12793
v 0.043945 0.09082 0.133789
v 0.036133 0.092773 0.124023
v 0.030273 0.079102 0.110352
v 0.043945 0.09082 0.133789
v 0.030273 0.079102 0.110352
v 0.036133 0.092773 0.124023
v 0.061523 0.100586 0.129883
v 0.051758 0.110352 0.131836
v 0.053711 0.102539 0.124023
v 0.120117 0.120117 0.118164
v 0.053711 0.102539 0.124023
v 0.104492 0.057617 0.092773
v 0.077148 0.086914 0.12793
v 0.104492 0.057617 0.092773
v 0.120117 0.120117 0.118164
v 0.014648 0.149414 0.15332
v 0.004883 0.133789 0.139648
v 0.120117 0.120117 0.118164
v 0.120117 0.141602 0.141602
v 0.008789 0.186523 0.149414
v 0.014648 0.149414 0.15332
v 0.120117 0.120117 0.118164
v 0.120117 0.141602 0.141602
v 0.014648 0.149414 0.15332
v 0.18457 0.186523 0.112305
v 0.081055 0.274414 0.116211
v 0.008789 0.25293 0.124023
v 0.120117 0.141602 0.141602
v 0.18457 0.186523 0.112305
v 0.053711 0.030273 0.094727
v 0.006836 0.041992 0.114258
v 0.010742 0.032227 0.104492
v 0.053711 0.030273 0.094727
v 0.061523 0.038086 0.098633
v 0.006836 0.041992 0.114258
v 0.061523 0.038086 0.098633
v 0.063477 0.06543 0.108398
v 0.004883 0.075195 0.124023
v 0.071289 0.032227 0.075195
v 0.071289 0.032227 0.075195
v 0.069336 0.073242 0.102539
v 0.063477 0.06543 0.108398
v 0.069336 0.073242 0.102539
v 0.069336 0.073242 0.102539
v 0.094727 0.043945 0.071289
v 0.094727 0.043945 0.071289
v 0.094727 0.043945 0.071289
v 0.114258 0.061523 0.083008
v 0.094727 0.043945 0.071289
v 0.133789 0.086914 0.083008
v 0.143555 0.069336 0.047852
v 0.092773 0.000977 0.05957
v 0.135742 0.016602 0.004883
v 0.139648 0.061523 0.014648
v 0.131836 0.084961 0.077148
v 0.133789 0.086914 0.083008
v 0.114258 0.061523 0.083008
v 0.133789 0.081055 0.075195
v 0.131836 0.084961 0.077148
v 0.114258 0.061523 0.083008
v 0.133789 0.081055 0.075195
v 0.145508 0.102539 0.088867
v 0.168945 0.125977 0.063477
v 0.174805 0.155273 0.081055
v 0.133789 0.086914 0.083008
v 0.131836 0.084961 0.077148
v 0.141602 0.102539 0.069336
v 0.141602 0.102539 0.069336
v 0.145508 0.102539 0.088867
v 0.133789 0.086914 0.083008
v 0.131836 0.084961 0.077148
v 0.133789 0.081055 0.075195
v 0.141602 0.102539 0.069336
v 0.133789 0.081055 0.075195
v 0.147461 0.09082 0.06543
v 0.141602 0.102539 0.069336
v 0.147461 0.09082 0.06543
v 0.149414 0.108398 0.05957
v 0.157227 0.098633 0.057617
v 0.157227 0.098633 0.057617
v 0.149414 0.108398 0.05957
v 0.168945 0.125977 0.063477
v 0.141602 0.022461 -0.061523
v 0.141602 0.022461 -0.061523
v 0.139648 0.061523 0.014648
v 0.135742 0.016602 0.004883
v 0.155273 0.014648 -0.071289
v 0.155273 0.014648 -0.071289
v 0.155273 0.073242 0.03418
v 0.161133 0.086914 -0.051758
v 0.155273 0.073242 0.03418
v 0.139648 0.061523 0.014648
v 0.149414 0.071289 -0.053711
v 0.139648 0.061523 0.014648
v 0.149414 0.071289 -0.053711
v 0.161133 0.086914 -0.051758
v 0.143555 0.069336 0.047852
v 0.155273 0.073242 0.03418
v 0.163086 0.092773 0.022461
v 0.165039 0.104492 0.049805
v 0.163086 0.09668 0.032227
v 0.15918 0.094727 0.026367
v 0.163086 0.09668 0.032227
v 0.143555 0.069336 0.047852
v 0.15918 0.094727 0.026367
v 0.182617 0.125977 -0.053711
v 0.163086 0.092773 0.022461
v 0.155273 0.073242 0.03418
v 0.161133 0.086914 -0.051758
v 0.165039 0.104492 0.049805
v 0.157227 0.116211 0.051758
v 0.157227 0.116211 0.051758
v 0.168945 0.12793 -0.000977
v 0.157227 0.116211 0.051758
v 0.165039 0.104492 0.049805
v 0.165039 0.104492 0.049805
v 0.163086 0.09668 0.032227
v 0.170898 0.118164 0.012695
v 0.170898 0.118164 0.012695
v 0.180664 0.139648 -0.008789
v 0.168945 0.12793 -0.000977
v 0.170898 0.118164 0.012695
v 0.168945 0.12793 -0.000977
v 0.15918 0.094727 0.026367
v 0.163086 0.092773 0.022461
v 0.174805 0.120117 -0.00293
v 0.174805 0.120117 -0.00293
v 0.168945 0.12793 -0.000977
v 0.231445 0.149414 0.05957
v 0.200195 0.141602 0.004883
v 0.249023 0.077148 0.026367
v 0.249023 0.077148 0.026367
v 0.200195 0.141602 0.004883
v 0.235352 0.077148 -0.026367
v 0.28418 0.15332 0.06543
v 0.331055 0.045898 0.00293
v 0.30957 0.084961 0.041992
v 0.249023 0.077148 0.026367
v 0.30957 0.084961 0.041992
v 0.280273 0.045898 -0.03418
v 0.235352 0.077148 -0.026367
v 0.18457 0.186523 0.112305
v 0.174805 0.155273 0.081055
v 0.192383 0.186523 0.014648
v 0.192383 0.186523 0.014648
v 0.204102 0.217773 0.092773
v 0.18457 0.186523 0.112305
v 0.204102 0.217773 0.092773
v 0.147461 0.290039 0.088867
v 0.133789 0.291992 0.09082
v 0.168945 0.125977 0.063477
v 0.180664 0.139648 -0.008789
v 0.204102 0.217773 0.092773
v 0.192383 0.186523 0.014648
v 0.213867 0.19043 0.061523
v 0.258789 0.188477 0.063477
v 0.155273 0.301758 0.067383
v 0.147461 0.290039 0.088867
v 0.204102 0.217773 0.092773
v 0.19043 0.295898 0.092773
v 0.155273 0.301758 0.067383
v 0.204102 0.217773 0.092773
v 0.233398 0.250977 0.116211
v 0.290039 0.192383 0.084961
v 0.290039 0.192383 0.084961
v 0.213867 0.19043 0.061523
v 0.192383 0.186523 0.014648
v 0.192383 0.186523 0.014648
v 0.200195 0.178711 -0.067383
v 0.237305 0.086914 -0.086914
v 0.200195 0.178711 -0.067383
v 0.258789 0.188477 0.063477
v 0.213867 0.19043 0.061523
v 0.231445 0.149414 0.05957
v 0.28418 0.15332 0.06543
v 0.045898 0.291992 0.180664
v 0.045898 0.291992 0.180664
v 0.03418 0.299805 0.198242
v 0.03418 0.299805 0.198242
v 0.03418 0.317383 0.198242
v 0.045898 0.31543 0.176758
v 0.03418 0.317383 0.198242
v 0.03418 0.299805 0.198242
v 0.045898 0.291992 0.180664
v 0.018555 0.366211 0.202148
v 0.018555 0.374023 0.202148
v 0.006836 0.393555 0.213867
v 0.03418 0.317383 0.198242
v 0.024414 0.327148 0.211914
v 0.022461 0.313477 0.206055
v 0.03418 0.319336 0.196289
v 0.03418 0.317383 0.198242
v 0.036133 0.323242 0.196289
v 0.024414 0.338867 0.208008
v 0.022461 0.331055 0.206055
v 0.03418 0.319336 0.196289
v 0.030273 0.354492 0.188477
v 0.014648 0.364258 0.198242
v 0.024414 0.338867 0.208008
v 0.036133 0.323242 0.196289
v 0.018555 0.366211 0.202148
v 0.018555 0.368164 0.19043
v 0.018555 0.368164 0.19043
v 0.026367 0.381836 0.19043
v 0.018555 0.368164 0.19043
v 0.030273 0.354492 0.188477
v 0.041992 0.336914 0.176758
v 0.030273 0.354492 0.188477
v 0.041992 0.336914 0.176758
v 0.041992 0.364258 0.176758
v 0.041992 0.364258 0.176758
v 0.018555 0.368164 0.19043
v 0.018555 0.374023 0.202148
v 0.018555 0.366211 0.202148
v 0.016602 0.375977 0.19043
v 0.010742 0.397461 0.19043
v 0.006836 0.393555 0.213867
v 0.016602 0.375977 0.19043
v 0.045898 0.31543 0.176758
v 0.045898 0.31543 0.176758
v 0.036133 0.323242 0.196289
v 0.045898 0.31543 0.176758
v 0.041992 0.336914 0.176758
v 0.057617 0.301758 0.15918
v 0.057617 0.301758 0.15918
v 0.05957 0.307617 0.131836
v 0.067383 0.313477 0.139648
v 0.057617 0.319336 0.168945
v 0.045898 0.31543 0.176758
v 0.057617 0.301758 0.15918
v 0.067383 0.313477 0.139648
v 0.06543 0.329102 0.106445
v 0.057617 0.319336 0.168945
v 0.041992 0.336914 0.176758
v 0.045898 0.31543 0.176758
v 0.051758 0.352539 0.168945
v 0.041992 0.364258 0.176758
v 0.061523 0.37207 0.155273
v 0.071289 0.334961 0.12793
v 0.061523 0.37207 0.155273
v 0.057617 0.319336 0.168945
v 0.067383 0.313477 0.139648
v 0.041992 0.364258 0.176758
v 0.061523 0.37207 0.155273
v 0.05957 0.375977 0.176758
v 0.041992 0.383789 0.18457
v 0.026367 0.381836 0.19043
v 0.041992 0.364258 0.176758
v 0.05957 0.387695 0.178711
v 0.041992 0.364258 0.176758
v 0.05957 0.375977 0.176758
v 0.05957 0.387695 0.178711
v 0.069336 0.375977 0.129883
v 0.071289 0.383789 0.157227
v 0.069336 0.375977 0.129883
v 0.06543 0.329102 0.106445
v 0.063477 0.37207 0.112305
v 0.014648 0.401367 0.219727
v 0.032227 0.40918 0.21582
v 0.014648 0.401367 0.219727
v 0.014648 0.397461 0.208008
v 0.014648 0.401367 0.219727
v 0.014648 0.397461 0.208008
v 0.032227 0.40332 0.208008
v 0.032227 0.40918 0.21582
v 0.032227 0.428711 0.21582
v 0.008789 0.426758 0.209961
v 0.010742 0.420898 0.219727
v 0.032227 0.428711 0.21582
v 0.008789 0.397461 0.208008
v 0.010742 0.397461 0.19043
v 0.014648 0.397461 0.208008
v 0.010742 0.397461 0.19043
v 0.022461 0.401367 0.19043
v 0.02832 0.405273 0.192383
v 0.032227 0.40332 0.208008
v 0.010742 0.397461 0.19043
v 0.02832 0.389648 0.188477
v 0.018555 0.397461 0.188477
v 0.010742 0.397461 0.19043
v 0.018555 0.397461 0.188477
v 0.022461 0.401367 0.19043
v 0.041992 0.383789 0.18457
v 0.03418 0.397461 0.192383
v 0.018555 0.397461 0.188477
v 0.02832 0.389648 0.188477
v 0.040039 0.389648 0.18457
v 0.03418 0.397461 0.192383
v 0.02832 0.389648 0.188477
v 0.040039 0.389648 0.18457
v 0.022461 0.401367 0.19043
v 0.02832 0.405273 0.192383
v 0.036133 0.40918 0.204102
v 0.02832 0.405273 0.192383
v 0.03418 0.397461 0.192383
v 0.036133 0.405273 0.19043
v 0.02832 0.405273 0.192383
v 0.036133 0.405273 0.19043
v 0.036133 0.40918 0.204102
v 0.030273 0.43457 0.206055
v 0.030273 0.43457 0.206055
v 0.030273 0.444336 0.202148
v 0.030273 0.43457 0.206055
v 0.032227 0.428711 0.21582
v 0.03418 0.430664 0.204102
v 0.03418 0.430664 0.204102
v 0.036133 0.436523 0.202148
v 0.036133 0.40918 0.204102
v 0.043945 0.40332 0.186523
v 0.045898 0.399414 0.180664
v 0.043945 0.40332 0.186523
v 0.040039 0.407227 0.206055
v 0.049805 0.40918 0.202148
v 0.040039 0.407227 0.206055
v 0.036133 0.405273 0.19043
v 0.043945 0.40332 0.186523
v 0.049805 0.40918 0.202148
v 0.036133 0.405273 0.19043
v 0.036133 0.413086 0.209961
v 0.032227 0.428711 0.21582
v 0.036133 0.413086 0.209961
v 0.036133 0.40918 0.204102
v 0.041992 0.413086 0.211914
v 0.036133 0.413086 0.209961
v 0.041992 0.413086 0.211914
v 0.036133 0.426758 0.209961
v 0.036133 0.426758 0.209961
v 0.040039 0.407227 0.206055
v 0.041992 0.413086 0.211914
v 0.036133 0.40918 0.204102
v 0.041992 0.413086 0.211914
v 0.040039 0.407227 0.206055
v 0.049805 0.40918 0.202148
v 0.041992 0.430664 0.209961
v 0.036133 0.426758 0.209961
v 0.041992 0.413086 0.211914
v 0.053711 0.416992 0.206055
v 0.053711 0.416992 0.206055
v 0.036133 0.426758 0.209961
v 0.041992 0.430664 0.209961
v 0.03418 0.430664 0.204102
v 0.036133 0.426758 0.209961
v 0.03418 0.430664 0.204102
v 0.041992 0.430664 0.209961
v 0.036133 0.436523 0.202148
v 0.051758 0.432617 0.204102
v 0.036133 0.436523 0.202148
v 0.041992 0.430664 0.209961
v 0.051758 0.432617 0.204102
v 0.051758 0.432617 0.204102
v 0.047852 0.44043 0.198242
v 0.038086 0.448242 0.198242
v 0.061523 0.413086 0.192383
v 0.051758 0.432617 0.204102
v 0.053711 0.416992 0.206055
v 0.053711 0.407227 0.192383
v 0.061523 0.413086 0.192383
v 0.061523 0.426758 0.188477
v 0.051758 0.432617 0.204102
v 0.061523 0.426758 0.188477
v 0.047852 0.44043 0.198242
v 0.053711 0.407227 0.192383
v 0.053711 0.399414 0.174805
v 0.045898 0.399414 0.180664
v 0.045898 0.399414 0.180664
v 0.061523 0.407227 0.157227
v 0.061523 0.407227 0.157227
v 0.057617 0.432617 0.178711
v 0.057617 0.432617 0.178711
v 0.036133 0.454102 0.196289
v 0.030273 0.444336 0.202148
v 0.038086 0.448242 0.198242
v 0.036133 0.448242 0.194336
v 0.030273 0.444336 0.202148
v 0.036133 0.448242 0.194336
v 0.036133 0.454102 0.196289
v 0.045898 0.452148 0.192383
v 0.045898 0.452148 0.192383
v 0.045898 0.459961 0.186523
v 0.045898 0.446289 0.194336
v 0.036133 0.448242 0.194336
v 0.038086 0.448242 0.198242
v 0.047852 0.44043 0.198242
v 0.043945 0.448242 0.19043
v 0.043945 0.448242 0.19043
v 0.051758 0.442383 0.188477
v 0.045898 0.452148 0.192383
v 0.047852 0.444336 0.18457
v 0.049805 0.448242 0.18457
v 0.045898 0.459961 0.186523
v 0.045898 0.452148 0.192383
v 0.049805 0.448242 0.18457
v 0.047852 0.444336 0.18457
v 0.051758 0.442383 0.188477
v 0.047852 0.44043 0.198242
v 0.057617 0.44043 0.174805
v 0.057617 0.44043 0.174805
v 0.045898 0.399414 0.180664
v 0.051758 0.391602 0.178711
v 0.05957 0.387695 0.178711
v 0.053711 0.399414 0.174805
v 0.05957 0.387695 0.178711
v 0.061523 0.407227 0.157227
v 0.053711 0.399414 0.174805
v 0.05957 0.387695 0.178711
v 0.069336 0.399414 0.15918
v 0.05957 0.387695 0.178711
v 0.071289 0.383789 0.157227
v 0.069336 0.399414 0.15918
v 0.057617 0.454102 0.15918
v 0.06543 0.411133 0.125977
v 0.075195 0.40332 0.12793
v 0.06543 0.411133 0.125977
v 0.036133 0.477539 0.174805
v 0.030273 0.477539 0.168945
v 0.02832 0.47168 0.178711
v 0.02832 0.47168 0.178711
v 0.03418 0.467773 0.182617
v 0.03418 0.473633 0.180664
v 0.03418 0.473633 0.180664
v 0.030273 0.477539 0.168945
v 0.036133 0.477539 0.174805
v 0.041992 0.475586 0.172852
v 0.041992 0.473633 0.166992
v 0.03418 0.467773 0.182617
v 0.041992 0.463867 0.178711
v 0.038086 0.47168 0.182617
v 0.03418 0.473633 0.180664
v 0.057617 0.454102 0.15918
v 0.057617 0.454102 0.15918
v 0.041992 0.463867 0.178711
v 0.047852 0.46582 0.172852
v 0.041992 0.469727 0.180664
v 0.041992 0.469727 0.180664
v 0.057617 0.44043 0.174805
v 0.049805 0.448242 0.18457
v 0.057617 0.44043 0.174805
v 0.057617 0.454102 0.15918
v 0.045898 0.47168 0.176758
v 0.041992 0.473633 0.166992
v 0.045898 0.47168 0.176758
v 0.047852 0.46582 0.172852
v 0.061523 0.454102 0.112305
v 0.045898 0.481445 0.155273
v 0.03418 0.473633 0.180664
v 0.038086 0.47168 0.182617
v 0.036133 0.477539 0.174805
v 0.041992 0.475586 0.172852
v 0.041992 0.469727 0.180664
v 0.045898 0.47168 0.176758
v 0.041992 0.475586 0.172852
v 0.047852 0.487305 0.106445
v 0.077148 0.387695 0.129883
v 0.077148 0.387695 0.129883
v 0.075195 0.40332 0.12793
v 0.06543 0.407227 0.084961
v 0.077148 0.387695 0.129883
v 0.069336 0.375977 0.129883
v 0.06543 0.407227 0.084961
v 0.06543 0.407227 0.084961
v 0.06543 0.407227 0.084961
v 0.06543 0.407227 0.084961
v 0.040039 0.290039 0.114258
v 0.077148 0.280273 0.100586
v 0.06543 0.329102 0.106445
v 0.133789 0.291992 0.09082
v 0.102539 0.333008 0.069336
v 0.131836 0.297852 0.077148
v 0.131836 0.297852 0.077148
v 0.06543 0.407227 0.084961
v 0.135742 0.397461 0.040039
v 0.147461 0.360352 0.053711
v 0.049805 0.475586 0.075195
v 0.051758 0.446289 0.049805
v 0.06543 0.407227 0.084961
v 0.135742 0.397461 0.040039
v 0.094727 0.424805 0.018555
v 0.084961 0.428711 -0.053711
v 0.024414 0.448242 -0.047852
v 0.038086 0.444336 -0.047852
v 0.075195 0.432617 0.008789
v 0.081055 0.430664 0.016602
v 0.083008 0.444336 0.008789
v 0.083008 0.444336 0.008789
v 0.079102 0.428711 0.012695
v 0.075195 0.432617 0.008789
v 0.081055 0.430664 0.016602
v 0.079102 0.428711 0.012695
v 0.086914 0.444336 0.012695
v 0.086914 0.444336 0.012695
v 0.086914 0.444336 0.012695
v 0.137695 0.399414 0.026367
v 0.106445 0.422852 -0.004883
v 0.09082 0.458008 0.010742
v 0.094727 0.458008 0.006836
v 0.083008 0.444336 0.008789
v 0.09082 0.458008 0.010742
v 0.094727 0.458008 0.006836
v 0.092773 0.458008 0.012695
v 0.094727 0.458008 0.006836
v 0.092773 0.458008 0.012695
v 0.086914 0.444336 0.012695
v 0.088867 0.47168 0.018555
v 0.094727 0.458008 0.006836
v 0.088867 0.47168 0.018555
v 0.092773 0.458008 0.012695
v 0.09082 0.458008 0.010742
v 0.088867 0.47168 0.018555
v 0.094727 0.458008 0.006836
v 0.133789 0.291992 0.09082
v 0.139648 0.291992 0.073242
v 0.131836 0.297852 0.077148
v 0.147461 0.290039 0.088867
v 0.145508 0.299805 0.071289
v 0.139648 0.291992 0.073242
v 0.139648 0.291992 0.073242
v 0.147461 0.290039 0.088867
v 0.145508 0.299805 0.071289
v 0.145508 0.299805 0.071289
v 0.155273 0.301758 0.067383
v 0.182617 0.311523 0.094727
v 0.15918 0.360352 0.049805
v 0.155273 0.301758 0.067383
v 0.151367 0.358398 0.047852
v 0.147461 0.360352 0.053711
v 0.15918 0.360352 0.049805
v 0.151367 0.358398 0.047852
v 0.155273 0.301758 0.067383
v 0.166992 0.379883 0.02832
v 0.15918 0.360352 0.049805
v 0.182617 0.311523 0.094727
v 0.182617 0.311523 0.094727
v 0.19043 0.295898 0.092773
v 0.198242 0.31543 0.083008
v 0.182617 0.311523 0.094727
v 0.198242 0.31543 0.083008
v 0.208008 0.37207 0.024414
v 0.186523 0.379883 0.030273
v 0.186523 0.379883 0.030273
v 0.166992 0.379883 0.02832
v 0.182617 0.311523 0.094727
v 0.137695 0.399414 0.026367
v 0.137695 0.399414 0.026367
v 0.137695 0.399414 0.026367
v 0.135742 0.397461 0.040039
v 0.147461 0.360352 0.053711
v 0.19043 0.295898 0.092773
v 0.194336 0.307617 0.092773
v 0.198242 0.31543 0.083008
v 0.274414 0.266602 0.104492
v 0.194336 0.307617 0.092773
v 0.19043 0.295898 0.092773
v 0.19043 0.295898 0.092773
v 0.233398 0.250977 0.116211
v 0.270508 0.250977 0.102539
v 0.270508 0.250977 0.102539
v 0.209961 0.327148 0.083008
v 0.198242 0.31543 0.083008
v 0.194336 0.307617 0.092773
v 0.272461 0.280273 0.088867
v 0.209961 0.327148 0.083008
v 0.194336 0.307617 0.092773
v 0.194336 0.307617 0.092773
v 0.274414 0.266602 0.104492
v 0.272461 0.280273 0.088867
v 0.293945 0.227539 0.112305
v 0.233398 0.250977 0.116211
v 0.293945 0.227539 0.112305
v 0.270508 0.250977 0.102539
v 0.208008 0.37207 0.024414
v 0.225586 0.34082 0.079102
v 0.286133 0.323242 0.077148
v 0.225586 0.34082 0.079102
v 0.293945 0.299805 0.081055
v 0.227539 0.37793 0.024414
v 0.286133 0.323242 0.077148
v 0.227539 0.37793 0.024414
v 0.225586 0.34082 0.079102
v 0.202148 0.393555 -0.086914
v 0.235352 0.393555 -0.053711
v 0.219727 0.389648 -0.071289
v 0.219727 0.389648 -0.071289
v 0.241211 0.37207 0.014648
v 0.22168 0.374023 0.022461
v 0.237305 0.366211 0.03418
v 0.249023 0.364258 0.03418
v 0.24707 0.366211 0.02832
v 0.24707 0.381836 0.03418
v 0.237305 0.375977 0.004883
v 0.235352 0.368164 0.020508
v 0.237305 0.370117 0.016602
v 0.235352 0.381836 0.020508
v 0.235352 0.381836 0.016602
v 0.237305 0.370117 0.016602
v 0.235352 0.368164 0.020508
v 0.235352 0.381836 0.020508
v 0.235352 0.381836 0.016602
v 0.245117 0.383789 0.030273
v 0.249023 0.374023 0.000977
v 0.254883 0.37207 0.000977
v 0.256836 0.374023 -0.006836
v 0.249023 0.375977 -0.006836
v 0.15918 0.411133 0.06543
v 0.149414 0.40918 0.051758
v 0.151367 0.407227 0.051758
v 0.151367 0.411133 0.051758
v 0.149414 0.40918 0.051758
v 0.15918 0.411133 0.06543
v 0.15918 0.411133 0.06543
v 0.151367 0.407227 0.051758
v 0.151367 0.411133 0.051758
v 0.147461 0.393555 0.026367
v 0.137695 0.399414 0.026367
v 0.147461 0.389648 0.03418
v 0.149414 0.407227 0.038086
v 0.141602 0.391602 0.03418
v 0.147461 0.401367 0.041992
v 0.147461 0.401367 0.041992
v 0.141602 0.391602 0.03418
v 0.141602 0.393555 0.02832
v 0.147461 0.401367 0.041992
v 0.149414 0.40918 0.051758
v 0.149414 0.407227 0.038086
v 0.141602 0.393555 0.02832
v 0.149414 0.407227 0.038086
v 0.157227 0.405273 0.000977
v 0.186523 0.393555 -0.043945
v 0.166992 0.379883 0.02832
v 0.186523 0.379883 0.030273
v 0.186523 0.393555 -0.043945
v 0.161133 0.420898 -0.004883
v 0.106445 0.422852 -0.004883
v 0.157227 0.405273 0.000977
v 0.186523 0.40918 -0.045898
v 0.161133 0.420898 -0.004883
v 0.157227 0.405273 0.000977
v 0.186523 0.393555 -0.043945
v 0.180664 0.381836 -0.112305
v 0.186523 0.393555 -0.043945
v 0.186523 0.379883 0.030273
v 0.202148 0.393555 -0.086914
v 0.180664 0.381836 -0.112305
v 0.186523 0.379883 0.030273
v 0.241211 0.391602 0.041992
v 0.239258 0.391602 0.041992
v 0.235352 0.401367 0.051758
v 0.235352 0.401367 0.051758
v 0.239258 0.391602 0.041992
v 0.243164 0.391602 0.043945
v 0.243164 0.391602 0.043945
v 0.24707 0.381836 0.03418
v 0.245117 0.383789 0.030273
v 0.24707 0.381836 0.03418
v 0.245117 0.383789 0.030273
v 0.241211 0.391602 0.041992
v 0.24707 0.381836 0.03418
v 0.245117 0.383789 0.030273
v 0.317383 0.350586 0.018555
v 0.301758 0.37207 -0.053711
v 0.235352 0.393555 -0.053711
v 0.227539 0.393555 0.014648
v 0.229492 0.393555 0.016602
v 0.219727 0.399414 0.022461
v 0.219727 0.399414 0.022461
v 0.229492 0.393555 0.016602
v 0.231445 0.395508 0.012695
v 0.231445 0.395508 0.012695
v 0.227539 0.393555 0.014648
v 0.219727 0.399414 0.022461
v 0.229492 0.393555 0.016602
v 0.227539 0.393555 0.014648
v 0.235352 0.381836 0.016602
v 0.235352 0.381836 0.020508
v 0.229492 0.393555 0.016602
v 0.235352 0.381836 0.016602
v 0.231445 0.395508 0.012695
v 0.321289 0.06543 0.022461
v 0.30957 0.084961 0.041992
v 0.319336 0.083008 0.032227
v 0.323242 0.104492 0.036133
v 0.321289 0.06543 0.022461
v 0.30957 0.084961 0.041992
v 0.323242 0.104492 0.036133
v 0.321289 0.124023 0.038086
v 0.323242 0.055664 0.043945
v 0.31543 0.063477 0.041992
v 0.317383 0.063477 0.040039
v 0.319336 0.063477 0.041992
v 0.31543 0.063477 0.041992
v 0.323242 0.055664 0.043945
v 0.323242 0.055664 0.043945
v 0.317383 0.063477 0.040039
v 0.319336 0.063477 0.041992
v 0.331055 0.045898 0.00293
v 0.31543 0.032227 0.014648
v 0.331055 0.045898 0.00293
v 0.280273 0.045898 -0.03418
v 0.260742 0.026367 -0.032227
v 0.260742 0.026367 -0.032227
v 0.331055 0.045898 0.00293
v 0.364258 0.09668 -0.000977
v 0.331055 0.045898 0.00293
v 0.34082 0.045898 0.026367
v 0.374023 0.094727 0.016602
v 0.374023 0.094727 0.016602
v 0.334961 0.077148 0.016602
v 0.321289 0.06543 0.022461
v 0.331055 0.045898 0.00293
v 0.364258 0.09668 -0.000977
v 0.31543 0.069336 0.03418
v 0.31543 0.063477 0.041992
v 0.319336 0.063477 0.041992
v 0.31543 0.069336 0.03418
v 0.317383 0.069336 0.032227
v 0.319336 0.063477 0.041992
v 0.317383 0.063477 0.040039
v 0.317383 0.069336 0.032227
v 0.317383 0.069336 0.032227
v 0.319336 0.073242 0.024414
v 0.317383 0.075195 0.026367
v 0.317383 0.075195 0.026367
v 0.317383 0.075195 0.026367
v 0.319336 0.073242 0.024414
v 0.317383 0.069336 0.032227
v 0.327148 0.110352 0.02832
v 0.323242 0.104492 0.036133
v 0.319336 0.083008 0.032227
v 0.319336 0.083008 0.032227
v 0.321289 0.06543 0.022461
v 0.325195 0.077148 0.016602
v 0.319336 0.083008 0.032227
v 0.325195 0.077148 0.016602
v 0.323242 0.088867 0.026367
v 0.327148 0.110352 0.02832
v 0.321289 0.124023 0.038086
v 0.321289 0.124023 0.038086
v 0.327148 0.110352 0.02832
v 0.336914 0.114258 0.030273
v 0.336914 0.114258 0.030273
v 0.354492 0.129883 0.020508
v 0.327148 0.174805 0.02832
v 0.342773 0.151367 0.024414
v 0.334961 0.077148 0.016602
v 0.325195 0.077148 0.016602
v 0.321289 0.06543 0.022461
v 0.331055 0.092773 0.02832
v 0.323242 0.088867 0.026367
v 0.331055 0.092773 0.02832
v 0.327148 0.110352 0.02832
v 0.336914 0.114258 0.030273
v 0.327148 0.110352 0.02832
v 0.331055 0.092773 0.02832
v 0.336914 0.114258 0.030273
v 0.354492 0.129883 0.020508
v 0.374023 0.094727 0.016602
v 0.401367 0.071289 0.02832
v 0.393555 0.114258 -0.008789
v 0.393555 0.114258 -0.008789
v 0.327148 0.174805 0.02832
v 0.293945 0.227539 0.112305
v 0.290039 0.192383 0.084961
v 0.352539 0.229492 0.067383
v 0.293945 0.227539 0.112305
v 0.352539 0.229492 0.067383
v 0.317383 0.25293 0.073242
v 0.270508 0.250977 0.102539
v 0.342773 0.186523 0.036133
v 0.327148 0.174805 0.02832
v 0.352539 0.229492 0.067383
v 0.342773 0.186523 0.036133
v 0.37793 0.266602 -0.024414
v 0.356445 0.282227 -0.014648
v 0.37793 0.266602 -0.024414
v 0.342773 0.186523 0.036133
v 0.327148 0.174805 0.02832
v 0.354492 0.209961 -0.051758
v 0.368164 0.21582 -0.047852
v 0.368164 0.21582 -0.047852
v 0.348633 0.163086 0.008789
v 0.327148 0.174805 0.02832
v 0.342773 0.151367 0.024414
v 0.342773 0.151367 0.024414
v 0.354492 0.129883 0.020508
v 0.360352 0.145508 0.004883
v 0.348633 0.149414 0.004883
v 0.342773 0.151367 0.024414
v 0.348633 0.149414 0.004883
v 0.348633 0.163086 0.008789
v 0.344727 0.186523 -0.010742
v 0.354492 0.209961 -0.051758
v 0.375977 0.12793 -0.032227
v 0.360352 0.145508 0.004883
v 0.354492 0.129883 0.020508
v 0.364258 0.09668 -0.000977
v 0.366211 0.155273 -0.010742
v 0.356445 0.161133 -0.014648
v 0.356445 0.161133 -0.014648
v 0.366211 0.155273 -0.010742
v 0.348633 0.163086 0.008789
v 0.356445 0.161133 -0.014648
v 0.360352 0.174805 -0.016602
v 0.360352 0.174805 -0.016602
v 0.401367 0.071289 0.02832
v 0.44043 0.049805 0.008789
v 0.430664 0.098633 -0.018555
v 0.40332 0.112305 -0.006836
v 0.393555 0.114258 -0.008789
v 0.401367 0.071289 0.02832
v 0.40918 0.106445 -0.006836
v 0.40332 0.112305 -0.006836
v 0.422852 0.100586 -0.012695
v 0.442383 0.02832 0.004883
v 0.456055 0.010742 0.010742
v 0.458008 0.045898 -0.032227
v 0.452148 0.051758 -0.032227
v 0.44043 0.049805 0.008789
v 0.442383 0.02832 0.004883
v 0.452148 0.051758 -0.032227
v 0.467773 -0.032227 -0.010742
v 0.469727 -0.032227 -0.018555
v 0.475586 0.012695 -0.032227
v 0.475586 0.012695 -0.032227
v 0.438477 0.092773 -0.024414
v 0.452148 0.051758 -0.032227
v 0.456055 0.057617 -0.030273
v 0.44043 0.049805 0.008789
v 0.456055 0.057617 -0.030273
v 0.317383 0.268555 0.077148
v 0.274414 0.266602 0.104492
v 0.270508 0.250977 0.102539
v 0.317383 0.25293 0.073242
v 0.295898 0.27832 0.079102
v 0.317383 0.268555 0.077148
v 0.295898 0.27832 0.079102
v 0.336914 0.305664 -0.000977
v 0.293945 0.299805 0.081055
v 0.295898 0.27832 0.079102
v 0.336914 0.305664 -0.000977
v 0.334961 0.327148 0.010742
v 0.293945 0.299805 0.081055
v 0.336914 0.305664 -0.000977
v 0.334961 0.327148 0.010742
v 0.293945 0.299805 0.081055
v 0.297852 0.334961 0.055664
v 0.290039 0.338867 0.053711
v 0.268555 0.329102 0.077148
v 0.286133 0.350586 0.071289
v 0.291992 0.348633 0.063477
v 0.293945 0.348633 0.06543
v 0.295898 0.350586 0.06543
v 0.291992 0.348633 0.063477
v 0.286133 0.350586 0.071289
v 0.286133 0.350586 0.071289
v 0.293945 0.348633 0.06543
v 0.295898 0.350586 0.06543
v 0.293945 0.342773 0.057617
v 0.291992 0.344727 0.055664
v 0.291992 0.344727 0.055664
v 0.293945 0.342773 0.057617
v 0.291992 0.348633 0.063477
v 0.293945 0.342773 0.057617
v 0.295898 0.350586 0.06543
v 0.293945 0.342773 0.057617
v 0.291992 0.344727 0.055664
v 0.276367 0.348633 0.043945
v 0.286133 0.34668 0.041992
v 0.288086 0.352539 0.032227
v 0.282227 0.352539 0.032227
v 0.27832 0.374023 0.032227
v 0.280273 0.366211 0.036133
v 0.280273 0.366211 0.038086
v 0.28418 0.358398 0.038086
v 0.280273 0.366211 0.036133
v 0.280273 0.366211 0.038086
v 0.28418 0.358398 0.03418
v 0.28418 0.358398 0.038086
v 0.28418 0.358398 0.03418
v 0.291992 0.336914 0.051758
v 0.293945 0.334961 0.053711
v 0.293945 0.342773 0.057617
v 0.293945 0.334961 0.053711
v 0.291992 0.344727 0.055664
v 0.291992 0.336914 0.051758
v 0.303711 0.338867 0.045898
v 0.286133 0.350586 0.036133
v 0.28418 0.358398 0.038086
v 0.28418 0.352539 0.03418
v 0.286133 0.350586 0.036133
v 0.28418 0.352539 0.03418
v 0.28418 0.352539 0.03418
v 0.356445 0.297852 -0.006836
v 0.317383 0.268555 0.077148
v 0.317383 0.25293 0.073242
v 0.356445 0.282227 -0.014648
v 0.356445 0.297852 -0.006836
v 0.307617 0.360352 -0.075195
v 0.301758 0.37207 -0.053711
v 0.334961 0.327148 0.010742
v 0.336914 0.305664 -0.000977
v 0.114258 -0.49707 -0.110352
v 0.114258 -0.49707 -0.110352
v 0.243164 -0.49707 -0.094727
v 0.106445 -0.479492 -0.112305
v 0.110352 -0.43457 -0.092773
v 0.131836 -0.495117 -0.147461
v 0.131836 -0.430664 -0.135742
v 0.125977 -0.477539 -0.151367
v 0.21582 -0.49707 -0.143555
v 0.131836 -0.495117 -0.147461
v 0.110352 -0.43457 -0.092773
v 0.125977 -0.413086 -0.137695
v 0.116211 -0.368164 -0.106445
v 0.092773 -0.311523 -0.094727
v 0.092773 -0.264648 -0.073242
v 0.092773 -0.264648 -0.073242
v 0.112305 -0.24707 -0.043945
v 0.092773 -0.256836 -0.018555
v 0.047852 -0.137695 -0.094727
v 0.06543 -0.243164 -0.000977
v 0.022461 -0.147461 -0.022461
v 0.092773 -0.256836 -0.018555
v 0.092773 -0.256836 -0.018555
v 0.047852 -0.137695 -0.094727
v 0.112305 -0.24707 -0.043945
v 0.116211 -0.368164 -0.106445
v 0.092773 -0.311523 -0.094727
v 0.180664 -0.290039 -0.116211
v 0.188477 -0.352539 -0.124023
v 0.116211 -0.368164 -0.106445
v 0.188477 -0.352539 -0.124023
v 0.125977 -0.413086 -0.137695
v 0.172852 -0.245117 -0.092773
v 0.092773 -0.264648 -0.073242
v 0.172852 -0.245117 -0.092773
v 0.258789 -0.428711 -0.041992
v 0.258789 -0.44043 -0.053711
v 0.258789 -0.44043 -0.053711
v 0.258789 -0.428711 -0.041992
v 0.245117 -0.444336 -0.092773
v 0.249023 -0.479492 -0.09668
v 0.223633 -0.438477 -0.133789
v 0.258789 -0.44043 -0.053711
v 0.245117 -0.444336 -0.092773
v 0.223633 -0.438477 -0.133789
v 0.249023 -0.418945 -0.135742
v 0.262695 -0.428711 -0.083008
v 0.258789 -0.44043 -0.053711
v 0.21582 -0.49707 -0.143555
v 0.243164 -0.49707 -0.094727
v 0.270508 -0.491211 -0.041992
v 0.22168 -0.479492 -0.149414
v 0.235352 -0.299805 -0.094727
v 0.180664 -0.290039 -0.116211
v 0.219727 -0.241211 -0.069336
v 0.172852 -0.245117 -0.092773
v 0.235352 -0.329102 -0.079102
v 0.24707 -0.338867 -0.049805
v 0.245117 -0.358398 -0.038086
v 0.250977 -0.317383 -0.053711
v 0.229492 -0.358398 -0.102539
v 0.262695 -0.428711 -0.083008
v 0.245117 -0.358398 -0.038086
v 0.258789 -0.428711 -0.041992
v 0.266602 -0.422852 -0.053711
v 0.266602 -0.422852 -0.053711
v 0.264648 -0.344727 -0.043945
v 0.260742 -0.344727 -0.041992
v 0.24707 -0.333008 -0.041992
v 0.24707 -0.333008 -0.041992
v 0.260742 -0.344727 -0.041992
v 0.250977 -0.333008 -0.03418
v 0.250977 -0.327148 -0.043945
v 0.245117 -0.323242 -0.057617
v 0.243164 -0.325195 -0.061523
v 0.254883 -0.331055 -0.06543
v 0.254883 -0.331055 -0.06543
v 0.243164 -0.319336 -0.05957
v 0.245117 -0.323242 -0.057617
v 0.243164 -0.325195 -0.061523
v 0.243164 -0.319336 -0.05957
v 0.250977 -0.331055 -0.06543
v 0.243164 -0.325195 -0.061523
v 0.250977 -0.331055 -0.06543
v 0.254883 -0.331055 -0.06543
v 0.254883 -0.331055 -0.06543
v 0.250977 -0.331055 -0.06543
v 0.243164 -0.319336 -0.05957
v 0.235352 -0.299805 -0.094727
v 0.219727 -0.241211 -0.069336
v 0.219727 -0.241211 -0.069336
v 0.229492 -0.358398 -0.102539
v 0.249023 -0.418945 -0.135742
v 0.19043 -0.413086 -0.157227
v 0.24707 -0.313477 -0.063477
v 0.249023 -0.418945 -0.135742
v 0.202148 -0.270508 -0.110352
v 0.202148 -0.276367 -0.09082
v 0.204102 -0.282227 -0.092773
v 0.204102 -0.282227 -0.092773
v 0.202148 -0.276367 -0.09082
v 0.204102 -0.276367 -0.110352
v 0.204102 -0.276367 -0.110352
v 0.219727 -0.280273 -0.098633
v 0.213867 -0.28418 -0.088867
v 0.209961 -0.282227 -0.09082
v 0.209961 -0.282227 -0.09082
v 0.211914 -0.280273 -0.088867
v 0.217773 -0.276367 -0.098633
v 0.209961 -0.282227 -0.09082
v 0.217773 -0.276367 -0.098633
v 0.219727 -0.280273 -0.098633
v 0.219727 -0.280273 -0.098633
v 0.211914 -0.280273 -0.088867
v 0.213867 -0.28418 -0.088867
v 0.202148 -0.270508 -0.110352
v 0.194336 -0.264648 -0.09082
v 0.209961 -0.27832 -0.088867
v 0.202148 -0.291992 -0.108398
v 0.231445 -0.288086 -0.088867
v 0.225586 -0.270508 -0.081055
v 0.217773 -0.276367 -0.098633
v 0.202148 -0.270508 -0.110352
v 0.198242 -0.27832 -0.124023
v 0.204102 -0.276367 -0.110352
v 0.200195 -0.276367 -0.125977
v 0.198242 -0.27832 -0.124023
v 0.202148 -0.270508 -0.110352
v 0.200195 -0.276367 -0.125977
v 0.198242 -0.27832 -0.124023
v 0.202148 -0.280273 -0.124023
v 0.204102 -0.276367 -0.110352
v 0.200195 -0.28418 -0.139648
v 0.200195 -0.28418 -0.139648
v 0.202148 -0.280273 -0.124023
v 0.200195 -0.28418 -0.139648
v 0.225586 -0.27832 -0.108398
v 0.219727 -0.280273 -0.098633
v 0.217773 -0.276367 -0.098633
v 0.227539 -0.280273 -0.106445
v 0.227539 -0.274414 -0.108398
v 0.217773 -0.276367 -0.098633
v 0.227539 -0.280273 -0.106445
v 0.227539 -0.274414 -0.108398
v 0.227539 -0.280273 -0.106445
v 0.225586 -0.27832 -0.108398
v 0.229492 -0.288086 -0.116211
v 0.229492 -0.288086 -0.116211
v 0.225586 -0.27832 -0.108398
v 0.227539 -0.274414 -0.108398
v 0.227539 -0.274414 -0.108398
v 0.227539 -0.280273 -0.106445
v 0.229492 -0.288086 -0.116211
v 0.219727 -0.280273 -0.098633
v 0.225586 -0.27832 -0.108398
v 0.227539 -0.280273 -0.106445
v 0.131836 -0.495117 -0.147461
v 0.125977 -0.477539 -0.151367
v 0.182617 -0.495117 -0.163086
v 0.182617 -0.495117 -0.163086
v 0.18457 -0.477539 -0.170898
v 0.186523 -0.430664 -0.15332
v 0.131836 -0.430664 -0.135742
v 0.182617 -0.495117 -0.163086
v 0.18457 -0.477539 -0.170898
v 0.22168 -0.479492 -0.149414
v 0.21582 -0.49707 -0.143555
v 0.18457 -0.477539 -0.170898
v 0.186523 -0.430664 -0.15332
v 0.22168 -0.479492 -0.149414
v 0.125977 -0.413086 -0.137695
v 0.19043 -0.413086 -0.157227
v 0.223633 -0.438477 -0.133789
v 0.223633 -0.438477 -0.133789
v 0.249023 -0.418945 -0.135742
v 0.045898 -0.12207 -0.09082
v 0.161133 -0.233398 -0.057617
v 0.045898 -0.12207 -0.09082
v 0.102539 -0.086914 -0.120117
v 0.161133 -0.233398 -0.057617
v 0.088867 -0.077148 -0.114258
v 0.088867 -0.077148 -0.114258
v 0.165039 -0.045898 -0.084961
v 0.102539 -0.086914 -0.120117
v 0.088867 -0.077148 -0.114258
v 0.094727 -0.051758 -0.131836
v 0.15332 -0.024414 -0.071289
v 0.15332 -0.024414 -0.071289
v 0.165039 -0.045898 -0.084961
v 0.094727 -0.051758 -0.131836
v 0.088867 0.016602 -0.12793
v 0.192383 -0.227539 -0.040039
v 0.161133 -0.233398 -0.057617
v 0.161133 -0.233398 -0.057617
v 0.211914 -0.202148 -0.030273
v 0.192383 -0.227539 -0.040039
v 0.204102 -0.155273 -0.053711
v 0.211914 -0.202148 -0.030273
v 0.161133 -0.233398 -0.057617
v 0.204102 -0.155273 -0.053711
v 0.165039 -0.045898 -0.084961
v 0.15332 -0.024414 -0.071289
v 0.266602 -0.422852 -0.053711
v 0.258789 -0.44043 -0.053711
v 0.264648 -0.375977 -0.040039
v 0.262695 -0.360352 -0.041992
v 0.262695 -0.360352 -0.045898
v 0.266602 -0.358398 -0.043945
v 0.262695 -0.360352 -0.041992
v 0.264648 -0.375977 -0.040039
v 0.264648 -0.375977 -0.040039
v 0.262695 -0.360352 -0.045898
v 0.266602 -0.358398 -0.043945
v 0.260742 -0.344727 -0.041992
v 0.260742 -0.344727 -0.041992
v 0.264648 -0.344727 -0.043945
v 0.250977 -0.333008 -0.03418
v 0.250977 -0.327148 -0.043945
v 0.250977 -0.333008 -0.03418
v 0.264648 -0.344727 -0.043945
v 0.258789 -0.34082 -0.071289
v 0.256836 -0.338867 -0.073242
v 0.25293 -0.350586 -0.079102
v 0.25293 -0.350586 -0.079102
v 0.256836 -0.338867 -0.073242
v 0.262695 -0.338867 -0.073242
v 0.262695 -0.338867 -0.073242
v 0.258789 -0.34082 -0.071289
v 0.25293 -0.350586 -0.079102
v 0.258789 -0.34082 -0.071289
v 0.254883 -0.331055 -0.06543
v 0.250977 -0.331055 -0.06543
v 0.250977 -0.331055 -0.06543
v 0.256836 -0.338867 -0.073242
v 0.258789 -0.34082 -0.071289
v 0.254883 -0.331055 -0.06543
v 0.385742 -0.338867 -0.024414
v 0.37793 -0.323242 -0.030273
v 0.385742 -0.336914 -0.038086
v 0.383789 -0.311523 -0.020508
v 0.37793 -0.323242 -0.030273
v 0.385742 -0.338867 -0.024414
v 0.385742 -0.338867 -0.024414
v 0.385742 -0.336914 -0.038086
v 0.395508 -0.336914 -0.049805
v 0.385742 -0.338867 -0.024414
v 0.395508 -0.336914 -0.049805
v 0.428711 -0.331055 -0.038086
v 0.420898 -0.334961 -0.010742
v 0.420898 -0.334961 -0.010742
v 0.383789 -0.321289 -0.045898
v 0.383789 -0.311523 -0.020508
v 0.383789 -0.321289 -0.045898
v 0.37793 -0.323242 -0.030273
v 0.385742 -0.336914 -0.038086
v 0.383789 -0.321289 -0.045898
v 0.395508 -0.336914 -0.049805
v 0.393555 -0.30957 -0.045898
v 0.393555 -0.30957 -0.045898
v 0.428711 -0.331055 -0.038086
v 0.450195 -0.313477 -0.02832
v 0.411133 -0.305664 -0.010742
v 0.442383 -0.317383 -0.000977
v 0.420898 -0.301758 -0.036133
v 0.438477 -0.297852 -0.036133
v 0.450195 -0.313477 -0.02832
v 0.411133 -0.305664 -0.010742
v 0.420898 -0.301758 -0.036133
v 0.428711 -0.288086 -0.03418
v 0.438477 -0.250977 -0.030273
v 0.450195 -0.313477 -0.02832
v 0.458008 -0.301758 -0.02832
v 0.467773 -0.256836 -0.020508
v 0.467773 -0.249023 -0.02832
v 0.467773 -0.256836 -0.020508
v 0.438477 -0.250977 -0.030273
v 0.438477 -0.250977 -0.030273
v 0.389648 -0.166992 -0.047852
v 0.428711 -0.15918 -0.053711
v 0.467773 -0.249023 -0.02832
v 0.47168 -0.233398 -0.016602
v 0.483398 -0.24707 -0.008789
v 0.47168 -0.250977 -0.014648
v 0.389648 -0.166992 -0.047852
v 0.262695 -0.043945 -0.09082
v 0.262695 -0.043945 -0.09082
v 0.323242 -0.049805 -0.163086
v 0.375977 -0.161133 -0.067383
v 0.256836 0.020508 -0.098633
v 0.260742 0.026367 -0.032227
v 0.303711 0.03418 -0.172852
v 0.323242 -0.049805 -0.163086
v 0.399414 -0.030273 -0.166992
v 0.375977 -0.161133 -0.067383
v 0.323242 -0.049805 -0.163086
v 0.368164 0.05957 -0.176758
v 0.303711 0.03418 -0.172852
v 0.426758 -0.151367 -0.075195
v 0.428711 -0.15918 -0.053711
v 0.389648 -0.166992 -0.047852
v 0.375977 -0.161133 -0.067383
v 0.459961 -0.125977 -0.055664
v 0.456055 -0.131836 -0.03418
v 0.467773 -0.249023 -0.02832
v 0.428711 -0.15918 -0.053711
v 0.456055 -0.131836 -0.03418
v 0.426758 -0.151367 -0.075195
v 0.459961 -0.022461 -0.108398
v 0.399414 -0.030273 -0.166992
v 0.485352 -0.237305 -0.010742
v 0.485352 -0.237305 -0.010742
v 0.485352 -0.237305 -0.010742
v 0.47168 -0.233398 -0.016602
v 0.473633 -0.223633 -0.004883
v 0.485352 -0.229492 -0.00293
v 0.467773 -0.12793 -0.014648
v 0.456055 -0.131836 -0.03418
v 0.46582 -0.061523 -0.057617
v 0.46582 -0.061523 -0.057617
v 0.459961 -0.125977 -0.055664
v 0.463867 -0.057617 -0.071289
v 0.458008 -0.030273 -0.084961
v 0.459961 -0.022461 -0.108398
v 0.463867 -0.069336 -0.03418
v 0.461914 -0.06543 -0.043945
v 0.481445 -0.075195 -0.038086
v 0.463867 -0.069336 -0.03418
v 0.481445 -0.075195 -0.038086
v 0.485352 -0.071289 -0.036133
v 0.463867 -0.069336 -0.03418
v 0.485352 -0.071289 -0.036133
v 0.46582 -0.05957 -0.043945
v 0.485352 -0.071289 -0.036133
v 0.481445 -0.075195 -0.038086
v 0.461914 -0.06543 -0.043945
v 0.46582 -0.05957 -0.043945
v 0.467773 -0.045898 -0.051758
v 0.469727 -0.041992 -0.018555
v 0.489258 -0.086914 -0.030273
v 0.485352 -0.088867 -0.030273
v 0.491211 -0.106445 -0.026367
v 0.491211 -0.106445 -0.026367
v 0.485352 -0.088867 -0.030273
v 0.485352 -0.09082 -0.032227
v 0.485352 -0.09082 -0.032227
v 0.489258 -0.086914 -0.030273
v 0.491211 -0.106445 -0.026367
v 0.485352 -0.071289 -0.036133
v 0.481445 -0.075195 -0.038086
v 0.485352 -0.071289 -0.036133
v 0.481445 -0.075195 -0.038086
v 0.485352 -0.088867 -0.030273
v 0.477539 -0.041992 -0.008789
v 0.467773 -0.040039 -0.012695
v 0.467773 -0.043945 -0.012695
v 0.467773 -0.043945 -0.012695
v 0.467773 -0.040039 -0.014648
v 0.477539 -0.045898 -0.010742
v 0.477539 -0.045898 -0.010742
v 0.477539 -0.041992 -0.008789
v 0.467773 -0.040039 -0.014648
v 0.467773 -0.040039 -0.012695
v 0.477539 -0.041992 -0.008789
v 0.477539 -0.045898 -0.010742
v 0.467773 -0.040039 -0.014648
v 0.479492 -0.05957 -0.061523
v 0.46582 -0.057617 -0.057617
v 0.46582 -0.055664 -0.053711
v 0.46582 -0.055664 -0.053711
v 0.46582 -0.057617 -0.057617
v 0.481445 -0.05957 -0.057617
v 0.481445 -0.05957 -0.057617
v 0.479492 -0.05957 -0.061523
v 0.46582 -0.055664 -0.053711
v 0.46582 -0.043945 -0.06543
v 0.479492 -0.05957 -0.061523
v 0.467773 -0.045898 -0.051758
v 0.46582 -0.043945 -0.06543
v 0.473633 -0.03418 -0.06543
v 0.473633 -0.03418 -0.06543
v 0.485352 -0.049805 -0.006836
v 0.487305 -0.047852 -0.006836
v 0.485352 -0.049805 -0.008789
v 0.485352 -0.049805 -0.006836
v 0.477539 -0.045898 -0.010742
v 0.485352 -0.049805 -0.008789
v 0.477539 -0.041992 -0.008789
v 0.485352 -0.049805 -0.006836
v 0.487305 -0.047852 -0.006836
v 0.487305 -0.061523 -0.006836
v 0.487305 -0.061523 -0.006836
v 0.485352 -0.049805 -0.006836
v 0.485352 -0.049805 -0.008789
v 0.485352 -0.049805 -0.008789
v 0.487305 -0.047852 -0.006836
v 0.487305 -0.061523 -0.006836
v 0.491211 -0.067383 -0.06543
v 0.495117 -0.061523 -0.06543
v 0.491211 -0.06543 -0.067383
v 0.491211 -0.067383 -0.06543
v 0.479492 -0.05957 -0.061523
v 0.495117 -0.061523 -0.06543
v 0.491211 -0.06543 -0.067383
v 0.479492 -0.05957 -0.061523
v 0.481445 -0.05957 -0.057617
v 0.491211 -0.067383 -0.06543
v 0.495117 -0.061523 -0.06543
v 0.495117 -0.081055 -0.073242
v 0.491211 -0.067383 -0.06543
v 0.491211 -0.06543 -0.067383
v 0.495117 -0.081055 -0.073242
v 0.495117 -0.081055 -0.073242
v 0.458008 -0.030273 -0.084961
v 0.458008 0.004883 -0.06543
v 0.399414 -0.030273 -0.166992
v 0.444336 0.063477 -0.125977
v 0.467773 0.038086 -0.061523
v 0.399414 -0.030273 -0.166992
v 0.368164 0.05957 -0.176758
v 0.40918 0.100586 -0.139648
v 0.444336 0.063477 -0.125977
v 0.135742 0.073242 -0.100586
v 0.141602 0.022461 -0.061523
v 0.135742 0.073242 -0.100586
v 0.141602 0.022461 -0.061523
v 0.079102 0.024414 -0.112305
v 0.012695 0.133789 -0.178711
v 0.083008 0.088867 -0.147461
v 0.077148 0.073242 -0.120117
v 0.149414 0.086914 -0.125977
v 0.135742 0.073242 -0.100586
v 0.155273 0.014648 -0.071289
v 0.083008 0.088867 -0.147461
v 0.083008 0.133789 -0.180664
v 0.083008 0.133789 -0.180664
v 0.079102 0.229492 -0.202148
v 0.079102 0.327148 -0.182617
v 0.012695 0.327148 -0.188477
v 0.073242 0.223633 -0.200195
v 0.086914 0.204102 -0.19043
v 0.057617 0.209961 -0.196289
v 0.067383 0.229492 -0.202148
v 0.075195 0.202148 -0.217773
v 0.071289 0.202148 -0.213867
v 0.05957 0.194336 -0.219727
v 0.05957 0.194336 -0.219727
v 0.071289 0.202148 -0.213867
v 0.069336 0.204102 -0.21582
v 0.069336 0.204102 -0.21582
v 0.075195 0.202148 -0.217773
v 0.05957 0.194336 -0.219727
v 0.172852 0.229492 -0.176758
v 0.163086 0.131836 -0.15918
v 0.163086 0.131836 -0.15918
v 0.083008 0.176758 -0.200195
v 0.084961 0.186523 -0.196289
v 0.083008 0.188477 -0.198242
v 0.084961 0.188477 -0.198242
v 0.084961 0.186523 -0.196289
v 0.083008 0.176758 -0.200195
v 0.083008 0.176758 -0.200195
v 0.083008 0.188477 -0.198242
v 0.084961 0.188477 -0.198242
v 0.081055 0.198242 -0.198242
v 0.084961 0.198242 -0.200195
v 0.084961 0.198242 -0.200195
v 0.081055 0.198242 -0.198242
v 0.084961 0.186523 -0.196289
v 0.071289 0.213867 -0.208008
v 0.071289 0.209961 -0.206055
v 0.069336 0.21582 -0.196289
v 0.069336 0.21582 -0.196289
v 0.071289 0.209961 -0.206055
v 0.069336 0.219727 -0.198242
v 0.069336 0.219727 -0.198242
v 0.071289 0.209961 -0.206055
v 0.071289 0.209961 -0.206055
v 0.071289 0.213867 -0.208008
v 0.071289 0.213867 -0.208008
v 0.075195 0.202148 -0.217773
v 0.069336 0.204102 -0.21582
v 0.081055 0.198242 -0.198242
v 0.084961 0.198242 -0.200195
v 0.081055 0.198242 -0.198242
v 0.084961 0.198242 -0.200195
v 0.079102 0.206055 -0.192383
v 0.079102 0.209961 -0.194336
v 0.081055 0.198242 -0.198242
v 0.079102 0.206055 -0.192383
v 0.079102 0.209961 -0.194336
v 0.081055 0.209961 -0.194336
v 0.084961 0.198242 -0.200195
v 0.079102 0.209961 -0.194336
v 0.081055 0.209961 -0.194336
v 0.157227 0.323242 -0.15918
v 0.172852 0.229492 -0.176758
v 0.079102 0.229492 -0.202148
v 0.079102 0.327148 -0.182617
v 0.135742 0.073242 -0.100586
v 0.161133 0.086914 -0.051758
v 0.149414 0.071289 -0.053711
v 0.180664 0.139648 -0.008789
v 0.168945 0.12793 -0.000977
v 0.174805 0.120117 -0.00293
v 0.161133 0.086914 -0.051758
v 0.15918 0.106445 -0.12207
v 0.186523 0.12793 -0.12207
v 0.149414 0.086914 -0.125977
v 0.15918 0.106445 -0.12207
v 0.161133 0.086914 -0.051758
v 0.186523 0.12793 -0.12207
v 0.165039 0.061523 -0.102539
v 0.163086 0.061523 -0.106445
v 0.165039 0.041992 -0.100586
v 0.165039 0.041992 -0.100586
v 0.163086 0.061523 -0.106445
v 0.166992 0.061523 -0.106445
v 0.166992 0.061523 -0.106445
v 0.165039 0.061523 -0.102539
v 0.165039 0.041992 -0.100586
v 0.161133 0.077148 -0.112305
v 0.161133 0.077148 -0.112305
v 0.166992 0.079102 -0.114258
v 0.166992 0.079102 -0.114258
v 0.161133 0.077148 -0.112305
v 0.165039 0.061523 -0.102539
v 0.166992 0.079102 -0.114258
v 0.139648 0.094727 -0.12207
v 0.135742 0.081055 -0.131836
v 0.139648 0.081055 -0.135742
v 0.125977 0.100586 -0.133789
v 0.135742 0.081055 -0.131836
v 0.139648 0.094727 -0.12207
v 0.139648 0.094727 -0.12207
v 0.139648 0.081055 -0.135742
v 0.141602 0.098633 -0.12793
v 0.149414 0.09668 -0.106445
v 0.155273 0.100586 -0.110352
v 0.149414 0.09668 -0.106445
v 0.161133 0.077148 -0.112305
v 0.157227 0.094727 -0.094727
v 0.157227 0.094727 -0.094727
v 0.166992 0.079102 -0.114258
v 0.155273 0.100586 -0.110352
v 0.147461 0.104492 -0.12793
v 0.15332 0.092773 -0.137695
v 0.15332 0.106445 -0.124023
v 0.15332 0.106445 -0.124023
v 0.15332 0.092773 -0.137695
v 0.15918 0.09082 -0.133789
v 0.15918 0.09082 -0.133789
v 0.15332 0.110352 -0.137695
v 0.15332 0.106445 -0.124023
v 0.161133 0.077148 -0.112305
v 0.166992 0.079102 -0.114258
v 0.157227 0.094727 -0.094727
v 0.163086 0.131836 -0.15918
v 0.163086 0.131836 -0.15918
v 0.237305 0.086914 -0.086914
v 0.276367 0.049805 -0.092773
v 0.268555 0.116211 -0.166992
v 0.276367 0.049805 -0.092773
v 0.209961 0.229492 -0.141602
v 0.186523 0.12793 -0.12207
v 0.163086 0.131836 -0.15918
v 0.172852 0.229492 -0.176758
v 0.186523 0.12793 -0.12207
v 0.172852 0.229492 -0.176758
v 0.209961 0.229492 -0.141602
v 0.209961 0.229492 -0.141602
v 0.229492 0.204102 -0.145508
v 0.143555 0.06543 -0.129883
v 0.139648 0.06543 -0.129883
v 0.135742 0.049805 -0.129883
v 0.135742 0.049805 -0.129883
v 0.139648 0.06543 -0.129883
v 0.141602 0.06543 -0.133789
v 0.141602 0.06543 -0.133789
v 0.143555 0.06543 -0.129883
v 0.135742 0.049805 -0.129883
v 0.135742 0.081055 -0.131836
v 0.135742 0.081055 -0.131836
v 0.143555 0.06543 -0.129883
v 0.139648 0.081055 -0.135742
v 0.135742 0.081055 -0.131836
v 0.135742 0.081055 -0.131836
v 0.139648 0.081055 -0.135742
v 0.141602 0.06543 -0.133789
v 0.125977 0.100586 -0.133789
v 0.139648 0.081055 -0.135742
v 0.139648 0.081055 -0.135742
v 0.125977 0.100586 -0.133789
v 0.141602 0.098633 -0.12793
v 0.15332 0.092773 -0.137695
v 0.147461 0.104492 -0.12793
v 0.15332 0.110352 -0.137695
v 0.15332 0.092773 -0.137695
v 0.15332 0.110352 -0.137695
v 0.15918 0.09082 -0.133789
v 0.163086 0.079102 -0.139648
v 0.161133 0.077148 -0.137695
v 0.15332 0.092773 -0.137695
v 0.161133 0.077148 -0.137695
v 0.163086 0.079102 -0.139648
v 0.161133 0.077148 -0.137695
v 0.163086 0.079102 -0.139648
v 0.163086 0.071289 -0.141602
v 0.166992 0.079102 -0.135742
v 0.163086 0.071289 -0.141602
v 0.166992 0.079102 -0.135742
v 0.163086 0.079102 -0.139648
v 0.166992 0.079102 -0.135742
v 0.163086 0.071289 -0.141602
v 0.176758 0.321289 -0.139648
v 0.209961 0.229492 -0.141602
v 0.307617 0.239258 -0.131836
v 0.229492 0.204102 -0.145508
v 0.209961 0.229492 -0.141602
v 0.176758 0.321289 -0.139648
v 0.241211 0.272461 -0.145508
v 0.268555 0.116211 -0.166992
v 0.008789 0.450195 -0.049805
v 0.024414 0.448242 -0.047852
v 0.012695 0.438477 -0.073242
v 0.012695 0.413086 -0.125977
v 0.03418 0.44043 -0.061523
v 0.026367 0.44043 -0.055664
v 0.024414 0.448242 -0.047852
v 0.026367 0.44043 -0.055664
v 0.024414 0.448242 -0.047852
v 0.038086 0.444336 -0.047852
v 0.03418 0.44043 -0.061523
v 0.012695 0.413086 -0.125977
v 0.045898 0.446289 -0.038086
v 0.041992 0.452148 -0.040039
v 0.041992 0.452148 -0.041992
v 0.043945 0.452148 -0.041992
v 0.041992 0.452148 -0.040039
v 0.045898 0.446289 -0.038086
v 0.045898 0.446289 -0.038086
v 0.041992 0.452148 -0.041992
v 0.047852 0.446289 -0.040039
v 0.047852 0.446289 -0.040039
v 0.049805 0.442383 -0.040039
v 0.047852 0.442383 -0.036133
v 0.045898 0.446289 -0.038086
v 0.047852 0.442383 -0.036133
v 0.049805 0.442383 -0.040039
v 0.041992 0.458008 -0.047852
v 0.041992 0.458008 -0.047852
v 0.041992 0.458008 -0.047852
v 0.043945 0.452148 -0.041992
v 0.041992 0.452148 -0.041992
v 0.043945 0.452148 -0.041992
v 0.012695 0.413086 -0.125977
v 0.03418 0.44043 -0.061523
v 0.038086 0.444336 -0.047852
v 0.038086 0.444336 -0.047852
v 0.084961 0.428711 -0.053711
v 0.012695 0.413086 -0.125977
v 0.049805 0.442383 -0.040039
v 0.063477 0.44043 -0.038086
v 0.057617 0.438477 -0.045898
v 0.055664 0.438477 -0.03418
v 0.063477 0.44043 -0.038086
v 0.069336 0.436523 -0.045898
v 0.057617 0.438477 -0.045898
v 0.067383 0.436523 -0.030273
v 0.069336 0.436523 -0.045898
v 0.063477 0.44043 -0.038086
v 0.084961 0.428711 -0.053711
v 0.106445 0.422852 -0.004883
v 0.116211 0.436523 -0.010742
v 0.094727 0.44043 -0.055664
v 0.114258 0.413086 -0.098633
v 0.114258 0.413086 -0.098633
v 0.086914 0.415039 -0.114258
v 0.084961 0.428711 -0.053711
v 0.084961 0.428711 -0.053711
v 0.086914 0.415039 -0.114258
v 0.012695 0.413086 -0.125977
v 0.116211 0.436523 -0.010742
v 0.129883 0.448242 -0.024414
v 0.161133 0.438477 -0.020508
v 0.161133 0.438477 -0.020508
v 0.129883 0.448242 -0.024414
v 0.116211 0.436523 -0.010742
v 0.116211 0.452148 -0.055664
v 0.12207 0.428711 -0.094727
v 0.133789 0.442383 -0.081055
v 0.178711 0.430664 -0.047852
v 0.116211 0.452148 -0.055664
v 0.133789 0.442383 -0.081055
v 0.012695 0.413086 -0.125977
v 0.114258 0.413086 -0.098633
v 0.12207 0.428711 -0.094727
v 0.166992 0.413086 -0.088867
v 0.165039 0.395508 -0.092773
v 0.165039 0.395508 -0.092773
v 0.133789 0.442383 -0.081055
v 0.166992 0.413086 -0.088867
v 0.12207 0.428711 -0.094727
v 0.040039 0.311523 -0.186523
v 0.05957 0.327148 -0.18457
v 0.077148 0.303711 -0.18457
v 0.079102 0.319336 -0.182617
v 0.071289 0.327148 -0.182617
v 0.047852 0.313477 -0.209961
v 0.041992 0.305664 -0.22168
v 0.049805 0.311523 -0.209961
v 0.049805 0.311523 -0.209961
v 0.041992 0.305664 -0.22168
v 0.049805 0.31543 -0.211914
v 0.057617 0.317383 -0.200195
v 0.057617 0.317383 -0.200195
v 0.041992 0.305664 -0.22168
v 0.047852 0.313477 -0.209961
v 0.049805 0.31543 -0.211914
v 0.012695 0.327148 -0.188477
v 0.057617 0.323242 -0.202148
v 0.057617 0.323242 -0.202148
v 0.063477 0.317383 -0.182617
v 0.057617 0.323242 -0.202148
v 0.057617 0.317383 -0.200195
v 0.063477 0.323242 -0.182617
v 0.063477 0.317383 -0.182617
v 0.057617 0.323242 -0.202148
v 0.063477 0.323242 -0.182617
v 0.073242 0.30957 -0.192383
v 0.073242 0.31543 -0.180664
v 0.069336 0.313477 -0.182617
v 0.069336 0.313477 -0.182617
v 0.073242 0.31543 -0.180664
v 0.077148 0.311523 -0.194336
v 0.073242 0.30957 -0.192383
v 0.077148 0.311523 -0.194336
v 0.079102 0.327148 -0.182617
v 0.077148 0.305664 -0.204102
v 0.079102 0.303711 -0.204102
v 0.073242 0.30957 -0.192383
v 0.077148 0.305664 -0.204102
v 0.079102 0.303711 -0.204102
v 0.081055 0.307617 -0.206055
v 0.081055 0.307617 -0.206055
v 0.079102 0.303711 -0.204102
v 0.077148 0.305664 -0.204102
v 0.075195 0.291992 -0.209961
v 0.075195 0.291992 -0.209961
v 0.077148 0.305664 -0.204102
v 0.081055 0.307617 -0.206055
v 0.081055 0.307617 -0.206055
v 0.079102 0.303711 -0.204102
v 0.075195 0.291992 -0.209961
v 0.237305 0.364258 -0.110352
v 0.202148 0.393555 -0.086914
v 0.219727 0.389648 -0.071289
v 0.237305 0.362305 -0.12793
v 0.202148 0.393555 -0.086914
v 0.237305 0.364258 -0.110352
v 0.307617 0.360352 -0.075195
v 0.30957 0.34082 -0.094727
v 0.30957 0.34082 -0.094727
v 0.161133 0.420898 -0.004883
v 0.186523 0.40918 -0.045898
v 0.166992 0.413086 -0.088867
v 0.186523 0.40918 -0.045898
v 0.186523 0.393555 -0.043945
v 0.165039 0.395508 -0.092773
v 0.180664 0.381836 -0.112305
v 0.186523 0.393555 -0.043945
v 0.165039 0.432617 -0.079102
v 0.178711 0.430664 -0.047852
v 0.165039 0.432617 -0.079102
v 0.165039 0.432617 -0.079102
v 0.180664 0.381836 -0.112305
v 0.202148 0.393555 -0.086914
v 0.237305 0.362305 -0.12793
v 0.186523 0.352539 -0.145508
v 0.176758 0.321289 -0.139648
v 0.180664 0.381836 -0.112305
v 0.233398 0.350586 -0.135742
v 0.186523 0.352539 -0.145508
v 0.250977 0.379883 -0.00293
v 0.24707 0.391602 -0.00293
v 0.249023 0.389648 -0.004883
v 0.249023 0.389648 -0.004883
v 0.24707 0.391602 -0.00293
v 0.254883 0.399414 -0.006836
v 0.25293 0.381836 -0.00293
v 0.250977 0.379883 -0.00293
v 0.249023 0.389648 -0.004883
v 0.250977 0.389648 -0.00293
v 0.25293 0.381836 -0.00293
v 0.249023 0.389648 -0.004883
v 0.254883 0.399414 -0.006836
v 0.250977 0.389648 -0.00293
v 0.249023 0.389648 -0.004883
v 0.24707 0.391602 -0.00293
v 0.250977 0.379883 -0.00293
v 0.250977 0.389648 -0.00293
v 0.254883 0.399414 -0.006836
v 0.235352 0.393555 -0.053711
v 0.301758 0.37207 -0.053711
v 0.186523 0.352539 -0.145508
v 0.245117 0.291992 -0.163086
v 0.249023 0.333008 -0.161133
v 0.249023 0.333008 -0.161133
v 0.331055 0.250977 -0.129883
v 0.323242 0.333008 -0.102539
v 0.321289 0.319336 -0.112305
v 0.30957 0.34082 -0.094727
v 0.34082 0.299805 -0.124023
v 0.34082 0.299805 -0.124023
v 0.276367 0.049805 -0.092773
v 0.256836 0.020508 -0.098633
v 0.303711 0.063477 -0.15332
v 0.303711 0.063477 -0.15332
v 0.303711 0.063477 -0.15332
v 0.389648 0.118164 -0.022461
v 0.383789 0.120117 -0.038086
v 0.364258 0.09668 -0.000977
v 0.383789 0.120117 -0.038086
v 0.375977 0.12793 -0.032227
v 0.37207 0.157227 -0.024414
v 0.37207 0.157227 -0.024414
v 0.356445 0.161133 -0.014648
v 0.37207 0.157227 -0.024414
v 0.360352 0.174805 -0.016602
v 0.362305 0.204102 -0.057617
v 0.37207 0.157227 -0.024414
v 0.387695 0.170898 -0.063477
v 0.387695 0.170898 -0.063477
v 0.366211 0.186523 -0.049805
v 0.362305 0.19043 -0.061523
v 0.383789 0.19043 -0.053711
v 0.383789 0.192383 -0.049805
v 0.362305 0.198242 -0.057617
v 0.366211 0.186523 -0.049805
v 0.383789 0.19043 -0.053711
v 0.383789 0.192383 -0.049805
v 0.366211 0.186523 -0.049805
v 0.356445 0.208008 -0.067383
v 0.331055 0.250977 -0.129883
v 0.307617 0.239258 -0.131836
v 0.307617 0.239258 -0.131836
v 0.362305 0.19043 -0.061523
v 0.362305 0.198242 -0.057617
v 0.383789 0.192383 -0.049805
v 0.383789 0.19043 -0.053711
v 0.362305 0.198242 -0.069336
v 0.356445 0.208008 -0.067383
v 0.362305 0.204102 -0.057617
v 0.387695 0.170898 -0.063477
v 0.362305 0.198242 -0.069336
v 0.362305 0.204102 -0.057617
v 0.331055 0.250977 -0.129883
v 0.34082 0.299805 -0.124023
v 0.358398 0.198242 -0.086914
v 0.358398 0.192383 -0.083008
v 0.366211 0.18457 -0.09082
v 0.387695 0.170898 -0.063477
v 0.307617 0.239258 -0.131836
v 0.358398 0.198242 -0.086914
v 0.366211 0.18457 -0.09082
v 0.342773 0.155273 -0.15918
v 0.342773 0.155273 -0.15918
v 0.366211 0.18457 -0.09082
v 0.364258 0.194336 -0.077148
v 0.356445 0.208008 -0.067383
v 0.364258 0.194336 -0.077148
v 0.358398 0.192383 -0.083008
v 0.358398 0.198242 -0.086914
v 0.364258 0.194336 -0.077148
v 0.358398 0.192383 -0.083008
v 0.364258 0.194336 -0.077148
v 0.387695 0.170898 -0.063477
v 0.374023 0.209961 -0.069336
v 0.360352 0.202148 -0.069336
v 0.360352 0.202148 -0.063477
v 0.360352 0.202148 -0.063477
v 0.360352 0.202148 -0.069336
v 0.37207 0.209961 -0.073242
v 0.374023 0.209961 -0.069336
v 0.387695 0.170898 -0.063477
v 0.364258 0.194336 -0.077148
v 0.362305 0.198242 -0.069336
v 0.37207 0.209961 -0.073242
v 0.387695 0.213867 -0.077148
v 0.387695 0.219727 -0.075195
v 0.374023 0.209961 -0.069336
v 0.387695 0.213867 -0.077148
v 0.387695 0.219727 -0.075195
v 0.385742 0.21582 -0.079102
v 0.385742 0.21582 -0.079102
v 0.303711 0.03418 -0.172852
v 0.303711 0.063477 -0.15332
v 0.356445 0.084961 -0.155273
v 0.356445 0.084961 -0.155273
v 0.303711 0.063477 -0.15332
v 0.342773 0.155273 -0.15918
v 0.356445 0.084961 -0.155273
v 0.385742 0.108398 -0.114258
v 0.356445 0.084961 -0.155273
v 0.385742 0.108398 -0.114258
v 0.40918 0.100586 -0.139648
v 0.393555 0.114258 -0.008789
v 0.399414 0.108398 -0.014648
v 0.389648 0.118164 -0.022461
v 0.389648 0.118164 -0.022461
v 0.399414 0.108398 -0.014648
v 0.391602 0.110352 -0.02832
v 0.383789 0.112305 -0.041992
v 0.383789 0.120117 -0.038086
v 0.399414 0.108398 -0.014648
v 0.393555 0.114258 -0.008789
v 0.40332 0.112305 -0.006836
v 0.40918 0.106445 -0.006836
v 0.413086 0.102539 -0.047852
v 0.391602 0.110352 -0.02832
v 0.399414 0.108398 -0.014648
v 0.40918 0.100586 -0.012695
v 0.40918 0.100586 -0.012695
v 0.383789 0.112305 -0.041992
v 0.389648 0.116211 -0.061523
v 0.383789 0.120117 -0.038086
v 0.389648 0.116211 -0.061523
v 0.391602 0.124023 -0.057617
v 0.391602 0.124023 -0.057617
v 0.389648 0.116211 -0.061523
v 0.393555 0.118164 -0.071289
v 0.393555 0.118164 -0.071289
v 0.397461 0.125977 -0.069336
v 0.391602 0.131836 -0.061523
v 0.395508 0.137695 -0.073242
v 0.391602 0.131836 -0.061523
v 0.391602 0.124023 -0.057617
v 0.391602 0.124023 -0.057617
v 0.397461 0.125977 -0.069336
v 0.395508 0.137695 -0.073242
v 0.424805 0.094727 -0.022461
v 0.43457 0.088867 -0.02832
v 0.43457 0.088867 -0.02832
v 0.424805 0.094727 -0.022461
v 0.438477 0.092773 -0.024414
v 0.442383 0.088867 -0.040039
v 0.43457 0.088867 -0.02832
v 0.438477 0.092773 -0.024414
v 0.448242 0.092773 -0.038086
v 0.442383 0.088867 -0.040039
v 0.422852 0.100586 -0.012695
v 0.430664 0.098633 -0.018555
v 0.411133 0.116211 -0.075195
v 0.426758 0.116211 -0.077148
v 0.44043 0.104492 -0.06543
v 0.444336 0.09668 -0.049805
v 0.395508 0.118164 -0.081055
v 0.395508 0.118164 -0.081055
v 0.395508 0.118164 -0.081055
v 0.413086 0.125977 -0.079102
v 0.385742 0.108398 -0.114258
v 0.395508 0.118164 -0.081055
v 0.395508 0.118164 -0.081055
v 0.411133 0.116211 -0.075195
v 0.413086 0.125977 -0.079102
v 0.397461 0.125977 -0.069336
v 0.426758 0.124023 -0.084961
v 0.418945 0.114258 -0.114258
v 0.413086 0.125977 -0.079102
v 0.426758 0.124023 -0.084961
v 0.385742 0.108398 -0.114258
v 0.426758 0.124023 -0.084961
v 0.426758 0.124023 -0.084961
v 0.44043 0.104492 -0.06543
v 0.426758 0.124023 -0.084961
v 0.426758 0.116211 -0.077148
v 0.446289 0.110352 -0.069336
v 0.418945 0.114258 -0.114258
v 0.426758 0.124023 -0.084961
v 0.446289 0.110352 -0.069336
v 0.461914 0.049805 -0.053711
v 0.467773 0.055664 -0.055664
v 0.456055 0.057617 -0.030273
v 0.467773 0.055664 -0.055664
v 0.448242 0.098633 -0.043945
v 0.448242 0.092773 -0.038086
v 0.448242 0.092773 -0.038086
v 0.459961 0.03418 -0.045898
v 0.458008 0.045898 -0.032227
v 0.463867 0.02832 -0.045898
v 0.463867 0.02832 -0.045898
v 0.458008 0.045898 -0.032227
v 0.456055 0.03418 -0.057617
v 0.459961 0.03418 -0.045898
v 0.452148 0.051758 -0.032227
v 0.458008 0.045898 -0.032227
v 0.454102 0.041992 -0.051758
v 0.454102 0.041992 -0.051758
v 0.454102 0.041992 -0.051758
v 0.456055 0.03418 -0.057617
v 0.467773 0.038086 -0.061523
v 0.458008 0.004883 -0.06543
v 0.467773 0.038086 -0.061523
v 0.456055 0.03418 -0.057617
v 0.450195 0.102539 -0.051758
v 0.450195 0.100586 -0.061523
v 0.444336 0.09668 -0.049805
v 0.448242 0.092773 -0.038086
v 0.448242 0.098633 -0.043945
v 0.444336 0.09668 -0.049805
v 0.450195 0.102539 -0.051758
v 0.444336 0.09668 -0.049805
v 0.448242 0.098633 -0.043945
v 0.44043 0.104492 -0.06543
v 0.450195 0.102539 -0.051758
v 0.450195 0.100586 -0.061523
v 0.44043 0.104492 -0.06543
v 0.450195 0.100586 -0.061523
v 0.446289 0.110352 -0.069336
v 0.40918 0.163086 -0.049805
v 0.395508 0.178711 -0.049805
v 0.393555 0.176758 -0.051758
v 0.383789 0.192383 -0.049805
v 0.393555 0.176758 -0.051758
v 0.395508 0.176758 -0.053711
v 0.40918 0.163086 -0.049805
v 0.383789 0.19043 -0.053711
v 0.393555 0.176758 -0.051758
v 0.383789 0.192383 -0.049805
v 0.383789 0.19043 -0.053711
v 0.40918 0.163086 -0.049805
v 0.395508 0.176758 -0.053711
v 0.395508 0.178711 -0.049805
v 0.387695 0.213867 -0.077148
v 0.385742 0.21582 -0.079102
v 0.397461 0.206055 -0.09082
v 0.397461 0.206055 -0.09082
v 0.387695 0.219727 -0.075195
v 0.397461 0.206055 -0.09082
v 0.385742 0.21582 -0.079102
v 0.25293 0.37207 -0.00293
v 0.254883 0.370117 -0.000977
v 0.250977 0.379883 -0.00293
v 0.25293 0.381836 -0.00293
v 0.254883 0.370117 -0.000977
v 0.25293 0.37207 -0.00293
v 0.25293 0.37207 -0.00293
v 0.25293 0.381836 -0.00293
v 0.254883 0.370117 -0.000977
v 0.30957 0.34082 -0.094727
v 0.30957 0.34082 -0.094727
v 0.323242 0.333008 -0.102539
v 0.323242 0.333008 -0.102539
v 0.34082 0.299805 -0.124023
v 0.321289 0.319336 -0.112305
v 0.321289 0.319336 -0.112305
v -0.467773 -0.227539 0.06543
v -0.458008 -0.219727 0.081055
v -0.46582 -0.24707 0.06543
v -0.458008 -0.256836 0.079102
v -0.450195 -0.229492 0.094727
v -0.450195 -0.249023 0.094727
v -0.483398 -0.233398 -0.016602
v -0.483398 -0.229492 0.010742
v -0.481445 -0.250977 -0.014648
v -0.483398 -0.223633 -0.004883
v -0.481445 -0.256836 0.000977
v -0.481445 -0.245117 0.014648
v -0.241211 -0.307617 0.014648
v -0.241211 -0.299805 0.014648
v -0.239258 -0.301758 0.018555
v -0.444336 -0.217773 0.100586
v -0.416992 -0.213867 0.125977
v -0.44043 -0.231445 0.110352
v -0.416992 -0.213867 0.125977
v -0.424805 -0.231445 0.124023
v -0.44043 -0.231445 0.110352
v -0.422852 -0.198242 0.114258
v -0.444336 -0.217773 0.100586
v -0.436523 -0.200195 0.102539
v -0.422852 -0.198242 0.114258
v -0.46582 -0.172852 0.049805
v -0.450195 -0.174805 0.077148
v -0.463867 -0.186523 0.055664
v -0.456055 -0.188477 0.069336
v -0.452148 -0.161133 0.069336
v -0.459961 -0.15918 0.055664
v -0.432617 -0.124023 0.075195
v -0.426758 -0.145508 0.086914
v -0.438477 -0.135742 0.071289
v -0.436523 -0.147461 0.077148
v -0.418945 -0.133789 0.09082
v -0.422852 -0.12207 0.084961
v -0.475586 -0.172852 -0.010742
v -0.475586 -0.182617 0.022461
v -0.477539 -0.188477 0.00293
v -0.473633 -0.15332 -0.004883
v -0.473633 -0.149414 0.014648
v -0.473633 -0.163086 0.02832
v -0.356445 -0.133789 0.071289
v -0.344727 -0.141602 0.073242
v -0.366211 -0.135742 0.081055
v -0.342773 -0.149414 0.083008
v -0.364258 -0.145508 0.09082
v -0.342773 -0.149414 0.083008
v -0.352539 -0.151367 0.092773
v -0.364258 -0.145508 0.09082
v -0.209961 -0.43457 0.049805
v -0.209961 -0.43457 0.045898
v -0.208008 -0.43457 0.045898
v -0.381836 0.100586 -0.004883
v -0.37793 0.102539 -0.00293
v -0.379883 0.100586 -0.000977
v -0.286133 0.34668 0.041992
v -0.264648 0.336914 0.06543
v -0.282227 0.34082 0.051758
v -0.276367 0.34668 0.043945
v -0.25293 0.34082 0.061523
v -0.15918 0.383789 0.030273
v -0.161133 0.37793 0.03418
v -0.161133 0.383789 0.032227
v -0.051758 0.483398 0.155273
v -0.038086 0.481445 0.166992
v -0.049805 0.479492 0.165039
v -0.047852 0.485352 0.151367
v -0.036133 0.489258 0.149414
v -0.030273 0.487305 0.15918
v -0.084961 0.428711 0.026367
v -0.088867 0.424805 0.024414
v -0.086914 0.428711 0.018555
v -0.250977 -0.432617 -0.004883
v -0.250977 -0.43457 -0.000977
v -0.25293 -0.43457 -0.00293
v -0.249023 -0.430664 -0.00293
v -0.241211 -0.34082 -0.100586
v -0.243164 -0.31543 -0.09668
v -0.241211 -0.344727 -0.092773
v -0.243164 -0.329102 -0.084961
v -0.381836 0.15918 -0.026367
v -0.381836 0.161133 -0.032227
v -0.381836 0.165039 -0.030273
v -0.110352 0.133789 -0.176758
v -0.137695 0.166992 -0.176758
v -0.143555 0.133789 -0.168945
v -0.118164 0.168945 -0.182617
v -0.124023 0.151367 -0.174805
v -0.125977 0.157227 -0.176758
v -0.129883 0.151367 -0.174805
v -0.045898 0.157227 -0.18457
v -0.071289 0.192383 -0.194336
v -0.077148 0.15918 -0.18457
v -0.055664 0.194336 -0.196289
v -0.071289 0.438477 -0.055664
v -0.092773 0.333008 -0.176758
v -0.116211 0.356445 -0.155273
v -0.110352 0.333008 -0.172852
v -0.09668 0.34668 -0.166992
v 0.170898 -0.430664 0.041992
v 0.170898 -0.436523 0.05957
v 0.165039 -0.43457 0.051758
v 0.182617 -0.436523 0.05957
v 0.180664 -0.420898 0.043945
v 0.182617 -0.424805 0.045898
v 0.178711 -0.420898 0.049805
v 0.186523 -0.411133 0.041992
v 0.182617 -0.418945 0.057617
v 0.176758 -0.415039 0.049805
v 0.192383 -0.40918 0.047852
v 0.21582 -0.338867 0.026367
v 0.405273 -0.243164 0.131836
v 0.416992 -0.243164 0.124023
v 0.401367 -0.254883 0.135742
v 0.407227 -0.264648 0.131836
v 0.422852 -0.25293 0.12207
v 0.416992 -0.264648 0.124023
v 0.438477 -0.249023 0.094727
v 0.438477 -0.229492 0.094727
v 0.446289 -0.256836 0.079102
v 0.448242 -0.219727 0.081055
v 0.456055 -0.24707 0.06543
v 0.456055 -0.227539 0.06543
v 0.47168 -0.245117 0.014648
v 0.47168 -0.229492 0.010742
v 0.47168 -0.256836 0.000977
v 0.47168 -0.250977 -0.014648
v 0.47168 -0.233398 -0.016602
v 0.473633 -0.223633 -0.004883
v 0.411133 -0.198242 0.114258
v 0.428711 -0.231445 0.110352
v 0.405273 -0.213867 0.125977
v 0.415039 -0.231445 0.124023
v 0.424805 -0.200195 0.102539
v 0.43457 -0.217773 0.100586
v 0.411133 -0.12207 0.084961
v 0.420898 -0.124023 0.075195
v 0.40918 -0.133789 0.09082
v 0.415039 -0.145508 0.086914
v 0.428711 -0.135742 0.071289
v 0.424805 -0.147461 0.077148
v 0.442383 -0.161133 0.069336
v 0.456055 -0.172852 0.049805
v 0.44043 -0.174805 0.077148
v 0.450195 -0.15918 0.055664
v 0.454102 -0.186523 0.055664
v 0.444336 -0.188477 0.069336
v 0.461914 -0.147461 0.018555
v 0.46582 -0.145508 0.006836
v 0.463867 -0.15918 0.022461
v 0.469727 -0.155273 -0.000977
v 0.467773 -0.168945 0.014648
v 0.469727 -0.166992 0.00293
v 0.041992 0.473633 0.166992
v 0.02832 0.47168 0.178711
v 0.030273 0.477539 0.168945
v 0.041992 0.473633 0.166992
v 0.03418 0.467773 0.182617
v 0.02832 0.47168 0.178711
v 0.041992 0.473633 0.166992
v 0.041992 0.463867 0.178711
v 0.03418 0.467773 0.182617
v 0.047852 0.46582 0.172852
v 0.079102 0.428711 0.012695
v 0.237305 0.375977 0.004883
v 0.237305 0.366211 0.03418
v 0.22168 0.374023 0.022461
v 0.241211 0.37207 0.014648
v 0.24707 0.381836 0.03418
v 0.245117 0.383789 0.030273
v 0.249023 0.364258 0.03418
v 0.24707 0.366211 0.02832
v 0.249023 0.375977 -0.006836
v 0.254883 0.37207 0.000977
v 0.249023 0.374023 0.000977
v 0.256836 0.374023 -0.006836
v 0.303711 0.338867 0.045898
v 0.268555 0.329102 0.077148
v 0.290039 0.338867 0.053711
v 0.303711 0.338867 0.045898
v 0.297852 0.334961 0.055664
v 0.268555 0.329102 0.077148
v 0.282227 0.352539 0.032227
v 0.286133 0.34668 0.041992
v 0.276367 0.348633 0.043945
v 0.282227 0.352539 0.032227
v 0.288086 0.352539 0.032227
v 0.286133 0.34668 0.041992
v 0.250977 -0.327148 -0.043945
v 0.24707 -0.333008 -0.041992
v 0.250977 -0.333008 -0.03418
v 0.243164 -0.319336 -0.05957
v 0.243164 -0.325195 -0.061523
v 0.245117 -0.323242 -0.057617
v 0.211914 -0.280273 -0.088867
v 0.209961 -0.282227 -0.09082
v 0.213867 -0.28418 -0.088867
v 0.202148 -0.291992 -0.108398
v 0.231445 -0.288086 -0.088867
v 0.194336 -0.264648 -0.09082
v 0.225586 -0.270508 -0.081055
v 0.46582 -0.05957 -0.043945
v 0.461914 -0.06543 -0.043945
v 0.463867 -0.069336 -0.03418
v 0.467773 -0.040039 -0.014648
v 0.467773 -0.043945 -0.012695
v 0.467773 -0.040039 -0.012695
v 0.067383 0.229492 -0.202148
v 0.086914 0.204102 -0.19043
v 0.073242 0.223633 -0.200195
v 0.067383 0.229492 -0.202148
v 0.057617 0.209961 -0.196289
v 0.086914 0.204102 -0.19043
v 0.081055 0.209961 -0.194336
v 0.079102 0.209961 -0.194336
v 0.079102 0.206055 -0.192383
v 0.141602 0.098633 -0.12793
v 0.125977 0.100586 -0.133789
v 0.139648 0.094727 -0.12207
v 0.157227 0.094727 -0.094727
v 0.155273 0.100586 -0.110352
v 0.149414 0.09668 -0.106445
v 0.15332 0.110352 -0.137695
v 0.147461 0.104492 -0.12793
v 0.15332 0.106445 -0.124023
v 0.069336 0.436523 -0.045898
v 0.067383 0.436523 -0.030273
v 0.057617 0.438477 -0.045898
v 0.055664 0.438477 -0.03418
v 0.055664 0.438477 -0.03418
v 0.077148 0.303711 -0.18457
v 0.079102 0.319336 -0.182617
v 0.040039 0.311523 -0.186523
v 0.079102 0.327148 -0.182617
v 0.071289 0.327148 -0.182617
v 0.05957 0.327148 -0.18457
v 0.362305 0.198242 -0.057617
v 0.362305 0.19043 -0.061523
v 0.366211 0.186523 -0.049805
v -0.479492 -0.231445 0.024414
v -0.473633 -0.227539 0.043945
v -0.479492 -0.250977 0.020508
v -0.473633 -0.262695 0.03418
v -0.467773 -0.254883 0.051758
v -0.473633 -0.227539 0.043945
v -0.477539 -0.243164 0.057617
v -0.467773 -0.254883 0.051758
v -0.477539 -0.243164 0.057617
v -0.475586 -0.249023 0.057617
v -0.467773 -0.254883 0.051758
v -0.473633 -0.227539 0.043945
v -0.469727 -0.227539 0.061523
v -0.477539 -0.243164 0.057617
v -0.049805 0.391602 0.182617
v -0.047852 0.399414 0.186523
v -0.053711 0.397461 0.178711
v -0.043945 0.389648 0.186523
v -0.041992 0.401367 0.19043
v -0.036133 0.389648 0.188477
v -0.036133 0.389648 0.188477
v -0.03418 0.399414 0.19043
v -0.041992 0.401367 0.19043
v -0.036133 0.389648 0.188477
v -0.02832 0.395508 0.186523
v -0.03418 0.399414 0.19043
v -0.03418 0.405273 0.188477
v -0.03418 0.387695 0.186523
v -0.040039 0.405273 0.188477
v -0.030273 0.405273 0.186523
v -0.030273 0.387695 0.186523
v -0.026367 0.405273 0.182617
v -0.026367 0.387695 0.182617
v -0.026367 0.405273 0.182617
v -0.024414 0.397461 0.18457
v -0.026367 0.387695 0.182617
v -0.041992 0.387695 0.186523
v -0.045898 0.405273 0.186523
v -0.041992 0.387695 0.186523
v -0.047852 0.405273 0.182617
v -0.045898 0.405273 0.186523
v -0.041992 0.387695 0.186523
v -0.049805 0.397461 0.182617
v -0.047852 0.405273 0.182617
v -0.041992 0.387695 0.186523
v -0.043945 0.387695 0.18457
v -0.049805 0.397461 0.182617
v -0.043945 0.387695 0.18457
v -0.047852 0.387695 0.178711
v -0.049805 0.397461 0.182617
v -0.043945 0.387695 0.18457
v -0.045898 0.387695 0.182617
v -0.047852 0.387695 0.178711
v 0.463867 -0.249023 0.057617
v 0.46582 -0.243164 0.057617
v 0.458008 -0.254883 0.051758
v 0.463867 -0.227539 0.043945
v 0.46582 -0.243164 0.057617
v 0.458008 -0.227539 0.061523
v 0.463867 -0.227539 0.043945
v 0.463867 -0.227539 0.043945
v 0.461914 -0.262695 0.03418
v 0.458008 -0.254883 0.051758
v 0.467773 -0.250977 0.020508
v 0.469727 -0.231445 0.024414
vt 0.162145 0.167774
vt 0.178709 0.167311
vt 0.178605 0.187795
vt 0.440215 0.693514
vt 0.432653 0.67652
vt 0.440215 0.666141
vt 0.161636 0.186373
vt 0.162512 0.203628
vt 0.389865 0.805197
vt 0.3958 0.822272
vt 0.386019 0.829812
vt 0.402553 0.838178
vt 0.177197 0.204386
vt 0.396818 0.845493
vt 0.179213 0.161438
vt 0.520572 0.377328
vt 0.516043 0.367735
vt 0.520572 0.363368
vt 0.160771 0.163121
vt 0.177068 0.14067
vt 0.150029 0.94344
vt 0.162461 0.961233
vt 0.150029 0.966029
vt 0.283658 0.900618
vt 0.294452 0.902079
vt 0.295224 0.920609
vt 0.127239 0.493615
vt 0.13182 0.480897
vt 0.141498 0.498995
vt 0.133137 0.515332
vt 0.122315 0.508211
vt 0.295224 0.897151
vt 0.28553 0.877561
vt 0.158011 0.142525
vt 0.122315 0.480252
vt 0.110054 0.934675
vt 0.10266 0.930362
vt 0.107302 0.913054
vt 0.561604 0.969522
vt 0.561604 0.950056
vt 0.579966 0.96181
vt 0.510871 0.703504
vt 0.518825 0.703507
vt 0.50942 0.709589
vt 0.517362 0.695627
vt 0.798327 0.145938
vt 0.79344 0.136716
vt 0.798327 0.139437
vt 0.50942 0.698592
vt 0.117041 0.7479
vt 0.116933 0.769446
vt 0.098967 0.745203
vt 0.098967 0.76805
vt 0.452444 0.369272
vt 0.44744 0.347649
vt 0.451549 0.349642
vt 0.44744 0.37173
vt 0.124471 0.77822
vt 0.131017 0.800278
vt 0.11407 0.801313
vt 0.10521 0.784507
vt 0.447725 0.375581
vt 0.869297 0.933197
vt 0.866889 0.927975
vt 0.873443 0.933616
vt 0.866889 0.9538
vt 0.332063 0.875636
vt 0.337149 0.87903
vt 0.332063 0.894406
vt 0.834076 0.094688
vt 0.821771 0.099518
vt 0.819808 0.093299
vt 0.828626 0.073165
vt 0.099116 0.773871
vt 0.742427 0.001437
vt 0.742427 0.021509
vt 0.725367 0.02271
vt 0.822633 0.119804
vt 0.727458 0.001835
vt 0.516197 0.71273
vt 0.401784 0.063925
vt 0.398744 0.061915
vt 0.401784 0.060228
vt 0.95383 0.422747
vt 0.95383 0.398618
vt 0.958013 0.401425
vt 0.194144 0.1806
vt 0.22101 0.232488
vt 0.198669 0.239323
vt 0.959041 0.418608
vt 0.469033 0.932521
vt 0.473406 0.93748
vt 0.469033 0.936861
vt 0.835012 0.389556
vt 0.813707 0.383334
vt 0.835012 0.325384
vt 0.824367 0.815796
vt 0.824367 0.752689
vt 0.836759 0.76181
vt 0.401784 0.076863
vt 0.843746 0.07879
vt 0.597657 0.825707
vt 0.597278 0.809208
vt 0.609029 0.805941
vt 0.898549 0.814896
vt 0.915369 0.800232
vt 0.915282 0.81538
vt 0.611806 0.818694
vt 0.898437 0.839444
vt 0.914285 0.839503
vt 0.620145 0.837361
vt 0.609407 0.845493
vt 0.202639 0.088508
vt 0.194737 0.097044
vt 0.194852 0.09014
vt 0.842 0.859405
vt 0.837865 0.864709
vt 0.837998 0.85329
vt 0.198868 0.082236
vt 0.960915 0.710159
vt 0.967775 0.71063
vt 0.961863 0.716224
vt 0.202639 0.098762
vt 0.197341 0.101319
vt 0.821037 0.131729
vt 0.81466 0.13411
vt 0.816842 0.128224
vt 0.831614 0.864339
vt 0.495396 0.337868
vt 0.503103 0.337403
vt 0.494636 0.342598
vt 0.501946 0.33036
vt 0.801821 0.718808
vt 0.797488 0.721464
vt 0.801821 0.713325
vt 0.494636 0.333499
vt 0.609407 0.785067
vt 0.606752 0.787519
vt 0.606123 0.78247
vt 0.005104 0.792609
vt 0.005241 0.796169
vt 0.001322 0.79658
vt 0.001322 0.776101
vt 0.209856 0.172629
vt 0.24421 0.220828
vt 0.241324 0.225736
vt 0.967775 0.701016
vt 0.620145 0.792041
vt 0.441307 0.974728
vt 0.425718 0.955191
vt 0.441962 0.955191
vt 0.597025 0.804215
vt 0.157151 0.343089
vt 0.160714 0.342228
vt 0.160714 0.354618
vt 0.501549 0.345884
vt 0.61473 0.589329
vt 0.597297 0.588724
vt 0.597297 0.565489
vt 0.926919 0.838281
vt 0.932838 0.859874
vt 0.919723 0.864559
vt 0.914305 0.843118
vt 0.614904 0.565188
vt 0.899129 0.798908
vt 0.898437 0.793985
vt 0.914676 0.795309
vt 0.925259 0.903741
vt 0.937884 0.906909
vt 0.934781 0.910815
vt 0.923902 0.924103
vt 0.42608 0.974763
vt 0.939825 0.887876
vt 0.469033 0.952053
vt 0.923902 0.885625
vt 0.599194 0.595625
vt 0.93202 0.866969
vt 0.61307 0.807074
vt 0.085091 0.953719
vt 0.101319 0.952283
vt 0.101319 0.972874
vt 0.941565 0.038892
vt 0.957294 0.038631
vt 0.955486 0.050373
vt 0.085941 0.970923
vt 0.940458 0.050304
vt 0.193519 0.106948
vt 0.190158 0.128306
vt 0.186338 0.107493
vt 0.189638 0.087755
vt 0.255381 0.751048
vt 0.256792 0.770377
vt 0.235297 0.770377
vt 0.238365 0.751453
vt 0.91566 0.862268
vt 0.256783 0.965269
vt 0.25624 0.943278
vt 0.274261 0.943278
vt 0.843746 0.127879
vt 0.833813 0.138004
vt 0.27254 0.965256
vt 0.837733 0.111558
vt 0.130287 0.805998
vt 0.126301 0.827225
vt 0.112764 0.817281
vt 0.10521 0.832947
vt 0.114068 0.843746
vt 0.398426 0.805378
vt 0.087294 0.930915
vt 0.087294 0.94856
vt 0.10129 0.946037
vt 0.296971 0.443929
vt 0.281202 0.458864
vt 0.280391 0.442186
vt 0.403531 0.786713
vt 0.386019 0.782705
vt 0.090852 0.911794
vt 0.045419 0.878684
vt 0.042108 0.864855
vt 0.045419 0.864251
vt 0.021127 0.974763
vt 0.02289 0.972297
vt 0.040178 0.974763
vt 0.600929 0.115386
vt 0.599922 0.130465
vt 0.583223 0.117119
vt 0.02345 0.95526
vt 0.583223 0.132229
vt 0.600851 0.148822
vt 0.971269 0.305416
vt 0.969227 0.328415
vt 0.956008 0.3259
vt 0.955483 0.305416
vt 0.952053 0.962179
vt 0.942801 0.969522
vt 0.942801 0.951041
vt 0.842516 0.136257
vt 0.265048 0.967775
vt 0.511597 0.133735
vt 0.504868 0.139186
vt 0.503141 0.131355
vt 0.584839 0.150232
vt 0.838464 0.095297
vt 0.971269 0.077506
vt 0.966961 0.092585
vt 0.963265 0.077506
vt 0.489109 0.23583
vt 0.491316 0.228385
vt 0.497495 0.232924
vt 0.906012 0.841999
vt 0.683033 0.352275
vt 0.677802 0.358112
vt 0.677802 0.346142
vt 0.497863 0.223037
vt 0.489109 0.220042
vt 0.300465 0.356365
vt 0.293347 0.352497
vt 0.293349 0.342797
vt 0.957294 0.071622
vt 0.942965 0.071225
vt 0.300465 0.34115
vt 0.681286 0.333655
vt 0.676948 0.324013
vt 0.681286 0.321372
vt 0.083056 0.974763
vt 0.040154 0.956008
vt 0.199427 0.12747
vt 0.20183 0.146462
vt 0.195314 0.148284
vt 0.287026 0.006642
vt 0.306483 0.015745
vt 0.27121 0.042508
vt 0.269325 0.00168
vt 0.300899 0.069246
vt 0.323174 0.027254
vt 0.705742 0.089177
vt 0.705742 0.101319
vt 0.699696 0.095695
vt 0.693728 0.10127
vt 0.967676 0.537437
vt 0.97651 0.534131
vt 0.975128 0.542614
vt 0.969525 0.549348
vt 0.552832 0.200263
vt 0.545634 0.211373
vt 0.545634 0.197556
vt 0.249805 0.218361
vt 0.245958 0.212508
vt 0.249805 0.205956
vt 0.553763 0.210337
vt 0.210225 0.567738
vt 0.216425 0.563299
vt 0.223602 0.567722
vt 0.216687 0.554603
vt 0.364646 0.002705
vt 0.379075 0.002705
vt 0.3708 0.006969
vt 0.41289 0.887989
vt 0.434975 0.89935
vt 0.425369 0.910128
vt 0.369814 0.017101
vt 0.218087 0.934625
vt 0.23096 0.928044
vt 0.234083 0.934494
vt 0.215882 0.9538
vt 0.997842 0.265858
vt 0.997842 0.271386
vt 0.991852 0.26716
vt 0.300893 0.429667
vt 0.30139 0.4216
vt 0.305705 0.426193
vt 0.362414 0.58403
vt 0.362705 0.592139
vt 0.358551 0.589432
vt 0.984765 0.260721
vt 0.980772 0.257208
vt 0.988916 0.257208
vt 0.39714 0.64929
vt 0.398284 0.642843
vt 0.404873 0.642201
vt 0.407025 0.648327
vt 0.296473 0.418246
vt 0.368884 0.593941
vt 0.027622 0.354361
vt 0.033824 0.35264
vt 0.030395 0.365397
vt 0.025857 0.36232
vt 0.368425 0.580857
vt 0.381748 0.581015
vt 0.04238 0.368083
vt 0.048479 0.355014
vt 0.383202 0.593141
vt 0.407025 0.661594
vt 0.395325 0.663817
vt 0.389245 0.591719
vt 0.078728 0.356993
vt 0.053085 0.350839
vt 0.384656 0.576849
vt 0.400804 0.569984
vt 0.414498 0.581845
vt 0.413811 0.590267
vt 0.536095 0.479475
vt 0.546207 0.478694
vt 0.534627 0.486739
vt 0.418207 0.9696
vt 0.412427 0.962465
vt 0.422394 0.962465
vt 0.018693 0.369228
vt 0.025812 0.367154
vt 0.021262 0.386583
vt 0.422747 0.97651
vt 0.015536 0.382921
vt 0.548523 0.484664
vt 0.399029 0.452887
vt 0.392482 0.461642
vt 0.391387 0.455024
vt 0.40953 0.969795
vt 0.296473 0.431481
vt 0.535256 0.503103
vt 0.034164 0.388917
vt 0.401784 0.474801
vt 0.548482 0.503103
vt 0.391387 0.480394
vt 0.41278 0.97651
vt 0.12342 0.175095
vt 0.130729 0.174789
vt 0.131017 0.181343
vt 0.12342 0.197398
vt 0.943773 0.473469
vt 0.955915 0.472161
vt 0.942013 0.480632
vt 0.00552 0.394043
vt 0.012367 0.391034
vt 0.009651 0.409759
vt 0.003925 0.406097
vt 0.959041 0.479228
vt 0.618413 0.241122
vt 0.60777 0.248176
vt 0.608792 0.240743
vt 0.335402 0.821037
vt 0.330813 0.816188
vt 0.335402 0.809368
vt 0.542661 0.222208
vt 0.548522 0.222208
vt 0.544399 0.23583
vt 0.942013 0.503103
vt 0.029512 0.411505
vt 0.957935 0.501735
vt 0.621892 0.269168
vt 0.60266 0.270768
vt 0.621892 0.248565
vt 0.674298 0.699357
vt 0.663413 0.71273
vt 0.663413 0.698427
vt 0.006499 0.442408
vt 0.020963 0.45388
vt 0.006499 0.457684
vt 0.727953 0.079708
vt 0.730199 0.094332
vt 0.716957 0.094332
vt 0.073262 0.432945
vt 0.838376 0.368645
vt 0.844145 0.368983
vt 0.84661 0.383436
vt 0.838266 0.402876
vt 0.84724 0.403531
vt 0.400037 0.364096
vt 0.391335 0.377327
vt 0.390117 0.364096
vt 0.355043 0.484052
vt 0.365099 0.497863
vt 0.354783 0.497863
vt 0.845639 0.35719
vt 0.838266 0.359994
vt 0.841588 0.35576
vt 0.843677 0.3443
vt 0.468516 0.745585
vt 0.473175 0.74275
vt 0.472007 0.747755
vt 0.464903 0.748759
vt 0.473406 0.75602
vt 0.461378 0.75005
vt 0.959317 0.339617
vt 0.957975 0.336443
vt 0.957709 0.329782
vt 0.838269 0.353394
vt 0.839946 0.343017
vt 0.470624 0.730988
vt 0.471706 0.741407
vt 0.466001 0.743905
vt 0.450695 0.730451
vt 0.997192 0.506292
vt 0.991852 0.509092
vt 0.991852 0.505249
vt 0.991852 0.515155
vt 0.997177 0.515155
vt 0.995952 0.518762
vt 0.983657 0.387764
vt 0.98384 0.382579
vt 0.988579 0.386986
vt 0.345346 0.990766
vt 0.341912 0.986004
vt 0.344923 0.98615
vt 0.114968 0.986248
vt 0.1183 0.986466
vt 0.11643 0.991203
vt 0.980772 0.387596
vt 0.980772 0.380996
vt 0.3413 0.982577
vt 0.991852 0.208616
vt 0.998207 0.208616
vt 0.995352 0.211513
vt 0.345346 0.980772
vt 0.46221 0.755702
vt 0.471387 0.789051
vt 0.118487 0.983254
vt 0.114968 0.980772
vt 0.957709 0.349377
vt 0.451227 0.750069
vt 0.997668 0.402626
vt 0.994486 0.404706
vt 0.991852 0.402626
vt 0.962535 0.339691
vt 0.644601 0.539256
vt 0.641805 0.541535
vt 0.641805 0.528655
vt 0.44857 0.767094
vt 0.441413 0.759746
vt 0.43787 0.749225
vt 0.428373 0.729662
vt 0.980772 0.896099
vt 0.986964 0.894719
vt 0.98791 0.896099
vt 0.646348 0.006726
vt 0.644153 0.006601
vt 0.640417 0.001982
vt 0.980772 0.440324
vt 0.987685 0.438545
vt 0.988697 0.440324
vt 0.607917 0.23415
vt 0.605777 0.234557
vt 0.605777 0.227073
vt 0.158967 0.659614
vt 0.158967 0.666527
vt 0.156494 0.666338
vt 0.50485 0.158608
vt 0.50345 0.158494
vt 0.50361 0.151252
vt 0.998032 0.286522
vt 0.992351 0.287915
vt 0.991852 0.286522
vt 0.644474 0.012961
vt 0.643278 0.012816
vt 0.560033 0.33365
vt 0.560233 0.327212
vt 0.562497 0.32819
vt 0.561365 0.333928
vt 0.606086 0.24107
vt 0.158658 0.672551
vt 0.50345 0.165954
vt 0.632373 0.481194
vt 0.630487 0.481632
vt 0.629906 0.474432
vt 0.987788 0.922286
vt 0.980772 0.92284
vt 0.980772 0.920793
vt 0.629906 0.489128
vt 0.155403 0.991239
vt 0.155403 0.980772
vt 0.157592 0.981005
vt 0.157417 0.988987
vt 0.592056 0.990211
vt 0.590253 0.987748
vt 0.592056 0.980772
vt 0.223602 0.553651
vt 0.296971 0.459431
vt 0.469915 0.184727
vt 0.475153 0.19089
vt 0.469915 0.195651
vt 0.511838 0.144687
vt 0.503141 0.146739
vt 0.50485 0.546852
vt 0.50485 0.562498
vt 0.499786 0.556503
vt 0.377572 0.019216
vt 0.52756 0.445456
vt 0.514097 0.44344
vt 0.514004 0.428064
vt 0.430532 0.886237
vt 0.52756 0.429052
vt 0.246311 0.179682
vt 0.246311 0.193904
vt 0.241294 0.187648
vt 0.944297 0.603236
vt 0.955547 0.603236
vt 0.95337 0.627132
vt 0.234083 0.953347
vt 0.47757 0.722996
vt 0.485635 0.728876
vt 0.47757 0.744174
vt 0.980772 0.867151
vt 0.981006 0.865738
vt 0.987963 0.867151
vt 0.599182 0.468166
vt 0.596942 0.461483
vt 0.599182 0.460858
vt 0.981018 0.725284
vt 0.980772 0.723875
vt 0.988267 0.723875
vt 0.980772 0.871933
vt 0.981944 0.871099
vt 0.98791 0.871933
vt 0.59727 0.455912
vt 0.98791 0.878605
vt 0.986752 0.880259
vt 0.980772 0.878605
vt 0.981807 0.869666
vt 0.331987 0.980772
vt 0.333776 0.985822
vt 0.331987 0.987121
vt 0.27862 0.743527
vt 0.29173 0.726228
vt 0.289719 0.74694
vt 0.260491 0.736491
vt 0.27896 0.754309
vt 0.980772 0.910696
vt 0.982186 0.90949
vt 0.98789 0.910696
vt 0.333524 0.990891
vt 0.980772 0.839314
vt 0.987818 0.837279
vt 0.988033 0.839314
vt 0.988254 0.669765
vt 0.985465 0.672629
vt 0.980772 0.669765
vt 0.368593 0.769662
vt 0.363006 0.772124
vt 0.364134 0.759891
vt 0.462054 0.980772
vt 0.454577 0.988917
vt 0.454217 0.982314
vt 0.339818 0.493436
vt 0.339554 0.486932
vt 0.347631 0.485299
vt 0.368593 0.763142
vt 0.347631 0.496116
vt 0.786156 0.313391
vt 0.788667 0.308696
vt 0.792475 0.311827
vt 0.17694 0.135321
vt 0.15611 0.137368
vt 0.797349 0.343415
vt 0.165525 0.082532
vt 0.142903 0.085122
vt 0.786156 0.374426
vt 0.23583 0.911875
vt 0.231488 0.894994
vt 0.23583 0.892417
vt 0.462054 0.990238
vt 0.142139 0.988101
vt 0.135107 0.990982
vt 0.142521 0.982771
vt 0.359249 0.768673
vt 0.135107 0.980772
vt 0.186338 0.176436
vt 0.199584 0.165429
vt 0.202639 0.167864
vt 0.073919 0.689016
vt 0.082104 0.705908
vt 0.073919 0.71797
vt 0.815579 0.325134
vt 0.787524 0.146913
vt 0.787524 0.140412
vt 0.792718 0.148485
vt 0.125414 0.98953
vt 0.125421 0.98243
vt 0.132591 0.980772
vt 0.132591 0.991007
vt 0.006666 0.991179
vt 0.014655 0.983546
vt 0.014542 0.99015
vt 0.69002 0.17575
vt 0.68869 0.180609
vt 0.680487 0.178682
vt 0.329472 0.980772
vt 0.329472 0.990666
vt 0.323149 0.983367
vt 0.006666 0.980772
vt 0.680487 0.188664
vt 0.687686 0.186631
vt 0.181068 0.13547
vt 0.389556 0.897617
vt 0.386692 0.896572
vt 0.389097 0.891756
vt 0.169448 0.21515
vt 0.166722 0.223602
vt 0.159291 0.220281
vt 0.16167 0.214153
vt 0.359249 0.762154
vt 0.159291 0.209772
vt 0.165958 0.207059
vt 0.64709 0.982616
vt 0.647118 0.988571
vt 0.639098 0.989776
vt 0.639098 0.980772
vt 0.897079 0.980772
vt 0.900926 0.983679
vt 0.897079 0.98947
vt 0.98888 0.125145
vt 0.987317 0.132083
vt 0.980772 0.125145
vt 0.797804 0.989533
vt 0.792043 0.987921
vt 0.797804 0.980772
vt 0.761292 0.487302
vt 0.759176 0.483641
vt 0.765802 0.488303
vt 0.982875 0.132027
vt 0.766883 0.494369
vt 0.759176 0.493088
vt 0.539724 0.443576
vt 0.541535 0.447397
vt 0.534842 0.450697
vt 0.981563 0.119247
vt 0.988874 0.115402
vt 0.987375 0.119247
vt 0.53228 0.44345
vt 0.541535 0.439105
vt 0.980772 0.111766
vt 0.986585 0.111766
vt 0.988598 0.345974
vt 0.982623 0.338521
vt 0.987072 0.339002
vt 0.980772 0.345974
vt 0.391222 0.980772
vt 0.386814 0.986988
vt 0.387152 0.982148
vt 0.390204 0.990534
vt 0.980789 0.853009
vt 0.980772 0.84839
vt 0.987762 0.846379
vt 0.987762 0.853269
vt 0.393596 0.984506
vt 0.980772 0.7278
vt 0.987643 0.73499
vt 0.983323 0.73483
vt 0.700589 0.555583
vt 0.709236 0.55203
vt 0.707411 0.556492
vt 0.709236 0.560961
vt 0.701952 0.562498
vt 0.702149 0.549671
vt 0.890204 0.141455
vt 0.896446 0.127453
vt 0.899647 0.141498
vt 0.153796 0.068484
vt 0.167414 0.07423
vt 0.14964 0.075769
vt 0.816595 0.862381
vt 0.825932 0.855413
vt 0.826277 0.865664
vt 0.831614 0.853924
vt 0.819276 0.134425
vt 0.821037 0.143245
vt 0.816595 0.871697
vt 0.81828 0.851687
vt 0.960774 0.704539
vt 0.988803 0.216005
vt 0.980772 0.209663
vt 0.986556 0.208813
vt 0.792213 0.718262
vt 0.980772 0.215959
vt 0.529307 0.470696
vt 0.523278 0.473406
vt 0.527705 0.46578
vt 0.792213 0.712779
vt 0.520819 0.465526
vt 0.358112 0.527367
vt 0.349431 0.536159
vt 0.349773 0.529029
vt 0.358112 0.538041
vt 0.961735 0.445784
vt 0.969522 0.449848
vt 0.960762 0.455303
vt 0.534809 0.436922
vt 0.886484 0.128577
vt 0.884444 0.114443
vt 0.118815 0.669766
vt 0.130522 0.679001
vt 0.11731 0.68478
vt 0.181676 0.073455
vt 0.177606 0.060609
vt 0.87519 0.12558
vt 0.867237 0.133713
vt 0.866799 0.127212
vt 0.375075 0.742427
vt 0.369401 0.739633
vt 0.380821 0.732338
vt 0.380821 0.73809
vt 0.87519 0.136257
vt 0.522301 0.959259
vt 0.530172 0.957324
vt 0.524179 0.964596
vt 0.369401 0.732443
vt 0.969464 0.454666
vt 0.522301 0.97053
vt 0.5328 0.964795
vt 0.375147 0.729544
vt 0.53036 0.974763
vt 0.961478 0.464672
vt 0.969522 0.460283
vt 0.893637 0.110369
vt 0.882725 0.100848
vt 0.14356 0.668229
vt 0.231228 0.161857
vt 0.89115 0.095556
vt 0.899647 0.09015
vt 0.386692 0.917116
vt 0.663717 0.34459
vt 0.674298 0.327649
vt 0.674298 0.354618
vt 0.569485 0.123749
vt 0.546199 0.124029
vt 0.546199 0.094344
vt 0.244486 0.029943
vt 0.393596 0.989887
vt 0.980772 0.455763
vt 0.987017 0.46273
vt 0.981569 0.462385
vt 0.987968 0.7278
vt 0.988027 0.707953
vt 0.981134 0.712835
vt 0.980772 0.709258
vt 0.988393 0.455763
vt 0.988027 0.714478
vt 0.800514 0.35354
vt 0.820861 0.347843
vt 0.396783 0.506694
vt 0.399098 0.503706
vt 0.400037 0.508344
vt 0.400037 0.483427
vt 0.998232 0.193094
vt 0.994236 0.195778
vt 0.991852 0.193094
vt 0.806556 0.355959
vt 0.798539 0.357873
vt 0.801846 0.356201
vt 0.802572 0.36022
vt 0.997088 0.550448
vt 0.991852 0.553598
vt 0.991852 0.549654
vt 0.808503 0.379074
vt 0.17 0.023778
vt 0.332508 0.378012
vt 0.327528 0.378791
vt 0.326366 0.327717
vt 0.138966 0.027072
vt 0.335733 0.32552
vt 0.651979 0.419429
vt 0.653336 0.425213
vt 0.651979 0.425697
vt 0.538041 0.59464
vt 0.536384 0.594142
vt 0.536581 0.587653
vt 0.952053 0.931097
vt 0.95121 0.93787
vt 0.94905 0.937573
vt 0.129005 0.62644
vt 0.651623 0.430884
vt 0.536384 0.600929
vt 0.653336 0.431481
vt 0.952016 0.944366
vt 0.949856 0.944068
vt 0.286339 0.982523
vt 0.290357 0.990643
vt 0.2881 0.990874
vt 0.952053 0.955547
vt 0.948273 0.953358
vt 0.290357 0.980772
vt 0.332585 0.381641
vt 0.326366 0.384315
vt 0.138891 0.021751
vt 0.138891 0.076864
vt 0.422747 0.957294
vt 0.413936 0.957294
vt 0.419862 0.93252
vt 0.338896 0.351265
vt 0.025687 0.707445
vt 0.002271 0.700807
vt 0.008387 0.694623
vt 0.462328 0.86314
vt 0.453383 0.865884
vt 0.448998 0.845227
vt 0.025521 0.739688
vt 0.956382 0.007775
vt 0.964281 0.005973
vt 0.964281 0.026203
vt 0.002778 0.725064
vt 0.468166 0.867341
vt 0.45695 0.896153
vt 0.448998 0.890991
vt 0.063638 0.983107
vt 0.063638 0.991264
vt 0.059199 0.987052
vt 0.060173 0.980772
vt 0.988142 0.742574
vt 0.985159 0.745955
vt 0.980772 0.742574
vt 0.858034 0.352871
vt 0.855623 0.346803
vt 0.857664 0.326803
vt 0.980772 0.972453
vt 0.987492 0.972453
vt 0.985632 0.978363
vt 0.002686 0.732766
vt 0.85336 0.352479
vt 0.848236 0.347876
vt 0.859693 0.350618
vt 0.842033 0.333735
vt 0.003858 0.75145
vt 0.996166 0.707424
vt 0.991922 0.710225
vt 0.991852 0.707424
vt 0.855479 0.322648
vt 0.015722 0.036236
vt 0.015722 0.062888
vt 0.012742 0.062519
vt 0.861215 0.292805
vt 0.184899 0.077556
vt 0.188476 0.082882
vt 0.176523 0.108183
vt 0.139503 0.709469
vt 0.143245 0.731449
vt 0.139503 0.737186
vt 0.889605 0.310918
vt 0.894406 0.312878
vt 0.889605 0.337149
vt 0.026203 0.755037
vt 0.009786 0.759001
vt 0.838292 0.319109
vt 0.002271 0.76863
vt 0.434975 0.869135
vt 0.414617 0.860931
vt 0.567555 0.821534
vt 0.591475 0.80065
vt 0.58531 0.826277
vt 0.343503 0.966028
vt 0.343532 0.948155
vt 0.358112 0.942732
vt 0.358112 0.963998
vt 0.824531 0.343395
vt 0.131236 0.840356
vt 0.13389 0.825136
vt 0.145177 0.843746
vt 0.595688 0.797347
vt 0.569812 0.792663
vt 0.585412 0.758809
vt 0.592555 0.759302
vt 0.289983 0.346338
vt 0.28297 0.35148
vt 0.283445 0.346994
vt 0.563131 0.980772
vt 0.567241 0.982869
vt 0.559003 0.982122
vt 0.288931 0.340653
vt 0.28297 0.343295
vt 0.289522 0.352871
vt 0.981587 0.705437
vt 0.980772 0.698856
vt 0.985874 0.70495
vt 0.558984 0.987
vt 0.567241 0.987165
vt 0.980772 0.679592
vt 0.987252 0.680144
vt 0.980772 0.686677
vt 0.988042 0.698856
vt 0.988033 0.685146
vt 0.988044 0.654098
vt 0.980772 0.65983
vt 0.980772 0.652567
vt 0.987327 0.659078
vt 0.563112 0.989946
vt 0.993419 0.009762
vt 0.998449 0.016172
vt 0.991852 0.016172
vt 0.572162 0.796401
vt 0.135037 0.809506
vt 0.155906 0.817176
vt 0.154314 0.821893
vt 0.15722 0.789848
vt 0.567555 0.763617
vt 0.998471 0.009685
vt 0.249113 0.044906
vt 0.271111 0.066871
vt 0.131236 0.778657
vt 0.567892 0.752455
vt 0.552065 0.733529
vt 0.568119 0.743295
vt 0.595688 0.75274
vt 0.595206 0.741442
vt 0.550285 0.743396
vt 0.09421 0.659315
vt 0.102303 0.665572
vt 0.088577 0.698142
vt 0.550285 0.807062
vt 0.096554 0.704163
vt 0.132763 0.720383
vt 0.813228 0.238835
vt 0.838506 0.22377
vt 0.838506 0.288236
vt 0.175787 0.077544
vt 0.179929 0.086255
vt 0.175787 0.094332
vt 0.900239 0.205171
vt 0.908381 0.205171
vt 0.907268 0.220108
vt 0.087696 0.709208
vt 0.9538 0.80635
vt 0.947816 0.812302
vt 0.942776 0.808205
vt 0.951005 0.789754
vt 0.083877 0.714114
vt 0.098729 0.721626
vt 0.943178 0.791302
vt 0.124761 0.137857
vt 0.132763 0.131535
vt 0.132763 0.148485
vt 0.160552 0.501416
vt 0.167701 0.495367
vt 0.167701 0.508582
vt 0.158837 0.510091
vt 0.089762 0.720913
vt 0.960837 0.534131
vt 0.964306 0.552016
vt 0.220361 0.974677
vt 0.220258 0.958357
vt 0.232336 0.957953
vt 0.193557 0.932981
vt 0.205635 0.931972
vt 0.194861 0.94619
vt 0.232336 0.97651
vt 0.013658 0.416545
vt 0.00191 0.438789
vt 0.001333 0.419246
vt 0.012084 0.411674
vt 0.215327 0.96956
vt 0.215304 0.96181
vt 0.136622 0.924163
vt 0.142782 0.924787
vt 0.141812 0.93927
vt 0.207954 0.9462
vt 0.131276 0.937421
vt 0.219718 0.313982
vt 0.225348 0.318599
vt 0.219718 0.331909
vt 0.938107 0.747043
vt 0.948792 0.76083
vt 0.936024 0.761722
vt 0.945075 0.746958
vt 0.95215 0.745822
vt 0.067689 0.974722
vt 0.07861 0.964457
vt 0.07861 0.97651
vt 0.56347 0.913948
vt 0.565991 0.926327
vt 0.560254 0.927298
vt 0.014404 0.440183
vt 0.066422 0.961607
vt 0.959041 0.759159
vt 0.565991 0.945066
vt 0.032455 0.440215
vt 0.146738 0.959617
vt 0.144523 0.977369
vt 0.131274 0.978257
vt 0.12841 0.959617
vt 0.958694 0.777365
vt 0.945251 0.777365
vt 0.957294 0.37194
vt 0.957294 0.396543
vt 0.944157 0.383709
vt 0.209626 0.962535
vt 0.190356 0.962535
vt 0.63412 0.09363
vt 0.63412 0.120535
vt 0.622227 0.110412
vt 0.131276 0.954341
vt 0.451286 0.276265
vt 0.452444 0.280412
vt 0.448352 0.277396
vt 0.833921 0.980772
vt 0.840522 0.980772
vt 0.839728 0.984893
vt 0.836738 0.989449
vt 0.83596 0.984527
vt 0.448274 0.272003
vt 0.448274 0.282996
vt 0.991852 0.158046
vt 0.998207 0.158046
vt 0.994054 0.162513
vt 0.380497 0.883065
vt 0.387809 0.889036
vt 0.370277 0.896126
vt 0.464584 0.789631
vt 0.458277 0.786204
vt 0.464193 0.803568
vt 0.447063 0.780844
vt 0.781445 0.043455
vt 0.783247 0.044346
vt 0.780994 0.048913
vt 0.786099 0.041207
vt 0.780994 0.037552
vt 0.146738 0.955547
vt 0.37706 0.899266
vt 0.456718 0.791603
vt 0.448887 0.796886
vt 0.544484 0.663027
vt 0.546279 0.657019
vt 0.547427 0.663817
vt 0.246311 0.640297
vt 0.244128 0.639734
vt 0.242497 0.633844
vt 0.245601 0.633158
vt 0.373678 0.912441
vt 0.366612 0.912996
vt 0.544544 0.652163
vt 0.54583 0.651394
vt 0.998392 0.134895
vt 0.996665 0.13626
vt 0.991852 0.134895
vt 0.548523 0.656636
vt 0.242497 0.646348
vt 0.544484 0.648773
vt 0.994495 0.793702
vt 0.991852 0.791715
vt 0.995449 0.791715
vt 0.696619 0.983078
vt 0.694339 0.983817
vt 0.694339 0.980772
vt 0.694339 0.989907
vt 0.991852 0.432535
vt 0.997603 0.432535
vt 0.997599 0.433975
vt 0.998452 0.111963
vt 0.996879 0.113566
vt 0.991852 0.111963
vt 0.726705 0.43082
vt 0.724217 0.436308
vt 0.722382 0.43686
vt 0.998364 0.151914
vt 0.991852 0.151914
vt 0.991992 0.150529
vt 0.981451 0.982659
vt 0.980772 0.980878
vt 0.987673 0.980878
vt 0.034054 0.980772
vt 0.034054 0.98701
vt 0.032323 0.986671
vt 0.726705 0.441962
vt 0.181676 0.706868
vt 0.179958 0.706708
vt 0.180864 0.701064
vt 0.434558 0.758747
vt 0.429462 0.538469
vt 0.435766 0.527047
vt 0.440747 0.528177
vt 0.515332 0.314091
vt 0.507201 0.335574
vt 0.502922 0.321778
vt 0.452835 0.549502
vt 0.420995 0.551857
vt 0.416614 0.540548
vt 0.453353 0.786002
vt 0.033214 0.99144
vt 0.179958 0.71273
vt 0.986751 0.990906
vt 0.985864 0.991376
vt 0.980772 0.990906
vt 0.996653 0.666633
vt 0.995777 0.668473
vt 0.991852 0.666633
vt 0.991852 0.416846
vt 0.99627 0.415036
vt 0.997639 0.416846
vt 0.44414 0.78806
vt 0.608417 0.105771
vt 0.613157 0.100323
vt 0.613157 0.113548
vt 0.636608 0.334672
vt 0.637614 0.339765
vt 0.63544 0.334676
vt 0.550311 0.684038
vt 0.55191 0.685586
vt 0.549245 0.69002
vt 0.991852 0.278753
vt 0.99222 0.277374
vt 0.998039 0.278753
vt 0.428373 0.788694
vt 0.63544 0.340786
vt 0.552016 0.679262
vt 0.636283 0.345884
vt 0.991852 0.346848
vt 0.997367 0.345779
vt 0.997878 0.346848
vt 0.551057 0.678921
vt 0.996257 0.698705
vt 0.995863 0.700898
vt 0.991852 0.698705
vt 0.549245 0.674849
vt 0.993385 0.51264
vt 0.991852 0.511607
vt 0.997314 0.511607
vt 0.991852 0.60641
vt 0.997117 0.60641
vt 0.995934 0.607059
vt 0.445389 0.5174
vt 0.515332 0.347706
vt 0.507378 0.349377
vt 0.462193 0.528293
vt 0.382087 0.927597
vt 0.387809 0.923636
vt 0.927597 0.681286
vt 0.921997 0.644225
vt 0.927597 0.640498
vt 0.262429 0.15934
vt 0.279502 0.160152
vt 0.261395 0.176182
vt 0.574672 0.351673
vt 0.579266 0.330142
vt 0.600647 0.330142
vt 0.590558 0.368155
vt 0.598681 0.369835
vt 0.279108 0.182951
vt 0.57003 0.375051
vt 0.259954 0.198572
vt 0.279502 0.20788
vt 0.591788 0.401398
vt 0.107111 0.427192
vt 0.600929 0.403101
vt 0.68726 0.233286
vt 0.689315 0.215072
vt 0.698755 0.231349
vt 0.687237 0.276403
vt 0.501357 0.543768
vt 0.676323 0.273762
vt 0.694988 0.209101
vt 0.775618 0.002756
vt 0.75829 0.024456
vt 0.754066 0.002756
vt 0.312693 0.13451
vt 0.304932 0.13451
vt 0.307082 0.113597
vt 0.76767 0.023353
vt 0.902685 0.062392
vt 0.910128 0.061974
vt 0.910128 0.110054
vt 0.902575 0.10916
vt 0.541774 0.403982
vt 0.541758 0.364675
vt 0.564061 0.368393
vt 0.897309 0.007513
vt 0.904887 0.012446
vt 0.894458 0.049189
vt 0.562066 0.407299
vt 0.736374 0.210442
vt 0.743461 0.182057
vt 0.772124 0.220434
vt 0.754441 0.262033
vt 0.007727 0.949894
vt 0.024456 0.94646
vt 0.015061 0.964282
vt 0.016311 0.934417
vt 0.001942 0.963514
vt 0.85822 0.917743
vt 0.862962 0.933638
vt 0.849085 0.930465
vt 0.001942 0.933234
vt 0.841245 0.912408
vt 0.837217 0.064635
vt 0.833359 0.05724
vt 0.840253 0.054106
vt 0.710526 0.546732
vt 0.708164 0.519883
vt 0.71797 0.521184
vt 0.858545 0.359151
vt 0.857241 0.405278
vt 0.848373 0.363556
vt 0.4916 0.565991
vt 0.71797 0.546776
vt 0.746056 0.384594
vt 0.761643 0.381962
vt 0.761643 0.410518
vt 0.506555 0.18197
vt 0.520572 0.198886
vt 0.50653 0.206133
vt 0.744938 0.405475
vt 0.496798 0.195415
vt 0.833359 0.04389
vt 0.520572 0.182213
vt 0.86995 0.402853
vt 0.448718 0.560601
vt 0.29173 0.770475
vt 0.867221 0.35911
vt 0.899647 0.649059
vt 0.874785 0.662181
vt 0.88023 0.636062
vt 0.269604 0.714065
vt 0.285105 0.760735
vt 0.86995 0.348533
vt 0.291511 0.781647
vt 0.28386 0.76904
vt 0.283392 0.778919
vt 0.284817 0.789593
vt 0.51665 0.171831
vt 0.995201 0.373609
vt 0.997683 0.376499
vt 0.991852 0.376499
vt 0.263659 0.770136
vt 0.678806 0.279882
vt 0.667048 0.302211
vt 0.663914 0.288957
vt 0.684215 0.301848
vt 0.862212 0.94856
vt 0.841245 0.942379
vt 0.692805 0.287412
vt 0.31544 0.359787
vt 0.321427 0.366681
vt 0.308077 0.370903
vt 0.306588 0.38241
vt 0.321427 0.387809
vt 0.723505 0.190556
vt 0.698755 0.298107
vt 0.364384 0.539788
vt 0.364384 0.526689
vt 0.375581 0.532041
vt 0.284981 0.20788
vt 0.287472 0.193921
vt 0.296971 0.20788
vt 0.793772 0.646438
vt 0.809427 0.653245
vt 0.804675 0.689067
vt 0.171195 0.95543
vt 0.16362 0.942887
vt 0.171195 0.932969
vt 0.718067 0.255928
vt 0.699113 0.258472
vt 0.709288 0.238428
vt 0.626855 0.498238
vt 0.596818 0.481203
vt 0.60655 0.4643
vt 0.485079 0.386166
vt 0.490151 0.345998
vt 0.514373 0.355114
vt 0.723505 0.247905
vt 0.51238 0.394672
vt 0.81929 0.6965
vt 0.957548 0.276168
vt 0.971269 0.275552
vt 0.971269 0.290578
vt 0.950282 0.290802
vt 0.332431 0.828281
vt 0.326785 0.833639
vt 0.321314 0.826021
vt 0.256792 0.739736
vt 0.2486 0.74068
vt 0.247859 0.707559
vt 0.32569 0.814288
vt 0.315229 0.822918
vt 0.002166 0.037286
vt 0.00644 0.003948
vt 0.012228 0.004352
vt 0.009174 0.04048
vt 0.256792 0.705511
vt 0.139376 0.686632
vt 0.138794 0.67655
vt 0.153723 0.683104
vt 0.153726 0.703224
vt 0.139315 0.692487
vt 0.33414 0.839451
vt 0.308881 0.857091
vt 0.34239 0.832682
vt 0.957631 0.298718
vt 0.334972 0.844696
vt 0.761643 0.823668
vt 0.751165 0.826012
vt 0.750454 0.820751
vt 0.760932 0.818407
vt 0.324421 0.862962
vt 0.750454 0.850734
vt 0.932838 0.483714
vt 0.924701 0.483261
vt 0.926643 0.46088
vt 0.503873 0.171339
vt 0.326252 0.80182
vt 0.308881 0.809375
vt 0.191119 0.588302
vt 0.208388 0.586988
vt 0.215042 0.616922
vt 0.817543 0.475291
vt 0.792967 0.45081
vt 0.817543 0.435204
vt 0.20273 0.625385
vt 0.242482 0.587881
vt 0.209105 0.571099
vt 0.241232 0.572491
vt 0.288873 0.5743
vt 0.294306 0.589682
vt 0.241388 0.622888
vt 0.010555 0.093763
vt 0.005434 0.091261
vt 0.248788 0.659023
vt 0.867771 0.441105
vt 0.876937 0.449928
vt 0.867771 0.461178
vt 0.820039 0.931091
vt 0.823123 0.922448
vt 0.842 0.926436
vt 0.820039 0.890167
vt 0.255816 0.657674
vt 0.138794 0.705742
vt 0.641062 0.950948
vt 0.63353 0.960344
vt 0.630433 0.954668
vt 0.160229 0.697605
vt 0.165267 0.693465
vt 0.172646 0.735921
vt 0.417014 0.143504
vt 0.417506 0.171195
vt 0.408486 0.169103
vt 0.408486 0.143189
vt 0.150644 0.722748
vt 0.643408 0.955968
vt 0.640312 0.96864
vt 0.630433 0.973016
vt 0.178182 0.694997
vt 0.646348 0.950439
vt 0.566027 0.107565
vt 0.576473 0.107565
vt 0.571883 0.122282
vt 0.771872 0.640893
vt 0.787256 0.645755
vt 0.771872 0.679232
vt 0.703995 0.967925
vt 0.690931 0.974763
vt 0.690931 0.960041
vt 0.164157 0.957294
vt 0.932838 0.49961
vt 0.924787 0.497719
vt 0.955336 0.647883
vt 0.964282 0.651363
vt 0.956165 0.662982
vt 0.964282 0.667311
vt 0.149956 0.740742
vt 0.738933 0.692002
vt 0.738933 0.701455
vt 0.731302 0.693998
vt 0.988568 0.362504
vt 0.982268 0.369606
vt 0.980772 0.362504
vt 0.136303 0.739716
vt 0.137773 0.746787
vt 0.118578 0.773006
vt 0.730601 0.703995
vt 0.971269 0.77658
vt 0.961746 0.777365
vt 0.970698 0.766757
vt 0.961746 0.762419
vt 0.153578 0.775618
vt 0.539788 0.630626
vt 0.534137 0.622501
vt 0.539788 0.617601
vt 0.198704 0.042026
vt 0.184435 0.002933
vt 0.197054 0.007832
vt 0.206133 0.047201
vt 0.012228 0.104813
vt 0.89403 0.805315
vt 0.879071 0.804902
vt 0.896153 0.788757
vt 0.927632 0.360979
vt 0.932838 0.361868
vt 0.932838 0.401784
vt 0.739762 0.371
vt 0.722475 0.331886
vt 0.726664 0.328697
vt 0.918475 0.399479
vt 0.917753 0.359664
vt 0.735779 0.324249
vt 0.7463 0.367787
vt 0.176417 0.584036
vt 0.18517 0.584933
vt 0.18482 0.625385
vt 0.879071 0.761896
vt 0.167701 0.294074
vt 0.158808 0.260477
vt 0.16657 0.258724
vt 0.702957 0.290861
vt 0.789593 0.678287
vt 0.15994 0.295827
vt 0.789186 0.714477
vt 0.178182 0.775197
vt 0.158808 0.335402
vt 0.747668 0.313012
vt 0.699113 0.326668
vt 0.610385 0.503626
vt 0.745208 0.260985
vt 0.190471 0.068129
vt 0.281948 0.864709
vt 0.281948 0.808234
vt 0.288236 0.820565
vt 0.15117 0.563292
vt 0.862747 0.671421
vt 0.863843 0.633921
vt 0.86995 0.618913
vt 0.861567 0.617936
vt 0.407842 0.800233
vt 0.445456 0.840802
vt 0.407842 0.856215
vt 0.86995 0.674298
vt 0.634721 0.074588
vt 0.641478 0.079556
vt 0.619897 0.108307
vt 0.616133 0.100667
vt 0.922431 0.728
vt 0.929344 0.724027
vt 0.929344 0.76339
vt 0.396703 0.903575
vt 0.415759 0.899747
vt 0.411404 0.905601
vt 0.922574 0.758721
vt 0.415759 0.934584
vt 0.39205 0.930908
vt 0.192796 0.885722
vt 0.187702 0.872841
vt 0.214867 0.890912
vt 0.210885 0.874904
vt 0.960788 0.829771
vt 0.951112 0.812786
vt 0.960788 0.807088
vt 0.149672 0.578499
vt 0.184435 0.064951
vt 0.444741 0.861215
vt 0.111439 0.590088
vt 0.139462 0.545135
vt 0.628619 0.675438
vt 0.600337 0.697429
vt 0.611483 0.664062
vt 0.102184 0.577761
vt 0.091846 0.568384
vt 0.658576 0.640868
vt 0.967775 0.071205
vt 0.961204 0.055459
vt 0.967775 0.052377
vt 0.615369 0.708272
vt 0.538343 0.006524
vt 0.545029 0.002514
vt 0.544795 0.006271
vt 0.536796 0.027397
vt 0.533106 0.255408
vt 0.539589 0.256092
vt 0.539788 0.260286
vt 0.700482 0.946236
vt 0.696994 0.933775
vt 0.703995 0.930962
vt 0.962693 0.071622
vt 0.545029 0.029434
vt 0.531591 0.231507
vt 0.539788 0.229398
vt 0.742143 0.532066
vt 0.765136 0.569773
vt 0.760531 0.574726
vt 0.749458 0.53609
vt 0.143755 0.001977
vt 0.66207 0.429234
vt 0.656932 0.429734
vt 0.661819 0.401757
vt 0.142185 0.586644
vt 0.11731 0.595914
vt 0.215052 0.072391
vt 0.656932 0.400061
vt 0.837345 0.292805
vt 0.734062 0.741559
vt 0.713277 0.754655
vt 0.718397 0.707062
vt 0.216281 0.065451
vt 0.74068 0.706884
vt 0.942776 0.781064
vt 0.81929 0.720771
vt 0.813545 0.713189
vt 0.81929 0.710099
vt 0.920609 0.499335
vt 0.914079 0.501878
vt 0.920609 0.472009
vt 0.808797 0.721464
vt 0.907185 0.509374
vt 0.988397 0.593067
vt 0.98181 0.595087
vt 0.980772 0.593067
vt 0.171195 0.257416
vt 0.170007 0.256464
vt 0.169879 0.248526
vt 0.44345 0.176269
vt 0.445456 0.18364
vt 0.443165 0.184571
vt 0.892011 0.490795
vt 0.904924 0.464547
vt 0.696402 0.749771
vt 0.69725 0.737473
vt 0.771861 0.573131
vt 0.770884 0.573039
vt 0.773871 0.567466
vt 0.980772 0.586121
vt 0.986647 0.584431
vt 0.988467 0.586121
vt 0.148485 0.421723
vt 0.145502 0.422245
vt 0.14203 0.417283
vt 0.888677 0.989583
vt 0.888677 0.980772
vt 0.89074 0.981474
vt 0.169879 0.265527
vt 0.445456 0.192158
vt 0.981134 0.551235
vt 0.980772 0.549065
vt 0.988494 0.549065
vt 0.980772 0.615537
vt 0.988367 0.615537
vt 0.987707 0.617615
vt 0.595498 0.703168
vt 0.597435 0.704085
vt 0.595498 0.714477
vt 0.466419 0.182697
vt 0.466419 0.199145
vt 0.4641 0.198727
vt 0.14286 0.503123
vt 0.146738 0.512286
vt 0.14286 0.518825
vt 0.462243 0.183421
vt 0.918863 0.64295
vt 0.915912 0.636287
vt 0.918863 0.625501
vt 0.917308 0.649842
vt 0.425517 0.595155
vt 0.429734 0.601423
vt 0.425517 0.607917
vt 0.638826 0.549146
vt 0.642854 0.555759
vt 0.638826 0.559004
vt 0.041925 0.497863
vt 0.036004 0.495158
vt 0.035895 0.489675
vt 0.299658 0.581814
vt 0.31444 0.606492
vt 0.299658 0.61141
vt 0.258951 0.656829
vt 0.247125 0.627403
vt 0.260286 0.627403
vt 0.041925 0.482136
vt 0.969395 0.982965
vt 0.972658 0.980772
vt 0.972658 0.989355
vt 0.641843 0.548257
vt 0.747411 0.028495
vt 0.748605 0.023321
vt 0.752894 0.025543
vt 0.99586 0.752962
vt 0.99586 0.75536
vt 0.991852 0.754133
vt 0.360524 0.980772
vt 0.363108 0.983864
vt 0.361356 0.983661
vt 0.994643 0.776759
vt 0.995615 0.778291
vt 0.991852 0.778291
vt 0.92074 0.822343
vt 0.922356 0.823891
vt 0.920825 0.829563
vt 0.360524 0.990773
vt 0.91787 0.829036
vt 0.993517 0.121566
vt 0.991852 0.120024
vt 0.998409 0.120024
vt 0.997915 0.203141
vt 0.998214 0.206101
vt 0.991852 0.206101
vt 0.946118 0.982696
vt 0.948039 0.980772
vt 0.948039 0.989473
vt 0.919495 0.836759
vt 0.922356 0.83643
vt 0.773871 0.579428
vt 0.998279 0.185221
vt 0.991852 0.185221
vt 0.993114 0.183069
vt 0.772493 0.579966
vt 0.145936 0.429118
vt 0.144218 0.428953
vt 0.998041 0.243731
vt 0.998041 0.246522
vt 0.991852 0.244257
vt 0.991852 0.412521
vt 0.992392 0.410842
vt 0.997674 0.412521
vt 0.1442 0.434975
vt 0.991852 0.443874
vt 0.997567 0.442688
vt 0.997567 0.444342
vt 0.164644 0.322463
vt 0.165954 0.330922
vt 0.16349 0.330706
vt 0.721464 0.840506
vt 0.719855 0.840247
vt 0.719475 0.831396
vt 0.670019 0.948304
vt 0.670805 0.957144
vt 0.668678 0.95775
vt 0.896899 0.511838
vt 0.949951 0.737186
vt 0.942461 0.734939
vt 0.9538 0.715622
vt 0.944847 0.716058
vt 0.097597 0.739182
vt 0.087521 0.73946
vt 0.942461 0.706209
vt 0.08564 0.747668
vt 0.127619 0.747668
vt 0.370948 0.807422
vt 0.357703 0.778083
vt 0.374721 0.776545
vt 0.384315 0.812088
vt 0.748093 0.032118
vt 0.741193 0.045635
vt 0.739336 0.025898
vt 0.779112 0.023302
vt 0.60617 0.667315
vt 0.604734 0.663273
vt 0.60617 0.651797
vt 0.600593 0.663952
vt 0.1769 0.799871
vt 0.172222 0.795987
vt 0.173286 0.782127
vt 0.165313 0.794099
vt 0.162287 0.787
vt 0.776318 0.057343
vt 0.769089 0.067257
vt 0.168904 0.794739
vt 0.424979 0.917751
vt 0.445045 0.952053
vt 0.424979 0.948409
vt 0.602998 0.669058
vt 0.991852 0.805719
vt 0.991852 0.802538
vt 0.99527 0.803645
vt 0.168484 0.79871
vt 0.163532 0.807481
vt 0.874332 0.341481
vt 0.896153 0.350923
vt 0.870775 0.36404
vt 0.72884 0.067953
vt 0.753429 0.088729
vt 0.980772 0.627521
vt 0.982449 0.62443
vt 0.987884 0.627521
vt 0.056687 0.177182
vt 0.057647 0.184068
vt 0.056687 0.190411
vt 0.170214 0.804113
vt 0.988293 0.624194
vt 0.179997 0.806163
vt 0.453001 0.952013
vt 0.980772 0.675144
vt 0.988301 0.675144
vt 0.987168 0.677076
vt 0.987633 0.390279
vt 0.988865 0.391303
vt 0.980772 0.391303
vt 0.980772 0.535082
vt 0.988545 0.535082
vt 0.988014 0.536421
vt 0.991852 0.236969
vt 0.997262 0.235358
vt 0.998188 0.236969
vt 0.697817 0.663817
vt 0.696282 0.663592
vt 0.697328 0.656983
vt 0.698755 0.657087
vt 0.62251 0.031887
vt 0.623639 0.038432
vt 0.622817 0.03769
vt 0.621075 0.031951
vt 0.696282 0.651053
vt 0.621457 0.025398
vt 0.698483 0.650496
vt 0.623639 0.026021
vt 0.167416 0.813443
vt 0.933127 0.317807
vt 0.938078 0.322539
vt 0.933127 0.354618
vt 0.896116 0.372499
vt 0.826277 0.3967
vt 0.793851 0.405227
vt 0.79257 0.379084
vt 0.162287 0.845493
vt 0.198787 0.82552
vt 0.455937 0.91471
vt 0.214867 0.801709
vt 0.866392 0.919783
vt 0.868237 0.893889
vt 0.903141 0.90961
vt 0.602861 0.171679
vt 0.632373 0.216259
vt 0.605414 0.223602
vt 0.903141 0.931301
vt 0.877864 0.934584
vt 0.392439 0.160714
vt 0.372653 0.152693
vt 0.40403 0.118378
vt 0.418514 0.12094
vt 0.741688 0.716064
vt 0.752116 0.718687
vt 0.743554 0.754127
vt 0.761643 0.678382
vt 0.755065 0.675678
vt 0.632373 0.169622
vt 0.719599 0.032695
vt 0.678291 0.627917
vt 0.657973 0.617919
vt 0.660424 0.600766
vt 0.720296 0.023302
vt 0.744018 0.104813
vt 0.761643 0.756402
vt 0.713597 0.035011
vt 0.428613 0.675593
vt 0.416305 0.6613
vt 0.443709 0.636932
vt 0.874958 0.385189
vt 0.51294 0.905043
vt 0.534429 0.897172
vt 0.51294 0.936373
vt 0.308276 0.061141
vt 0.323282 0.040587
vt 0.324921 0.061141
vt 0.452989 0.817649
vt 0.434701 0.812455
vt 0.428426 0.7963
vt 0.548522 0.909188
vt 0.535241 0.938078
vt 0.188664 0.945231
vt 0.174556 0.959041
vt 0.174556 0.928268
vt 0.896153 0.394796
vt 0.683033 0.220108
vt 0.674755 0.192964
vt 0.683033 0.191361
vt 0.646348 0.190411
vt 0.638115 0.189606
vt 0.63676 0.142798
vt 0.64568 0.141685
vt 0.674788 0.219471
vt 0.119038 0.008737
vt 0.13451 0.026351
vt 0.120975 0.020858
vt 0.078841 0.012956
vt 0.074986 0.002383
vt 0.859849 0.742358
vt 0.856298 0.708419
vt 0.869629 0.702312
vt 0.085579 0.019046
vt 0.090756 0.031927
vt 0.054193 0.046634
vt 0.871136 0.742901
vt 0.882178 0.700586
vt 0.879839 0.160173
vt 0.892659 0.20574
vt 0.880212 0.20788
vt 0.870518 0.168787
vt 0.121483 0.037196
vt 0.09729 0.079134
vt 0.466079 0.849532
vt 0.430671 0.819257
vt 0.12682 0.031471
vt 0.131921 0.072637
vt 0.460996 0.85404
vt 0.882178 0.743988
vt 0.878991 0.756402
vt 0.9098 0.353847
vt 0.908601 0.30912
vt 0.922356 0.315649
vt 0.922356 0.356365
vt 0.898239 0.31696
vt 0.900182 0.348815
vt 0.124826 0.068864
vt 0.703317 0.234083
vt 0.709147 0.2213
vt 0.709236 0.231112
vt 0.253262 0.120309
vt 0.252409 0.120857
vt 0.253299 0.113036
vt 0.757161 0.309199
vt 0.75796 0.301957
vt 0.759896 0.302184
vt 0.053686 0.92848
vt 0.0559 0.929008
vt 0.055107 0.936331
vt 0.988015 0.84183
vt 0.980821 0.843863
vt 0.980772 0.84183
vt 0.757161 0.295098
vt 0.759129 0.294344
vt 0.952603 0.988709
vt 0.950554 0.989459
vt 0.950554 0.980772
vt 0.441764 0.990551
vt 0.439625 0.981205
vt 0.441764 0.980772
vt 0.253299 0.127523
vt 0.501776 0.564003
vt 0.50485 0.57358
vt 0.501776 0.574726
vt 0.0559 0.921005
vt 0.938494 0.988817
vt 0.93519 0.989409
vt 0.93519 0.980772
vt 0.997122 0.530345
vt 0.997122 0.534691
vt 0.991852 0.531289
vt 0.703317 0.221366
vt 0.994208 0.860825
vt 0.991852 0.860825
vt 0.994183 0.858549
vt 0.004306 0.171088
vt 0.001907 0.171087
vt 0.002202 0.164203
vt 0.495554 0.574726
vt 0.495521 0.568006
vt 0.497863 0.574645
vt 0.004601 0.164204
vt 0.497863 0.561031
vt 0.49783 0.567925
vt 0.006988 0.178823
vt 0.004303 0.177826
vt 0.998428 0.116081
vt 0.998428 0.117509
vt 0.991852 0.117304
vt 0.988695 0.451766
vt 0.982734 0.453247
vt 0.980772 0.451766
vt 0.988239 0.757672
vt 0.987688 0.759003
vt 0.980772 0.757672
vt 0.980772 0.766366
vt 0.988173 0.76504
vt 0.988173 0.767233
vt 0.001907 0.183423
vt 0.562498 0.863493
vt 0.562498 0.910128
vt 0.548258 0.90471
vt 0.844723 0.760091
vt 0.859468 0.757951
vt 0.849131 0.811397
vt 0.223544 0.710982
vt 0.220654 0.623603
vt 0.246311 0.655389
vt 0.24295 0.707497
vt 0.843199 0.786852
vt 0.84724 0.818312
vt 0.82598 0.820963
vt 0.84724 0.848904
vt 0.944829 0.855975
vt 0.923317 0.820339
vt 0.945066 0.820339
vt 0.517079 0.013459
vt 0.494212 0.031444
vt 0.45982 0.008734
vt 0.818984 0.848987
vt 0.859468 0.815796
vt 0.720254 0.929344
vt 0.720254 0.897689
vt 0.746565 0.92559
vt 0.342162 0.146216
vt 0.315676 0.099102
vt 0.332052 0.071432
vt 0.360585 0.076852
vt 0.375945 0.112227
vt 0.370073 0.154712
vt 0.641051 0.040564
vt 0.758149 0.362004
vt 0.649842 0.036561
vt 0.187232 0.835653
vt 0.211103 0.839289
vt 0.833558 0.644606
vt 0.85755 0.641847
vt 0.833558 0.679363
vt 0.752908 0.913034
vt 0.726357 0.886388
vt 0.308613 0.108981
vt 0.321028 0.144193
vt 0.859468 0.677819
vt 0.118788 0.12927
vt 0.109261 0.096404
vt 0.118788 0.095438
vt 0.37809 0.061399
vt 0.394796 0.072359
vt 0.486396 0.854689
vt 0.473563 0.809769
vt 0.489128 0.7963
vt 0.184971 0.674591
vt 0.892771 0.73891
vt 0.899647 0.73225
vt 0.899647 0.780858
vt 0.164183 0.653078
vt 0.173895 0.642955
vt 0.17166 0.666131
vt 0.183629 0.668839
vt 0.17706 0.666036
vt 0.800322 0.426626
vt 0.825691 0.419012
vt 0.79257 0.447203
vt 0.389167 0.685031
vt 0.400037 0.726705
vt 0.376023 0.725011
vt 0.33974 0.711629
vt 0.33974 0.679725
vt 0.453318 0.027893
vt 0.861873 0.043187
vt 0.848423 0.043652
vt 0.853137 0.002988
vt 0.042904 0.209626
vt 0.042904 0.18312
vt 0.054153 0.198855
vt 0.868203 0.006497
vt 0.448767 0.008734
vt 0.853479 0.061141
vt 0.434676 0.029272
vt 0.664566 0.399438
vt 0.672552 0.407352
vt 0.664566 0.412265
vt 0.242369 0.719717
vt 0.454026 0.001751
vt 0.225418 0.718952
vt 0.822645 0.728554
vt 0.8318 0.729778
vt 0.835012 0.746414
vt 0.832473 0.754655
vt 0.822645 0.747888
vt 0.186949 0.711536
vt 0.177691 0.682474
vt 0.18222 0.719717
vt 0.824494 0.695894
vt 0.834425 0.691387
vt 0.053478 0.173701
vt 0.168352 0.890912
vt 0.534547 0.571232
vt 0.52827 0.569162
vt 0.534547 0.557528
vt 0.378754 0.960121
vt 0.37947 0.931679
vt 0.384315 0.934685
vt 0.394109 0.893014
vt 0.391253 0.906175
vt 0.188156 0.594018
vt 0.195651 0.616837
vt 0.189175 0.615252
vt 0.952053 0.653125
vt 0.946862 0.656829
vt 0.946862 0.631559
vt 0.103066 0.80074
vt 0.103066 0.826277
vt 0.094442 0.817273
vt 0.364577 0.934204
vt 0.360874 0.929782
vt 0.931444 0.504599
vt 0.936331 0.506699
vt 0.931444 0.541535
vt 0.360874 0.962535
vt 0.282408 0.161203
vt 0.286489 0.190034
vt 0.282408 0.197398
vt 0.544795 0.033191
vt 0.188156 0.623639
vt 0.539589 0.225203
vt 0.028506 0.451526
vt 0.029023 0.444119
vt 0.036657 0.445779
vt 0.036685 0.448743
vt 0.036685 0.471659
vt 0.029081 0.467928
vt 0.44954 0.396246
vt 0.449565 0.393029
vt 0.457684 0.399163
vt 0.44954 0.421
vt 0.245648 0.90251
vt 0.254433 0.906412
vt 0.248607 0.909806
vt 0.988948 0.049627
vt 0.988948 0.056594
vt 0.980772 0.051613
vt 0.868203 0.060766
vt 0.456344 0.417161
vt 0.92548 0.309246
vt 0.931091 0.31467
vt 0.92548 0.327559
vt 0.094646 0.980772
vt 0.101126 0.990985
vt 0.092789 0.990985
vt 0.465821 0.857721
vt 0.879381 0.114536
vt 0.885672 0.149073
vt 0.879381 0.153726
vt 0.10164 0.097769
vt 0.097726 0.086323
vt 0.133401 0.078837
vt 0.31444 0.828037
vt 0.29944 0.842912
vt 0.293648 0.833356
vt 0.288824 0.798106
vt 0.290393 0.788504
vt 0.731946 0.434685
vt 0.729331 0.440215
vt 0.729331 0.42849
vt 0.651878 0.092901
vt 0.658475 0.089166
vt 0.650508 0.099573
vt 0.667311 0.082668
vt 0.655873 0.051695
vt 0.6657 0.048529
vt 0.660712 0.008024
vt 0.062741 0.095308
vt 0.650508 0.002251
vt 0.040498 0.097354
vt 0.047799 0.085204
vt 0.288824 0.850734
vt 0.237354 0.980772
vt 0.237354 0.990982
vt 0.233586 0.985458
vt 0.991852 0.460166
vt 0.997382 0.458099
vt 0.997382 0.462183
vt 0.120228 0.482249
vt 0.121619 0.48794
vt 0.120228 0.497863
vt 0.536294 0.530271
vt 0.522919 0.54157
vt 0.517918 0.530211
vt 0.515334 0.493258
vt 0.529754 0.493404
vt 0.987685 0.932903
vt 0.986388 0.936479
vt 0.980772 0.932903
vt 0.167451 0.647024
vt 0.980772 0.64147
vt 0.988123 0.640607
vt 0.988393 0.64147
vt 0.548292 0.714599
vt 0.550459 0.714337
vt 0.552016 0.721464
vt 0.362882 0.440215
vt 0.364583 0.433406
vt 0.366846 0.433592
vt 0.991852 0.031935
vt 0.998668 0.031935
vt 0.998406 0.032874
vt 0.548721 0.707164
vt 0.552016 0.707306
vt 0.366029 0.425997
vt 0.362882 0.426335
vt 0.995538 0.770884
vt 0.993918 0.774244
vt 0.991852 0.770884
vt 0.16385 0.646366
vt 0.124029 0.493917
vt 0.550278 0.700133
vt 0.661315 0.565991
vt 0.661315 0.546448
vt 0.66651 0.546288
vt 0.669058 0.562932
vt 0.510476 0.55551
vt 0.496675 0.531936
vt 0.498104 0.531777
vt 0.49961 0.538041
vt 0.565929 0.262782
vt 0.569006 0.269262
vt 0.567613 0.268934
vt 0.496066 0.526148
vt 0.565929 0.276008
vt 0.494426 0.538041
vt 0.494637 0.526307
vt 0.687116 0.5936
vt 0.689991 0.593432
vt 0.691767 0.599182
vt 0.571232 0.263051
vt 0.980772 0.814175
vt 0.986369 0.81256
vt 0.988138 0.814175
vt 0.92308 0.787846
vt 0.92308 0.775443
vt 0.92585 0.775861
vt 0.001258 0.980772
vt 0.004151 0.980823
vt 0.001258 0.991453
vt 0.736835 0.932579
vt 0.74068 0.943747
vt 0.737634 0.943995
vt 0.923202 0.763181
vt 0.623283 0.222328
vt 0.625885 0.221127
vt 0.627132 0.232161
vt 0.623283 0.234083
vt 0.736835 0.955547
vt 0.400037 0.531601
vt 0.400037 0.545029
vt 0.396155 0.543163
vt 0.09803 0.207161
vt 0.104668 0.21821
vt 0.10101 0.220108
vt 0.726998 0.452808
vt 0.731239 0.452993
vt 0.733693 0.463221
vt 0.726998 0.464672
vt 0.104813 0.207161
vt 0.997724 0.393199
vt 0.997595 0.394396
vt 0.991852 0.393199
vt 0.691767 0.587183
vt 0.988164 0.780208
vt 0.986848 0.78232
vt 0.980772 0.780208
vt 0.312245 0.592604
vt 0.314008 0.583739
vt 0.351802 0.583739
vt 0.352408 0.603635
vt 0.649842 0.265776
vt 0.649842 0.295224
vt 0.642731 0.292416
vt 0.641284 0.278913
vt 0.960839 0.849747
vt 0.954238 0.842329
vt 0.966028 0.83782
vt 0.418154 0.906589
vt 0.421 0.919186
vt 0.418154 0.927597
vt 0.980772 0.952659
vt 0.987541 0.952659
vt 0.983744 0.95788
vt 0.510476 0.488232
vt 0.531802 0.484082
vt 0.056626 0.079414
vt 0.102143 0.118787
vt 0.080757 0.104266
vt 0.967633 0.420936
vt 0.965712 0.42159
vt 0.963157 0.414961
vt 0.988412 0.613021
vt 0.980772 0.613021
vt 0.981119 0.611667
vt 0.594346 0.489141
vt 0.595688 0.488727
vt 0.593562 0.496116
vt 0.966313 0.426775
vt 0.996928 0.636383
vt 0.991857 0.637823
vt 0.991852 0.636383
vt 0.593562 0.483125
vt 0.969522 0.426759
vt 0.64552 0.085597
vt 0.646767 0.08032
vt 0.649842 0.081266
vt 0.966366 0.433211
vt 0.963157 0.433228
vt 0.64552 0.073276
vt 0.649086 0.073538
vt 0.515135 0.4885
vt 0.108467 0.121455
vt 0.10475 0.113702
vt 0.992606 0.214029
vt 0.998272 0.215148
vt 0.991852 0.215148
vt 0.085035 0.161444
vt 0.081301 0.125086
vt 0.33441 0.632373
vt 0.13451 0.156999
vt 0.117777 0.175742
vt 0.083456 0.814784
vt 0.088219 0.819206
vt 0.075373 0.822181
vt 0.080856 0.838134
vt 0.518773 0.853001
vt 0.511698 0.845429
vt 0.519516 0.838961
vt 0.359377 0.880511
vt 0.362303 0.874364
vt 0.372087 0.877981
vt 0.527068 0.844233
vt 0.066027 0.831326
vt 0.366713 0.889917
vt 0.531871 0.846572
vt 0.541998 0.832326
vt 0.099573 0.831742
vt 0.543282 0.854228
vt 0.512081 0.816954
vt 0.348397 0.865043
vt 0.347028 0.852509
vt 0.350352 0.87452
vt 0.530301 0.831767
vt 0.524304 0.811401
vt 0.533783 0.811459
vt 0.340014 0.865149
vt 0.063913 0.450407
vt 0.066382 0.464672
vt 0.057126 0.459482
vt 0.057164 0.448461
vt 0.066382 0.436845
vt 0.163137 0.013797
vt 0.163551 0.002267
vt 0.171195 0.00283
vt 0.363814 0.904887
vt 0.356159 0.902937
vt 0.171195 0.019216
vt 0.627132 0.482141
vt 0.624413 0.467238
vt 0.627132 0.453212
vt 0.060466 0.844
vt 0.080727 0.857587
vt 0.060466 0.87519
vt 0.358933 0.893064
vt 0.349686 0.897596
vt 0.350761 0.888414
vt 0.92781 0.118595
vt 0.930578 0.104763
vt 0.939663 0.101642
vt 0.943319 0.112079
vt 0.93526 0.118635
vt 0.340603 0.891594
vt 0.33807 0.904887
vt 0.178088 0.033073
vt 0.178381 0.015123
vt 0.186917 0.01912
vt 0.186703 0.033829
vt 0.943319 0.132576
vt 0.935378 0.129881
vt 0.942802 0.920455
vt 0.940628 0.930267
vt 0.936832 0.932063
vt 0.945066 0.920615
vt 0.927582 0.925043
vt 0.943686 0.909511
vt 0.256819 0.328298
vt 0.256819 0.31084
vt 0.264714 0.317746
vt 0.267274 0.328415
vt 0.980772 0.206297
vt 0.980772 0.201983
vt 0.988957 0.203037
vt 0.031309 0.5987
vt 0.031346 0.583976
vt 0.034938 0.583453
vt 0.988957 0.204474
vt 0.331577 0.90259
vt 0.034938 0.599182
vt 0.945066 0.942921
vt 0.925765 0.935595
vt 0.942243 0.945066
vt 0.193289 0.551569
vt 0.193904 0.566153
vt 0.182903 0.566632
vt 0.179294 0.555967
vt 0.635867 0.013975
vt 0.634968 0.013287
vt 0.635867 0.001644
vt 0.716224 0.163815
vt 0.716224 0.174689
vt 0.712997 0.17217
vt 0.112453 0.990828
vt 0.103642 0.990947
vt 0.103642 0.980772
vt 0.337777 0.874678
vt 0.329616 0.86426
vt 0.15502 0.368871
vt 0.151932 0.375581
vt 0.151479 0.369035
vt 0.324921 0.016427
vt 0.319326 0.019216
vt 0.318046 0.001482
vt 0.155473 0.358531
vt 0.151549 0.358131
vt 0.139349 0.362377
vt 0.324921 0.001812
vt 0.155473 0.375417
vt 0.864707 0.959081
vt 0.858678 0.955325
vt 0.861615 0.953242
vt 0.043913 0.118788
vt 0.042931 0.112135
vt 0.05066 0.115286
vt 0.960822 0.741789
vt 0.967775 0.745487
vt 0.959487 0.748112
vt 0.313893 0.017172
vt 0.861406 0.96044
vt 0.678515 0.224864
vt 0.68478 0.227436
vt 0.678515 0.237577
vt 0.181676 0.860128
vt 0.174254 0.847493
vt 0.178597 0.847549
vt 0.517709 0.378651
vt 0.524066 0.392586
vt 0.517709 0.393049
vt 0.930086 0.132853
vt 0.019108 0.035326
vt 0.02271 0.035326
vt 0.019319 0.048913
vt 0.193289 0.581713
vt 0.177873 0.860349
vt 0.382505 0.21512
vt 0.386062 0.229114
vt 0.382505 0.230589
vt 0.045691 0.102316
vt 0.04851 0.103478
vt 0.05066 0.099648
vt 0.498366 0.085597
vt 0.49846 0.081634
vt 0.504497 0.084707
vt 0.504591 0.080744
vt 0.492605 0.071834
vt 0.503768 0.072889
vt 0.510149 0.516617
vt 0.509558 0.511569
vt 0.513585 0.518825
vt 0.188664 0.151979
vt 0.183219 0.145602
vt 0.188231 0.141792
vt 0.179294 0.577068
vt 0.965231 0.755695
vt 0.098337 0.856108
vt 0.085053 0.875128
vt 0.842961 0.884304
vt 0.819274 0.875653
vt 0.844582 0.866515
vt 0.205697 0.446603
vt 0.209626 0.45089
vt 0.205697 0.461178
vt 0.334222 0.851972
vt 0.946361 0.112587
vt 0.955547 0.112531
vt 0.955427 0.1248
vt 0.583516 0.899586
vt 0.583413 0.888387
vt 0.592195 0.889263
vt 0.946361 0.125868
vt 0.904694 0.124146
vt 0.914091 0.113327
vt 0.912614 0.124888
vt 0.911097 0.132686
vt 0.904505 0.134549
vt 0.592195 0.899647
vt 0.911412 0.92749
vt 0.915335 0.924709
vt 0.920609 0.936979
vt 0.915535 0.937986
vt 0.913716 0.945853
vt 0.918335 0.946813
vt 0.846344 0.116171
vt 0.857721 0.111946
vt 0.857721 0.12011
vt 0.509494 0.810845
vt 0.506586 0.803203
vt 0.52277 0.805226
vt 0.847313 0.122282
vt 0.846362 0.110765
vt 0.445456 0.903335
vt 0.439013 0.911875
vt 0.439819 0.902719
vt 0.445065 0.887073
vt 0.521871 0.797188
vt 0.687566 0.035843
vt 0.683296 0.028931
vt 0.69002 0.029422
vt 0.69002 0.041925
vt 0.919889 0.115745
vt 0.924103 0.107119
vt 0.916383 0.125197
vt 0.920763 0.118992
vt 0.683296 0.032057
vt 0.947802 0.138004
vt 0.909458 0.912894
vt 0.909458 0.93873
vt 0.821037 0.826277
vt 0.812737 0.820438
vt 0.821037 0.814861
vt 0.439428 0.886457
vt 0.786924 0.51244
vt 0.764896 0.529586
vt 0.762762 0.513299
vt 0.785434 0.496197
vt 0.543282 0.790247
vt 0.439013 0.865024
vt 0.786989 0.536863
vt 0.762762 0.550961
vt 0.760725 0.919254
vt 0.765136 0.935578
vt 0.761605 0.934151
vt 0.555101 0.255049
vt 0.551838 0.254627
vt 0.557257 0.240668
vt 0.789389 0.498266
vt 0.800558 0.514616
vt 0.915712 0.130967
vt 0.537077 0.382568
vt 0.536422 0.376638
vt 0.537386 0.376387
vt 0.538041 0.369043
vt 0.538041 0.382317
vt 0.141639 0.059631
vt 0.138059 0.063434
vt 0.13984 0.057904
vt 0.144992 0.052473
vt 0.144869 0.055632
vt 0.914936 0.142033
vt 0.508196 0.510109
vt 0.507966 0.508639
vt 0.512883 0.506549
vt 0.51055 0.50577
vt 0.185374 0.140316
vt 0.511481 0.50285
vt 0.513585 0.502159
vt 0.186965 0.135082
vt 0.502818 0.50926
vt 0.502827 0.51294
vt 0.501656 0.51071
vt 0.426917 0.98499
vt 0.43025 0.986419
vt 0.427352 0.989448
vt 0.432327 0.984251
vt 0.423459 0.98763
vt 0.991852 0.735574
vt 0.996039 0.732988
vt 0.996039 0.735847
vt 0.42696 0.981511
vt 0.432283 0.982824
vt 0.423068 0.984598
vt 0.430815 0.990253
vt 0.43237 0.985678
vt 0.079662 0.986236
vt 0.079456 0.980772
vt 0.080387 0.981133
vt 0.140247 0.062939
vt 0.141658 0.066886
vt 0.139736 0.068319
vt 0.078731 0.985876
vt 0.918305 0.135434
vt 0.980772 0.503681
vt 0.985247 0.503681
vt 0.983466 0.506152
vt 0.98132 0.506646
vt 0.988401 0.50541
vt 0.985988 0.508819
vt 0.994698 0.365723
vt 0.993942 0.371094
vt 0.991852 0.367312
vt 0.995348 0.381537
vt 0.991852 0.379014
vt 0.995751 0.379014
vt 0.9977 0.379014
vt 0.080387 0.99137
vt 0.144603 0.071622
vt 0.92333 0.139114
vt 0.924103 0.137852
vt 0.144992 0.069401
vt 0.981513 0.508819
vt 0.578712 0.989877
vt 0.569756 0.989647
vt 0.578712 0.980772
vt 0.179929 0.79134
vt 0.177456 0.789773
vt 0.179929 0.780285
vt 0.692575 0.801616
vt 0.691599 0.790009
vt 0.700583 0.792099
vt 0.702249 0.804144
vt 0.90961 0.145757
vt 0.591569 0.843758
vt 0.590251 0.832095
vt 0.595159 0.832734
vt 0.597435 0.844379
vt 0.890005 0.583946
vt 0.894406 0.594807
vt 0.881409 0.58919
vt 0.880206 0.585301
vt 0.878593 0.579727
vt 0.698837 0.810556
vt 0.916706 0.145507
vt 0.918588 0.151979
vt 0.394796 0.198119
vt 0.38972 0.199999
vt 0.384243 0.196416
vt 0.691599 0.807682
vt 0.59675 0.850138
vt 0.388956 0.206972
vt 0.394796 0.201407
vt 0.590251 0.850734
vt 0.394796 0.209626
vt 0.250499 0.980772
vt 0.250499 0.990915
vt 0.245427 0.985019
vt 0.071266 0.980772
vt 0.076122 0.98722
vt 0.071266 0.989041
vt 0.98211 0.650052
vt 0.980772 0.643985
vt 0.98747 0.645216
vt 0.501639 0.953997
vt 0.49463 0.96097
vt 0.49379 0.954951
vt 0.988131 0.650052
vt 0.495703 0.069867
vt 0.987495 0.803143
vt 0.98136 0.806291
vt 0.980772 0.803143
vt 0.50485 0.069867
vt 0.988083 0.806291
vt 0.997575 0.370737
vt 0.995952 0.738362
vt 0.995638 0.74202
vt 0.991852 0.739164
vt 0.991852 0.842499
vt 0.994566 0.842499
vt 0.992244 0.844219
vt 0.987661 0.950144
vt 0.980772 0.950144
vt 0.980825 0.946521
vt 0.311888 0.002692
vt 0.986828 0.946591
vt 0.076216 0.991206
vt 0.087323 0.211301
vt 0.091595 0.20551
vt 0.094332 0.209958
vt 0.894406 0.602846
vt 0.882817 0.595932
vt 0.873018 0.603315
vt 0.87381 0.621598
vt 0.894406 0.609879
vt 0.762975 0.938078
vt 0.349377 0.022548
vt 0.346455 0.016163
vt 0.348852 0.016457
vt 0.760725 0.937071
vt 0.554756 0.263187
vt 0.551631 0.258287
vt 0.553829 0.257822
vt 0.346455 0.021213
vt 0.551564 0.263582
vt 0.549575 0.263444
vt 0.798703 0.003276
vt 0.804174 0.001396
vt 0.800434 0.021481
vt 0.796023 0.005219
vt 0.348852 0.026556
vt 0.346455 0.026262
vt 0.348053 0.033191
vt 0.553486 0.269016
vt 0.555683 0.268551
vt 0.87381 0.585425
vt 0.875805 0.585492
vt 0.878211 0.590258
vt 0.002401 0.831069
vt 0.017126 0.835334
vt 0.007111 0.857634
vt 0.827217 0.021302
vt 0.557257 0.276008
vt 0.032756 0.841038
vt 0.188664 0.134606
vt 0.18659 0.129326
vt 0.512213 0.49702
vt 0.43237 0.980772
vt 0.51034 0.49918
vt 0.991852 0.763324
vt 0.991852 0.761295
vt 0.995812 0.761489
vt 0.997575 0.365777
vt 0.992062 0.74202
vt 0.996866 0.658172
vt 0.994525 0.659968
vt 0.991852 0.658172
vt 0.997249 0.496827
vt 0.991852 0.496827
vt 0.992246 0.493726
vt 0.451702 0.981538
vt 0.448202 0.983891
vt 0.4467 0.980772
vt 0.445949 0.984891
vt 0.451287 0.983937
vt 0.991852 0.575592
vt 0.997132 0.575592
vt 0.994185 0.577706
vt 0.451702 0.987216
vt 0.997804 0.330115
vt 0.99215 0.333765
vt 0.991852 0.330115
vt 0.44803 0.990262
vt 0.445363 0.987983
vt 0.99646 0.333568
vt 0.991852 0.586614
vt 0.994389 0.584539
vt 0.997111 0.586614
vt 0.997376 0.468235
vt 0.991852 0.468235
vt 0.996039 0.464699
vt 0.800446 0.046901
vt 0.803568 0.540084
vt 0.44428 0.982632
vt 0.991852 0.641716
vt 0.994549 0.640338
vt 0.996923 0.641716
vt 0.991852 0.190578
vt 0.996514 0.187736
vt 0.998232 0.190578
vt 0.828024 0.049807
vt 0.028749 0.889165
vt 0.002401 0.88499
vt 0.032291 0.864389
vt 0.79514 0.213682
vt 0.805315 0.213682
vt 0.803833 0.220624
vt 0.800374 0.225348
vt 0.176721 0.675081
vt 0.168549 0.673876
vt 0.173054 0.682618
vt 0.16033 0.676691
vt 0.86995 0.189133
vt 0.859711 0.197398
vt 0.859711 0.186061
vt 0.869018 0.197207
vt 0.931905 0.300465
vt 0.931905 0.263513
vt 0.940346 0.265717
vt 0.941572 0.295675
vt 0.36856 0.614315
vt 0.375267 0.598219
vt 0.389279 0.596582
vt 0.393648 0.612264
vt 0.419253 0.6136
vt 0.958731 0.851003
vt 0.966028 0.861215
vt 0.884272 0.960788
vt 0.881044 0.949225
vt 0.88502 0.947982
vt 0.362887 0.600392
vt 0.95004 0.845635
vt 0.858324 0.984754
vt 0.855056 0.989579
vt 0.855056 0.980772
vt 0.885672 0.93694
vt 0.879798 0.93694
vt 0.41288 0.623262
vt 0.920026 0.158004
vt 0.931091 0.154677
vt 0.920686 0.180695
vt 0.857295 0.892629
vt 0.861215 0.869609
vt 0.783228 0.001514
vt 0.792103 0.004156
vt 0.79658 0.042253
vt 0.931091 0.195651
vt 0.788654 0.043887
vt 0.797495 0.556334
vt 0.782217 0.569485
vt 0.843037 0.980772
vt 0.846859 0.983006
vt 0.843037 0.989561
vt 0.875643 0.980772
vt 0.876942 0.989485
vt 0.872512 0.989485
vt 0.026801 0.915369
vt 0.025095 0.906407
vt 0.02795 0.906399
vt 0.517118 0.980772
vt 0.519968 0.988079
vt 0.517118 0.990322
vt 0.337149 0.674298
vt 0.334351 0.673394
vt 0.334351 0.663316
vt 0.337149 0.66422
vt 0.662784 0.989923
vt 0.661131 0.980772
vt 0.665316 0.980772
vt 0.071964 0.518825
vt 0.070761 0.510124
vt 0.073369 0.509358
vt 0.960096 0.040404
vt 0.962888 0.04017
vt 0.96418 0.047166
vt 0.13451 0.167846
vt 0.133076 0.16775
vt 0.13451 0.161003
vt 0.980772 0.42137
vt 0.98877 0.42137
vt 0.988506 0.422826
vt 0.98838 0.416843
vt 0.988761 0.418855
vt 0.980772 0.418855
vt 0.13451 0.174689
vt 0.921076 0.989489
vt 0.918452 0.980772
vt 0.920073 0.981186
vt 0.86084 0.98138
vt 0.862684 0.980772
vt 0.862684 0.989622
vt 0.070761 0.502135
vt 0.918075 0.989489
vt 0.023854 0.899835
vt 0.026119 0.900675
vt 0.962779 0.034521
vt 0.964282 0.033673
vt 0.02795 0.894792
vt 0.960096 0.027555
vt 0.961921 0.034082
vt 0.824943 0.068129
vt 0.796023 0.063155
vt 0.585666 0.829114
vt 0.587606 0.854497
vt 0.56815 0.854438
vt 0.565549 0.829759
vt 0.601703 0.88528
vt 0.604423 0.857368
vt 0.585666 0.884063
vt 0.114908 0.206133
vt 0.086719 0.184291
vt 0.066859 0.163533
vt 0.082008 0.175348
vt 0.073594 0.171962
vt 0.067294 0.198256
vt 0.441346 0.3899
vt 0.431872 0.350609
vt 0.447203 0.310821
vt 0.019146 0.154831
vt 0.011895 0.19098
vt 0.001521 0.111198
vt 0.565549 0.885672
vt 0.492882 0.312693
vt 0.493886 0.282645
vt 0.536958 0.307586
vt 0.613621 0.595688
vt 0.939109 0.353044
vt 0.938264 0.338207
vt 0.952956 0.33824
vt 0.651763 0.378045
vt 0.656343 0.395181
vt 0.644757 0.386372
vt 0.9538 0.353077
vt 0.640962 0.380104
vt 0.926537 0.880431
vt 0.661716 0.380728
vt 0.938264 0.37117
vt 0.951731 0.372087
vt 0.676489 0.384749
vt 0.675337 0.39829
vt 0.636069 0.357536
vt 0.529842 0.990031
vt 0.522483 0.98771
vt 0.529842 0.980772
vt 0.653097 0.354702
vt 0.63792 0.352862
vt 0.656779 0.373581
vt 0.661909 0.305858
vt 0.681286 0.311785
vt 0.254557 0.743986
vt 0.462925 0.956466
vt 0.462925 0.974763
vt 0.449159 0.974716
vt 0.945066 0.197398
vt 0.936434 0.197398
vt 0.943926 0.182472
vt 0.447831 0.960529
vt 0.618501 0.845465
vt 0.307232 0.612642
vt 0.311968 0.619743
vt 0.303528 0.618713
vt 0.253501 0.001618
vt 0.258539 0.008769
vt 0.253501 0.013975
vt 0.644774 0.782418
vt 0.650761 0.786644
vt 0.653336 0.793087
vt 0.316187 0.612445
vt 0.316187 0.625386
vt 0.653336 0.778617
vt 0.681286 0.391085
vt 0.17537 0.501765
vt 0.187126 0.501081
vt 0.179137 0.508344
vt 0.914305 0.870698
vt 0.187939 0.477931
vt 0.188664 0.486393
vt 0.17537 0.486214
vt 0.419051 0.564242
vt 0.442235 0.584151
vt 0.441597 0.593679
vt 0.108605 0.362125
vt 0.439585 0.566258
vt 0.925809 0.510839
vt 0.914383 0.527223
vt 0.913639 0.506011
vt 0.385695 0.565991
vt 0.390045 0.552857
vt 0.562497 0.340643
vt 0.641601 0.019216
vt 0.991852 0.045881
vt 0.99768 0.044778
vt 0.998605 0.045881
vt 0.640417 0.018066
vt 0.980772 0.787251
vt 0.987683 0.784835
vt 0.988148 0.787251
vt 0.988132 0.816691
vt 0.987472 0.818285
vt 0.980772 0.816691
vt 0.899647 0.688273
vt 0.460994 0.563444
vt 0.927597 0.541333
vt 0.913639 0.548522
vt 0.467213 0.593942
vt 0.133864 0.421094
vt 0.135053 0.365507
vt 0.469913 0.584523
vt 0.872122 0.856203
vt 0.908381 0.855463
vt 0.89737 0.88825
vt 0.866941 0.890176
vt 0.835012 0.18776
vt 0.798138 0.208009
vt 0.797781 0.183864
vt 0.797781 0.151945
vt 0.830216 0.218361
vt 0.830834 0.155567
vt 0.799095 0.486175
vt 0.988503 0.559588
vt 0.980772 0.559588
vt 0.980931 0.558212
vt 0.951052 0.223525
vt 0.951431 0.216056
vt 0.9538 0.223896
vt 0.054785 0.801549
vt 0.059394 0.794887
vt 0.057831 0.801404
vt 0.055948 0.812302
vt 0.950733 0.234083
vt 0.949368 0.23237
vt 0.930419 0.980772
vt 0.931698 0.989314
vt 0.930419 0.989483
vt 0.949036 0.216373
vt 0.947325 0.208868
vt 0.932675 0.988419
vt 0.992352 0.066041
vt 0.991852 0.064692
vt 0.998566 0.064692
vt 0.908381 0.908381
vt 0.77723 0.57277
vt 0.821037 0.572736
vt 0.801582 0.592383
vt 0.778396 0.589422
vt 0.797488 0.710498
vt 0.52312 0.982556
vt 0.529307 0.461446
vt 0.522706 0.459097
vt 0.648932 0.298353
vt 0.235855 0.167085
vt 0.746395 0.826277
vt 0.746395 0.761111
vt 0.754655 0.761322
vt 0.150907 0.67219
vt 0.168355 0.607374
vt 0.174689 0.607312
vt 0.241153 0.15577
vt 0.245288 0.174052
vt 0.255045 0.167247
vt 0.2458 0.095761
vt 0.495888 0.120421
vt 0.463819 0.051072
vt 0.484983 0.057337
vt 0.255045 0.09101
vt 0.323174 0.076261
vt 0.318094 0.065537
vt 0.300725 0.081128
vt 0.267387 0.077438
vt 0.461156 0.124966
vt 0.437542 0.051385
vt 0.421608 0.123715
vt 0.299139 0.160714
vt 0.540441 0.726705
vt 0.540441 0.699567
vt 0.546776 0.703139
vt 0.144509 0.583212
vt 0.49961 0.160808
vt 0.250655 0.051763
vt 0.458036 0.173968
vt 0.48525 0.18517
vt 0.10656 0.796031
vt 0.075084 0.807062
vt 0.075084 0.736264
vt 0.251505 0.148413
vt 0.187442 0.800074
vt 0.180876 0.765304
vt 0.21467 0.76429
vt 0.215159 0.798278
vt 0.180876 0.722942
vt 0.224838 0.722986
vt 0.421608 0.168893
vt 0.600265 0.430592
vt 0.567895 0.420477
vt 0.591076 0.4309
vt 0.904887 0.057647
vt 0.035843 0.21312
vt 0.033057 0.204391
vt 0.040178 0.211733
vt 0.040178 0.1983
vt 0.059394 0.812155
vt 0.779139 0.740072
vt 0.765731 0.753048
vt 0.758758 0.730733
vt 0.787472 0.723794
vt 0.947325 0.233375
vt 0.274819 0.987293
vt 0.277096 0.990949
vt 0.27388 0.990949
vt 0.001602 0.236285
vt 0.00465 0.235288
vt 0.005733 0.239359
vt 0.003704 0.239345
vt 0.276754 0.986657
vt 0.991852 0.179155
vt 0.998319 0.17996
vt 0.991852 0.180554
vt 0.004867 0.245444
vt 0.006988 0.245449
vt 0.001602 0.251552
vt 0.988183 0.797002
vt 0.980772 0.797002
vt 0.981191 0.795624
vt 0.274817 0.980772
vt 0.786133 0.734732
vt 0.79691 0.751895
vt 0.758758 0.788677
vt 0.237577 0.001518
vt 0.237577 0.040178
vt 0.209732 0.036471
vt 0.203269 0.00221
vt 0.815166 0.726551
vt 0.998188 0.230839
vt 0.992919 0.232843
vt 0.991852 0.230839
vt 0.980772 0.084194
vt 0.982139 0.082373
vt 0.989167 0.084194
vt 0.787253 0.79658
vt 0.674696 0.85698
vt 0.719717 0.885672
vt 0.671384 0.88176
vt 0.817543 0.751574
vt 0.556156 0.444803
vt 0.533113 0.427373
vt 0.503721 0.418714
vt 0.759923 0.612256
vt 0.765886 0.604535
vt 0.774559 0.62424
vt 0.148485 0.377711
vt 0.148485 0.405797
vt 0.796543 0.600845
vt 0.781447 0.61726
vt 0.799567 0.640646
vt 0.790524 0.644601
vt 0.937099 0.669266
vt 0.960788 0.670926
vt 0.937099 0.702249
vt 0.821037 0.617271
vt 0.960766 0.700704
vt 0.812918 0.621968
vt 0.598802 0.451131
vt 0.58959 0.452444
vt 0.565344 0.444333
vt 0.479545 0.4071
vt 0.806843 0.714477
vt 0.793772 0.701596
vt 0.642854 0.504202
vt 0.632516 0.571232
vt 0.596818 0.55226
vt 0.718723 0.860544
vt 0.712876 0.84255
vt 0.29052 0.632668
vt 0.307817 0.625598
vt 0.322308 0.631885
vt 0.330069 0.65742
vt 0.814361 0.503103
vt 0.671384 0.830301
vt 0.68561 0.840375
vt 0.337149 0.719717
vt 0.298718 0.625385
vt 0.29737 0.719717
vt 0.260727 0.705794
vt 0.265087 0.635722
vt 0.890089 0.753465
vt 0.897215 0.572755
vt 0.910128 0.567132
vt 0.910128 0.614904
vt 0.901669 0.614898
vt 0.738588 0.407025
vt 0.722475 0.404723
vt 0.252677 0.443709
vt 0.255315 0.409209
vt 0.291717 0.425185
vt 0.29173 0.438178
vt 0.765136 0.499858
vt 0.757903 0.495519
vt 0.076269 0.607222
vt 0.096447 0.625386
vt 0.507403 0.151757
vt 0.547343 0.150981
vt 0.508029 0.166003
vt 0.241284 0.934584
vt 0.241284 0.897447
vt 0.248058 0.932468
vt 0.550189 0.12842
vt 0.572279 0.156357
vt 0.543128 0.17581
vt 0.934195 0.716763
vt 0.941572 0.719144
vt 0.934195 0.751161
vt 0.092585 0.581358
vt 0.080991 0.593942
vt 0.080991 0.564519
vt 0.235714 0.38601
vt 0.253812 0.394382
vt 0.572979 0.129524
vt 0.201735 0.407116
vt 0.202727 0.382969
vt 0.171439 0.383991
vt 0.564452 0.186749
vt 0.202112 0.443709
vt 0.155259 0.440649
vt 0.151872 0.405959
vt 0.21315 0.04212
vt 0.699232 0.704611
vt 0.699807 0.68183
vt 0.723621 0.672184
vt 0.17323 0.980772
vt 0.182607 0.980772
vt 0.178745 0.990859
vt 0.943319 0.469913
vt 0.931755 0.469913
vt 0.937435 0.435804
vt 0.040394 0.4769
vt 0.040394 0.441427
vt 0.054153 0.441987
vt 0.99633 0.616608
vt 0.997012 0.618767
vt 0.991852 0.618767
vt 0.14203 0.433958
vt 0.668334 0.649922
vt 0.716027 0.002139
vt 0.711527 0.028825
vt 0.699829 0.016171
vt 0.693899 0.030172
vt 0.696402 0.668791
vt 0.723211 0.013828
vt 0.69236 0.638288
vt 0.666538 0.671246
vt 0.693514 0.689405
vt 0.706401 0.055846
vt 0.657973 0.695261
vt 0.215237 0.844063
vt 0.220108 0.852361
vt 0.217182 0.853295
vt 0.168236 0.23503
vt 0.164948 0.233417
vt 0.169448 0.224928
vt 0.160107 0.980772
vt 0.161067 0.99022
vt 0.160107 0.991291
vt 0.219371 0.860374
vt 0.169448 0.242817
vt 0.386062 0.956364
vt 0.383162 0.954154
vt 0.385876 0.945128
vt 0.904805 0.989588
vt 0.903442 0.981236
vt 0.904805 0.980772
vt 0.215973 0.861936
vt 0.16349 0.338896
vt 0.719475 0.848987
vt 0.980772 0.070532
vt 0.981438 0.066987
vt 0.989114 0.070532
vt 0.670805 0.966028
vt 0.989321 0.011387
vt 0.980772 0.011488
vt 0.980772 0.007712
vt 0.625372 0.255235
vt 0.628879 0.254332
vt 0.624744 0.267274
vt 0.651481 0.480394
vt 0.649671 0.468365
vt 0.653336 0.468365
vt 0.623639 0.070182
vt 0.623639 0.082104
vt 0.619878 0.082025
vt 0.628879 0.266981
vt 0.383162 0.964282
vt 0.215237 0.86995
vt 0.21705 0.869931
vt 0.980772 0.539812
vt 0.988436 0.538936
vt 0.988436 0.542347
vt 0.729119 0.989805
vt 0.726816 0.988387
vt 0.729119 0.980772
vt 0.688962 0.622443
vt 0.68145 0.620993
vt 0.403453 0.674301
vt 0.024456 0.597435
vt 0.015741 0.593628
vt 0.024456 0.58552
vt 0.311359 0.517611
vt 0.279533 0.531054
vt 0.27563 0.525295
vt 0.606607 0.117415
vt 0.631962 0.123589
vt 0.443709 0.724018
vt 0.402959 0.726705
vt 0.620145 0.316351
vt 0.620145 0.328415
vt 0.617414 0.317466
vt 0.457671 0.911048
vt 0.461178 0.900213
vt 0.459962 0.911888
vt 0.954779 0.51424
vt 0.957855 0.505139
vt 0.960788 0.504632
vt 0.958254 0.514183
vt 0.461178 0.920609
vt 0.314121 0.910176
vt 0.320624 0.921599
vt 0.318167 0.921468
vt 0.321427 0.931169
vt 0.317751 0.930273
vt 0.960788 0.52756
vt 0.314121 0.941572
vt 0.061141 0.820511
vt 0.061141 0.835012
vt 0.059274 0.833032
vt 0.546776 0.735557
vt 0.544555 0.737186
vt 0.544555 0.724397
vt 0.690586 0.065043
vt 0.713392 0.094332
vt 0.357703 0.834008
vt 0.756947 0.479831
vt 0.762435 0.451741
vt 0.785839 0.485635
vt 0.372319 0.841999
vt 0.229756 0.766811
vt 0.239323 0.733989
vt 0.756947 0.416801
vt 0.78759 0.40745
vt 0.789593 0.454623
vt 0.317593 0.528788
vt 0.723211 0.079195
vt 0.213671 0.320843
vt 0.195589 0.349377
vt 0.169166 0.338442
vt 0.174008 0.302035
vt 0.188034 0.261724
vt 0.231112 0.277907
vt 0.347768 0.634027
vt 0.395405 0.640971
vt 0.362537 0.522686
vt 0.667311 0.146606
vt 0.655028 0.143454
vt 0.651822 0.103671
vt 0.223616 0.243014
vt 0.240292 0.265229
vt 0.422747 0.063316
vt 0.637859 0.089998
vt 0.40759 0.061581
vt 0.646348 0.087627
vt 0.031899 0.038262
vt 0.027148 0.029515
vt 0.892659 0.153851
vt 0.042645 0.043521
vt 0.389455 0.02122
vt 0.371767 0.503852
vt 0.318884 0.493293
vt 0.026561 0.076557
vt 0.822784 0.331908
vt 0.814541 0.295915
vt 0.822784 0.29304
vt 0.01737 0.076745
vt 0.281249 0.889423
vt 0.275506 0.890912
vt 0.275506 0.840666
vt 0.372654 0.026786
vt 0.651822 0.18517
vt 0.255241 0.218333
vt 0.401784 0.513916
vt 0.397558 0.531054
vt 0.076863 0.568033
vt 0.072673 0.585584
vt 0.050854 0.588197
vt 0.857426 0.702249
vt 0.623578 0.003158
vt 0.158515 0.382568
vt 0.166434 0.352983
vt 0.195138 0.378224
vt 0.616133 0.01043
vt 0.318487 0.182872
vt 0.312222 0.144823
vt 0.341627 0.181851
vt 0.279521 0.90357
vt 0.288236 0.916102
vt 0.279521 0.938078
vt 0.738135 0.414448
vt 0.754655 0.415251
vt 0.734686 0.440935
vt 0.198268 0.35258
vt 0.394796 0.194715
vt 0.910972 0.047166
vt 0.906912 0.002226
vt 0.922356 0.002226
vt 0.341546 0.201343
vt 0.251912 0.319051
vt 0.262284 0.261447
vt 0.392092 0.21312
vt 0.272204 0.339439
vt 0.266948 0.313138
vt 0.309874 0.309547
vt 0.750222 0.446569
vt 0.309102 0.335906
vt 0.496116 0.042829
vt 0.494736 0.043236
vt 0.492978 0.035603
vt 0.700368 0.220108
vt 0.703835 0.211603
vt 0.707489 0.211279
vt 0.480394 0.248845
vt 0.477581 0.247872
vt 0.473996 0.23943
vt 0.955264 0.896153
vt 0.959172 0.878534
vt 0.969738 0.877411
vt 0.973016 0.896153
vt 0.18517 0.120107
vt 0.18174 0.120535
vt 0.182013 0.112557
vt 0.183699 0.11292
vt 0.987961 0.294224
vt 0.980772 0.291459
vt 0.988912 0.291459
vt 0.849374 0.988782
vt 0.85254 0.980772
vt 0.85254 0.989591
vt 0.307584 0.258436
vt 0.291814 0.230403
vt 0.266859 0.215239
vt 0.295049 0.21978
vt 0.492978 0.050287
vt 0.700368 0.20521
vt 0.49462 0.05066
vt 0.473996 0.255046
vt 0.18174 0.103746
vt 0.981284 0.546549
vt 0.980772 0.544862
vt 0.98852 0.544862
vt 0.240867 0.37771
vt 0.147045 0.172606
vt 0.134307 0.216614
vt 0.126549 0.209686
vt 0.138526 0.170907
vt 0.754655 0.491841
vt 0.241316 0.351728
vt 0.243873 0.321466
vt 0.73848 0.496116
vt 0.345884 0.309403
vt 0.139266 0.126786
vt 0.282567 0.356775
vt 0.282447 0.382568
vt 0.148485 0.124186
vt 0.969522 0.781978
vt 0.967362 0.80012
vt 0.959283 0.801821
vt 0.953382 0.781978
vt 0.988007 0.465246
vt 0.98865 0.466744
vt 0.980772 0.466744
vt 0.090273 0.991282
vt 0.087648 0.982636
vt 0.090273 0.980772
vt 0.779112 0.893193
vt 0.776388 0.891991
vt 0.773052 0.884517
vt 0.308684 0.091562
vt 0.309199 0.098965
vt 0.306269 0.09217
vt 0.085597 0.733692
vt 0.08314 0.733273
vt 0.08314 0.726559
vt 0.988129 0.824154
vt 0.981858 0.825495
vt 0.980772 0.824154
vt 0.306905 0.082562
vt 0.309199 0.084626
vt 0.083306 0.718485
vt 0.085597 0.726978
vt 0.306784 0.099573
vt 0.773052 0.899647
vt 0.345884 0.256874
vt 0.310628 0.231428
vt 0.653336 0.501357
vt 0.638744 0.49934
vt 0.641803 0.450505
vt 0.10261 0.890912
vt 0.10261 0.838906
vt 0.115295 0.886812
vt 0.560751 0.851771
vt 0.5473 0.8979
vt 0.5473 0.846408
vt 0.629289 0.447615
vt 0.653336 0.401295
vt 0.888308 0.565354
vt 0.888308 0.515
vt 0.899647 0.565991
vt 0.197352 0.545177
vt 0.249695 0.54075
vt 0.202525 0.55551
vt 0.631245 0.054794
vt 0.63183 0.061612
vt 0.628954 0.061667
vt 0.628192 0.069875
vt 0.988084 0.044282
vt 0.989209 0.047112
vt 0.980772 0.047112
vt 0.989054 0.158005
vt 0.981105 0.160998
vt 0.980772 0.158005
vt 0.959753 0.857402
vt 0.962535 0.866581
vt 0.960367 0.865882
vt 0.959753 0.87519
vt 0.63412 0.054739
vt 0.609048 0.980772
vt 0.611685 0.981446
vt 0.609048 0.990148
vt 0.651589 0.068129
vt 0.64706 0.06724
vt 0.648738 0.057142
vt 0.628192 0.044722
vt 0.632528 0.043129
vt 0.651589 0.056872
vt 0.34254 0.209543
vt 0.640821 0.398406
vt 0.187318 0.189934
vt 0.192158 0.20788
vt 0.186064 0.207271
vt 0.313458 0.337413
vt 0.31968 0.335689
vt 0.313592 0.355879
vt 0.941203 0.392322
vt 0.94856 0.398127
vt 0.94651 0.408347
vt 0.306209 0.341347
vt 0.938636 0.40763
vt 0.192158 0.188746
vt 0.31968 0.356365
vt 0.584471 0.960788
vt 0.585498 0.935962
vt 0.595688 0.942755
vt 0.306336 0.354241
vt 0.595688 0.955864
vt 0.933569 0.407844
vt 0.934544 0.42624
vt 0.936331 0.260286
vt 0.925849 0.242957
vt 0.936331 0.223346
vt 0.758517 0.914961
vt 0.753277 0.934487
vt 0.743029 0.94856
vt 0.940672 0.424952
vt 0.94856 0.419523
vt 0.574295 0.941405
vt 0.067821 0.621892
vt 0.05272 0.611563
vt 0.076863 0.591887
vt 0.9624 0.963114
vt 0.956674 0.943596
vt 0.962535 0.94464
vt 0.575349 0.451121
vt 0.58346 0.455735
vt 0.570587 0.465426
vt 0.76863 0.94856
vt 0.956674 0.964282
vt 0.573277 0.954517
vt 0.579998 0.465667
vt 0.508344 0.835593
vt 0.492994 0.855975
vt 0.492994 0.797601
vt 0.887739 0.058165
vt 0.8979 0.071488
vt 0.887739 0.092585
vt 0.249676 0.190197
vt 0.791274 0.287666
vt 0.799474 0.284421
vt 0.791735 0.299997
vt 0.799803 0.302868
vt 0.805315 0.283119
vt 0.805315 0.303958
vt 0.063774 0.136432
vt 0.58346 0.477486
vt 0.576963 0.48325
vt 0.571934 0.485635
vt 0.564907 0.466213
vt 0.045598 0.125923
vt 0.028568 0.145332
vt 0.002563 0.10437
vt 0.048145 0.160095
vt 0.030505 0.157453
vt 0.49893 0.175209
vt 0.501357 0.181676
vt 0.498376 0.181676
vt 0.987892 0.855784
vt 0.987962 0.858585
vt 0.980772 0.858585
vt 0.981424 0.856503
vt 0.501178 0.174521
vt 0.022329 0.144966
vt 0.303876 0.210507
vt 0.385891 0.402277
vt 0.39895 0.446868
vt 0.368046 0.441
vt 0.998057 0.252577
vt 0.996831 0.254738
vt 0.991852 0.252577
vt 0.500267 0.166676
vt 0.991852 0.00717
vt 0.992311 0.005808
vt 0.998742 0.00717
vt 0.684868 0.387809
vt 0.687123 0.382364
vt 0.69002 0.381441
vt 0.980772 0.829289
vt 0.987815 0.82801
vt 0.988129 0.829289
vt 0.684868 0.37633
vt 0.02271 0.68749
vt 0.022107 0.694486
vt 0.019428 0.693542
vt 0.02271 0.700502
vt 0.988752 0.321345
vt 0.980772 0.319426
vt 0.988752 0.316336
vt 0.074297 0.181736
vt 0.988993 0.23422
vt 0.984738 0.236751
vt 0.980772 0.23422
vt 0.066838 0.177398
vt 0.920113 0.223341
vt 0.920609 0.240446
vt 0.920113 0.258539
vt 0.740498 0.989253
vt 0.747701 0.980772
vt 0.747701 0.989546
vt 0.637328 0.384484
vt 0.638478 0.391303
vt 0.636273 0.39056
vt 0.981694 0.969938
vt 0.981189 0.964777
vt 0.98743 0.964777
vt 0.987535 0.967003
vt 0.988791 0.412329
vt 0.982045 0.414328
vt 0.980772 0.412329
vt 0.639361 0.384227
vt 0.42885 0.392977
vt 0.393113 0.389704
vt 0.411705 0.353028
vt 0.078019 0.17725
vt 0.636273 0.378397
vt 0.599159 0.190258
vt 0.600929 0.189728
vt 0.600929 0.196107
vt 0.171195 0.62524
vt 0.170376 0.631363
vt 0.168997 0.630995
vt 0.599967 0.196397
vt 0.621892 0.482141
vt 0.61938 0.476536
vt 0.620385 0.476539
vt 0.171195 0.637614
vt 0.600466 0.202639
vt 0.621892 0.470947
vt 0.913169 0.957383
vt 0.917116 0.966716
vt 0.91433 0.967775
vt 0.141043 0.052407
vt 0.138364 0.051587
vt 0.139274 0.042047
vt 0.141498 0.04196
vt 0.383712 0.394442
vt 0.434972 0.447203
vt 0.915568 0.957265
vt 0.138364 0.035693
vt 0.914867 0.949256
vt 0.065728 0.529307
vt 0.06741 0.522475
vt 0.069875 0.521391
vt 0.341159 0.633096
vt 0.34239 0.640569
vt 0.340987 0.640834
vt 0.065728 0.515602
vt 0.980772 0.834764
vt 0.98639 0.831804
vt 0.987993 0.834764
vt 0.34239 0.646348
vt 0.917116 0.951289
vt 0.447203 0.439815
vt 0.024456 0.195284
vt 0.001521 0.226345
vt 0.300283 0.224725
vt 0.962103 0.627123
vt 0.969522 0.633159
vt 0.962103 0.644601
vt 0.30683 0.220872
vt 0.295224 0.957082
vt 0.287727 0.962336
vt 0.288305 0.946835
vt 0.295224 0.966028
vt 0.647569 0.45572
vt 0.649842 0.461178
vt 0.64806 0.460873
vt 0.992448 0.652193
vt 0.991852 0.650274
vt 0.99689 0.650274
vt 0.733901 0.984918
vt 0.731634 0.984769
vt 0.732087 0.980772
vt 0.649842 0.455661
vt 0.649633 0.989948
vt 0.652935 0.980772
vt 0.65383 0.989948
vt 0.292872 0.980772
vt 0.294882 0.981565
vt 0.292872 0.990948
vt 0.545029 0.524066
vt 0.54149 0.521834
vt 0.545029 0.51338
vt 0.097826 0.883925
vt 0.09713 0.873464
vt 0.097826 0.862837
vt 0.658616 0.980772
vt 0.658616 0.990033
vt 0.656345 0.981464
vt 0.02401 0.150938
vt 0.026203 0.150938
vt 0.025892 0.159186
vt 0.43494 0.990593
vt 0.434886 0.980772
vt 0.43711 0.980772
vt 0.0241 0.160137
vt 0.436537 0.990062
vt 0.998714 0.018687
vt 0.99226 0.020141
vt 0.991852 0.018687
vt 0.731634 0.989802
vt 0.647877 0.448842
vt 0.980772 0.631665
vt 0.987799 0.630036
vt 0.988367 0.631665
vt 0.998713 0.001336
vt 0.991852 0.003293
vt 0.991852 0.001258
vt 0.981935 0.621679
vt 0.980772 0.620131
vt 0.988383 0.620131
vt 0.980772 0.98839
vt 0.980772 0.985175
vt 0.9876 0.988279
vt 0.62674 0.980772
vt 0.62674 0.990144
vt 0.624815 0.987999
vt 0.023271 0.212808
vt 0.024483 0.214056
vt 0.026203 0.221855
vt 0.024992 0.167701
vt 0.988185 0.777693
vt 0.980772 0.777205
vt 0.988185 0.77593
vt 0.026203 0.20494
vt 0.899647 0.515637
vt 0.013614 0.234083
vt 0.809015 0.821037
vt 0.797476 0.806942
vt 0.81929 0.801346
vt 0.708402 0.451605
vt 0.715912 0.418334
vt 0.733692 0.416194
vt 0.557257 0.938664
vt 0.557257 0.960815
vt 0.550515 0.9489
vt 0.681927 0.928416
vt 0.670823 0.941553
vt 0.670823 0.925705
vt 0.485635 0.520344
vt 0.485635 0.534547
vt 0.474583 0.525907
vt 0.518688 0.595353
vt 0.507518 0.591213
vt 0.525222 0.583659
vt 0.50932 0.574225
vt 0.92585 0.455937
vt 0.909573 0.447223
vt 0.92585 0.412818
vt 0.795458 0.780738
vt 0.091449 0.494045
vt 0.115617 0.485209
vt 0.120293 0.527924
vt 0.81929 0.754596
vt 0.793087 0.889165
vt 0.764583 0.852722
vt 0.793087 0.834164
vt 0.092816 0.535731
vt 0.061852 0.541617
vt 0.690784 0.45378
vt 0.140236 0.356365
vt 0.140624 0.350086
vt 0.153236 0.35012
vt 0.120935 0.352066
vt 0.686527 0.96191
vt 0.686527 0.976193
vt 0.67467 0.97651
vt 0.673866 0.961577
vt 0.475449 0.955441
vt 0.488543 0.956463
vt 0.490875 0.974763
vt 0.472711 0.974763
vt 0.143461 0.328515
vt 0.974664 0.237564
vt 0.962836 0.219825
vt 0.974763 0.218636
vt 0.155473 0.332443
vt 0.945236 0.878281
vt 0.955547 0.878817
vt 0.94951 0.890912
vt 0.943331 0.890821
vt 0.962885 0.237577
vt 0.957846 0.224089
vt 0.954479 0.860499
vt 0.674525 0.375319
vt 0.68478 0.363182
vt 0.682203 0.376122
vt 0.957846 0.232463
vt 0.67158 0.360869
vt 0.939984 0.860499
vt 0.931984 0.876001
vt 0.945379 0.445751
vt 0.956446 0.459431
vt 0.944234 0.458323
vt 0.256639 0.057553
vt 0.262033 0.067662
vt 0.256639 0.069875
vt 0.667807 0.377328
vt 0.958619 0.445862
vt 0.661427 0.364167
vt 0.237577 0.637614
vt 0.231551 0.632825
vt 0.237577 0.625636
vt 0.386062 0.126696
vt 0.378221 0.124476
vt 0.380041 0.116764
vt 0.293156 0.389321
vt 0.293288 0.377362
vt 0.300465 0.373655
vt 0.300465 0.391303
vt 0.154713 0.318566
vt 0.148389 0.321963
vt 0.154268 0.307162
vt 0.226856 0.625175
vt 0.378221 0.132763
vt 0.401678 0.339808
vt 0.417506 0.339987
vt 0.414486 0.347631
vt 0.40414 0.347163
vt 0.463919 0.255045
vt 0.463919 0.237214
vt 0.469913 0.25319
vt 0.116522 0.356365
vt 0.078247 0.347066
vt 0.12762 0.323262
vt 0.468417 0.232551
vt 0.530222 0.328905
vt 0.52893 0.311959
vt 0.534547 0.314623
vt 0.00412 0.461658
vt 0.02514 0.461949
vt 0.029309 0.484368
vt 0.013439 0.501425
vt 0.004944 0.502378
vt 0.522824 0.32803
vt 0.921434 0.716224
vt 0.904282 0.715546
vt 0.922356 0.693878
vt 0.533674 0.343576
vt 0.379075 0.038064
vt 0.36538 0.048913
vt 0.36538 0.032834
vt 0.903496 0.678056
vt 0.330979 0.764509
vt 0.313581 0.734837
vt 0.349604 0.720493
vt 0.524702 0.350199
vt 0.354811 0.741502
vt 0.310946 0.576902
vt 0.304583 0.581773
vt 0.306149 0.575481
vt 0.980772 0.248884
vt 0.98881 0.248884
vt 0.982098 0.254488
vt 0.98773 0.903291
vt 0.980772 0.903291
vt 0.982094 0.898969
vt 0.758149 0.37017
vt 0.751115 0.368884
vt 0.757083 0.365708
vt 0.987029 0.898615
vt 0.309772 0.581621
vt 0.988289 0.254693
vt 0.306829 0.588701
vt 0.048913 0.687078
vt 0.043358 0.683379
vt 0.048389 0.67972
vt 0.033363 0.508832
vt 0.922356 0.669509
vt 0.011568 0.535971
vt 0.124648 0.302834
vt 0.118115 0.283272
vt 0.079904 0.275987
vt 0.002058 0.536912
vt 0.043819 0.340822
vt 0.131747 0.517864
vt 0.139674 0.519022
vt 0.144992 0.539788
vt 0.039796 0.502771
vt 0.061692 0.499018
vt 0.125224 0.539788
vt 0.828326 0.464443
vt 0.836759 0.480394
vt 0.821112 0.469169
vt 0.041626 0.544412
vt 0.824634 0.425891
vt 0.903457 0.516241
vt 0.910128 0.519208
vt 0.902519 0.562611
vt 0.674306 0.076863
vt 0.673736 0.056844
vt 0.68478 0.059403
vt 0.677651 0.014423
vt 0.959041 0.644601
vt 0.952521 0.639719
vt 0.959041 0.621431
vt 0.910128 0.564244
vt 0.982693 0.717545
vt 0.98808 0.716994
vt 0.988132 0.72136
vt 0.750631 0.377328
vt 0.980772 0.72136
vt 0.758149 0.376442
vt 0.038606 0.685816
vt 0.039121 0.67972
vt 0.981744 0.305198
vt 0.980772 0.301003
vt 0.987772 0.305198
vt 0.980772 0.436029
vt 0.984803 0.429531
vt 0.988484 0.436029
vt 0.98881 0.301003
vt 0.310946 0.586595
vt 0.16246 0.822089
vt 0.160739 0.826758
vt 0.159657 0.826427
vt 0.991852 0.601043
vt 0.997026 0.601043
vt 0.993793 0.603895
vt 0.159657 0.820575
vt 0.042443 0.691767
vt 0.923715 0.981849
vt 0.927904 0.980772
vt 0.927904 0.989394
vt 0.923591 0.988635
vt 0.991852 0.3556
vt 0.997778 0.354169
vt 0.997814 0.3556
vt 0.068591 0.70048
vt 0.069875 0.699984
vt 0.06848 0.704879
vt 0.160364 0.831518
vt 0.067196 0.705374
vt 0.122474 0.980772
vt 0.122899 0.985659
vt 0.121002 0.985314
vt 0.992392 0.353318
vt 0.996478 0.681407
vt 0.996251 0.6824
vt 0.991852 0.681407
vt 0.814994 0.072503
vt 0.817543 0.069967
vt 0.817543 0.078139
vt 0.831406 0.98772
vt 0.82754 0.989587
vt 0.82754 0.980772
vt 0.502683 0.931727
vt 0.503103 0.949817
vt 0.485431 0.934084
vt 0.473847 0.915767
vt 0.666649 0.016331
vt 0.614196 0.926995
vt 0.638867 0.90292
vt 0.644601 0.943319
vt 0.233569 0.280361
vt 0.24107 0.283118
vt 0.229213 0.307246
vt 0.473847 0.952053
vt 0.324916 0.766722
vt 0.316593 0.768234
vt 0.24107 0.316187
vt 0.474831 0.034681
vt 0.480394 0.049143
vt 0.474831 0.05066
vt 0.960788 0.42898
vt 0.941441 0.42898
vt 0.661427 0.348203
vt 0.13451 0.707489
vt 0.120945 0.693884
vt 0.13451 0.680466
vt 0.027309 0.020963
vt 0.027309 0.001678
vt 0.045419 0.003419
vt 0.14783 0.303358
vt 0.534525 0.36556
vt 0.417506 0.321743
vt 0.394434 0.319895
vt 0.526938 0.367863
vt 0.356365 0.760505
vt 0.943484 0.24153
vt 0.959779 0.241541
vt 0.960788 0.265479
vt 0.841326 0.964945
vt 0.840028 0.95087
vt 0.855975 0.95087
vt 0.943484 0.264788
vt 0.854986 0.96475
vt 0.135706 0.281942
vt 0.138895 0.299372
vt 0.533147 0.376755
vt 0.242771 0.961109
vt 0.251552 0.951505
vt 0.251552 0.969522
vt 0.069875 0.710983
vt 0.121002 0.99128
vt 0.996537 0.678892
vt 0.991852 0.678892
vt 0.99212 0.677929
vt 0.342173 0.774848
vt 0.526157 0.386291
vt 0.344443 0.777731
vt 0.353002 0.781938
vt 0.477395 0.933326
vt 0.52756 0.669615
vt 0.522516 0.688273
vt 0.522516 0.665838
vt 0.482047 0.928744
vt 0.326062 0.773751
vt 0.33595 0.772987
vt 0.330422 0.771079
vt 0.513585 0.453273
vt 0.513585 0.468166
vt 0.51014 0.46299
vt 0.804173 0.842754
vt 0.8024 0.817015
vt 0.813107 0.830154
vt 0.815796 0.84472
vt 0.809382 0.846113
vt 0.625771 0.432836
vt 0.627132 0.433265
vt 0.627132 0.438487
vt 0.998077 0.262004
vt 0.992075 0.263151
vt 0.991852 0.262004
vt 0.625498 0.439017
vt 0.997299 0.263342
vt 0.627132 0.443709
vt 0.991852 0.696189
vt 0.991923 0.694669
vt 0.996353 0.696189
vt 0.996921 0.654709
vt 0.996588 0.655657
vt 0.991852 0.654709
vt 0.085132 0.985371
vt 0.084257 0.985866
vt 0.082903 0.980772
vt 0.980772 0.014004
vt 0.984916 0.015346
vt 0.984777 0.016688
vt 0.991852 0.573076
vt 0.996879 0.572157
vt 0.997203 0.573076
vt 0.989337 0.014004
vt 0.082903 0.991306
vt 0.691767 0.940578
vt 0.675911 0.957294
vt 0.689053 0.95714
vt 0.515542 0.610979
vt 0.531027 0.596809
vt 0.538041 0.611811
vt 0.06859 0.927517
vt 0.082104 0.928854
vt 0.076912 0.943046
vt 0.060624 0.939237
vt 0.528112 0.621892
vt 0.548357 0.962535
vt 0.669479 0.009483
vt 0.68478 0.002599
vt 0.682315 0.596627
vt 0.663086 0.594132
vt 0.662905 0.578467
vt 0.687204 0.305105
vt 0.694687 0.305105
vt 0.695261 0.331559
vt 0.685666 0.333655
vt 0.69002 0.583768
vt 0.672337 0.607917
vt 0.69002 0.607812
vt 0.06787 0.958089
vt 0.082104 0.959041
vt 0.614196 0.902075
vt 0.927989 0.053175
vt 0.934584 0.05488
vt 0.931844 0.062888
vt 0.897922 0.407335
vt 0.900468 0.382325
vt 0.907692 0.384484
vt 0.907702 0.410518
vt 0.046779 0.955547
vt 0.033622 0.947428
vt 0.049238 0.932776
vt 0.057647 0.946268
vt 0.934584 0.043994
vt 0.03408 0.935985
vt 0.997779 0.325336
vt 0.997886 0.3276
vt 0.991852 0.3276
vt 0.980772 0.527132
vt 0.98642 0.524993
vt 0.988516 0.527132
vt 0.674298 0.267173
vt 0.673037 0.266577
vt 0.669305 0.261435
vt 0.998616 0.0409
vt 0.99367 0.042262
vt 0.991852 0.0409
vt 0.980772 0.773414
vt 0.98442 0.769748
vt 0.988098 0.773414
vt 0.493862 0.322835
vt 0.496116 0.316386
vt 0.496116 0.323139
vt 0.992978 0.022656
vt 0.998673 0.024562
vt 0.991852 0.024562
vt 0.980772 0.960396
vt 0.987703 0.960396
vt 0.986694 0.962261
vt 0.494175 0.330162
vt 0.669305 0.271534
vt 0.671354 0.272514
vt 0.864271 0.344137
vt 0.864271 0.323743
vt 0.871696 0.324238
vt 0.909841 0.363004
vt 0.980772 0.278344
vt 0.980772 0.271839
vt 0.988752 0.276486
vt 0.270767 0.52756
vt 0.266546 0.520916
vt 0.270767 0.513756
vt 0.110694 0.912553
vt 0.126644 0.934584
vt 0.112654 0.93369
vt 0.915369 0.381875
vt 0.850746 0.817873
vt 0.857896 0.821343
vt 0.858449 0.836753
vt 0.991852 0.13238
vt 0.991852 0.128724
vt 0.99828 0.130581
vt 0.980772 0.740058
vt 0.986508 0.737505
vt 0.988186 0.740058
vt 0.915369 0.410181
vt 0.867767 0.840305
vt 0.887419 0.834553
vt 0.138004 0.916662
vt 0.882591 0.810557
vt 0.858645 0.866456
vt 0.850746 0.862675
vt 0.030647 0.932312
vt 0.029961 0.946462
vt 0.478647 0.79134
vt 0.474735 0.784643
vt 0.478647 0.77695
vt 0.036825 0.926977
vt 0.213127 0.461178
vt 0.221855 0.452046
vt 0.22183 0.460934
vt 0.213127 0.451602
vt 0.21688 0.447177
vt 0.032477 0.925315
vt 0.860891 0.498547
vt 0.879552 0.516595
vt 0.871796 0.520572
vt 0.575025 0.607684
vt 0.542818 0.611804
vt 0.541074 0.590165
vt 0.789528 0.982449
vt 0.782906 0.989505
vt 0.782906 0.980772
vt 0.885672 0.511444
vt 0.508302 0.597782
vt 0.474394 0.598094
vt 0.151989 0.179092
vt 0.158967 0.178193
vt 0.155758 0.21312
vt 0.472392 0.591993
vt 0.470457 0.621892
vt 0.510669 0.61285
vt 0.588701 0.325737
vt 0.581865 0.326668
vt 0.581865 0.312207
vt 0.151989 0.136411
vt 0.757731 0.119415
vt 0.73425 0.181676
vt 0.717418 0.14455
vt 0.713023 0.102778
vt 0.460412 0.614244
vt 0.430126 0.614364
vt 0.432017 0.601577
vt 0.873649 0.291588
vt 0.876937 0.303503
vt 0.869622 0.29875
vt 0.866586 0.293661
vt 0.864609 0.265208
vt 0.566254 0.325239
vt 0.571232 0.326562
vt 0.566254 0.356365
vt 0.864609 0.316399
vt 0.604423 0.891271
vt 0.604423 0.932838
vt 0.592606 0.905285
vt 0.872842 0.321427
vt 0.728452 0.444856
vt 0.723229 0.448735
vt 0.716294 0.445802
vt 0.943319 0.665564
vt 0.931616 0.664119
vt 0.941024 0.634777
vt 0.716294 0.465415
vt 0.72351 0.466419
vt 0.908167 0.417865
vt 0.761117 0.172203
vt 0.622494 0.706196
vt 0.646755 0.715496
vt 0.643236 0.677734
vt 0.645182 0.692878
vt 0.698549 0.955547
vt 0.714568 0.890439
vt 0.716224 0.912376
vt 0.714568 0.924103
vt 0.79134 0.897732
vt 0.783537 0.896041
vt 0.773835 0.868809
vt 0.276008 0.90251
vt 0.271516 0.932014
vt 0.988934 0.073047
vt 0.981313 0.079856
vt 0.980772 0.074134
vt 0.988934 0.079858
vt 0.703995 0.952424
vt 0.988612 0.397587
vt 0.981584 0.403336
vt 0.980772 0.397587
vt 0.62288 0.714104
vt 0.991852 0.452052
vt 0.991933 0.446857
vt 0.997388 0.452052
vt 0.003728 0.346321
vt 0.008734 0.345353
vt 0.008734 0.373834
vt 0.002414 0.358234
vt 0.620369 0.568399
vt 0.632373 0.590758
vt 0.620369 0.597435
vt 0.773835 0.905795
vt 0.258624 0.934582
vt 0.382617 0.262033
vt 0.382617 0.246777
vt 0.388438 0.248602
vt 0.71805 0.098108
vt 0.389556 0.261301
vt 0.753615 0.11224
vt 0.984886 0.581915
vt 0.980772 0.578587
vt 0.988386 0.578587
vt 0.945066 0.219601
vt 0.938854 0.251552
vt 0.938854 0.217814
vt 0.93466 0.634113
vt 0.046433 0.591828
vt 0.047166 0.59816
vt 0.039123 0.585611
vt 0.943319 0.630913
vt 0.248056 0.847172
vt 0.268489 0.848984
vt 0.270768 0.88293
vt 0.258607 0.898899
vt 0.039123 0.599182
vt 0.644601 0.575765
vt 0.636996 0.564509
vt 0.644049 0.558984
vt 0.654258 0.728701
vt 0.647064 0.729158
vt 0.656009 0.718859
vt 0.647241 0.706353
vt 0.658576 0.711893
vt 0.759315 0.856721
vt 0.77056 0.866437
vt 0.762812 0.870475
vt 0.780471 0.915369
vt 0.623639 0.445993
vt 0.60892 0.458425
vt 0.60892 0.436687
vt 0.651363 0.730199
vt 0.770527 0.870687
vt 0.769277 0.878534
vt 0.772124 0.87354
vt 0.537522 0.197398
vt 0.537522 0.186727
vt 0.543282 0.184934
vt 0.543282 0.195605
vt 0.765649 0.878172
vt 0.635237 0.575447
vt 0.634663 0.581673
vt 0.576473 0.225291
vt 0.576311 0.232115
vt 0.572761 0.228752
vt 0.541113 0.180267
vt 0.644601 0.588701
vt 0.233553 0.846326
vt 0.569507 0.232579
vt 0.576473 0.256207
vt 0.300863 0.938495
vt 0.310946 0.946072
vt 0.300863 0.962535
vt 0.22862 0.452495
vt 0.234083 0.448497
vt 0.2326 0.451935
vt 0.234083 0.461178
vt 0.229086 0.460073
vt 0.225532 0.44727
vt 0.759315 0.906634
vt 0.108642 0.616061
vt 0.113548 0.622768
vt 0.108642 0.646348
vt 0.571739 0.257688
vt 0.56203 0.233459
vt 0.563941 0.260286
vt 0.225818 0.812368
vt 0.228842 0.833593
vt 0.225818 0.838506
vt 0.305705 0.748493
vt 0.298198 0.752092
vt 0.297692 0.723415
vt 0.694661 0.772666
vt 0.688351 0.779459
vt 0.688154 0.772261
vt 0.597145 0.93204
vt 0.696471 0.784352
vt 0.688154 0.783795
vt 0.594021 0.928576
vt 0.590197 0.915541
vt 0.697008 0.779292
vt 0.61973 0.236286
vt 0.612626 0.237577
vt 0.612626 0.224951
vt 0.620145 0.222711
vt 0.153726 0.302211
vt 0.148384 0.287941
vt 0.153726 0.285807
vt 0.996291 0.068556
vt 0.998347 0.074123
vt 0.991852 0.074123
vt 0.456109 0.250054
vt 0.461178 0.239067
vt 0.461178 0.255046
vt 0.781874 0.230652
vt 0.777167 0.232336
vt 0.777167 0.220862
vt 0.759896 0.10656
vt 0.749402 0.10656
vt 0.752909 0.096029
vt 0.782605 0.220806
vt 0.162336 0.917208
vt 0.146393 0.909512
vt 0.161554 0.900768
vt 0.58604 0.925692
vt 0.584123 0.930399
vt 0.583195 0.916527
vt 0.689384 0.168815
vt 0.697008 0.162309
vt 0.697008 0.172942
vt 0.901841 0.219876
vt 0.910128 0.225912
vt 0.900132 0.238664
vt 0.570312 0.929782
vt 0.893835 0.231801
vt 0.147508 0.924236
vt 0.988854 0.183226
vt 0.980772 0.181064
vt 0.988854 0.176681
vt 0.585146 0.905152
vt 0.952053 0.302164
vt 0.942037 0.299538
vt 0.950079 0.29519
vt 0.657385 0.466949
vt 0.665112 0.464989
vt 0.665564 0.471194
vt 0.657974 0.473953
vt 0.251184 0.899647
vt 0.94366 0.305708
vt 0.950426 0.325613
vt 0.565842 0.889691
vt 0.665112 0.492409
vt 0.657385 0.494369
vt 0.233553 0.886458
vt 0.942037 0.326668
vt 0.169448 0.929297
vt 0.158 0.941572
vt 0.892261 0.245689
vt 0.824531 0.567738
vt 0.810601 0.565344
vt 0.824531 0.535581
vt 0.902771 0.254222
vt 0.146393 0.939281
vt 0.888969 0.252807
vt 0.183423 0.26685
vt 0.175134 0.269021
vt 0.174711 0.235592
vt 0.183074 0.229114
vt 0.92736 0.547898
vt 0.939825 0.547898
vt 0.929744 0.585207
vt 0.040142 0.921564
vt 0.05267 0.921564
vt 0.893225 0.269021
vt 0.910128 0.265067
vt 0.545029 0.047384
vt 0.516966 0.0328
vt 0.522984 0.017522
vt 0.885672 0.474411
vt 0.029031 0.164645
vt 0.043672 0.170013
vt 0.029031 0.204386
vt 0.501974 0.030703
vt 0.510353 0.067224
vt 0.496447 0.063392
vt 0.042778 0.76863
vt 0.027304 0.764257
vt 0.053281 0.72175
vt 0.183423 0.183037
vt 0.038283 0.713833
vt 0.545029 0.074929
vt 0.501929 0.121305
vt 0.148485 0.197398
vt 0.144915 0.190218
vt 0.148485 0.183819
vt 0.693514 0.695196
vt 0.693514 0.707489
vt 0.689085 0.701232
vt 0.066747 0.758138
vt 0.059786 0.753018
vt 0.075116 0.722431
vt 0.744174 0.511838
vt 0.736607 0.501955
vt 0.744174 0.49747
vt 0.732215 0.507877
vt 0.256792 0.186917
vt 0.24908 0.175369
vt 0.256792 0.174675
vt 0.051189 0.762052
vt 0.060822 0.708614
vt 0.762235 0.353997
vt 0.770422 0.396543
vt 0.765297 0.395507
vt 0.027304 0.685653
vt 0.76937 0.353976
vt 0.780603 0.396281
vt 0.241454 0.017469
vt 0.241454 0.001434
vt 0.249805 0.004615
vt 0.387961 0.937203
vt 0.405278 0.962535
vt 0.389991 0.961744
vt 0.249354 0.015602
vt 0.943998 0.274829
vt 0.94856 0.281579
vt 0.943998 0.289983
vt 0.530352 0.849783
vt 0.539788 0.86116
vt 0.519481 0.872452
vt 0.550943 0.001985
vt 0.55551 0.008892
vt 0.550943 0.015722
vt 0.741991 0.55151
vt 0.749414 0.554695
vt 0.749165 0.564408
vt 0.741991 0.565991
vt 0.956102 0.719309
vt 0.969522 0.718597
vt 0.969522 0.737368
vt 0.295224 0.497616
vt 0.295224 0.517079
vt 0.28459 0.499192
vt 0.95503 0.738933
vt 0.340851 0.002968
vt 0.344137 0.010761
vt 0.332253 0.002178
vt 0.859971 0.064016
vt 0.867196 0.065015
vt 0.868203 0.073161
vt 0.847688 0.078591
vt 0.911645 0.667311
vt 0.903443 0.645333
vt 0.915369 0.652602
vt 0.555297 0.926759
vt 0.543797 0.926679
vt 0.557257 0.912511
vt 0.282381 0.514421
vt 0.248058 0.951215
vt 0.237364 0.960788
vt 0.237364 0.936728
vt 0.909628 0.638592
vt 0.900282 0.623951
vt 0.557257 0.932303
vt 0.54596 0.946813
vt 0.242817 0.567738
vt 0.229247 0.555971
vt 0.242817 0.546093
vt 0.957723 0.272514
vt 0.945507 0.271664
vt 0.852832 0.970458
vt 0.842992 0.971269
vt 0.833209 0.010079
vt 0.826901 0.003118
vt 0.836759 0.001447
vt 0.144453 0.297768
vt 0.14291 0.283954
vt 0.310946 0.966028
vt 0.306461 0.959652
vt 0.310946 0.951594
vt 0.587639 0.476347
vt 0.595688 0.471327
vt 0.595089 0.4769
vt 0.823957 0.009865
vt 0.587639 0.454769
vt 0.836759 0.015722
vt 0.826699 0.015393
vt 0.944854 0.561795
vt 0.956671 0.569485
vt 0.946497 0.569095
vt 0.953675 0.597435
vt 0.946962 0.595196
vt 0.947289 0.58875
vt 0.957294 0.578074
vt 0.959041 0.56341
vt 0.94577 0.544594
vt 0.959041 0.544471
vt 0.946962 0.572254
vt 0.886161 0.989353
vt 0.88114 0.986528
vt 0.886161 0.981368
vt 0.988698 0.405851
vt 0.985006 0.409814
vt 0.980772 0.405851
vt 0.969863 0.603817
vt 0.961912 0.604423
vt 0.958657 0.598946
vt 0.971269 0.59779
vt 0.136056 0.277588
vt 0.131047 0.280398
vt 0.13501 0.270078
vt 0.879457 0.980772
vt 0.256724 0.397297
vt 0.260395 0.394222
vt 0.260625 0.402364
vt 0.779714 0.097826
vt 0.779714 0.08708
vt 0.786099 0.088029
vt 0.786099 0.095193
vt 0.958657 0.586457
vt 0.971269 0.5853
vt 0.128738 0.268376
vt 0.113159 0.270696
vt 0.534547 0.386189
vt 0.53296 0.396543
vt 0.260286 0.486888
vt 0.260286 0.49961
vt 0.250399 0.497994
vt 0.249417 0.483488
vt 0.339152 0.77473
vt 0.34048 0.776571
vt 0.991852 0.420502
vt 0.993823 0.419361
vt 0.997668 0.420502
vt 0.332704 0.79658
vt 0.340084 0.780402
vt 0.356365 0.794568
vt 0.352242 0.796146
vt 0.266572 0.392133
vt 0.281054 0.405228
vt 0.266846 0.405367
vt 0.287673 0.393983
vt 0.281795 0.393005
vt 0.525588 0.177467
vt 0.5328 0.206016
vt 0.530215 0.211373
vt 0.283941 0.409284
vt 0.301551 0.41624
vt 0.5328 0.175889
vt 0.315006 0.403902
vt 0.307899 0.873319
vt 0.307699 0.864943
vt 0.316341 0.863025
vt 0.326668 0.886337
vt 0.405278 0.938302
vt 0.195651 0.251552
vt 0.186733 0.247834
vt 0.186774 0.236841
vt 0.195651 0.23258
vt 0.808809 0.953869
vt 0.795604 0.973016
vt 0.795658 0.956117
vt 0.311969 0.886398
vt 0.32982 0.009359
vt 0.340446 0.025381
vt 0.326617 0.02508
vt 0.861662 0.08768
vt 0.792211 0.07655
vt 0.800447 0.075853
vt 0.790166 0.08473
vt 0.625206 0.325152
vt 0.625206 0.316692
vt 0.632048 0.321132
vt 0.639261 0.317084
vt 0.632054 0.330676
vt 0.813126 0.093166
vt 0.560844 0.462925
vt 0.563369 0.454708
vt 0.569485 0.450007
vt 0.768911 0.236736
vt 0.784751 0.236736
vt 0.785904 0.256345
vt 0.768383 0.256726
vt 0.639361 0.331908
vt 0.451855 0.328153
vt 0.450252 0.309527
vt 0.465387 0.306916
vt 0.797879 0.100533
vt 0.468166 0.324879
vt 0.534936 0.873711
vt 0.808809 0.971772
vt 0.344137 0.040787
vt 0.329886 0.042345
vt 0.335696 0.061141
vt 0.915369 0.619914
vt 0.560844 0.449056
vt 0.358112 0.81008
vt 0.348465 0.79963
vt 0.357708 0.801377
vt 0.339805 0.815212
vt 0.352498 0.8254
vt 0.875969 0.275018
vt 0.877636 0.266739
vt 0.886816 0.26695
vt 0.65201 0.903188
vt 0.661841 0.902733
vt 0.664101 0.909148
vt 0.898635 0.287611
vt 0.884319 0.294103
vt 0.665564 0.930774
vt 0.649366 0.930981
vt 0.64887 0.909673
vt 0.540311 0.513413
vt 0.537347 0.506162
vt 0.545029 0.506162
vt 0.581227 0.980772
vt 0.587738 0.986611
vt 0.581227 0.989985
vt 0.877492 0.669705
vt 0.88155 0.688805
vt 0.86636 0.689303
vt 0.855507 0.10509
vt 0.845125 0.097458
vt 0.882178 0.695261
vt 0.841308 0.102683
vt 0.865639 0.695261
vt 0.923068 0.944225
vt 0.938078 0.942097
vt 0.938078 0.964659
vt 0.921022 0.966028
vt 0.756948 0.190411
vt 0.752246 0.184846
vt 0.758149 0.184713
vt 0.751239 0.18128
vt 0.757759 0.179321
vt 0.955221 0.169448
vt 0.943299 0.162022
vt 0.959041 0.147786
vt 0.751239 0.188257
vt 0.982286 0.269324
vt 0.980772 0.266061
vt 0.987265 0.263237
vt 0.98695 0.269324
vt 0.991852 0.222328
vt 0.997792 0.228324
vt 0.992007 0.228324
vt 0.982601 0.263237
vt 0.998022 0.224949
vt 0.479128 0.416601
vt 0.485301 0.417122
vt 0.485635 0.421248
vt 0.479128 0.422747
vt 0.48007 0.411583
vt 0.988779 0.266499
vt 0.71716 0.981345
vt 0.719716 0.987432
vt 0.71716 0.989611
vt 0.785432 0.277911
vt 0.800155 0.117021
vt 0.815856 0.112665
vt 0.768752 0.278101
vt 0.865383 0.104005
vt 0.936239 0.799012
vt 0.924315 0.791828
vt 0.936331 0.776809
vt 0.349865 0.840966
vt 0.868203 0.120535
vt 0.943299 0.138017
vt 0.949492 0.10656
vt 0.942044 0.094772
vt 0.944676 0.09288
vt 0.466476 0.339628
vt 0.450252 0.34239
vt 0.942044 0.0759
vt 0.817543 0.119015
vt 0.809401 0.13857
vt 0.790166 0.130937
vt 0.960788 0.09342
vt 0.786743 0.283521
vt 0.768174 0.284887
vt 0.767406 0.304426
vt 0.787024 0.302075
vt 0.789593 0.305904
vt 0.76566 0.31
vt 0.808149 0.141813
vt 0.810154 0.146739
vt 0.761649 0.310946
vt 0.92137 0.796584
vt 0.919949 0.813433
vt 0.353535 0.841023
vt 0.538766 0.520572
vt 0.962535 0.925738
vt 0.948568 0.92585
vt 0.949435 0.901388
vt 0.962535 0.901639
vt 0.881263 0.397122
vt 0.886444 0.402248
vt 0.877078 0.401587
vt 0.922637 0.011901
vt 0.938452 0.011015
vt 0.93956 0.028165
vt 0.887239 0.3061
vt 0.898702 0.303875
vt 0.923744 0.029051
vt 0.866371 0.418124
vt 0.879736 0.426484
vt 0.876453 0.438425
vt 0.887419 0.410397
vt 0.86618 0.433262
vt 0.882457 0.30542
vt 0.665564 0.940854
vt 0.648118 0.941572
vt 0.353851 0.071622
vt 0.34636 0.051717
vt 0.356218 0.052692
vt 0.360443 0.033443
vt 0.387809 0.047389
vt 0.299168 0.936331
vt 0.299168 0.897363
vt 0.31444 0.927886
vt 0.358112 0.857721
vt 0.959514 0.0774
vt 0.936331 0.812874
vt 0.875969 0.31968
vt 0.899647 0.309679
vt 0.775618 0.099236
vt 0.760749 0.101319
vt 0.762319 0.083217
vt 0.775618 0.080357
vt 0.739678 0.956385
vt 0.754655 0.953584
vt 0.7388 0.972738
vt 0.939825 0.034161
vt 0.924009 0.035047
vt 0.754655 0.973016
vt 0.346225 0.070964
vt 0.922097 0.816377
vt 0.172942 0.864352
vt 0.168424 0.863693
vt 0.168847 0.848788
vt 0.352442 0.031877
vt 0.880953 0.437414
vt 0.887419 0.452444
vt 0.379103 0.533417
vt 0.39305 0.533417
vt 0.390928 0.548523
vt 0.86538 0.438263
vt 0.667311 0.280522
vt 0.65553 0.265147
vt 0.66623 0.263008
vt 0.876937 0.938411
vt 0.876937 0.959041
vt 0.87017 0.95589
vt 0.754269 0.855975
vt 0.768177 0.814129
vt 0.798327 0.826567
vt 0.841054 0.229364
vt 0.855975 0.273713
vt 0.841054 0.284743
vt 0.062615 0.193479
vt 0.058528 0.194078
vt 0.062888 0.180661
vt 0.0559 0.486164
vt 0.052438 0.486777
vt 0.052438 0.473007
vt 0.865641 0.232042
vt 0.86541 0.258539
vt 0.854676 0.253125
vt 0.861106 0.233057
vt 0.468446 0.22852
vt 0.485553 0.230142
vt 0.485635 0.248058
vt 0.583009 0.673945
vt 0.597435 0.661718
vt 0.597435 0.69002
vt 0.266441 0.990743
vt 0.25869 0.989229
vt 0.259193 0.982594
vt 0.203812 0.990854
vt 0.1954 0.983109
vt 0.203812 0.980772
vt 0.266441 0.980772
vt 0.917832 0.817543
vt 0.168424 0.868203
vt 0.599796 0.937168
vt 0.604423 0.940828
vt 0.604164 0.957498
vt 0.599796 0.960788
vt 0.0559 0.835012
vt 0.034128 0.833539
vt 0.048814 0.776361
vt 0.828024 0.686526
vt 0.808255 0.628097
vt 0.828024 0.621365
vt 0.851045 0.555075
vt 0.835804 0.554434
vt 0.862962 0.512843
vt 0.980772 0.218521
vt 0.989007 0.218521
vt 0.984478 0.221575
vt 0.196045 0.988555
vt 0.922637 0.052407
vt 0.65553 0.289983
vt 0.170715 0.980772
vt 0.170715 0.990983
vt 0.164285 0.981998
vt 0.283399 0.980772
vt 0.283824 0.986926
vt 0.279612 0.984066
vt 0.314823 0.980772
vt 0.314823 0.990619
vt 0.306924 0.982072
vt 0.163582 0.989068
vt 0.877571 0.239126
vt 0.665564 0.943538
vt 0.648839 0.967775
vt 0.649045 0.944837
vt 0.878684 0.231356
vt 0.362499 0.211066
vt 0.37034 0.212311
vt 0.362499 0.227095
vt 0.062888 0.197398
vt 0.052544 0.490875
vt 0.960788 0.143245
vt 0.956145 0.139498
vt 0.960788 0.12316
vt 0.03261 0.772212
vt 0.009381 0.826801
vt 0.013128 0.831132
vt 0.306888 0.989463
vt 0.984627 0.22409
vt 0.988766 0.231704
vt 0.980772 0.231704
vt 0.665564 0.967475
vt 0.687342 0.738933
vt 0.682662 0.73447
vt 0.686032 0.728404
vt 0.279612 0.990886
vt 0.693514 0.738123
vt 0.514602 0.99016
vt 0.508335 0.98821
vt 0.508536 0.983136
vt 0.818229 0.980772
vt 0.82497 0.988399
vt 0.818229 0.989446
vt 0.514602 0.980772
vt 0.799118 0.757133
vt 0.803459 0.765136
vt 0.799118 0.762558
vt 0.825025 0.982925
vt 0.627132 0.960788
vt 0.607982 0.935129
vt 0.625235 0.936002
vt 0.539788 0.891383
vt 0.519553 0.899647
vt 0.307699 0.903514
vt 0.607982 0.958305
vt 0.326173 0.911875
vt 0.331908 0.971269
vt 0.313629 0.969336
vt 0.313688 0.949537
vt 0.331908 0.947806
vt 0.832852 0.498477
vt 0.846473 0.480715
vt 0.84724 0.485135
vt 0.90702 0.302206
vt 0.90519 0.297393
vt 0.925551 0.289845
vt 0.927597 0.305705
vt 0.827222 0.497032
vt 0.249265 0.449117
vt 0.274261 0.445293
vt 0.267575 0.480394
vt 0.902383 0.272356
vt 0.248786 0.47766
vt 0.346226 0.002869
vt 0.363543 0.011605
vt 0.359088 0.014344
vt 0.964282 0.579966
vt 0.960689 0.577876
vt 0.964282 0.561521
vt 0.831395 0.543282
vt 0.844085 0.517344
vt 0.84724 0.53165
vt 0.284803 0.934433
vt 0.295224 0.925957
vt 0.295224 0.952053
vt 0.826158 0.520465
vt 0.70578 0.960065
vt 0.708614 0.936876
vt 0.733692 0.960788
vt 0.370044 0.322673
vt 0.400037 0.357519
vt 0.376383 0.365938
vt 0.363764 0.385533
vt 0.359449 0.382781
vt 0.274261 0.480339
vt 0.390115 0.323031
vt 0.754269 0.797926
vt 0.765818 0.793475
vt 0.733692 0.930073
vt 0.78982 0.801639
vt 0.927597 0.260695
vt 0.670896 0.575185
vt 0.695286 0.570679
vt 0.690079 0.57822
vt 0.68428 0.831518
vt 0.6819 0.823108
vt 0.709353 0.813407
vt 0.711155 0.823936
vt 0.258539 0.53788
vt 0.257634 0.544961
vt 0.249422 0.549489
vt 0.258539 0.567738
vt 0.144467 0.266246
vt 0.148959 0.271816
vt 0.142134 0.275675
vt 0.153726 0.281249
vt 0.756402 0.901394
vt 0.756191 0.871874
vt 0.756402 0.864769
vt 0.04881 0.884002
vt 0.048285 0.838458
vt 0.057647 0.88384
vt 0.54314 0.778937
vt 0.540568 0.772902
vt 0.544787 0.763246
vt 0.048285 0.889165
vt 0.25177 0.566477
vt 0.153726 0.267378
vt 0.730199 0.218898
vt 0.722473 0.228842
vt 0.722473 0.217217
vt 0.983787 0.793109
vt 0.980772 0.789766
vt 0.988092 0.789766
vt 0.150121 0.260443
vt 0.928446 0.415101
vt 0.932838 0.446335
vt 0.928446 0.452444
vt 0.980772 0.298488
vt 0.98222 0.29674
vt 0.988955 0.298488
vt 0.989198 0.121763
vt 0.981842 0.12263
vt 0.980772 0.121763
vt 0.522642 0.572181
vt 0.521104 0.571626
vt 0.525813 0.564847
vt 0.532601 0.463774
vt 0.53465 0.463226
vt 0.536294 0.470185
vt 0.991852 0.455584
vt 0.996551 0.454567
vt 0.997559 0.455584
vt 0.533986 0.469749
vt 0.525813 0.576503
vt 0.524185 0.57822
vt 0.532601 0.476431
vt 0.991875 0.027147
vt 0.998488 0.027078
vt 0.998612 0.029419
vt 0.991852 0.029419
vt 0.534823 0.4769
vt 0.208302 0.165954
vt 0.216399 0.149174
vt 0.216614 0.160604
vt 0.676171 0.566943
vt 0.672916 0.556489
vt 0.705742 0.509679
vt 0.20675 0.152459
vt 0.20506 0.113445
vt 0.214417 0.112819
vt 0.662178 0.523721
vt 0.107722 0.445428
vt 0.068386 0.49961
vt 0.055525 0.473647
vt 0.317338 0.980772
vt 0.320634 0.983912
vt 0.317338 0.990843
vt 0.793087 0.225348
vt 0.785631 0.219747
vt 0.781025 0.186653
vt 0.789554 0.186355
vt 0.207103 0.085854
vt 0.216614 0.087218
vt 0.662178 0.498964
vt 0.791058 0.15818
vt 0.639328 0.212606
vt 0.661915 0.17217
vt 0.666113 0.176468
vt 0.66717 0.209824
vt 0.654226 0.259338
vt 0.781828 0.156575
vt 0.627505 0.239787
vt 0.724301 0.980772
vt 0.723287 0.987145
vt 0.360093 0.387809
vt 0.483935 0.052999
vt 0.483746 0.03383
vt 0.489128 0.034627
vt 0.489128 0.05305
vt 0.34126 0.385768
vt 0.347799 0.326024
vt 0.044472 0.99113
vt 0.036753 0.982097
vt 0.044472 0.980772
vt 0.308266 0.758457
vt 0.310946 0.766304
vt 0.308266 0.770377
vt 0.304372 0.990688
vt 0.297397 0.990688
vt 0.298032 0.980772
vt 0.03657 0.988904
vt 0.853514 0.284299
vt 0.862962 0.279955
vt 0.862962 0.286749
vt 0.217312 0.982817
vt 0.225251 0.980772
vt 0.225251 0.990841
vt 0.217312 0.988571
vt 0.858459 0.288236
vt 0.8587 0.277016
vt 0.562497 0.270953
vt 0.55962 0.272514
vt 0.55962 0.250191
vt 0.488305 0.0559
vt 0.80553 0.630076
vt 0.90732 0.980772
vt 0.915559 0.988427
vt 0.90732 0.989237
vt 0.915176 0.982138
vt 0.474907 0.980772
vt 0.482889 0.982851
vt 0.48217 0.988534
vt 0.474907 0.990197
vt 0.854197 0.278503
vt 0.384154 0.987195
vt 0.377103 0.980772
vt 0.384299 0.981463
vt 0.377103 0.990519
vt 0.99537 0.539657
vt 0.991852 0.537206
vt 0.997197 0.537206
vt 0.981145 0.597603
vt 0.987986 0.599806
vt 0.988158 0.604393
vt 0.98735 0.039235
vt 0.98923 0.041767
vt 0.980772 0.041767
vt 0.980772 0.604393
vt 0.989026 0.062524
vt 0.98094 0.059109
vt 0.988032 0.059109
vt 0.411308 0.980772
vt 0.415994 0.985012
vt 0.411308 0.99049
vt 0.398942 0.990717
vt 0.396111 0.984105
vt 0.398942 0.980772
vt 0.980772 0.174165
vt 0.983037 0.169206
vt 0.988947 0.174165
vt 0.980772 0.062862
vt 0.988312 0.494911
vt 0.987315 0.499903
vt 0.980772 0.493893
vt 0.984902 0.064471
vt 0.980772 0.74847
vt 0.987924 0.750498
vt 0.987974 0.754976
vt 0.980772 0.755157
vt 0.981459 0.562104
vt 0.985876 0.562376
vt 0.980772 0.568677
vt 0.980772 0.501166
vt 0.988232 0.568677
vt 0.423841 0.647078
vt 0.419933 0.639821
vt 0.429734 0.637935
vt 0.429721 0.645946
vt 0.419933 0.651589
vt 0.020963 0.34931
vt 0.013517 0.34728
vt 0.018523 0.339518
vt 0.814049 0.316187
vt 0.809158 0.305226
vt 0.814049 0.305858
vt 0.805482 0.309871
vt 0.020963 0.355428
vt 0.01264 0.356365
vt 0.807809 0.31606
vt 0.152888 0.990957
vt 0.145037 0.988936
vt 0.145199 0.981803
vt 0.152888 0.980772
vt 0.358008 0.990749
vt 0.353843 0.98737
vt 0.358008 0.980772
vt 0.374587 0.986374
vt 0.371068 0.990709
vt 0.371068 0.980772
vt 0.810978 0.989493
vt 0.805098 0.983484
vt 0.810978 0.980772
vt 0.980772 0.313821
vt 0.982828 0.308101
vt 0.987372 0.307713
vt 0.988705 0.313821
vt 0.986106 0.571192
vt 0.988311 0.576072
vt 0.980772 0.576072
vt 0.496321 0.990297
vt 0.493177 0.982678
vt 0.496321 0.980772
vt 0.980772 0.03672
vt 0.981677 0.030348
vt 0.986777 0.030071
vt 0.989036 0.03672
vt 0.804685 0.988578
vt 0.980772 0.5171
vt 0.985426 0.514995
vt 0.988534 0.5171
vt 0.987716 0.44284
vt 0.988457 0.449251
vt 0.980772 0.449251
vt 0.983185 0.443193
vt 0.492102 0.987673
vt 0.98702 0.143728
vt 0.980772 0.149583
vt 0.981832 0.14284
vt 0.836124 0.563769
vt 0.360717 0.315761
vt 0.35039 0.311515
vt 0.34126 0.319736
vt 0.017171 0.991237
vt 0.021374 0.989532
vt 0.023995 0.991237
vt 0.020018 0.980772
vt 0.031444 0.096362
vt 0.02206 0.099881
vt 0.02206 0.090354
vt 0.029999 0.107087
vt 0.022981 0.110054
vt 0.692464 0.728395
vt 0.693514 0.721896
vt 0.959443 0.980772
vt 0.965956 0.981433
vt 0.96688 0.98763
vt 0.959443 0.989163
vt 0.808809 0.762056
vt 0.754986 0.980772
vt 0.762321 0.98276
vt 0.761707 0.988209
vt 0.754986 0.989531
vt 0.808809 0.75663
vt 0.988882 0.149583
vt 0.849735 0.564422
vt 0.862962 0.569485
vt 0.435 0.178159
vt 0.441662 0.18981
vt 0.426891 0.190863
vt 0.42469 0.174985
vt 0.807066 0.553763
vt 0.809066 0.536897
vt 0.819342 0.539627
vt 0.991852 0.048397
vt 0.998364 0.048397
vt 0.997162 0.05407
vt 0.997819 0.081908
vt 0.991852 0.076638
vt 0.998308 0.076638
vt 0.99267 0.053252
vt 0.991852 0.29043
vt 0.997801 0.29043
vt 0.997385 0.295729
vt 0.99328 0.296193
vt 0.99404 0.056585
vt 0.998331 0.061474
vt 0.991852 0.062176
vt 0.993486 0.082697
vt 0.822784 0.526992
vt 0.009381 0.765587
vt 0.804584 0.513416
vt 0.812601 0.521986
vt 0.99836 0.056585
vt 0.980772 0.944006
vt 0.982451 0.938995
vt 0.987601 0.944006
vt 0.988757 0.242689
vt 0.986939 0.246323
vt 0.981775 0.239267
vt 0.985767 0.239267
vt 0.988475 0.55375
vt 0.984759 0.555697
vt 0.980772 0.55375
vt 0.991852 0.542173
vt 0.997043 0.542268
vt 0.991852 0.547139
vt 0.98279 0.246369
vt 0.980772 0.242689
vt 0.443471 0.201896
vt 0.986235 0.938996
vt 0.537204 0.779831
vt 0.668419 0.171893
vt 0.665798 0.168789
vt 0.988557 0.484536
vt 0.983799 0.487439
vt 0.980772 0.484536
vt 0.535862 0.784352
vt 0.546776 0.784352
vt 0.634964 0.191494
vt 0.644601 0.197937
vt 0.634964 0.204386
vt 0.12299 0.515276
vt 0.127523 0.517771
vt 0.12299 0.521551
vt 0.671198 0.175006
vt 0.126219 0.524231
vt 0.12471 0.529307
vt 0.677792 0.171853
vt 0.463965 0.887244
vt 0.473406 0.925661
vt 0.463965 0.929344
vt 0.360291 0.27784
vt 0.370966 0.275829
vt 0.427813 0.034207
vt 0.436722 0.036904
vt 0.427813 0.069875
vt 0.914862 0.551299
vt 0.924103 0.55477
vt 0.923358 0.589386
vt 0.677792 0.255828
vt 0.914862 0.593942
vt 0.353541 0.245888
vt 0.362241 0.237936
vt 0.500267 0.850943
vt 0.511469 0.852859
vt 0.515332 0.870818
vt 0.500267 0.901394
vt 0.414595 0.22771
vt 0.387864 0.241515
vt 0.413432 0.178795
vt 0.991852 0.823964
vt 0.994446 0.822714
vt 0.995059 0.823964
vt 0.994909 0.831146
vt 0.992196 0.832544
vt 0.991852 0.831146
vt 0.991852 0.836455
vt 0.991852 0.835059
vt 0.994907 0.835071
vt 0.994917 0.83897
vt 0.994917 0.839984
vt 0.991852 0.839894
vt 0.648095 0.029697
vt 0.646328 0.02705
vt 0.647312 0.026784
vt 0.646128 0.022433
vt 0.648095 0.021902
vt 0.259191 0.085597
vt 0.25746 0.080709
vt 0.259453 0.080699
vt 0.260286 0.074791
vt 0.646819 0.017239
vt 0.260188 0.085592
vt 0.998247 0.198293
vt 0.992703 0.200626
vt 0.991852 0.198293
vt 0.25746 0.07419
vt 0.423599 0.019884
vt 0.467468 0.039356
vt 0.457268 0.031605
vt 0.471659 0.034149
vt 0.471659 0.048913
vt 0.409809 0.031444
vt 0.418244 0.024666
vt 0.427446 0.030065
vt 0.391303 0.1677
vt 0.389266 0.178182
vt 0.386255 0.175199
vt 0.810067 0.898192
vt 0.796283 0.892276
vt 0.803018 0.876395
vt 0.274149 0.510093
vt 0.277755 0.500461
vt 0.277755 0.515332
vt 0.817543 0.879024
vt 0.386255 0.164718
vt 0.996177 0.483252
vt 0.991852 0.478193
vt 0.997203 0.478193
vt 0.387458 0.013459
vt 0.457487 0.037389
vt 0.804907 0.91822
vt 0.579154 0.259306
vt 0.600045 0.275869
vt 0.565813 0.284788
vt 0.886117 0.690461
vt 0.8979 0.690461
vt 0.889741 0.74068
vt 0.625386 0.053794
vt 0.584987 0.005809
vt 0.604353 0.002499
vt 0.307452 0.204386
vt 0.294417 0.196948
vt 0.307452 0.14482
vt 0.61244 0.0953
vt 0.55216 0.058159
vt 0.550813 0.018909
vt 0.549572 0.281457
vt 0.536376 0.323109
vt 0.25326 0.932283
vt 0.001759 0.890706
vt 0.009086 0.890706
vt 0.017181 0.908936
vt 0.013828 0.913914
vt 0.554095 0.33016
vt 0.55551 0.359632
vt 0.542569 0.35982
vt 0.538087 0.328347
vt 0.0262 0.91929
vt 0.252443 0.943319
vt 0.002316 0.927007
vt 0.00172 0.921518
vt 0.925729 0.347631
vt 0.538087 0.363353
vt 0.026203 0.932838
vt 0.620119 0.466419
vt 0.613414 0.275905
vt 0.600963 0.28325
vt 0.817543 0.922356
vt 0.589392 0.295183
vt 0.607206 0.306455
vt 0.634277 0.271699
vt 0.642854 0.307285
vt 0.621718 0.313152
vt 0.496116 0.191205
vt 0.493255 0.192158
vt 0.493255 0.176529
vt 0.419253 0.203662
vt 0.417203 0.204386
vt 0.417203 0.188837
vt 0.594298 0.296499
vt 0.580333 0.300726
vt 0.577703 0.321215
vt 0.559879 0.323174
vt 0.192885 0.991142
vt 0.189752 0.989988
vt 0.192885 0.980772
vt 0.853868 0.199582
vt 0.8473 0.192111
vt 0.855975 0.188367
vt 0.1622 0.660693
vt 0.164207 0.659939
vt 0.164207 0.670805
vt 0.282587 0.939082
vt 0.282996 0.948828
vt 0.276456 0.949752
vt 0.592596 0.306389
vt 0.27647 0.955961
vt 0.591335 0.313826
vt 0.282931 0.956166
vt 0.85209 0.20642
vt 0.840213 0.212675
vt 0.297692 0.786105
vt 0.837166 0.43114
vt 0.860987 0.468166
vt 0.837166 0.464976
vt 0.782605 0.353635
vt 0.305674 0.79134
vt 0.609267 0.315748
vt 0.917116 0.214948
vt 0.917116 0.258539
vt 0.905838 0.251144
vt 0.862962 0.433466
vt 0.937361 0.595423
vt 0.946813 0.624993
vt 0.937361 0.628879
vt 0.963534 0.12461
vt 0.967775 0.131259
vt 0.965858 0.143245
vt 0.591003 0.320161
vt 0.600111 0.323174
vt 0.766845 0.905468
vt 0.76325 0.904769
vt 0.76863 0.886556
vt 0.963534 0.142501
vt 0.343139 0.453776
vt 0.303119 0.443146
vt 0.296056 0.434024
vt 0.340386 0.433531
vt 0.282996 0.962118
vt 0.275754 0.962535
vt 0.849565 0.213007
vt 0.117263 0.653336
vt 0.115619 0.624593
vt 0.122282 0.624593
vt 0.962535 0.183423
vt 0.955429 0.176286
vt 0.962535 0.163482
vt 0.120894 0.645384
vt 0.851218 0.248058
vt 0.855975 0.239788
vt 0.764371 0.920085
vt 0.421 0.034272
vt 0.421 0.054154
vt 0.418328 0.052762
vt 0.416326 0.035076
vt 0.3175 0.455135
vt 0.76863 0.927597
vt 0.655862 0.796982
vt 0.686527 0.801127
vt 0.662354 0.837442
vt 0.104813 0.631377
vt 0.086431 0.663984
vt 0.077881 0.626145
vt 0.63227 0.799843
vt 0.649842 0.773994
vt 0.627713 0.793087
vt 0.602479 0.774981
vt 0.63227 0.838506
vt 0.630408 0.747696
vt 0.602479 0.747062
vt 0.264251 0.49961
vt 0.27808 0.48063
vt 0.313132 0.491089
vt 0.92061 0.922356
vt 0.902279 0.885256
vt 0.92061 0.87764
vt 0.599162 0.111801
vt 0.553966 0.095884
vt 0.550813 0.08933
vt 0.284833 0.463929
vt 0.321752 0.464744
vt 0.788314 0.231562
vt 0.831518 0.223756
vt 0.808434 0.237624
vt 0.809423 0.260397
vt 0.882462 0.212931
vt 0.894406 0.218139
vt 0.882462 0.262033
vt 0.596344 0.221301
vt 0.583115 0.239894
vt 0.570548 0.189244
vt 0.596363 0.186675
vt 0.579324 0.151888
vt 0.799303 0.277121
vt 0.66071 0.774274
vt 0.684712 0.77693
vt 0.086356 0.688227
vt 0.045484 0.674749
vt 0.045962 0.624255
vt 0.353386 0.47994
vt 0.668275 0.713645
vt 0.680811 0.694346
vt 0.691767 0.714557
vt 0.67503 0.735244
vt 0.186917 0.048913
vt 0.825057 0.889842
vt 0.937017 0.138997
vt 0.177553 0.041928
vt 0.928066 0.139751
vt 0.151979 0.209977
vt 0.151979 0.220108
vt 0.142857 0.219216
vt 0.139619 0.210789
vt 0.871696 0.965789
vt 0.870075 0.96865
vt 0.858678 0.971269
vt 0.981952 0.469259
vt 0.988345 0.476782
vt 0.980772 0.476782
vt 0.179135 0.869613
vt 0.180471 0.869358
vt 0.046503 0.484076
vt 0.04537 0.473483
vt 0.048913 0.47562
vt 0.048656 0.484534
vt 0.763078 0.188488
vt 0.765665 0.178083
vt 0.775618 0.187416
vt 0.773278 0.197617
vt 0.962535 0.756972
vt 0.76114 0.179769
vt 0.967775 0.759896
vt 0.517117 0.947616
vt 0.522707 0.941973
vt 0.531054 0.946164
vt 0.76114 0.199145
vt 0.046987 0.991008
vt 0.051424 0.980772
vt 0.056684 0.991008
vt 0.527078 0.954509
vt 0.561829 0.540251
vt 0.5558 0.543309
vt 0.555795 0.539235
vt 0.561996 0.54432
vt 0.562497 0.55551
vt 0.550756 0.55347
vt 0.518558 0.942037
vt 0.174254 0.880431
vt 0.04537 0.496116
vt 0.55551 0.454191
vt 0.545423 0.454191
vt 0.549615 0.443805
vt 0.834305 0.899533
vt 0.1457 0.201253
vt 0.847611 0.904458
vt 0.843223 0.908783
vt 0.41031 0.646008
vt 0.415586 0.640517
vt 0.417506 0.653142
vt 0.41031 0.66207
vt 0.861215 0.915369
vt 0.9538 0.004731
vt 0.944194 0.012154
vt 0.94743 0.001402
vt 0.94889 0.021354
vt 0.942625 0.026039
vt 0.9538 0.033191
vt 0.390912 0.876028
vt 0.408772 0.860856
vt 0.408043 0.889165
vt 0.393482 0.888347
vt 0.438469 0.312903
vt 0.431688 0.326865
vt 0.428333 0.316758
vt 0.304677 0.502962
vt 0.298598 0.497262
vt 0.310946 0.494821
vt 0.310946 0.510091
vt 0.335222 0.953273
vt 0.338896 0.963299
vt 0.335222 0.967775
vt 0.397327 0.855613
vt 0.42371 0.327674
vt 0.43049 0.339553
vt 0.378966 0.875957
vt 0.387588 0.855087
vt 0.50485 0.960227
vt 0.50341 0.970355
vt 0.084399 0.204898
vt 0.084399 0.211335
vt 0.96156 0.367034
vt 0.967479 0.365544
vt 0.969887 0.374119
vt 0.965315 0.37633
vt 0.242817 0.459628
vt 0.237969 0.449282
vt 0.242817 0.447733
vt 0.49379 0.973016
vt 0.553612 0.55551
vt 0.087189 0.220108
vt 0.96433 0.100967
vt 0.973016 0.098516
vt 0.973016 0.104847
vt 0.972458 0.108566
vt 0.96433 0.110464
vt 0.507075 0.941973
vt 0.5134 0.949819
vt 0.508088 0.946036
vt 0.991852 0.359692
vt 0.995236 0.358116
vt 0.997789 0.359692
vt 0.51803 0.956213
vt 0.997206 0.103844
vt 0.991852 0.109448
vt 0.991852 0.1033
vt 0.006988 0.335162
vt 0.001311 0.33272
vt 0.005663 0.329426
vt 0.514845 0.956021
vt 0.994792 0.109404
vt 0.998258 0.108731
vt 0.967088 0.113548
vt 0.980772 0.918277
vt 0.981178 0.913211
vt 0.984365 0.916128
vt 0.980772 0.005196
vt 0.980882 0.001258
vt 0.988012 0.003292
vt 0.237969 0.461178
vt 0.890005 0.621124
vt 0.884607 0.621282
vt 0.991852 0.314371
vt 0.997873 0.31437
vt 0.992332 0.317224
vt 0.891795 0.623363
vt 0.888597 0.62443
vt 0.971269 0.377721
vt 0.987683 0.913211
vt 0.004904 0.340643
vt 0.001311 0.339389
vt 0.989318 0.001258
vt 0.489587 0.990355
vt 0.485404 0.98748
vt 0.489587 0.980772
vt 0.468964 0.982251
vt 0.46457 0.990215
vt 0.46457 0.980889
vt 0.967934 0.379197
vt 0.96156 0.383642
vt 0.99469 0.598527
vt 0.991852 0.596452
vt 0.997075 0.596452
vt 0.987195 0.479297
vt 0.988582 0.482021
vt 0.980772 0.482021
vt 0.965305 0.384315
vt 0.993424 0.521278
vt 0.997254 0.523205
vt 0.991852 0.523205
vt 0.661111 0.652462
vt 0.663817 0.655953
vt 0.659354 0.658995
vt 0.547904 0.984253
vt 0.548647 0.980772
vt 0.556468 0.980936
vt 0.556468 0.987894
vt 0.655161 0.656293
vt 0.996118 0.317644
vt 0.995519 0.780806
vt 0.992013 0.783827
vt 0.991852 0.780806
vt 0.991852 0.627139
vt 0.996932 0.6275
vt 0.991852 0.629842
vt 0.997611 0.311855
vt 0.991852 0.30628
vt 0.997775 0.30628
vt 0.548464 0.989937
vt 0.890798 0.632373
vt 0.886192 0.630718
vt 0.882201 0.62556
vt 0.72997 0.683636
vt 0.740134 0.688845
vt 0.731991 0.69002
vt 0.658355 0.664412
vt 0.653307 0.664546
vt 0.737099 0.681618
vt 0.359859 0.424845
vt 0.359859 0.434554
vt 0.354545 0.425404
vt 0.469572 0.987962
vt 0.660744 0.673832
vt 0.472392 0.980772
vt 0.663817 0.669858
vt 0.72691 0.665542
vt 0.654553 0.681286
vt 0.353973 0.436722
vt 0.740144 0.676263
vt 0.879003 0.624617
vt 0.991852 0.49121
vt 0.99641 0.489202
vt 0.997331 0.49121
vt 0.962535 0.098644
vt 0.960904 0.103653
vt 0.958077 0.102763
vt 0.87959 0.63
vt 0.042759 0.842808
vt 0.040191 0.846595
vt 0.188563 0.161358
vt 0.185777 0.157311
vt 0.187652 0.156807
vt 0.192158 0.161458
vt 0.186115 0.16166
vt 0.959708 0.107826
vt 0.188889 0.165977
vt 0.957222 0.107625
vt 0.961479 0.111547
vt 0.195099 0.458868
vt 0.200892 0.460902
vt 0.196243 0.462925
vt 0.959356 0.112127
vt 0.185998 0.165511
vt 0.745224 0.680797
vt 0.744199 0.685499
vt 0.744217 0.674249
vt 0.185777 0.172942
vt 0.510595 0.960619
vt 0.515176 0.962694
vt 0.518268 0.966028
vt 0.51131 0.965112
vt 0.423317 0.314802
vt 0.897012 0.158056
vt 0.896363 0.147467
vt 0.902353 0.144716
vt 0.902694 0.157015
vt 0.225713 0.8979
vt 0.222406 0.888166
vt 0.230589 0.887935
vt 0.751345 0.666199
vt 0.728952 0.649779
vt 0.903141 0.173541
vt 0.896603 0.174344
vt 0.995875 0.436491
vt 0.997467 0.440173
vt 0.991852 0.440173
vt 0.991852 0.815412
vt 0.994894 0.812524
vt 0.995 0.815412
vt 0.992308 0.4369
vt 0.991852 0.172644
vt 0.994475 0.16936
vt 0.997694 0.169746
vt 0.998256 0.172644
vt 0.992875 0.426989
vt 0.997562 0.426989
vt 0.994028 0.429523
vt 0.991852 0.43002
vt 0.200892 0.447459
vt 0.045419 0.860887
vt 0.991852 0.689033
vt 0.996272 0.688871
vt 0.991852 0.691997
vt 0.996372 0.429523
vt 0.962535 0.118788
vt 0.300729 0.445246
vt 0.305705 0.450284
vt 0.300729 0.459431
vt 0.994869 0.692153
vt 0.991852 0.502734
vt 0.996115 0.499342
vt 0.997218 0.502734
vt 0.751348 0.642395
vt 0.765576 0.663199
vt 0.991852 0.140422
vt 0.993651 0.138776
vt 0.992977 0.143893
vt 0.996338 0.143893
vt 0.996136 0.138919
vt 0.998184 0.140887
vt 0.993052 0.499786
vt 0.76863 0.638224
vt 0.222668 0.874427
vt 0.423317 0.340643
vt 0.230589 0.872202
vt 0.379074 0.401784
vt 0.372949 0.376318
vt 0.379074 0.373607
vt 0.378966 0.833737
vt 0.229599 0.849202
vt 0.896363 0.193905
vt 0.72691 0.628668
vt 0.218333 0.778978
vt 0.238755 0.775563
vt 0.231238 0.799837
vt 0.789972 0.072856
vt 0.253316 0.805879
vt 0.268464 0.787202
vt 0.783228 0.075116
vt 0.231408 0.842
vt 0.271494 0.842
vt 0.277156 0.821646
vt 0.76252 0.622307
vt 0.747245 0.609414
vt 0.473923 0.263693
vt 0.50445 0.232845
vt 0.512518 0.259548
vt 0.546879 0.26869
vt 0.537946 0.300165
vt 0.539378 0.293133
vt 0.175162 0.614143
vt 0.179929 0.615468
vt 0.175925 0.620459
vt 0.38762 0.457311
vt 0.384766 0.450711
vt 0.387809 0.450615
vt 0.981963 0.288944
vt 0.980772 0.286858
vt 0.988962 0.286858
vt 0.178504 0.621683
vt 0.385022 0.458546
vt 0.511626 0.233279
vt 0.525347 0.255152
vt 0.176782 0.628089
vt 0.387809 0.466419
vt 0.80032 0.980772
vt 0.802169 0.987753
vt 0.80032 0.989718
vt 0.178072 0.628701
vt 0.988858 0.32386
vt 0.987613 0.326652
vt 0.980772 0.32386
vt 0.175162 0.635867
vt 0.752471 0.980772
vt 0.752471 0.98979
vt 0.750216 0.982521
vt 0.986893 0.863223
vt 0.980772 0.861101
vt 0.987946 0.861101
vt 0.988646 0.08671
vt 0.980772 0.092073
vt 0.980837 0.08671
vt 0.988906 0.093593
vt 0.275942 0.788866
vt 0.272927 0.78465
vt 0.6223 0.982619
vt 0.61786 0.990024
vt 0.61786 0.980772
vt 0.886887 0.210776
vt 0.281249 0.790309
vt 0.600842 0.22914
vt 0.600929 0.262033
vt 0.7964 0.878684
vt 0.7964 0.854
vt 0.800074 0.854541
vt 0.865007 0.774155
vt 0.868901 0.77443
vt 0.871697 0.805315
vt 0.512395 0.214909
vt 0.498468 0.211563
vt 0.473923 0.185075
vt 0.684706 0.748282
vt 0.691767 0.742769
vt 0.691767 0.754655
vt 0.358757 0.627649
vt 0.365782 0.620877
vt 0.405011 0.627323
vt 0.402747 0.639361
vt 0.91771 0.595805
vt 0.927597 0.595805
vt 0.923052 0.637614
vt 0.798065 0.830903
vt 0.871697 0.750637
vt 0.620443 0.80455
vt 0.625386 0.809438
vt 0.620443 0.829771
vt 0.747668 0.579966
vt 0.744943 0.574733
vt 0.747668 0.568924
vt 0.371561 0.259484
vt 0.372992 0.212958
vt 0.379074 0.214408
vt 0.608617 0.856859
vt 0.620145 0.889321
vt 0.608617 0.904887
vt 0.379074 0.262033
vt 0.532348 0.630509
vt 0.524537 0.627495
vt 0.522806 0.621395
vt 0.747668 0.876922
vt 0.734548 0.838384
vt 0.747668 0.833752
vt 0.509933 0.447235
vt 0.555146 0.46009
vt 0.547387 0.467301
vt 0.600929 0.158143
vt 0.941572 0.563527
vt 0.941572 0.597435
vt 0.933324 0.582056
vt 0.53167 0.662702
vt 0.541535 0.636249
vt 0.723378 0.87655
vt 0.724975 0.843781
vt 0.733847 0.884326
vt 0.541268 0.66649
vt 0.523666 0.71998
vt 0.483267 0.749457
vt 0.491879 0.716685
vt 0.462925 0.628911
vt 0.533622 0.707152
vt 0.522806 0.71273
vt 0.455283 0.620877
vt 0.775382 0.496762
vt 0.770252 0.487423
vt 0.780858 0.487423
vt 0.253014 0.980772
vt 0.256175 0.981845
vt 0.253014 0.989935
vt 0.770388 0.49961
vt 0.652012 0.700502
vt 0.650387 0.699152
vt 0.653336 0.693496
vt 0.532791 0.585093
vt 0.5328 0.591271
vt 0.530754 0.592195
vt 0.530754 0.585095
vt 0.65136 0.693122
vt 0.255169 0.990989
vt 0.991939 0.716678
vt 0.991852 0.713531
vt 0.9961 0.71274
vt 0.9961 0.71677
vt 0.520572 0.347631
vt 0.518149 0.339477
vt 0.519518 0.339691
vt 0.113992 0.85683
vt 0.115295 0.856329
vt 0.113241 0.864709
vt 0.333179 0.658576
vt 0.335274 0.6509
vt 0.337035 0.651925
vt 0.985789 0.16669
vt 0.980772 0.163513
vt 0.989043 0.163513
vt 0.155473 0.388242
vt 0.151267 0.395042
vt 0.151926 0.388808
vt 0.335321 0.644735
vt 0.333179 0.638271
vt 0.335578 0.636177
vt 0.520572 0.333882
vt 0.151267 0.382399
vt 0.338896 0.644677
vt 0.154115 0.396543
vt 0.113241 0.849469
vt 0.52744 0.227844
vt 0.552016 0.214177
vt 0.702173 0.888825
vt 0.710983 0.888825
vt 0.710482 0.927597
vt 0.391201 0.112657
vt 0.400037 0.085892
vt 0.400037 0.113548
vt 0.016541 0.030606
vt 0.015703 0.004734
vt 0.022709 0.00282
vt 0.022709 0.031444
vt 0.22398 0.083332
vt 0.230589 0.118917
vt 0.22398 0.15722
vt 0.707345 0.189061
vt 0.719717 0.175473
vt 0.719717 0.249805
vt 0.531456 0.010085
vt 0.530527 0.009828
vt 0.530527 0.002358
vt 0.102839 0.642008
vt 0.103066 0.648971
vt 0.100812 0.649021
vt 0.5328 0.009689
vt 0.101039 0.655984
vt 0.103066 0.656829
vt 0.5328 0.017159
vt 0.997615 0.343264
vt 0.991852 0.340809
vt 0.997861 0.340809
vt 0.530998 0.017469
vt 0.530801 0.755602
vt 0.518704 0.793087
vt 0.483267 0.790867
vt 0.998197 0.09312
vt 0.99851 0.094526
vt 0.991852 0.094526
vt 0.697008 0.267767
vt 0.69399 0.273642
vt 0.691592 0.273928
vt 0.672551 0.486144
vt 0.670209 0.485419
vt 0.668516 0.480446
vt 0.981482 0.810045
vt 0.980772 0.808806
vt 0.988178 0.808806
vt 0.697008 0.279502
vt 0.532761 0.57873
vt 0.668516 0.492622
vt 0.650387 0.68569
vt 0.639239 0.783698
vt 0.831082 0.622337
vt 0.837946 0.620136
vt 0.840253 0.630626
vt 0.840253 0.610404
vt 0.691767 0.767417
vt 0.678974 0.767005
vt 0.671953 0.760046
vt 0.579966 0.144992
vt 0.576688 0.140224
vt 0.577873 0.140211
vt 0.993237 0.424474
vt 0.991852 0.423017
vt 0.997642 0.423017
vt 0.996622 0.675413
vt 0.991852 0.675413
vt 0.992461 0.674417
vt 0.20698 0.080023
vt 0.713395 0.576473
vt 0.702231 0.571409
vt 0.723128 0.55023
vt 0.696888 0.484374
vt 0.737113 0.549892
vt 0.793087 0.151927
vt 0.896751 0.446257
vt 0.885977 0.419918
vt 0.898847 0.418532
vt 0.638022 0.269021
vt 0.906634 0.445745
vt 0.925667 0.079397
vt 0.922179 0.070205
vt 0.936331 0.065768
vt 0.936331 0.096852
vt 0.577831 0.136567
vt 0.186895 0.991118
vt 0.185123 0.991212
vt 0.187236 0.986151
vt 0.991852 0.362207
vt 0.997802 0.362207
vt 0.996768 0.363207
vt 0.579016 0.136555
vt 0.186106 0.985272
vt 0.185123 0.980772
vt 0.579966 0.133068
vt 0.186691 0.981232
vt 0.992307 0.686355
vt 0.991852 0.684915
vt 0.996373 0.684915
vt 0.604423 0.724482
vt 0.600486 0.721731
vt 0.60189 0.710367
vt 0.988915 0.102568
vt 0.980985 0.109251
vt 0.980772 0.102568
vt 0.914366 0.076448
vt 0.923549 0.075942
vt 0.916765 0.079944
vt 0.912978 0.089585
vt 0.600486 0.731946
vt 0.865199 0.980772
vt 0.869996 0.987977
vt 0.865199 0.98947
vt 0.670118 0.769661
vt 0.657194 0.772124
vt 0.648402 0.746589
vt 0.652601 0.760476
vt 0.404822 0.99063
vt 0.401458 0.986898
vt 0.404822 0.980772
vt 0.916913 0.084245
vt 0.50839 0.533924
vt 0.511838 0.536321
vt 0.50839 0.545029
vt 0.541535 0.211373
vt 0.537265 0.208552
vt 0.541535 0.200323
vt 0.913549 0.094577
vt 0.918917 0.10656
vt 0.069875 0.113643
vt 0.057823 0.12927
vt 0.057823 0.100912
vt 0.900877 0.46406
vt 0.831518 0.293477
vt 0.668364 0.884338
vt 0.690706 0.890695
vt 0.668364 0.922471
vt 0.464525 0.261924
vt 0.489128 0.290491
vt 0.467211 0.28718
vt 0.447528 0.267527
vt 0.696024 0.927597
vt 0.705742 0.923904
vt 0.60546 0.327171
vt 0.632373 0.335157
vt 0.603049 0.376256
vt 0.474919 0.338601
vt 0.488573 0.343473
vt 0.700969 0.199145
vt 0.69061 0.196758
vt 0.708355 0.15312
vt 0.716224 0.154666
vt 0.632373 0.379048
vt 0.673235 0.474176
vt 0.688273 0.479852
vt 0.675573 0.483888
vt 0.448373 0.180096
vt 0.459431 0.180096
vt 0.457558 0.190619
vt 0.451294 0.18999
vt 0.180156 0.969522
vt 0.17999 0.959906
vt 0.186917 0.962527
vt 0.677296 0.459615
vt 0.672114 0.435526
vt 0.698406 0.406127
vt 0.706153 0.424566
vt 0.697439 0.431481
vt 0.680979 0.419958
vt 0.457296 0.200294
vt 0.186917 0.951071
vt 0.451317 0.202063
vt 0.71182 0.417419
vt 0.231781 0.088876
vt 0.237577 0.099898
vt 0.231781 0.103066
vt 0.666855 0.460118
vt 0.356208 0.910175
vt 0.356365 0.935436
vt 0.331104 0.927217
vt 0.054587 0.889237
vt 0.059394 0.887722
vt 0.059394 0.913622
vt 0.332445 0.913889
vt 0.330453 0.910175
vt 0.33253 0.922225
vt 0.114113 0.938382
vt 0.125776 0.937966
vt 0.108758 0.960134
vt 0.883925 0.315238
vt 0.883925 0.335402
vt 0.872646 0.334144
vt 0.104682 0.959063
vt 0.411638 0.235428
vt 0.414041 0.238447
vt 0.399814 0.258196
vt 0.125776 0.962535
vt 0.330643 0.932947
vt 0.850897 0.493152
vt 0.847292 0.491915
vt 0.855975 0.473128
vt 0.338322 0.94856
vt 0.394256 0.188654
vt 0.394187 0.162622
vt 0.401784 0.160463
vt 0.401784 0.188664
vt 0.555157 0.477502
vt 0.565991 0.48333
vt 0.743588 0.889165
vt 0.121997 0.090573
vt 0.132763 0.127824
vt 0.121997 0.131017
vt 0.54798 0.52538
vt 0.545029 0.757255
vt 0.533425 0.715066
vt 0.146738 0.903141
vt 0.136289 0.896901
vt 0.146738 0.856036
vt 0.541535 0.951722
vt 0.537488 0.949507
vt 0.541535 0.933545
vt 0.710961 0.980772
vt 0.710494 0.98584
vt 0.709094 0.985501
vt 0.984406 0.096109
vt 0.98512 0.098492
vt 0.980772 0.100052
vt 0.691824 0.980772
vt 0.689673 0.985275
vt 0.688233 0.985273
vt 0.710961 0.989914
vt 0.989052 0.100052
vt 0.996148 0.703413
vt 0.996235 0.704909
vt 0.991852 0.704909
vt 0.691824 0.989876
vt 0.268957 0.991007
vt 0.269821 0.985231
vt 0.271365 0.985332
vt 0.980772 0.930387
vt 0.981725 0.925356
vt 0.987624 0.925356
vt 0.987408 0.92801
vt 0.745921 0.322178
vt 0.744259 0.326488
vt 0.743244 0.326577
vt 0.984924 0.336006
vt 0.988715 0.334023
vt 0.98888 0.335014
vt 0.745659 0.330624
vt 0.74363 0.330801
vt 0.984594 0.334023
vt 0.992381 0.664118
vt 0.991852 0.662483
vt 0.996345 0.662483
vt 0.268957 0.980772
vt 0.996873 0.664118
vt 0.270501 0.980873
vt 0.539009 0.957294
vt 0.996137 0.726846
vt 0.991852 0.726846
vt 0.995116 0.725464
vt 0.980772 0.335846
vt 0.98158 0.334527
vt 0.745921 0.333655
vt 0.656829 0.560692
vt 0.656062 0.603522
vt 0.64772 0.604423
vt 0.6478 0.559704
vt 0.556769 0.532586
vt 0.133918 0.844785
vt 0.143245 0.85265
vt 0.133509 0.894406
vt 0.120984 0.8927
vt 0.002101 0.56539
vt 0.016195 0.335755
vt 0.048934 0.279075
vt 0.011587 0.566486
vt 0.034845 0.55661
vt 0.002058 0.584831
vt 0.035596 0.579135
vt 0.01144 0.586954
vt 0.020275 0.283898
vt 0.002087 0.32219
vt 0.836759 0.417134
vt 0.04499 0.580241
vt 0.068967 0.564192
vt 0.09956 0.558341
vt 0.124029 0.547441
vt 0.694823 0.476823
vt 0.713347 0.468342
vt 0.77234 0.177768
vt 0.793087 0.105456
vt 0.061412 0.806202
vt 0.071622 0.751524
vt 0.071622 0.81929
vt 0.445961 0.719717
vt 0.449474 0.648621
vt 0.459725 0.716243
vt 0.624753 0.896902
vt 0.618834 0.866375
vt 0.667311 0.866348
vt 0.664353 0.8979
vt 0.537941 0.554045
vt 0.568168 0.563743
vt 0.536739 0.582747
vt 0.666425 0.844703
vt 0.622267 0.844703
vt 0.728096 0.503103
vt 0.807259 0.866136
vt 0.311044 0.796025
vt 0.81186 0.873443
vt 0.110694 0.89223
vt 0.342879 0.419914
vt 0.344412 0.401579
vt 0.365807 0.422747
vt 0.32165 0.422144
vt 0.902668 0.74611
vt 0.902668 0.721782
vt 0.918862 0.725661
vt 0.912718 0.753674
vt 0.902888 0.766883
vt 0.371229 0.392133
vt 0.343818 0.392404
vt 0.314421 0.395745
vt 0.373834 0.401293
vt 0.595688 0.540386
vt 0.56492 0.536456
vt 0.592584 0.507672
vt 0.565371 0.510616
vt 0.592602 0.633345
vt 0.591561 0.616536
vt 0.598958 0.607392
vt 0.581705 0.622143
vt 0.611377 0.639557
vt 0.640911 0.614425
vt 0.932838 0.592359
vt 0.932838 0.628879
vt 0.927088 0.625921
vt 0.632518 0.60115
vt 0.777365 0.922968
vt 0.775292 0.922288
vt 0.771038 0.913917
vt 0.981693 0.019203
vt 0.98917 0.023636
vt 0.980772 0.023636
vt 0.774211 0.911808
vt 0.980772 0.609151
vt 0.98162 0.606909
vt 0.98837 0.609151
vt 0.955118 0.989453
vt 0.955118 0.980772
vt 0.956928 0.982296
vt 0.983053 0.87609
vt 0.980772 0.874448
vt 0.987931 0.874448
vt 0.991852 0.475677
vt 0.996197 0.474646
vt 0.997448 0.475677
vt 0.408691 0.526573
vt 0.406868 0.525948
vt 0.40459 0.51838
vt 0.581238 0.646348
vt 0.548536 0.646348
vt 0.866059 0.465052
vt 0.59237 0.56435
vt 0.595688 0.600929
vt 0.563142 0.597949
vt 0.581736 0.627868
vt 0.646348 0.642643
vt 0.464672 0.943881
vt 0.461197 0.9538
vt 0.458184 0.952832
vt 0.029808 0.991318
vt 0.02651 0.991404
vt 0.029517 0.981662
vt 0.461617 0.943918
vt 0.997885 0.338294
vt 0.991852 0.338294
vt 0.992416 0.33628
vt 0.991852 0.241215
vt 0.991852 0.239485
vt 0.998124 0.239538
vt 0.991852 0.3896
vt 0.997674 0.388417
vt 0.997674 0.390683
vt 0.442543 0.705375
vt 0.441791 0.698903
vt 0.443709 0.699369
vt 0.02651 0.980772
vt 0.978257 0.388894
vt 0.97141 0.396816
vt 0.961007 0.388894
vt 0.964539 0.407025
vt 0.974611 0.40585
vt 0.440625 0.704909
vt 0.988469 0.532567
vt 0.980772 0.532567
vt 0.987109 0.529647
vt 0.45606 0.353072
vt 0.457684 0.353651
vt 0.456029 0.361606
vt 0.461959 0.935557
vt 0.525287 0.009984
vt 0.527538 0.00999
vt 0.52756 0.017469
vt 0.52756 0.00153
vt 0.456029 0.345596
vt 0.459879 0.93664
vt 0.458184 0.928357
vt 0.99207 0.525906
vt 0.997242 0.52572
vt 0.997024 0.52783
vt 0.443709 0.710983
vt 0.991852 0.52783
vt 0.991852 0.397974
vt 0.997616 0.396912
vt 0.997616 0.40011
vt 0.992106 0.090605
vt 0.991852 0.089129
vt 0.998512 0.089129
vt 0.998331 0.17516
vt 0.99349 0.17664
vt 0.991852 0.17516
vt 0.988872 0.329167
vt 0.986664 0.331507
vt 0.980772 0.329167
vt 0.991852 0.632358
vt 0.996971 0.632358
vt 0.99693 0.633867
vt 0.820021 0.577483
vt 0.829565 0.57505
vt 0.820021 0.604958
vt 0.004592 0.296416
vt 0.82971 0.606887
vt 0.851933 0.60693
vt 0.85186 0.577274
vt 0.749573 0.266822
vt 0.758149 0.266518
vt 0.758149 0.288236
vt 0.749399 0.286337
vt 0.813096 0.959041
vt 0.813096 0.935425
vt 0.834854 0.954086
vt 0.861215 0.574668
vt 0.861186 0.609514
vt 0.835012 0.933348
vt 0.844946 0.624145
vt 0.854371 0.637614
vt 0.788902 0.098108
vt 0.487076 0.716355
vt 0.45032 0.640908
vt 0.486296 0.630607
vt 0.733692 0.485385
vt 0.480356 0.62404
vt 0.560068 0.2058
vt 0.903534 0.199093
vt 0.90788 0.158349
vt 0.917116 0.157936
vt 0.572979 0.214169
vt 0.545164 0.249805
vt 0.917116 0.204386
vt 0.518825 0.622919
vt 0.746946 0.318331
vt 0.782605 0.318934
vt 0.58563 0.489062
vt 0.567132 0.492906
vt 0.111801 0.647497
vt 0.111801 0.674298
vt 0.105705 0.660722
vt 0.510091 0.932838
vt 0.491803 0.92061
vt 0.510091 0.892405
vt 0.518825 0.685106
vt 0.535891 0.134385
vt 0.525357 0.141498
vt 0.8024 0.871874
vt 0.64132 0.598453
vt 0.002699 0.382568
vt 0.003208 0.374315
vt 0.005241 0.374189
vt 0.014866 0.099923
vt 0.017295 0.100273
vt 0.019216 0.108307
vt 0.771038 0.938078
vt 0.773736 0.92989
vt 0.775719 0.929875
vt 0.002699 0.366124
vt 0.015601 0.092371
vt 0.013501 0.092964
vt 0.019216 0.085433
vt 0.076677 0.500886
vt 0.082104 0.503187
vt 0.076677 0.511838
vt 0.98776 0.882774
vt 0.987901 0.884486
vt 0.980772 0.884486
vt 0.40459 0.538041
vt 0.407783 0.53235
vt 0.410518 0.533289
vt 0.174689 0.279724
vt 0.172233 0.279293
vt 0.170527 0.272371
vt 0.998004 0.302243
vt 0.992467 0.303765
vt 0.991852 0.302243
vt 0.991852 0.086613
vt 0.997969 0.085213
vt 0.998534 0.086613
vt 0.170527 0.284743
vt 0.165259 0.599182
vt 0.164196 0.590238
vt 0.171195 0.595105
vt 0.854676 0.211872
vt 0.855856 0.203481
vt 0.865209 0.202024
vt 0.320559 0.614209
vt 0.323174 0.620291
vt 0.320559 0.627132
vt 0.93948 0.50594
vt 0.952053 0.506415
vt 0.950512 0.52469
vt 0.936694 0.525091
vt 0.877056 0.216791
vt 0.171195 0.585944
vt 0.485635 0.207267
vt 0.474509 0.199521
vt 0.483243 0.199933
vt 0.886913 0.002686
vt 0.892659 0.00936
vt 0.882816 0.007231
vt 0.892375 0.017052
vt 0.471521 0.206397
vt 0.871071 0.018254
vt 0.952053 0.539388
vt 0.862684 0.224055
vt 0.938235 0.539788
vt 0.883657 0.027309
vt 0.877657 0.034281
vt 0.867886 0.030613
vt 0.484651 0.22194
vt 0.470339 0.221551
vt 0.884813 0.034924
vt 0.892659 0.052257
vt 0.369646 0.225851
vt 0.868407 0.037703
vt 0.878771 0.057647
vt 0.676045 0.1628
vt 0.67072 0.164207
vt 0.67072 0.149643
vt 0.86982 0.573424
vt 0.86323 0.522576
vt 0.883925 0.52593
vt 0.883925 0.57822
vt 0.594571 0.980772
vt 0.600065 0.988636
vt 0.594571 0.989962
vt 0.739846 0.830964
vt 0.130727 0.472817
vt 0.696026 0.760333
vt 0.742427 0.762566
vt 0.742427 0.818909
vt 0.153571 0.447643
vt 0.126996 0.425297
vt 0.188161 0.466189
vt 0.158294 0.49961
vt 0.313815 0.532479
vt 0.381845 0.572979
vt 0.311956 0.572979
vt 0.264008 0.534363
vt 0.266846 0.569919
vt 0.578044 0.669786
vt 0.572504 0.659198
vt 0.58884 0.648213
vt 0.599182 0.655539
vt 0.555407 0.674647
vt 0.943319 0.20094
vt 0.923227 0.24107
vt 0.922109 0.20094
vt 0.552165 0.663666
vt 0.384315 0.545854
vt 0.55658 0.725708
vt 0.599182 0.737186
vt 0.601143 0.983458
vt 0.803524 0.754435
vt 0.982693 0.199468
vt 0.980772 0.191759
vt 0.98879 0.191759
vt 0.988388 0.198609
vt 0.451881 0.205851
vt 0.460372 0.213186
vt 0.438726 0.244879
vt 0.822784 0.487101
vt 0.464672 0.223489
vt 0.441628 0.251776
vt 0.435192 0.266551
vt 0.439428 0.2784
vt 0.68075 0.450425
vt 0.68478 0.447919
vt 0.68478 0.459431
vt 0.764836 0.980772
vt 0.76727 0.988003
vt 0.764836 0.989759
vt 0.150232 0.712659
vt 0.144639 0.721464
vt 0.144639 0.708994
vt 0.358112 0.21828
vt 0.355646 0.218857
vt 0.350384 0.208955
vt 0.353596 0.207433
vt 0.430374 0.247482
vt 0.418019 0.235268
vt 0.324604 0.924149
vt 0.326668 0.92495
vt 0.324604 0.934584
vt 0.644601 0.922356
vt 0.643278 0.912828
vt 0.644581 0.913434
vt 0.352589 0.227076
vt 0.355055 0.226499
vt 0.350384 0.23583
vt 0.325549 0.915419
vt 0.644601 0.904594
vt 0.94101 0.980772
vt 0.943603 0.982158
vt 0.94101 0.989441
vt 0.066153 0.986165
vt 0.066898 0.980772
vt 0.068751 0.981507
vt 0.993041 0.385902
vt 0.991852 0.384052
vt 0.997727 0.384052
vt 0.068388 0.986389
vt 0.997231 0.562368
vt 0.991852 0.562368
vt 0.992256 0.561499
vt 0.033191 0.214224
vt 0.031097 0.214732
vt 0.030991 0.208713
vt 0.988451 0.588637
vt 0.981834 0.590552
vt 0.980772 0.588637
vt 0.497564 0.089136
vt 0.49961 0.090056
vt 0.496955 0.097694
vt 0.003494 0.199725
vt 0.001561 0.199916
vt 0.001561 0.19147
vt 0.434073 0.253744
vt 0.499191 0.097339
vt 0.196959 0.574726
vt 0.196569 0.567612
vt 0.202639 0.566682
vt 0.429674 0.256424
vt 0.068751 0.991349
vt 0.032535 0.220108
vt 0.996327 0.670988
vt 0.996687 0.671901
vt 0.991852 0.671901
vt 0.030991 0.219337
vt 0.052407 0.030495
vt 0.05076 0.036046
vt 0.049441 0.035599
vt 0.052407 0.041925
vt 0.99803 0.299727
vt 0.991852 0.299727
vt 0.991853 0.298709
vt 0.986879 0.905807
vt 0.987901 0.906975
vt 0.980772 0.906975
vt 0.49961 0.104813
vt 0.002961 0.20788
vt 0.987722 0.799518
vt 0.988188 0.800628
vt 0.980772 0.800628
vt 0.42624 0.768477
vt 0.42362 0.7692
vt 0.421509 0.762264
vt 0.396543 0.055756
vt 0.394431 0.062364
vt 0.390984 0.061234
vt 0.894563 0.98962
vt 0.893256 0.98137
vt 0.894563 0.980772
vt 0.396543 0.069875
vt 0.421509 0.777365
vt 0.196569 0.55505
vt 0.414599 0.270134
vt 0.464672 0.303295
vt 0.410899 0.31444
vt 0.399294 0.278746
vt 0.695526 0.575283
vt 0.730341 0.594205
vt 0.720349 0.627494
vt 0.695526 0.626791
vt 0.310946 0.360174
vt 0.126549 0.087445
vt 0.237577 0.920579
vt 0.210893 0.934584
vt 0.210893 0.892958
vt 0.355112 0.730114
vt 0.380958 0.755203
vt 0.377561 0.771554
vt 0.413411 0.766044
vt 0.406629 0.781003
vt 0.13397 0.081933
vt 0.272514 0.504141
vt 0.246091 0.504593
vt 0.387461 0.7295
vt 0.195354 0.511182
vt 0.147908 0.518916
vt 0.150472 0.552497
vt 0.104157 0.439985
vt 0.095045 0.44895
vt 0.095045 0.433837
vt 0.10656 0.436361
vt 0.695261 0.401642
vt 0.692391 0.401845
vt 0.689879 0.394888
vt 0.242789 0.731745
vt 0.244564 0.739216
vt 0.242896 0.738807
vt 0.200783 0.110818
vt 0.197548 0.110603
vt 0.202639 0.104655
vt 0.1936 0.465034
vt 0.42624 0.740401
vt 0.245562 0.465034
vt 0.478647 0.770377
vt 0.476514 0.765223
vt 0.477925 0.764242
vt 0.203307 0.576635
vt 0.202287 0.575631
vt 0.204386 0.570505
vt 0.442808 0.048913
vt 0.443517 0.04315
vt 0.444505 0.043334
vt 0.478647 0.759118
vt 0.204386 0.581713
vt 0.992339 0.126208
vt 0.991852 0.124081
vt 0.998373 0.124081
vt 0.407025 0.180851
vt 0.404762 0.181045
vt 0.404762 0.175059
vt 0.443019 0.66002
vt 0.443204 0.654283
vt 0.445271 0.660323
vt 0.407025 0.174865
vt 0.689879 0.407025
vt 0.242789 0.744174
vt 0.202639 0.117041
vt 0.445456 0.654586
vt 0.443019 0.647281
vt 0.40491 0.186917
vt 0.443284 0.038026
vt 0.445456 0.038229
vt 0.997425 0.217793
vt 0.998217 0.219813
vt 0.992423 0.217663
vt 0.442808 0.032245
vt 0.998359 0.146408
vt 0.993458 0.148014
vt 0.991852 0.146408
vt 0.991852 0.219813
vt 0.988155 0.821639
vt 0.980772 0.821639
vt 0.981248 0.820801
vt 0.447451 0.49799
vt 0.404515 0.506396
vt 0.405321 0.456264
vt 0.448802 0.4556
vt 0.861655 0.408211
vt 0.42624 0.801035
vt 0.417208 0.803568
vt 0.585207 0.258539
vt 0.58095 0.250162
vt 0.585207 0.247484
vt 0.843029 0.693015
vt 0.852481 0.729476
vt 0.836075 0.736821
vt 0.208258 0.818176
vt 0.218753 0.816779
vt 0.223602 0.854228
vt 0.377659 0.448789
vt 0.960322 0.197928
vt 0.962217 0.197203
vt 0.962535 0.20788
vt 0.946551 0.202639
vt 0.94875 0.192251
vt 0.950677 0.192822
vt 0.309206 0.74235
vt 0.310946 0.742974
vt 0.308485 0.752908
vt 0.962535 0.188453
vt 0.950445 0.183798
vt 0.308485 0.732364
vt 0.209235 0.991119
vt 0.206328 0.989422
vt 0.209235 0.980772
vt 0.9538 0.183542
vt 0.338785 0.990846
vt 0.336292 0.982208
vt 0.338785 0.980772
vt 0.094332 0.744971
vt 0.094332 0.756402
vt 0.086952 0.751426
vt 0.347861 0.990786
vt 0.347861 0.980772
vt 0.351327 0.990235
vt 0.946551 0.172848
vt 0.950371 0.171481
vt 0.716224 0.049515
vt 0.716224 0.061141
vt 0.709652 0.051802
vt 0.724233 0.21312
vt 0.724233 0.20082
vt 0.731946 0.208974
vt 0.772908 0.982541
vt 0.769785 0.989715
vt 0.769785 0.980772
vt 0.111752 0.598662
vt 0.117041 0.606209
vt 0.113534 0.607699
vt 0.631348 0.980772
vt 0.636583 0.989846
vt 0.629255 0.989846
vt 0.302211 0.514178
vt 0.299116 0.515332
vt 0.299116 0.501548
vt 0.852481 0.752908
vt 0.223602 0.794309
vt 0.609012 0.718741
vt 0.635016 0.718851
vt 0.002068 0.628706
vt 0.047317 0.602931
vt 0.394796 0.49961
vt 0.562498 0.848987
vt 0.545041 0.837046
vt 0.562498 0.788477
vt 0.035213 0.872792
vt 0.057647 0.917116
vt 0.031056 0.917116
vt 0.002068 0.691767
vt 0.00301 0.677529
vt 0.382128 0.379917
vt 0.384137 0.379871
vt 0.386062 0.387809
vt 0.06876 0.461178
vt 0.067832 0.453304
vt 0.069875 0.453149
vt 0.420609 0.182108
vt 0.422747 0.182504
vt 0.420609 0.190411
vt 0.386062 0.371638
vt 0.067832 0.444944
vt 0.98849 0.522478
vt 0.980772 0.522478
vt 0.980861 0.519615
vt 0.521788 0.650063
vt 0.524066 0.650715
vt 0.521518 0.658576
vt 0.521518 0.638635
vt 0.420955 0.173888
vt 0.159149 0.693514
vt 0.159149 0.681713
vt 0.165954 0.68723
vt 0.988937 0.140325
vt 0.980772 0.140325
vt 0.981828 0.134599
vt 0.459878 0.408394
vt 0.462925 0.402477
vt 0.462925 0.410433
vt 0.737982 0.989317
vt 0.736416 0.989837
vt 0.736416 0.980772
vt 0.114875 0.615026
vt 0.460163 0.416819
vt 0.992496 0.745758
vt 0.991852 0.744536
vt 0.996034 0.744536
vt 0.111752 0.614628
vt 0.115721 0.618398
vt 0.46288 0.417506
vt 0.99564 0.580221
vt 0.997126 0.582024
vt 0.991852 0.582024
vt 0.451484 0.511253
vt 0.412896 0.531054
vt 0.080048 0.225307
vt 0.081114 0.267186
vt 0.06541 0.272514
vt 0.015032 0.272514
vt 0.050492 0.249619
vt 0.129503 0.261451
vt 0.918863 0.783858
vt 0.910701 0.784352
vt 0.917487 0.770837
vt 0.918863 0.741641
vt 0.914267 0.065595
vt 0.918605 0.067324
vt 0.918863 0.071622
vt 0.909367 0.778658
vt 0.982525 0.69634
vt 0.980772 0.689192
vt 0.988016 0.689192
vt 0.918863 0.028168
vt 0.988841 0.393819
vt 0.985702 0.395072
vt 0.985061 0.39428
vt 0.367121 0.984849
vt 0.368552 0.984798
vt 0.367837 0.988373
vt 0.995677 0.155531
vt 0.991852 0.155288
vt 0.996114 0.15443
vt 0.366406 0.988424
vt 0.994296 0.850805
vt 0.993345 0.852619
vt 0.991852 0.850805
vt 0.367837 0.990739
vt 0.998377 0.154554
vt 0.980772 0.393819
vt 0.365624 0.980772
vt 0.991852 0.758122
vt 0.995931 0.757875
vt 0.995931 0.758779
vt 0.992374 0.15443
vt 0.752163 0.859519
vt 0.752908 0.897283
vt 0.752163 0.904887
vt 0.171195 0.880039
vt 0.150016 0.894406
vt 0.150016 0.84092
vt 0.365624 0.990237
vt 0.996902 0.614092
vt 0.991852 0.613137
vt 0.996902 0.609574
vt 0.991852 0.593937
vt 0.993259 0.58913
vt 0.996955 0.593937
vt 0.980772 0.348489
vt 0.988666 0.348489
vt 0.984501 0.35172
vt 0.468927 0.884676
vt 0.47717 0.859398
vt 0.485167 0.862451
vt 0.476417 0.885703
vt 0.477756 0.908381
vt 0.506611 0.484796
vt 0.504732 0.46851
vt 0.531054 0.478557
vt 0.303958 0.894406
vt 0.283822 0.869807
vt 0.303958 0.842033
vt 0.391079 0.088206
vt 0.494369 0.869616
vt 0.380893 0.109912
vt 0.195691 0.915047
vt 0.194733 0.898507
vt 0.204385 0.895347
vt 0.48917 0.885794
vt 0.48543 0.90632
vt 0.494369 0.899204
vt 0.182109 0.925364
vt 0.179884 0.891761
vt 0.167569 0.902576
vt 0.507541 0.430517
vt 0.466839 0.389864
vt 0.475153 0.390451
vt 0.475034 0.414889
vt 0.466839 0.417506
vt 0.496831 0.511231
vt 0.899647 0.940078
vt 0.888891 0.960788
vt 0.888891 0.935799
vt 0.680157 0.424196
vt 0.689836 0.431921
vt 0.680157 0.443709
vt 0.687893 0.442603
vt 0.690903 0.437692
vt 0.451616 0.040687
vt 0.451571 0.033019
vt 0.453001 0.040652
vt 0.903746 0.942736
vt 0.902597 0.935472
vt 0.90598 0.942318
vt 0.454191 0.047693
vt 0.905167 0.949032
vt 0.347704 0.209816
vt 0.349377 0.217368
vt 0.347704 0.217785
vt 0.453575 0.422414
vt 0.451571 0.048913
vt 0.908381 0.948889
vt 0.23987 0.980772
vt 0.242911 0.991016
vt 0.239898 0.989912
vt 0.905539 0.959041
vt 0.902597 0.958216
vt 0.348028 0.225348
vt 0.242911 0.980858
vt 0.370326 0.306486
vt 0.368173 0.300168
vt 0.370321 0.300642
vt 0.560131 0.347228
vt 0.562498 0.346459
vt 0.562443 0.353665
vt 0.560293 0.352409
vt 0.368168 0.307734
vt 0.691767 0.441618
vt 0.560348 0.358602
vt 0.37034 0.31396
vt 0.980772 0.762525
vt 0.987444 0.761518
vt 0.98825 0.762525
vt 0.562498 0.359859
vt 0.368168 0.31444
vt 0.987808 0.511335
vt 0.988589 0.51248
vt 0.980772 0.51248
vt 0.980772 0.427015
vt 0.986953 0.425341
vt 0.988746 0.427015
vt 0.989305 0.026152
vt 0.9876 0.027556
vt 0.980772 0.026152
vt 0.83968 0.144755
vt 0.857902 0.125377
vt 0.863085 0.136039
vt 0.832654 0.027994
vt 0.848987 0.00223
vt 0.840898 0.026693
vt 0.853983 0.183196
vt 0.848987 0.064635
vt 0.83968 0.18517
vt 0.206133 0.919545
vt 0.185838 0.934584
vt 0.77051 0.699851
vt 0.769373 0.723654
vt 0.761267 0.724958
vt 0.761267 0.698015
vt 0.483322 0.515648
vt 0.510816 0.531054
vt 0.780858 0.704338
vt 0.780492 0.721588
vt 0.167569 0.919142
vt 0.899191 0.957139
vt 0.68507 0.078929
vt 0.702249 0.085441
vt 0.682946 0.110182
vt 0.943319 0.17735
vt 0.933955 0.190411
vt 0.933955 0.156075
vt 0.67575 0.111374
vt 0.664371 0.089466
vt 0.998123 0.250062
vt 0.991852 0.250062
vt 0.992961 0.249037
vt 0.991852 0.350803
vt 0.991942 0.349363
vt 0.997857 0.350803
vt 0.615345 0.985265
vt 0.6142 0.986061
vt 0.6142 0.980772
vt 0.992212 0.729361
vt 0.996131 0.730472
vt 0.991852 0.730472
vt 0.997432 0.47075
vt 0.992255 0.472131
vt 0.991852 0.47075
vt 0.153726 0.500656
vt 0.151521 0.506643
vt 0.151684 0.501655
vt 0.149511 0.496259
vt 0.871697 0.144794
vt 0.866185 0.180602
vt 0.001508 0.261703
vt 0.040739 0.242305
vt 0.02189 0.233482
vt 0.663259 0.123428
vt 0.079028 0.212291
vt 0.699231 0.156333
vt 0.691027 0.158944
vt 0.702249 0.147949
vt 0.684043 0.172942
vt 0.057793 0.199752
vt 0.721001 0.519788
vt 0.737186 0.515087
vt 0.702231 0.489818
vt 0.015094 0.601819
vt 0.188664 0.447895
vt 0.894193 0.466517
vt 0.885977 0.468166
vt 0.932838 0.676946
vt 0.931929 0.700582
vt 0.92671 0.697426
vt 0.459205 0.20788
vt 0.713348 0.410967
vt 0.706579 0.980772
vt 0.705192 0.989636
vt 0.699134 0.980772
vt 0.666476 0.434403
vt 0.656635 0.460853
vt 0.646964 0.4401
vt 0.721927 0.392758
vt 0.813948 0.261784
vt 0.81929 0.257653
vt 0.81929 0.269021
vt 0.504899 0.990157
vt 0.498837 0.980772
vt 0.505819 0.980772
vt 0.815713 0.989533
vt 0.813493 0.989678
vt 0.813493 0.980772
vt 0.668583 0.428706
vt 0.704307 0.106211
vt 0.688273 0.389475
vt 0.69061 0.106163
vt 0.001472 0.591801
vt 0.005579 0.590498
vt 0.008734 0.602338
vt 0.006554 0.602541
vt 0.685739 0.199373
vt 0.69002 0.202154
vt 0.685697 0.206133
vt 0.765136 0.597435
vt 0.759821 0.580025
vt 0.765136 0.576163
vt 0.631109 0.427898
vt 0.605899 0.433228
vt 0.955579 0.192467
vt 0.957294 0.195194
vt 0.951674 0.198535
vt 0.957294 0.216614
vt 0.062467 0.880325
vt 0.093849 0.896587
vt 0.094892 0.904672
vt 0.062467 0.927597
vt 0.717748 0.339282
vt 0.730199 0.377474
vt 0.098888 0.896946
vt 0.099573 0.887313
vt 0.685697 0.195013
vt 0.994247 0.259489
vt 0.991852 0.257254
vt 0.998038 0.257254
vt 0.073892 0.10643
vt 0.076863 0.109715
vt 0.073892 0.125776
vt 0.005146 0.277245
vt 0.002366 0.26952
vt 0.005241 0.268485
vt 0.339722 0.324041
vt 0.34239 0.324953
vt 0.341971 0.332556
vt 0.339722 0.332719
vt 0.13451 0.020963
vt 0.130722 0.002708
vt 0.13451 0.00166
vt 0.002941 0.277108
vt 0.340297 0.34052
vt 0.005241 0.286489
vt 0.478647 0.37306
vt 0.475153 0.380707
vt 0.472319 0.379838
vt 0.341814 0.340643
vt 0.002658 0.285384
vt 0.75501 0.578456
vt 0.761643 0.595131
vt 0.741622 0.608726
vt 0.162114 0.226315
vt 0.162461 0.25548
vt 0.125439 0.220078
vt 0.680979 0.339652
vt 0.691432 0.364067
vt 0.882178 0.061743
vt 0.882178 0.09063
vt 0.866944 0.086357
vt 0.988158 0.662345
vt 0.988158 0.667249
vt 0.980772 0.663527
vt 0.37034 0.867991
vt 0.365937 0.873443
vt 0.365937 0.865689
vt 0.365937 0.857935
vt 0.370236 0.8594
vt 0.599033 0.498708
vt 0.600988 0.493869
vt 0.603964 0.498235
vt 0.60423 0.502401
vt 0.794888 0.935342
vt 0.810178 0.938592
vt 0.8098 0.946033
vt 0.600664 0.504839
vt 0.804788 0.950306
vt 0.810556 0.93115
vt 0.366734 0.848184
vt 0.542103 0.677
vt 0.545029 0.688927
vt 0.540728 0.687256
vt 0.932838 0.7117
vt 0.803917 0.922604
vt 0.544341 0.694055
vt 0.800176 0.918467
vt 0.539724 0.693788
vt 0.930312 0.714477
vt 0.705014 0.387086
vt 0.701523 0.392545
vt 0.697307 0.394242
vt 0.227766 0.980772
vt 0.231071 0.986833
vt 0.227766 0.991052
vt 0.794716 0.949883
vt 0.788125 0.950306
vt 0.599033 0.520572
vt 0.599914 0.514131
vt 0.602484 0.520548
vt 0.781905 0.946402
vt 0.576364 0.119846
vt 0.579808 0.119488
vt 0.579966 0.127887
vt 0.576286 0.126916
vt 0.604423 0.510444
vt 0.603902 0.514908
vt 0.791313 0.919779
vt 0.784084 0.921131
vt 0.779119 0.931153
vt 0.779956 0.940436
vt 0.796963 0.914576
vt 0.545029 0.698755
vt 0.695165 0.382306
vt 0.948908 0.842
vt 0.948908 0.817034
vt 0.955547 0.834505
vt 0.290731 0.16187
vt 0.295224 0.168189
vt 0.290731 0.1714
vt 0.698759 0.388792
vt 0.875655 0.117041
vt 0.869913 0.101593
vt 0.656829 0.630897
vt 0.65067 0.63412
vt 0.65067 0.606722
vt 0.783453 0.915725
vt 0.294082 0.178182
vt 0.892659 0.822921
vt 0.887961 0.810449
vt 0.891789 0.813409
vt 0.705305 0.663817
vt 0.718901 0.643169
vt 0.717511 0.658908
vt 0.887961 0.8229
vt 0.848023 0.50494
vt 0.843699 0.505813
vt 0.381934 0.273276
vt 0.390252 0.28211
vt 0.370033 0.292625
vt 0.325403 0.939968
vt 0.370539 0.28836
vt 0.001568 0.811276
vt 0.003494 0.802061
vt 0.003494 0.814049
vt 0.398466 0.26953
vt 0.387231 0.270123
vt 0.400261 0.27665
vt 0.396289 0.271686
vt 0.787846 0.389556
vt 0.784219 0.387489
vt 0.787846 0.378657
vt 0.853787 0.504063
vt 0.395302 0.27696
vt 0.855975 0.508563
vt 0.850237 0.511838
vt 0.038431 0.101733
vt 0.038431 0.118788
vt 0.032913 0.114932
vt 0.370845 0.296915
vt 0.374775 0.300209
vt 0.576286 0.132763
vt 0.998334 0.165029
vt 0.994421 0.166844
vt 0.991852 0.165029
vt 0.595027 0.268125
vt 0.599182 0.267
vt 0.59865 0.270767
vt 0.595027 0.260065
vt 0.988781 0.35684
vt 0.985583 0.359989
vt 0.980772 0.35684
vt 0.891093 0.828024
vt 0.373514 0.30678
vt 0.609609 0.931091
vt 0.60965 0.920567
vt 0.61141 0.920677
vt 0.609609 0.911427
vt 0.409408 0.946518
vt 0.410402 0.947161
vt 0.410518 0.957294
vt 0.410518 0.93778
vt 0.975174 0.989414
vt 0.975174 0.980772
vt 0.97707 0.982028
vt 0.001472 0.620145
vt 0.003153 0.610788
vt 0.005333 0.610585
vt 0.407337 0.981176
vt 0.408792 0.980772
vt 0.408792 0.99072
vt 0.478647 0.389556
vt 0.775618 0.063327
vt 0.775618 0.075116
vt 0.773613 0.065597
vt 0.995943 0.485767
vt 0.997394 0.486686
vt 0.991852 0.486686
vt 0.991852 0.273902
vt 0.99807 0.273902
vt 0.996854 0.274858
vt 0.614556 0.9902
vt 0.150549 0.505646
vt 0.149511 0.511838
vt 0.120984 0.83895
vt 0.509933 0.562842
vt 0.516143 0.569485
vt 0.656196 0.505543
vt 0.461368 0.39305
vt 0.447528 0.387983
vt 0.64772 0.50311
vt 0.090838 0.450243
vt 0.081917 0.45419
vt 0.090838 0.440062
vt 0.083232 0.434859
vt 0.074311 0.448988
vt 0.074473 0.438805
vt 0.616651 0.966297
vt 0.608958 0.978257
vt 0.608965 0.961174
vt 0.616541 0.974187
vt 0.601382 0.965244
vt 0.601382 0.974561
vt 0.991852 0.748273
vt 0.995926 0.748273
vt 0.99491 0.750447
vt 0.971269 0.471705
vt 0.962372 0.489128
vt 0.963634 0.472552
vt 0.543282 0.144992
vt 0.537652 0.137551
vt 0.543282 0.131399
vt 0.971269 0.487428
vt 0.234577 0.105279
vt 0.239323 0.113312
vt 0.234577 0.118788
vt 0.168901 0.552362
vt 0.169911 0.567738
vt 0.162247 0.556439
vt 0.162247 0.564193
vt 0.176436 0.562664
vt 0.176436 0.55491
vt 0.616086 0.643889
vt 0.616703 0.656829
vt 0.611043 0.648166
vt 0.611043 0.655052
vt 0.621892 0.652624
vt 0.621745 0.645666
vt 0.74068 0.57135
vt 0.722844 0.571569
vt 0.731687 0.565612
vt 0.74068 0.582021
vt 0.731687 0.586954
vt 0.722844 0.58224
vt 0.644601 0.736958
vt 0.641039 0.743349
vt 0.642029 0.731384
vt 0.636109 0.744174
vt 0.636109 0.732343
vt 0.50485 0.714477
vt 0.502165 0.708865
vt 0.50485 0.702636
vt 0.991852 0.875206
vt 0.993809 0.875041
vt 0.993809 0.876016
vt 0.991852 0.871946
vt 0.994032 0.870763
vt 0.994032 0.872526
vt 0.96544 0.342496
vt 0.961923 0.358865
vt 0.961913 0.347492
vt 0.967775 0.346703
vt 0.967775 0.361606
vt 0.995463 0.800023
vt 0.991852 0.800023
vt 0.994878 0.798993
vt 0.77046 0.684799
vt 0.76273 0.689937
vt 0.764908 0.684273
vt 0.772124 0.687195
vt 0.772124 0.693523
vt 0.766361 0.695261
vt 0.995502 0.786342
vt 0.995502 0.789199
vt 0.991852 0.788104
vt 0.993616 0.86334
vt 0.991852 0.864781
vt 0.991852 0.863343
vt 0.994225 0.864822
vt 0.193904 0.215479
vt 0.193904 0.228842
vt 0.189639 0.214016
vt 0.186944 0.222612
vt 0.995008 0.819778
vt 0.991852 0.820198
vt 0.991852 0.817928
vt 0.046883 0.974763
vt 0.06072 0.957146
vt 0.064635 0.974763
vt 0.050153 0.95602
vt 0.993491 0.765839
vt 0.995663 0.768369
vt 0.991852 0.768369
vt 0.773871 0.951412
vt 0.759871 0.969564
vt 0.75773 0.951412
vt 0.767949 0.971269
vt 0.980772 0.967623
vt 0.203326 0.066382
vt 0.211373 0.049504
vt 0.211373 0.064514
vt 0.203434 0.057811
vt 0.80958 0.072176
vt 0.809564 0.081776
vt 0.806715 0.077484
vt 0.814978 0.082104
vt 0.994919 0.826479
vt 0.993973 0.82863
vt 0.991852 0.826479
vt 0.779783 0.988985
vt 0.775424 0.980772
vt 0.780391 0.982576
vt 0.775424 0.989589
vt 0.982167 0.77003
vt 0.780858 0.205389
vt 0.780858 0.212117
vt 0.774765 0.202508
vt 0.769786 0.205444
vt 0.775702 0.214867
vt 0.769905 0.211174
vt 0.775974 0.968596
vt 0.775974 0.958454
vt 0.784161 0.973016
vt 0.783153 0.953839
vt 0.79134 0.968401
vt 0.79134 0.958259
vt 0.318475 0.206133
vt 0.311589 0.20138
vt 0.326668 0.201588
vt 0.326668 0.192888
vt 0.318475 0.188734
vt 0.311679 0.192703
vt 0.059453 0.682926
vt 0.059101 0.702249
vt 0.051428 0.688745
vt 0.051428 0.699104
vt 0.066382 0.687018
vt 0.066382 0.697377
vt 0.739388 0.758149
vt 0.733516 0.758149
vt 0.74068 0.751558
vt 0.737139 0.745966
vt 0.72897 0.752557
vt 0.731267 0.745966
vt 0.793964 0.611058
vt 0.803568 0.618681
vt 0.789263 0.617671
vt 0.801162 0.611058
vt 0.799882 0.625386
vt 0.792682 0.625292
vt 0.415651 0.594598
vt 0.421 0.597708
vt 0.410254 0.598226
vt 0.421 0.604367
vt 0.410254 0.604886
vt 0.415651 0.607917
vt 0.989047 0.155489
vt 0.980772 0.155489
vt 0.983489 0.152098
vt 0.989004 0.185741
vt 0.982514 0.189243
vt 0.980772 0.185741
vt 0.987725 0.887002
vt 0.983032 0.891114
vt 0.980772 0.887002
vt 0.986693 0.892204
vt 0.178545 0.613543
vt 0.832786 0.153726
vt 0.824463 0.14307
vt 0.835012 0.14307
vt 0.828228 0.151176
vt 0.21175 0.981878
vt 0.213778 0.980772
vt 0.21175 0.991099
vt 0.214796 0.989993
vt 0.991852 0.719286
vt 0.995438 0.722883
vt 0.992218 0.722949
vt 0.996044 0.719285
vt 0.396186 0.697008
vt 0.396186 0.674908
vt 0.39829 0.689573
vt 0.031444 0.731946
vt 0.029685 0.726175
vt 0.031444 0.70927
vt 0.991852 0.564884
vt 0.997014 0.564884
vt 0.994845 0.569642
vt 0.997358 0.320159
vt 0.997877 0.322821
vt 0.991852 0.322821
vt 0.991852 0.558984
vt 0.993778 0.556114
vt 0.997139 0.558984
vt 0.991852 0.808235
vt 0.995068 0.808235
vt 0.993496 0.810009
vt 0.992685 0.84829
vt 0.991852 0.846735
vt 0.994338 0.846735
vt 0.97651 0.607498
vt 0.972154 0.625386
vt 0.960383 0.607498
vt 0.962234 0.623988
vt 0.997967 0.281268
vt 0.996107 0.284007
vt 0.991852 0.281268
vt 0.991852 0.867337
vt 0.994123 0.867337
vt 0.99231 0.868247
vt 0.602676 0.438511
vt 0.602676 0.455938
vt 0.601966 0.442851
vt 0.052693 0.765517
vt 0.062888 0.771438
vt 0.052693 0.782605
vt 0.994312 0.855135
vt 0.993863 0.856034
vt 0.991852 0.855135
vt 0.603658 0.987894
vt 0.606533 0.980772
vt 0.606533 0.990142
vt 0.980772 0.28086
vt 0.9889 0.28086
vt 0.986565 0.284343
vt 0.998386 0.100012
vt 0.991852 0.100785
vt 0.991852 0.097041
vt 0.988605 0.37848
vt 0.980772 0.37848
vt 0.988073 0.372365
vt 0.982189 0.372122
vt 0.981264 0.354324
vt 0.693514 0.020963
vt 0.685797 0.019852
vt 0.693514 0.001444
vt 0.681929 0.018863
vt 0.682793 0.014938
vt 0.683853 0.009165
vt 0.980772 0.638092
vt 0.983073 0.63418
vt 0.988242 0.638092
vt 0.824345 0.959319
vt 0.835012 0.960552
vt 0.819355 0.96842
vt 0.824689 0.97651
vt 0.835012 0.975497
vt 0.591346 0.688018
vt 0.597435 0.695636
vt 0.591346 0.700502
vt 0.980772 0.491378
vt 0.983627 0.489954
vt 0.988613 0.491378
vt 0.673509 0.980772
vt 0.676417 0.989683
vt 0.667831 0.989683
vt 0.682471 0.982795
vt 0.678933 0.985835
vt 0.678933 0.980772
vt 0.684409 0.986076
vt 0.678943 0.989621
vt 0.685718 0.989723
vt 0.998547 0.035389
vt 0.994758 0.038385
vt 0.991852 0.035389
vt 0.991852 0.647758
vt 0.995661 0.644231
vt 0.996812 0.647758
vt 0.079934 0.874156
vt 0.071131 0.874274
vt 0.080049 0.871144
vt 0.080049 0.876335
vt 0.071054 0.876283
vt 0.080357 0.878684
vt 0.071362 0.878632
vt 0.714644 0.989938
vt 0.713476 0.985868
vt 0.714644 0.980772
vt 0.071285 0.870258
vt 0.080357 0.868302
vt 0.543291 0.990262
vt 0.543291 0.980772
vt 0.545388 0.981342
vt 0.420552 0.990621
vt 0.418509 0.984316
vt 0.420552 0.980772
vt 0.997712 0.407222
vt 0.99685 0.408327
vt 0.991852 0.407222
vt 0.996935 0.621282
vt 0.996935 0.624624
vt 0.991852 0.622766
vt 0.995517 0.796218
vt 0.994101 0.796478
vt 0.991852 0.796218
vt 0.656035 0.101713
vt 0.655217 0.098852
vt 0.660323 0.104813
vt 0.660323 0.091908
vt 0.540775 0.987647
vt 0.532358 0.989972
vt 0.532358 0.980772
vt 0.47215 0.567478
vt 0.482158 0.58346
vt 0.47215 0.581995
vt 0.487381 0.575859
vt 0.482597 0.566794
vn 0.104397 -0.048099 0.993372
vn -0.731285 -0.624487 0.274294
vn -0.690695 -0.648195 0.320598
vn -0.690695 -0.648195 0.320598
vn -0.731285 -0.624487 0.274294
vn -0.666709 -0.465206 -0.582308
vn 0.167901 0.0781 0.982705
vn 0.572286 -0.332592 0.749581
vn -0.666709 -0.465206 -0.582308
vn -0.110304 -0.394314 -0.912332
vn -0.690695 -0.648195 0.320598
vn 0.0548 -0.343902 -0.937405
vn -0.140892 -0.984747 0.102094
vn -0.140892 -0.984747 0.102094
vn -0.829619 -0.44401 0.338508
vn -0.666709 -0.465206 -0.582308
vn -0.731285 -0.624487 0.274294
vn -0.829619 -0.44401 0.338508
vn -0.017099 0.024499 0.999554
vn -0.782906 -0.583105 0.216902
vn -0.782906 -0.583105 0.216902
vn -0.666709 -0.465206 -0.582308
vn -0.829619 -0.44401 0.338508
vn 0.740014 0.383407 0.55261
vn 0.104397 -0.048099 0.993372
vn 0.167901 0.0781 0.982705
vn 0.896089 0.405695 -0.180098
vn 0.740014 0.383407 0.55261
vn 0.167901 0.0781 0.982705
vn 0.572286 -0.332592 0.749581
vn 0.854337 0.444619 -0.269112
vn -0.017099 0.024499 0.999554
vn -0.011399 -0.107395 0.994151
vn -0.011399 -0.107395 0.994151
vn 0.956512 0.133202 -0.259503
vn 0.740014 0.383407 0.55261
vn 0.956512 0.133202 -0.259503
vn 0.637798 -0.708698 0.301599
vn 0.637798 -0.708698 0.301599
vn -0.011399 -0.107395 0.994151
vn 0.740014 0.383407 0.55261
vn -0.619823 -0.691926 0.370214
vn 0.38481 -0.880322 -0.277407
vn -0.333802 -0.369502 0.867205
vn 0.020299 -0.430284 -0.902466
vn -0.333802 -0.369502 0.867205
vn -0.9265 -0.3726 -0.0526
vn -0.619823 -0.691926 0.370214
vn -0.9265 -0.3726 -0.0526
vn -0.719784 -0.679185 -0.143597
vn -0.852505 -0.505803 -0.131901
vn -0.177799 -0.542396 0.821094
vn -0.238188 -0.20539 0.949253
vn -0.177799 -0.542396 0.821094
vn -0.772381 -0.530887 0.348692
vn -0.719784 -0.679185 -0.143597
vn -0.725434 -0.355417 0.589428
vn -0.177799 -0.542396 0.821094
vn -0.238188 -0.20539 0.949253
vn 0.66531 0.217403 0.714211
vn 0.653963 -0.730859 -0.195389
vn -0.65879 -0.238896 0.713389
vn -0.0152 -0.934704 0.355102
vn -0.65879 -0.238896 0.713389
vn -0.177799 -0.542396 0.821094
vn 0.653963 -0.730859 -0.195389
vn -0.852505 -0.505803 -0.131901
vn -0.740489 -0.65969 -0.128398
vn -0.164909 -0.38692 0.907247
vn -0.350685 -0.195492 -0.915862
vn -0.740489 -0.65969 -0.128398
vn -0.852505 -0.505803 -0.131901
vn -0.719784 -0.679185 -0.143597
vn -0.164909 -0.38692 0.907247
vn -0.740489 -0.65969 -0.128398
vn -0.693509 -0.688209 -0.213103
vn -0.0288 -0.448508 0.893315
vn -0.693509 -0.688209 -0.213103
vn -0.164909 -0.38692 0.907247
vn 0.729084 -0.498389 0.46909
vn 0.0276 -0.998094 0.0552
vn -0.719784 -0.679185 -0.143597
vn -0.772381 -0.530887 0.348692
vn -0.772381 -0.530887 0.348692
vn -0.856788 -0.506993 0.094199
vn -0.748303 -0.582002 -0.318301
vn -0.82283 -0.329212 0.463217
vn -0.856788 -0.506993 0.094199
vn -0.772381 -0.530887 0.348692
vn -0.28358 -0.649555 0.705451
vn -0.772381 -0.530887 0.348692
vn -0.28358 -0.649555 0.705451
vn 0.0276 -0.998094 0.0552
vn -0.772381 -0.530887 0.348692
vn -0.725434 -0.355417 0.589428
vn -0.544388 -0.141097 0.826882
vn -0.772381 -0.530887 0.348692
vn -0.544388 -0.141097 0.826882
vn -0.82283 -0.329212 0.463217
vn 0.61609 -0.734388 -0.284795
vn 0.61609 -0.734388 -0.284795
vn -0.651304 -0.644204 -0.401003
vn -0.804793 -0.487296 -0.338897
vn -0.286586 0.0012 -0.958054
vn -0.1102 -0.633201 0.766102
vn -0.804793 -0.487296 -0.338897
vn -0.651304 -0.644204 -0.401003
vn 0.199407 0.411714 -0.889229
vn 0.421011 -0.749819 0.510413
vn -0.153894 -0.737771 -0.657275
vn 0.265208 0.479815 -0.836326
vn -0.153894 -0.737771 -0.657275
vn 0.47461 -0.830418 -0.291806
vn -0.567217 -0.565617 0.598618
vn -0.67702 -0.719521 0.154705
vn -0.67702 -0.719521 0.154705
vn -0.567217 -0.565617 0.598618
vn -0.90122 -0.233605 -0.365008
vn 0.181199 -0.272299 -0.944997
vn -0.90122 -0.233605 -0.365008
vn 0.181199 -0.272299 -0.944997
vn -0.67702 -0.719521 0.154705
vn 0.778467 -0.47058 0.415383
vn 0.147906 -0.240809 0.959237
vn 0.147906 -0.240809 0.959237
vn -0.789603 0.187401 0.584302
vn -0.567217 -0.565617 0.598618
vn -0.789603 0.187401 0.584302
vn -0.758382 -0.643685 0.102598
vn 0.483819 -0.865033 0.132805
vn -0.748813 -0.267705 0.606311
vn 0.463105 -0.524006 -0.714808
vn -0.758382 -0.643685 0.102598
vn -0.748813 -0.267705 0.606311
vn -0.780777 -0.402388 -0.477986
vn -0.780777 -0.402388 -0.477986
vn 0.0007 -0.989951 -0.141407
vn -0.748303 -0.582002 -0.318301
vn -0.856788 -0.506993 0.094199
vn -0.376695 -0.77059 0.514093
vn 0.0007 -0.989951 -0.141407
vn -0.856788 -0.506993 0.094199
vn -0.927972 -0.082998 -0.363289
vn -0.908504 -0.415402 -0.0454
vn -0.689981 -0.296792 -0.660182
vn -0.927972 -0.082998 -0.363289
vn 0.175096 0.669283 -0.722082
vn 0.608683 -0.769079 -0.194995
vn -0.917975 -0.34779 -0.190695
vn -0.28358 -0.649555 0.705451
vn -0.748303 -0.582002 -0.318301
vn -0.917975 -0.34779 -0.190695
vn 0.0007 -0.989951 -0.141407
vn -0.376695 -0.77059 0.514093
vn 0.608683 -0.769079 -0.194995
vn 0.515968 -0.218587 0.828249
vn -0.827873 -0.30339 -0.471785
vn -0.44239 -0.438191 0.782483
vn -0.376695 -0.77059 0.514093
vn -0.376695 -0.77059 0.514093
vn -0.44239 -0.438191 0.782483
vn 0.402312 -0.153005 0.902627
vn 0.608683 -0.769079 -0.194995
vn -0.927972 -0.082998 -0.363289
vn -0.32899 -0.565784 0.756078
vn -0.440902 -0.369202 0.818104
vn -0.917975 -0.34779 -0.190695
vn 0.501788 0.0046 0.864979
vn -0.440902 -0.369202 0.818104
vn -0.32899 -0.565784 0.756078
vn -0.1102 -0.633201 0.766102
vn -0.440902 -0.369202 0.818104
vn -0.28358 -0.649555 0.705451
vn 0.61609 -0.734388 -0.284795
vn 0.61609 -0.734388 -0.284795
vn -0.335413 -0.648825 0.683026
vn -0.335413 -0.648825 0.683026
vn 0.557213 0.293107 -0.776918
vn 0.557213 0.293107 -0.776918
vn 0.608683 -0.769079 -0.194995
vn 0.61609 -0.734388 -0.284795
vn 0.557213 0.293107 -0.776918
vn 0.953106 0.285602 0.100101
vn 0.785106 0.447303 0.428403
vn 0.953106 0.285602 0.100101
vn 0.199407 0.411714 -0.889229
vn 0.3248 -0.896001 -0.3028
vn 0.61609 -0.734388 -0.284795
vn 0.608683 -0.769079 -0.194995
vn 0.41322 -0.273013 -0.868742
vn 0.550018 0.360112 -0.753525
vn 0.41322 -0.273013 -0.868742
vn 0.608683 -0.769079 -0.194995
vn 0.862236 0.277512 0.423718
vn 0.862236 0.277512 0.423718
vn 0.464604 -0.625606 0.626706
vn -0.0288 -0.448508 0.893315
vn -0.693509 -0.688209 -0.213103
vn 0.222294 0.220694 -0.949673
vn -0.168894 -0.87967 -0.444585
vn -0.168894 -0.87967 -0.444585
vn 0.118904 0.248408 -0.96133
vn -0.164909 -0.38692 0.907247
vn -0.0288 -0.448508 0.893315
vn 0.822384 0.49229 0.285194
vn 0.848849 0.50697 0.149791
vn 0.464604 -0.625606 0.626706
vn 0.099299 -0.359395 -0.927887
vn 0.099299 -0.359395 -0.927887
vn -0.110304 -0.394314 -0.912332
vn 0.896089 0.405695 -0.180098
vn 0.896089 0.405695 -0.180098
vn 0.0548 -0.343902 -0.937405
vn -0.110304 -0.394314 -0.912332
vn 0.653963 -0.730859 -0.195389
vn -0.782906 -0.583105 0.216902
vn 0.653963 -0.730859 -0.195389
vn 0.822384 0.49229 0.285194
vn 0.963951 0.256814 -0.069604
vn 0.66531 0.217403 0.714211
vn 0.66531 0.217403 0.714211
vn 0.963951 0.256814 -0.069604
vn 0.653963 -0.730859 -0.195389
vn 0.963951 0.256814 -0.069604
vn 0.822384 0.49229 0.285194
vn 0.452376 0.108094 -0.885252
vn 0.452376 0.108094 -0.885252
vn 0.118904 0.248408 -0.96133
vn 0.848849 0.50697 0.149791
vn -0.1102 -0.633201 0.766102
vn 0.421011 -0.749819 0.510413
vn 0.828627 0.454215 0.327211
vn 0.785106 0.447303 0.428403
vn 0.785106 0.447303 0.428403
vn 0.501788 0.0046 0.864979
vn -0.1102 -0.633201 0.766102
vn 0.599417 -0.274708 -0.751821
vn 0.436619 -0.895439 -0.086904
vn 0.599417 -0.274708 -0.751821
vn 0.436619 -0.895439 -0.086904
vn -0.168894 -0.87967 -0.444585
vn 0.222294 0.220694 -0.949673
vn 0.452376 0.108094 -0.885252
vn 0.222294 0.220694 -0.949673
vn 0.848849 0.50697 0.149791
vn 0.599417 -0.274708 -0.751821
vn 0.421011 -0.749819 0.510413
vn 0.474087 -0.851876 -0.222594
vn 0.988317 -0.139802 -0.060701
vn 0.474087 -0.851876 -0.222594
vn 0.988317 -0.139802 -0.060701
vn 0.828627 0.454215 0.327211
vn 0.421011 -0.749819 0.510413
vn 0.659399 -0.114 -0.743099
vn -0.153894 -0.737771 -0.657275
vn 0.828627 0.454215 0.327211
vn 0.988317 -0.139802 -0.060701
vn 0.659399 -0.114 -0.743099
vn 0.828627 0.454215 0.327211
vn 0.265208 0.479815 -0.836326
vn 0.265208 0.479815 -0.836326
vn 0.785106 0.447303 0.428403
vn 0.953106 0.285602 0.100101
vn 0.501788 0.0046 0.864979
vn 0.501788 0.0046 0.864979
vn 0.61609 -0.734388 -0.284795
vn 0.385317 -0.916641 -0.106305
vn 0.446085 -0.89217 0.070998
vn 0.653963 -0.730859 -0.195389
vn 0.385317 -0.916641 -0.106305
vn 0.3248 -0.896001 -0.3028
vn 0.596082 -0.608982 -0.523285
vn 0.446085 -0.89217 0.070998
vn 0.270708 -0.794823 -0.543115
vn 0.41322 -0.273013 -0.868742
vn -0.733263 0.496575 0.464477
vn -0.694839 -0.550531 0.462726
vn -0.407614 -0.094703 0.90823
vn 0.1729 -0.510199 0.842498
vn 0.141298 0.467392 0.872685
vn -0.733263 0.496575 0.464477
vn -0.407614 -0.094703 0.90823
vn 0.1729 -0.510199 0.842498
vn 0.501903 -0.718705 -0.481203
vn 0.572286 -0.332592 0.749581
vn -0.140892 -0.984747 0.102094
vn 0.0548 -0.343902 -0.937405
vn 0.501903 -0.718705 -0.481203
vn -0.140892 -0.984747 0.102094
vn 0.947937 -0.286711 -0.138605
vn 0.572286 -0.332592 0.749581
vn 0.947937 -0.286711 -0.138605
vn 0.854337 0.444619 -0.269112
vn 0.501903 -0.718705 -0.481203
vn 0.218407 -0.503016 0.836226
vn -0.838628 -0.506617 0.200107
vn -0.281813 -0.947045 0.153907
vn 0.240899 0.255199 0.936398
vn -0.838628 -0.506617 0.200107
vn 0.218407 -0.503016 0.836226
vn 0.099998 -0.921781 -0.374592
vn 0.218407 -0.503016 0.836226
vn 0.099998 -0.921781 -0.374592
vn 0.896905 -0.429503 -0.105301
vn 0.240899 0.255199 0.936398
vn -0.520787 -0.115197 0.845879
vn 0.080198 0.493086 0.866276
vn -0.800113 0.482708 0.356106
vn 0.153801 -0.484604 0.861107
vn 0.080198 0.493086 0.866276
vn -0.520787 -0.115197 0.845879
vn -0.800113 0.482708 0.356106
vn -0.76594 -0.533128 0.359319
vn -0.520787 -0.115197 0.845879
vn -0.520787 -0.115197 0.845879
vn -0.76594 -0.533128 0.359319
vn 0.153801 -0.484604 0.861107
vn -0.691909 0.714309 -0.105001
vn -0.800113 0.482708 0.356106
vn 0.080198 0.493086 0.866276
vn 0.398613 0.738124 0.544317
vn 0.398613 0.738124 0.544317
vn -0.738683 -0.659185 -0.140797
vn -0.76594 -0.533128 0.359319
vn -0.738683 -0.659185 -0.140797
vn 0.485509 -0.654913 0.579111
vn 0.153801 -0.484604 0.861107
vn -0.691909 0.714309 -0.105001
vn -0.902769 0.402186 0.152495
vn -0.0237 -0.999682 0.0086
vn -0.582125 -0.800335 -0.143506
vn -0.582125 -0.800335 -0.143506
vn -0.525307 0.684409 0.505606
vn -0.902769 0.402186 0.152495
vn -0.827361 -0.536675 -0.165692
vn -0.489797 -0.820195 -0.295598
vn -0.827361 -0.536675 -0.165692
vn -0.846404 0.527403 0.0738
vn -0.740694 0.651994 -0.162099
vn -0.88537 0.0019 -0.464884
vn -0.489797 -0.820195 -0.295598
vn -0.748994 -0.517795 0.413396
vn -0.869699 0.4002 0.2889
vn -0.758405 -0.639704 -0.124901
vn -0.504273 -0.098095 0.857954
vn -0.869699 0.4002 0.2889
vn -0.748994 -0.517795 0.413396
vn -0.748994 -0.517795 0.413396
vn -0.758405 -0.639704 -0.124901
vn 0.519092 -0.65409 0.550191
vn 0.109899 -0.491895 0.863691
vn 0.109899 -0.491895 0.863691
vn -0.70053 0.690729 -0.179308
vn -0.31811 0.752924 0.576118
vn -0.70053 0.690729 -0.179308
vn -0.869699 0.4002 0.2889
vn -0.31811 0.752924 0.576118
vn 0.485509 -0.654913 0.579111
vn -0.0237 -0.999682 0.0086
vn -0.0139 -0.997696 0.0664
vn -0.471097 0.755495 0.455297
vn -0.525307 0.684409 0.505606
vn -0.525307 0.684409 0.505606
vn 0.254107 0.363111 0.896426
vn -0.31811 0.752924 0.576118
vn 0.254107 0.363111 0.896426
vn 0.523799 0.661099 0.537199
vn -0.471097 0.755495 0.455297
vn -0.694839 -0.550531 0.462726
vn -0.733263 0.496575 0.464477
vn -0.761925 -0.647521 -0.0137
vn -0.694839 -0.550531 0.462726
vn -0.761925 -0.647521 -0.0137
vn 0.54761 -0.652011 0.524409
vn 0.1729 -0.510199 0.842498
vn -0.683906 0.729506 -0.0097
vn 0.141298 0.467392 0.872685
vn -0.683906 0.729506 -0.0097
vn -0.733263 0.496575 0.464477
vn 0.523799 0.661099 0.537199
vn 0.254107 0.363111 0.896426
vn 0.109899 -0.491895 0.863691
vn 0.109899 -0.491895 0.863691
vn 0.519092 -0.65409 0.550191
vn 0.523799 0.661099 0.537199
vn -0.0139 -0.997696 0.0664
vn 0.0073 -0.999746 0.021301
vn -0.491881 0.656774 0.571578
vn -0.398593 0.741887 0.539191
vn -0.491881 0.656774 0.571578
vn 0.441774 0.723857 0.529969
vn -0.0139 -0.997696 0.0664
vn 0.523799 0.661099 0.537199
vn 0.519092 -0.65409 0.550191
vn 0.523799 0.661099 0.537199
vn -0.0139 -0.997696 0.0664
vn -0.491881 0.656774 0.571578
vn 0.523799 0.661099 0.537199
vn -0.491881 0.656774 0.571578
vn -0.471097 0.755495 0.455297
vn 0.567629 -0.819942 0.074104
vn -0.558087 0.627285 0.543187
vn -0.471097 0.755495 0.455297
vn -0.491881 0.656774 0.571578
vn -0.354984 0.623073 0.696969
vn -0.398593 0.741887 0.539191
vn -0.0237 -0.999682 0.0086
vn 0.398613 0.738124 0.544317
vn 0.485509 -0.654913 0.579111
vn 0.398613 0.738124 0.544317
vn -0.0237 -0.999682 0.0086
vn -0.525307 0.684409 0.505606
vn -0.525307 0.684409 0.505606
vn -0.729602 0.630902 0.263901
vn -0.591782 0.355289 0.723577
vn -0.902769 0.402186 0.152495
vn -0.577906 0.787109 0.215602
vn -0.591782 0.355289 0.723577
vn -0.729602 0.630902 0.263901
vn -0.2675 0.868699 0.4169
vn -0.558087 0.627285 0.543187
vn 0.0168 0.918876 0.39419
vn 0.0168 0.918876 0.39419
vn -0.2675 0.868699 0.4169
vn -0.729602 0.630902 0.263901
vn -0.426001 0.694601 0.579701
vn -0.846404 0.527403 0.0738
vn -0.846404 0.527403 0.0738
vn -0.426001 0.694601 0.579701
vn -0.415798 0.856397 0.306099
vn -0.740694 0.651994 -0.162099
vn -0.577906 0.787109 0.215602
vn -0.426001 0.694601 0.579701
vn -0.591782 0.355289 0.723577
vn -0.426001 0.694601 0.579701
vn -0.577906 0.787109 0.215602
vn -0.415798 0.856397 0.306099
vn 0.529967 0.141391 0.836148
vn -0.857093 -0.511196 -0.063799
vn 0.297004 -0.876913 0.377905
vn 0.297004 -0.876913 0.377905
vn -0.857093 -0.511196 -0.063799
vn 0.569507 -0.387705 -0.724808
vn 0.569507 -0.387705 -0.724808
vn 0.529967 0.141391 0.836148
vn 0.297004 -0.876913 0.377905
vn 0.501103 0.607203 0.616603
vn -0.856206 0.189301 -0.480704
vn -0.856206 0.189301 -0.480704
vn -0.856206 0.189301 -0.480704
vn 0.501103 0.607203 0.616603
vn 0.336395 0.71729 -0.610191
vn 0.336395 0.71729 -0.610191
vn -0.442881 0.881362 0.164493
vn -0.354984 0.623073 0.696969
vn 0.501103 0.607203 0.616603
vn 0.336395 0.71729 -0.610191
vn -0.442715 0.875929 0.191706
vn -0.442715 0.875929 0.191706
vn -0.442881 0.881362 0.164493
vn -0.293314 0.952746 -0.079004
vn 0.0168 0.918876 0.39419
vn -0.293314 0.952746 -0.079004
vn -0.293314 0.952746 -0.079004
vn -0.442881 0.881362 0.164493
vn -0.442715 0.875929 0.191706
vn -0.310807 0.907922 0.281207
vn -0.438809 0.864817 0.244005
vn -0.512577 0.854162 0.087596
vn -0.972965 0.230392 0.016099
vn -0.614302 -0.555402 0.560502
vn -0.087703 -0.868025 -0.488714
vn 0.250998 0.330297 0.909892
vn -0.409196 0.725093 -0.553895
vn -0.087703 -0.868025 -0.488714
vn -0.614302 -0.555402 0.560502
vn -0.614302 -0.555402 0.560502
vn 0.250998 0.330297 0.909892
vn -0.409196 0.725093 -0.553895
vn -0.135705 0.961238 0.24001
vn -0.681998 -0.659898 -0.315299
vn -0.410711 -0.274308 0.869524
vn -0.410711 -0.274308 0.869524
vn -0.681998 -0.659898 -0.315299
vn 0.920377 -0.167396 0.353391
vn 0.920377 -0.167396 0.353391
vn -0.135705 0.961238 0.24001
vn -0.410711 -0.274308 0.869524
vn 0.458293 -0.734489 0.500493
vn 0.250998 0.330297 0.909892
vn -0.087703 -0.868025 -0.488714
vn 0.506288 0.45319 -0.733683
vn 0.458293 -0.734489 0.500493
vn 0.506288 0.45319 -0.733683
vn -0.409196 0.725093 -0.553895
vn 0.250998 0.330297 0.909892
vn 0.458293 -0.734489 0.500493
vn -0.211193 -0.518683 -0.828472
vn -0.211193 -0.518683 -0.828472
vn 0.358811 0.685221 -0.633819
vn 0.358811 0.685221 -0.633819
vn -0.211193 -0.518683 -0.828472
vn -0.135705 0.961238 0.24001
vn 0.920377 -0.167396 0.353391
vn -0.211193 -0.518683 -0.828472
vn 0.358811 0.685221 -0.633819
vn -0.302501 -0.845304 -0.440402
vn 0.535889 -0.0133 -0.844183
vn 0.358811 0.685221 -0.633819
vn -0.211193 -0.518683 -0.828472
vn -0.302501 -0.845304 -0.440402
vn 0.535889 -0.0133 -0.844183
vn -0.302501 -0.845304 -0.440402
vn 0.358811 0.685221 -0.633819
vn 0.0548 -0.343902 -0.937405
vn 0.854337 0.444619 -0.269112
vn 0.464604 -0.625606 0.626706
vn 0.993229 -0.089803 -0.073702
vn 0.848849 0.50697 0.149791
vn 0.993229 -0.089803 -0.073702
vn 0.464604 -0.625606 0.626706
vn 0.599417 -0.274708 -0.751821
vn 0.848849 0.50697 0.149791
vn 0.993229 -0.089803 -0.073702
vn -0.098102 -0.440009 -0.892619
vn 0.048101 -0.378105 -0.924512
vn -0.098102 -0.440009 -0.892619
vn -0.838628 -0.506617 0.200107
vn -0.824426 -0.421313 0.377912
vn -0.824426 -0.421313 0.377912
vn -0.098102 -0.440009 -0.892619
vn 0.896905 -0.429503 -0.105301
vn 0.099998 -0.921781 -0.374592
vn 0.896905 -0.429503 -0.105301
vn -0.098102 -0.440009 -0.892619
vn 0.951328 0.290208 -0.103703
vn 0.951328 0.290208 -0.103703
vn -0.098102 -0.440009 -0.892619
vn 0.048101 -0.378105 -0.924512
vn 0.951328 0.290208 -0.103703
vn 0.855087 -0.102298 0.508292
vn -0.733695 0.318898 0.599996
vn 0.318393 -0.774582 0.546487
vn 0.318393 -0.774582 0.546487
vn -0.733695 0.318898 0.599996
vn -0.090197 -0.626881 -0.773876
vn -0.090197 -0.626881 -0.773876
vn 0.855087 -0.102298 0.508292
vn 0.318393 -0.774582 0.546487
vn -0.733695 0.318898 0.599996
vn 0.855087 -0.102298 0.508292
vn 0.138097 -0.467988 0.872878
vn -0.708924 0.387313 -0.58942
vn 0.138097 -0.467988 0.872878
vn -0.708924 0.387313 -0.58942
vn -0.733695 0.318898 0.599996
vn -0.090197 -0.626881 -0.773876
vn -0.090197 -0.626881 -0.773876
vn -0.708924 0.387313 -0.58942
vn 0.138097 -0.467988 0.872878
vn -0.740426 -0.219108 0.635422
vn -0.86669 -0.104899 0.487694
vn -0.359992 -0.324293 0.87478
vn -0.992849 -0.078304 0.090104
vn -0.764968 -0.083196 0.638673
vn -0.708924 0.387313 -0.58942
vn 0.138097 -0.467988 0.872878
vn 0.690425 0.448716 0.567421
vn 0.503401 -0.616601 -0.605301
vn -0.708924 0.387313 -0.58942
vn 0.690425 0.448716 0.567421
vn 0.103402 0.86982 -0.482411
vn 0.103402 0.86982 -0.482411
vn 0.503401 -0.616601 -0.605301
vn -0.708924 0.387313 -0.58942
vn -0.32268 -0.258084 0.910643
vn -0.036401 0.335214 0.941439
vn -0.978238 0.178007 0.106604
vn 0.544816 -0.817825 0.185306
vn -0.036401 0.335214 0.941439
vn -0.32268 -0.258084 0.910643
vn -0.32268 -0.258084 0.910643
vn -0.82743 -0.246209 0.504718
vn -0.170097 -0.886082 -0.431191
vn -0.82743 -0.246209 0.504718
vn 0.544816 -0.817825 0.185306
vn -0.239394 0.106397 0.965075
vn -0.011399 -0.107395 0.994151
vn 0.451374 -0.199489 0.86975
vn -0.65879 -0.238896 0.713389
vn -0.239394 0.106397 0.965075
vn 0.110999 0.307696 0.944988
vn -0.544388 -0.141097 0.826882
vn -0.108704 -0.021701 0.993837
vn -0.108704 -0.021701 0.993837
vn 0.637798 -0.708698 0.301599
vn 0.451374 -0.199489 0.86975
vn -0.011399 -0.107395 0.994151
vn 0.946537 -0.0073 0.322513
vn -0.036401 0.335214 0.941439
vn 0.946537 -0.0073 0.322513
vn -0.231497 0.696692 0.678992
vn -0.231497 0.696692 0.678992
vn 0.689119 0.694719 -0.206106
vn 0.451374 -0.199489 0.86975
vn 0.637798 -0.708698 0.301599
vn 0.637602 -0.671702 0.377201
vn 0.451374 -0.199489 0.86975
vn 0.637602 -0.671702 0.377201
vn 0.203803 -0.580408 0.788411
vn 0.203803 -0.580408 0.788411
vn -0.612677 0.662675 0.430684
vn -0.940411 0.339704 -0.0151
vn -0.42391 0.223005 0.877821
vn -0.9265 -0.3726 -0.0526
vn -0.940411 0.339704 -0.0151
vn -0.112699 0.504895 -0.855792
vn 0.020299 -0.430284 -0.902466
vn 0.410712 0.891426 -0.191506
vn -0.940411 0.339704 -0.0151
vn -0.612677 0.662675 0.430684
vn -0.612677 0.662675 0.430684
vn -0.42391 0.223005 0.877821
vn 0.772619 0.42491 0.471711
vn -0.612677 0.662675 0.430684
vn 0.772619 0.42491 0.471711
vn 0.410712 0.891426 -0.191506
vn -0.112699 0.504895 -0.855792
vn 0.729084 -0.498389 0.46909
vn -0.333802 -0.369502 0.867205
vn -0.725434 -0.355417 0.589428
vn -0.0152 -0.934704 0.355102
vn -0.782906 -0.583105 0.216902
vn -0.65879 -0.238896 0.713389
vn -0.354295 -0.229297 -0.906586
vn -0.170097 -0.886082 -0.431191
vn -0.82743 -0.246209 0.504718
vn -0.978238 0.178007 0.106604
vn -0.724401 0.639401 0.2577
vn -0.724401 0.639401 0.2577
vn 0.0007 0.6 -0.8
vn -0.724401 0.639401 0.2577
vn -0.231497 0.696692 0.678992
vn 0.689119 0.694719 -0.206106
vn 0.0007 0.6 -0.8
vn -0.351092 0.057399 0.93458
vn -0.551384 -0.513385 0.657581
vn 0.518209 -0.842315 0.148203
vn 0.518209 -0.842315 0.148203
vn -0.551384 -0.513385 0.657581
vn 0.031401 -0.743027 -0.668524
vn 0.795008 -0.106901 0.597106
vn -0.351092 0.057399 0.93458
vn 0.518209 -0.842315 0.148203
vn -0.894635 -0.442817 0.059502
vn -0.551384 -0.513385 0.657581
vn -0.987277 0.053899 -0.149597
vn -0.894635 -0.442817 0.059502
vn -0.088101 0.0008 -0.996111
vn 0.031401 -0.743027 -0.668524
vn -0.724088 0.681389 0.106798
vn -0.455709 0.560111 0.691813
vn 0.729564 0.664767 0.160692
vn -0.987277 0.053899 -0.149597
vn -0.455709 0.560111 0.691813
vn -0.724088 0.681389 0.106798
vn 0.240411 0.740633 -0.627428
vn -0.987277 0.053899 -0.149597
vn -0.551384 -0.513385 0.657581
vn -0.351092 0.057399 0.93458
vn 0.795008 -0.106901 0.597106
vn -0.455709 0.560111 0.691813
vn -0.351092 0.057399 0.93458
vn 0.729564 0.664767 0.160692
vn -0.770554 -0.50087 0.394177
vn -0.660233 0.719836 0.214311
vn -0.975161 0.185593 0.120895
vn -0.221594 0.697382 0.681582
vn -0.770554 -0.50087 0.394177
vn -0.975161 0.185593 0.120895
vn -0.25709 -0.046598 -0.965263
vn -0.1109 -0.844404 -0.524102
vn -0.371094 -0.432193 0.821887
vn -0.1109 -0.844404 -0.524102
vn -0.371094 -0.432193 0.821887
vn -0.770554 -0.50087 0.394177
vn 0.061003 0.652728 -0.755132
vn -0.975161 0.185593 0.120895
vn -0.660233 0.719836 0.214311
vn -0.221594 0.697382 0.681582
vn 0.649216 0.748218 -0.136703
vn -0.25709 -0.046598 -0.965263
vn -0.551393 -0.222997 0.803889
vn -0.82283 -0.329212 0.463217
vn -0.544388 -0.141097 0.826882
vn -0.368019 0.127407 0.921048
vn -0.551393 -0.222997 0.803889
vn -0.394995 -0.057399 0.916888
vn 0.430613 0.901826 0.035801
vn -0.891129 0.442114 -0.102103
vn -0.789603 0.187401 0.584302
vn -0.891129 0.442114 -0.102103
vn 0.147802 -0.0023 0.989014
vn 0.523993 0.569092 0.633692
vn 0.523993 0.569092 0.633692
vn 0.175096 0.669283 -0.722082
vn -0.891129 0.442114 -0.102103
vn 0.515968 -0.218587 0.828249
vn -0.77212 0.39511 0.497713
vn -0.748813 -0.267705 0.606311
vn -0.77212 0.39511 0.497713
vn 0.416709 0.617613 0.667014
vn -0.77212 0.39511 0.497713
vn 0.416709 0.617613 0.667014
vn -0.777233 0.618426 -0.116005
vn -0.777233 0.618426 -0.116005
vn 0.417994 0.889787 -0.183197
vn 0.283103 -0.916509 -0.282603
vn -0.793985 -0.390793 0.465691
vn -0.82589 -0.520193 -0.217497
vn 0.439216 -0.659424 0.610122
vn 0.283103 -0.916509 -0.282603
vn -0.82589 -0.520193 -0.217497
vn 0.40139 -0.227595 -0.887179
vn -0.088101 0.0008 -0.996111
vn -0.783088 -0.417994 0.460493
vn -0.913974 -0.398688 0.075498
vn -0.895069 0.190293 0.403286
vn -0.913974 -0.398688 0.075498
vn -0.783088 -0.417994 0.460493
vn -0.783088 -0.417994 0.460493
vn -0.895069 0.190293 0.403286
vn 0.439216 -0.659424 0.610122
vn -0.711624 0.198207 0.674022
vn -0.793985 -0.390793 0.465691
vn -0.793985 -0.390793 0.465691
vn -0.711624 0.198207 0.674022
vn -0.798068 -0.100796 -0.594077
vn -0.82589 -0.520193 -0.217497
vn 0.509883 0.202493 0.836072
vn -0.711624 0.198207 0.674022
vn 0.509883 0.202493 0.836072
vn -0.718921 0.67722 0.156605
vn -0.718921 0.67722 0.156605
vn -0.798068 -0.100796 -0.594077
vn -0.728135 0.535926 -0.427321
vn 0.482899 0.841198 0.243299
vn -0.728135 0.535926 -0.427321
vn 0.457914 0.65052 -0.605919
vn 0.457914 0.65052 -0.605919
vn -0.728135 0.535926 -0.427321
vn -0.908504 -0.415402 -0.0454
vn -0.955173 -0.253993 -0.152096
vn -0.955173 -0.253993 -0.152096
vn -0.933368 -0.241092 -0.265891
vn -0.700832 -0.582726 -0.411419
vn -0.933368 -0.241092 -0.265891
vn 0.653963 -0.730859 -0.195389
vn 0.637602 -0.671702 0.377201
vn 0.446085 -0.89217 0.070998
vn 0.203803 -0.580408 0.788411
vn 0.558475 -0.67377 -0.483879
vn 0.203803 -0.580408 0.788411
vn 0.446085 -0.89217 0.070998
vn 0.558475 -0.67377 -0.483879
vn 0.0309 0.102099 0.994294
vn 0.564576 -0.824464 0.038898
vn 0.0309 0.102099 0.994294
vn -0.371094 -0.432193 0.821887
vn 0.564576 -0.824464 0.038898
vn 0.97001 -0.108701 0.217402
vn -0.221594 0.697382 0.681582
vn 0.0309 0.102099 0.994294
vn 0.97001 -0.108701 0.217402
vn 0.649216 0.748218 -0.136703
vn 0.079203 0.597123 0.79823
vn 0.329606 0.296005 0.896516
vn 0.079898 0.47049 0.878781
vn 0.379397 0.437997 0.814995
vn 0.079203 0.597123 0.79823
vn -0.108704 -0.021701 0.993837
vn -0.120601 0.602303 0.789105
vn 0.079898 0.47049 0.878781
vn 0.079203 0.597123 0.79823
vn -0.120601 0.602303 0.789105
vn 0.379397 0.437997 0.814995
vn 0.079898 0.47049 0.878781
vn 0.107401 0.383903 0.917106
vn -0.120601 0.602303 0.789105
vn 0.107401 0.383903 0.917106
vn 0.079898 0.47049 0.878781
vn 0.554686 0.122597 0.822979
vn -0.939957 0.184092 0.287387
vn -0.334992 0.41239 0.84718
vn -0.400004 0.436104 0.806108
vn -0.368019 0.127407 0.921048
vn -0.400004 0.436104 0.806108
vn -0.394995 -0.057399 0.916888
vn -0.700216 -0.44931 0.554813
vn -0.767488 0.262196 -0.584991
vn 0.277196 -0.960787 -0.0071
vn 0.210197 0.739591 0.639392
vn -0.767488 0.262196 -0.584991
vn -0.700216 -0.44931 0.554813
vn -0.700216 -0.44931 0.554813
vn 0.277196 -0.960787 -0.0071
vn 0.210197 0.739591 0.639392
vn -0.939957 0.184092 0.287387
vn 0.476191 -0.451491 -0.754585
vn 0.585378 0.759471 -0.283789
vn 0.585378 0.759471 -0.283789
vn 0.476191 -0.451491 -0.754585
vn 0.585378 0.759471 -0.283789
vn 0.309307 0.936923 -0.162804
vn 0.476191 -0.451491 -0.754585
vn 0.585378 0.759471 -0.283789
vn 0.472419 -0.090304 -0.876736
vn 0.309307 0.936923 -0.162804
vn 0.472419 -0.090304 -0.876736
vn -0.558606 0.457105 0.692108
vn -0.312214 0.519123 0.795635
vn -0.312214 0.519123 0.795635
vn -0.350799 -0.0257 0.936098
vn -0.394995 -0.057399 0.916888
vn -0.350799 -0.0257 0.936098
vn -0.443283 0.547079 0.710073
vn -0.443283 0.547079 0.710073
vn 0.54711 -0.120002 0.828414
vn -0.350799 -0.0257 0.936098
vn -0.108704 -0.021701 0.993837
vn 0.554686 0.122597 0.822979
vn 0.54711 -0.120002 0.828414
vn -0.108704 -0.021701 0.993837
vn 0.559777 0.191692 0.806166
vn -0.42261 0.494811 0.759317
vn -0.443283 0.547079 0.710073
vn -0.350799 -0.0257 0.936098
vn -0.42261 0.494811 0.759317
vn 0.681993 0.225298 0.695792
vn 0.499915 0.203506 0.841825
vn 0.559777 0.191692 0.806166
vn -0.443283 0.547079 0.710073
vn -0.42261 0.494811 0.759317
vn -0.812076 0.34109 0.473486
vn 0.401905 0.289204 0.868811
vn -0.443283 0.547079 0.710073
vn 0.401905 0.289204 0.868811
vn -0.478796 0.132999 0.867793
vn -0.443283 0.547079 0.710073
vn -0.478796 0.132999 0.867793
vn -0.334992 0.41239 0.84718
vn -0.427307 0.304705 0.851213
vn -0.812076 0.34109 0.473486
vn -0.42261 0.494811 0.759317
vn -0.427307 0.304705 0.851213
vn -0.812076 0.34109 0.473486
vn -0.427307 0.304705 0.851213
vn 0.401905 0.289204 0.868811
vn -0.190107 0.311511 0.931032
vn -0.190107 0.311511 0.931032
vn -0.334992 0.41239 0.84718
vn -0.683996 0.225999 0.693596
vn -0.558606 0.457105 0.692108
vn -0.683996 0.225999 0.693596
vn -0.825028 0.245208 0.509118
vn -0.558606 0.457105 0.692108
vn -0.683996 0.225999 0.693596
vn -0.78839 0.245897 0.563893
vn -0.78839 0.245897 0.563893
vn -0.825028 0.245208 0.509118
vn -0.683996 0.225999 0.693596
vn -0.604796 0.540696 0.584696
vn -0.312214 0.519123 0.795635
vn -0.558606 0.457105 0.692108
vn -0.825028 0.245208 0.509118
vn -0.604796 0.540696 0.584696
vn -0.558606 0.457105 0.692108
vn 0.659288 0.474091 0.583589
vn 0.345683 0.567672 0.747163
vn -0.193191 0.261188 0.945758
vn -0.193191 0.261188 0.945758
vn 0.203803 -0.580408 0.788411
vn 0.418501 0.165 0.893102
vn 0.951328 0.290208 -0.103703
vn 0.418501 0.165 0.893102
vn 0.240899 0.255199 0.936398
vn 0.048101 -0.378105 -0.924512
vn -0.824426 -0.421313 0.377912
vn 0.203803 -0.580408 0.788411
vn 0.558475 -0.67377 -0.483879
vn 0.418501 0.165 0.893102
vn 0.048101 -0.378105 -0.924512
vn 0.558475 -0.67377 -0.483879
vn 0.951328 0.290208 -0.103703
vn 0.329606 0.296005 0.896516
vn 0.976554 0.21019 0.046498
vn 0.681993 0.225298 0.695792
vn 0.554686 0.122597 0.822979
vn -0.821695 -0.500997 0.271698
vn 0.334288 0.131395 0.933267
vn -0.295698 0.413198 0.861296
vn -0.295698 0.413198 0.861296
vn 0.334288 0.131395 0.933267
vn -0.38549 0.825179 0.412889
vn -0.941558 0.114795 -0.316686
vn -0.38549 0.825179 0.412889
vn -0.0367 -0.900792 0.432696
vn 0.334288 0.131395 0.933267
vn -0.0367 -0.900792 0.432696
vn 0.854403 0.1256 0.504202
vn 0.23971 0.96994 -0.041902
vn 0.854403 0.1256 0.504202
vn -0.941558 0.114795 -0.316686
vn -0.38549 0.825179 0.412889
vn -0.275689 0.24209 -0.930262
vn 0.582106 -0.783009 -0.219202
vn 0.23971 0.96994 -0.041902
vn 0.23971 0.96994 -0.041902
vn 0.442389 -0.264993 -0.856779
vn -0.275689 0.24209 -0.930262
vn 0.82677 0.55898 -0.063198
vn 0.82677 0.55898 -0.063198
vn 0.82677 0.55898 -0.063198
vn 0.582106 -0.783009 -0.219202
vn 0.442389 -0.264993 -0.856779
vn 0.988651 0.124894 0.083496
vn 0.8241 -0.3276 -0.4621
vn 0.976554 0.21019 0.046498
vn 0.988651 0.124894 0.083496
vn 0.969156 -0.082896 0.232089
vn 0.969156 -0.082896 0.232089
vn 0.854403 0.1256 0.504202
vn 0.8241 -0.3276 -0.4621
vn 0.687616 -0.650815 -0.321907
vn 0.687616 -0.650815 -0.321907
vn 0.779995 -0.477397 0.404598
vn 0.681993 0.225298 0.695792
vn 0.969156 -0.082896 0.232089
vn 0.666695 -0.737494 -0.107799
vn 0.687616 -0.650815 -0.321907
vn 0.482579 -0.166593 0.859863
vn 0.681993 0.225298 0.695792
vn 0.482579 -0.166593 0.859863
vn 0.499915 0.203506 0.841825
vn 0.919053 -0.133093 0.370981
vn 0.339497 0.253898 0.905692
vn 0.919053 -0.133093 0.370981
vn 0.779995 -0.477397 0.404598
vn 0.666695 -0.737494 -0.107799
vn 0.919053 -0.133093 0.370981
vn 0.559777 0.191692 0.806166
vn 0.499915 0.203506 0.841825
vn 0.427919 0.495122 0.756134
vn 0.427919 0.495122 0.756134
vn 0.659288 0.474091 0.583589
vn 0.559777 0.191692 0.806166
vn 0.427919 0.495122 0.756134
vn 0.659288 0.474091 0.583589
vn 0.427919 0.495122 0.756134
vn 0.48389 0.209096 0.849782
vn 0.345683 0.567672 0.747163
vn 0.48389 0.209096 0.849782
vn 0.392282 0.321686 0.861761
vn 0.441592 0.283395 0.851284
vn 0.051001 -0.259007 0.964528
vn 0.441592 0.283395 0.851284
vn 0.48389 0.209096 0.849782
vn 0.61218 -0.210893 0.762076
vn 0.051001 -0.259007 0.964528
vn 0.48389 0.209096 0.849782
vn 0.407694 0.206397 0.889486
vn 0.407694 0.206397 0.889486
vn 0.441774 0.723857 0.529969
vn 0.54761 -0.652011 0.524409
vn 0.325802 0.265802 0.907305
vn -0.719164 0.236188 0.653467
vn -0.614602 -0.517802 0.595102
vn -0.614602 -0.517802 0.595102
vn -0.719164 0.236188 0.653467
vn -0.953445 -0.301483 -0.0071
vn 0.243307 -0.511814 0.823923
vn -0.378991 -0.922477 0.073498
vn 0.243307 -0.511814 0.823923
vn -0.614602 -0.517802 0.595102
vn -0.953445 -0.301483 -0.0071
vn 0.044601 0.62102 0.782525
vn -0.441812 0.621217 0.647218
vn -0.719164 0.236188 0.653467
vn -0.441812 0.621217 0.647218
vn -0.334299 0.940097 0.0668
vn -0.904719 0.424909 0.030601
vn -0.904719 0.424909 0.030601
vn -0.441812 0.621217 0.647218
vn 0.044601 0.62102 0.782525
vn 0.302286 0.924556 0.231989
vn -0.441812 0.621217 0.647218
vn 0.302286 0.924556 0.231989
vn -0.334299 0.940097 0.0668
vn 0.044601 0.62102 0.782525
vn 0.325802 0.265802 0.907305
vn 0.852778 -0.315392 0.416289
vn 0.325802 0.265802 0.907305
vn 0.243307 -0.511814 0.823923
vn 0.243307 -0.511814 0.823923
vn 0.317812 -0.921336 0.223909
vn 0.852778 -0.315392 0.416289
vn 0.317812 -0.921336 0.223909
vn 0.811991 0.427396 0.397496
vn 0.811991 0.427396 0.397496
vn 0.524713 -0.806619 0.272107
vn 0.524713 -0.806619 0.272107
vn 0.586217 0.464714 0.663619
vn 0.811991 0.427396 0.397496
vn 0.852778 -0.315392 0.416289
vn 0.524713 -0.806619 0.272107
vn 0.586217 0.464714 0.663619
vn -0.043201 0.810521 0.584115
vn 0.0073 -0.999746 0.021301
vn 0.441774 0.723857 0.529969
vn 0.54761 -0.652011 0.524409
vn -0.398593 0.741887 0.539191
vn 0.0073 -0.999746 0.021301
vn 0.441774 0.723857 0.529969
vn 0.0073 -0.999746 0.021301
vn -0.398593 0.741887 0.539191
vn -0.398593 0.741887 0.539191
vn -0.829137 -0.500823 -0.248411
vn -0.947187 0.190997 -0.257597
vn 0.694268 -0.314285 -0.64747
vn 0.462394 0.453894 0.76169
vn -0.947187 0.190997 -0.257597
vn -0.829137 -0.500823 -0.248411
vn 0.200895 -0.943678 0.262894
vn 0.436209 -0.183104 0.881019
vn 0.200895 -0.943678 0.262894
vn 0.276389 0.571077 -0.772969
vn -0.947187 0.190997 -0.257597
vn 0.462394 0.453894 0.76169
vn 0.276389 0.571077 -0.772969
vn -0.354984 0.623073 0.696969
vn -0.398593 0.741887 0.539191
vn 0.0047 0.736224 0.676722
vn -0.136294 0.956459 0.258089
vn -0.231391 0.935963 0.26539
vn 0.0047 0.736224 0.676722
vn -0.189801 0.956903 0.219801
vn 0.694268 -0.314285 -0.64747
vn 0.436209 -0.183104 0.881019
vn 0.200895 -0.943678 0.262894
vn 0.462394 0.453894 0.76169
vn 0.276389 0.571077 -0.772969
vn -0.043201 0.810521 0.584115
vn -0.043201 0.810521 0.584115
vn -0.110999 0.956695 0.269099
vn 0.132497 0.953476 0.270793
vn 0.379999 -0.744299 0.549199
vn -0.0011 -0.71979 0.694191
vn -0.034099 -0.74078 -0.670882
vn 0.059302 0.047101 -0.997128
vn -0.0011 -0.71979 0.694191
vn 0.379999 -0.744299 0.549199
vn -0.034099 -0.74078 -0.670882
vn 0.586217 0.464714 0.663619
vn 0.623499 0.517999 0.585599
vn -0.098003 -0.560516 0.822324
vn -0.839922 0.187705 -0.509213
vn 0.726605 0.644405 0.238302
vn -0.098003 -0.560516 0.822324
vn -0.0011 -0.71979 0.694191
vn 0.059302 0.047101 -0.997128
vn 0.726605 0.644405 0.238302
vn -0.637322 0.630522 0.443015
vn 0.726605 0.644405 0.238302
vn -0.637322 0.630522 0.443015
vn -0.098003 -0.560516 0.822324
vn 0.726605 0.644405 0.238302
vn -0.839922 0.187705 -0.509213
vn -0.637322 0.630522 0.443015
vn 0.059302 0.047101 -0.997128
vn -0.577505 0.375303 0.725007
vn -0.724737 -0.627632 0.284314
vn 0.648089 0.534291 0.542691
vn -0.0267 0.497792 -0.866886
vn -0.724737 -0.627632 0.284314
vn -0.577505 0.375303 0.725007
vn -0.577505 0.375303 0.725007
vn 0.648089 0.534291 0.542691
vn -0.0267 0.497792 -0.866886
vn 0.848995 -0.217199 0.481697
vn 0.648089 0.534291 0.542691
vn -0.724737 -0.627632 0.284314
vn -0.724737 -0.627632 0.284314
vn -0.0267 0.497792 -0.866886
vn 0.034501 -0.951338 -0.306212
vn -0.724737 -0.627632 0.284314
vn 0.034501 -0.951338 -0.306212
vn 0.848995 -0.217199 0.481697
vn 0.848995 -0.217199 0.481697
vn 0.848995 -0.217199 0.481697
vn 0.034501 -0.951338 -0.306212
vn -0.0267 0.497792 -0.866886
vn -0.808275 0.156295 0.567682
vn -0.512709 -0.495409 0.701213
vn -0.186402 -0.764807 0.616705
vn -0.251805 -0.366207 0.895816
vn -0.808275 0.156295 0.567682
vn -0.186402 -0.764807 0.616705
vn -0.512709 -0.495409 0.701213
vn -0.648887 -0.200896 0.733885
vn -0.84091 -0.159602 0.517106
vn -0.808275 0.156295 0.567682
vn -0.257704 0.933614 0.248904
vn -0.35721 -0.587617 -0.726021
vn 0.84175 -0.267516 -0.468928
vn 0.84175 -0.267516 -0.468928
vn -0.35721 -0.587617 -0.726021
vn 0.034501 -0.951338 -0.306212
vn -0.35721 -0.587617 -0.726021
vn 0.1416 -0.4803 0.865599
vn 0.848995 -0.217199 0.481697
vn 0.848995 -0.217199 0.481697
vn 0.1416 -0.4803 0.865599
vn 0.84175 -0.267516 -0.468928
vn -0.115705 0.965639 0.232709
vn -0.257704 0.933614 0.248904
vn -0.110999 0.956695 0.269099
vn -0.115705 0.965639 0.232709
vn -0.437488 -0.829077 -0.34819
vn -0.463401 -0.1249 -0.877302
vn 0.409713 -0.776325 0.479015
vn 0.225408 -0.641423 0.733326
vn -0.463401 -0.1249 -0.877302
vn -0.437488 -0.829077 -0.34819
vn -0.437488 -0.829077 -0.34819
vn 0.409713 -0.776325 0.479015
vn 0.225408 -0.641423 0.733326
vn 0.344196 0.237397 0.90839
vn 0.225408 -0.641423 0.733326
vn -0.885506 0.198901 -0.419903
vn 0.58339 0.542891 -0.60409
vn -0.463401 -0.1249 -0.877302
vn -0.885506 0.198901 -0.419903
vn 0.58339 0.542891 -0.60409
vn 0.071198 -0.513587 0.855078
vn 0.58339 0.542891 -0.60409
vn 0.071198 -0.513587 0.855078
vn 0.225408 -0.641423 0.733326
vn -0.419986 0.554181 0.718676
vn 0.071198 -0.513587 0.855078
vn 0.58339 0.542891 -0.60409
vn -0.419986 0.554181 0.718676
vn -0.419986 0.554181 0.718676
vn 0.58339 0.542891 -0.60409
vn -0.885506 0.198901 -0.419903
vn 0.3449 -0.562399 0.751499
vn 0.344196 0.237397 0.90839
vn 0.3449 -0.562399 0.751499
vn 0.268614 -0.39252 0.879645
vn 0.762869 -0.458081 0.456281
vn 0.524713 -0.806619 0.272107
vn 0.567629 -0.819942 0.074104
vn 0.762869 -0.458081 0.456281
vn 0.524713 -0.806619 0.272107
vn 0.0047 0.736224 0.676722
vn 0.623499 0.517999 0.585599
vn 0.132497 0.953476 0.270793
vn 0.774685 0.584789 0.240595
vn 0.623499 0.517999 0.585599
vn 0.762869 -0.458081 0.456281
vn 0.984006 -0.0813 0.158501
vn 0.567629 -0.819942 0.074104
vn 0.774685 0.584789 0.240595
vn 0.898194 -0.176299 0.402698
vn 0.344196 0.237397 0.90839
vn 0.898194 -0.176299 0.402698
vn 0.974021 -0.137803 0.179704
vn 0.559064 -0.819248 0.127592
vn 0.559064 -0.819248 0.127592
vn 0.268614 -0.39252 0.879645
vn 0.3449 -0.562399 0.751499
vn 0.391803 -0.360203 0.846607
vn 0.413613 -0.254608 0.874128
vn 0.230998 -0.256297 0.93859
vn 0.230998 -0.256297 0.93859
vn 0.344196 0.237397 0.90839
vn 0.584898 -0.375799 0.718797
vn 0.391803 -0.360203 0.846607
vn 0.344196 0.237397 0.90839
vn 0.898194 -0.176299 0.402698
vn 0.584898 -0.375799 0.718797
vn 0.344196 0.237397 0.90839
vn 0.444893 -0.376094 0.812787
vn 0.391803 -0.360203 0.846607
vn 0.444893 -0.376094 0.812787
vn 0.234911 -0.23111 0.944142
vn 0.413613 -0.254608 0.874128
vn 0.97919 -0.189398 -0.072899
vn 0.444893 -0.376094 0.812787
vn 0.584898 -0.375799 0.718797
vn 0.584898 -0.375799 0.718797
vn 0.898194 -0.176299 0.402698
vn 0.93753 -0.347811 -0.008
vn 0.93753 -0.347811 -0.008
vn 0.780134 -0.360616 0.511222
vn 0.234911 -0.23111 0.944142
vn 0.444893 -0.376094 0.812787
vn 0.97919 -0.189398 -0.072899
vn -0.333886 -0.126695 0.93406
vn -0.686196 -0.534597 0.493297
vn -0.024601 -0.710434 0.703334
vn -0.851117 0.091102 0.517011
vn 0.359723 -0.262217 0.895456
vn -0.333886 -0.126695 0.93406
vn 0.359723 -0.262217 0.895456
vn 0.230607 0.347111 0.909029
vn -0.471169 0.549763 0.689754
vn -0.471169 0.549763 0.689754
vn -0.532181 -0.030799 0.84607
vn -0.78138 -0.034799 0.623084
vn -0.90107 0.210093 0.379387
vn 0.383291 -0.43649 0.813981
vn -0.78138 -0.034799 0.623084
vn -0.532181 -0.030799 0.84607
vn -0.90107 0.210093 0.379387
vn -0.648887 -0.200896 0.733885
vn -0.532181 -0.030799 0.84607
vn -0.532181 -0.030799 0.84607
vn 0.230998 -0.256297 0.93859
vn -0.686196 -0.534597 0.493297
vn -0.78138 -0.034799 0.623084
vn 0.383291 -0.43649 0.813981
vn -0.991865 0.116896 0.050398
vn -0.78138 -0.034799 0.623084
vn -0.686196 -0.534597 0.493297
vn -0.024601 -0.710434 0.703334
vn -0.851117 0.091102 0.517011
vn -0.957908 -0.0165 0.286602
vn -0.957908 -0.0165 0.286602
vn -0.86669 -0.104899 0.487694
vn -0.86669 -0.104899 0.487694
vn -0.918695 0.0957 0.383198
vn -0.918695 0.0957 0.383198
vn -0.992859 0.0119 0.118695
vn -0.84091 -0.159602 0.517106
vn -0.86669 -0.104899 0.487694
vn -0.992859 0.0119 0.118695
vn -0.668182 -0.187895 0.719881
vn -0.957908 -0.0165 0.286602
vn -0.957908 -0.0165 0.286602
vn -0.75695 0.044497 0.651957
vn -0.770715 0.211904 0.600912
vn -0.993002 0.0084 0.1178
vn -0.993002 0.0084 0.1178
vn 0.503401 -0.616601 -0.605301
vn 0.690425 0.448716 0.567421
vn 0.138097 -0.467988 0.872878
vn -0.853387 0.508093 0.116498
vn 0.383291 -0.43649 0.813981
vn 0.359723 -0.262217 0.895456
vn -0.024601 -0.710434 0.703334
vn 0.769819 -0.294007 0.566514
vn 0.769819 -0.294007 0.566514
vn 0.243004 -0.315405 0.917316
vn 0.387997 -0.364797 0.846393
vn 0.413613 -0.254608 0.874128
vn 0.234911 -0.23111 0.944142
vn 0.387997 -0.364797 0.846393
vn 0.652767 -0.39098 0.648868
vn 0.824216 0.167903 0.540811
vn 0.824216 0.167903 0.540811
vn 0.652767 -0.39098 0.648868
vn 0.769819 -0.294007 0.566514
vn 0.652767 -0.39098 0.648868
vn 0.514123 -0.22331 0.828137
vn 0.514123 -0.22331 0.828137
vn 0.243004 -0.315405 0.917316
vn 0.769819 -0.294007 0.566514
vn 0.652767 -0.39098 0.648868
vn 0.824216 0.167903 0.540811
vn 0.981131 0.079803 -0.176106
vn 0.395794 -0.300196 0.867888
vn 0.514123 -0.22331 0.828137
vn 0.652767 -0.39098 0.648868
vn 0.694329 -0.621626 0.362615
vn 0.395794 -0.300196 0.867888
vn 0.652767 -0.39098 0.648868
vn 0.981131 0.079803 -0.176106
vn 0.694329 -0.621626 0.362615
vn 0.652767 -0.39098 0.648868
vn 0.90872 0.412909 -0.061101
vn 0.824216 0.167903 0.540811
vn 0.780134 -0.360616 0.511222
vn 0.965671 -0.194494 -0.172195
vn 0.965671 -0.194494 -0.172195
vn 0.90872 0.412909 -0.061101
vn -0.851117 0.091102 0.517011
vn -0.471169 0.549763 0.689754
vn -0.734514 0.051801 0.676613
vn -0.991865 0.116896 0.050398
vn -0.734514 0.051801 0.676613
vn -0.75442 -0.040901 0.655117
vn -0.669519 -0.082302 0.738221
vn -0.669519 -0.082302 0.738221
vn -0.75442 -0.040901 0.655117
vn -0.727209 0.409205 0.551107
vn -0.914055 -0.0094 0.40548
vn -0.750742 -0.018501 0.660337
vn -0.677484 0.40319 0.615185
vn -0.750742 -0.018501 0.660337
vn -0.669519 -0.082302 0.738221
vn -0.639097 0.405098 0.653797
vn -0.639097 0.405098 0.653797
vn -0.130805 0.366613 0.921133
vn -0.734514 0.051801 0.676613
vn -0.471169 0.549763 0.689754
vn 0.230607 0.347111 0.909029
vn -0.337204 0.332103 0.880909
vn -0.390301 -0.1499 0.908402
vn -0.727209 0.409205 0.551107
vn -0.130805 0.366613 0.921133
vn -0.914055 -0.0094 0.40548
vn 0.012801 0.109105 0.993948
vn -0.32259 -0.065498 0.94427
vn 0.012801 0.109105 0.993948
vn -0.390301 -0.1499 0.908402
vn -0.130805 0.366613 0.921133
vn 0.024599 0.196191 0.980257
vn -0.114096 0.212093 0.970566
vn -0.114096 0.212093 0.970566
vn 0.024599 0.196191 0.980257
vn 0.012801 0.109105 0.993948
vn -0.914055 -0.0094 0.40548
vn -0.993002 0.0084 0.1178
vn -0.982516 -0.180903 0.044001
vn -0.993002 0.0084 0.1178
vn -0.982516 -0.180903 0.044001
vn -0.850265 -0.23759 -0.469681
vn -0.60701 0.550009 -0.57361
vn -0.853387 0.508093 0.116498
vn -0.993002 0.0084 0.1178
vn -0.60701 0.550009 -0.57361
vn -0.958687 0.284196 -0.0123
vn -0.750742 -0.018501 0.660337
vn -0.677484 0.40319 0.615185
vn -0.614724 0.555822 0.559622
vn -0.793381 0.607986 0.029999
vn -0.777299 -0.0063 -0.629099
vn -0.662314 0.525011 0.534512
vn -0.614724 0.555822 0.559622
vn -0.562307 0.638807 0.525106
vn -0.727209 0.409205 0.551107
vn 0.024599 0.196191 0.980257
vn 0.341393 0.386492 0.856782
vn 0.341393 0.386492 0.856782
vn -0.032299 0.383989 0.922773
vn -0.727209 0.409205 0.551107
vn -0.562307 0.638807 0.525106
vn -0.662314 0.525011 0.534512
vn 0.243004 -0.315405 0.917316
vn -0.32259 -0.065498 0.94427
vn -0.431006 -0.205603 0.878613
vn -0.535696 0.178199 0.825394
vn -0.535696 0.178199 0.825394
vn -0.431006 -0.205603 0.878613
vn 0.398686 0.045298 0.915968
vn -0.114096 0.212093 0.970566
vn -0.32259 -0.065498 0.94427
vn -0.535696 0.178199 0.825394
vn -0.607929 0.458922 0.64793
vn -0.607929 0.458922 0.64793
vn -0.337204 0.332103 0.880909
vn 0.243004 -0.315405 0.917316
vn 0.134305 -0.430517 0.892534
vn 0.134305 -0.430517 0.892534
vn -0.130805 0.366613 0.921133
vn 0.134305 -0.430517 0.892534
vn 0.243004 -0.315405 0.917316
vn 0.341002 -0.300302 0.890806
vn 0.134305 -0.430517 0.892534
vn 0.341002 -0.300302 0.890806
vn 0.398686 0.045298 0.915968
vn 0.243004 -0.315405 0.917316
vn 0.514123 -0.22331 0.828137
vn 0.341002 -0.300302 0.890806
vn 0.341002 -0.300302 0.890806
vn -0.531923 0.406518 0.742833
vn 0.341393 0.386492 0.856782
vn -0.114096 0.212093 0.970566
vn -0.607929 0.458922 0.64793
vn -0.531923 0.406518 0.742833
vn -0.506709 0.248205 0.825615
vn -0.506709 0.248205 0.825615
vn -0.032299 0.383989 0.922773
vn 0.341393 0.386492 0.856782
vn 0.055701 0.223904 0.973018
vn 0.055701 0.223904 0.973018
vn -0.348014 0.24711 0.904336
vn -0.032299 0.383989 0.922773
vn -0.032299 0.383989 0.922773
vn -0.348014 0.24711 0.904336
vn -0.562307 0.638807 0.525106
vn -0.531923 0.406518 0.742833
vn -0.531923 0.406518 0.742833
vn -0.506709 0.248205 0.825615
vn 0.055701 0.223904 0.973018
vn -0.348014 0.24711 0.904336
vn 0.253198 0.497995 0.829392
vn -0.849774 0.294091 0.437487
vn -0.662314 0.525011 0.534512
vn -0.562307 0.638807 0.525106
vn -0.493702 -0.0943 0.864503
vn -0.849774 0.294091 0.437487
vn -0.562307 0.638807 0.525106
vn 0.253198 0.497995 0.829392
vn -0.849774 0.294091 0.437487
vn -0.614724 0.555822 0.559622
vn -0.849774 0.294091 0.437487
vn -0.793381 0.607986 0.029999
vn -0.913362 -0.124695 0.387584
vn -0.849774 0.294091 0.437487
vn -0.49467 -0.393776 0.774753
vn -0.869797 0.203699 -0.449399
vn -0.849774 0.294091 0.437487
vn -0.913362 -0.124695 0.387584
vn -0.393094 0.395094 0.830288
vn -0.77641 0.487506 0.399405
vn -0.77641 0.487506 0.399405
vn -0.940795 -0.101899 -0.323298
vn -0.493702 -0.0943 0.864503
vn -0.49467 -0.393776 0.774753
vn -0.849774 0.294091 0.437487
vn -0.869797 0.203699 -0.449399
vn 0.662992 -0.053799 0.746691
vn 0.341002 -0.300302 0.890806
vn 0.395794 -0.300196 0.867888
vn 0.662992 -0.053799 0.746691
vn 0.54431 -0.033501 0.838215
vn 0.54431 -0.033501 0.838215
vn 0.84531 0.213403 0.489806
vn 0.84531 0.213403 0.489806
vn 0.84531 0.213403 0.489806
vn 0.981957 -0.183892 -0.044098
vn 0.84531 0.213403 0.489806
vn 0.75579 -0.641392 -0.131898
vn 0.75579 -0.641392 -0.131898
vn 0.84531 0.213403 0.489806
vn -0.488391 -0.655787 0.575689
vn -0.393094 0.395094 0.830288
vn -0.49467 -0.393776 0.774753
vn -0.488391 -0.655787 0.575689
vn -0.0263 0.3656 0.9304
vn -0.361104 0.339804 0.86841
vn -0.393094 0.395094 0.830288
vn -0.455991 0.420492 0.784384
vn -0.393094 0.395094 0.830288
vn -0.488391 -0.655787 0.575689
vn -0.0169 0.246898 0.968894
vn -0.0169 0.246898 0.968894
vn -0.809808 0.446404 0.380704
vn -0.77641 0.487506 0.399405
vn -0.393094 0.395094 0.830288
vn -0.455991 0.420492 0.784384
vn -0.581 -0.4951 0.646
vn -0.361104 0.339804 0.86841
vn -0.0263 0.3656 0.9304
vn -0.640498 -0.0201 0.767697
vn -0.361104 0.339804 0.86841
vn -0.581 -0.4951 0.646
vn 0.048697 -0.565869 0.823055
vn 0.048697 -0.565869 0.823055
vn 0.174599 -0.0096 0.984593
vn -0.570689 -0.261295 0.778485
vn -0.501907 -0.568308 0.652009
vn -0.361104 0.339804 0.86841
vn -0.455991 0.420492 0.784384
vn -0.361104 0.339804 0.86841
vn -0.640498 -0.0201 0.767697
vn -0.570689 -0.261295 0.778485
vn 0.284094 -0.601087 0.746984
vn 0.284094 -0.601087 0.746984
vn 0 -0.713528 0.700627
vn 0.636076 -0.743372 0.206892
vn 0 -0.713528 0.700627
vn 0.495592 -0.663589 0.560391
vn -0.0169 0.246898 0.968894
vn 0 -0.713528 0.700627
vn 0 -0.991035 0.133605
vn -0.649893 -0.734292 0.196098
vn -0.649893 -0.734292 0.196098
vn 0.38919 0.496687 0.775779
vn -0.0263 0.3656 0.9304
vn -0.0169 0.246898 0.968894
vn 0.38919 0.496687 0.775779
vn 0.048697 -0.565869 0.823055
vn -0.0263 0.3656 0.9304
vn 0 -0.211304 0.97742
vn 0.174599 -0.0096 0.984593
vn -0.0742 -0.525902 0.847303
vn 0 -0.211304 0.97742
vn -0.0263 0.3656 0.9304
vn 0.509923 0.031601 0.859639
vn -0.0742 -0.525902 0.847303
vn -0.0263 0.3656 0.9304
vn 0.509923 0.031601 0.859639
vn 0 -0.20409 0.978952
vn -0.171794 -0.0115 0.985066
vn 0 -0.20409 0.978952
vn 0.981957 -0.183892 -0.044098
vn 0.284094 -0.601087 0.746984
vn 0.84531 0.213403 0.489806
vn 0.636076 -0.743372 0.206892
vn -0.604796 0.540696 0.584696
vn -0.604796 0.540696 0.584696
vn -0.825028 0.245208 0.509118
vn -0.884434 0.466618 0.0066
vn -0.884434 0.466618 0.0066
vn -0.604796 0.540696 0.584696
vn -0.984897 0.0531 0.164799
vn -0.984897 0.0531 0.164799
vn -0.288997 0.518295 0.804892
vn -0.78839 0.245897 0.563893
vn -0.288997 0.518295 0.804892
vn -0.792485 0.593489 0.140497
vn -0.984589 0.119599 0.127599
vn -0.984589 0.119599 0.127599
vn -0.193191 0.261188 0.945758
vn 0.441592 0.283395 0.851284
vn 0.033301 0.053102 0.998034
vn -0.193191 0.261188 0.945758
vn -0.193191 0.261188 0.945758
vn 0.033301 0.053102 0.998034
vn -0.288997 0.518295 0.804892
vn 0.051001 -0.259007 0.964528
vn 0.051001 -0.259007 0.964528
vn -0.326302 -0.604505 0.726706
vn 0.586498 -0.788797 -0.183899
vn 0.149407 0.662031 0.734434
vn -0.887743 -0.122206 -0.443822
vn 0.586498 -0.788797 -0.183899
vn -0.326302 -0.604505 0.726706
vn -0.326302 -0.604505 0.726706
vn 0.149407 0.662031 0.734434
vn -0.887743 -0.122206 -0.443822
vn 0.660472 0.441581 0.607274
vn 0.133101 0.676507 0.724308
vn 0.133101 0.676507 0.724308
vn -0.345716 0.772936 0.532025
vn -0.181195 -0.202495 -0.962374
vn -0.23789 -0.700272 0.673073
vn -0.952823 -0.085602 -0.291207
vn -0.952823 -0.085602 -0.291207
vn -0.23789 -0.700272 0.673073
vn 0.251908 0.779425 0.573619
vn 0.251908 0.779425 0.573619
vn -0.181195 -0.202495 -0.962374
vn -0.952823 -0.085602 -0.291207
vn 0.277216 -0.936852 -0.213212
vn 0.149407 0.662031 0.734434
vn 0.586498 -0.788797 -0.183899
vn 0.277216 -0.936852 -0.213212
vn -0.423009 0.806117 0.413809
vn 0.277216 -0.936852 -0.213212
vn -0.423009 0.806117 0.413809
vn 0.149407 0.662031 0.734434
vn -0.887743 -0.122206 -0.443822
vn -0.423009 0.806117 0.413809
vn 0.277216 -0.936852 -0.213212
vn -0.423009 0.806117 0.413809
vn 0.277216 -0.936852 -0.213212
vn 0.852701 -0.507001 0.1259
vn -0.742683 -0.238095 -0.625886
vn 0.277216 -0.936852 -0.213212
vn -0.423009 0.806117 0.413809
vn -0.423009 0.806117 0.413809
vn 0.852701 -0.507001 0.1259
vn 0.049801 0.939428 0.33911
vn 0.049801 0.939428 0.33911
vn -0.742683 -0.238095 -0.625886
vn 0.852701 -0.507001 0.1259
vn 0.277216 -0.936852 -0.213212
vn 0.396303 0.327803 -0.857607
vn 0.396303 0.327803 -0.857607
vn 0.049801 0.939428 0.33911
vn 0.852701 -0.507001 0.1259
vn -0.658018 -0.050301 0.75132
vn -0.483502 0.861203 0.156701
vn 0.133101 0.676507 0.724308
vn 0.133101 0.676507 0.724308
vn -0.483502 0.861203 0.156701
vn -0.219005 0.657616 0.720818
vn 0.133101 0.676507 0.724308
vn 0.660472 0.441581 0.607274
vn 0.412895 0.215198 0.88499
vn 0.412895 0.215198 0.88499
vn -0.658018 -0.050301 0.75132
vn 0.133101 0.676507 0.724308
vn -0.345716 0.772936 0.532025
vn -0.742683 -0.238095 -0.625886
vn 0.049801 0.939428 0.33911
vn 0.396303 0.327803 -0.857607
vn -0.745791 0.234897 0.623393
vn -0.745791 0.234897 0.623393
vn -0.219005 0.657616 0.720818
vn -0.483502 0.861203 0.156701
vn -0.525889 -0.820282 -0.224895
vn 0.445505 -0.145902 0.883311
vn -0.924787 0.256096 0.281396
vn -0.924787 0.256096 0.281396
vn 0.445505 -0.145902 0.883311
vn -0.098403 0.991926 -0.080002
vn -0.098403 0.991926 -0.080002
vn -0.525889 -0.820282 -0.224895
vn -0.924787 0.256096 0.281396
vn 0.445505 -0.145902 0.883311
vn -0.525889 -0.820282 -0.224895
vn 0.364904 -0.341104 -0.86631
vn 0.770978 0.177995 -0.611482
vn 0.770978 0.177995 -0.611482
vn -0.525889 -0.820282 -0.224895
vn -0.098403 0.991926 -0.080002
vn 0.364904 -0.341104 -0.86631
vn 0.770978 0.177995 -0.611482
vn 0.364904 -0.341104 -0.86631
vn -0.098403 0.991926 -0.080002
vn 0.364904 -0.341104 -0.86631
vn 0.770978 0.177995 -0.611482
vn 0.108599 0.823993 0.556095
vn -0.795346 -0.027402 0.605535
vn 0.108599 0.823993 0.556095
vn -0.925769 0.078797 -0.369788
vn 0.349515 0.793734 0.497821
vn 0.251908 0.779425 0.573619
vn -0.23789 -0.700272 0.673073
vn 0.349515 0.793734 0.497821
vn 0.349515 0.793734 0.497821
vn -0.925769 0.078797 -0.369788
vn -0.795346 -0.027402 0.605535
vn 0.108599 0.823993 0.556095
vn 0.770978 0.177995 -0.611482
vn 0.349515 0.793734 0.497821
vn -0.925769 0.078797 -0.369788
vn 0.262202 -0.733905 0.626605
vn 0.966267 0.109096 -0.233292
vn 0.349515 0.793734 0.497821
vn 0.262202 -0.733905 0.626605
vn 0.966267 0.109096 -0.233292
vn -0.553225 -0.703632 0.44592
vn -0.137803 0.459509 0.877418
vn -0.630106 -0.152901 -0.761307
vn 0.812426 -0.581818 0.038101
vn -0.137803 0.459509 0.877418
vn -0.553225 -0.703632 0.44592
vn -0.553225 -0.703632 0.44592
vn -0.630106 -0.152901 -0.761307
vn 0.812426 -0.581818 0.038101
vn 0.61218 -0.210893 0.762076
vn 0.61218 -0.210893 0.762076
vn 0.407694 0.206397 0.889486
vn 0.660472 0.441581 0.607274
vn 0.543495 0.511596 0.665494
vn 0.346194 0.534391 0.771087
vn 0.543495 0.511596 0.665494
vn 0.412895 0.215198 0.88499
vn 0.412895 0.215198 0.88499
vn 0.862956 0.344982 0.369181
vn 0.872621 -0.160104 0.461411
vn 0.412895 0.215198 0.88499
vn 0.346194 0.534391 0.771087
vn 0.862956 0.344982 0.369181
vn -0.658018 -0.050301 0.75132
vn -0.695943 0.035002 0.717244
vn -0.764196 0.315598 0.562497
vn 0.412895 0.215198 0.88499
vn 0.138394 -0.115995 0.983561
vn 0.197602 0.0389 0.97951
vn -0.183205 -0.505214 0.843324
vn 0.222508 -0.512219 0.829531
vn 0.160201 -0.593402 0.788803
vn 0.138394 -0.115995 0.983561
vn -0.183205 -0.505214 0.843324
vn 0.172803 -0.640911 0.747912
vn -0.187996 -0.260194 0.947078
vn -0.183205 -0.505214 0.843324
vn -0.187996 -0.260194 0.947078
vn 0.222508 -0.512219 0.829531
vn 0.412895 0.215198 0.88499
vn 0.160201 -0.593402 0.788803
vn -0.183205 -0.505214 0.843324
vn -0.454505 -0.095501 0.88561
vn 0.024 -0.318895 0.947486
vn -0.454505 -0.095501 0.88561
vn 0.138394 -0.115995 0.983561
vn 0.024 -0.318895 0.947486
vn 0.33148 -0.439674 0.83475
vn -0.187996 -0.260194 0.947078
vn 0.33148 -0.439674 0.83475
vn -0.276496 -0.0319 0.960486
vn -0.700614 -0.346407 0.623812
vn -0.276496 -0.0319 0.960486
vn 0.172803 -0.640911 0.747912
vn 0.222508 -0.512219 0.829531
vn 0.024 -0.318895 0.947486
vn 0.172803 -0.640911 0.747912
vn 0.024 -0.318895 0.947486
vn 0.237188 -0.418379 0.876756
vn 0.237188 -0.418379 0.876756
vn -0.454505 -0.095501 0.88561
vn 0.462626 -0.686538 0.560931
vn 0.462626 -0.686538 0.560931
vn -0.510519 -0.855132 0.090103
vn 0.788011 0.149202 0.597308
vn -0.957656 -0.050298 0.283487
vn 0.508084 -0.455386 -0.731077
vn 0.788011 0.149202 0.597308
vn -0.510519 -0.855132 0.090103
vn -0.510519 -0.855132 0.090103
vn -0.957656 -0.050298 0.283487
vn 0.508084 -0.455386 -0.731077
vn -0.246092 0.95757 -0.149995
vn -0.957656 -0.050298 0.283487
vn 0.788011 0.149202 0.597308
vn 0.788011 0.149202 0.597308
vn 0.508084 -0.455386 -0.731077
vn -0.256799 0.265799 -0.929196
vn -0.246092 0.95757 -0.149995
vn -0.256799 0.265799 -0.929196
vn 0.508084 -0.455386 -0.731077
vn -0.957656 -0.050298 0.283487
vn -0.246092 0.95757 -0.149995
vn 0.138296 0.124996 0.982471
vn 0.124202 -0.933815 0.335505
vn 0.124202 -0.933815 0.335505
vn 0.138296 0.124996 0.982471
vn 0.598405 -0.295002 0.744906
vn 0.33148 -0.439674 0.83475
vn 0.598405 -0.295002 0.744906
vn 0.920379 -0.346092 0.181996
vn 0.435606 -0.342305 0.832511
vn 0.920379 -0.346092 0.181996
vn 0.435606 -0.342305 0.832511
vn 0.33148 -0.439674 0.83475
vn 0.920379 -0.346092 0.181996
vn 0.750476 -0.660179 0.030799
vn 0.872621 -0.160104 0.461411
vn 0.872621 -0.160104 0.461411
vn -0.797996 0.0341 0.601697
vn -0.705022 -0.64992 0.283809
vn -0.121694 -0.786662 0.605271
vn -0.950172 0.301991 0.077298
vn -0.705022 -0.64992 0.283809
vn -0.797996 0.0341 0.601697
vn -0.309796 -0.074399 0.947888
vn -0.662007 0.337703 0.669107
vn -0.797996 0.0341 0.601697
vn -0.662007 0.337703 0.669107
vn -0.859611 0.474906 0.188502
vn -0.950172 0.301991 0.077298
vn -0.705022 -0.64992 0.283809
vn -0.700614 -0.346407 0.623812
vn -0.121694 -0.786662 0.605271
vn -0.960263 -0.178093 -0.214892
vn -0.828071 -0.506182 -0.240992
vn -0.828071 -0.506182 -0.240992
vn -0.760475 0.182894 0.623079
vn -0.904294 0.172299 0.390597
vn -0.764196 0.315598 0.562497
vn -0.695943 0.035002 0.717244
vn -0.904294 0.172299 0.390597
vn 0.049599 -0.554087 0.83098
vn 0.049599 -0.554087 0.83098
vn -0.783662 0.41438 0.462778
vn -0.960263 -0.178093 -0.214892
vn -0.783662 0.41438 0.462778
vn -0.700614 -0.346407 0.623812
vn 0.049599 -0.554087 0.83098
vn -0.309796 -0.074399 0.947888
vn -0.121694 -0.786662 0.605271
vn 0.082797 0.086997 0.992762
vn -0.300204 0.335804 0.892812
vn -0.662007 0.337703 0.669107
vn -0.309796 -0.074399 0.947888
vn 0.082797 0.086997 0.992762
vn -0.300204 0.335804 0.892812
vn -0.309796 -0.074399 0.947888
vn 0.049599 -0.554087 0.83098
vn -0.143693 -0.406779 0.902155
vn 0.502499 -0.568599 0.651299
vn -0.143693 -0.406779 0.902155
vn 0.049599 -0.554087 0.83098
vn 0.502499 -0.568599 0.651299
vn -0.300204 0.335804 0.892812
vn -0.662026 0.326913 0.674426
vn -0.662007 0.337703 0.669107
vn -0.662007 0.337703 0.669107
vn -0.662026 0.326913 0.674426
vn -0.848104 0.475502 0.233701
vn -0.859611 0.474906 0.188502
vn -0.258304 0.244104 0.934715
vn -0.662026 0.326913 0.674426
vn -0.258304 0.244104 0.934715
vn -0.536908 0.471907 0.69931
vn -0.772501 0.5699 0.2801
vn -0.848104 0.475502 0.233701
vn -0.393101 0.480102 0.784203
vn -0.634813 0.683514 0.360307
vn -0.949736 0.220208 0.222508
vn -0.949736 0.220208 0.222508
vn -0.634813 0.683514 0.360307
vn -0.60067 0.790861 -0.117194
vn -0.567821 0.159606 0.80753
vn -0.772501 0.5699 0.2801
vn -0.682226 0.614024 -0.396915
vn -0.772501 0.5699 0.2801
vn -0.949736 0.220208 0.222508
vn -0.60067 0.790861 -0.117194
vn -0.393101 0.480102 0.784203
vn 0.0031 0.929339 0.369215
vn 0.133695 0.036099 0.990365
vn -0.258304 0.244104 0.934715
vn -0.270702 0.525304 0.806707
vn 0.538509 0.474508 0.696312
vn 0.538509 0.474508 0.696312
vn -0.536908 0.471907 0.69931
vn -0.270702 0.525304 0.806707
vn 0.330492 0.534487 0.777881
vn -0.567821 0.159606 0.80753
vn -0.270702 0.525304 0.806707
vn 0.538509 0.474508 0.696312
vn -0.393101 0.480102 0.784203
vn 0.070801 0.613113 0.786816
vn 0.070801 0.613113 0.786816
vn -0.97608 -0.042099 -0.213296
vn 0.793204 0.475602 -0.380302
vn -0.100398 0.447792 -0.888483
vn -0.582778 0.755272 -0.299889
vn -0.59478 -0.59298 0.542782
vn 0.046197 0.612066 0.789456
vn 0.046197 0.612066 0.789456
vn -0.59478 -0.59298 0.542782
vn 0.969902 -0.2039 0.1331
vn 0.969902 -0.2039 0.1331
vn -0.582778 0.755272 -0.299889
vn 0.046197 0.612066 0.789456
vn -0.582778 0.755272 -0.299889
vn 0.690117 0.563813 -0.453711
vn -0.955594 0.291398 0.0439
vn -0.955594 0.291398 0.0439
vn 0.690117 0.563813 -0.453711
vn -0.955594 0.291398 0.0439
vn 0.690117 0.563813 -0.453711
vn -0.649696 -0.604997 -0.460297
vn 0.478088 -0.876978 -0.048399
vn 0.690117 0.563813 -0.453711
vn -0.955594 0.291398 0.0439
vn -0.955594 0.291398 0.0439
vn -0.955594 0.291398 0.0439
vn -0.649696 -0.604997 -0.460297
vn 0.478088 -0.876978 -0.048399
vn 0.690117 0.563813 -0.453711
vn 0.478088 -0.876978 -0.048399
vn -0.649696 -0.604997 -0.460297
vn 0.690117 0.563813 -0.453711
vn -0.478598 -0.472598 0.739997
vn 0.726195 -0.285298 0.625496
vn 0.793204 0.475602 -0.380302
vn -0.478598 -0.472598 0.739997
vn -0.912888 -0.365095 -0.182598
vn -0.912888 -0.365095 -0.182598
vn -0.912888 -0.365095 -0.182598
vn -0.090301 -0.683007 -0.724808
vn 0.349997 -0.879193 0.323297
vn -0.832943 0.394073 0.388474
vn -0.832943 0.394073 0.388474
vn 0.349997 -0.879193 0.323297
vn 0.897337 0.139506 -0.418717
vn 0.897337 0.139506 -0.418717
vn 0.495222 -0.328815 0.804136
vn -0.090301 -0.683007 -0.724808
vn 0.215602 0.739406 -0.637805
vn 0.495222 -0.328815 0.804136
vn 0.495222 -0.328815 0.804136
vn -0.947829 -0.282809 -0.147104
vn -0.090301 -0.683007 -0.724808
vn -0.090301 -0.683007 -0.724808
vn -0.947829 -0.282809 -0.147104
vn 0.215602 0.739406 -0.637805
vn -0.947829 -0.282809 -0.147104
vn 0.495222 -0.328815 0.804136
vn -0.362785 0.457981 0.811567
vn -0.362785 0.457981 0.811567
vn 0.215602 0.739406 -0.637805
vn -0.947829 -0.282809 -0.147104
vn -0.362785 0.457981 0.811567
vn -0.691481 -0.167195 0.70278
vn -0.474294 -0.479093 0.73859
vn -0.31288 -0.300081 0.901142
vn -0.31288 -0.300081 0.901142
vn -0.474294 -0.479093 0.73859
vn 0.151597 -0.265994 0.95198
vn 0.274402 0.199902 0.940608
vn -0.691481 -0.167195 0.70278
vn -0.31288 -0.300081 0.901142
vn 0.151597 -0.265994 0.95198
vn -0.847817 -0.48381 0.217104
vn -0.764718 -0.41621 0.491911
vn -0.474294 -0.479093 0.73859
vn -0.335994 -0.745986 0.574989
vn -0.474294 -0.479093 0.73859
vn -0.691481 -0.167195 0.70278
vn -0.847817 -0.48381 0.217104
vn -0.474294 -0.479093 0.73859
vn -0.161597 -0.482991 0.860585
vn 0.040099 -0.223897 0.973788
vn -0.161597 -0.482991 0.860585
vn 0.040099 -0.223897 0.973788
vn -0.764718 -0.41621 0.491911
vn -0.812227 -0.545718 0.206107
vn -0.335994 -0.745986 0.574989
vn -0.925398 -0.360999 0.1154
vn -0.812227 -0.545718 0.206107
vn -0.764718 -0.41621 0.491911
vn -0.847817 -0.48381 0.217104
vn -0.0175 -0.891493 0.452696
vn -0.081402 -0.930624 -0.356809
vn -0.844409 0.494506 -0.206002
vn -0.820472 0.474484 -0.318889
vn -0.820472 0.474484 -0.318889
vn -0.840332 -0.504219 0.199008
vn -0.809808 0.446404 0.380704
vn -0.809808 0.446404 0.380704
vn -0.840332 -0.504219 0.199008
vn -0.844409 0.494506 -0.206002
vn -0.501907 -0.568308 0.652009
vn -0.840332 -0.504219 0.199008
vn -0.840332 -0.504219 0.199008
vn -0.823286 -0.56739 -0.0164
vn -0.895415 -0.437408 -0.083101
vn -0.840332 -0.504219 0.199008
vn -0.823286 -0.56739 -0.0164
vn -0.895415 -0.437408 -0.083101
vn -0.691481 -0.167195 0.70278
vn -0.143693 -0.406779 0.902155
vn 0.064299 0.549993 0.83269
vn -0.143693 -0.406779 0.902155
vn -0.691481 -0.167195 0.70278
vn -0.24649 0.480981 0.841368
vn -0.151903 0.323606 0.933919
vn 0.064299 0.549993 0.83269
vn -0.691481 -0.167195 0.70278
vn -0.1118 0.729299 0.674999
vn -0.151903 0.323606 0.933919
vn 0.1227 0.552699 0.824299
vn -0.0924 0.519599 0.849399
vn 0.089597 0.429384 0.898667
vn 0.502499 -0.568599 0.651299
vn -0.0175 -0.891493 0.452696
vn -0.143693 -0.406779 0.902155
vn -0.081402 -0.930624 -0.356809
vn -0.0175 -0.891493 0.452696
vn 0.920379 -0.346092 0.181996
vn 0.750476 -0.660179 0.030799
vn 0.805406 -0.502904 -0.313702
vn 0.0034 -0.468877 0.883257
vn -0.0056 -0.519406 0.854509
vn 0.0034 -0.468877 0.883257
vn -0.161597 -0.482991 0.860585
vn -0.161597 -0.482991 0.860585
vn -0.335994 -0.745986 0.574989
vn -0.201394 -0.631482 0.748779
vn -0.201394 -0.631482 0.748779
vn -0.0448 -0.208998 0.976889
vn 0.305593 -0.564088 0.767084
vn 0.305593 -0.564088 0.767084
vn 0.151597 -0.265994 0.95198
vn 0.040099 -0.223897 0.973788
vn -0.0233 -0.155802 0.987513
vn -0.0233 -0.155802 0.987513
vn -0.0233 -0.155802 0.987513
vn 0 0.153898 0.988087
vn -0.273411 0.202508 0.940339
vn 0 0.153898 0.988087
vn -0.0233 -0.155802 0.987513
vn -0.0448 -0.208998 0.976889
vn -0.175307 -0.260811 0.949339
vn 0.337801 0.540001 0.770902
vn -0.146698 0.729291 0.668292
vn 0.003 0.213201 0.977004
vn -0.332211 0.544417 0.770225
vn 0.003 0.213201 0.977004
vn -0.501907 -0.568308 0.652009
vn -0.201394 -0.631482 0.748779
vn -0.395106 -0.308705 0.865213
vn -0.593787 -0.487289 0.640286
vn -0.570689 -0.261295 0.778485
vn 0.2169 -0.4591 0.8615
vn -0.593787 -0.487289 0.640286
vn -0.395106 -0.308705 0.865213
vn -0.570689 -0.261295 0.778485
vn -0.395106 -0.308705 0.865213
vn -0.395106 -0.308705 0.865213
vn 0.174599 -0.0096 0.984593
vn -0.015499 -0.247092 0.968868
vn -0.015499 -0.247092 0.968868
vn 0.2169 -0.4591 0.8615
vn -0.395106 -0.308705 0.865213
vn -0.201394 -0.631482 0.748779
vn -0.570689 -0.261295 0.778485
vn -0.593787 -0.487289 0.640286
vn -0.496505 0.0067 0.868008
vn -0.201394 -0.631482 0.748779
vn -0.201394 -0.631482 0.748779
vn -0.496505 0.0067 0.868008
vn -0.0056 -0.519406 0.854509
vn 0.051898 0.193294 0.979767
vn -0.496505 0.0067 0.868008
vn 0.051898 0.193294 0.979767
vn -0.0056 -0.519406 0.854509
vn 0 -0.2755 0.961301
vn 0 -0.2755 0.961301
vn 0 -0.2755 0.961301
vn 0.2169 -0.4591 0.8615
vn -0.015499 -0.247092 0.968868
vn 0 -0.2755 0.961301
vn 0 -0.320994 0.947081
vn -0.0056 -0.519406 0.854509
vn 0.051898 0.193294 0.979767
vn 0 -0.320994 0.947081
vn 0 -0.2755 0.961301
vn -0.214807 -0.458715 0.862229
vn -0.0056 -0.519406 0.854509
vn 0 -0.2755 0.961301
vn -0.171794 -0.0115 0.985066
vn 0.015499 -0.247092 0.968868
vn 0.015499 -0.247092 0.968868
vn -0.214807 -0.458715 0.862229
vn 0 -0.2755 0.961301
vn 0.177895 -0.113597 0.977471
vn -0.131296 0.143696 0.980873
vn -0.0056 -0.519406 0.854509
vn -0.131296 0.143696 0.980873
vn 0.177895 -0.113597 0.977471
vn 0.296708 0.738619 0.605315
vn 0.133695 0.036099 0.990365
vn 0.051198 0.366883 0.928857
vn 0.051198 0.366883 0.928857
vn -0.041601 0.90882 0.415109
vn 0.296708 0.738619 0.605315
vn 0.051198 0.366883 0.928857
vn -0.2328 0.794901 0.560301
vn -0.041601 0.90882 0.415109
vn 0.051198 0.366883 0.928857
vn 0.051198 0.366883 0.928857
vn 0.064299 0.549993 0.83269
vn 0.214601 0.658204 0.721605
vn 0.169503 0.51881 0.837917
vn -0.2328 0.794901 0.560301
vn 0.538509 0.474508 0.696312
vn 0.133695 0.036099 0.990365
vn 0.296708 0.738619 0.605315
vn 0.296708 0.738619 0.605315
vn 0.330492 0.534487 0.777881
vn 0.538509 0.474508 0.696312
vn 0.070801 0.613113 0.786816
vn -0.041601 0.90882 0.415109
vn 0.0031 0.929339 0.369215
vn -0.070601 0.996112 -0.052701
vn -0.598825 0.788333 0.141206
vn -0.161101 0.967703 -0.193901
vn 0.021499 0.987461 -0.156394
vn -0.161101 0.967703 -0.193901
vn -0.107898 0.721089 0.684389
vn 0.064299 0.549993 0.83269
vn -0.151903 0.323606 0.933919
vn -0.390587 0.493084 0.777374
vn 0.064299 0.549993 0.83269
vn -0.390587 0.493084 0.777374
vn -0.327087 0.779668 0.533978
vn 0.064299 0.549993 0.83269
vn -0.327087 0.779668 0.533978
vn -0.107898 0.721089 0.684389
vn 0.214601 0.658204 0.721605
vn -0.107898 0.721089 0.684389
vn -0.319295 0.363694 0.875087
vn -0.376102 0.348102 0.858704
vn 0.169503 0.51881 0.837917
vn -0.382299 0.486499 0.785599
vn -0.390587 0.493084 0.777374
vn -0.151903 0.323606 0.933919
vn -0.382299 0.486499 0.785599
vn -0.219997 -0.615892 0.756491
vn -0.854815 -0.504509 -0.121502
vn 0.805634 -0.553523 -0.211109
vn 0.299402 0.812806 0.499704
vn -0.854815 -0.504509 -0.121502
vn -0.219997 -0.615892 0.756491
vn -0.219997 -0.615892 0.756491
vn 0.805634 -0.553523 -0.211109
vn 0.299402 0.812806 0.499704
vn -0.915365 -0.350625 -0.197914
vn 0.805634 -0.553523 -0.211109
vn -0.854815 -0.504509 -0.121502
vn -0.975114 -0.181303 -0.127602
vn -0.915365 -0.350625 -0.197914
vn -0.975114 -0.181303 -0.127602
vn -0.915365 -0.350625 -0.197914
vn -0.382299 0.486499 0.785599
vn -0.327087 0.779668 0.533978
vn -0.390587 0.493084 0.777374
vn -0.327087 0.779668 0.533978
vn -0.1118 0.729299 0.674999
vn -0.952035 -0.302911 -0.043302
vn -0.0602 0.3569 0.932201
vn -0.107898 0.721089 0.684389
vn -0.1118 0.729299 0.674999
vn 0.1227 0.552699 0.824299
vn -0.0602 0.3569 0.932201
vn -0.0088 -0.711416 0.702716
vn 0.024901 0.683616 -0.729417
vn -0.274912 -0.161307 -0.947841
vn 0.26811 -0.952535 0.144205
vn 0.024901 0.683616 -0.729417
vn -0.0088 -0.711416 0.702716
vn -0.673896 0.496097 -0.547497
vn 0.766695 0.583996 0.266698
vn 0.26811 -0.952535 0.144205
vn -0.150702 -0.917209 0.368804
vn 0.766695 0.583996 0.266698
vn -0.150702 -0.917209 0.368804
vn -0.0088 -0.711416 0.702716
vn -0.274912 -0.161307 -0.947841
vn 0.024901 0.683616 -0.729417
vn -0.673896 0.496097 -0.547497
vn 0.766695 0.583996 0.266698
vn -0.030799 -0.733688 0.678789
vn -0.288108 0.559115 0.777421
vn -0.746383 -0.41909 -0.516988
vn 0.932612 -0.348504 -0.093701
vn -0.288108 0.559115 0.777421
vn -0.030799 -0.733688 0.678789
vn -0.030799 -0.733688 0.678789
vn -0.746383 -0.41909 -0.516988
vn 0.932612 -0.348504 -0.093701
vn -0.285189 0.935364 0.209192
vn -0.288108 0.559115 0.777421
vn 0.932612 -0.348504 -0.093701
vn 0.99492 -0.040401 -0.092202
vn -0.285189 0.935364 0.209192
vn 0.99492 -0.040401 -0.092202
vn -0.746383 -0.41909 -0.516988
vn -0.285189 0.935364 0.209192
vn 0.99492 -0.040401 -0.092202
vn -0.068202 0.36571 0.928226
vn 0.99492 -0.040401 -0.092202
vn -0.285189 0.935364 0.209192
vn -0.285189 0.935364 0.209192
vn 0.99492 -0.040401 -0.092202
vn 0.122604 0.287409 0.949929
vn -0.068202 0.36571 0.928226
vn 0.122604 0.287409 0.949929
vn -0.673896 0.496097 -0.547497
vn -0.150702 -0.917209 0.368804
vn -0.781816 0.147903 0.605713
vn -0.781816 0.147903 0.605713
vn 0.766695 0.583996 0.266698
vn -0.673896 0.496097 -0.547497
vn -0.781816 0.147903 0.605713
vn -0.647596 0.555197 0.521897
vn -0.376102 0.348102 0.858704
vn -0.319295 0.363694 0.875087
vn -0.694941 0.040202 0.717942
vn -0.319295 0.363694 0.875087
vn -0.0602 0.3569 0.932201
vn -0.525419 0.081503 0.846931
vn -0.209497 0.468093 0.858487
vn -0.209497 0.468093 0.858487
vn 0.330313 -0.338113 0.881234
vn -0.319295 0.363694 0.875087
vn -0.319295 0.363694 0.875087
vn 0.330313 -0.338113 0.881234
vn -0.694941 0.040202 0.717942
vn -0.068202 0.36571 0.928226
vn 0.122604 0.287409 0.949929
vn 0 0.316198 0.948693
vn -0.429714 0.769525 0.472416
vn -0.2328 0.794901 0.560301
vn -0.070601 0.996112 -0.052701
vn -0.429714 0.769525 0.472416
vn -0.527027 0.685135 0.502825
vn -0.469205 0.871809 0.140701
vn -0.531012 -0.835618 0.140603
vn 0.351405 -0.131002 0.927013
vn 0.351405 -0.131002 0.927013
vn -0.531012 -0.835618 0.140603
vn 0.997479 0.064499 -0.029599
vn 0.997479 0.064499 -0.029599
vn -0.469205 0.871809 0.140701
vn 0.351405 -0.131002 0.927013
vn 0.031201 -0.962016 0.271205
vn 0.031201 -0.962016 0.271205
vn 0.997479 0.064499 -0.029599
vn -0.531012 -0.835618 0.140603
vn 0.0203 0.901694 -0.431897
vn 0.0203 0.901694 -0.431897
vn 0.997479 0.064499 -0.029599
vn 0.031201 -0.962016 0.271205
vn 0.0203 0.901694 -0.431897
vn -0.867221 0.154304 -0.473411
vn -0.376102 0.348102 0.858704
vn -0.376102 0.348102 0.858704
vn 0.425014 0.073102 -0.90223
vn 0 0.447214 0.894427
vn -0.647596 0.555197 0.521897
vn -0.376102 0.348102 0.858704
vn -0.867221 0.154304 -0.473411
vn 0.0203 0.901694 -0.431897
vn 0.425014 0.073102 -0.90223
vn -0.547186 0.824479 0.144296
vn -0.114499 0.83859 0.532594
vn -0.910095 0.296898 0.289098
vn -0.910095 0.296898 0.289098
vn -0.61781 0.772312 -0.147802
vn -0.916863 -0.396084 0.049798
vn -0.697488 -0.686589 -0.205197
vn -0.818593 -0.529696 0.222098
vn -0.387296 -0.91859 -0.078699
vn -0.818593 -0.529696 0.222098
vn -0.776987 -0.065599 0.626089
vn -0.927666 -0.0042 0.373386
vn -0.80321 0.0103 0.595607
vn -0.776987 -0.065599 0.626089
vn -0.818593 -0.529696 0.222098
vn -0.916863 -0.396084 0.049798
vn -0.824899 -0.4806 0.2976
vn -0.824899 -0.4806 0.2976
vn -0.697488 -0.686589 -0.205197
vn -0.928013 -0.092801 0.360805
vn -0.474522 -0.682232 0.556226
vn -0.474522 -0.682232 0.556226
vn -0.863272 -0.378788 0.333589
vn -0.709934 0.076204 0.700133
vn -0.863272 -0.378788 0.333589
vn -0.747394 0.132199 0.651095
vn -0.99906 -0.043298 -0.0022
vn -0.96921 -0.243302 -0.0379
vn -0.988932 -0.049402 -0.139905
vn -0.668285 -0.185196 0.720484
vn -0.863272 -0.378788 0.333589
vn -0.668285 -0.185196 0.720484
vn -0.627917 -0.415611 0.658018
vn -0.90811 -0.314103 0.276903
vn -0.96921 -0.243302 -0.0379
vn -0.092797 -0.428284 0.898867
vn -0.516806 -0.215602 0.828509
vn -0.419909 -0.861819 0.284506
vn -0.419909 -0.861819 0.284506
vn -0.516806 -0.215602 0.828509
vn 0.030999 -0.997881 0.057199
vn 0.421293 -0.842986 0.334495
vn 0.030999 -0.997881 0.057199
vn -0.419909 -0.861819 0.284506
vn -0.419909 -0.861819 0.284506
vn -0.0244 -0.998199 -0.0548
vn 0.421293 -0.842986 0.334495
vn -0.77804 -0.051103 0.626132
vn -0.404308 -0.0194 0.914417
vn -0.776645 0.085894 0.624056
vn -0.046099 -0.126696 0.99087
vn -0.404308 -0.0194 0.914417
vn -0.516806 -0.215602 0.828509
vn -0.092797 -0.428284 0.898867
vn -0.035499 0.073398 0.996671
vn -0.457419 0.177107 0.871436
vn -0.046099 -0.126696 0.99087
vn 0.469817 -0.339113 0.81503
vn -0.092797 -0.428284 0.898867
vn 0.030999 -0.997881 0.057199
vn 0.421293 -0.842986 0.334495
vn 0.469817 -0.339113 0.81503
vn 0.338715 0.128006 0.932141
vn -0.756767 -0.080797 0.648672
vn -0.455194 0.131098 0.880688
vn -0.460576 0.133293 0.877555
vn -0.806069 0.135595 0.576078
vn -0.694317 0.195105 0.692717
vn -0.80321 0.0103 0.595607
vn -0.756767 -0.080797 0.648672
vn -0.694317 0.195105 0.692717
vn -0.747394 0.132199 0.651095
vn -0.80321 0.0103 0.595607
vn -0.457419 0.177107 0.871436
vn -0.455194 0.131098 0.880688
vn -0.806069 0.135595 0.576078
vn -0.019101 0.111004 0.993636
vn -0.455194 0.131098 0.880688
vn -0.457419 0.177107 0.871436
vn -0.776645 0.085894 0.624056
vn 0.011699 0.166593 0.985956
vn 0.011699 0.166593 0.985956
vn -0.019101 0.111004 0.993636
vn -0.741564 -0.40798 0.532574
vn 0 -0.058599 0.998282
vn -0.460576 0.133293 0.877555
vn 0 -0.058599 0.998282
vn 0.01 -0.538788 0.842382
vn -0.741564 -0.40798 0.532574
vn -0.776645 0.085894 0.624056
vn -0.806069 0.135595 0.576078
vn -0.80321 0.0103 0.595607
vn -0.694317 0.195105 0.692717
vn -0.741564 -0.40798 0.532574
vn -0.699366 0.156292 0.697466
vn -0.694317 0.195105 0.692717
vn -0.699366 0.156292 0.697466
vn -0.417303 -0.156401 0.895207
vn -0.694317 0.195105 0.692717
vn -0.417303 -0.156401 0.895207
vn -0.510403 -0.772205 0.378402
vn 0.0145 -0.224493 0.974368
vn -0.553505 -0.111801 0.825308
vn -0.553505 -0.111801 0.825308
vn 0.0145 -0.224493 0.974368
vn 0.0095 0.564078 0.825667
vn -0.896154 -0.374781 0.237588
vn -0.922693 0.242898 0.299398
vn -0.589596 0.460597 0.663496
vn -0.589596 0.460597 0.663496
vn 0 -0.891143 0.453722
vn 0.590264 -0.694758 0.410975
vn 0.0145 -0.224493 0.974368
vn 0 -0.891143 0.453722
vn 0 -0.891143 0.453722
vn -0.510403 -0.772205 0.378402
vn 0.01 -0.538788 0.842382
vn 0 -0.891143 0.453722
vn 0.01 -0.538788 0.842382
vn 0.590264 -0.694758 0.410975
vn 0.553109 -0.044601 0.831914
vn 0.553109 -0.044601 0.831914
vn 0.011699 0.166593 0.985956
vn -0.046099 -0.126696 0.99087
vn 0.454586 -0.069698 0.887972
vn 0.526593 0.290096 0.799089
vn -0.019101 0.111004 0.993636
vn 0.011699 0.166593 0.985956
vn 0.011699 0.166593 0.985956
vn 0.454586 -0.069698 0.887972
vn 0.526593 0.290096 0.799089
vn 0.454586 -0.069698 0.887972
vn 0 -0.058599 0.998282
vn -0.019101 0.111004 0.993636
vn 0.495985 0.120896 0.859874
vn 0.495985 0.120896 0.859874
vn 0.462097 0.239798 0.853794
vn -0.019101 0.111004 0.993636
vn 0.462097 0.239798 0.853794
vn 0.495985 0.120896 0.859874
vn -0.896154 -0.374781 0.237588
vn -0.741564 -0.40798 0.532574
vn -0.699366 0.156292 0.697466
vn -0.896154 -0.374781 0.237588
vn -0.922693 0.242898 0.299398
vn -0.699366 0.156292 0.697466
vn -0.649568 0.176791 0.739464
vn -0.589596 0.460597 0.663496
vn -0.80488 0.309092 0.506587
vn -0.649568 0.176791 0.739464
vn -0.176007 -0.061903 0.982441
vn -0.699366 0.156292 0.697466
vn -0.699366 0.156292 0.697466
vn -0.176007 -0.061903 0.982441
vn -0.417303 -0.156401 0.895207
vn 0.758908 -0.395804 0.517105
vn 0.758908 -0.395804 0.517105
vn -0.011999 -0.88566 0.464179
vn 0.394197 -0.915494 -0.080499
vn 0.394197 -0.915494 -0.080499
vn 0.421293 -0.842986 0.334495
vn -0.0244 -0.998199 -0.0548
vn -0.535994 0.142598 0.832091
vn -0.627917 -0.415611 0.658018
vn -0.668285 -0.185196 0.720484
vn -0.535994 0.142598 0.832091
vn -0.644226 -0.444618 0.622325
vn -0.664694 0.458996 0.589495
vn -0.93968 0.339493 0.041799
vn -0.198798 0.536593 0.82009
vn -0.664694 0.458996 0.589495
vn -0.644226 -0.444618 0.622325
vn -0.8585 -0.4511 0.2439
vn -0.644226 -0.444618 0.622325
vn -0.8585 -0.4511 0.2439
vn -0.180192 -0.943856 0.276887
vn -0.299686 -0.934355 0.192791
vn -0.404582 -0.370783 0.835962
vn -0.404582 -0.370783 0.835962
vn -0.749406 0.621505 -0.228302
vn -0.93968 0.339493 0.041799
vn -0.664694 0.458996 0.589495
vn -0.556716 0.620318 0.552516
vn -0.148604 0.614216 0.77502
vn -0.198798 0.536593 0.82009
vn -0.535994 0.142598 0.832091
vn -0.842092 0.371697 0.390796
vn -0.90811 -0.314103 0.276903
vn -0.90811 -0.314103 0.276903
vn -0.842092 0.371697 0.390796
vn -0.978635 -0.194207 -0.067502
vn -0.627917 -0.415611 0.658018
vn -0.654891 -0.246796 0.71429
vn -0.842092 0.371697 0.390796
vn -0.654891 -0.246796 0.71429
vn -0.903126 0.36801 0.221206
vn -0.900967 0.433484 0.018699
vn -0.900967 0.433484 0.018699
vn -0.389311 0.236507 0.890225
vn -0.654891 -0.246796 0.71429
vn -0.535994 0.142598 0.832091
vn -0.417303 -0.156401 0.895207
vn -0.654891 -0.246796 0.71429
vn -0.903126 0.36801 0.221206
vn -0.392998 -0.654597 0.645797
vn -0.387002 -0.199201 0.900305
vn -0.387002 -0.199201 0.900305
vn -0.903126 0.36801 0.221206
vn -0.903126 0.36801 0.221206
vn -0.6395 0.6087 0.4696
vn -0.749406 0.621505 -0.228302
vn -0.556716 0.620318 0.552516
vn -0.6395 0.6087 0.4696
vn -0.908821 0.41341 0.056001
vn -0.940033 0.248809 0.233308
vn -0.908821 0.41341 0.056001
vn -0.903126 0.36801 0.221206
vn -0.6395 0.6087 0.4696
vn -0.910095 0.296898 0.289098
vn -0.910095 0.296898 0.289098
vn -0.969193 0.245298 -0.0222
vn -0.910095 0.296898 0.289098
vn -0.940033 0.248809 0.233308
vn -0.6395 0.6087 0.4696
vn -0.721696 0.466397 0.511497
vn -0.721696 0.466397 0.511497
vn -0.707175 0.177194 0.684475
vn -0.940033 0.248809 0.233308
vn -0.707175 0.177194 0.684475
vn -0.601789 0.750586 0.272895
vn -0.283296 -0.790988 0.542292
vn -0.283296 -0.790988 0.542292
vn -0.392998 -0.654597 0.645797
vn -0.551096 -0.469696 0.689695
vn -0.387002 -0.199201 0.900305
vn -0.247386 -0.425375 0.870549
vn -0.423513 -0.598618 0.679921
vn -0.247386 -0.425375 0.870549
vn -0.551096 -0.469696 0.689695
vn -0.387002 -0.199201 0.900305
vn -0.42609 -0.355792 0.831781
vn -0.246606 -0.959124 0.138803
vn -0.218506 0.289108 0.932026
vn -0.144192 0.264486 0.953549
vn -0.404492 0.084998 0.910583
vn -0.36372 0.197411 0.91035
vn -0.404492 0.084998 0.910583
vn -0.491308 0.250404 0.834214
vn -0.514798 0.172899 0.839696
vn -0.514798 0.172899 0.839696
vn -0.199692 -0.171894 0.964663
vn -0.80488 0.309092 0.506587
vn -0.462213 -0.052301 0.885225
vn -0.642717 -0.053701 0.76422
vn -0.41949 -0.395691 0.81698
vn -0.148194 0.019699 0.988762
vn 0.532393 -0.825289 0.188297
vn -0.176693 0.981563 -0.072897
vn -0.642717 -0.053701 0.76422
vn -0.176693 0.981563 -0.072897
vn -0.084803 0.974636 0.207108
vn -0.809094 -0.160999 -0.565196
vn -0.497194 -0.79649 0.344096
vn -0.084803 0.974636 0.207108
vn 0.097399 -0.466596 0.879092
vn -0.372795 -0.902687 -0.214897
vn 0.161605 -0.422313 0.891928
vn -0.283296 -0.790988 0.542292
vn -0.247386 -0.425375 0.870549
vn -0.182893 -0.692274 0.698074
vn -0.064102 -0.640921 0.764925
vn 0.161605 -0.422313 0.891928
vn -0.162903 -0.849914 0.501108
vn -0.162903 -0.849914 0.501108
vn -0.176693 0.981563 -0.072897
vn -0.148194 0.019699 0.988762
vn 0.173197 0.412192 0.894483
vn 0.0265 0.998993 -0.0362
vn 0.097399 -0.466596 0.879092
vn 0.586521 0.047702 0.808528
vn 0.289507 -0.947622 -0.134903
vn 0.586521 0.047702 0.808528
vn 0.097399 -0.466596 0.879092
vn 0.097399 -0.466596 0.879092
vn -0.372795 -0.902687 -0.214897
vn -0.049002 -0.911032 -0.409414
vn 0.289507 -0.947622 -0.134903
vn -0.462213 -0.052301 0.885225
vn -0.462213 -0.052301 0.885225
vn -0.710576 -0.496483 0.498583
vn -0.462213 -0.052301 0.885225
vn -0.199692 -0.171894 0.964663
vn 0.043502 0.986543 -0.157607
vn -0.556716 0.620318 0.552516
vn -0.148604 0.614216 0.77502
vn -0.350015 0.747832 0.564124
vn -0.350015 0.747832 0.564124
vn -0.6395 0.6087 0.4696
vn -0.556716 0.620318 0.552516
vn 0.029601 0.443614 0.895729
vn -0.198798 0.536593 0.82009
vn -0.404582 -0.370783 0.835962
vn -0.111297 -0.583185 0.804679
vn -0.111297 -0.583185 0.804679
vn 0.042101 0.620317 0.783221
vn -0.148604 0.614216 0.77502
vn -0.198798 0.536593 0.82009
vn 0.029601 0.443614 0.895729
vn -0.148604 0.614216 0.77502
vn 0.042101 0.620317 0.783221
vn -0.041501 0.662611 0.747813
vn -0.113395 0.726666 0.677568
vn -0.350015 0.747832 0.564124
vn 0.441091 -0.389192 0.808683
vn -0.620832 -0.567229 0.541128
vn 0.021299 0.131695 0.991061
vn 0.021299 0.131695 0.991061
vn 0.441091 -0.389192 0.808683
vn -0.111297 -0.583185 0.804679
vn 0.402488 0.281792 0.870975
vn 0.402488 0.281792 0.870975
vn 0.402488 0.281792 0.870975
vn -0.023501 -0.085803 0.996035
vn 0.013201 0.478222 0.87814
vn 0.013201 0.478222 0.87814
vn 0.013201 0.478222 0.87814
vn -0.023501 -0.085803 0.996035
vn -0.476366 0.265381 0.838241
vn -0.476366 0.265381 0.838241
vn -0.023501 -0.085803 0.996035
vn -0.411103 -0.462404 0.785606
vn -0.074401 0.653907 0.752908
vn 0.013201 0.478222 0.87814
vn -0.476366 0.265381 0.838241
vn -0.411103 -0.462404 0.785606
vn -0.046902 0.431214 0.90103
vn -0.476366 0.265381 0.838241
vn -0.046902 0.431214 0.90103
vn -0.620832 -0.567229 0.541128
vn 0.0095 0.564078 0.825667
vn -0.620832 -0.567229 0.541128
vn -0.589596 0.460597 0.663496
vn -0.710576 -0.496483 0.498583
vn 0.021299 0.131695 0.991061
vn 0.99954 0.026701 0.014401
vn 0.586521 0.047702 0.808528
vn 0.99954 0.026701 0.014401
vn 0.043502 0.986543 -0.157607
vn -0.462213 -0.052301 0.885225
vn -0.80488 0.309092 0.506587
vn -0.710576 -0.496483 0.498583
vn 0.474586 -0.774578 0.418088
vn 0.021299 0.131695 0.991061
vn 0.0095 0.564078 0.825667
vn 0.5683 0.4302 0.7014
vn 0.5683 0.4302 0.7014
vn 0.021299 0.131695 0.991061
vn 0.474586 -0.774578 0.418088
vn -0.411103 -0.462404 0.785606
vn 0.021299 0.131695 0.991061
vn 0.013201 0.478222 0.87814
vn -0.083201 0.357205 0.930313
vn 0.012301 0.619439 0.784949
vn 0.243798 0.623794 0.742593
vn -0.074401 0.653907 0.752908
vn -0.350015 0.747832 0.564124
vn -0.113395 0.726666 0.677568
vn -0.566682 0.270191 0.778375
vn -0.350015 0.747832 0.564124
vn -0.566682 0.270191 0.778375
vn -0.250509 0.457617 0.853131
vn -0.529884 0.157195 0.833374
vn -0.566682 0.270191 0.778375
vn -0.250509 0.457617 0.853131
vn -0.30491 -0.081003 0.94893
vn -0.261898 0.465896 0.845193
vn -0.529884 0.157195 0.833374
vn -0.261898 0.465896 0.845193
vn -0.601789 0.750586 0.272895
vn -0.707175 0.177194 0.684475
vn -0.041501 0.662611 0.747813
vn -0.344796 0.339096 0.875289
vn -0.083201 0.357205 0.930313
vn -0.344997 0.104299 0.932791
vn -0.344796 0.339096 0.875289
vn -0.261898 0.465896 0.845193
vn -0.30491 -0.081003 0.94893
vn -0.344997 0.104299 0.932791
vn -0.261898 0.465896 0.845193
vn 0.012301 0.619439 0.784949
vn 0.0031 0.946088 0.323896
vn 0.0031 0.946088 0.323896
vn -0.083201 0.357205 0.930313
vn 0.243798 0.623794 0.742593
vn -0.389311 0.236507 0.890225
vn -0.387002 -0.199201 0.900305
vn -0.387002 -0.199201 0.900305
vn -0.308292 -0.427989 -0.849577
vn -0.42609 -0.355792 0.831781
vn -0.084803 0.974636 0.207108
vn -0.238299 0.808296 -0.538397
vn -0.809094 -0.160999 -0.565196
vn 0.298711 -0.834831 -0.462417
vn 0.280392 0.830276 -0.481686
vn -0.599079 -0.688476 0.408786
vn -0.630971 0.464379 0.621472
vn -0.619598 0.750097 0.231199
vn 0.443394 -0.636692 0.630892
vn -0.630971 0.464379 0.621472
vn -0.599079 -0.688476 0.408786
vn -0.599079 -0.688476 0.408786
vn -0.619598 0.750097 0.231199
vn -0.870242 -0.326916 -0.368518
vn -0.44898 0.873261 -0.189292
vn -0.630971 0.464379 0.621472
vn -0.630971 0.464379 0.621472
vn 0.443394 -0.636692 0.630892
vn -0.1016 0.518201 0.849202
vn -0.1016 0.518201 0.849202
vn 0.997202 -0.0728 0.017
vn -0.1016 0.518201 0.849202
vn 0.443394 -0.636692 0.630892
vn 0.264708 0.884527 0.384112
vn -0.159195 0.975367 -0.152695
vn 0.264708 0.884527 0.384112
vn 0.402016 0.146506 -0.903836
vn -0.159195 0.975367 -0.152695
vn 0.264708 0.884527 0.384112
vn 0.997202 -0.0728 0.017
vn 0.402016 0.146506 -0.903836
vn 0.264708 0.884527 0.384112
vn -0.617199 0.784599 -0.0589
vn -0.617199 0.784599 -0.0589
vn -0.397206 -0.183903 -0.899114
vn -0.397206 -0.183903 -0.899114
vn -0.44898 0.873261 -0.189292
vn -0.159195 0.975367 -0.152695
vn -0.397206 -0.183903 -0.899114
vn -0.159195 0.975367 -0.152695
vn 0.402016 0.146506 -0.903836
vn 0.0038 0.996104 -0.0881
vn 0.620469 0.782061 -0.058297
vn 0.0038 0.996104 -0.0881
vn 0.603402 0.753202 0.261901
vn 0.0026 0.55107 0.834455
vn 0.089597 0.429384 0.898667
vn -0.0924 0.519599 0.849399
vn -0.24649 0.480981 0.841368
vn 0.0026 0.55107 0.834455
vn -0.0602 0.3569 0.932201
vn -0.33919 0.427687 0.837875
vn -0.525419 0.081503 0.846931
vn -0.146698 0.729291 0.668292
vn 0.0026 0.55107 0.834455
vn -0.24649 0.480981 0.841368
vn -0.33919 0.427687 0.837875
vn 0.003 0.213201 0.977004
vn -0.33919 0.427687 0.837875
vn -0.146698 0.729291 0.668292
vn 0.337801 0.540001 0.770902
vn -0.928013 -0.092801 0.360805
vn -0.525419 0.081503 0.846931
vn -0.33919 0.427687 0.837875
vn -0.474522 -0.682232 0.556226
vn 0.003 0.213201 0.977004
vn -0.573993 0.391896 0.718992
vn -0.525419 0.081503 0.846931
vn -0.525419 0.081503 0.846931
vn -0.846629 -0.045702 0.530218
vn -0.573993 0.391896 0.718992
vn -0.846629 -0.045702 0.530218
vn -0.41899 -0.332092 0.845081
vn -0.41899 -0.332092 0.845081
vn -0.694941 0.040202 0.717942
vn 0.330313 -0.338113 0.881234
vn -0.41899 -0.332092 0.845081
vn -0.694941 0.040202 0.717942
vn -0.011999 -0.88566 0.464179
vn -0.011999 -0.88566 0.464179
vn 0.003 0.213201 0.977004
vn 0.495879 -0.685671 0.532878
vn 0.495879 -0.685671 0.532878
vn -0.011999 -0.88566 0.464179
vn 0.003 0.213201 0.977004
vn -0.332211 0.544417 0.770225
vn 0.034 0.640503 0.767203
vn 0.140391 0.61066 0.779349
vn 0.140391 0.61066 0.779349
vn -0.672188 0.617889 -0.407893
vn -0.61781 0.772312 -0.147802
vn -0.373303 -0.927707 0.0023
vn 0.871534 -0.490219 -0.0107
vn 0.465385 0.693178 0.550383
vn -0.613484 0.544386 -0.572085
vn 0.871534 -0.490219 -0.0107
vn -0.373303 -0.927707 0.0023
vn -0.373303 -0.927707 0.0023
vn 0.465385 0.693178 0.550383
vn -0.613484 0.544386 -0.572085
vn -0.883623 0.134004 -0.448612
vn 0.317502 -0.311002 -0.895807
vn -0.247796 -0.937584 0.243996
vn -0.247796 -0.937584 0.243996
vn 0.716515 -0.170104 0.676514
vn 0.542092 0.840287 -0.0074
vn -0.883623 0.134004 -0.448612
vn 0.542092 0.840287 -0.0074
vn 0.716515 -0.170104 0.676514
vn 0.317502 -0.311002 -0.895807
vn 0.317502 -0.311002 -0.895807
vn -0.883623 0.134004 -0.448612
vn 0.542092 0.840287 -0.0074
vn -0.613484 0.544386 -0.572085
vn 0.465385 0.693178 0.550383
vn 0.871534 -0.490219 -0.0107
vn -0.525991 0.500692 -0.687489
vn -0.463404 -0.864807 0.193302
vn -0.672036 0.544829 0.501527
vn -0.672036 0.544829 0.501527
vn -0.463404 -0.864807 0.193302
vn 0.609604 0.180401 0.771905
vn 0.609604 0.180401 0.771905
vn -0.525991 0.500692 -0.687489
vn -0.672036 0.544829 0.501527
vn -0.883623 0.134004 -0.448612
vn -0.883623 0.134004 -0.448612
vn 0.609604 0.180401 0.771905
vn -0.463404 -0.864807 0.193302
vn -0.525991 0.500692 -0.687489
vn 0.609604 0.180401 0.771905
vn 0.542092 0.840287 -0.0074
vn -0.525991 0.500692 -0.687489
vn 0.542092 0.840287 -0.0074
vn 0.771019 0.439211 0.461111
vn -0.986929 -0.123104 -0.104003
vn 0.217404 0.527111 -0.821517
vn 0.771019 0.439211 0.461111
vn -0.708325 0.663323 0.241408
vn -0.708325 0.663323 0.241408
vn -0.986929 -0.123104 -0.104003
vn 0.0044 0.866995 -0.498297
vn -0.672188 0.617889 -0.407893
vn -0.672188 0.617889 -0.407893
vn 0.0044 0.866995 -0.498297
vn 0.0063 0.900698 -0.434399
vn -0.61781 0.772312 -0.147802
vn 0.620469 0.782061 -0.058297
vn 0.0038 0.996104 -0.0881
vn 0.6734 0.623 -0.398
vn 0.0063 0.900698 -0.434399
vn -0.185907 0.982036 -0.032301
vn -0.340705 0.937214 -0.074501
vn -0.153897 0.983879 -0.091098
vn -0.105499 0.99439 0.0076
vn 0.296986 0.914158 -0.275887
vn -0.033999 0.779978 -0.624883
vn 0.296986 0.914158 -0.275887
vn 0.0063 0.900698 -0.434399
vn -0.351895 0.895588 -0.272196
vn -0.033999 0.779978 -0.624883
vn 0.0063 0.900698 -0.434399
vn 0.613792 0.77899 -0.128198
vn 0.0063 0.900698 -0.434399
vn 0.613792 0.77899 -0.128198
vn -0.351895 0.895588 -0.272196
vn -0.73776 -0.54817 -0.393979
vn -0.051898 -0.794169 0.605477
vn -0.335413 -0.648825 0.683026
vn -0.73776 -0.54817 -0.393979
vn -0.201092 0.042198 -0.978663
vn -0.474422 -0.632729 -0.612028
vn -0.73776 -0.54817 -0.393979
vn -0.474422 -0.632729 -0.612028
vn -0.827873 -0.30339 -0.471785
vn -0.051898 -0.794169 0.605477
vn 0.271301 0.581202 -0.767203
vn 0.491388 -0.748681 0.444989
vn 0.080397 -0.617979 -0.782073
vn 0.247909 0.688226 -0.681826
vn 0.080397 -0.617979 -0.782073
vn -0.927972 -0.082998 -0.363289
vn 0.463105 -0.524006 -0.714808
vn -0.780777 -0.402388 -0.477986
vn 0.371904 0.382704 -0.84571
vn 0.41322 -0.273013 -0.868742
vn -0.689981 -0.296792 -0.660182
vn 0.550018 0.360112 -0.753525
vn -0.380703 -0.562405 -0.734007
vn 0.270708 -0.794823 -0.543115
vn 0.271301 0.581202 -0.767203
vn -0.051898 -0.794169 0.605477
vn 0.491388 -0.748681 0.444989
vn 0.67288 0.551184 0.493385
vn 0.686986 0.403892 0.604088
vn 0.402312 -0.153005 0.902627
vn -0.051898 -0.794169 0.605477
vn 0.686986 0.403892 0.604088
vn 0.659399 -0.114 -0.743099
vn 0.637714 -0.728915 -0.249005
vn 0.989275 0.0045 0.145996
vn 0.491388 -0.748681 0.444989
vn 0.491388 -0.748681 0.444989
vn 0.989275 0.0045 0.145996
vn 0.67288 0.551184 0.493385
vn 0.080397 -0.617979 -0.782073
vn 0.637714 -0.728915 -0.249005
vn 0.491388 -0.748681 0.444989
vn 0.753751 0.138691 -0.642358
vn 0.67288 0.551184 0.493385
vn 0.753751 0.138691 -0.642358
vn 0.753751 0.138691 -0.642358
vn 0.247909 0.688226 -0.681826
vn 0.67288 0.551184 0.493385
vn 0.753751 0.138691 -0.642358
vn 0.686986 0.403892 0.604088
vn 0.862236 0.277512 0.423718
vn 0.686986 0.403892 0.604088
vn 0.271301 0.581202 -0.767203
vn -0.972965 0.230392 0.016099
vn -0.887343 -0.107005 -0.448522
vn -0.486799 -0.847498 -0.211599
vn -0.486799 -0.847498 -0.211599
vn -0.863776 -0.283892 -0.416288
vn -0.976204 -0.210201 -0.0533
vn -0.863776 -0.283892 -0.416288
vn -0.972965 0.230392 0.016099
vn -0.976204 -0.210201 -0.0533
vn -0.972965 0.230392 0.016099
vn 0.441989 -0.625884 0.642584
vn 0.346005 -0.233104 -0.908814
vn 0.458293 -0.734489 0.500493
vn -0.236896 -0.915884 -0.324094
vn 0.441989 -0.625884 0.642584
vn -0.236896 -0.915884 -0.324094
vn 0.506288 0.45319 -0.733683
vn 0.441989 -0.625884 0.642584
vn 0.871727 0.486415 0.059102
vn 0.871727 0.486415 0.059102
vn 0.346005 -0.233104 -0.908814
vn 0.506288 0.45319 -0.733683
vn -0.976204 -0.210201 -0.0533
vn -0.624311 -0.198203 -0.755613
vn -0.711036 -0.089505 -0.697436
vn -0.624311 -0.198203 -0.755613
vn -0.442105 -0.783809 -0.436105
vn 0.632536 -0.767543 -0.103806
vn -0.442105 -0.783809 -0.436105
vn -0.694905 -0.069801 -0.715706
vn -0.976204 -0.210201 -0.0533
vn -0.992859 0.0119 0.118695
vn -0.747524 0.31551 -0.584518
vn -0.711036 -0.089505 -0.697436
vn -0.734888 0.202697 -0.647189
vn -0.992859 0.0119 0.118695
vn -0.992849 -0.078304 0.090104
vn -0.853387 0.508093 0.116498
vn -0.747524 0.31551 -0.584518
vn -0.548006 0.719808 -0.426105
vn -0.548006 0.719808 -0.426105
vn 0.4763 0.2672 0.8377
vn -0.899994 0.435897 0.002
vn -0.22039 -0.88936 0.400582
vn 0.862668 0.173494 0.475083
vn -0.899994 0.435897 0.002
vn 0.4763 0.2672 0.8377
vn 0.4763 0.2672 0.8377
vn -0.22039 -0.88936 0.400582
vn 0.862668 0.173494 0.475083
vn -0.312189 -0.289089 -0.904967
vn -0.312189 -0.289089 -0.904967
vn 0.390488 0.836474 -0.384488
vn -0.245907 -0.280808 -0.927727
vn -0.22039 -0.88936 0.400582
vn -0.899994 0.435897 0.002
vn 0.910675 -0.184795 -0.36949
vn -0.245907 -0.280808 -0.927727
vn 0.910675 -0.184795 -0.36949
vn -0.22039 -0.88936 0.400582
vn 0.910675 -0.184795 -0.36949
vn 0.862668 0.173494 0.475083
vn -0.099399 0.326397 -0.939992
vn -0.711036 -0.089505 -0.697436
vn -0.099399 0.326397 -0.939992
vn -0.087002 0.115203 -0.989525
vn -0.624311 -0.198203 -0.755613
vn -0.792592 0.159598 -0.588494
vn -0.792592 0.159598 -0.588494
vn -0.792592 0.159598 -0.588494
vn 0.371904 0.382704 -0.84571
vn -0.805565 -0.252789 -0.535876
vn -0.805565 -0.252789 -0.535876
vn -0.986678 -0.044099 -0.156596
vn -0.933368 -0.241092 -0.265891
vn -0.700832 -0.582726 -0.411419
vn -0.700832 -0.582726 -0.411419
vn -0.881316 0.073301 -0.466808
vn -0.986678 -0.044099 -0.156596
vn -0.935679 -0.267594 -0.229995
vn -0.380703 -0.562405 -0.734007
vn -0.389815 -0.695126 -0.604023
vn -0.986678 -0.044099 -0.156596
vn -0.898892 -0.113199 -0.423296
vn -0.389815 -0.695126 -0.604023
vn -0.935679 -0.267594 -0.229995
vn -0.898892 -0.113199 -0.423296
vn -0.389815 -0.695126 -0.604023
vn -0.380703 -0.562405 -0.734007
vn 0.234586 -0.847148 -0.476771
vn 0.666695 -0.737494 -0.107799
vn -0.364102 -0.261802 -0.893806
vn 0.234586 -0.847148 -0.476771
vn 0.34211 -0.462913 -0.817724
vn 0.34211 -0.462913 -0.817724
vn -0.984897 0.0531 0.164799
vn -0.986678 -0.044099 -0.156596
vn -0.881316 0.073301 -0.466808
vn -0.984897 0.0531 0.164799
vn -0.779971 0.243791 -0.576378
vn -0.779971 0.243791 -0.576378
vn -0.158307 0.285412 -0.94524
vn -0.295492 0.653483 -0.696882
vn 0.881906 -0.390503 -0.264102
vn 0.919053 -0.133093 0.370981
vn 0.666695 -0.737494 -0.107799
vn 0.881906 -0.390503 -0.264102
vn 0.919053 -0.133093 0.370981
vn 0.881906 -0.390503 -0.264102
vn 0.95295 0.19121 -0.235212
vn 0.862956 0.344982 0.369181
vn 0.34211 -0.462913 -0.817724
vn 0.523797 0.124499 -0.842696
vn 0.523797 0.124499 -0.842696
vn 0.632536 -0.767543 -0.103806
vn 0.974779 -0.104498 -0.197196
vn 0.976636 -0.097304 -0.191607
vn 0.974779 -0.104498 -0.197196
vn 0.0736 -0.960603 0.268001
vn -0.098796 0.238289 0.966156
vn 0.0775 -0.491898 -0.867197
vn -0.056198 0.971473 -0.230394
vn -0.892598 0.449299 -0.0374
vn -0.565702 0.0185 -0.824402
vn -0.099399 0.326397 -0.939992
vn -0.747524 0.31551 -0.584518
vn -0.734888 0.202697 -0.647189
vn -0.892598 0.449299 -0.0374
vn 0.255392 -0.234893 0.93787
vn -0.187295 -0.419389 -0.888276
vn -0.176403 0.901714 -0.394706
vn -0.176403 0.901714 -0.394706
vn -0.187295 -0.419389 -0.888276
vn 0.245086 0.304483 0.920447
vn 0.255392 -0.234893 0.93787
vn 0.245086 0.304483 0.920447
vn 0.912469 0.336188 -0.233192
vn 0.255392 -0.234893 0.93787
vn -0.376882 -0.901156 0.21419
vn -0.376882 -0.901156 0.21419
vn -0.720408 0.683507 -0.117601
vn 0.26281 -0.529719 -0.806429
vn 0.26281 -0.529719 -0.806429
vn 0.912469 0.336188 -0.233192
vn -0.376882 -0.901156 0.21419
vn 0.912469 0.336188 -0.233192
vn -0.372291 0.099398 -0.922778
vn -0.071303 0.304512 -0.949836
vn 0.677901 0.1051 -0.727601
vn -0.099399 0.326397 -0.939992
vn 0.677901 0.1051 -0.727601
vn 0.627475 0.088696 -0.773569
vn -0.087002 0.115203 -0.989525
vn -0.548006 0.719808 -0.426105
vn 0.245086 0.304483 0.920447
vn 0.912469 0.336188 -0.233192
vn -0.720408 0.683507 -0.117601
vn -0.720408 0.683507 -0.117601
vn 0.912469 0.336188 -0.233192
vn 0.26281 -0.529719 -0.806429
vn 0.639002 0.0998 -0.762703
vn 0.027299 0.715786 -0.697786
vn 0.639002 0.0998 -0.762703
vn -0.071303 0.304512 -0.949836
vn 0.027299 0.715786 -0.697786
vn 0.627475 0.088696 -0.773569
vn 0.677901 0.1051 -0.727601
vn 0.639002 0.0998 -0.762703
vn -0.442105 -0.783809 -0.436105
vn -0.694905 -0.069801 -0.715706
vn -0.051098 -0.756264 -0.652269
vn -0.051098 -0.756264 -0.652269
vn 0.417775 -0.736456 -0.532068
vn -0.056998 0.047198 -0.997258
vn -0.117895 -0.026899 -0.992662
vn 0.659672 -0.020699 -0.751268
vn 0.417775 -0.736456 -0.532068
vn -0.117895 -0.026899 -0.992662
vn -0.056998 0.047198 -0.997258
vn 0.659672 -0.020699 -0.751268
vn 0.627475 0.088696 -0.773569
vn 0.65657 0.038798 -0.753266
vn 0.65657 0.038798 -0.753266
vn 0.417775 -0.736456 -0.532068
vn 0.659672 -0.020699 -0.751268
vn 0.65657 0.038798 -0.753266
vn 0.591432 0.592332 -0.54713
vn 0.591432 0.592332 -0.54713
vn 0.589933 0.263515 -0.763243
vn 0.589933 0.263515 -0.763243
vn 0.60339 -0.276196 -0.748088
vn 0.981957 -0.183892 -0.044098
vn 0.591432 0.592332 -0.54713
vn 0.589933 0.263515 -0.763243
vn -0.0148 0.466697 -0.884294
vn -0.60701 0.550009 -0.57361
vn -0.850265 -0.23759 -0.469681
vn -0.777299 -0.0063 -0.629099
vn 0.027299 0.715786 -0.697786
vn -0.60701 0.550009 -0.57361
vn -0.0148 0.466697 -0.884294
vn -0.634482 0.393489 -0.665281
vn -0.634482 0.393489 -0.665281
vn -0.077803 0.063503 -0.994944
vn 0.60339 -0.276196 -0.748088
vn 0.589933 0.263515 -0.763243
vn -0.634482 0.393489 -0.665281
vn -0.634482 0.393489 -0.665281
vn -0.869797 0.203699 -0.449399
vn -0.302207 -0.267906 -0.914821
vn -0.077803 0.063503 -0.994944
vn -0.5147 -0.2236 -0.8277
vn -0.302207 -0.267906 -0.914821
vn -0.358183 0.545574 -0.757664
vn -0.5147 -0.2236 -0.8277
vn -0.940795 -0.101899 -0.323298
vn -0.820472 0.474484 -0.318889
vn 0.372112 -0.573618 -0.729723
vn 0.60339 -0.276196 -0.748088
vn 0.0022 -0.940205 -0.340602
vn 0.372112 -0.573618 -0.729723
vn 0 -0.991035 0.133605
vn 0.0022 -0.940205 -0.340602
vn -0.649893 -0.734292 0.196098
vn 0.60339 -0.276196 -0.748088
vn -0.077803 0.063503 -0.994944
vn 0.372112 -0.573618 -0.729723
vn 0.372112 -0.573618 -0.729723
vn 0.0008 -0.572092 -0.820189
vn -0.372499 -0.584299 -0.720999
vn -0.077803 0.063503 -0.994944
vn -0.302207 -0.267906 -0.914821
vn 0.372112 -0.573618 -0.729723
vn -0.326894 -0.595689 -0.733686
vn 0.372112 -0.573618 -0.729723
vn -0.302207 -0.267906 -0.914821
vn -0.326894 -0.595689 -0.733686
vn -0.302207 -0.267906 -0.914821
vn -0.326894 -0.595689 -0.733686
vn 0.001 -0.103503 -0.994629
vn 0.0008 -0.572092 -0.820189
vn 0.342796 -0.600293 -0.722592
vn 0.342796 -0.600293 -0.722592
vn 0.0016 0.474403 -0.880306
vn 0.359292 0.545788 -0.756984
vn 0.512914 -0.219806 -0.829822
vn -0.792485 0.593489 0.140497
vn -0.278684 0.957843 0.069796
vn -0.395298 0.818496 -0.416898
vn -0.779971 0.243791 -0.576378
vn -0.345716 0.772936 0.532025
vn -0.219005 0.657616 0.720818
vn -0.764196 0.315598 0.562497
vn -0.345716 0.772936 0.532025
vn -0.764196 0.315598 0.562497
vn -0.513996 0.857393 -0.0262
vn -0.345716 0.772936 0.532025
vn -0.513996 0.857393 -0.0262
vn -0.278684 0.957843 0.069796
vn -0.267107 -0.578216 -0.770921
vn 0.262202 -0.733905 0.626605
vn -0.925769 0.078797 -0.369788
vn -0.267107 -0.578216 -0.770921
vn -0.513996 0.857393 -0.0262
vn -0.278684 0.957843 0.069796
vn -0.386116 0.760531 -0.522022
vn -0.395298 0.818496 -0.416898
vn -0.295492 0.653483 -0.696882
vn -0.295492 0.653483 -0.696882
vn -0.513996 0.857393 -0.0262
vn -0.91677 0.398987 0.018499
vn -0.386116 0.760531 -0.522022
vn -0.470304 0.279702 -0.837007
vn -0.115901 0.405303 -0.906806
vn -0.115901 0.405303 -0.906806
vn -0.911629 -0.405713 -0.065802
vn -0.351799 0.886599 0.3003
vn -0.179797 -0.62029 -0.763488
vn 0.351607 -0.47951 0.804017
vn -0.351799 0.886599 0.3003
vn -0.911629 -0.405713 -0.065802
vn -0.911629 -0.405713 -0.065802
vn -0.179797 -0.62029 -0.763488
vn 0.351607 -0.47951 0.804017
vn 0.057901 0.73581 -0.674709
vn -0.104503 -0.712918 0.693417
vn -0.104503 -0.712918 0.693417
vn 0.057901 0.73581 -0.674709
vn -0.351799 0.886599 0.3003
vn -0.104503 -0.712918 0.693417
vn 0.351607 -0.47951 0.804017
vn -0.179797 -0.62029 -0.763488
vn -0.104503 -0.712918 0.693417
vn -0.149202 0.121502 -0.981313
vn 0.269299 0.823396 0.499497
vn 0.269299 0.823396 0.499497
vn -0.149202 0.121502 -0.981313
vn -0.137803 0.459509 0.877418
vn -0.149202 0.121502 -0.981313
vn 0.812426 -0.581818 0.038101
vn -0.149202 0.121502 -0.981313
vn 0.269299 0.823396 0.499497
vn -0.149202 0.121502 -0.981313
vn 0.269299 0.823396 0.499497
vn 0.572794 0.763691 -0.297797
vn 0.749685 0.647587 -0.136397
vn 0.269299 0.823396 0.499497
vn -0.149202 0.121502 -0.981313
vn -0.149202 0.121502 -0.981313
vn 0.572794 0.763691 -0.297797
vn 0.749685 0.647587 -0.136397
vn 0.749685 0.647587 -0.136397
vn 0.572794 0.763691 -0.297797
vn 0.374399 -0.373999 -0.848498
vn 0.572794 0.763691 -0.297797
vn -0.104503 -0.712918 0.693417
vn -0.760475 0.182894 0.623079
vn 0.572794 0.763691 -0.297797
vn 0.374399 -0.373999 -0.848498
vn -0.760475 0.182894 0.623079
vn -0.104503 -0.712918 0.693417
vn -0.783662 0.41438 0.462778
vn -0.760475 0.182894 0.623079
vn -0.91677 0.398987 0.018499
vn -0.801791 0.267297 0.534494
vn -0.801791 0.267297 0.534494
vn -0.801791 0.267297 0.534494
vn -0.57898 -0.339988 -0.741074
vn -0.960263 -0.178093 -0.214892
vn -0.828071 -0.506182 -0.240992
vn -0.752512 0.366006 -0.547509
vn -0.57898 -0.339988 -0.741074
vn -0.356111 -0.087603 -0.930328
vn -0.470304 0.279702 -0.837007
vn -0.379616 0.925038 -0.014001
vn -0.408812 -0.268508 -0.872225
vn -0.568304 -0.668804 0.479303
vn -0.568304 -0.668804 0.479303
vn -0.408812 -0.268508 -0.872225
vn 0.730293 -0.264397 -0.629894
vn -0.134008 0.869652 0.475128
vn -0.379616 0.925038 -0.014001
vn -0.568304 -0.668804 0.479303
vn 0.548211 -0.611913 -0.570112
vn 0.548211 -0.611913 -0.570112
vn -0.408812 -0.268508 -0.872225
vn -0.379616 0.925038 -0.014001
vn 0.730293 -0.264397 -0.629894
vn -0.134008 0.869652 0.475128
vn 0.548211 -0.611913 -0.570112
vn 0.540885 -0.552385 0.634283
vn 0.95186 0.275889 -0.133594
vn -0.134008 0.869652 0.475128
vn 0.540885 -0.552385 0.634283
vn 0.95186 0.275889 -0.133594
vn 0.95186 0.275889 -0.133594
vn 0.540885 -0.552385 0.634283
vn 0.548211 -0.611913 -0.570112
vn -0.158307 0.285412 -0.94524
vn 0.523797 0.124499 -0.842696
vn 0.964356 -0.042398 -0.261188
vn 0.872621 -0.160104 0.461411
vn 0.964356 -0.042398 -0.261188
vn 0.750476 -0.660179 0.030799
vn 0.95295 0.19121 -0.235212
vn 0.964356 -0.042398 -0.261188
vn 0.551879 0.080097 -0.830069
vn 0.551879 0.080097 -0.830069
vn 0.438713 -0.200706 -0.875927
vn 0.805406 -0.502904 -0.313702
vn -0.356111 -0.087603 -0.930328
vn 0.551879 0.080097 -0.830069
vn 0.438713 -0.200706 -0.875927
vn 0.551879 0.080097 -0.830069
vn -0.115901 0.405303 -0.906806
vn -0.470304 0.279702 -0.837007
vn -0.356111 -0.087603 -0.930328
vn 0.450885 -0.093497 -0.887671
vn 0.438713 -0.200706 -0.875927
vn 0.450885 -0.093497 -0.887671
vn 0.075599 -0.269296 -0.960086
vn 0.075599 -0.269296 -0.960086
vn 0.142602 -0.355806 -0.923616
vn -0.356111 -0.087603 -0.930328
vn 0.142602 -0.355806 -0.923616
vn -0.310902 -0.147001 -0.939005
vn -0.752512 0.366006 -0.547509
vn -0.7103 0.6118 -0.3481
vn -0.65179 0.61779 -0.439893
vn -0.65179 0.61779 -0.439893
vn -0.546276 0.809464 -0.215291
vn -0.7103 0.6118 -0.3481
vn -0.546276 0.809464 -0.215291
vn -0.682226 0.614024 -0.396915
vn -0.203907 0.490017 -0.847529
vn -0.203907 0.490017 -0.847529
vn -0.752512 0.366006 -0.547509
vn -0.459916 0.851629 -0.251408
vn -0.221602 0.725107 -0.652006
vn -0.65179 0.61779 -0.439893
vn -0.7103 0.6118 -0.3481
vn -0.296286 0.732365 -0.613071
vn -0.296286 0.732365 -0.613071
vn -0.221602 0.725107 -0.652006
vn -0.7103 0.6118 -0.3481
vn -0.221602 0.725107 -0.652006
vn -0.237806 0.158304 -0.958326
vn -0.237806 0.158304 -0.958326
vn 0.407675 0.454373 -0.792052
vn -0.237806 0.158304 -0.958326
vn -0.203907 0.490017 -0.847529
vn -0.221602 0.725107 -0.652006
vn 0.407675 0.454373 -0.792052
vn -0.508631 -0.711843 -0.484329
vn -0.358183 0.545574 -0.757664
vn -0.844409 0.494506 -0.206002
vn -0.508631 -0.711843 -0.484329
vn -0.317191 0.489985 -0.811976
vn -0.317191 0.489985 -0.811976
vn -0.461776 -0.763559 -0.451376
vn -0.895415 -0.437408 -0.083101
vn -0.867899 -0.4192 -0.2665
vn -0.461776 -0.763559 -0.451376
vn -0.508631 -0.711843 -0.484329
vn -0.895415 -0.437408 -0.083101
vn -0.508631 -0.711843 -0.484329
vn -0.461776 -0.763559 -0.451376
vn -0.108996 -0.516583 -0.849272
vn -0.108996 -0.516583 -0.849272
vn -0.310902 -0.147001 -0.939005
vn -0.081402 -0.930624 -0.356809
vn 0.450885 -0.093497 -0.887671
vn -0.310902 -0.147001 -0.939005
vn -0.526886 -0.39269 -0.753781
vn -0.867899 -0.4192 -0.2665
vn -0.520029 -0.0017 -0.854147
vn -0.520029 -0.0017 -0.854147
vn -0.461776 -0.763559 -0.451376
vn -0.526886 -0.39269 -0.753781
vn -0.108904 -0.408514 -0.906232
vn 0.0034 -0.757973 -0.652277
vn 0.0034 -0.757973 -0.652277
vn 0.985902 -0.1647 -0.0295
vn -0.611211 -0.452708 0.649212
vn -0.037501 -0.99903 0.023101
vn -0.037501 -0.99903 0.023101
vn -0.611211 -0.452708 0.649212
vn -0.179301 0.475402 -0.861304
vn -0.179301 0.475402 -0.861304
vn 0.985902 -0.1647 -0.0295
vn -0.037501 -0.99903 0.023101
vn -0.685567 -0.664768 0.296786
vn -0.664179 0.746777 0.034499
vn 0.545812 0.774517 -0.319707
vn 0.738375 -0.673577 -0.033099
vn -0.743027 -0.168806 0.647623
vn 0.147096 0.980072 0.133496
vn 0.588918 0.709122 -0.387712
vn -0.680064 -0.708162 0.18979
vn -0.743027 -0.168806 0.647623
vn -0.680064 -0.708162 0.18979
vn 0.73347 -0.266089 0.625474
vn 0.73347 -0.266089 0.625474
vn 0.588918 0.709122 -0.387712
vn 0.147096 0.980072 0.133496
vn -0.151508 -0.028301 -0.988051
vn -0.273105 0.274405 -0.922017
vn -0.477079 0.375583 -0.794565
vn -0.262706 0.151404 -0.952923
vn -0.680064 -0.708162 0.18979
vn -0.680064 -0.708162 0.18979
vn 0.588918 0.709122 -0.387712
vn 0.588918 0.709122 -0.387712
vn -0.179301 0.475402 -0.861304
vn -0.680064 -0.708162 0.18979
vn 0.588918 0.709122 -0.387712
vn 0.73347 -0.266089 0.625474
vn 0.0014 0.454677 -0.890655
vn 0.0016 0.474403 -0.880306
vn -0.358183 0.545574 -0.757664
vn -0.317191 0.489985 -0.811976
vn 0.0014 0.454677 -0.890655
vn 0.414395 -0.492395 -0.765391
vn 0 -0.21 -0.977701
vn -0.012399 -0.636272 -0.771365
vn -0.012399 -0.636272 -0.771365
vn 0.414395 -0.492395 -0.765391
vn 0.318187 0.48468 -0.814766
vn 0.1117 -0.5207 -0.846401
vn 0.318187 0.48468 -0.814766
vn 0.359292 0.545788 -0.756984
vn -0.712527 -0.666425 0.219508
vn -0.670204 0.724504 -0.161001
vn 0.537199 0.789699 -0.296299
vn 0.716078 -0.670579 0.193794
vn 0.926571 -0.373988 -0.039999
vn -0.780375 -0.113196 0.614981
vn -0.1505 -0.979099 0.1368
vn -0.1505 -0.979099 0.1368
vn -0.780375 -0.113196 0.614981
vn -0.266593 0.35969 -0.894176
vn -0.266593 0.35969 -0.894176
vn 0.926571 -0.373988 -0.039999
vn -0.1505 -0.979099 0.1368
vn -0.172599 0.220499 0.959995
vn -0.090499 -0.995494 -0.0283
vn 0.732875 0.599079 0.322489
vn -0.513127 0.841044 -0.171309
vn -0.090499 -0.995494 -0.0283
vn -0.172599 0.220499 0.959995
vn -0.172599 0.220499 0.959995
vn -0.780375 -0.113196 0.614981
vn 0.926571 -0.373988 -0.039999
vn -0.266593 0.35969 -0.894176
vn -0.780375 -0.113196 0.614981
vn 0.926571 -0.373988 -0.039999
vn 0.732875 0.599079 0.322489
vn -0.513127 0.841044 -0.171309
vn 0.732875 0.599079 0.322489
vn 0.371087 -0.031399 -0.928067
vn -0.138903 0.206105 -0.968621
vn -0.012399 -0.636272 -0.771365
vn 0.414395 -0.492395 -0.765391
vn -0.029099 -0.076297 -0.99666
vn -0.012399 -0.636272 -0.771365
vn -0.029099 -0.076297 -0.99666
vn -0.435593 -0.491692 -0.753988
vn -0.435593 -0.491692 -0.753988
vn 0.1117 -0.5207 -0.846401
vn -0.012399 -0.636272 -0.771365
vn 0.371087 -0.031399 -0.928067
vn -0.029398 0.410374 -0.911443
vn -0.029099 -0.076297 -0.99666
vn -0.029398 0.410374 -0.911443
vn -0.389306 -0.0269 -0.920715
vn -0.389306 -0.0269 -0.920715
vn -0.435593 -0.491692 -0.753988
vn -0.029099 -0.076297 -0.99666
vn -0.56349 0.358493 0.744286
vn -0.335302 0.182801 -0.924206
vn -0.353303 -0.672905 0.649905
vn 0.371515 -0.813232 -0.447918
vn -0.353303 -0.672905 0.649905
vn 0.89449 0.434895 0.103699
vn -0.56349 0.358493 0.744286
vn 0.371515 -0.813232 -0.447918
vn 0.89449 0.434895 0.103699
vn -0.353303 -0.672905 0.649905
vn -0.53063 0.823546 0.200511
vn 0.89449 0.434895 0.103699
vn -0.335302 0.182801 -0.924206
vn 0.371515 -0.813232 -0.447918
vn -0.53063 0.823546 0.200511
vn -0.53063 0.823546 0.200511
vn -0.56349 0.358493 0.744286
vn 0.89449 0.434895 0.103699
vn 0.227605 -0.913021 -0.338508
vn -0.037001 0.139602 -0.989516
vn -0.56349 0.358493 0.744286
vn -0.037001 0.139602 -0.989516
vn 0.227605 -0.913021 -0.338508
vn -0.53063 0.823546 0.200511
vn 0.350608 0.361308 -0.86402
vn 0.350608 0.361308 -0.86402
vn -0.987574 0.151296 0.042499
vn -0.527027 0.685135 0.502825
vn -0.547992 0.345295 0.761889
vn -0.547992 0.345295 0.761889
vn -0.527027 0.685135 0.502825
vn 0.248898 0.644796 0.722695
vn -0.547992 0.345295 0.761889
vn -0.549298 0.736697 0.394398
vn -0.792205 0.610204 -0.0079
vn -0.549298 0.736697 0.394398
vn -0.987574 0.151296 0.042499
vn -0.598825 0.788333 0.141206
vn -0.114499 0.83859 0.532594
vn 0.102299 0.994591 -0.018
vn -0.792205 0.610204 -0.0079
vn -0.549298 0.736697 0.394398
vn -0.049701 0.918319 0.392708
vn -0.049701 0.918319 0.392708
vn -0.598825 0.788333 0.141206
vn -0.608688 0.614088 -0.50239
vn 0.035 0.812505 -0.581903
vn 0.021499 0.987461 -0.156394
vn -0.598825 0.788333 0.141206
vn -0.598825 0.788333 0.141206
vn -0.608688 0.614088 -0.50239
vn 0.035 0.812505 -0.581903
vn -0.602709 0.208603 -0.770212
vn -0.598901 0.667201 -0.442901
vn -0.598901 0.667201 -0.442901
vn 0.021499 0.987461 -0.156394
vn 0.035 0.812505 -0.581903
vn -0.296286 0.732365 -0.613071
vn 0.209992 0.514681 -0.831268
vn -0.608688 0.614088 -0.50239
vn -0.602709 0.208603 -0.770212
vn -0.602709 0.208603 -0.770212
vn -0.598901 0.667201 -0.442901
vn 0.209992 0.514681 -0.831268
vn -0.1115 0.7373 -0.6663
vn -0.1115 0.7373 -0.6663
vn -0.101 0.872096 -0.478798
vn -0.101 0.872096 -0.478798
vn 0.035 0.812505 -0.581903
vn -0.1115 0.7373 -0.6663
vn -0.477079 0.375583 -0.794565
vn -0.237806 0.158304 -0.958326
vn 0.407675 0.454373 -0.792052
vn 0.035 0.812505 -0.581903
vn 0.035 0.812505 -0.581903
vn -0.049701 0.918319 0.392708
vn 0.248898 0.644796 0.722695
vn 0.102299 0.994591 -0.018
vn 0.581513 0.812718 -0.036501
vn -0.114499 0.83859 0.532594
vn -0.0013 0.999819 -0.019
vn -0.0013 0.999819 -0.019
vn 0.102299 0.994591 -0.018
vn 0.581513 0.812718 -0.036501
vn -0.0013 0.999819 -0.019
vn -0.1115 0.7373 -0.6663
vn -0.1115 0.7373 -0.6663
vn -0.397986 0.741274 -0.540481
vn -0.477079 0.375583 -0.794565
vn -0.0084 0.946396 -0.322899
vn -0.181391 0.81686 -0.547573
vn -0.0384 -0.884003 0.465902
vn -0.219693 0.147395 -0.96437
vn 0.206297 0.973886 -0.094799
vn 0.206297 0.973886 -0.094799
vn -0.219693 0.147395 -0.96437
vn 0.378715 -0.162506 0.911135
vn -0.0384 -0.884003 0.465902
vn 0.378715 -0.162506 0.911135
vn -0.267297 0.623993 -0.734292
vn -0.182499 0.407697 -0.894694
vn -0.267297 0.623993 -0.734292
vn -0.182499 0.407697 -0.894694
vn -0.477079 0.375583 -0.794565
vn -0.0384 -0.884003 0.465902
vn 0.378715 -0.162506 0.911135
vn -0.490509 0.522109 0.697713
vn 0.741784 0.508289 -0.437491
vn -0.490509 0.522109 0.697713
vn -0.468908 -0.764113 -0.443008
vn -0.0384 -0.884003 0.465902
vn -0.0384 -0.884003 0.465902
vn -0.468908 -0.764113 -0.443008
vn 0.741784 0.508289 -0.437491
vn -0.782205 0.280702 -0.556203
vn -0.468908 -0.764113 -0.443008
vn -0.490509 0.522109 0.697713
vn -0.782205 0.280702 -0.556203
vn -0.782205 0.280702 -0.556203
vn -0.490509 0.522109 0.697713
vn 0.741784 0.508289 -0.437491
vn 0.378715 -0.162506 0.911135
vn -0.490403 0.789005 -0.370102
vn -0.105499 0.99439 0.0076
vn -0.153897 0.983879 -0.091098
vn -0.289413 0.956743 0.029701
vn -0.289413 0.956743 0.029701
vn -0.490403 0.789005 -0.370102
vn -0.153897 0.983879 -0.091098
vn -0.163306 0.973938 -0.157406
vn -0.181391 0.81686 -0.547573
vn -0.0084 0.946396 -0.322899
vn -0.340705 0.937214 -0.074501
vn -0.490403 0.789005 -0.370102
vn -0.163306 0.973938 -0.157406
vn -0.105499 0.99439 0.0076
vn -0.142305 -0.954433 0.262309
vn -0.481005 -0.874908 -0.056301
vn -0.566186 0.061499 0.82198
vn -0.566186 0.061499 0.82198
vn 0.476205 -0.611906 -0.631506
vn 0.351606 -0.733713 -0.58141
vn -0.142305 -0.954433 0.262309
vn 0.351606 -0.733713 -0.58141
vn 0.476205 -0.611906 -0.631506
vn -0.481005 -0.874908 -0.056301
vn 0.351606 -0.733713 -0.58141
vn 0.297294 0.719985 -0.627087
vn -0.181391 0.81686 -0.547573
vn -0.163306 0.973938 -0.157406
vn -0.490403 0.789005 -0.370102
vn -0.909812 0.291004 -0.295904
vn -0.142305 -0.954433 0.262309
vn 0.351606 -0.733713 -0.58141
vn 0.678695 0.162599 -0.716195
vn -0.142305 -0.954433 0.262309
vn 0.272391 -0.196693 0.941868
vn -0.909812 0.291004 -0.295904
vn 0.272391 -0.196693 0.941868
vn 0.351606 -0.733713 -0.58141
vn -0.909812 0.291004 -0.295904
vn 0.678695 0.162599 -0.716195
vn 0.348892 0.90348 0.248994
vn 0.348892 0.90348 0.248994
vn 0.348892 0.90348 0.248994
vn -0.334591 -0.924975 -0.180195
vn -0.234099 0.304199 -0.923396
vn 0.182208 0.983243 -0.0058
vn 0.182208 0.983243 -0.0058
vn -0.234099 0.304199 -0.923396
vn 0.087802 -0.645713 0.758515
vn -0.334591 -0.924975 -0.180195
vn -0.397986 0.741274 -0.540481
vn 0.350608 0.361308 -0.86402
vn 0.087802 -0.645713 0.758515
vn -0.996495 -0.0051 -0.0835
vn 0.552791 0.275996 -0.786288
vn -0.334591 -0.924975 -0.180195
vn -0.996495 -0.0051 -0.0835
vn 0.552791 0.275996 -0.786288
vn -0.387701 0.871703 0.299701
vn -0.996495 -0.0051 -0.0835
vn 0.383492 0.025899 0.923181
vn -0.387701 0.871703 0.299701
vn -0.387701 0.871703 0.299701
vn 0.383492 0.025899 0.923181
vn 0.552791 0.275996 -0.786288
vn 0.087802 -0.645713 0.758515
vn 0.383492 0.025899 0.923181
vn -0.029398 0.410374 -0.911443
vn -0.308391 0.730278 -0.609581
vn -0.029398 0.410374 -0.911443
vn -0.243503 0.060501 -0.968011
vn -0.273105 0.274405 -0.922017
vn -0.243503 0.060501 -0.968011
vn -0.138903 0.206105 -0.968621
vn 0.125499 0.184999 -0.974693
vn 0.791233 0.587524 0.169607
vn -0.669835 -0.675335 -0.308616
vn -0.551407 0.626108 0.551307
vn 0.694416 -0.519012 -0.498411
vn -0.602306 -0.621306 0.501205
vn 0.765819 -0.426111 0.481612
vn -0.438286 -0.586082 0.681479
vn -0.438286 -0.586082 0.681479
vn 0.765819 -0.426111 0.481612
vn 0.891551 0.200189 0.406278
vn 0.891551 0.200189 0.406278
vn -0.602306 -0.621306 0.501205
vn -0.438286 -0.586082 0.681479
vn 0.891551 0.200189 0.406278
vn -0.2568 0.5546 -0.7915
vn 0.419497 0.459796 0.782694
vn -0.313403 -0.704907 -0.636306
vn 0.081701 0.143902 0.986214
vn 0.419497 0.459796 0.782694
vn -0.2568 0.5546 -0.7915
vn -0.2568 0.5546 -0.7915
vn -0.313403 -0.704907 -0.636306
vn 0.081701 0.143902 0.986214
vn -0.138903 0.206105 -0.968621
vn 0.125499 0.184999 -0.974693
vn -0.182499 0.407697 -0.894694
vn 0.081701 0.143902 0.986214
vn -0.313403 -0.704907 -0.636306
vn 0.419497 0.459796 0.782694
vn 0.419497 0.459796 0.782694
vn 0.081701 0.143902 0.986214
vn -0.446807 0.764711 -0.464307
vn 0.930753 0.155109 -0.331119
vn 0.081701 0.143902 0.986214
vn 0.419497 0.459796 0.782694
vn -0.094203 -0.817122 0.568715
vn -0.094203 -0.817122 0.568715
vn -0.602306 -0.621306 0.501205
vn -0.865403 -0.0343 0.499902
vn 0.497598 -0.645698 -0.579198
vn -0.865403 -0.0343 0.499902
vn 0.497598 -0.645698 -0.579198
vn -0.583009 -0.402406 -0.705811
vn 0.497598 -0.645698 -0.579198
vn -0.865403 -0.0343 0.499902
vn 0.891551 0.200189 0.406278
vn 0.147594 0.988263 0.039399
vn -0.865403 -0.0343 0.499902
vn -0.865403 -0.0343 0.499902
vn 0.147594 0.988263 0.039399
vn -0.583009 -0.402406 -0.705811
vn 0.497598 -0.645698 -0.579198
vn 0.147594 0.988263 0.039399
vn 0.891551 0.200189 0.406278
vn -0.583009 -0.402406 -0.705811
vn 0.147594 0.988263 0.039399
vn 0.497598 -0.645698 -0.579198
vn 0.930753 0.155109 -0.331119
vn -0.446807 0.764711 -0.464307
vn 0.081701 0.143902 0.986214
vn -0.396203 -0.469903 -0.788806
vn -0.094203 -0.817122 0.568715
vn -0.396203 -0.469903 -0.788806
vn 0.930753 0.155109 -0.331119
vn -0.396203 -0.469903 -0.788806
vn -0.36789 0.34879 -0.861976
vn -0.36789 0.34879 -0.861976
vn -0.661297 -0.355198 0.660697
vn -0.820695 0.170299 0.545397
vn -0.220991 -0.233291 0.946963
vn -0.9773 0.1036 -0.1848
vn -0.820695 0.170299 0.545397
vn -0.661297 -0.355198 0.660697
vn -0.661297 -0.355198 0.660697
vn -0.220991 -0.233291 0.946963
vn -0.356805 -0.356905 0.863313
vn -0.356805 -0.356905 0.863313
vn -0.756512 -0.311905 0.574809
vn -0.661297 -0.355198 0.660697
vn -0.661297 -0.355198 0.660697
vn -0.756512 -0.311905 0.574809
vn -0.564984 -0.205594 0.799077
vn -0.564984 -0.205594 0.799077
vn -0.425807 -0.269604 0.863714
vn -0.661297 -0.355198 0.660697
vn -0.685332 -0.599228 0.413819
vn -0.661297 -0.355198 0.660697
vn -0.685332 -0.599228 0.413819
vn -0.9773 0.1036 -0.1848
vn -0.777143 -0.36812 0.510428
vn -0.777143 -0.36812 0.510428
vn -0.820695 0.170299 0.545397
vn -0.908405 0.413302 -0.0631
vn -0.4431 -0.3771 0.8133
vn -0.97935 -0.19429 -0.055897
vn -0.4431 -0.3771 0.8133
vn -0.777143 -0.36812 0.510428
vn -0.962718 -0.207704 -0.173303
vn -0.97935 -0.19429 -0.055897
vn -0.908405 0.413302 -0.0631
vn -0.83714 -0.332116 0.434621
vn -0.270088 -0.938158 0.21659
vn -0.21729 -0.516176 0.828461
vn -0.548301 -0.795001 0.2595
vn -0.83714 -0.332116 0.434621
vn -0.21729 -0.516176 0.828461
vn -0.316906 0.254705 0.913617
vn -0.782003 0.460602 0.419902
vn -0.83714 -0.332116 0.434621
vn -0.782003 0.460602 0.419902
vn -0.617794 0.458695 0.638694
vn -0.548301 -0.795001 0.2595
vn 0.37439 -0.923576 0.082698
vn 0.598302 -0.541502 0.590602
vn -0.316906 0.254705 0.913617
vn -0.21729 -0.516176 0.828461
vn 0.598302 -0.541502 0.590602
vn -0.2968 0.925801 0.2341
vn -0.782003 0.460602 0.419902
vn -0.316906 0.254705 0.913617
vn -0.093794 0.632758 0.768649
vn 0.721595 0.235598 0.650995
vn -0.093794 0.632758 0.768649
vn -0.617794 0.458695 0.638694
vn 0.387996 0.642093 0.661193
vn -0.2968 0.925801 0.2341
vn -0.093794 0.632758 0.768649
vn 0.387996 0.642093 0.661193
vn 0.339795 0.938387 0.062999
vn 0.057899 0.813987 0.577991
vn 0.339795 0.938387 0.062999
vn 0.946224 -0.323508 -0.0017
vn 0.721595 0.235598 0.650995
vn 0.598302 -0.541502 0.590602
vn 0.598302 -0.541502 0.590602
vn 0.37439 -0.923576 0.082698
vn 0.946224 -0.323508 -0.0017
vn 0.721595 0.235598 0.650995
vn 0.921108 0.389304 -0.0014
vn 0.921108 0.389304 -0.0014
vn -0.128102 -0.526109 0.840714
vn 0.384611 -0.063002 0.920926
vn -0.167493 0.44828 0.878061
vn 0.71671 -0.512807 0.472606
vn 0.384611 -0.063002 0.920926
vn -0.128102 -0.526109 0.840714
vn -0.128102 -0.526109 0.840714
vn -0.167493 0.44828 0.878061
vn -0.45431 0.714016 0.532712
vn -0.555287 -0.637585 0.533987
vn -0.128102 -0.526109 0.840714
vn -0.555287 -0.637585 0.533987
vn 0.71671 -0.512807 0.472606
vn 0.694484 0.503189 0.514288
vn 0.694484 0.503189 0.514288
vn 0.701525 0.712026 0.029701
vn -0.45431 0.714016 0.532712
vn -0.167493 0.44828 0.878061
vn 0.694484 0.503189 0.514288
vn -0.548301 -0.795001 0.2595
vn -0.617794 0.458695 0.638694
vn -0.784598 -0.441499 0.435299
vn -0.784598 -0.441499 0.435299
vn -0.524584 -0.848574 0.068798
vn -0.008 -0.999527 0.029701
vn -0.609014 0.537012 0.583713
vn 0.057899 0.813987 0.577991
vn -0.609014 0.537012 0.583713
vn -0.617794 0.458695 0.638694
vn -0.784598 -0.441499 0.435299
vn -0.609014 0.537012 0.583713
vn -0.777482 0.576387 0.251594
vn -0.981042 -0.115105 0.155907
vn -0.524584 -0.848574 0.068798
vn 0.0146 0.739689 0.67279
vn -0.609014 0.537012 0.583713
vn 0.0146 0.739689 0.67279
vn -0.777482 0.576387 0.251594
vn 0.385892 0.772384 0.50449
vn 0.057899 0.813987 0.577991
vn 0.339795 0.938387 0.062999
vn 0.385892 0.772384 0.50449
vn -0.315515 0.232711 0.919943
vn 0.276399 0.925597 0.258599
vn -0.315515 0.232711 0.919943
vn 0.0146 0.739689 0.67279
vn 0.398795 0.650791 0.646091
vn 0.398795 0.650791 0.646091
vn -0.27809 -0.902167 0.329788
vn 0.461396 -0.0267 0.886792
vn -0.451406 -0.059801 0.890312
vn -0.451406 -0.059801 0.890312
vn 0.461396 -0.0267 0.886792
vn -0.363492 0.792884 0.48909
vn -0.451406 -0.059801 0.890312
vn -0.989721 0.138303 0.036401
vn -0.600923 -0.77563 -0.193107
vn -0.363492 0.792884 0.48909
vn -0.989721 0.138303 0.036401
vn -0.451406 -0.059801 0.890312
vn -0.27809 -0.902167 0.329788
vn 0.28291 -0.900732 0.329612
vn 0.430095 0.788192 0.440195
vn 0.987792 0.143799 0.0599
vn 0.987792 0.143799 0.0599
vn 0.430095 0.788192 0.440195
vn 0.461396 -0.0267 0.886792
vn -0.907587 -0.149898 0.392194
vn -0.907587 -0.149898 0.392194
vn -0.96968 -0.164197 0.180996
vn 0.022601 -0.997732 0.063402
vn 0.0204 -0.999792 -0.0008
vn 0.490712 -0.82022 -0.294007
vn -0.520806 -0.844811 0.122702
vn -0.520806 -0.844811 0.122702
vn -0.391486 -0.358987 0.84727
vn -0.4431 -0.3771 0.8133
vn -0.585712 -0.376408 0.717815
vn -0.585712 -0.376408 0.717815
vn -0.4431 -0.3771 0.8133
vn -0.315515 0.232711 0.919943
vn -0.907587 -0.149898 0.392194
vn -0.315515 0.232711 0.919943
vn -0.585712 -0.376408 0.717815
vn -0.935539 -0.353215 0.0024
vn -0.935539 -0.353215 0.0024
vn -0.4431 -0.3771 0.8133
vn -0.391486 -0.358987 0.84727
vn -0.220991 -0.233291 0.946963
vn -0.351409 -0.579116 0.73562
vn -0.328615 -0.373117 0.867638
vn -0.391486 -0.358987 0.84727
vn -0.415402 -0.264601 0.870303
vn -0.315515 0.232711 0.919943
vn -0.351409 -0.579116 0.73562
vn -0.391486 -0.358987 0.84727
vn -0.415402 -0.264601 0.870303
vn -0.305201 -0.622101 -0.721001
vn -0.600923 -0.77563 -0.193107
vn -0.989721 0.138303 0.036401
vn -0.525116 0.32981 -0.784524
vn -0.525116 0.32981 -0.784524
vn -0.109098 0.98508 -0.133097
vn -0.109098 0.98508 -0.133097
vn -0.363492 0.792884 0.48909
vn -0.305201 -0.622101 -0.721001
vn -0.525116 0.32981 -0.784524
vn 0.287801 -0.625502 -0.725202
vn -0.525116 0.32981 -0.784524
vn -0.109098 0.98508 -0.133097
vn 0.517281 0.334187 -0.78787
vn 0.517281 0.334187 -0.78787
vn 0.597803 -0.781904 -0.176801
vn -0.89506 -0.073297 0.43988
vn 0.39941 -0.096102 0.911722
vn 0.442306 0.896411 -0.0285
vn 0.228087 -0.914348 -0.334581
vn 0.39941 -0.096102 0.911722
vn -0.89506 -0.073297 0.43988
vn -0.304018 0.16451 -0.938355
vn 0.517281 0.334187 -0.78787
vn -0.109098 0.98508 -0.133097
vn 0.430095 0.788192 0.440195
vn 0.882179 0.470689 0.0146
vn 0.078399 0.190298 -0.978591
vn 0.228087 -0.914348 -0.334581
vn 0.442306 0.896411 -0.0285
vn 0.39941 -0.096102 0.911722
vn 0.39941 -0.096102 0.911722
vn 0.442306 0.896411 -0.0285
vn 0.690888 -0.320195 -0.648189
vn -0.123398 0.975582 -0.181697
vn -0.155809 -0.835946 0.526229
vn 0.39941 -0.096102 0.911722
vn -0.155809 -0.835946 0.526229
vn -0.123398 0.975582 -0.181697
vn -0.304018 0.16451 -0.938355
vn -0.123398 0.975582 -0.181697
vn 0.690888 -0.320195 -0.648189
vn 0.442306 0.896411 -0.0285
vn 0.287801 -0.625502 -0.725202
vn 0.517281 0.334187 -0.78787
vn 0.597803 -0.781904 -0.176801
vn 0.987792 0.143799 0.0599
vn 0.597803 -0.781904 -0.176801
vn 0.517281 0.334187 -0.78787
vn -0.328615 -0.373117 0.867638
vn -0.351409 -0.579116 0.73562
vn 0.401684 -0.215491 0.890064
vn 0.732792 -0.402295 0.548794
vn -0.229012 -0.251213 0.94045
vn 0.732792 -0.402295 0.548794
vn -0.229012 -0.251213 0.94045
vn -0.328615 -0.373117 0.867638
vn -0.351409 -0.579116 0.73562
vn -0.315515 0.232711 0.919943
vn 0.519391 -0.480591 0.706587
vn 0.519391 -0.480591 0.706587
vn 0.320194 0.891385 0.320794
vn 0.658888 -0.0091 0.752186
vn 0.658888 -0.0091 0.752186
vn -0.008 -0.999527 0.029701
vn 0.946224 -0.323508 -0.0017
vn 0.37439 -0.923576 0.082698
vn 0.385892 0.772384 0.50449
vn -0.008 -0.999527 0.029701
vn 0.385892 0.772384 0.50449
vn -0.45431 0.714016 0.532712
vn 0.385892 0.772384 0.50449
vn -0.008 -0.999527 0.029701
vn -0.008 -0.999527 0.029701
vn -0.555287 -0.637585 0.533987
vn -0.45431 0.714016 0.532712
vn 0.771406 -0.636105 -0.0174
vn 0.454194 0.649791 0.609491
vn 0.385892 0.772384 0.50449
vn 0.454194 0.649791 0.609491
vn 0.528595 0.599794 0.600694
vn 0.528595 0.599794 0.600694
vn 0.022601 -0.997732 0.063402
vn 0.454194 0.649791 0.609491
vn 0.701525 0.712026 0.029701
vn -0.535887 0.671184 0.512188
vn 0.454194 0.649791 0.609491
vn 0.022601 -0.997732 0.063402
vn 0.771406 -0.636105 -0.0174
vn -0.507017 -0.672922 0.538618
vn 0.736887 -0.661488 -0.139398
vn -0.507017 -0.672922 0.538618
vn 0.478292 0.765787 0.429893
vn 0.454194 0.649791 0.609491
vn -0.535887 0.671184 0.512188
vn 0.478292 0.765787 0.429893
vn 0.831481 0.331393 0.44589
vn 0.831481 0.331393 0.44589
vn 0.831481 0.331393 0.44589
vn 0.690888 -0.320195 -0.648189
vn -0.123398 0.975582 -0.181697
vn 0.453104 0.781607 0.428704
vn 0.569907 0.677409 0.465106
vn 0.438515 0.872429 0.215807
vn 0.569907 0.677409 0.465106
vn 0.645445 0.248217 0.72235
vn 0.925203 -0.0334 0.378001
vn 0.732792 -0.402295 0.548794
vn 0.401684 -0.215491 0.890064
vn 0.925203 -0.0334 0.378001
vn 0.412322 0.887648 0.205111
vn 0.365007 0.816617 0.447109
vn 0.189399 0.972296 0.136999
vn 0.276399 0.925597 0.258599
vn 0.453104 0.781607 0.428704
vn 0.365007 0.816617 0.447109
vn 0.851269 0.058298 0.521481
vn 0.645445 0.248217 0.72235
vn 0.519391 -0.480591 0.706587
vn 0.658888 -0.0091 0.752186
vn 0.67309 -0.454793 0.583192
vn 0.707107 0 -0.707107
vn -0.707107 0 0.707107
vn 0.010301 -0.987448 0.157608
vn -0.734883 -0.370591 -0.567987
vn -0.707107 0 0.707107
vn 0.707107 0 -0.707107
vn -0.734883 -0.370591 -0.567987
vn 0.010301 -0.987448 0.157608
vn -0.895834 0.25071 0.366914
vn 0.010301 -0.987448 0.157608
vn -0.734883 -0.370591 -0.567987
vn 0.539396 0.376497 -0.753194
vn 0.822981 -0.270394 0.499589
vn -0.895834 0.25071 0.366914
vn 0.010301 -0.987448 0.157608
vn 0.539396 0.376497 -0.753194
vn 0.822981 -0.270394 0.499589
vn 0.010301 -0.987448 0.157608
vn -0.734883 -0.370591 -0.567987
vn -0.895834 0.25071 0.366914
vn 0.539396 0.376497 -0.753194
vn -0.110006 0.67654 0.728143
vn -0.895834 0.25071 0.366914
vn 0.822981 -0.270394 0.499589
vn -0.110006 0.67654 0.728143
vn -0.110006 0.67654 0.728143
vn -0.369695 -0.443294 0.816588
vn -0.376387 -0.266291 0.887368
vn 0.046897 -0.712352 0.700253
vn -0.312312 -0.27191 0.910234
vn -0.756512 -0.311905 0.574809
vn -0.376387 -0.266291 0.887368
vn -0.376387 -0.266291 0.887368
vn 0.046897 -0.712352 0.700253
vn 0.341913 -0.126805 0.931137
vn -0.19811 0.357018 0.912847
vn -0.19811 0.357018 0.912847
vn -0.415402 -0.264601 0.870303
vn -0.369695 -0.443294 0.816588
vn -0.356805 -0.356905 0.863313
vn 0.679807 -0.543506 0.492405
vn 0.046897 -0.712352 0.700253
vn -0.369695 -0.443294 0.816588
vn -0.369695 -0.443294 0.816588
vn -0.229012 -0.251213 0.94045
vn 0.527476 -0.0036 0.849562
vn 0.816808 0.0022 0.576906
vn 0.816808 0.0022 0.576906
vn 0.341913 -0.126805 0.931137
vn 0.868128 0.079603 0.489916
vn 0.448518 0.565623 0.692028
vn 0.868128 0.079603 0.489916
vn 0.527476 -0.0036 0.849562
vn 0.877867 0.292389 0.379286
vn 0.816808 0.0022 0.576906
vn 0.527476 -0.0036 0.849562
vn 0.527476 -0.0036 0.849562
vn 0.732792 -0.402295 0.548794
vn 0.980286 -0.143898 0.135398
vn 0.877867 0.292389 0.379286
vn 0.679807 -0.543506 0.492405
vn 0.816808 0.0022 0.576906
vn 0.991688 0.118599 0.049899
vn 0.868128 0.079603 0.489916
vn 0.997902 0.0126 -0.0635
vn 0.997902 0.0126 -0.0635
vn -0.93798 0.345492 -0.028799
vn 0.477902 -0.860003 0.178901
vn -0.706591 -0.541193 0.455894
vn -0.706591 -0.541193 0.455894
vn 0.477902 -0.860003 0.178901
vn 0.463811 0.736418 0.492512
vn 0.463811 0.736418 0.492512
vn -0.93798 0.345492 -0.028799
vn -0.706591 -0.541193 0.455894
vn -0.806637 -0.590927 0.011901
vn -0.998013 0.063001 0
vn -0.118396 -0.097497 -0.988168
vn -0.116302 0.973419 -0.197304
vn -0.998013 0.063001 0
vn -0.806637 -0.590927 0.011901
vn -0.806637 -0.590927 0.011901
vn -0.118396 -0.097497 -0.988168
vn 0.982493 0.170799 0.074399
vn 0.982493 0.170799 0.074399
vn -0.116302 0.973419 -0.197304
vn -0.806637 -0.590927 0.011901
vn -0.806637 -0.590927 0.011901
vn 0.477902 -0.860003 0.178901
vn -0.93798 0.345492 -0.028799
vn 0.477902 -0.860003 0.178901
vn -0.806637 -0.590927 0.011901
vn 0.982493 0.170799 0.074399
vn 0.732792 -0.402295 0.548794
vn 0.925203 -0.0334 0.378001
vn 0.67393 0.157407 0.721832
vn 0.67393 0.157407 0.721832
vn 0.925203 -0.0334 0.378001
vn 0.645445 0.248217 0.72235
vn 0.67393 0.157407 0.721832
vn 0.721799 -0.1137 0.682699
vn 0.67393 0.157407 0.721832
vn 0.645445 0.248217 0.72235
vn 0.851269 0.058298 0.521481
vn 0.721799 -0.1137 0.682699
vn 0.645445 0.248217 0.72235
vn 0.819275 -0.286691 0.496585
vn 0.67393 0.157407 0.721832
vn 0.721799 -0.1137 0.682699
vn 0.819275 -0.286691 0.496585
vn -0.118396 -0.097497 -0.988168
vn -0.116302 0.973419 -0.197304
vn 0.982493 0.170799 0.074399
vn 0.982493 0.170799 0.074399
vn 0.463811 0.736418 0.492512
vn 0.477902 -0.860003 0.178901
vn 0.757914 0.272505 0.592711
vn 0.720375 -0.29679 0.626878
vn 0.990003 -0.0935 0.1056
vn 0.992716 -0.0188 0.119002
vn 0.992716 -0.0188 0.119002
vn 0.6517 0.1303 0.7472
vn 0.757914 0.272505 0.592711
vn 0.790823 0.245807 0.560516
vn 0.877867 0.292389 0.379286
vn 0.877867 0.292389 0.379286
vn 0.757914 0.272505 0.592711
vn 0.790823 0.245807 0.560516
vn 0.941214 -0.317705 -0.114802
vn 0.6517 0.1303 0.7472
vn 0.790823 0.245807 0.560516
vn 0.757914 0.272505 0.592711
vn 0.340002 0.336902 0.878006
vn 0.535704 0.0184 0.844206
vn 0.535704 0.0184 0.844206
vn 0.849872 0.521583 0.075297
vn 0.340002 0.336902 0.878006
vn 0.6517 0.1303 0.7472
vn 0.990003 -0.0935 0.1056
vn 0.849872 0.521583 0.075297
vn 0.6517 0.1303 0.7472
vn 0.340002 0.336902 0.878006
vn 0.983976 -0.0169 0.177496
vn 0.535704 0.0184 0.844206
vn 0.983976 -0.0169 0.177496
vn -0.371901 -0.271101 0.887803
vn -0.390918 0.018401 0.920242
vn -0.390918 0.018401 0.920242
vn -0.616086 -0.060099 0.785383
vn -0.425807 -0.269604 0.863714
vn -0.616086 -0.060099 0.785383
vn -0.043299 0.564086 0.82458
vn -0.2746 -0.3674 0.888601
vn -0.312312 -0.27191 0.910234
vn -0.2746 -0.3674 0.888601
vn -0.371901 -0.271101 0.887803
vn -0.81514 0.158608 0.557127
vn -0.981829 -0.186605 -0.034501
vn -0.685332 -0.599228 0.413819
vn -0.616086 -0.060099 0.785383
vn -0.81514 0.158608 0.557127
vn -0.110097 0.44009 0.891179
vn -0.311215 0.480123 0.820139
vn -0.81514 0.158608 0.557127
vn -0.110097 0.44009 0.891179
vn -0.043299 0.564086 0.82458
vn -0.279709 0.270709 0.92113
vn -0.210892 0.52998 0.821368
vn -0.557089 0.055699 0.828583
vn -0.557089 0.055699 0.828583
vn -0.311215 0.480123 0.820139
vn -0.110097 0.44009 0.891179
vn 0.165796 0.40629 0.898577
vn -0.043299 0.564086 0.82458
vn -0.2746 -0.3674 0.888601
vn 0.097198 0.53099 0.841785
vn 0.097198 0.53099 0.841785
vn -0.210892 0.52998 0.821368
vn -0.279709 0.270709 0.92113
vn -0.40741 -0.218905 0.886621
vn -0.210892 0.52998 0.821368
vn -0.40741 -0.218905 0.886621
vn -0.557089 0.055699 0.828583
vn 0.0152 -0.383797 0.923292
vn 0.165796 0.40629 0.898577
vn -0.755306 -0.640505 -0.138801
vn -0.755306 -0.640505 -0.138801
vn 0.232207 -0.076802 0.969629
vn 0.552182 -0.438686 0.708977
vn -0.185005 -0.658019 0.729921
vn -0.039202 -0.305013 0.951541
vn -0.0292 0.369904 0.928611
vn -0.0742 -0.525902 0.847303
vn -0.0292 0.369904 0.928611
vn 0.389398 0.381398 0.838395
vn 0.389398 0.381398 0.838395
vn 0.589504 -0.485203 0.645804
vn -0.0742 -0.525902 0.847303
vn -0.0742 -0.525902 0.847303
vn 0.589504 -0.485203 0.645804
vn 0.232207 -0.076802 0.969629
vn 0.509923 0.031601 0.859639
vn 0.38919 0.496687 0.775779
vn -0.0126 0.286591 0.95797
vn -0.0126 0.286591 0.95797
vn -0.223301 0.300402 0.927305
vn -0.0126 0.286591 0.95797
vn 0.232207 -0.076802 0.969629
vn -0.223301 0.300402 0.927305
vn -0.0292 0.369904 0.928611
vn -0.0126 0.286591 0.95797
vn -0.223301 0.300402 0.927305
vn -0.0292 0.369904 0.928611
vn -0.223301 0.300402 0.927305
vn 0.371218 0.40752 0.834341
vn 0.389398 0.381398 0.838395
vn -0.223301 0.300402 0.927305
vn 0.552182 -0.438686 0.708977
vn 0.371218 0.40752 0.834341
vn 0.624692 -0.072599 0.777489
vn 0.624692 -0.072599 0.777489
vn -0.039202 -0.305013 0.951541
vn -0.185005 -0.658019 0.729921
vn -0.81514 0.158608 0.557127
vn -0.185005 -0.658019 0.729921
vn -0.311215 0.480123 0.820139
vn -0.649893 -0.734292 0.196098
vn -0.557089 0.055699 0.828583
vn -0.039202 -0.305013 0.951541
vn -0.311215 0.480123 0.820139
vn -0.844765 0.019599 0.534778
vn -0.40741 -0.218905 0.886621
vn -0.338191 0.434288 0.834878
vn -0.844765 0.019599 0.534778
vn -0.844765 0.019599 0.534778
vn -0.338191 0.434288 0.834878
vn -0.039202 -0.305013 0.951541
vn -0.039202 -0.305013 0.951541
vn 0.142595 0.637578 0.757074
vn -0.338191 0.434288 0.834878
vn -0.40741 -0.218905 0.886621
vn 0.0152 -0.383797 0.923292
vn -0.057001 0.094202 0.99392
vn 0.142595 0.637578 0.757074
vn -0.057001 0.094202 0.99392
vn -0.338191 0.434288 0.834878
vn 0.919566 0.199393 0.338587
vn 0.371218 0.40752 0.834341
vn 0.871699 -0.363 0.3292
vn -0.057001 0.094202 0.99392
vn 0.610198 0.312999 0.727798
vn 0.389398 0.381398 0.838395
vn 0.371218 0.40752 0.834341
vn 0.495396 0.436396 0.751093
vn 0.589818 -0.304509 0.747923
vn 0.495396 0.436396 0.751093
vn 0.589818 -0.304509 0.747923
vn 0.389398 0.381398 0.838395
vn 0.624795 0.600195 0.499396
vn 0.624795 0.600195 0.499396
vn 0.643512 0.227604 0.730814
vn 0.919566 0.199393 0.338587
vn 0.919566 0.199393 0.338587
vn 0.871699 -0.363 0.3292
vn 0.69322 -0.388711 0.606918
vn 0.643512 0.227604 0.730814
vn 0.518901 0.654401 0.550001
vn 0.610198 0.312999 0.727798
vn 0.378201 0.316601 0.869901
vn 0.610198 0.312999 0.727798
vn 0.378201 0.316601 0.869901
vn 0.69322 -0.388711 0.606918
vn 0.610198 0.312999 0.727798
vn 0.329119 0.719942 0.611035
vn 0.329119 0.719942 0.611035
vn 0.411018 -0.425119 0.806436
vn 0.858818 0.333907 0.388508
vn 0.378201 0.316601 0.869901
vn 0.329119 0.719942 0.611035
vn 0.858818 0.333907 0.388508
vn 0.396916 0.076803 0.914636
vn 0.518901 0.654401 0.550001
vn 0.643512 0.227604 0.730814
vn 0.69322 -0.388711 0.606918
vn 0.411018 -0.425119 0.806436
vn 0.57901 0.555809 0.59651
vn 0.801888 0.452293 0.390394
vn 0.518901 0.654401 0.550001
vn 0.57901 0.555809 0.59651
vn 0.801888 0.452293 0.390394
vn 0.918623 -0.118303 0.377009
vn 0.396916 0.076803 0.914636
vn 0.75593 0.50282 0.419216
vn 0.801888 0.452293 0.390394
vn 0.57901 0.555809 0.59651
vn 0.396916 0.076803 0.914636
vn 0.75593 0.50282 0.419216
vn 0.801888 0.452293 0.390394
vn 0.396916 0.076803 0.914636
vn -0.312312 -0.27191 0.910234
vn 0.315095 -0.190797 0.929684
vn -0.2746 -0.3674 0.888601
vn 0.315095 -0.190797 0.929684
vn 0.292705 -0.091501 0.951815
vn 0.615723 0.070203 0.784829
vn 0.615723 0.070203 0.784829
vn 0.327208 -0.039601 0.944122
vn 0.204402 0.442804 0.873009
vn 0.615723 0.070203 0.784829
vn 0.292705 -0.091501 0.951815
vn 0.138795 -0.163894 0.976665
vn 0.327208 -0.039601 0.944122
vn -0.19811 0.357018 0.912847
vn 0.204402 0.442804 0.873009
vn -0.312312 -0.27191 0.910234
vn 0.0042 0.185893 0.982561
vn 0.292705 -0.091501 0.951815
vn 0.204402 0.442804 0.873009
vn 0.204402 0.442804 0.873009
vn -0.19811 0.357018 0.912847
vn 0.0042 0.185893 0.982561
vn 0.1091 -0.311399 0.943996
vn -0.347507 0.100102 0.932319
vn 0.292705 -0.091501 0.951815
vn 0.292705 -0.091501 0.951815
vn -0.347507 0.100102 0.932319
vn 0.138795 -0.163894 0.976665
vn 0.0042 0.185893 0.982561
vn 0.448518 0.565623 0.692028
vn 0.0042 0.185893 0.982561
vn -0.19811 0.357018 0.912847
vn -0.347507 0.100102 0.932319
vn 0.1091 -0.311399 0.943996
vn 0.111301 0.173002 0.978612
vn 0.111301 0.173002 0.978612
vn 0.138795 -0.163894 0.976665
vn -0.347507 0.100102 0.932319
vn 0.1091 -0.311399 0.943996
vn 0.0042 0.185893 0.982561
vn 0.784996 0.127699 0.606197
vn 0.682613 -0.052201 0.728914
vn 0.682613 -0.052201 0.728914
vn 0.784996 0.127699 0.606197
vn 0.327208 -0.039601 0.944122
vn 0.138795 -0.163894 0.976665
vn 0.111301 0.173002 0.978612
vn -0.019301 0.568527 0.822438
vn -0.019301 0.568527 0.822438
vn 0.165796 0.40629 0.898577
vn 0.097198 0.53099 0.841785
vn 0.0152 -0.383797 0.923292
vn 0.165796 0.40629 0.898577
vn 0.0118 0.278702 0.960305
vn 0.553692 -0.250696 0.794088
vn 0.553692 -0.250696 0.794088
vn 0.0118 0.278702 0.960305
vn 0.251189 0.773666 0.581674
vn 0.251189 0.773666 0.581674
vn 0.876444 0.427422 0.221711
vn 0.809741 0.098105 0.578529
vn 0.809741 0.098105 0.578529
vn 0.876444 0.427422 0.221711
vn 0.868128 0.079603 0.489916
vn 0.991688 0.118599 0.049899
vn 0.668687 0.035699 0.742686
vn 0.682613 -0.052201 0.728914
vn 0.668687 0.035699 0.742686
vn 0.251189 0.773666 0.581674
vn 0.897399 0.0366 0.439699
vn 0.897399 0.0366 0.439699
vn 0.715021 -0.045501 0.697621
vn 0.668687 0.035699 0.742686
vn 0.715021 -0.045501 0.697621
vn 0.697105 0.389403 0.602005
vn 0.588317 0.455813 0.66792
vn 0.588317 0.455813 0.66792
vn 0.251189 0.773666 0.581674
vn 0.668687 0.035699 0.742686
vn 0.983976 -0.0169 0.177496
vn 0.897399 0.0366 0.439699
vn 0.983064 -0.172094 0.062998
vn 0.983976 -0.0169 0.177496
vn 0.848508 -0.242002 -0.470605
vn 0.983064 -0.172094 0.062998
vn 0.983976 -0.0169 0.177496
vn 0.61921 0.520408 -0.588009
vn 0.61921 0.520408 -0.588009
vn 0.848508 -0.242002 -0.470605
vn 0.983976 -0.0169 0.177496
vn 0.715021 -0.045501 0.697621
vn 0.959435 0.28191 0.0032
vn 0.697105 0.389403 0.602005
vn 0.697105 0.389403 0.602005
vn 0.959435 0.28191 0.0032
vn 0.726001 0.5735 0.3795
vn 0.726001 0.5735 0.3795
vn 0.797012 0.603609 0.0207
vn 0.767204 0.0004 -0.641403
vn 0.797012 0.603609 0.0207
vn 0.809741 0.098105 0.578529
vn 0.876444 0.427422 0.221711
vn 0.55278 -0.061298 0.83107
vn 0.809741 0.098105 0.578529
vn 0.55278 -0.061298 0.83107
vn 0.864109 0.058401 0.499905
vn 0.809741 0.098105 0.578529
vn 0.864109 0.058401 0.499905
vn 0.329119 0.719942 0.611035
vn 0.588317 0.455813 0.66792
vn 0.876444 0.427422 0.221711
vn 0.251189 0.773666 0.581674
vn 0.55278 -0.061298 0.83107
vn 0.588317 0.455813 0.66792
vn 0.864109 0.058401 0.499905
vn 0.55278 -0.061298 0.83107
vn 0.588317 0.455813 0.66792
vn 0.858818 0.333907 0.388508
vn 0.85063 0.260109 -0.456916
vn 0.918623 -0.118303 0.377009
vn 0.858818 0.333907 0.388508
vn 0.85063 0.260109 -0.456916
vn 0.937041 -0.045702 -0.346215
vn 0.75593 0.50282 0.419216
vn -0.248505 -0.50081 0.829117
vn -0.896763 -0.429382 -0.106996
vn -0.0534 -0.927696 -0.369498
vn -0.22871 0.259611 0.93824
vn -0.896763 -0.429382 -0.106996
vn -0.248505 -0.50081 0.829117
vn 0.300304 -0.937011 0.178402
vn -0.248505 -0.50081 0.829117
vn 0.300304 -0.937011 0.178402
vn 0.849926 -0.490515 0.192406
vn -0.248505 -0.50081 0.829117
vn 0.849926 -0.490515 0.192406
vn -0.22871 0.259611 0.93824
vn -0.841919 0.461511 -0.279606
vn -0.951287 -0.257796 -0.169098
vn -0.606693 -0.308597 0.732592
vn -0.606693 -0.308597 0.732592
vn -0.951287 -0.257796 -0.169098
vn -0.526798 -0.685697 -0.502298
vn 0.130395 -0.984864 0.114196
vn -0.606693 -0.308597 0.732592
vn 0.130395 -0.984864 0.114196
vn 0.690333 -0.647331 0.323115
vn -0.606693 -0.308597 0.732592
vn -0.144598 0.068899 0.987089
vn -0.841919 0.461511 -0.279606
vn -0.144598 0.068899 0.987089
vn -0.951287 -0.257796 -0.169098
vn -0.841919 0.461511 -0.279606
vn -0.526798 -0.685697 -0.502298
vn 0.130395 -0.984864 0.114196
vn -0.526798 -0.685697 -0.502298
vn -0.0145 -0.346809 -0.937824
vn 0.690333 -0.647331 0.323115
vn -0.144598 0.068899 0.987089
vn -0.765792 0.375196 0.522294
vn -0.906668 0.382687 -0.177494
vn -0.113905 -0.0096 0.993445
vn -0.765792 0.375196 0.522294
vn -0.144598 0.068899 0.987089
vn -0.906668 0.382687 -0.177494
vn -0.144598 0.068899 0.987089
vn 0.690333 -0.647331 0.323115
vn -0.113905 -0.0096 0.993445
vn -0.947836 0.129405 -0.291311
vn -0.633988 -0.715486 0.293494
vn 0.062102 0.0081 0.998037
vn -0.033001 -0.075202 0.996622
vn -0.033001 -0.075202 0.996622
vn -0.633988 -0.715486 0.293494
vn -0.765792 0.375196 0.522294
vn 0.694484 0.503189 0.514288
vn 0.71671 -0.512807 0.472606
vn -0.1792 -0.473999 0.862098
vn -0.228398 0.380597 0.896092
vn 0.512508 -0.107602 0.851914
vn -0.228398 0.380597 0.896092
vn -0.1792 -0.473999 0.862098
vn -0.1792 -0.473999 0.862098
vn 0.805974 -0.480885 0.345189
vn 0.805974 -0.480885 0.345189
vn 0.512508 -0.107602 0.851914
vn -0.1792 -0.473999 0.862098
vn 0.345783 0.745363 0.569972
vn -0.535887 0.671184 0.512188
vn -0.228398 0.380597 0.896092
vn 0.345783 0.745363 0.569972
vn 0.478292 0.765787 0.429893
vn 0.805974 -0.480885 0.345189
vn 0.880592 0.370697 0.295197
vn 0.736887 -0.661488 -0.139398
vn 0.880592 0.370697 0.295197
vn 0.805974 -0.480885 0.345189
vn 0.345783 0.745363 0.569972
vn 0.880592 0.370697 0.295197
vn 0.745284 0.649886 -0.148997
vn 0.478292 0.765787 0.429893
vn 0.745284 0.649886 -0.148997
vn 0.0204 -0.999792 -0.0008
vn 0.524485 0.69538 0.491286
vn 0.524485 0.69538 0.491286
vn -0.106798 -0.511391 0.852686
vn 0.554996 -0.067699 0.829094
vn -0.129303 0.478311 0.868619
vn 0.828805 -0.492103 0.266302
vn 0.554996 -0.067699 0.829094
vn -0.106798 -0.511391 0.852686
vn -0.106798 -0.511391 0.852686
vn -0.129303 0.478311 0.868619
vn -0.406103 0.732105 0.546903
vn -0.480289 -0.641386 0.598287
vn -0.106798 -0.511391 0.852686
vn -0.480289 -0.641386 0.598287
vn 0.828805 -0.492103 0.266302
vn 0.78576 0.527873 0.322384
vn 0.554996 -0.067699 0.829094
vn 0.828805 -0.492103 0.266302
vn 0.78576 0.527873 0.322384
vn 0.691909 0.714309 -0.105001
vn -0.406103 0.732105 0.546903
vn -0.129303 0.478311 0.868619
vn 0.78576 0.527873 0.322384
vn 0.524485 0.69538 0.491286
vn 0.0204 -0.999792 -0.0008
vn 0.728272 -0.665475 -0.163594
vn 0.642321 -0.746024 -0.175706
vn 0.524485 0.69538 0.491286
vn 0.902211 0.360405 0.236903
vn 0.524485 0.69538 0.491286
vn -0.406103 0.732105 0.546903
vn 0.691909 0.714309 -0.105001
vn 0.902211 0.360405 0.236903
vn 0.694623 0.661622 0.282409
vn 0.549215 0.820123 0.160504
vn 0.694623 0.661622 0.282409
vn 0.549215 0.820123 0.160504
vn 0.611858 0.751549 0.246583
vn 0.757911 0.626309 -0.182503
vn 0.611858 0.751549 0.246583
vn 0.902211 0.360405 0.236903
vn 0.880173 0.458786 0.121696
vn 0.728272 -0.665475 -0.163594
vn 0.902211 0.360405 0.236903
vn 0.691909 0.714309 -0.105001
vn 0.814172 -0.543081 -0.205393
vn 0.642321 -0.746024 -0.175706
vn 0.490712 -0.82022 -0.294007
vn 0.814172 -0.543081 -0.205393
vn 0.642321 -0.746024 -0.175706
vn 0.880173 0.458786 0.121696
vn 0.757911 0.626309 -0.182503
vn 0.879168 -0.0111 -0.476383
vn 0.879168 -0.0111 -0.476383
vn 0.070602 -0.424609 -0.90262
vn -0.0534 -0.927696 -0.369498
vn -0.896763 -0.429382 -0.106996
vn -0.947681 0.304094 -0.097098
vn -0.947681 0.304094 -0.097098
vn 0.849926 -0.490515 0.192406
vn 0.300304 -0.937011 0.178402
vn -0.0534 -0.927696 -0.369498
vn 0.070602 -0.424609 -0.90262
vn -0.0788 -0.3474 -0.9344
vn 0.849926 -0.490515 0.192406
vn 0.070602 -0.424609 -0.90262
vn -0.0788 -0.3474 -0.9344
vn -0.0145 -0.346809 -0.937824
vn -0.906668 0.382687 -0.177494
vn 0.080303 -0.383515 -0.920037
vn 0.080303 -0.383515 -0.920037
vn -0.98572 -0.159903 -0.052801
vn -0.452899 -0.640399 0.620299
vn -0.865515 0.475508 0.157403
vn -0.424804 -0.903308 -0.059801
vn -0.452899 -0.640399 0.620299
vn -0.98572 -0.159903 -0.052801
vn -0.865515 0.475508 0.157403
vn -0.619012 -0.306006 -0.723314
vn 0.048699 -0.459794 0.886689
vn -0.452899 -0.640399 0.620299
vn -0.424804 -0.903308 -0.059801
vn 0.200805 -0.872721 -0.445011
vn -0.452899 -0.640399 0.620299
vn 0.200805 -0.872721 -0.445011
vn 0.684198 -0.693298 -0.226299
vn 0.048699 -0.459794 0.886689
vn -0.227108 0.233209 -0.945535
vn -0.089399 0.222199 -0.970894
vn -0.227108 0.233209 -0.945535
vn -0.865515 0.475508 0.157403
vn -0.805907 0.510404 0.300003
vn -0.805907 0.510404 0.300003
vn 0.833308 -0.414204 0.366104
vn 0.833308 -0.414204 0.366104
vn -0.947836 0.129405 -0.291311
vn -0.154399 -0.345598 -0.925593
vn -0.652197 -0.731897 -0.197399
vn -0.652197 -0.731897 -0.197399
vn -0.619012 -0.306006 -0.723314
vn -0.227108 0.233209 -0.945535
vn 0.200805 -0.872721 -0.445011
vn -0.619012 -0.306006 -0.723314
vn 0.684198 -0.693298 -0.226299
vn -0.089399 0.222199 -0.970894
vn -0.804776 0.472186 0.359689
vn -0.99172 -0.128203 -0.0075
vn -0.387184 -0.759468 0.522778
vn -0.677095 -0.122699 -0.725595
vn -0.99172 -0.128203 -0.0075
vn -0.804776 0.472186 0.359689
vn 0.128896 -0.639778 0.757674
vn -0.807415 0.412708 0.421608
vn -0.807415 0.412708 0.421608
vn -0.211495 0.424291 -0.880481
vn -0.280393 0.486987 -0.827178
vn -0.434988 -0.879576 -0.192695
vn -0.387184 -0.759468 0.522778
vn -0.99172 -0.128203 -0.0075
vn -0.677095 -0.122699 -0.725595
vn -0.434988 -0.879576 -0.192695
vn -0.99172 -0.128203 -0.0075
vn 0.690333 -0.647331 0.323115
vn 0.727037 -0.613932 0.307416
vn -0.113905 -0.0096 0.993445
vn 0.662938 -0.480027 -0.574533
vn 0.727037 -0.613932 0.307416
vn 0.812163 -0.464079 0.353584
vn 0.812163 -0.464079 0.353584
vn 0.062102 0.0081 0.998037
vn 0.062102 0.0081 0.998037
vn 0.812163 -0.464079 0.353584
vn 0.808769 -0.541079 0.230491
vn -0.033001 -0.075202 0.996622
vn -0.58588 -0.796073 -0.151695
vn -0.153095 -0.051498 0.986869
vn -0.984088 -0.080499 0.158398
vn 0.144504 0.562716 0.813923
vn -0.682786 0.719985 -0.124197
vn 0.812163 -0.464079 0.353584
vn 0.662938 -0.480027 -0.574533
vn 0.808769 -0.541079 0.230491
vn 0.162502 -0.573806 0.802708
vn -0.153095 -0.051498 0.986869
vn 0.162502 -0.573806 0.802708
vn 0.952603 0.0398 0.301601
vn 0.144504 0.562716 0.813923
vn 0.069599 -0.703389 -0.707389
vn 0.162502 -0.573806 0.802708
vn -0.58588 -0.796073 -0.151695
vn 0.67059 -0.601991 0.433493
vn 0.67059 -0.601991 0.433493
vn 0.553206 0.0076 -0.83301
vn 0.952603 0.0398 0.301601
vn 0.67059 -0.601991 0.433493
vn 0.069599 -0.703389 -0.707389
vn 0.090798 0.739881 -0.666583
vn 0.629697 0.625197 0.461098
vn 0.090798 0.739881 -0.666583
vn 0.629697 0.625197 0.461098
vn 0.952603 0.0398 0.301601
vn 0.771073 -0.624378 -0.124896
vn -0.660095 0.226898 0.716095
vn 0.125896 -0.35179 0.927574
vn 0.125896 -0.35179 0.927574
vn -0.154399 -0.345598 -0.925593
vn 0.346413 -0.186107 -0.919436
vn 0.771073 -0.624378 -0.124896
vn 0.684198 -0.693298 -0.226299
vn 0.346413 -0.186107 -0.919436
vn -0.652197 -0.731897 -0.197399
vn -0.652197 -0.731897 -0.197399
vn -0.805907 0.510404 0.300003
vn -0.660095 0.226898 0.716095
vn -0.957181 0.281195 -0.068799
vn -0.957181 0.281195 -0.068799
vn -0.452416 0.108104 -0.885231
vn -0.652197 -0.731897 -0.197399
vn 0.282793 -0.220994 0.933376
vn 0.138705 -0.51902 0.843433
vn -0.652197 -0.731897 -0.197399
vn -0.452416 0.108104 -0.885231
vn 0.870994 -0.471397 -0.138399
vn 0.282793 -0.220994 0.933376
vn 0.138705 -0.51902 0.843433
vn 0.723593 -0.676393 -0.137499
vn 0.758735 -0.536725 0.369117
vn 0.721805 -0.361302 0.590304
vn -0.069503 -0.909336 0.410216
vn 0.672008 -0.211803 0.709609
vn 0.672008 -0.211803 0.709609
vn 0.870994 -0.471397 -0.138399
vn 0.723593 -0.676393 -0.137499
vn -0.452416 0.108104 -0.885231
vn 0.135395 -0.738272 -0.660775
vn 0.64718 -0.63838 -0.416687
vn 0.128896 -0.639778 0.757674
vn -0.387184 -0.759468 0.522778
vn 0.135395 -0.738272 -0.660775
vn -0.434988 -0.879576 -0.192695
vn -0.677095 -0.122699 -0.725595
vn 0.135395 -0.738272 -0.660775
vn 0.128896 -0.639778 0.757674
vn 0.64718 -0.63838 -0.416687
vn 0.767512 -0.527108 -0.364806
vn -0.515684 0.0027 0.856774
vn 0.293807 -0.564713 0.771218
vn 0.293807 -0.564713 0.771218
vn 0.64718 -0.63838 -0.416687
vn -0.211495 0.424291 -0.880481
vn 0.268097 -0.0025 -0.963389
vn -0.280393 0.486987 -0.827178
vn 0.767512 -0.527108 -0.364806
vn -0.952475 0.287492 0.100697
vn -0.952475 0.287492 0.100697
vn -0.567823 0.296412 -0.767931
vn -0.334916 -0.890343 -0.308415
vn -0.623766 -0.73826 -0.256686
vn -0.376607 -0.920517 -0.104002
vn -0.4464 -0.892299 0.0673
vn -0.588601 -0.616201 -0.523301
vn -0.4464 -0.892299 0.0673
vn -0.588601 -0.616201 -0.523301
vn -0.376607 -0.920517 -0.104002
vn -0.623766 -0.73826 -0.256686
vn -0.623766 -0.73826 -0.256686
vn -0.623766 -0.73826 -0.256686
vn -0.623766 -0.73826 -0.256686
vn 0.450288 -0.39899 0.798779
vn 0.343397 -0.637495 0.689695
vn -0.623766 -0.73826 -0.256686
vn -0.515684 0.0027 0.856774
vn 0.450288 -0.39899 0.798779
vn -0.952475 0.287492 0.100697
vn -0.623766 -0.73826 -0.256686
vn -0.567823 0.296412 -0.767931
vn 0.889043 -0.40122 -0.220511
vn 0.450288 -0.39899 0.798779
vn -0.618786 -0.761483 -0.192996
vn -0.618786 -0.761483 -0.192996
vn -0.0081 -0.999802 0.0182
vn 0.343397 -0.637495 0.689695
vn -0.0081 -0.999802 0.0182
vn -0.623766 -0.73826 -0.256686
vn -0.652197 -0.731897 -0.197399
vn -0.567823 0.296412 -0.767931
vn -0.618786 -0.761483 -0.192996
vn 0.268097 -0.0025 -0.963389
vn -0.618786 -0.761483 -0.192996
vn 0.747754 -0.583264 -0.31728
vn 0.889043 -0.40122 -0.220511
vn 0.747754 -0.583264 -0.31728
vn 0.889043 -0.40122 -0.220511
vn 0.268097 -0.0025 -0.963389
vn -0.386404 -0.258003 -0.885509
vn -0.618786 -0.761483 -0.192996
vn -0.334916 -0.890343 -0.308415
vn -0.334916 -0.890343 -0.308415
vn -0.588601 -0.616201 -0.523301
vn -0.266297 -0.79379 -0.546793
vn -0.266297 -0.79379 -0.546793
vn -0.386404 -0.258003 -0.885509
vn -0.334916 -0.890343 -0.308415
vn -0.0035 -0.99377 -0.111397
vn 0.747754 -0.583264 -0.31728
vn -0.618786 -0.761483 -0.192996
vn 0.326991 -0.778879 0.535186
vn -0.0035 -0.99377 -0.111397
vn -0.618786 -0.761483 -0.192996
vn -0.419716 -0.168206 0.891933
vn 0.326991 -0.778879 0.535186
vn -0.618786 -0.761483 -0.192996
vn -0.88074 0.249711 0.402418
vn -0.568419 0.348412 -0.745325
vn -0.88074 0.249711 0.402418
vn -0.618786 -0.761483 -0.192996
vn -0.386404 -0.258003 -0.885509
vn -0.568419 0.348412 -0.745325
vn -0.618786 -0.761483 -0.192996
vn -0.42391 -0.856519 -0.294407
vn 0.679101 -0.640601 0.358401
vn 0.399809 -0.343207 0.849919
vn 0.066502 -0.393711 -0.916826
vn 0.679101 -0.640601 0.358401
vn -0.42391 -0.856519 -0.294407
vn -0.732607 -0.492705 0.469605
vn 0.758735 -0.536725 0.369117
vn 0.758735 -0.536725 0.369117
vn 0.758735 -0.536725 0.369117
vn 0.343397 -0.637495 0.689695
vn 0.747754 -0.583264 -0.31728
vn 0.856802 -0.507801 0.0896
vn 0.758735 -0.536725 0.369117
vn 0.856802 -0.507801 0.0896
vn 0.831914 -0.326605 0.448607
vn 0.533685 -0.151096 0.832076
vn 0.721805 -0.361302 0.590304
vn 0.758735 -0.536725 0.369117
vn 0.831914 -0.326605 0.448607
vn 0.533685 -0.151096 0.832076
vn 0.758735 -0.536725 0.369117
vn 0.940334 -0.334812 -0.060602
vn 0.399809 -0.343207 0.849919
vn 0.679101 -0.640601 0.358401
vn 0.940334 -0.334812 -0.060602
vn 0.343397 -0.637495 0.689695
vn 0.343397 -0.637495 0.689695
vn -0.757698 -0.490999 0.429899
vn -0.50711 -0.815916 -0.277705
vn 0.570995 -0.562995 0.597495
vn -0.757698 -0.490999 0.429899
vn 0.570995 -0.562995 0.597495
vn -0.238703 -0.208202 0.948511
vn -0.50711 -0.815916 -0.277705
vn -0.213096 -0.266495 -0.939984
vn 0.67703 -0.719532 0.154607
vn 0.67703 -0.719532 0.154607
vn 0.479909 -0.433008 0.763014
vn 0.823114 -0.291405 -0.487408
vn 0.326991 -0.778879 0.535186
vn 0.479909 -0.433008 0.763014
vn 0.358104 -0.657808 0.662608
vn 0.479909 -0.433008 0.763014
vn 0.358104 -0.657808 0.662608
vn 0.823114 -0.291405 -0.487408
vn 0.856802 -0.507801 0.0896
vn 0.856802 -0.507801 0.0896
vn 0.856802 -0.507801 0.0896
vn 0.326991 -0.778879 0.535186
vn 0.889927 -0.247808 -0.382912
vn 0.903099 -0.4245 -0.0649
vn 0.69993 -0.313913 -0.641527
vn 0.889927 -0.247808 -0.382912
vn 0.902187 -0.249596 -0.351795
vn -0.096505 0.688033 -0.719234
vn 0.902187 -0.249596 -0.351795
vn -0.213096 -0.266495 -0.939984
vn 0.889927 -0.247808 -0.382912
vn 0.570995 -0.562995 0.597495
vn 0.67703 -0.719532 0.154607
vn 0.902187 -0.249596 -0.351795
vn 0.790388 0.166697 0.589491
vn 0.790388 0.166697 0.589491
vn -0.437095 -0.890189 0.128498
vn 0.778101 -0.619901 0.1014
vn 0.73884 -0.324817 0.590432
vn -0.400799 -0.552799 -0.730598
vn 0.778101 -0.619901 0.1014
vn -0.437095 -0.890189 0.128498
vn -0.448581 -0.263989 0.853865
vn 0.768619 -0.43341 -0.470511
vn 0.73884 -0.324817 0.590432
vn 0.778101 -0.619901 0.1014
vn 0.768619 -0.43341 -0.470511
vn -0.415397 0.087799 0.905393
vn -0.947681 0.304094 -0.097098
vn -0.22871 0.259611 0.93824
vn -0.269804 -0.62171 0.735311
vn -0.415397 0.087799 0.905393
vn -0.546919 -0.695424 -0.466116
vn -0.987109 0.118301 0.107801
vn -0.987109 0.118301 0.107801
vn -0.269804 -0.62171 0.735311
vn 0.833308 -0.414204 0.366104
vn -0.0788 -0.3474 -0.9344
vn -0.546919 -0.695424 -0.466116
vn -0.415397 0.087799 0.905393
vn -0.975932 0.213507 0.044401
vn -0.987109 0.118301 0.107801
vn -0.987109 0.118301 0.107801
vn -0.975932 0.213507 0.044401
vn -0.82017 -0.343688 -0.457383
vn -0.546919 -0.695424 -0.466116
vn -0.410792 0.269195 0.871082
vn -0.975932 0.213507 0.044401
vn -0.410792 0.269195 0.871082
vn -0.678277 0.258391 0.687877
vn -0.973862 -0.076997 0.213692
vn -0.973862 -0.076997 0.213692
vn -0.46139 -0.185996 0.867482
vn -0.654704 -0.648704 0.388002
vn -0.633988 -0.715486 0.293494
vn -0.033001 -0.075202 0.996622
vn -0.46139 -0.185996 0.867482
vn -0.633988 -0.715486 0.293494
vn -0.46139 -0.185996 0.867482
vn -0.269804 -0.62171 0.735311
vn -0.654704 -0.648704 0.388002
vn -0.654704 -0.648704 0.388002
vn -0.269804 -0.62171 0.735311
vn -0.4464 -0.892299 0.0673
vn -0.227496 0.170797 0.958683
vn -0.269804 -0.62171 0.735311
vn -0.546919 -0.695424 -0.466116
vn -0.4464 -0.892299 0.0673
vn 0.177896 -0.026999 0.983679
vn -0.410792 0.269195 0.871082
vn -0.227496 0.170797 0.958683
vn -0.46139 -0.185996 0.867482
vn 0.227904 0.102102 0.968316
vn -0.580305 0.159601 0.798607
vn -0.580305 0.159601 0.798607
vn -0.546919 -0.695424 -0.466116
vn -0.82017 -0.343688 -0.457383
vn -0.588601 -0.616201 -0.523301
vn -0.68393 -0.656829 -0.317514
vn -0.68393 -0.656829 -0.317514
vn -0.678277 0.258391 0.687877
vn -0.778196 -0.480997 0.403798
vn -0.973862 -0.076997 0.213692
vn -0.973862 -0.076997 0.213692
vn -0.778196 -0.480997 0.403798
vn -0.669606 -0.735707 -0.101801
vn -0.68393 -0.656829 -0.317514
vn -0.678277 0.258391 0.687877
vn -0.580305 0.159601 0.798607
vn -0.601892 -0.103899 0.79179
vn 0.177896 -0.026999 0.983679
vn -0.581401 -0.3222 -0.747101
vn -0.888556 0.19239 0.416479
vn -0.601892 -0.103899 0.79179
vn -0.678277 0.258391 0.687877
vn -0.576717 0.202206 0.791524
vn -0.581401 -0.3222 -0.747101
vn -0.601892 -0.103899 0.79179
vn -0.136195 0.224692 0.964865
vn -0.576717 0.202206 0.791524
vn -0.601892 -0.103899 0.79179
vn -0.226195 -0.174196 0.95838
vn -0.146193 0.40388 0.903055
vn -0.601892 -0.103899 0.79179
vn -0.146193 0.40388 0.903055
vn -0.226195 -0.174196 0.95838
vn -0.731112 0.097802 0.675211
vn -0.425125 0.193311 0.884251
vn -0.678277 0.258391 0.687877
vn -0.888556 0.19239 0.416479
vn -0.731112 0.097802 0.675211
vn -0.425125 0.193311 0.884251
vn -0.888556 0.19239 0.416479
vn -0.880123 -0.043901 0.472712
vn -0.576717 0.202206 0.791524
vn -0.880123 -0.043901 0.472712
vn -0.581401 -0.3222 -0.747101
vn -0.670661 0.739358 0.059697
vn -0.268803 -0.94441 -0.189302
vn 0.546308 -0.247404 0.800212
vn 0.546308 -0.247404 0.800212
vn -0.268803 -0.94441 -0.189302
vn 0.872589 0.479694 0.092099
vn 0.872589 0.479694 0.092099
vn -0.670661 0.739358 0.059697
vn 0.546308 -0.247404 0.800212
vn -0.268803 -0.94441 -0.189302
vn -0.670661 0.739358 0.059697
vn -0.307319 0.917657 0.251916
vn 0.455003 -0.409003 0.791005
vn 0.872589 0.479694 0.092099
vn -0.268803 -0.94441 -0.189302
vn 0.455003 -0.409003 0.791005
vn 0.455003 -0.409003 0.791005
vn -0.307319 0.917657 0.251916
vn 0.054001 -0.899819 -0.432909
vn 0.063002 0.194707 -0.978836
vn -0.307319 0.917657 0.251916
vn 0.455003 -0.409003 0.791005
vn 0.054001 -0.899819 -0.432909
vn 0.063002 0.194707 -0.978836
vn -0.678277 0.258391 0.687877
vn -0.411306 0.162402 0.896913
vn -0.490384 -0.163295 0.856072
vn -0.490384 -0.163295 0.856072
vn -0.411306 0.162402 0.896913
vn -0.910503 -0.1357 0.390601
vn -0.425125 0.193311 0.884251
vn -0.484293 0.201497 0.851387
vn -0.25601 0.26291 0.930235
vn -0.25601 0.26291 0.930235
vn -0.910503 -0.1357 0.390601
vn -0.669606 -0.735707 -0.101801
vn -0.778196 -0.480997 0.403798
vn -0.425125 0.193311 0.884251
vn -0.731112 0.097802 0.675211
vn -0.880123 -0.043901 0.472712
vn -0.425125 0.193311 0.884251
vn -0.880123 -0.043901 0.472712
vn -0.576717 0.202206 0.791524
vn -0.484293 0.201497 0.851387
vn -0.527491 0.366194 0.766587
vn -0.353794 0.508091 0.785286
vn -0.353794 0.508091 0.785286
vn -0.527491 0.366194 0.766587
vn -0.576717 0.202206 0.791524
vn -0.136195 0.224692 0.964865
vn -0.186497 0.254996 0.948786
vn 0.405197 0.300898 0.863294
vn 0.253804 0.436206 0.863312
vn -0.65306 0.320681 0.686058
vn -0.65306 0.320681 0.686058
vn -0.682786 0.719985 -0.124197
vn 0.144504 0.562716 0.813923
vn -0.033001 -0.075202 0.996622
vn 0.672008 -0.211803 0.709609
vn 0.227904 0.102102 0.968316
vn -0.033001 -0.075202 0.996622
vn 0.808769 -0.541079 0.230491
vn 0.672008 -0.211803 0.709609
vn 0.533685 -0.151096 0.832076
vn -0.492093 -0.839088 0.231897
vn 0.057299 0.325292 0.943876
vn -0.941854 -0.020699 0.335384
vn -0.941854 -0.020699 0.335384
vn 0.057299 0.325292 0.943876
vn 0.261504 0.70661 0.657509
vn 0.261504 0.70661 0.657509
vn -0.693911 0.690911 -0.202803
vn -0.941854 -0.020699 0.335384
vn 0.347187 -0.27239 0.897366
vn 0.979981 0.170497 0.102798
vn 0.057299 0.325292 0.943876
vn 0.347187 -0.27239 0.897366
vn 0.347187 -0.27239 0.897366
vn -0.492093 -0.839088 0.231897
vn 0.137207 -0.887443 -0.440021
vn 0.819706 -0.330802 0.467603
vn 0.819706 -0.330802 0.467603
vn 0.261504 0.70661 0.657509
vn -0.069503 -0.909336 0.410216
vn 0.808769 -0.541079 0.230491
vn -0.652197 -0.731897 -0.197399
vn -0.069503 -0.909336 0.410216
vn 0.672008 -0.211803 0.709609
vn 0.4157 -0.229 -0.8802
vn 0.819706 -0.330802 0.467603
vn 0.137207 -0.887443 -0.440021
vn 0.979981 0.170497 0.102798
vn -0.693911 0.690911 -0.202803
vn 0.261504 0.70661 0.657509
vn 0.66691 0.716411 0.204903
vn -0.045201 0.594913 -0.802518
vn 0.66691 0.716411 0.204903
vn 0.979981 0.170497 0.102798
vn -0.045201 0.594913 -0.802518
vn 0.66691 0.716411 0.204903
vn 0.4157 -0.229 -0.8802
vn 0.039302 0.109205 0.993242
vn 0.327119 -0.478728 0.814747
vn 0.257297 0.674393 0.692093
vn -0.598378 -0.80007 0.042798
vn 0.327119 -0.478728 0.814747
vn 0.039302 0.109205 0.993242
vn 0.039302 0.109205 0.993242
vn 0.257297 0.674393 0.692093
vn -0.95866 -0.095396 0.268089
vn -0.95866 -0.095396 0.268089
vn 0.749279 -0.527285 0.400689
vn 0.257297 0.674393 0.692093
vn 0.327119 -0.478728 0.814747
vn 0.327119 -0.478728 0.814747
vn -0.598378 -0.80007 0.042798
vn 0.043498 -0.843558 -0.535273
vn 0.043498 -0.843558 -0.535273
vn 0.749279 -0.527285 0.400689
vn 0.327119 -0.478728 0.814747
vn -0.710189 0.694389 -0.115998
vn -0.95866 -0.095396 0.268089
vn 0.257297 0.674393 0.692093
vn 0.722834 0.674831 0.148707
vn 0.257297 0.674393 0.692093
vn 0.722834 0.674831 0.148707
vn -0.710189 0.694389 -0.115998
vn 0.981417 0.160803 0.104702
vn 0.370203 -0.0318 -0.928407
vn 0.981417 0.160803 0.104702
vn 0.749279 -0.527285 0.400689
vn 0.043498 -0.843558 -0.535273
vn 0.722834 0.674831 0.148707
vn 0.981417 0.160803 0.104702
vn -0.101302 0.633215 -0.767318
vn -0.101302 0.633215 -0.767318
vn 0.370203 -0.0318 -0.928407
vn 0.385589 0.229493 0.893674
vn -0.780132 0.445018 0.439718
vn -0.732607 -0.492705 0.469605
vn 0.399809 -0.343207 0.849919
vn 0.636403 0.614303 0.466502
vn 0.636403 0.614303 0.466502
vn -0.372302 0.906306 -0.200001
vn -0.780132 0.445018 0.439718
vn 0.940334 -0.334812 -0.060602
vn 0.385589 0.229493 0.893674
vn 0.399809 -0.343207 0.849919
vn 0.636403 0.614303 0.466502
vn 0.963171 0.263892 -0.051598
vn 0.0048 0.469981 -0.882664
vn 0.963171 0.263892 -0.051598
vn 0.0048 0.469981 -0.882664
vn 0.963171 0.263892 -0.051598
vn 0.940334 -0.334812 -0.060602
vn 0.066502 -0.393711 -0.916826
vn 0.349211 0.061402 0.93503
vn -0.791086 -0.098698 0.60369
vn -0.604415 -0.790519 0.098802
vn 0.522473 -0.499174 0.691265
vn 0.349211 0.061402 0.93503
vn -0.604415 -0.790519 0.098802
vn -0.021999 -0.752977 -0.65768
vn 0.522473 -0.499174 0.691265
vn -0.604415 -0.790519 0.098802
vn -0.791086 -0.098698 0.60369
vn 0.349211 0.061402 0.93503
vn 0.432103 0.536604 0.724805
vn -0.728135 0.667232 0.156908
vn 0.349211 0.061402 0.93503
vn 0.522473 -0.499174 0.691265
vn 0.989427 0.120103 -0.081302
vn 0.989427 0.120103 -0.081302
vn 0.432103 0.536604 0.724805
vn 0.349211 0.061402 0.93503
vn -0.728135 0.667232 0.156908
vn 0.432103 0.536604 0.724805
vn 0.798164 0.581974 0.155693
vn -0.219496 0.735585 -0.640887
vn 0.926774 -0.317191 0.201194
vn 0.522473 -0.499174 0.691265
vn 0.926774 -0.317191 0.201194
vn 0.989427 0.120103 -0.081302
vn 0.926774 -0.317191 0.201194
vn -0.021999 -0.752977 -0.65768
vn 0.124494 0.030399 -0.991755
vn 0.989427 0.120103 -0.081302
vn 0.798164 0.581974 0.155693
vn 0.989427 0.120103 -0.081302
vn -0.219496 0.735585 -0.640887
vn 0.798164 0.581974 0.155693
vn 0.567696 -0.246098 0.785594
vn 0.410493 -0.055299 0.910185
vn 0.379391 0.121097 0.917278
vn 0.567696 -0.246098 0.785594
vn 0.790388 0.166697 0.589491
vn -0.217491 0.0031 0.976058
vn -0.238703 -0.208202 0.948511
vn -0.55811 0.56271 0.609811
vn 0.790388 0.166697 0.589491
vn -0.374397 0.925994 0.0486
vn -0.55811 0.56271 0.609811
vn 0.907609 0.413804 -0.070801
vn -0.096505 0.688033 -0.719234
vn 0.907609 0.413804 -0.070801
vn -0.096505 0.688033 -0.719234
vn -0.448581 -0.263989 0.853865
vn 0.73884 -0.324817 0.590432
vn 0.792776 0.357189 0.493885
vn -0.475569 0.592561 0.650158
vn 0.792776 0.357189 0.493885
vn -0.475569 0.592561 0.650158
vn 0.792776 0.357189 0.493885
vn 0.797265 0.594374 -0.105295
vn -0.295301 0.938102 -0.181
vn 0.797265 0.594374 -0.105295
vn 0.124494 0.030399 -0.991755
vn 0.774701 -0.4229 0.4701
vn 0.883402 -0.456401 0.1063
vn 0.774701 -0.4229 0.4701
vn 0.883402 -0.456401 0.1063
vn 0.885223 0.194805 0.422411
vn 0.567696 -0.246098 0.785594
vn 0.831914 -0.326605 0.448607
vn 0.903099 -0.4245 -0.0649
vn 0.883402 -0.456401 0.1063
vn -0.610709 -0.267204 0.745411
vn -0.346583 -0.913355 0.213689
vn 0.825597 -0.462598 0.323099
vn 0.555774 -0.010899 0.831262
vn -0.715679 0.563684 0.412388
vn -0.610709 -0.267204 0.745411
vn 0.555774 -0.010899 0.831262
vn -0.346583 -0.913355 0.213689
vn -0.230698 -0.740693 -0.630994
vn 0.8743 -0.3395 -0.3469
vn 0.825597 -0.462598 0.323099
vn 0.596222 0.602022 0.53112
vn -0.518918 0.752626 -0.405314
vn -0.715679 0.563684 0.412388
vn 0.596222 0.602022 0.53112
vn 0.947141 -0.287882 -0.141591
vn 0.913603 -0.281401 -0.293501
vn 0.913603 -0.281401 -0.293501
vn 0.719397 -0.571698 -0.394499
vn 0.661514 0.743515 -0.097902
vn -0.518918 0.752626 -0.405314
vn 0.661514 0.743515 -0.097902
vn -0.240805 0.054901 -0.96902
vn 0.555774 -0.010899 0.831262
vn 0.825597 -0.462598 0.323099
vn 0.661514 0.743515 -0.097902
vn 0.596222 0.602022 0.53112
vn 0.88736 0.22369 -0.403182
vn 0.8743 -0.3395 -0.3469
vn -0.230698 -0.740693 -0.630994
vn -0.240805 0.054901 -0.96902
vn 0.88736 0.22369 -0.403182
vn -0.230698 -0.740693 -0.630994
vn 0.8743 -0.3395 -0.3469
vn 0.88736 0.22369 -0.403182
vn 0.947141 -0.287882 -0.141591
vn 0.88736 0.22369 -0.403182
vn -0.389889 0.292792 0.873075
vn -0.218487 0.382277 0.897846
vn -0.146193 0.40388 0.903055
vn -0.389889 0.292792 0.873075
vn -0.218487 0.382277 0.897846
vn -0.146193 0.40388 0.903055
vn 0.407498 0.0876 0.908995
vn 0.177896 -0.026999 0.983679
vn 0.177896 -0.026999 0.983679
vn 0.410493 -0.055299 0.910185
vn 0.407498 0.0876 0.908995
vn -0.186497 0.254996 0.948786
vn -0.218487 0.382277 0.897846
vn -0.391991 0.232595 0.89008
vn -0.391991 0.232595 0.89008
vn -0.389889 0.292792 0.873075
vn 0.407498 0.0876 0.908995
vn 0.407498 0.0876 0.908995
vn 0.595925 0.322513 0.735431
vn 0.407498 0.0876 0.908995
vn 0.410493 -0.055299 0.910185
vn 0.216604 0.454108 0.864216
vn 0.595925 0.322513 0.735431
vn 0.595925 0.322513 0.735431
vn 0.405197 0.300898 0.863294
vn 0.407498 0.0876 0.908995
vn 0.405197 0.300898 0.863294
vn 0.595925 0.322513 0.735431
vn 0.748811 0.294805 0.593609
vn 0.794049 0.225286 0.564564
vn 0.794049 0.225286 0.564564
vn 0.659292 0.390395 0.642592
vn 0.748811 0.294805 0.593609
vn 0.379391 0.121097 0.917278
vn 0.567696 -0.246098 0.785594
vn 0.885223 0.194805 0.422411
vn 0.959724 0.179404 0.216205
vn 0.959724 0.179404 0.216205
vn 0.659292 0.390395 0.642592
vn 0.379391 0.121097 0.917278
vn 0 0 1
vn -0.091302 -0.070601 0.993317
vn 0.095396 0.128895 0.987059
vn 0.136802 -0.613809 -0.777511
vn 0.095396 0.128895 0.987059
vn -0.091302 -0.070601 0.993317
vn -0.091302 -0.070601 0.993317
vn 0.095396 0.128895 0.987059
vn 0.117104 0.610222 -0.783528
vn 0.117104 0.610222 -0.783528
vn 0.136802 -0.613809 -0.777511
vn -0.091302 -0.070601 0.993317
vn 0.095396 0.128895 0.987059
vn 0.136802 -0.613809 -0.777511
vn 0.117104 0.610222 -0.783528
vn 0.6821 -0.5628 0.4669
vn 0.623572 0.644971 0.44178
vn 0.117104 0.610222 -0.783528
vn 0.623572 0.644971 0.44178
vn 0.6821 -0.5628 0.4669
vn -0.65512 -0.717222 -0.237507
vn -0.588092 0.531092 -0.609991
vn 0.136802 -0.613809 -0.777511
vn 0.6821 -0.5628 0.4669
vn -0.65512 -0.717222 -0.237507
vn -0.588092 0.531092 -0.609991
vn -0.588092 0.531092 -0.609991
vn 0.175499 -0.215998 0.960492
vn 0.094405 -0.58373 0.806441
vn 0.175499 -0.215998 0.960492
vn 0.305593 -0.564088 0.767084
vn 0.177895 -0.113597 0.977471
vn 0.172899 -0.470498 0.865296
vn 0.0208 0.064301 0.997714
vn -0.371694 -0.096898 0.923285
vn -0.371694 -0.096898 0.923285
vn 0.0208 0.064301 0.997714
vn -0.262897 -0.109499 0.95859
vn 0.203991 -0.641772 0.739268
vn 0.172899 -0.470498 0.865296
vn -0.371694 -0.096898 0.923285
vn 0.094405 -0.58373 0.806441
vn 0.177895 -0.113597 0.977471
vn -0.371694 -0.096898 0.923285
vn 0.177895 -0.113597 0.977471
vn 0.094405 -0.58373 0.806441
vn 0.0208 0.064301 0.997714
vn 0.175499 -0.215998 0.960492
vn -0.262897 -0.109499 0.95859
vn 0.481696 -0.494496 0.723494
vn -0.262897 -0.109499 0.95859
vn 0.329086 -0.742468 0.583475
vn 0.172899 -0.470498 0.865296
vn 0.329086 -0.742468 0.583475
vn 0.481696 -0.494496 0.723494
vn -0.175307 -0.260811 0.949339
vn -0.0448 -0.208998 0.976889
vn 0.481696 -0.494496 0.723494
vn 0.322489 -0.307689 0.895169
vn -0.273411 0.202508 0.940339
vn -0.175307 -0.260811 0.949339
vn 0.481696 -0.494496 0.723494
vn 0.322489 -0.307689 0.895169
vn -0.175307 -0.260811 0.949339
vn 0.700574 -0.168194 0.693474
vn 0.034 0.640503 0.767203
vn -0.332211 0.544417 0.770225
vn 0.322489 -0.307689 0.895169
vn 0.700574 -0.168194 0.693474
vn 0.419621 -0.317816 0.850242
vn -0.214807 -0.458715 0.862229
vn 0.015499 -0.247092 0.968868
vn 0.419621 -0.317816 0.850242
vn 0.5659 -0.4827 0.6684
vn -0.214807 -0.458715 0.862229
vn 0.5659 -0.4827 0.6684
vn 0.524795 -0.0329 0.850592
vn -0.131296 0.143696 0.980873
vn 0.589818 -0.304509 0.747923
vn 0.589818 -0.304509 0.747923
vn 0.203991 -0.641772 0.739268
vn 0.524795 -0.0329 0.850592
vn 0.203991 -0.641772 0.739268
vn 0.203991 -0.641772 0.739268
vn 0.487769 -0.576363 0.655658
vn 0.487769 -0.576363 0.655658
vn 0.487769 -0.576363 0.655658
vn 0.64352 -0.66432 0.380212
vn 0.487769 -0.576363 0.655658
vn 0.773597 -0.575698 0.264799
vn 0.671082 -0.675382 0.305792
vn 0.495396 0.436396 0.751093
vn 0.801888 0.452293 0.390394
vn 0.810391 -0.558894 0.175798
vn 0.831089 -0.391095 0.395395
vn 0.773597 -0.575698 0.264799
vn 0.64352 -0.66432 0.380212
vn 0.661192 -0.301896 0.686792
vn 0.831089 -0.391095 0.395395
vn 0.64352 -0.66432 0.380212
vn 0.661192 -0.301896 0.686792
vn 0.748677 -0.484685 0.452286
vn 0.826526 -0.522216 0.210107
vn 0.847386 -0.447693 0.285495
vn 0.773597 -0.575698 0.264799
vn 0.831089 -0.391095 0.395395
vn 0.816655 -0.486173 0.310983
vn 0.816655 -0.486173 0.310983
vn 0.748677 -0.484685 0.452286
vn 0.773597 -0.575698 0.264799
vn 0.831089 -0.391095 0.395395
vn 0.661192 -0.301896 0.686792
vn 0.816655 -0.486173 0.310983
vn 0.661192 -0.301896 0.686792
vn 0.713171 -0.219391 0.665773
vn 0.816655 -0.486173 0.310983
vn 0.713171 -0.219391 0.665773
vn 0.807811 -0.321404 0.494107
vn 0.717407 -0.120201 0.686206
vn 0.717407 -0.120201 0.686206
vn 0.807811 -0.321404 0.494107
vn 0.826526 -0.522216 0.210107
vn 0.8486 0.4836 -0.2145
vn 0.8486 0.4836 -0.2145
vn 0.810391 -0.558894 0.175798
vn 0.801888 0.452293 0.390394
vn 0.816334 0.47602 -0.327114
vn 0.816334 0.47602 -0.327114
vn 0.809324 -0.456813 0.369211
vn 0.825824 -0.561916 -0.047601
vn 0.809324 -0.456813 0.369211
vn 0.810391 -0.558894 0.175798
vn 0.905161 -0.419482 -0.068697
vn 0.810391 -0.558894 0.175798
vn 0.905161 -0.419482 -0.068697
vn 0.825824 -0.561916 -0.047601
vn 0.671082 -0.675382 0.305792
vn 0.809324 -0.456813 0.369211
vn 0.907371 -0.035999 0.418787
vn 0.898021 -0.0146 0.43971
vn 0.851926 -0.516215 -0.088003
vn 0.936168 -0.273891 0.220393
vn 0.851926 -0.516215 -0.088003
vn 0.671082 -0.675382 0.305792
vn 0.936168 -0.273891 0.220393
vn 0.926204 -0.371602 0.0637
vn 0.907371 -0.035999 0.418787
vn 0.809324 -0.456813 0.369211
vn 0.825824 -0.561916 -0.047601
vn 0.898021 -0.0146 0.43971
vn 0.898783 -0.334394 0.283495
vn 0.898783 -0.334394 0.283495
vn 0.850363 -0.220691 0.477679
vn 0.898783 -0.334394 0.283495
vn 0.898021 -0.0146 0.43971
vn 0.898021 -0.0146 0.43971
vn 0.851926 -0.516215 -0.088003
vn 0.994991 -0.0192 -0.098099
vn 0.994991 -0.0192 -0.098099
vn 0.931269 -0.325489 0.163694
vn 0.850363 -0.220691 0.477679
vn 0.994991 -0.0192 -0.098099
vn 0.850363 -0.220691 0.477679
vn 0.936168 -0.273891 0.220393
vn 0.907371 -0.035999 0.418787
vn 0.89433 -0.050802 0.444515
vn 0.89433 -0.050802 0.444515
vn 0.850363 -0.220691 0.477679
vn -0.434807 -0.325305 0.839714
vn -0.919422 -0.353809 0.171704
vn -0.478371 -0.672459 0.564766
vn -0.478371 -0.672459 0.564766
vn -0.919422 -0.353809 0.171704
vn -0.752683 -0.657585 0.032399
vn 0.257793 -0.0156 0.966074
vn -0.437496 0.135899 0.888892
vn 0.241193 -0.437287 0.866375
vn -0.478371 -0.672459 0.564766
vn 0.241193 -0.437287 0.866375
vn -0.888793 -0.166499 0.426996
vn -0.752683 -0.657585 0.032399
vn 0.700574 -0.168194 0.693474
vn 0.847386 -0.447693 0.285495
vn 0.098399 -0.865588 0.490993
vn 0.098399 -0.865588 0.490993
vn 0.168498 -0.380295 0.909387
vn 0.700574 -0.168194 0.693474
vn 0.168498 -0.380295 0.909387
vn 0.280998 0.668695 0.688395
vn 0.186798 0.761394 0.620795
vn 0.826526 -0.522216 0.210107
vn 0.931269 -0.325489 0.163694
vn 0.168498 -0.380295 0.909387
vn 0.098399 -0.865588 0.490993
vn -0.503106 -0.572606 0.647307
vn -0.050202 -0.549122 0.834233
vn -0.097698 0.382491 0.918779
vn 0.280998 0.668695 0.688395
vn 0.168498 -0.380295 0.909387
vn -0.352885 -0.014099 0.93556
vn -0.097698 0.382491 0.918779
vn 0.168498 -0.380295 0.909387
vn -0.070804 0.094005 0.993051
vn 0.126799 -0.785992 0.605094
vn 0.126799 -0.785992 0.605094
vn -0.503106 -0.572606 0.647307
vn 0.098399 -0.865588 0.490993
vn 0.098399 -0.865588 0.490993
vn 0.109106 -0.917149 -0.38332
vn -0.807674 -0.506184 -0.30239
vn 0.109106 -0.917149 -0.38332
vn -0.050202 -0.549122 0.834233
vn -0.503106 -0.572606 0.647307
vn -0.434807 -0.325305 0.839714
vn 0.257793 -0.0156 0.966074
vn 0.845853 -0.421677 0.326682
vn 0.845853 -0.421677 0.326682
vn 0.766983 -0.0153 0.641485
vn 0.766983 -0.0153 0.641485
vn 0.810346 0.113606 0.574833
vn 0.788096 0.0177 0.615297
vn 0.810346 0.113606 0.574833
vn 0.766983 -0.0153 0.641485
vn 0.845853 -0.421677 0.326682
vn 0.861227 -0.459514 0.217107
vn 0.949324 0.155204 0.273307
vn 0.5683 0.4302 0.7014
vn 0.810346 0.113606 0.574833
vn 0.526593 0.290096 0.799089
vn 0.454586 -0.069698 0.887972
vn 0.823309 0.114101 0.556006
vn 0.810346 0.113606 0.574833
vn 0.766893 -0.073999 0.637494
vn 0.495985 0.120896 0.859874
vn 0.462097 0.239798 0.853794
vn 0.823309 0.114101 0.556006
vn 0.708316 0.214505 0.672515
vn 0.758908 -0.395804 0.517105
vn 0.495985 0.120896 0.859874
vn 0.766893 -0.073999 0.637494
vn 0.861227 -0.459514 0.217107
vn 0.68819 0.110998 0.71699
vn 0.68819 0.110998 0.71699
vn 0.24231 0.0106 0.970141
vn 0.68819 0.110998 0.71699
vn 0.708316 0.214505 0.672515
vn 0.725548 0.130709 0.675645
vn 0.708316 0.214505 0.672515
vn 0.725548 0.130709 0.675645
vn 0.623779 -0.164594 0.764074
vn 0.623779 -0.164594 0.764074
vn 0.68819 0.110998 0.71699
vn 0.949324 0.155204 0.273307
vn 0.861227 -0.459514 0.217107
vn 0.720927 0.189407 0.666625
vn 0.727988 -0.390094 0.563791
vn 0.5683 0.4302 0.7014
vn 0.720927 0.189407 0.666625
vn 0.788096 0.0177 0.615297
vn 0.788096 0.0177 0.615297
vn 0.766893 -0.073999 0.637494
vn 0.788096 0.0177 0.615297
vn 0.725548 0.130709 0.675645
vn 0.827863 -0.517177 0.21719
vn 0.827863 -0.517177 0.21719
vn 0.721768 -0.66237 -0.200791
vn 0.917389 -0.396695 0.0321
vn 0.768085 -0.101898 0.632188
vn 0.788096 0.0177 0.615297
vn 0.827863 -0.517177 0.21719
vn 0.917389 -0.396695 0.0321
vn 0.934056 -0.063797 0.351383
vn 0.768085 -0.101898 0.632188
vn 0.725548 0.130709 0.675645
vn 0.788096 0.0177 0.615297
vn 0.668622 0.090103 0.738124
vn 0.623779 -0.164594 0.764074
vn 0.865652 -0.378079 0.328182
vn 0.998642 -0.050902 -0.0111
vn 0.865652 -0.378079 0.328182
vn 0.768085 -0.101898 0.632188
vn 0.917389 -0.396695 0.0321
vn 0.623779 -0.164594 0.764074
vn 0.865652 -0.378079 0.328182
vn 0.582471 -0.453677 0.674466
vn 0.368892 -0.101798 0.923881
vn 0.24231 0.0106 0.970141
vn 0.623779 -0.164594 0.764074
vn 0.579196 0.143299 0.802494
vn 0.623779 -0.164594 0.764074
vn 0.582471 -0.453677 0.674466
vn 0.579196 0.143299 0.802494
vn 0.955393 -0.284798 -0.078199
vn 0.917615 -0.281204 0.280904
vn 0.955393 -0.284798 -0.078199
vn 0.934056 -0.063797 0.351383
vn 0.988932 -0.049402 -0.139905
vn 0.093404 -0.581126 0.808436
vn 0.600593 -0.309097 0.737392
vn 0.093404 -0.581126 0.808436
vn 0.180804 -0.975324 0.126703
vn 0.093404 -0.581126 0.808436
vn 0.180804 -0.975324 0.126703
vn 0.625502 -0.768402 0.1353
vn 0.600593 -0.309097 0.737392
vn 0.418511 0.517114 0.74662
vn -0.074401 0.653907 0.752908
vn -0.046902 0.431214 0.90103
vn 0.418511 0.517114 0.74662
vn 0.474586 -0.774578 0.418088
vn 0.727988 -0.390094 0.563791
vn 0.180804 -0.975324 0.126703
vn 0.727988 -0.390094 0.563791
vn 0.152498 -0.721989 0.67489
vn 0.272612 -0.769735 0.577226
vn 0.625502 -0.768402 0.1353
vn 0.727988 -0.390094 0.563791
vn 0.155805 -0.072402 0.985131
vn 0.118503 -0.175504 0.977321
vn 0.727988 -0.390094 0.563791
vn 0.118503 -0.175504 0.977321
vn 0.152498 -0.721989 0.67489
vn 0.368892 -0.101798 0.923881
vn 0.247099 -0.226299 0.942195
vn 0.118503 -0.175504 0.977321
vn 0.155805 -0.072402 0.985131
vn 0.446574 -0.040098 0.893848
vn 0.247099 -0.226299 0.942195
vn 0.155805 -0.072402 0.985131
vn 0.446574 -0.040098 0.893848
vn 0.152498 -0.721989 0.67489
vn 0.272612 -0.769735 0.577226
vn 0.174993 -0.930465 0.321888
vn 0.272612 -0.769735 0.577226
vn 0.247099 -0.226299 0.942195
vn 0.231801 -0.603402 0.763003
vn 0.272612 -0.769735 0.577226
vn 0.231801 -0.603402 0.763003
vn 0.174993 -0.930465 0.321888
vn 0.308911 0.543319 0.780627
vn 0.308911 0.543319 0.780627
vn 0.211211 0.363219 0.907448
vn 0.308911 0.543319 0.780627
vn 0.418511 0.517114 0.74662
vn 0.204 0.6199 0.7577
vn 0.204 0.6199 0.7577
vn 0.191301 0.428403 0.883105
vn 0.174993 -0.930465 0.321888
vn 0.278591 -0.757676 0.590181
vn 0.50968 -0.421983 0.749771
vn 0.278591 -0.757676 0.590181
vn -0.134207 -0.859143 0.493824
vn 0.463685 -0.778075 0.423786
vn -0.134207 -0.859143 0.493824
vn 0.231801 -0.603402 0.763003
vn 0.278591 -0.757676 0.590181
vn 0.463685 -0.778075 0.423786
vn 0.231801 -0.603402 0.763003
vn 0.468018 -0.428416 0.772929
vn 0.418511 0.517114 0.74662
vn 0.468018 -0.428416 0.772929
vn 0.174993 -0.930465 0.321888
vn 0.099097 -0.36939 0.923975
vn 0.468018 -0.428416 0.772929
vn 0.099097 -0.36939 0.923975
vn 0.351196 0.458795 0.816191
vn 0.351196 0.458795 0.816191
vn -0.134207 -0.859143 0.493824
vn 0.099097 -0.36939 0.923975
vn 0.174993 -0.930465 0.321888
vn 0.099097 -0.36939 0.923975
vn -0.134207 -0.859143 0.493824
vn 0.463685 -0.778075 0.423786
vn 0.053902 0.50002 0.864335
vn 0.351196 0.458795 0.816191
vn 0.099097 -0.36939 0.923975
vn 0.697881 -0.172295 0.695181
vn 0.697881 -0.172295 0.695181
vn 0.351196 0.458795 0.816191
vn 0.053902 0.50002 0.864335
vn 0.204 0.6199 0.7577
vn 0.351196 0.458795 0.816191
vn 0.204 0.6199 0.7577
vn 0.053902 0.50002 0.864335
vn 0.191301 0.428403 0.883105
vn 0.599217 0.482414 0.638918
vn 0.191301 0.428403 0.883105
vn 0.053902 0.50002 0.864335
vn 0.599217 0.482414 0.638918
vn 0.599217 0.482414 0.638918
vn 0.543773 0.563772 0.621669
vn 0.122002 0.846814 0.517708
vn 0.877461 -0.334785 0.343485
vn 0.599217 0.482414 0.638918
vn 0.697881 -0.172295 0.695181
vn 0.423005 -0.819609 0.386404
vn 0.877461 -0.334785 0.343485
vn 0.932773 0.325391 0.155096
vn 0.599217 0.482414 0.638918
vn 0.932773 0.325391 0.155096
vn 0.543773 0.563772 0.621669
vn 0.423005 -0.819609 0.386404
vn 0.782087 -0.133098 0.60879
vn 0.50968 -0.421983 0.749771
vn 0.50968 -0.421983 0.749771
vn 0.906209 0.341004 0.250003
vn 0.906209 0.341004 0.250003
vn 0.955874 0.275093 0.103097
vn 0.955874 0.275093 0.103097
vn 0.460783 0.163794 0.872268
vn 0.211211 0.363219 0.907448
vn 0.122002 0.846814 0.517708
vn 0.534098 0.475398 0.699097
vn 0.211211 0.363219 0.907448
vn 0.534098 0.475398 0.699097
vn 0.460783 0.163794 0.872268
vn 0.637298 -0.0333 0.769898
vn 0.637298 -0.0333 0.769898
vn 0.701627 0.512519 0.495019
vn 0.533808 0.755912 0.379006
vn 0.534098 0.475398 0.699097
vn 0.122002 0.846814 0.517708
vn 0.543773 0.563772 0.621669
vn 0.617501 0.1899 0.763302
vn 0.617501 0.1899 0.763302
vn 0.795726 0.556718 0.238508
vn 0.637298 -0.0333 0.769898
vn 0.818145 0.386521 0.425723
vn 0.855358 -0.016499 0.517775
vn 0.701627 0.512519 0.495019
vn 0.637298 -0.0333 0.769898
vn 0.855358 -0.016499 0.517775
vn 0.818145 0.386521 0.425723
vn 0.795726 0.556718 0.238508
vn 0.543773 0.563772 0.621669
vn 0.939278 0.230195 0.254494
vn 0.939278 0.230195 0.254494
vn 0.50968 -0.421983 0.749771
vn 0.33211 0.312909 0.889826
vn 0.579196 0.143299 0.802494
vn 0.782087 -0.133098 0.60879
vn 0.579196 0.143299 0.802494
vn 0.906209 0.341004 0.250003
vn 0.782087 -0.133098 0.60879
vn 0.579196 0.143299 0.802494
vn 0.79807 0.432084 0.419984
vn 0.579196 0.143299 0.802494
vn 0.917615 -0.281204 0.280904
vn 0.79807 0.432084 0.419984
vn 0.944571 0.279092 0.172895
vn 0.88532 0.46161 0.055901
vn 0.883008 0.469004 0.0182
vn 0.88532 0.46161 0.055901
vn 0.0646 0.966295 0.249199
vn -0.666588 0.405493 -0.625489
vn -0.964374 -0.166596 0.205495
vn -0.964374 -0.166596 0.205495
vn -0.446503 -0.630804 0.634604
vn -0.240406 0.661017 0.710818
vn -0.240406 0.661017 0.710818
vn -0.666588 0.405493 -0.625489
vn 0.0646 0.966295 0.249199
vn 0.526705 0.849508 0.0303
vn 0.266005 0.110502 -0.957617
vn -0.446503 -0.630804 0.634604
vn 0.092402 -0.961419 0.259105
vn 0.247397 0.353596 0.902089
vn -0.240406 0.661017 0.710818
vn 0.944571 0.279092 0.172895
vn 0.944571 0.279092 0.172895
vn 0.092402 -0.961419 0.259105
vn 0.744806 -0.580705 -0.328703
vn 0.565903 0.132201 0.813804
vn 0.565903 0.132201 0.813804
vn 0.939278 0.230195 0.254494
vn 0.855358 -0.016499 0.517775
vn 0.939278 0.230195 0.254494
vn 0.944571 0.279092 0.172895
vn 0.776781 0.467388 0.42209
vn 0.266005 0.110502 -0.957617
vn 0.776781 0.467388 0.42209
vn 0.744806 -0.580705 -0.328703
vn 0.969193 0.245298 -0.0222
vn 0.603402 0.753202 0.261901
vn -0.240406 0.661017 0.710818
vn 0.247397 0.353596 0.902089
vn 0.0646 0.966295 0.249199
vn 0.526705 0.849508 0.0303
vn 0.565903 0.132201 0.813804
vn 0.776781 0.467388 0.42209
vn 0.526705 0.849508 0.0303
vn 0.620469 0.782061 -0.058297
vn 0.966801 -0.2414 -0.0838
vn 0.966801 -0.2414 -0.0838
vn 0.883008 0.469004 0.0182
vn 0.912111 0.286504 0.293204
vn 0.966801 -0.2414 -0.0838
vn 0.955393 -0.284798 -0.078199
vn 0.912111 0.286504 0.293204
vn 0.912111 0.286504 0.293204
vn 0.912111 0.286504 0.293204
vn 0.912111 0.286504 0.293204
vn 0.495879 -0.685671 0.532878
vn 0.140391 0.61066 0.779349
vn 0.934056 -0.063797 0.351383
vn 0.186798 0.761394 0.620795
vn 0.421901 0.2548 0.870101
vn 0.339779 0.556965 0.757852
vn 0.339779 0.556965 0.757852
vn 0.912111 0.286504 0.293204
vn 0.675803 0.556602 0.483202
vn 0.547704 0.386203 0.742205
vn 0.6734 0.623 -0.398
vn 0.613792 0.77899 -0.128198
vn 0.912111 0.286504 0.293204
vn 0.675803 0.556602 0.483202
vn 0.454077 0.887355 0.080096
vn -0.167495 0.969672 -0.177995
vn 0.1975 0.946798 -0.2541
vn 0.28921 0.931333 -0.221308
vn -0.805578 -0.106797 -0.582784
vn 0.224305 -0.403809 0.886919
vn -0.72979 0.0105 -0.683591
vn -0.72979 0.0105 -0.683591
vn -0.062597 -0.99346 -0.095496
vn -0.805578 -0.106797 -0.582784
vn 0.224305 -0.403809 0.886919
vn -0.062597 -0.99346 -0.095496
vn 0.244791 -0.659776 0.710474
vn 0.244791 -0.659776 0.710474
vn 0.244791 -0.659776 0.710474
vn 0.492701 0.780002 0.385801
vn 0.059598 0.915973 0.396788
vn -0.955902 0.285801 -0.0676
vn 0.619212 0.211104 -0.756315
vn -0.72979 0.0105 -0.683591
vn -0.955902 0.285801 -0.0676
vn 0.619212 0.211104 -0.756315
vn 0.425505 -0.213502 0.87941
vn 0.619212 0.211104 -0.756315
vn 0.425505 -0.213502 0.87941
vn 0.244791 -0.659776 0.710474
vn -0.231202 0.832907 0.502804
vn 0.619212 0.211104 -0.756315
vn -0.231202 0.832907 0.502804
vn 0.425505 -0.213502 0.87941
vn -0.955902 0.285801 -0.0676
vn -0.231202 0.832907 0.502804
vn 0.619212 0.211104 -0.756315
vn 0.186798 0.761394 0.620795
vn 0.099502 0.689917 0.717017
vn 0.339779 0.556965 0.757852
vn 0.280998 0.668695 0.688395
vn 0.116799 0.524293 0.843489
vn 0.099502 0.689917 0.717017
vn 0.099502 0.689917 0.717017
vn 0.280998 0.668695 0.688395
vn 0.116799 0.524293 0.843489
vn 0.116799 0.524293 0.843489
vn -0.097698 0.382491 0.918779
vn -0.148399 0.194598 0.969592
vn -0.098395 0.542372 0.834357
vn -0.097698 0.382491 0.918779
vn 0.30071 0.424714 0.853927
vn 0.547704 0.386203 0.742205
vn -0.098395 0.542372 0.834357
vn 0.30071 0.424714 0.853927
vn -0.097698 0.382491 0.918779
vn 0.251506 0.78732 0.562914
vn -0.098395 0.542372 0.834357
vn -0.148399 0.194598 0.969592
vn -0.148399 0.194598 0.969592
vn -0.352885 -0.014099 0.93556
vn -0.240799 0.742896 0.624597
vn -0.148399 0.194598 0.969592
vn -0.240799 0.742896 0.624597
vn 0.040202 0.904339 0.424918
vn 0.183394 0.858173 0.479485
vn 0.183394 0.858173 0.479485
vn 0.251506 0.78732 0.562914
vn -0.148399 0.194598 0.969592
vn 0.492701 0.780002 0.385801
vn 0.492701 0.780002 0.385801
vn 0.492701 0.780002 0.385801
vn 0.675803 0.556602 0.483202
vn 0.547704 0.386203 0.742205
vn -0.352885 -0.014099 0.93556
vn -0.618485 0.435789 0.653884
vn -0.240799 0.742896 0.624597
vn 0.275396 0.230097 0.933388
vn -0.618485 0.435789 0.653884
vn -0.352885 -0.014099 0.93556
vn -0.352885 -0.014099 0.93556
vn -0.070804 0.094005 0.993051
vn 0.292498 0.341798 0.893095
vn 0.292498 0.341798 0.893095
vn -0.283696 0.536792 0.794588
vn -0.240799 0.742896 0.624597
vn -0.618485 0.435789 0.653884
vn 0.268101 0.524801 0.807902
vn -0.283696 0.536792 0.794588
vn -0.618485 0.435789 0.653884
vn -0.618485 0.435789 0.653884
vn 0.275396 0.230097 0.933388
vn 0.268101 0.524801 0.807902
vn 0.311208 -0.063402 0.948225
vn -0.070804 0.094005 0.993051
vn 0.311208 -0.063402 0.948225
vn 0.292498 0.341798 0.893095
vn 0.040202 0.904339 0.424918
vn -0.064198 0.612086 0.788181
vn 0.393788 0.483485 0.781776
vn -0.064198 0.612086 0.788181
vn 0.567821 0.159606 0.80753
vn 0.0021 0.927707 0.373303
vn 0.393788 0.483485 0.781776
vn 0.0021 0.927707 0.373303
vn -0.064198 0.612086 0.788181
vn -0.013901 0.986937 -0.160506
vn 0.047899 0.997381 -0.054199
vn 0.162105 0.977632 -0.134004
vn 0.162105 0.977632 -0.134004
vn 0.976586 -0.133498 -0.168698
vn -0.966006 0.167401 0.197001
vn 0.224198 -0.364297 0.903893
vn 0.240098 -0.858994 0.452197
vn -0.123593 -0.680063 -0.722661
vn 0.804043 -0.480626 0.350019
vn 0.128297 0.272794 -0.95348
vn -0.165997 -0.887586 0.429693
vn 0.406905 -0.641909 -0.649909
vn 0.122499 0.202498 0.971591
vn 0.328291 -0.404089 -0.853778
vn 0.406905 -0.641909 -0.649909
vn -0.165997 -0.887586 0.429693
vn 0.122499 0.202498 0.971591
vn 0.328291 -0.404089 -0.853778
vn -0.018999 0.055598 -0.998272
vn -0.70193 0.036102 0.71133
vn 0.550924 -0.405118 0.729632
vn 0.765277 -0.0052 -0.64368
vn -0.636562 0.347779 -0.688359
vn 0.521825 0.119506 0.84464
vn -0.918555 0.135008 0.371522
vn 0.45378 -0.870362 0.191192
vn 0.212996 0.946482 -0.242495
vn -0.918555 0.135008 0.371522
vn 0.521825 0.119506 0.84464
vn 0.521825 0.119506 0.84464
vn 0.45378 -0.870362 0.191192
vn 0.212996 0.946482 -0.242495
vn 0.472888 0.78808 0.39409
vn 0.492701 0.780002 0.385801
vn 0.472888 0.78808 0.39409
vn 0.091598 0.251996 -0.963384
vn -0.389186 -0.900067 0.195993
vn -0.287804 -0.903912 -0.316404
vn -0.287804 -0.903912 -0.316404
vn -0.389186 -0.900067 0.195993
vn -0.289692 -0.326591 -0.899676
vn -0.287804 -0.903912 -0.316404
vn -0.918555 0.135008 0.371522
vn 0.091598 0.251996 -0.963384
vn -0.289692 -0.326591 -0.899676
vn 0.091598 0.251996 -0.963384
vn 0.5499 0.57 0.6105
vn 0.998242 0.047902 0.034901
vn 0.251506 0.78732 0.562914
vn 0.183394 0.858173 0.479485
vn 0.998242 0.047902 0.034901
vn 0.523107 0.358905 0.773011
vn 0.059598 0.915973 0.396788
vn 0.5499 0.57 0.6105
vn 0.988017 0.148603 0.041701
vn 0.523107 0.358905 0.773011
vn 0.5499 0.57 0.6105
vn 0.998242 0.047902 0.034901
vn -0.0482 0.809893 -0.584595
vn 0.998242 0.047902 0.034901
vn 0.183394 0.858173 0.479485
vn -0.013901 0.986937 -0.160506
vn -0.0482 0.809893 -0.584595
vn 0.183394 0.858173 0.479485
vn 0.288291 0.781375 -0.553482
vn -0.982736 -0.0012 -0.185007
vn -0.401293 0.668188 0.626489
vn -0.401293 0.668188 0.626489
vn -0.982736 -0.0012 -0.185007
vn 0.821747 -0.0048 0.569833
vn 0.821747 -0.0048 0.569833
vn 0.804043 -0.480626 0.350019
vn -0.018999 0.055598 -0.998272
vn 0.804043 -0.480626 0.350019
vn -0.018999 0.055598 -0.998272
vn 0.288291 0.781375 -0.553482
vn 0.804043 -0.480626 0.350019
vn -0.018999 0.055598 -0.998272
vn 0.614407 0.707108 0.350004
vn 0.538015 0.838223 -0.089002
vn 0.047899 0.997381 -0.054199
vn -0.762417 -0.421809 -0.490711
vn 0.159307 0.027501 0.986846
vn -0.717731 0.395317 0.573225
vn -0.717731 0.395317 0.573225
vn 0.159307 0.027501 0.986846
vn 0.466082 0.593577 -0.656075
vn 0.466082 0.593577 -0.656075
vn -0.762417 -0.421809 -0.490711
vn -0.717731 0.395317 0.573225
vn 0.159307 0.027501 0.986846
vn -0.762417 -0.421809 -0.490711
vn 0.328291 -0.404089 -0.853778
vn 0.122499 0.202498 0.971591
vn 0.159307 0.027501 0.986846
vn 0.328291 -0.404089 -0.853778
vn 0.466082 0.593577 -0.656075
vn 0.384095 -0.493894 0.78009
vn 0.241193 -0.437287 0.866375
vn 0.776624 -0.246307 0.579818
vn 0.758841 -0.116706 0.640734
vn 0.384095 -0.493894 0.78009
vn 0.241193 -0.437287 0.866375
vn 0.758841 -0.116706 0.640734
vn 0.534584 -0.035399 0.844374
vn 0.570203 -0.780004 0.257801
vn -0.887024 -0.0032 0.461712
vn -0.056298 -0.726478 -0.684879
vn 0.741076 0.563681 0.364788
vn -0.887024 -0.0032 0.461712
vn 0.570203 -0.780004 0.257801
vn 0.570203 -0.780004 0.257801
vn -0.056298 -0.726478 -0.684879
vn 0.741076 0.563681 0.364788
vn -0.437496 0.135899 0.888892
vn -0.353794 0.508091 0.785286
vn -0.437496 0.135899 0.888892
vn -0.888793 -0.166499 0.426996
vn -0.865386 0.329095 0.377894
vn -0.865386 0.329095 0.377894
vn -0.437496 0.135899 0.888892
vn 0.181505 0.516513 0.836821
vn -0.437496 0.135899 0.888892
vn -0.65306 0.320681 0.686058
vn -0.256407 0.661319 0.70492
vn -0.256407 0.661319 0.70492
vn 0.480273 -0.35458 0.802254
vn 0.384095 -0.493894 0.78009
vn -0.437496 0.135899 0.888892
vn 0.181505 0.516513 0.836821
vn -0.639466 0.656765 -0.399679
vn -0.887024 -0.0032 0.461712
vn 0.741076 0.563681 0.364788
vn -0.639466 0.656765 -0.399679
vn -0.442812 0.736321 -0.511614
vn 0.741076 0.563681 0.364788
vn -0.056298 -0.726478 -0.684879
vn -0.442812 0.736321 -0.511614
vn -0.442812 0.736321 -0.511614
vn -0.452084 -0.050098 0.890568
vn 0.246293 -0.911974 0.328091
vn 0.246293 -0.911974 0.328091
vn 0.246293 -0.911974 0.328091
vn -0.452084 -0.050098 0.890568
vn -0.442812 0.736321 -0.511614
vn 0.390606 -0.223103 0.893114
vn 0.758841 -0.116706 0.640734
vn 0.776624 -0.246307 0.579818
vn 0.776624 -0.246307 0.579818
vn 0.384095 -0.493894 0.78009
vn 0.428728 -0.108807 0.896858
vn 0.776624 -0.246307 0.579818
vn 0.428728 -0.108807 0.896858
vn 0.615391 -0.357495 0.70249
vn 0.390606 -0.223103 0.893114
vn 0.534584 -0.035399 0.844374
vn 0.534584 -0.035399 0.844374
vn 0.390606 -0.223103 0.893114
vn 0.402495 -0.204497 0.892288
vn 0.402495 -0.204497 0.892288
vn 0.73208 0.024399 0.680782
vn 0.706236 -0.309316 0.636832
vn 0.644789 0.255796 0.720288
vn 0.480273 -0.35458 0.802254
vn 0.428728 -0.108807 0.896858
vn 0.384095 -0.493894 0.78009
vn 0.223504 -0.299906 0.927417
vn 0.615391 -0.357495 0.70249
vn 0.223504 -0.299906 0.927417
vn 0.390606 -0.223103 0.893114
vn 0.402495 -0.204497 0.892288
vn 0.390606 -0.223103 0.893114
vn 0.223504 -0.299906 0.927417
vn 0.402495 -0.204497 0.892288
vn 0.73208 0.024399 0.680782
vn -0.256407 0.661319 0.70492
vn 0.253804 0.436206 0.863312
vn 0.086398 0.943575 0.319691
vn 0.086398 0.943575 0.319691
vn 0.706236 -0.309316 0.636832
vn 0.311208 -0.063402 0.948225
vn 0.126799 -0.785992 0.605094
vn 0.80498 0.036399 0.592185
vn 0.311208 -0.063402 0.948225
vn 0.80498 0.036399 0.592185
vn 0.667349 0.313923 0.67535
vn 0.292498 0.341798 0.893095
vn 0.701268 -0.65777 0.274887
vn 0.706236 -0.309316 0.636832
vn 0.80498 0.036399 0.592185
vn 0.701268 -0.65777 0.274887
vn 0.946409 0.312803 0.080401
vn 0.882921 0.438511 0.167804
vn 0.946409 0.312803 0.080401
vn 0.701268 -0.65777 0.274887
vn 0.706236 -0.309316 0.636832
vn 0.981174 -0.143996 -0.128697
vn 0.823094 -0.515997 -0.237198
vn 0.823094 -0.515997 -0.237198
vn 0.865693 0.220698 0.449297
vn 0.706236 -0.309316 0.636832
vn 0.644789 0.255796 0.720288
vn 0.644789 0.255796 0.720288
vn 0.73208 0.024399 0.680782
vn 0.751827 0.448616 0.483218
vn 0.733795 0.582396 0.349798
vn 0.644789 0.255796 0.720288
vn 0.733795 0.582396 0.349798
vn 0.865693 0.220698 0.449297
vn 0.669611 0.555309 0.493208
vn 0.981174 -0.143996 -0.128697
vn 0.871296 0.167199 0.461398
vn 0.751827 0.448616 0.483218
vn 0.73208 0.024399 0.680782
vn 0.181505 0.516513 0.836821
vn 0.686215 0.542012 0.485111
vn 0.734203 0.281101 0.618003
vn 0.734203 0.281101 0.618003
vn 0.686215 0.542012 0.485111
vn 0.865693 0.220698 0.449297
vn 0.734203 0.281101 0.618003
vn 0.774669 0.348486 0.527679
vn 0.774669 0.348486 0.527679
vn 0.253804 0.436206 0.863312
vn 0.794049 0.225286 0.564564
vn 0.408182 0.912059 -0.039198
vn 0.43401 0.889421 0.143403
vn 0.086398 0.943575 0.319691
vn 0.253804 0.436206 0.863312
vn 0.608375 0.786268 0.107996
vn 0.43401 0.889421 0.143403
vn 0.450798 0.879796 0.150799
vn 0.748811 0.294805 0.593609
vn 0.659292 0.390395 0.642592
vn 0.781204 0.613003 0.118101
vn 0.940695 -0.105599 0.322398
vn 0.794049 0.225286 0.564564
vn 0.748811 0.294805 0.593609
vn 0.940695 -0.105599 0.322398
vn 0.975479 0.149097 0.161897
vn 0.940945 0.022401 0.337816
vn 0.972491 0.232098 0.0198
vn 0.972491 0.232098 0.0198
vn 0.50102 0.864534 0.039502
vn 0.940695 -0.105599 0.322398
vn 0.908671 -0.119696 0.399987
vn 0.794049 0.225286 0.564564
vn 0.908671 -0.119696 0.399987
vn 0.684993 0.284997 0.670493
vn 0.275396 0.230097 0.933388
vn 0.292498 0.341798 0.893095
vn 0.667349 0.313923 0.67535
vn 0.536908 0.471907 0.69931
vn 0.684993 0.284997 0.670493
vn 0.536908 0.471907 0.69931
vn 0.772501 0.5699 0.2801
vn 0.567821 0.159606 0.80753
vn 0.536908 0.471907 0.69931
vn 0.772501 0.5699 0.2801
vn 0.9431 0.2461 0.2236
vn 0.567821 0.159606 0.80753
vn 0.772501 0.5699 0.2801
vn 0.9431 0.2461 0.2236
vn 0.567821 0.159606 0.80753
vn 0.749747 -0.451428 0.48383
vn -0.590012 0.636213 -0.49711
vn -0.727289 -0.217397 0.650991
vn -0.756582 0.133697 0.640085
vn -0.976202 0.1726 -0.1313
vn 0.267814 -0.771939 0.576529
vn 0.777861 0.572271 0.259687
vn -0.976202 0.1726 -0.1313
vn -0.756582 0.133697 0.640085
vn -0.756582 0.133697 0.640085
vn 0.267814 -0.771939 0.576529
vn 0.777861 0.572271 0.259687
vn 0.302596 -0.895088 -0.327496
vn -0.381415 -0.103104 -0.918636
vn -0.381415 -0.103104 -0.918636
vn 0.302596 -0.895088 -0.327496
vn -0.976202 0.1726 -0.1313
vn 0.302596 -0.895088 -0.327496
vn 0.777861 0.572271 0.259687
vn 0.302596 -0.895088 -0.327496
vn -0.381415 -0.103104 -0.918636
vn -0.768075 -0.111496 0.630579
vn 0.572205 -0.539005 0.618106
vn 0.744857 0.293783 -0.599065
vn -0.489295 0.351397 -0.798192
vn -0.970148 -0.242512 0
vn -0.970148 -0.242512 0
vn -0.970148 -0.242512 0
vn -0.0944 0.679798 0.727298
vn -0.970148 -0.242512 0
vn -0.970148 -0.242512 0
vn -0.0925 0.799202 -0.593902
vn -0.0944 0.679798 0.727298
vn -0.0925 0.799202 -0.593902
vn 0.818712 0.272904 -0.505207
vn -0.837895 -0.190799 0.511397
vn 0.302596 -0.895088 -0.327496
vn -0.837895 -0.190799 0.511397
vn -0.381415 -0.103104 -0.918636
vn 0.818712 0.272904 -0.505207
vn 0.71793 0.184108 -0.671328
vn 0.387702 -0.897004 0.212301
vn -0.0944 0.679798 0.727298
vn -0.444493 -0.559091 -0.699888
vn 0.387702 -0.897004 0.212301
vn -0.444493 -0.559091 -0.699888
vn -0.444493 -0.559091 -0.699888
vn 0.877393 0.430097 0.212598
vn 0.684993 0.284997 0.670493
vn 0.667349 0.313923 0.67535
vn 0.882921 0.438511 0.167804
vn 0.877393 0.430097 0.212598
vn 0.674889 0.63869 -0.369594
vn 0.538015 0.838223 -0.089002
vn 0.9431 0.2461 0.2236
vn 0.772501 0.5699 0.2801
vn -0.594206 -0.797908 -0.101301
vn -0.594206 -0.797908 -0.101301
vn 0.52278 -0.819868 -0.233491
vn -0.972615 -0.120902 -0.198503
vn -0.976413 -0.103101 -0.189703
vn -0.410105 -0.740008 -0.533106
vn -0.643479 0.0116 -0.765376
vn -0.648227 -0.018101 -0.761232
vn 0.422184 -0.80267 -0.421284
vn -0.410105 -0.740008 -0.533106
vn -0.976413 -0.103101 -0.189703
vn -0.637195 0.0596 -0.768394
vn -0.688447 0.097907 -0.718649
vn -0.650993 0.094399 -0.753191
vn -0.595926 0.594526 -0.539824
vn -0.595926 0.594526 -0.539824
vn -0.586221 0.27451 -0.762227
vn -0.9773 0.1036 -0.1848
vn -0.610709 -0.279704 -0.740811
vn -0.755306 -0.640505 -0.138801
vn -0.981829 -0.186605 -0.034501
vn -0.9773 0.1036 -0.1848
vn -0.9773 0.1036 -0.1848
vn -0.610709 -0.279704 -0.740811
vn -0.586221 0.27451 -0.762227
vn -0.688447 0.097907 -0.718649
vn -0.650993 0.094399 -0.753191
vn 0.055102 0.310613 -0.948938
vn 0.096797 0.317292 -0.943375
vn -0.688447 0.097907 -0.718649
vn 0.096797 0.317292 -0.943375
vn -0.637195 0.0596 -0.768394
vn -0.034902 0.717935 -0.695234
vn -0.595926 0.594526 -0.539824
vn -0.034902 0.717935 -0.695234
vn 0.75961 -0.310804 0.571308
vn 0.993473 0.034899 -0.108597
vn 0.993473 0.034899 -0.108597
vn 0.75961 -0.310804 0.571308
vn 0.885965 -0.268689 -0.377985
vn 0.892538 -0.090404 -0.441819
vn 0.625723 -0.200908 -0.753728
vn 0.993473 0.034899 -0.108597
vn 0.885965 -0.268689 -0.377985
vn 0.625723 -0.200908 -0.753728
vn 0.744909 -0.078701 -0.662508
vn 0.954263 -0.198692 -0.223391
vn 0.993473 0.034899 -0.108597
vn 0.422184 -0.80267 -0.421284
vn 0.52278 -0.819868 -0.233491
vn 0.490712 -0.82022 -0.294007
vn 0.701202 -0.1008 -0.705801
vn 0.745363 0.20589 -0.634069
vn 0.055102 0.310613 -0.948938
vn 0.544172 0.722963 -0.425678
vn -0.034902 0.717935 -0.695234
vn 0.946392 -0.131599 -0.294998
vn 0.903879 -0.269294 -0.332392
vn 0.992716 -0.0188 0.119002
vn 0.932504 -0.0754 -0.353201
vn 0.783957 0.286084 -0.55097
vn 0.954263 -0.198692 -0.223391
vn 0.992716 -0.0188 0.119002
vn 0.75961 -0.310804 0.571308
vn 0.985213 -0.0067 0.171202
vn 0.985213 -0.0067 0.171202
vn 0.890934 0.294011 -0.346113
vn -0.218706 -0.935528 0.277408
vn -0.953865 -0.117496 -0.27629
vn -0.953865 -0.117496 -0.27629
vn -0.218706 -0.935528 0.277408
vn -0.171498 0.146798 0.974186
vn -0.048099 0.888173 -0.456986
vn 0.0389 -0.0219 0.999003
vn -0.831899 -0.449799 -0.325
vn 0.483899 0.681499 0.548999
vn 0.483899 0.681499 0.548999
vn -0.40302 0.909645 0.100605
vn 0.0389 -0.0219 0.999003
vn -0.831899 -0.449799 -0.325
vn -0.40302 0.909645 0.100605
vn -0.776613 -0.57291 -0.262004
vn -0.831899 -0.449799 -0.325
vn -0.776613 -0.57291 -0.262004
vn 0.483899 0.681499 0.548999
vn 0.483899 0.681499 0.548999
vn -0.776613 -0.57291 -0.262004
vn -0.40302 0.909645 0.100605
vn 0.745363 0.20589 -0.634069
vn 0.544172 0.722963 -0.425678
vn 0.544172 0.722963 -0.425678
vn 0.783957 0.286084 -0.55097
vn 0.744909 -0.078701 -0.662508
vn 0.071499 0.119199 -0.990293
vn 0.91933 -0.079303 -0.385413
vn 0.744909 -0.078701 -0.662508
vn 0.0042 0.702687 0.711487
vn 0.191598 -0.313997 -0.92989
vn -0.18961 0.794843 -0.576431
vn -0.18961 0.794843 -0.576431
vn 0.191598 -0.313997 -0.92989
vn 0.393397 -0.336197 0.855693
vn 0.393397 -0.336197 0.855693
vn 0.561788 -0.826682 -0.031499
vn 0.301004 -0.739909 0.601607
vn -0.965447 -0.254686 -0.055197
vn -0.965447 -0.254686 -0.055197
vn -0.222491 0.592977 0.77387
vn -0.136497 0.952283 -0.272995
vn -0.965447 -0.254686 -0.055197
vn -0.136497 0.952283 -0.272995
vn 0.561788 -0.826682 -0.031499
vn 0.561788 -0.826682 -0.031499
vn -0.222491 0.592977 0.77387
vn 0.301004 -0.739909 0.601607
vn 0.0042 0.702687 0.711487
vn 0.74018 -0.669582 -0.061598
vn 0.383197 0.499596 -0.776894
vn 0.361202 0.582203 0.728404
vn -0.871 0.4878 -0.0584
vn -0.632113 -0.566012 -0.529211
vn -0.136497 0.952283 -0.272995
vn 0.0042 0.702687 0.711487
vn -0.977813 -0.189303 0.089701
vn 0.393397 -0.336197 0.855693
vn 0.083601 0.895613 -0.436907
vn -0.977813 -0.189303 0.089701
vn 0.0042 0.702687 0.711487
vn 0.083601 0.895613 -0.436907
vn -0.977813 -0.189303 0.089701
vn 0.677981 -0.72808 0.101197
vn 0.393397 -0.336197 0.855693
vn -0.0013 -0.365797 -0.930694
vn -0.0013 -0.365797 -0.930694
vn 0.677981 -0.72808 0.101197
vn -0.0013 -0.365797 -0.930694
vn -0.824317 -0.114102 -0.554511
vn 0.561788 -0.826682 -0.031499
vn -0.136497 0.952283 -0.272995
vn 0.498712 -0.658416 0.563714
vn 0.349206 0.905015 -0.242904
vn -0.136497 0.952283 -0.272995
vn 0.498712 -0.658416 0.563714
vn 0.349206 0.905015 -0.242904
vn 0.498712 -0.658416 0.563714
vn -0.824317 -0.114102 -0.554511
vn 0.194904 -0.752315 -0.629313
vn 0.194904 -0.752315 -0.629313
vn -0.824317 -0.114102 -0.554511
vn 0.349206 0.905015 -0.242904
vn 0.349206 0.905015 -0.242904
vn 0.498712 -0.658416 0.563714
vn 0.194904 -0.752315 -0.629313
vn 0.561788 -0.826682 -0.031499
vn -0.824317 -0.114102 -0.554511
vn 0.498712 -0.658416 0.563714
vn -0.410105 -0.740008 -0.533106
vn -0.648227 -0.018101 -0.761232
vn 0.041199 -0.757283 -0.651786
vn 0.041199 -0.757283 -0.651786
vn 0.0979 -0.028 -0.994802
vn 0.072499 0.044399 -0.99638
vn -0.643479 0.0116 -0.765376
vn 0.041199 -0.757283 -0.651786
vn 0.0979 -0.028 -0.994802
vn 0.701202 -0.1008 -0.705801
vn 0.422184 -0.80267 -0.421284
vn 0.0979 -0.028 -0.994802
vn 0.072499 0.044399 -0.99638
vn 0.701202 -0.1008 -0.705801
vn -0.637195 0.0596 -0.768394
vn 0.071499 0.119199 -0.990293
vn 0.625723 -0.200908 -0.753728
vn 0.625723 -0.200908 -0.753728
vn 0.744909 -0.078701 -0.662508
vn -0.372499 -0.584299 -0.720999
vn 0.0218 0.477091 -0.878583
vn -0.372499 -0.584299 -0.720999
vn 0.075902 0.064502 -0.995027
vn 0.0218 0.477091 -0.878583
vn 0.313415 -0.271613 -0.909944
vn 0.313415 -0.271613 -0.909944
vn 0.628679 0.381287 -0.677778
vn 0.075902 0.064502 -0.995027
vn 0.313415 -0.271613 -0.909944
vn 0.512914 -0.219806 -0.829822
vn 0.85063 0.260109 -0.456916
vn 0.85063 0.260109 -0.456916
vn 0.628679 0.381287 -0.677778
vn 0.512914 -0.219806 -0.829822
vn 0.359292 0.545788 -0.756984
vn 0.61921 0.520408 -0.588009
vn 0.0218 0.477091 -0.878583
vn 0.0218 0.477091 -0.878583
vn 0.848508 -0.242002 -0.470605
vn 0.61921 0.520408 -0.588009
vn 0.767204 0.0004 -0.641403
vn 0.848508 -0.242002 -0.470605
vn 0.0218 0.477091 -0.878583
vn 0.767204 0.0004 -0.641403
vn 0.628679 0.381287 -0.677778
vn 0.85063 0.260109 -0.456916
vn 0.985213 -0.0067 0.171202
vn 0.993473 0.034899 -0.108597
vn 0.0443 -0.971802 0.2316
vn -0.563193 -0.0077 0.82629
vn -0.453006 -0.212903 -0.865712
vn 0.998938 0.035301 -0.029601
vn -0.563193 -0.0077 0.82629
vn 0.0443 -0.971802 0.2316
vn 0.0443 -0.971802 0.2316
vn -0.453006 -0.212903 -0.865712
vn 0.998938 0.035301 -0.029601
vn -0.218706 -0.935528 0.277408
vn -0.218706 -0.935528 0.277408
vn 0.890934 0.294011 -0.346113
vn -0.171498 0.146798 0.974186
vn -0.048099 0.888173 -0.456986
vn -0.171498 0.146798 0.974186
vn 0.890934 0.294011 -0.346113
vn 0.044201 -0.621312 0.782315
vn -0.752231 0.288412 -0.592425
vn -0.442221 -0.771437 -0.457522
vn -0.442221 -0.771437 -0.457522
vn -0.752231 0.288412 -0.592425
vn 0.960005 0.168501 -0.223601
vn 0.960005 0.168501 -0.223601
vn 0.044201 -0.621312 0.782315
vn -0.442221 -0.771437 -0.457522
vn 0.044201 -0.621312 0.782315
vn 0.483899 0.681499 0.548999
vn -0.776613 -0.57291 -0.262004
vn -0.776613 -0.57291 -0.262004
vn -0.752231 0.288412 -0.592425
vn 0.044201 -0.621312 0.782315
vn 0.483899 0.681499 0.548999
vn -0.487386 -0.759978 0.429987
vn -0.997379 0.036099 0.062699
vn -0.630909 -0.71651 -0.297604
vn -0.669424 0.536719 0.513618
vn -0.997379 0.036099 0.062699
vn -0.487386 -0.759978 0.429987
vn -0.487386 -0.759978 0.429987
vn -0.630909 -0.71651 -0.297604
vn -0.044698 -0.616776 -0.785869
vn -0.487386 -0.759978 0.429987
vn -0.044698 -0.616776 -0.785869
vn 0.473494 -0.628492 -0.617092
vn 0.079498 -0.802681 0.591086
vn 0.079498 -0.802681 0.591086
vn -0.714632 0.164307 -0.67993
vn -0.669424 0.536719 0.513618
vn -0.714632 0.164307 -0.67993
vn -0.997379 0.036099 0.062699
vn -0.630909 -0.71651 -0.297604
vn -0.714632 0.164307 -0.67993
vn -0.044698 -0.616776 -0.785869
vn -0.232903 0.685608 -0.689708
vn -0.232903 0.685608 -0.689708
vn 0.473494 -0.628492 -0.617092
vn 0.729399 -0.5406 -0.4192
vn -0.702884 0.394791 0.591687
vn 0.358104 -0.657808 0.662608
vn -0.2844 0.5433 -0.7899
vn 0.199911 0.041102 -0.978952
vn 0.729399 -0.5406 -0.4192
vn -0.702884 0.394791 0.591687
vn -0.2844 0.5433 -0.7899
vn -0.568419 0.348412 -0.745325
vn -0.386404 -0.258003 -0.885509
vn 0.729399 -0.5406 -0.4192
vn 0.823114 -0.291405 -0.487408
vn 0.889927 -0.247808 -0.382912
vn 0.69993 -0.313913 -0.641527
vn 0.889927 -0.247808 -0.382912
vn -0.386404 -0.258003 -0.885509
vn -0.386404 -0.258003 -0.885509
vn -0.266297 -0.79379 -0.546793
vn 0.417281 -0.555974 -0.718867
vn 0.69993 -0.313913 -0.641527
vn -0.43693 0.332822 -0.835657
vn 0.768619 -0.43341 -0.470511
vn -0.400799 -0.552799 -0.730598
vn -0.266297 -0.79379 -0.546793
vn -0.886285 -0.385893 -0.256096
vn -0.886285 -0.385893 -0.256096
vn -0.346708 -0.459311 -0.817819
vn -0.225507 -0.848628 -0.478516
vn -0.953383 0.185397 -0.238096
vn -0.865386 0.329095 0.377894
vn -0.510994 0.118399 -0.851391
vn -0.346708 -0.459311 -0.817819
vn 0.368092 -0.257294 -0.893481
vn -0.225507 -0.848628 -0.478516
vn -0.346708 -0.459311 -0.817819
vn 0.140996 0.289391 -0.94677
vn -0.510994 0.118399 -0.851391
vn 0.389091 -0.696084 -0.603386
vn 0.417281 -0.555974 -0.718867
vn -0.266297 -0.79379 -0.546793
vn -0.225507 -0.848628 -0.478516
vn 0.907283 -0.355393 -0.224796
vn 0.913603 -0.281401 -0.293501
vn 0.69993 -0.313913 -0.641527
vn 0.417281 -0.555974 -0.718867
vn 0.913603 -0.281401 -0.293501
vn 0.389091 -0.696084 -0.603386
vn 0.908303 -0.1174 -0.401501
vn 0.368092 -0.257294 -0.893481
vn 0.827974 0.073098 -0.555982
vn 0.827974 0.073098 -0.555982
vn 0.827974 0.073098 -0.555982
vn -0.43693 0.332822 -0.835657
vn -0.295301 0.938102 -0.181
vn 0.797265 0.594374 -0.105295
vn 0.719397 -0.571698 -0.394499
vn 0.913603 -0.281401 -0.293501
vn 0.961163 -0.116495 -0.25019
vn 0.961163 -0.116495 -0.25019
vn 0.907283 -0.355393 -0.224796
vn 0.886602 -0.1366 -0.441901
vn 0.984357 0.027699 -0.173992
vn 0.908303 -0.1174 -0.401501
vn -0.6193 -0.268 0.738
vn -0.789244 -0.093405 -0.606934
vn 0.322404 -0.864011 -0.386705
vn -0.6193 -0.268 0.738
vn 0.322404 -0.864011 -0.386705
vn 0.945915 0.276304 0.170003
vn -0.6193 -0.268 0.738
vn 0.945915 0.276304 0.170003
vn -0.081698 0.897978 -0.432389
vn 0.945915 0.276304 0.170003
vn 0.322404 -0.864011 -0.386705
vn -0.789244 -0.093405 -0.606934
vn -0.081698 0.897978 -0.432389
vn 0.989441 -0.119505 -0.082003
vn 0.996621 0.077102 0.028301
vn 0.909917 0.259105 0.323906
vn -0.676633 0.034002 0.735535
vn 0.248289 -0.936958 0.245889
vn 0.248289 -0.936958 0.245889
vn -0.676633 0.034002 0.735535
vn -0.51828 -0.446383 -0.729472
vn -0.51828 -0.446383 -0.729472
vn 0.909917 0.259105 0.323906
vn 0.248289 -0.936958 0.245889
vn 0.945915 0.276304 0.170003
vn 0.322404 -0.864011 -0.386705
vn 0.945915 0.276304 0.170003
vn 0.322404 -0.864011 -0.386705
vn -0.676633 0.034002 0.735535
vn 0.520088 0.644486 0.560488
vn -0.595198 0.665898 0.449799
vn -0.67979 -0.73329 0.0131
vn -0.67979 -0.73329 0.0131
vn -0.419394 0.495593 -0.760589
vn 0.044697 -0.861746 -0.505368
vn 0.044697 -0.861746 -0.505368
vn 0.520088 0.644486 0.560488
vn -0.419394 0.495593 -0.760589
vn -0.595198 0.665898 0.449799
vn 0.520088 0.644486 0.560488
vn 0.044697 -0.861746 -0.505368
vn -0.419394 0.495593 -0.760589
vn -0.860093 0.256098 -0.441196
vn -0.894108 -0.156001 -0.419804
vn -0.67059 0.367694 0.64429
vn -0.67059 0.367694 0.64429
vn -0.894108 -0.156001 -0.419804
vn -0.241093 0.244593 0.939174
vn -0.241093 0.244593 0.939174
vn -0.860093 0.256098 -0.441196
vn -0.67059 0.367694 0.64429
vn 0.899453 -0.284785 -0.331483
vn -0.860093 0.256098 -0.441196
vn 0.989441 -0.119505 -0.082003
vn 0.899453 -0.284785 -0.331483
vn 0.928213 -0.183403 -0.323704
vn 0.928213 -0.183403 -0.323704
vn -0.506398 -0.253499 0.824196
vn 0.797104 0.528103 0.292801
vn -0.0025 -0.327604 -0.944812
vn -0.506398 -0.253499 0.824196
vn 0.044697 -0.861746 -0.505368
vn -0.0025 -0.327604 -0.944812
vn 0.520088 0.644486 0.560488
vn -0.506398 -0.253499 0.824196
vn 0.797104 0.528103 0.292801
vn 0.109698 -0.992486 0.054199
vn 0.109698 -0.992486 0.054199
vn -0.506398 -0.253499 0.824196
vn -0.0025 -0.327604 -0.944812
vn -0.0025 -0.327604 -0.944812
vn 0.797104 0.528103 0.292801
vn 0.109698 -0.992486 0.054199
vn -0.295684 -0.750158 0.591467
vn 0.824602 0.565601 -0.0113
vn -0.410583 0.126095 -0.903062
vn -0.295684 -0.750158 0.591467
vn -0.860093 0.256098 -0.441196
vn 0.824602 0.565601 -0.0113
vn -0.410583 0.126095 -0.903062
vn -0.860093 0.256098 -0.441196
vn -0.241093 0.244593 0.939174
vn -0.295684 -0.750158 0.591467
vn 0.824602 0.565601 -0.0113
vn 0.157691 -0.902147 -0.401577
vn -0.295684 -0.750158 0.591467
vn -0.410583 0.126095 -0.903062
vn 0.157691 -0.902147 -0.401577
vn 0.157691 -0.902147 -0.401577
vn 0.984357 0.027699 -0.173992
vn 0.988165 0.030699 -0.150295
vn 0.368092 -0.257294 -0.893481
vn 0.773491 0.223498 -0.593093
vn 0.920885 -0.147398 0.360894
vn 0.368092 -0.257294 -0.893481
vn 0.140996 0.289391 -0.94677
vn 0.315411 0.649322 -0.692024
vn 0.773491 0.223498 -0.593093
vn 0.518906 -0.707408 -0.479906
vn 0.8486 0.4836 -0.2145
vn 0.518906 -0.707408 -0.479906
vn 0.8486 0.4836 -0.2145
vn 0.318187 0.48468 -0.814766
vn -0.435593 -0.491692 -0.753988
vn 0.0041 -0.756306 -0.654205
vn 0.1117 -0.5207 -0.846401
vn 0.553394 -0.707592 -0.439395
vn 0.518906 -0.707408 -0.479906
vn 0.816334 0.47602 -0.327114
vn 0.0041 -0.756306 -0.654205
vn 0.108799 -0.406398 -0.907195
vn 0.108799 -0.406398 -0.907195
vn 0.141298 -0.0128 -0.989884
vn 0.165799 0.388298 -0.906496
vn -0.36789 0.34879 -0.861976
vn 0.765732 0.46482 -0.444519
vn 0.737076 -0.594281 0.32179
vn -0.861982 -0.49919 0.088298
vn -0.289088 0.901063 -0.323287
vn 0.811904 -0.216901 -0.542002
vn -0.0091 -0.667106 0.744907
vn -0.791129 -0.553821 -0.25961
vn -0.791129 -0.553821 -0.25961
vn -0.0091 -0.667106 0.744907
vn -0.759491 0.564493 -0.323296
vn -0.759491 0.564493 -0.323296
vn 0.811904 -0.216901 -0.542002
vn -0.791129 -0.553821 -0.25961
vn 0.505584 0.0028 -0.862773
vn 0.531604 -0.418103 -0.736605
vn 0.531604 -0.418103 -0.736605
vn -0.116195 -0.965657 -0.23239
vn 0.402003 -0.259802 0.878007
vn -0.906621 -0.075102 -0.415209
vn 0.730787 0.0048 -0.682588
vn 0.402003 -0.259802 0.878007
vn -0.116195 -0.965657 -0.23239
vn -0.116195 -0.965657 -0.23239
vn -0.906621 -0.075102 -0.415209
vn 0.730787 0.0048 -0.682588
vn -0.678777 -0.724375 -0.120596
vn 0.743079 0.031099 -0.668481
vn 0.743079 0.031099 -0.668481
vn -0.678777 -0.724375 -0.120596
vn 0.402003 -0.259802 0.878007
vn -0.0362 0.959493 0.279398
vn -0.045902 0.015001 0.998833
vn 0.97568 0.160497 0.149297
vn 0.97568 0.160497 0.149297
vn -0.045902 0.015001 0.998833
vn -0.987189 -0.048199 -0.152098
vn -0.987189 -0.048199 -0.152098
vn -0.045902 0.015001 0.998833
vn -0.045902 0.015001 0.998833
vn -0.0362 0.959493 0.279398
vn -0.0362 0.959493 0.279398
vn 0.811904 -0.216901 -0.542002
vn -0.759491 0.564493 -0.323296
vn -0.678777 -0.724375 -0.120596
vn 0.743079 0.031099 -0.668481
vn -0.678777 -0.724375 -0.120596
vn 0.743079 0.031099 -0.668481
vn -0.417408 -0.188203 0.889016
vn -0.601932 0.798143 -0.025401
vn -0.678777 -0.724375 -0.120596
vn -0.417408 -0.188203 0.889016
vn -0.601932 0.798143 -0.025401
vn 0.56831 0.820314 0.064101
vn 0.743079 0.031099 -0.668481
vn -0.601932 0.798143 -0.025401
vn 0.56831 0.820314 0.064101
vn 0.443493 0.381594 -0.810987
vn 0.505584 0.0028 -0.862773
vn 0.141298 -0.0128 -0.989884
vn 0.165799 0.388298 -0.906496
vn 0.518906 -0.707408 -0.479906
vn 0.825824 -0.561916 -0.047601
vn 0.905161 -0.419482 -0.068697
vn 0.931269 -0.325489 0.163694
vn 0.850363 -0.220691 0.477679
vn 0.89433 -0.050802 0.444515
vn 0.825824 -0.561916 -0.047601
vn 0.778849 -0.580337 -0.237915
vn 0.830014 -0.480608 -0.283005
vn 0.553394 -0.707592 -0.439395
vn 0.778849 -0.580337 -0.237915
vn 0.825824 -0.561916 -0.047601
vn 0.830014 -0.480608 -0.283005
vn 0.0134 0.210808 0.977436
vn -0.850187 -0.252296 -0.462093
vn 0 -0.974241 0.225509
vn 0 -0.974241 0.225509
vn -0.850187 -0.252296 -0.462093
vn 0.871873 -0.175294 -0.457286
vn 0.871873 -0.175294 -0.457286
vn 0.0134 0.210808 0.977436
vn 0 -0.974241 0.225509
vn -0.517999 -0.780498 -0.349999
vn -0.517999 -0.780498 -0.349999
vn 0.776391 -0.244497 -0.580894
vn 0.776391 -0.244497 -0.580894
vn -0.517999 -0.780498 -0.349999
vn 0.0134 0.210808 0.977436
vn 0.776391 -0.244497 -0.580894
vn 0.254009 0.063202 0.965135
vn -0.490005 -0.822208 0.289603
vn 0.515488 -0.39929 -0.758182
vn -0.767581 0.569086 -0.294893
vn -0.490005 -0.822208 0.289603
vn 0.254009 0.063202 0.965135
vn 0.254009 0.063202 0.965135
vn 0.515488 -0.39929 -0.758182
vn 0.721295 0.691395 -0.0413
vn -0.972083 0.224596 -0.067899
vn 0.050201 0.829119 -0.556813
vn -0.972083 0.224596 -0.067899
vn -0.517999 -0.780498 -0.349999
vn 0.083598 0.187096 0.978778
vn 0.083598 0.187096 0.978778
vn 0.776391 -0.244497 -0.580894
vn 0.050201 0.829119 -0.556813
vn -0.916906 0.0179 0.398702
vn -0.448988 -0.639183 -0.624383
vn 0.212899 0.335698 0.917595
vn 0.212899 0.335698 0.917595
vn -0.448988 -0.639183 -0.624383
vn 0.762021 -0.176205 0.623117
vn 0.762021 -0.176205 0.623117
vn 0.068896 0.786555 -0.613665
vn 0.212899 0.335698 0.917595
vn -0.517999 -0.780498 -0.349999
vn 0.776391 -0.244497 -0.580894
vn 0.083598 0.187096 0.978778
vn 0.531604 -0.418103 -0.736605
vn 0.531604 -0.418103 -0.736605
vn -0.807674 -0.506184 -0.30239
vn -0.965444 -0.040702 -0.257412
vn -0.440686 -0.198794 -0.875372
vn -0.965444 -0.040702 -0.257412
vn 0.307784 -0.151292 -0.939351
vn 0.830014 -0.480608 -0.283005
vn 0.531604 -0.418103 -0.736605
vn 0.505584 0.0028 -0.862773
vn 0.830014 -0.480608 -0.283005
vn 0.505584 0.0028 -0.862773
vn 0.307784 -0.151292 -0.939351
vn 0.307784 -0.151292 -0.939351
vn -0.443917 -0.081703 -0.892335
vn 0.865507 -0.084001 0.493804
vn -0.786631 0.047102 0.615624
vn -0.347304 -0.934611 0.076701
vn -0.347304 -0.934611 0.076701
vn -0.786631 0.047102 0.615624
vn 0.134298 -0.237396 -0.962085
vn 0.134298 -0.237396 -0.962085
vn 0.865507 -0.084001 0.493804
vn -0.347304 -0.934611 0.076701
vn -0.490005 -0.822208 0.289603
vn -0.490005 -0.822208 0.289603
vn 0.865507 -0.084001 0.493804
vn 0.515488 -0.39929 -0.758182
vn -0.490005 -0.822208 0.289603
vn -0.490005 -0.822208 0.289603
vn 0.515488 -0.39929 -0.758182
vn 0.134298 -0.237396 -0.962085
vn -0.767581 0.569086 -0.294893
vn 0.515488 -0.39929 -0.758182
vn 0.515488 -0.39929 -0.758182
vn -0.767581 0.569086 -0.294893
vn 0.721295 0.691395 -0.0413
vn -0.448988 -0.639183 -0.624383
vn -0.916906 0.0179 0.398702
vn 0.068896 0.786555 -0.613665
vn -0.448988 -0.639183 -0.624383
vn 0.068896 0.786555 -0.613665
vn 0.762021 -0.176205 0.623117
vn 0.134404 0.221607 -0.965829
vn -0.81031 -0.506506 0.294703
vn -0.448988 -0.639183 -0.624383
vn -0.81031 -0.506506 0.294703
vn 0.134404 0.221607 -0.965829
vn -0.81031 -0.506506 0.294703
vn 0.134404 0.221607 -0.965829
vn -0.0379 -0.882009 -0.469705
vn 0.892913 -0.0345 0.448906
vn -0.0379 -0.882009 -0.469705
vn 0.892913 -0.0345 0.448906
vn 0.134404 0.221607 -0.965829
vn 0.892913 -0.0345 0.448906
vn -0.0379 -0.882009 -0.469705
vn 0.229099 0.148599 -0.961994
vn 0.307784 -0.151292 -0.939351
vn 0.341387 -0.090397 -0.935566
vn -0.443917 -0.081703 -0.892335
vn 0.307784 -0.151292 -0.939351
vn 0.229099 0.148599 -0.961994
vn -0.145798 -0.366594 -0.918886
vn -0.440686 -0.198794 -0.875372
vn -0.351895 0.895588 -0.272196
vn 0.1975 0.946798 -0.2541
vn 0.246294 0.869479 -0.428189
vn -0.308391 0.730278 -0.609581
vn 0.678768 0.528875 -0.509476
vn 0.0064 0.794381 -0.607386
vn 0.1975 0.946798 -0.2541
vn 0.0064 0.794381 -0.607386
vn 0.1975 0.946798 -0.2541
vn 0.28921 0.931333 -0.221308
vn 0.678768 0.528875 -0.509476
vn -0.308391 0.730278 -0.609581
vn -0.601193 -0.0135 0.79899
vn -0.54063 0.270915 0.796445
vn -0.751365 -0.481078 -0.451679
vn 0.856612 0.300104 -0.419706
vn -0.54063 0.270915 0.796445
vn -0.601193 -0.0135 0.79899
vn -0.601193 -0.0135 0.79899
vn -0.751365 -0.481078 -0.451679
vn 0.500688 0.488989 -0.714284
vn 0.500688 0.488989 -0.714284
vn 0.615408 -0.604008 -0.506407
vn -0.024901 -0.589718 0.807225
vn -0.601193 -0.0135 0.79899
vn -0.024901 -0.589718 0.807225
vn 0.615408 -0.604008 -0.506407
vn -0.077001 0.670711 -0.737711
vn -0.077001 0.670711 -0.737711
vn -0.077001 0.670711 -0.737711
vn 0.856612 0.300104 -0.419706
vn -0.751365 -0.481078 -0.451679
vn 0.856612 0.300104 -0.419706
vn -0.308391 0.730278 -0.609581
vn 0.678768 0.528875 -0.509476
vn 0.28921 0.931333 -0.221308
vn 0.28921 0.931333 -0.221308
vn -0.167495 0.969672 -0.177995
vn -0.308391 0.730278 -0.609581
vn 0.615408 -0.604008 -0.506407
vn 0.181207 0.981637 0.059602
vn -0.633402 0.0055 -0.773803
vn -0.866223 -0.0066 0.499613
vn 0.181207 0.981637 0.059602
vn 0.691296 -0.208299 -0.691896
vn -0.633402 0.0055 -0.773803
vn 0.492301 -0.2156 0.843301
vn 0.691296 -0.208299 -0.691896
vn 0.181207 0.981637 0.059602
vn -0.167495 0.969672 -0.177995
vn 0.059598 0.915973 0.396788
vn -0.283002 0.689406 0.666805
vn -0.658025 0.740428 -0.137005
vn 0.095298 0.653984 -0.750482
vn 0.095298 0.653984 -0.750482
vn 0.218504 0.808917 -0.545811
vn -0.167495 0.969672 -0.177995
vn -0.167495 0.969672 -0.177995
vn 0.218504 0.808917 -0.545811
vn -0.308391 0.730278 -0.609581
vn -0.283002 0.689406 0.666805
vn 0.0012 0.933458 0.358684
vn 0.491603 0.767405 0.411602
vn 0.491603 0.767405 0.411602
vn 0.0012 0.933458 0.358684
vn -0.283002 0.689406 0.666805
vn -0.181705 0.976629 -0.114803
vn -0.173105 0.522115 -0.835123
vn 0.112801 0.845511 -0.521907
vn 0.773751 0.633442 -0.007801
vn -0.181705 0.976629 -0.114803
vn 0.112801 0.845511 -0.521907
vn -0.308391 0.730278 -0.609581
vn 0.095298 0.653984 -0.750482
vn -0.173105 0.522115 -0.835123
vn 0.626189 0.237596 -0.742587
vn 0.472806 0.578807 -0.664408
vn 0.472806 0.578807 -0.664408
vn 0.112801 0.845511 -0.521907
vn 0.626189 0.237596 -0.742587
vn -0.173105 0.522115 -0.835123
vn -0.95671 -0.277003 -0.089301
vn -0.390701 0.918003 -0.068
vn 0.587088 -0.808883 -0.032199
vn 0.403191 0.908481 0.109998
vn 0.797731 -0.599423 -0.065703
vn -0.878202 0.1245 0.461801
vn -0.466695 -0.508395 -0.723692
vn 0.356819 -0.902947 0.239513
vn 0.356819 -0.902947 0.239513
vn -0.466695 -0.508395 -0.723692
vn 0.153403 0.660914 -0.734616
vn 0.535373 -0.092295 0.839558
vn 0.535373 -0.092295 0.839558
vn -0.466695 -0.508395 -0.723692
vn -0.878202 0.1245 0.461801
vn 0.153403 0.660914 -0.734616
vn -0.36789 0.34879 -0.861976
vn 0.470806 0.76061 0.447006
vn 0.470806 0.76061 0.447006
vn -0.240394 0.602086 -0.761382
vn 0.470806 0.76061 0.447006
vn 0.535373 -0.092295 0.839558
vn -0.2403 -0.607999 -0.756699
vn -0.240394 0.602086 -0.761382
vn 0.470806 0.76061 0.447006
vn -0.2403 -0.607999 -0.756699
vn -0.733119 -0.658017 -0.171904
vn 0.244795 0.440991 0.863483
vn -0.857454 -0.013899 0.514373
vn -0.857454 -0.013899 0.514373
vn 0.244795 0.440991 0.863483
vn 0.501181 0.76927 0.396285
vn -0.733119 -0.658017 -0.171904
vn 0.501181 0.76927 0.396285
vn 0.165799 0.388298 -0.906496
vn -0.938163 0.110496 -0.328087
vn 0.487692 -0.60759 0.62689
vn -0.733119 -0.658017 -0.171904
vn -0.938163 0.110496 -0.328087
vn 0.487692 -0.60759 0.62689
vn 0.628695 0.543395 -0.556295
vn 0.628695 0.543395 -0.556295
vn 0.487692 -0.60759 0.62689
vn -0.938163 0.110496 -0.328087
vn -0.254812 -0.900642 -0.352016
vn -0.254812 -0.900642 -0.352016
vn -0.938163 0.110496 -0.328087
vn 0.628695 0.543395 -0.556295
vn 0.628695 0.543395 -0.556295
vn 0.487692 -0.60759 0.62689
vn -0.254812 -0.900642 -0.352016
vn 0.430293 0.871186 -0.236396
vn -0.013901 0.986937 -0.160506
vn 0.162105 0.977632 -0.134004
vn 0.292407 0.736217 -0.610314
vn -0.013901 0.986937 -0.160506
vn 0.430293 0.871186 -0.236396
vn 0.674889 0.63869 -0.369594
vn 0.556433 0.795048 -0.241414
vn 0.556433 0.795048 -0.241414
vn 0.523107 0.358905 0.773011
vn 0.988017 0.148603 0.041701
vn 0.626189 0.237596 -0.742587
vn 0.988017 0.148603 0.041701
vn 0.998242 0.047902 0.034901
vn 0.472806 0.578807 -0.664408
vn -0.0482 0.809893 -0.584595
vn 0.998242 0.047902 0.034901
vn 0.538323 0.673229 -0.506922
vn 0.773751 0.633442 -0.007801
vn 0.538323 0.673229 -0.506922
vn 0.538323 0.673229 -0.506922
vn -0.0482 0.809893 -0.584595
vn -0.013901 0.986937 -0.160506
vn 0.292407 0.736217 -0.610314
vn -0.447 0.4469 -0.774901
vn 0.229099 0.148599 -0.961994
vn -0.0482 0.809893 -0.584595
vn 0.221999 0.724995 -0.651996
vn -0.447 0.4469 -0.774901
vn -0.997613 0.0171 -0.066901
vn -0.873733 0.334412 0.353213
vn -0.226101 -0.183801 -0.956606
vn -0.226101 -0.183801 -0.956606
vn -0.873733 0.334412 0.353213
vn 0.515706 0.806909 -0.288003
vn 0.973495 -0.207999 0.0951
vn -0.997613 0.0171 -0.066901
vn -0.226101 -0.183801 -0.956606
vn 0.849684 -0.0013 0.52729
vn 0.973495 -0.207999 0.0951
vn -0.226101 -0.183801 -0.956606
vn 0.515706 0.806909 -0.288003
vn 0.849684 -0.0013 0.52729
vn -0.226101 -0.183801 -0.956606
vn -0.873733 0.334412 0.353213
vn -0.997613 0.0171 -0.066901
vn 0.849684 -0.0013 0.52729
vn 0.515706 0.806909 -0.288003
vn 0.047899 0.997381 -0.054199
vn 0.538015 0.838223 -0.089002
vn -0.447 0.4469 -0.774901
vn -0.089303 -0.278309 -0.956331
vn 0.202804 0.491011 -0.847218
vn 0.202804 0.491011 -0.847218
vn 0.580609 -0.343205 -0.738311
vn 0.715241 0.595734 -0.365421
vn 0.65179 0.61779 -0.439893
vn 0.556433 0.795048 -0.241414
vn 0.749127 0.377814 -0.544119
vn 0.749127 0.377814 -0.544119
vn -0.965444 -0.040702 -0.257412
vn -0.953383 0.185397 -0.238096
vn -0.547622 0.061902 -0.834433
vn -0.547622 0.061902 -0.834433
vn -0.547622 0.061902 -0.834433
vn 0.266203 0.963912 0.003
vn 0.886672 0.374088 0.271791
vn 0.181505 0.516513 0.836821
vn 0.886672 0.374088 0.271791
vn 0.871296 0.167199 0.461398
vn 0.853417 0.241305 0.462009
vn 0.853417 0.241305 0.462009
vn 0.734203 0.281101 0.618003
vn 0.853417 0.241305 0.462009
vn 0.774669 0.348486 0.527679
vn 0.761824 0.64182 0.087703
vn 0.853417 0.241305 0.462009
vn 0.913508 0.404003 0.0478
vn 0.913508 0.404003 0.0478
vn -0.385794 -0.63309 0.671089
vn -0.524906 -0.293903 -0.798809
vn 0.721851 -0.035198 -0.691153
vn 0.699208 0.422105 0.577006
vn -0.514602 0.843704 -0.152801
vn -0.385794 -0.63309 0.671089
vn 0.721851 -0.035198 -0.691153
vn 0.699208 0.422105 0.577006
vn -0.385794 -0.63309 0.671089
vn 0.692522 0.708823 -0.134104
vn 0.580609 -0.343205 -0.738311
vn 0.341387 -0.090397 -0.935566
vn 0.341387 -0.090397 -0.935566
vn -0.524906 -0.293903 -0.798809
vn -0.514602 0.843704 -0.152801
vn 0.699208 0.422105 0.577006
vn 0.721851 -0.035198 -0.691153
vn 0.794767 0.580776 -0.176193
vn 0.692522 0.708823 -0.134104
vn 0.761824 0.64182 0.087703
vn 0.913508 0.404003 0.0478
vn 0.794767 0.580776 -0.176193
vn 0.761824 0.64182 0.087703
vn 0.580609 -0.343205 -0.738311
vn 0.749127 0.377814 -0.544119
vn 0.840209 0.486505 -0.239503
vn 0.949997 0.221299 -0.220299
vn 0.785948 0.539364 -0.30228
vn 0.913508 0.404003 0.0478
vn 0.341387 -0.090397 -0.935566
vn 0.840209 0.486505 -0.239503
vn 0.785948 0.539364 -0.30228
vn 0.463206 0.275903 -0.84221
vn 0.463206 0.275903 -0.84221
vn 0.785948 0.539364 -0.30228
vn 0.794921 0.429411 -0.428611
vn 0.692522 0.708823 -0.134104
vn 0.794921 0.429411 -0.428611
vn 0.949997 0.221299 -0.220299
vn 0.840209 0.486505 -0.239503
vn 0.794921 0.429411 -0.428611
vn 0.949997 0.221299 -0.220299
vn 0.794921 0.429411 -0.428611
vn 0.913508 0.404003 0.0478
vn -0.577492 -0.387095 0.718791
vn 0.751194 0.465396 0.468096
vn 0.558517 0.34241 -0.755523
vn 0.558517 0.34241 -0.755523
vn 0.751194 0.465396 0.468096
vn -0.922939 -0.384916 0.0048
vn -0.577492 -0.387095 0.718791
vn 0.913508 0.404003 0.0478
vn 0.794921 0.429411 -0.428611
vn 0.794767 0.580776 -0.176193
vn -0.922939 -0.384916 0.0048
vn 0.3589 -0.8291 0.4287
vn 0.36231 0.861924 0.35471
vn -0.577492 -0.387095 0.718791
vn 0.3589 -0.8291 0.4287
vn 0.36231 0.861924 0.35471
vn -0.475471 0.191889 -0.858549
vn -0.475471 0.191889 -0.858549
vn -0.510994 0.118399 -0.851391
vn -0.547622 0.061902 -0.834433
vn 0.118303 0.41841 -0.900521
vn 0.118303 0.41841 -0.900521
vn -0.547622 0.061902 -0.834433
vn 0.463206 0.275903 -0.84221
vn 0.118303 0.41841 -0.900521
vn 0.392585 0.745671 -0.538379
vn 0.118303 0.41841 -0.900521
vn 0.392585 0.745671 -0.538379
vn 0.315411 0.649322 -0.692024
vn 0.086398 0.943575 0.319691
vn 0.575618 0.778724 -0.249508
vn 0.266203 0.963912 0.003
vn 0.266203 0.963912 0.003
vn 0.575618 0.778724 -0.249508
vn 0.591715 0.77332 -0.227706
vn 0.842718 0.533811 0.069801
vn 0.886672 0.374088 0.271791
vn 0.575618 0.778724 -0.249508
vn 0.086398 0.943575 0.319691
vn 0.43401 0.889421 0.143403
vn 0.608375 0.786268 0.107996
vn 0.316393 0.907379 0.276694
vn 0.591715 0.77332 -0.227706
vn 0.575618 0.778724 -0.249508
vn 0.324508 0.858022 -0.39811
vn 0.324508 0.858022 -0.39811
vn 0.842718 0.533811 0.069801
vn 0.843536 0.365716 0.393317
vn 0.886672 0.374088 0.271791
vn 0.843536 0.365716 0.393317
vn 0.914101 -0.0588 0.4012
vn 0.914101 -0.0588 0.4012
vn 0.843536 0.365716 0.393317
vn 0.850423 0.35441 0.388811
vn 0.850423 0.35441 0.388811
vn 0.9764 -0.0639 0.2063
vn 0.887779 0.167296 0.42879
vn 0.97062 0.232305 -0.062701
vn 0.887779 0.167296 0.42879
vn 0.914101 -0.0588 0.4012
vn 0.914101 -0.0588 0.4012
vn 0.9764 -0.0639 0.2063
vn 0.97062 0.232305 -0.062701
vn 0.228609 0.920938 -0.315613
vn 0.059499 0.964791 -0.256198
vn 0.059499 0.964791 -0.256198
vn 0.228609 0.920938 -0.315613
vn 0.50102 0.864534 0.039502
vn -0.194897 0.951486 0.238096
vn 0.059499 0.964791 -0.256198
vn 0.50102 0.864534 0.039502
vn 0.418397 0.790995 0.446397
vn -0.194897 0.951486 0.238096
vn 0.450798 0.879796 0.150799
vn 0.408182 0.912059 -0.039198
vn 0.070099 0.766094 0.638895
vn 0.0818 0.7685 0.6346
vn 0.054203 0.814142 0.57813
vn -0.309899 0.815199 0.489299
vn 0.572991 0.811887 -0.111898
vn 0.572991 0.811887 -0.111898
vn 0.572991 0.811887 -0.111898
vn 0.0184 0.891114 0.453407
vn 0.392585 0.745671 -0.538379
vn 0.572991 0.811887 -0.111898
vn 0.572991 0.811887 -0.111898
vn 0.070099 0.766094 0.638895
vn 0.0184 0.891114 0.453407
vn 0.9764 -0.0639 0.2063
vn 0.362406 0.930814 0.047401
vn 0.334899 0.824399 -0.456299
vn 0.0184 0.891114 0.453407
vn 0.362406 0.930814 0.047401
vn 0.392585 0.745671 -0.538379
vn 0.362406 0.930814 0.047401
vn 0.362406 0.930814 0.047401
vn 0.054203 0.814142 0.57813
vn 0.362406 0.930814 0.047401
vn 0.0818 0.7685 0.6346
vn 0.600718 0.740222 0.302009
vn 0.334899 0.824399 -0.456299
vn 0.362406 0.930814 0.047401
vn 0.600718 0.740222 0.302009
vn 0.634901 -0.477201 0.607601
vn 0.984162 0.015499 0.176593
vn 0.908671 -0.119696 0.399987
vn 0.984162 0.015499 0.176593
vn 0.043299 0.768082 0.638885
vn 0.418397 0.790995 0.446397
vn 0.418397 0.790995 0.446397
vn 0.817209 0.496305 -0.293003
vn 0.781204 0.613003 0.118101
vn 0.856335 0.364615 -0.365715
vn 0.856335 0.364615 -0.365715
vn 0.781204 0.613003 0.118101
vn 0.905143 -0.012601 0.42492
vn 0.817209 0.496305 -0.293003
vn 0.940695 -0.105599 0.322398
vn 0.781204 0.613003 0.118101
vn 0.963178 -0.080298 0.256594
vn 0.963178 -0.080298 0.256594
vn 0.963178 -0.080298 0.256594
vn 0.905143 -0.012601 0.42492
vn 0.920885 -0.147398 0.360894
vn 0.988165 0.030699 -0.150295
vn 0.920885 -0.147398 0.360894
vn 0.905143 -0.012601 0.42492
vn 0.373195 0.871589 0.317896
vn 0.810572 0.58008 -0.080497
vn -0.309899 0.815199 0.489299
vn 0.418397 0.790995 0.446397
vn 0.043299 0.768082 0.638885
vn -0.309899 0.815199 0.489299
vn 0.373195 0.871589 0.317896
vn -0.309899 0.815199 0.489299
vn 0.043299 0.768082 0.638885
vn 0.054203 0.814142 0.57813
vn 0.373195 0.871589 0.317896
vn 0.810572 0.58008 -0.080497
vn 0.054203 0.814142 0.57813
vn 0.810572 0.58008 -0.080497
vn 0.600718 0.740222 0.302009
vn 0.703874 -0.703574 0.097696
vn 0.447887 0.385789 0.806576
vn -0.725618 -0.673117 0.142804
vn 0.699208 0.422105 0.577006
vn -0.725618 -0.673117 0.142804
vn 0.165207 -0.015301 -0.98614
vn 0.703874 -0.703574 0.097696
vn 0.721851 -0.035198 -0.691153
vn -0.725618 -0.673117 0.142804
vn 0.699208 0.422105 0.577006
vn 0.721851 -0.035198 -0.691153
vn 0.703874 -0.703574 0.097696
vn 0.165207 -0.015301 -0.98614
vn 0.447887 0.385789 0.806576
vn 0.3589 -0.8291 0.4287
vn -0.475471 0.191889 -0.858549
vn 0.524215 -0.511815 -0.68062
vn 0.524215 -0.511815 -0.68062
vn 0.36231 0.861924 0.35471
vn 0.524215 -0.511815 -0.68062
vn -0.475471 0.191889 -0.858549
vn -0.4312 -0.6734 -0.6005
vn 0.389784 -0.861165 0.326287
vn -0.997613 0.0171 -0.066901
vn 0.973495 -0.207999 0.0951
vn 0.389784 -0.861165 0.326287
vn -0.4312 -0.6734 -0.6005
vn -0.4312 -0.6734 -0.6005
vn 0.973495 -0.207999 0.0951
vn 0.389784 -0.861165 0.326287
vn 0.556433 0.795048 -0.241414
vn 0.556433 0.795048 -0.241414
vn 0.715241 0.595734 -0.365421
vn 0.715241 0.595734 -0.365421
vn 0.749127 0.377814 -0.544119
vn 0.65179 0.61779 -0.439893
vn 0.65179 0.61779 -0.439893
vn -0.112699 0.504895 -0.855792
vn 0.410712 0.891426 -0.191506
vn 0.020299 -0.430284 -0.902466
vn 0.38481 -0.880322 -0.277407
vn 0.772619 0.42491 0.471711
vn 0.729084 -0.498389 0.46909
vn 0.371904 0.382704 -0.84571
vn 0.416709 0.617613 0.667014
vn 0.463105 -0.524006 -0.714808
vn 0.417994 0.889787 -0.183197
vn 0.483819 -0.865033 0.132805
vn 0.515968 -0.218587 0.828249
vn 0.503401 -0.616601 -0.605301
vn 0.103402 0.86982 -0.482411
vn 0.690425 0.448716 0.567421
vn -0.354295 -0.229297 -0.906586
vn 0.946537 -0.0073 0.322513
vn -0.170097 -0.886082 -0.431191
vn 0.946537 -0.0073 0.322513
vn 0.544816 -0.817825 0.185306
vn -0.170097 -0.886082 -0.431191
vn 0.689119 0.694719 -0.206106
vn -0.354295 -0.229297 -0.906586
vn 0.0007 0.6 -0.8
vn 0.689119 0.694719 -0.206106
vn -0.088101 0.0008 -0.996111
vn 0.795008 -0.106901 0.597106
vn 0.031401 -0.743027 -0.668524
vn 0.518209 -0.842315 0.148203
vn 0.729564 0.664767 0.160692
vn 0.240411 0.740633 -0.627428
vn 0.061003 0.652728 -0.755132
vn 0.564576 -0.824464 0.038898
vn -0.25709 -0.046598 -0.965263
vn -0.1109 -0.844404 -0.524102
vn 0.97001 -0.108701 0.217402
vn 0.649216 0.748218 -0.136703
vn 0.40139 -0.227595 -0.887179
vn 0.439216 -0.659424 0.610122
vn 0.283103 -0.916509 -0.282603
vn 0.457914 0.65052 -0.605919
vn 0.482899 0.841198 0.243299
vn 0.509883 0.202493 0.836072
vn -0.275689 0.24209 -0.930262
vn 0.442389 -0.264993 -0.856779
vn -0.941558 0.114795 -0.316686
vn 0.582106 -0.783009 -0.219202
vn -0.821695 -0.500997 0.271698
vn 0.582106 -0.783009 -0.219202
vn -0.0367 -0.900792 0.432696
vn -0.821695 -0.500997 0.271698
vn 0.1416 -0.4803 0.865599
vn -0.35721 -0.587617 -0.726021
vn 0.84175 -0.267516 -0.468928
vn -0.267107 -0.578216 -0.770921
vn 0.966267 0.109096 -0.233292
vn 0.262202 -0.733905 0.626605
vn 0.726195 -0.285298 0.625496
vn -0.100398 0.447792 -0.888483
vn 0.793204 0.475602 -0.380302
vn -0.478598 -0.472598 0.739997
vn -0.97608 -0.042099 -0.213296
vn 0.425014 0.073102 -0.90223
vn -0.376102 0.348102 0.858704
vn -0.867221 0.154304 -0.473411
vn -0.870242 -0.326916 -0.368518
vn 0.443394 -0.636692 0.630892
vn -0.599079 -0.688476 0.408786
vn -0.397206 -0.183903 -0.899114
vn 0.402016 0.146506 -0.903836
vn 0.997202 -0.0728 0.017
vn 0.716515 -0.170104 0.676514
vn -0.247796 -0.937584 0.243996
vn 0.317502 -0.311002 -0.895807
vn 0.346005 -0.233104 -0.908814
vn 0.441989 -0.625884 0.642584
vn -0.236896 -0.915884 -0.324094
vn 0.871727 0.486415 0.059102
vn 0.0775 -0.491898 -0.867197
vn -0.056198 0.971473 -0.230394
vn 0.0736 -0.960603 0.268001
vn -0.098796 0.238289 0.966156
vn -0.760475 0.182894 0.623079
vn 0.374399 -0.373999 -0.848498
vn 0.572794 0.763691 -0.297797
vn 0.738375 -0.673577 -0.033099
vn -0.664179 0.746777 0.034499
vn -0.685567 -0.664768 0.296786
vn 0.545812 0.774517 -0.319707
vn 0.73347 -0.266089 0.625474
vn 0.147096 0.980072 0.133496
vn -0.743027 -0.168806 0.647623
vn 0.716078 -0.670579 0.193794
vn -0.670204 0.724504 -0.161001
vn -0.712527 -0.666425 0.219508
vn 0.537199 0.789699 -0.296299
vn -0.481005 -0.874908 -0.056301
vn 0.694416 -0.519012 -0.498411
vn -0.551407 0.626108 0.551307
vn -0.669835 -0.675335 -0.308616
vn 0.791233 0.587524 0.169607
vn -0.305201 -0.622101 -0.721001
vn -0.27809 -0.902167 0.329788
vn -0.600923 -0.77563 -0.193107
vn 0.28291 -0.900732 0.329612
vn -0.304018 0.16451 -0.938355
vn 0.228087 -0.914348 -0.334581
vn -0.89506 -0.073297 0.43988
vn 0.078399 0.190298 -0.978591
vn 0.430095 0.788192 0.440195
vn -0.109098 0.98508 -0.133097
vn 0.882179 0.470689 0.0146
vn -0.118396 -0.097497 -0.988168
vn -0.682786 0.719985 -0.124197
vn 0.090798 0.739881 -0.666583
vn -0.984088 -0.080499 0.158398
vn -0.58588 -0.796073 -0.151695
vn 0.553206 0.0076 -0.83301
vn 0.069599 -0.703389 -0.707389
vn -0.732607 -0.492705 0.469605
vn -0.780132 0.445018 0.439718
vn -0.42391 -0.856519 -0.294407
vn -0.372302 0.906306 -0.200001
vn 0.066502 -0.393711 -0.916826
vn 0.0048 0.469981 -0.882664
vn -0.448581 -0.263989 0.853865
vn -0.475569 0.592561 0.650158
vn -0.437095 -0.890189 0.128498
vn -0.400799 -0.552799 -0.730598
vn -0.43693 0.332822 -0.835657
vn -0.295301 0.938102 -0.181
vn -0.693911 0.690911 -0.202803
vn 0.137207 -0.887443 -0.440021
vn -0.941854 -0.020699 0.335384
vn -0.492093 -0.839088 0.231897
vn -0.045201 0.594913 -0.802518
vn 0.4157 -0.229 -0.8802
vn -0.710189 0.694389 -0.115998
vn -0.101302 0.633215 -0.767318
vn -0.95866 -0.095396 0.268089
vn -0.598378 -0.80007 0.042798
vn 0.370203 -0.0318 -0.928407
vn 0.043498 -0.843558 -0.535273
vn -0.728135 0.667232 0.156908
vn 0.124494 0.030399 -0.991755
vn -0.791086 -0.098698 0.60369
vn -0.219496 0.735585 -0.640887
vn -0.021999 -0.752977 -0.65768
vn -0.604415 -0.790519 0.098802
vn -0.715679 0.563684 0.412388
vn -0.518918 0.752626 -0.405314
vn -0.610709 -0.267204 0.745411
vn -0.240805 0.054901 -0.96902
vn -0.346583 -0.913355 0.213689
vn -0.230698 -0.740693 -0.630994
vn 0.266005 0.110502 -0.957617
vn -0.964374 -0.166596 0.205495
vn -0.666588 0.405493 -0.625489
vn 0.266005 0.110502 -0.957617
vn -0.446503 -0.630804 0.634604
vn -0.964374 -0.166596 0.205495
vn 0.266005 0.110502 -0.957617
vn 0.092402 -0.961419 0.259105
vn -0.446503 -0.630804 0.634604
vn 0.744806 -0.580705 -0.328703
vn -0.062597 -0.99346 -0.095496
vn 0.128297 0.272794 -0.95348
vn 0.224198 -0.364297 0.903893
vn -0.966006 0.167401 0.197001
vn 0.976586 -0.133498 -0.168698
vn 0.804043 -0.480626 0.350019
vn -0.018999 0.055598 -0.998272
vn 0.240098 -0.858994 0.452197
vn -0.123593 -0.680063 -0.722661
vn -0.636562 0.347779 -0.688359
vn 0.550924 -0.405118 0.729632
vn -0.70193 0.036102 0.71133
vn 0.765277 -0.0052 -0.64368
vn 0.71793 0.184108 -0.671328
vn -0.727289 -0.217397 0.650991
vn -0.590012 0.636213 -0.49711
vn 0.71793 0.184108 -0.671328
vn 0.749747 -0.451428 0.48383
vn -0.727289 -0.217397 0.650991
vn -0.489295 0.351397 -0.798192
vn 0.572205 -0.539005 0.618106
vn -0.768075 -0.111496 0.630579
vn -0.489295 0.351397 -0.798192
vn 0.744857 0.293783 -0.599065
vn 0.572205 -0.539005 0.618106
vn -0.048099 0.888173 -0.456986
vn -0.953865 -0.117496 -0.27629
vn -0.171498 0.146798 0.974186
vn -0.40302 0.909645 0.100605
vn -0.831899 -0.449799 -0.325
vn 0.0389 -0.0219 0.999003
vn -0.222491 0.592977 0.77387
vn -0.965447 -0.254686 -0.055197
vn 0.301004 -0.739909 0.601607
vn 0.361202 0.582203 0.728404
vn -0.871 0.4878 -0.0584
vn 0.74018 -0.669582 -0.061598
vn -0.632113 -0.566012 -0.529211
vn -0.081698 0.897978 -0.432389
vn -0.789244 -0.093405 -0.606934
vn -0.6193 -0.268 0.738
vn -0.419394 0.495593 -0.760589
vn -0.67979 -0.73329 0.0131
vn -0.595198 0.665898 0.449799
vn -0.289088 0.901063 -0.323287
vn 0.737076 -0.594281 0.32179
vn 0.765732 0.46482 -0.444519
vn -0.289088 0.901063 -0.323287
vn -0.861982 -0.49919 0.088298
vn 0.737076 -0.594281 0.32179
vn 0.56831 0.820314 0.064101
vn -0.601932 0.798143 -0.025401
vn -0.417408 -0.188203 0.889016
vn 0.721295 0.691395 -0.0413
vn -0.767581 0.569086 -0.294893
vn 0.254009 0.063202 0.965135
vn 0.083598 0.187096 0.978778
vn 0.050201 0.829119 -0.556813
vn -0.972083 0.224596 -0.067899
vn 0.068896 0.786555 -0.613665
vn -0.916906 0.0179 0.398702
vn 0.212899 0.335698 0.917595
vn 0.691296 -0.208299 -0.691896
vn 0.492301 -0.2156 0.843301
vn -0.633402 0.0055 -0.773803
vn -0.866223 -0.0066 0.499613
vn -0.866223 -0.0066 0.499613
vn 0.587088 -0.808883 -0.032199
vn 0.403191 0.908481 0.109998
vn -0.95671 -0.277003 -0.089301
vn 0.165799 0.388298 -0.906496
vn 0.797731 -0.599423 -0.065703
vn -0.390701 0.918003 -0.068
vn -0.514602 0.843704 -0.152801
vn -0.524906 -0.293903 -0.798809
vn -0.385794 -0.63309 0.671089
vn 0.175096 0.669283 -0.722082
vn 0.430613 0.901826 0.035801
vn 0.181199 -0.272299 -0.944997
vn 0.47461 -0.830418 -0.291806
vn 0.778467 -0.47058 0.415383
vn 0.430613 0.901826 0.035801
vn 0.147802 -0.0023 0.989014
vn 0.778467 -0.47058 0.415383
vn 0.147802 -0.0023 0.989014
vn 0.147906 -0.240809 0.959237
vn 0.778467 -0.47058 0.415383
vn 0.430613 0.901826 0.035801
vn 0.523993 0.569092 0.633692
vn 0.147802 -0.0023 0.989014
vn -0.491308 0.250404 0.834214
vn -0.423513 -0.598618 0.679921
vn -0.42609 -0.355792 0.831781
vn -0.36372 0.197411 0.91035
vn -0.182893 -0.692274 0.698074
vn -0.144192 0.264486 0.953549
vn -0.144192 0.264486 0.953549
vn -0.064102 -0.640921 0.764925
vn -0.182893 -0.692274 0.698074
vn -0.144192 0.264486 0.953549
vn -0.199692 -0.171894 0.964663
vn -0.064102 -0.640921 0.764925
vn 0.0265 0.998993 -0.0362
vn -0.049002 -0.911032 -0.409414
vn -0.176693 0.981563 -0.072897
vn 0.043502 0.986543 -0.157607
vn 0.289507 -0.947622 -0.134903
vn 0.280392 0.830276 -0.481686
vn 0.298711 -0.834831 -0.462417
vn 0.280392 0.830276 -0.481686
vn 0.99954 0.026701 0.014401
vn 0.298711 -0.834831 -0.462417
vn -0.372795 -0.902687 -0.214897
vn -0.084803 0.974636 0.207108
vn -0.372795 -0.902687 -0.214897
vn -0.238299 0.808296 -0.538397
vn -0.084803 0.974636 0.207108
vn -0.372795 -0.902687 -0.214897
vn -0.809094 -0.160999 -0.565196
vn -0.238299 0.808296 -0.538397
vn -0.372795 -0.902687 -0.214897
vn 0.532393 -0.825289 0.188297
vn -0.809094 -0.160999 -0.565196
vn 0.532393 -0.825289 0.188297
vn -0.308292 -0.427989 -0.849577
vn -0.809094 -0.160999 -0.565196
vn 0.532393 -0.825289 0.188297
vn -0.497194 -0.79649 0.344096
vn -0.308292 -0.427989 -0.849577
vn -0.238703 -0.208202 0.948511
vn -0.217491 0.0031 0.976058
vn -0.757698 -0.490999 0.429899
vn -0.374397 0.925994 0.0486
vn -0.217491 0.0031 0.976058
vn -0.55811 0.56271 0.609811
vn -0.374397 0.925994 0.0486
vn -0.374397 0.925994 0.0486
vn -0.50711 -0.815916 -0.277705
vn -0.757698 -0.490999 0.429899
vn -0.213096 -0.266495 -0.939984
vn -0.096505 0.688033 -0.719234
usemtl Mossback-Stone-Colossus-Material
f 1/1/1 2/2/2 3/3/3
f 4/4/4 5/5/5 6/6/6
f 3/3/3 7/7/7 1/1/1
f 8/8/8 7/7/7 3/3/3
f 9/9/9 10/10/10 11/11/11
f 11/11/11 10/10/10 12/12/12
f 3/3/3 13/13/13 8/8/8
f 12/12/12 14/14/14 11/11/11
f 15/15/15 2/2/2 1/1/1
f 16/16/16 17/17/17 18/18/18
f 1/1/1 19/19/19 15/15/15
f 15/15/15 19/19/19 20/20/20
f 21/21/21 22/22/22 23/23/23
f 24/24/24 25/25/25 26/26/26
f 27/27/27 28/28/28 29/29/29
f 29/29/29 30/30/30 31/31/31
f 29/29/29 31/31/31 27/27/27
f 32/32/32 25/25/25 24/24/24
f 32/32/32 24/24/24 33/33/33
f 19/19/19 34/34/34 20/20/20
f 27/27/27 35/35/35 28/28/28
f 36/36/36 37/37/37 38/38/38
f 39/39/39 40/40/40 41/41/41
f 42/42/42 43/43/43 44/44/44
f 45/45/45 43/43/43 42/42/42
f 46/46/46 47/47/47 48/48/48
f 42/42/42 49/49/49 45/45/45
f 50/50/50 51/51/51 52/52/52
f 52/52/52 51/51/51 53/53/53
f 54/54/54 55/55/55 56/56/56
f 57/57/57 55/55/55 54/54/54
f 58/58/58 59/59/59 60/60/60
f 58/58/58 60/60/60 61/61/61
f 54/54/54 62/62/62 57/57/57
f 63/63/63 64/64/64 65/65/65
f 66/66/66 63/63/63 65/65/65
f 67/67/67 68/68/68 69/69/69
f 70/70/70 71/71/71 72/72/72
f 72/72/72 73/73/73 70/70/70
f 51/51/51 74/74/74 53/53/53
f 75/75/75 76/76/76 77/77/77
f 70/70/70 78/78/78 71/71/71
f 75/75/75 77/77/77 79/79/79
f 80/80/80 44/44/44 43/43/43
f 81/81/81 82/82/82 83/83/83
f 84/84/84 85/85/85 86/86/86
f 87/87/87 88/88/88 89/89/89
f 84/84/84 86/86/86 90/90/90
f 91/91/91 92/92/92 93/93/93
f 94/94/94 95/95/95 96/96/96
f 97/97/97 98/98/98 99/99/99
f 82/82/82 81/81/81 100/100/100
f 101/101/101 70/70/70 73/73/73
f 102/102/102 103/103/103 104/104/104
f 105/105/105 106/106/106 107/107/107
f 102/102/102 104/104/104 108/108/108
f 109/109/109 105/105/105 107/107/107
f 110/110/110 109/109/109 107/107/107
f 102/102/102 108/108/108 111/111/111
f 111/111/111 112/112/112 102/102/102
f 113/113/113 114/114/114 115/115/115
f 116/116/116 117/117/117 118/118/118
f 119/119/119 113/113/113 115/115/115
f 120/120/120 121/121/121 122/122/122
f 114/114/114 113/113/113 123/123/123
f 114/114/114 123/123/123 124/124/124
f 125/125/125 126/126/126 127/127/127
f 117/117/117 128/128/128 118/118/118
f 129/129/129 130/130/130 131/131/131
f 132/132/132 130/130/130 129/129/129
f 133/133/133 134/134/134 135/135/135
f 136/136/136 132/132/132 129/129/129
f 137/137/137 138/138/138 139/139/139
f 140/140/140 141/141/141 142/142/142
f 143/143/143 140/140/140 142/142/142
f 87/87/87 144/144/144 88/88/88
f 88/88/88 144/144/144 145/145/145
f 145/145/145 146/146/146 88/88/88
f 121/121/121 120/120/120 147/147/147
f 138/138/138 137/137/137 148/148/148
f 149/149/149 150/150/150 151/151/151
f 104/104/104 152/152/152 138/138/138
f 148/148/148 104/104/104 138/138/138
f 153/153/153 154/154/154 155/155/155
f 156/156/156 131/131/131 130/130/130
f 157/157/157 158/158/158 159/159/159
f 160/160/160 161/161/161 162/162/162
f 162/162/162 163/163/163 160/160/160
f 164/164/164 157/157/157 159/159/159
f 165/165/165 166/166/166 167/167/167
f 168/168/168 169/169/169 170/170/170
f 165/165/165 167/167/167 106/106/106
f 165/165/165 106/106/106 105/105/105
f 170/170/170 171/171/171 168/168/168
f 172/172/172 150/150/150 149/149/149
f 168/168/168 173/173/173 169/169/169
f 174/174/174 93/93/93 92/92/92
f 173/173/173 168/168/168 175/175/175
f 104/104/104 103/103/103 152/152/152
f 157/157/157 176/176/176 158/158/158
f 161/161/161 177/177/177 162/162/162
f 148/148/148 178/178/178 104/104/104
f 104/104/104 178/178/178 108/108/108
f 179/179/179 180/180/180 181/181/181
f 182/182/182 183/183/183 184/184/184
f 181/181/181 185/185/185 179/179/179
f 182/182/182 184/184/184 186/186/186
f 187/187/187 188/188/188 189/189/189
f 190/190/190 187/187/187 189/189/189
f 191/191/191 192/192/192 193/193/193
f 194/194/194 191/191/191 193/193/193
f 163/163/163 162/162/162 195/195/195
f 196/196/196 197/197/197 198/198/198
f 199/199/199 200/200/200 78/78/78
f 198/198/198 201/201/201 196/196/196
f 78/78/78 202/202/202 199/199/199
f 70/70/70 202/202/202 78/78/78
f 60/60/60 203/203/203 204/204/204
f 205/205/205 60/60/60 204/204/204
f 206/206/206 205/205/205 204/204/204
f 204/204/204 207/207/207 206/206/206
f 10/10/10 9/9/9 208/208/208
f 209/209/209 37/37/37 210/210/210
f 210/210/210 37/37/37 211/211/211
f 212/212/212 213/213/213 214/214/214
f 60/60/60 59/59/59 203/203/203
f 215/215/215 208/208/208 9/9/9
f 9/9/9 216/216/216 215/215/215
f 37/37/37 209/209/209 217/217/217
f 217/217/217 38/38/38 37/37/37
f 218/218/218 219/219/219 220/220/220
f 221/221/221 222/222/222 223/223/223
f 224/224/224 225/225/225 226/226/226
f 222/222/222 227/227/227 223/223/223
f 225/225/225 228/228/228 226/226/226
f 229/229/229 228/228/228 225/225/225
f 230/230/230 231/231/231 232/232/232
f 230/230/230 232/232/232 233/233/233
f 234/234/234 235/235/235 236/236/236
f 200/200/200 199/199/199 237/237/237
f 238/238/238 196/196/196 201/201/201
f 239/239/239 240/240/240 241/241/241
f 229/229/229 242/242/242 228/228/228
f 202/202/202 70/70/70 243/243/243
f 244/244/244 245/245/245 246/246/246
f 247/247/247 248/248/248 249/249/249
f 110/110/110 250/250/250 109/109/109
f 251/251/251 252/252/252 253/253/253
f 254/254/254 249/249/249 248/248/248
f 248/248/248 255/255/255 254/254/254
f 256/256/256 257/257/257 258/258/258
f 186/186/186 184/184/184 259/259/259
f 260/260/260 186/186/186 259/259/259
f 258/258/258 261/261/261 256/256/256
f 101/101/101 243/243/243 70/70/70
f 262/262/262 263/263/263 264/264/264
f 265/265/265 185/185/185 181/181/181
f 227/227/227 266/266/266 223/223/223
f 187/187/187 267/267/267 188/188/188
f 188/188/188 267/267/267 268/268/268
f 268/268/268 269/269/269 188/188/188
f 270/270/270 271/271/271 272/272/272
f 272/272/272 273/273/273 270/270/270
f 274/274/274 272/272/272 271/271/271
f 271/271/271 275/275/275 274/274/274
f 276/276/276 277/277/277 278/278/278
f 278/278/278 277/277/277 279/279/279
f 280/280/280 281/281/281 282/282/282
f 282/282/282 283/283/283 280/280/280
f 284/284/284 285/285/285 286/286/286
f 287/287/287 288/288/288 289/289/289
f 284/284/284 290/290/290 285/285/285
f 291/291/291 292/292/292 293/293/293
f 292/292/292 294/294/294 293/293/293
f 295/295/295 296/296/296 297/297/297
f 298/298/298 299/299/299 300/300/300
f 295/295/295 297/297/297 301/301/301
f 302/302/302 303/303/303 304/304/304
f 302/302/302 304/304/304 305/305/305
f 306/306/306 307/307/307 308/308/308
f 309/309/309 310/310/310 311/311/311
f 312/312/312 313/313/313 314/314/314
f 315/315/315 316/316/316 317/317/317
f 318/318/318 319/319/319 320/320/320
f 321/321/321 318/318/318 320/320/320
f 310/310/310 309/309/309 322/322/322
f 313/313/313 312/312/312 323/323/323
f 324/324/324 325/325/325 326/326/326
f 326/326/326 327/327/327 324/324/324
f 328/328/328 323/323/323 312/312/312
f 323/323/323 328/328/328 329/329/329
f 330/330/330 326/326/326 325/325/325
f 331/331/331 330/330/330 325/325/325
f 329/329/329 332/332/332 323/323/323
f 318/318/318 321/321/321 333/333/333
f 318/318/318 333/333/333 334/334/334
f 335/335/335 332/332/332 329/329/329
f 336/336/336 331/331/331 337/337/337
f 335/335/335 329/329/329 338/338/338
f 335/335/335 338/338/338 339/339/339
f 335/335/335 339/339/339 340/340/340
f 340/340/340 341/341/341 335/335/335
f 342/342/342 343/343/343 344/344/344
f 345/345/345 346/346/346 347/347/347
f 348/348/348 349/349/349 350/350/350
f 351/351/351 345/345/345 347/347/347
f 350/350/350 352/352/352 348/348/348
f 353/353/353 344/344/344 343/343/343
f 354/354/354 355/355/355 356/356/356
f 346/346/346 345/345/345 357/357/357
f 309/309/309 358/358/358 322/322/322
f 344/344/344 353/353/353 359/359/359
f 360/360/360 350/350/350 349/349/349
f 330/330/330 360/360/360 349/349/349
f 355/355/355 354/354/354 361/361/361
f 362/362/362 359/359/359 353/353/353
f 361/361/361 363/363/363 355/355/355
f 364/364/364 357/357/357 345/345/345
f 345/345/345 351/351/351 364/364/364
f 365/365/365 366/366/366 367/367/367
f 365/365/365 367/367/367 368/368/368
f 369/369/369 370/370/370 371/371/371
f 372/372/372 373/373/373 374/374/374
f 374/374/374 375/375/375 372/372/372
f 376/376/376 371/371/371 370/370/370
f 377/377/377 378/378/378 379/379/379
f 380/380/380 381/381/381 382/382/382
f 383/383/383 384/384/384 385/385/385
f 371/371/371 376/376/376 386/386/386
f 373/373/373 360/360/360 387/387/387
f 387/387/387 374/374/374 373/373/373
f 388/388/388 386/386/386 376/376/376
f 389/389/389 390/390/390 378/378/378
f 378/378/378 377/377/377 391/391/391
f 378/378/378 391/391/391 389/389/389
f 392/392/392 393/393/393 394/394/394
f 395/395/395 396/396/396 397/397/397
f 398/398/398 399/399/399 400/400/400
f 360/360/360 330/330/330 401/401/401
f 401/401/401 387/387/387 360/360/360
f 402/402/402 403/403/403 404/404/404
f 405/405/405 402/402/402 404/404/404
f 406/406/406 405/405/405 404/404/404
f 407/407/407 408/408/408 409/409/409
f 410/410/410 411/411/411 412/412/412
f 330/330/330 331/331/331 336/336/336
f 336/336/336 401/401/401 330/330/330
f 413/413/413 414/414/414 415/415/415
f 403/403/403 414/414/414 413/413/413
f 415/415/415 416/416/416 413/413/413
f 417/417/417 418/418/418 419/419/419
f 420/420/420 417/417/417 419/419/419
f 414/414/414 403/403/403 402/402/402
f 419/419/419 421/421/421 422/422/422
f 423/423/423 424/424/424 425/425/425
f 426/426/426 427/427/427 416/416/416
f 416/416/416 415/415/415 426/426/426
f 428/428/428 429/429/429 430/430/430
f 428/428/428 430/430/430 431/431/431
f 432/432/432 433/433/433 434/434/434
f 435/435/435 436/436/436 437/437/437
f 420/420/420 430/430/430 417/417/417
f 430/430/430 420/420/420 431/431/431
f 438/438/438 439/439/439 440/440/440
f 441/441/441 442/442/442 443/443/443
f 444/444/444 445/445/445 446/446/446
f 447/447/447 448/448/448 439/439/439
f 442/442/442 449/449/449 443/443/443
f 439/439/439 438/438/438 447/447/447
f 450/450/450 451/451/451 452/452/452
f 453/453/453 443/443/443 449/449/449
f 454/454/454 422/422/422 421/421/421
f 455/455/455 454/454/454 421/421/421
f 444/444/444 456/456/456 445/445/445
f 456/456/456 444/444/444 457/457/457
f 424/424/424 423/423/423 458/458/458
f 420/420/420 459/459/459 431/431/431
f 460/460/460 461/461/461 462/462/462
f 423/423/423 463/463/463 458/458/458
f 464/464/464 465/465/465 466/466/466
f 455/455/455 459/459/459 454/454/454
f 459/459/459 455/455/455 467/467/467
f 459/459/459 467/467/467 468/468/468
f 459/459/459 468/468/468 469/469/469
f 470/470/470 431/431/431 459/459/459
f 469/469/469 470/470/470 459/459/459
f 471/471/471 472/472/472 473/473/473
f 474/474/474 475/475/475 476/476/476
f 477/477/477 478/478/478 479/479/479
f 480/480/480 481/481/481 482/482/482
f 483/483/483 484/484/484 485/485/485
f 486/486/486 487/487/487 488/488/488
f 489/489/489 490/490/490 491/491/491
f 475/475/475 474/474/474 492/492/492
f 492/492/492 493/493/493 475/475/475
f 494/494/494 495/495/495 496/496/496
f 496/496/496 497/497/497 494/494/494
f 481/481/481 480/480/480 498/498/498
f 499/499/499 485/485/485 484/484/484
f 487/487/487 486/486/486 500/500/500
f 501/501/501 502/502/502 503/503/503
f 504/504/504 505/505/505 506/506/506
f 502/502/502 501/501/501 507/507/507
f 508/508/508 509/509/509 510/510/510
f 510/510/510 511/511/511 508/508/508
f 512/512/512 513/513/513 514/514/514
f 294/294/294 515/515/515 293/293/293
f 212/212/212 516/516/516 213/213/213
f 517/517/517 518/518/518 519/519/519
f 240/240/240 520/520/520 521/521/521
f 522/522/522 523/523/523 524/524/524
f 520/520/520 240/240/240 239/239/239
f 301/301/301 297/297/297 296/296/296
f 525/525/525 301/301/301 296/296/296
f 526/526/526 527/527/527 528/528/528
f 299/299/299 298/298/298 529/529/529
f 528/528/528 530/530/530 526/526/526
f 531/531/531 532/532/532 533/533/533
f 534/534/534 535/535/535 536/536/536
f 537/537/537 305/305/305 304/304/304
f 538/538/538 539/539/539 540/540/540
f 541/541/541 542/542/542 543/543/543
f 544/544/544 545/545/545 546/546/546
f 547/547/547 548/548/548 549/549/549
f 550/550/550 551/551/551 552/552/552
f 553/553/553 546/546/546 545/545/545
f 554/554/554 555/555/555 556/556/556
f 551/551/551 557/557/557 552/552/552
f 558/558/558 559/559/559 560/560/560
f 561/561/561 562/562/562 563/563/563
f 564/564/564 562/562/562 561/561/561
f 561/561/561 563/563/563 565/565/565
f 561/561/561 565/565/565 564/564/564
f 566/566/566 567/567/567 568/568/568
f 569/569/569 560/560/560 559/559/559
f 570/570/570 571/571/571 572/572/572
f 573/573/573 574/574/574 575/575/575
f 576/576/576 577/577/577 578/578/578
f 579/579/579 580/580/580 581/581/581
f 582/582/582 583/583/583 584/584/584
f 578/578/578 585/585/585 576/576/576
f 582/582/582 584/584/584 586/586/586
f 587/587/587 588/588/588 589/589/589
f 590/590/590 34/34/34 591/591/591
f 587/587/587 589/589/589 592/592/592
f 593/593/593 590/590/590 591/591/591
f 594/594/594 593/593/593 591/591/591
f 587/587/587 592/592/592 595/595/595
f 596/596/596 597/597/597 598/598/598
f 34/34/34 590/590/590 20/20/20
f 579/579/579 599/599/599 580/580/580
f 600/600/600 601/601/601 602/602/602
f 603/603/603 578/578/578 577/577/577
f 604/604/604 602/602/602 601/601/601
f 605/605/605 606/606/606 607/607/607
f 608/608/608 609/609/609 610/610/610
f 611/611/611 592/592/592 589/589/589
f 47/47/47 612/612/612 613/613/613
f 614/614/614 612/612/612 47/47/47
f 615/615/615 616/616/616 617/617/617
f 47/47/47 46/46/46 614/614/614
f 617/617/617 618/618/618 615/615/615
f 619/619/619 620/620/620 621/621/621
f 622/622/622 623/623/623 624/624/624
f 625/625/625 626/626/626 627/627/627
f 620/620/620 619/619/619 628/628/628
f 629/629/629 623/623/623 630/630/630
f 623/623/623 629/629/629 624/624/624
f 593/593/593 631/631/631 590/590/590
f 632/632/632 633/633/633 634/634/634
f 635/635/635 636/636/636 637/637/637
f 637/637/637 638/638/638 635/635/635
f 603/603/603 639/639/639 578/578/578
f 638/638/638 640/640/640 641/641/641
f 641/641/641 635/635/635 638/638/638
f 642/642/642 643/643/643 644/644/644
f 642/642/642 644/644/644 645/645/645
f 646/646/646 647/647/647 648/648/648
f 649/649/649 650/650/650 651/651/651
f 652/652/652 653/653/653 654/654/654
f 655/655/655 656/656/656 657/657/657
f 651/651/651 650/650/650 658/658/658
f 655/655/655 657/657/657 659/659/659
f 659/659/659 660/660/660 655/655/655
f 661/661/661 662/662/662 663/663/663
f 664/664/664 665/665/665 666/666/666
f 661/661/661 663/663/663 667/667/667
f 667/667/667 668/668/668 661/661/661
f 669/669/669 670/670/670 664/664/664
f 671/671/671 672/672/672 673/673/673
f 670/670/670 665/665/665 664/664/664
f 672/672/672 671/671/671 674/674/674
f 675/675/675 676/676/676 677/677/677
f 678/678/678 676/676/676 675/675/675
f 679/679/679 680/680/680 681/681/681
f 679/679/679 681/681/681 682/682/682
f 675/675/675 683/683/683 678/678/678
f 684/684/684 685/685/685 686/686/686
f 687/687/687 688/688/688 689/689/689
f 689/689/689 690/690/690 691/691/691
f 689/689/689 691/691/691 687/687/687
f 687/687/687 692/692/692 688/688/688
f 693/693/693 694/694/694 695/695/695
f 696/696/696 697/697/697 593/593/593
f 698/698/698 696/696/696 593/593/593
f 594/594/594 698/698/698 593/593/593
f 699/699/699 700/700/700 701/701/701
f 128/128/128 702/702/702 118/118/118
f 125/125/125 703/703/703 126/126/126
f 126/126/126 703/703/703 704/704/704
f 701/701/701 705/705/705 699/699/699
f 700/700/700 699/699/699 706/706/706
f 147/147/147 120/120/120 707/707/707
f 708/708/708 709/709/709 710/710/710
f 134/134/134 711/711/711 135/135/135
f 709/709/709 708/708/708 712/712/712
f 713/713/713 714/714/714 715/715/715
f 716/716/716 135/135/135 711/711/711
f 717/717/717 715/715/715 714/714/714
f 718/718/718 719/719/719 720/720/720
f 721/721/721 719/719/719 718/718/718
f 722/722/722 723/723/723 724/724/724
f 667/667/667 725/725/725 668/668/668
f 726/726/726 727/727/727 694/694/694
f 728/728/728 729/729/729 730/730/730
f 726/726/726 694/694/694 693/693/693
f 731/731/731 697/697/697 732/732/732
f 733/733/733 734/734/734 735/735/735
f 736/736/736 737/737/737 738/738/738
f 738/738/738 739/739/739 736/736/736
f 734/734/734 733/733/733 740/740/740
f 741/741/741 742/742/742 743/743/743
f 737/737/737 744/744/744 738/738/738
f 723/723/723 745/745/745 724/724/724
f 746/746/746 743/743/743 747/747/747
f 738/738/738 744/744/744 748/748/748
f 746/746/746 747/747/747 749/749/749
f 750/750/750 745/745/745 751/751/751
f 747/747/747 743/743/743 742/742/742
f 727/727/727 752/752/752 694/694/694
f 753/753/753 752/752/752 727/727/727
f 729/729/729 728/728/728 754/754/754
f 755/755/755 145/145/145 144/144/144
f 752/752/752 756/756/756 757/757/757
f 753/753/753 756/756/756 752/752/752
f 633/633/633 632/632/632 758/758/758
f 268/268/268 607/607/607 606/606/606
f 606/606/606 269/269/269 268/268/268
f 759/759/759 760/760/760 761/761/761
f 762/762/762 763/763/763 764/764/764
f 273/273/273 272/272/272 765/765/765
f 683/683/683 766/766/766 678/678/678
f 767/767/767 768/768/768 769/769/769
f 684/684/684 770/770/770 685/685/685
f 771/771/771 772/772/772 773/773/773
f 768/768/768 767/767/767 774/774/774
f 772/772/772 771/771/771 775/775/775
f 592/592/592 776/776/776 595/595/595
f 777/777/777 776/776/776 592/592/592
f 592/592/592 611/611/611 777/777/777
f 778/778/778 779/779/779 780/780/780
f 780/780/780 779/779/779 781/781/781
f 782/782/782 783/783/783 784/784/784
f 776/776/776 777/777/777 785/785/785
f 786/786/786 787/787/787 788/788/788
f 786/786/786 788/788/788 595/595/595
f 789/789/789 790/790/790 791/791/791
f 792/792/792 595/595/595 788/788/788
f 788/788/788 785/785/785 792/792/792
f 697/697/697 696/696/696 732/732/732
f 793/793/793 732/732/732 696/696/696
f 794/794/794 795/795/795 796/796/796
f 696/696/696 797/797/797 793/793/793
f 796/796/796 798/798/798 794/794/794
f 799/799/799 800/800/800 801/801/801
f 802/802/802 803/803/803 804/804/804
f 805/805/805 806/806/806 807/807/807
f 808/808/808 754/754/754 728/728/728
f 809/809/809 801/801/801 800/800/800
f 803/803/803 802/802/802 810/810/810
f 800/800/800 811/811/811 809/809/809
f 812/812/812 807/807/807 806/806/806
f 812/812/812 813/813/813 807/807/807
f 814/814/814 815/815/815 816/816/816
f 813/813/813 812/812/812 817/817/817
f 817/817/817 818/818/818 813/813/813
f 815/815/815 814/814/814 819/819/819
f 795/795/795 794/794/794 820/820/820
f 795/795/795 820/820/820 821/821/821
f 797/797/797 822/822/822 793/793/793
f 698/698/698 594/594/594 823/823/823
f 824/824/824 825/825/825 826/826/826
f 798/798/798 827/827/827 794/794/794
f 828/828/828 829/829/829 830/830/830
f 831/831/831 832/832/832 833/833/833
f 829/829/829 828/828/828 834/834/834
f 835/835/835 836/836/836 837/837/837
f 834/834/834 838/838/838 829/829/829
f 832/832/832 831/831/831 839/839/839
f 832/832/832 839/839/839 840/840/840
f 840/840/840 841/841/841 832/832/832
f 842/842/842 843/843/843 844/844/844
f 842/842/842 844/844/844 845/845/845
f 846/846/846 847/847/847 848/848/848
f 849/849/849 850/850/850 851/851/851
f 852/852/852 853/853/853 854/854/854
f 834/834/834 855/855/855 838/838/838
f 856/856/856 857/857/857 850/850/850
f 850/850/850 858/858/858 856/856/856
f 859/859/859 850/850/850 857/857/857
f 834/834/834 860/860/860 855/855/855
f 859/859/859 851/851/851 850/850/850
f 861/861/861 862/862/862 863/863/863
f 859/859/859 864/864/864 851/851/851
f 865/865/865 866/866/866 867/867/867
f 864/864/864 859/859/859 868/868/868
f 869/869/869 870/870/870 871/871/871
f 872/872/872 873/873/873 874/874/874
f 875/875/875 876/876/876 877/877/877
f 860/860/860 834/834/834 878/878/878
f 860/860/860 878/878/878 879/879/879
f 880/880/880 868/868/868 859/859/859
f 879/879/879 881/881/881 860/860/860
f 298/298/298 882/882/882 529/529/529
f 883/883/883 882/882/882 298/298/298
f 884/884/884 885/885/885 886/886/886
f 887/887/887 888/888/888 889/889/889
f 890/890/890 887/887/887 889/889/889
f 891/891/891 777/777/777 611/611/611
f 892/892/892 893/893/893 894/894/894
f 792/792/792 785/785/785 777/777/777
f 895/895/895 885/885/885 896/896/896
f 895/895/895 896/896/896 897/897/897
f 897/897/897 898/898/898 895/895/895
f 899/899/899 900/900/900 901/901/901
f 902/902/902 903/903/903 904/904/904
f 905/905/905 899/899/899 901/901/901
f 906/906/906 905/905/905 901/901/901
f 900/900/900 899/899/899 907/907/907
f 908/908/908 909/909/909 910/910/910
f 911/911/911 904/904/904 903/903/903
f 912/912/912 911/911/911 903/903/903
f 913/913/913 914/914/914 915/915/915
f 909/909/909 916/916/916 910/910/910
f 914/914/914 917/917/917 915/915/915
f 918/918/918 919/919/919 920/920/920
f 921/921/921 919/919/919 918/918/918
f 911/911/911 912/912/912 922/922/922
f 923/923/923 924/924/924 925/925/925
f 885/885/885 926/926/926 896/896/896
f 884/884/884 926/926/926 885/885/885
f 927/927/927 928/928/928 929/929/929
f 929/929/929 893/893/893 927/927/927
f 894/894/894 893/893/893 929/929/929
f 928/928/928 927/927/927 930/930/930
f 896/896/896 931/931/931 897/897/897
f 923/923/923 932/932/932 924/924/924
f 933/933/933 765/765/765 272/272/272
f 934/934/934 933/933/933 272/272/272
f 272/272/272 274/274/274 934/934/934
f 935/935/935 930/930/930 927/927/927
f 936/936/936 937/937/937 938/938/938
f 939/939/939 936/936/936 938/938/938
f 938/938/938 940/940/940 939/939/939
f 936/936/936 941/941/941 937/937/937
f 942/942/942 943/943/943 944/944/944
f 941/941/941 936/936/936 945/945/945
f 946/946/946 944/944/944 943/943/943
f 947/947/947 946/946/946 943/943/943
f 948/948/948 949/949/949 950/950/950
f 951/951/951 952/952/952 953/953/953
f 954/954/954 955/955/955 956/956/956
f 946/946/946 957/957/957 944/944/944
f 958/958/958 959/959/959 960/960/960
f 958/958/958 960/960/960 961/961/961
f 946/946/946 962/962/962 957/957/957
f 962/962/962 946/946/946 963/963/963
f 964/964/964 961/961/961 960/960/960
f 965/965/965 966/966/966 967/967/967
f 968/968/968 969/969/969 970/970/970
f 971/971/971 968/968/968 970/970/970
f 963/963/963 972/972/972 962/962/962
f 947/947/947 963/963/963 946/946/946
f 973/973/973 280/280/280 283/283/283
f 283/283/283 974/974/974 973/973/973
f 975/975/975 976/976/976 977/977/977
f 978/978/978 979/979/979 980/980/980
f 977/977/977 981/981/981 975/975/975
f 982/982/982 983/983/983 984/984/984
f 984/984/984 985/985/985 982/982/982
f 986/986/986 987/987/987 976/976/976
f 988/988/988 989/989/989 990/990/990
f 975/975/975 986/986/986 976/976/976
f 991/991/991 980/980/980 979/979/979
f 990/990/990 992/992/992 988/988/988
f 993/993/993 994/994/994 995/995/995
f 996/996/996 997/997/997 998/998/998
f 999/999/999 1000/1000/1000 997/997/997
f 1001/1001/1001 1002/1002/1002 1003/1003/1003
f 1004/1004/1004 1005/1005/1005 1006/1006/1006
f 982/982/982 1007/1007/1007 983/983/983
f 1002/1002/1002 1001/1001/1001 1008/1008/1008
f 1009/1009/1009 997/997/997 1000/1000/1000
f 1010/1010/1010 1006/1006/1006 1005/1005/1005
f 1007/1007/1007 982/982/982 1011/1011/1011
f 1012/1012/1012 1013/1013/1013 1014/1014/1014
f 1014/1014/1014 1015/1015/1015 1012/1012/1012
f 997/997/997 1009/1009/1009 1016/1016/1016
f 1017/1017/1017 998/998/998 997/997/997
f 1016/1016/1016 1017/1017/1017 997/997/997
f 1018/1018/1018 1019/1019/1019 1020/1020/1020
f 387/387/387 982/982/982 985/985/985
f 980/980/980 991/991/991 1021/1021/1021
f 1021/1021/1021 1022/1022/1022 980/980/980
f 982/982/982 387/387/387 1011/1011/1011
f 1023/1023/1023 1024/1024/1024 1025/1025/1025
f 992/992/992 990/990/990 1026/1026/1026
f 1027/1027/1027 1028/1028/1028 1029/1029/1029
f 1030/1030/1030 1031/1031/1031 1032/1032/1032
f 1032/1032/1032 1033/1033/1033 1034/1034/1034
f 1029/1029/1029 1035/1035/1035 1027/1027/1027
f 1032/1032/1032 1034/1034/1034 1030/1030/1030
f 1036/1036/1036 1029/1029/1029 1028/1028/1028
f 1037/1037/1037 1038/1038/1038 1039/1039/1039
f 1040/1040/1040 1041/1041/1041 1042/1042/1042
f 455/455/455 1043/1043/1043 1044/1044/1044
f 1045/1045/1045 1043/1043/1043 455/455/455
f 1046/1046/1046 467/467/467 455/455/455
f 455/455/455 1044/1044/1044 1046/1046/1046
f 1047/1047/1047 1048/1048/1048 1049/1049/1049
f 1048/1048/1048 1047/1047/1047 1050/1050/1050
f 1051/1051/1051 1050/1050/1050 1047/1047/1047
f 1052/1052/1052 1026/1026/1026 990/990/990
f 401/401/401 1011/1011/1011 387/387/387
f 1041/1041/1041 1053/1053/1053 1042/1042/1042
f 1054/1054/1054 1044/1044/1044 1043/1043/1043
f 1055/1055/1055 1054/1054/1054 1043/1043/1043
f 1043/1043/1043 1045/1045/1045 1055/1055/1055
f 1056/1056/1056 1057/1057/1057 1058/1058/1058
f 1059/1059/1059 1060/1060/1060 1061/1061/1061
f 1061/1061/1061 1062/1062/1062 1059/1059/1059
f 1053/1053/1053 1063/1063/1063 1064/1064/1064
f 1064/1064/1064 1042/1042/1042 1053/1053/1053
f 1057/1057/1057 1065/1065/1065 1066/1066/1066
f 1067/1067/1067 1068/1068/1068 1069/1069/1069
f 1057/1057/1057 1066/1066/1066 1070/1070/1070
f 1059/1059/1059 1071/1071/1071 1060/1060/1060
f 1070/1070/1070 1058/1058/1058 1057/1057/1057
f 1065/1065/1065 1072/1072/1072 1066/1066/1066
f 1073/1073/1073 1074/1074/1074 1075/1075/1075
f 1076/1076/1076 1077/1077/1077 1078/1078/1078
f 1077/1077/1077 1076/1076/1076 1079/1079/1079
f 1080/1080/1080 1081/1081/1081 1082/1082/1082
f 1083/1083/1083 1084/1084/1084 1085/1085/1085
f 1086/1086/1086 1087/1087/1087 1088/1088/1088
f 1089/1089/1089 1090/1090/1090 1091/1091/1091
f 1092/1092/1092 1093/1093/1093 1094/1094/1094
f 1095/1095/1095 1096/1096/1096 1097/1097/1097
f 1098/1098/1098 1088/1088/1088 1087/1087/1087
f 1099/1099/1099 1100/1100/1100 1101/1101/1101
f 1102/1102/1102 468/468/468 467/467/467
f 467/467/467 1046/1046/1046 1102/1102/1102
f 1102/1102/1102 469/469/469 468/468/468
f 1103/1103/1103 1104/1104/1104 1105/1105/1105
f 1106/1106/1106 1107/1107/1107 1108/1108/1108
f 1103/1103/1103 1105/1105/1105 1109/1109/1109
f 1103/1103/1103 1109/1109/1109 1110/1110/1110
f 1103/1103/1103 1110/1110/1110 1111/1111/1111
f 1044/1044/1044 1112/1112/1112 1046/1046/1046
f 1054/1054/1054 1112/1112/1112 1044/1044/1044
f 1113/1113/1113 1097/1097/1097 1096/1096/1096
f 1100/1100/1100 1099/1099/1099 1114/1114/1114
f 1115/1115/1115 1116/1116/1116 1117/1117/1117
f 1118/1118/1118 1119/1119/1119 1120/1120/1120
f 1121/1121/1121 1122/1122/1122 1123/1123/1123
f 1124/1124/1124 1046/1046/1046 1112/1112/1112
f 1125/1125/1125 1126/1126/1126 1127/1127/1127
f 1128/1128/1128 1129/1129/1129 1130/1130/1130
f 1131/1131/1131 1132/1132/1132 1133/1133/1133
f 1134/1134/1134 1135/1135/1135 1136/1136/1136
f 1046/1046/1046 1124/1124/1124 1137/1137/1137
f 1046/1046/1046 1137/1137/1137 1102/1102/1102
f 1138/1138/1138 1130/1130/1130 1129/1129/1129
f 1132/1132/1132 1131/1131/1131 1139/1139/1139
f 1140/1140/1140 1138/1138/1138 1129/1129/1129
f 1141/1141/1141 1142/1142/1142 1143/1143/1143
f 1055/1055/1055 1124/1124/1124 1054/1054/1054
f 1124/1124/1124 1055/1055/1055 1137/1137/1137
f 1131/1131/1131 1144/1144/1144 1139/1139/1139
f 1145/1145/1145 1146/1146/1146 1147/1147/1147
f 1148/1148/1148 1139/1139/1139 1144/1144/1144
f 1149/1149/1149 1150/1150/1150 1151/1151/1151
f 1152/1152/1152 1153/1153/1153 1154/1154/1154
f 1155/1155/1155 1105/1105/1105 1104/1104/1104
f 1156/1156/1156 1157/1157/1157 1107/1107/1107
f 1106/1106/1106 1156/1156/1156 1107/1107/1107
f 1155/1155/1155 1158/1158/1158 1105/1105/1105
f 1105/1105/1105 1158/1158/1158 1109/1109/1109
f 1159/1159/1159 1063/1063/1063 1160/1160/1160
f 1161/1161/1161 1162/1162/1162 1163/1163/1163
f 1063/1063/1063 1159/1159/1159 1064/1064/1064
f 1164/1164/1164 1165/1165/1165 1166/1166/1166
f 1167/1167/1167 1168/1168/1168 1169/1169/1169
f 1170/1170/1170 1167/1167/1167 1169/1169/1169
f 1169/1169/1169 1171/1171/1171 1170/1170/1170
f 1165/1165/1165 1172/1172/1172 1166/1166/1166
f 1167/1167/1167 1170/1170/1170 1173/1173/1173
f 1174/1174/1174 1166/1166/1166 1172/1172/1172
f 1175/1175/1175 1174/1174/1174 1172/1172/1172
f 1176/1176/1176 1170/1170/1170 1171/1171/1171
f 401/401/401 336/336/336 1177/1177/1177
f 1171/1171/1171 1178/1178/1178 1176/1176/1176
f 1170/1170/1170 1176/1176/1176 1173/1173/1173
f 1179/1179/1179 1180/1180/1180 1181/1181/1181
f 1179/1179/1179 1181/1181/1181 1182/1182/1182
f 1183/1183/1183 1109/1109/1109 1158/1158/1158
f 1182/1182/1182 1184/1184/1184 1179/1179/1179
f 1180/1180/1180 1185/1185/1185 1181/1181/1181
f 1186/1186/1186 1187/1187/1187 1188/1188/1188
f 1189/1189/1189 1190/1190/1190 1191/1191/1191
f 1187/1187/1187 1186/1186/1186 1192/1192/1192
f 1193/1193/1193 1194/1194/1194 1195/1195/1195
f 1195/1195/1195 1196/1196/1196 1193/1193/1193
f 1197/1197/1197 1198/1198/1198 1199/1199/1199
f 1200/1200/1200 1201/1201/1201 1202/1202/1202
f 1199/1199/1199 1203/1203/1203 1197/1197/1197
f 1204/1204/1204 1205/1205/1205 1206/1206/1206
f 1207/1207/1207 1204/1204/1204 1206/1206/1206
f 1208/1208/1208 1209/1209/1209 1210/1210/1210
f 1211/1211/1211 1209/1209/1209 1208/1208/1208
f 1208/1208/1208 1210/1210/1210 1212/1212/1212
f 1213/1213/1213 1214/1214/1214 1215/1215/1215
f 1216/1216/1216 1211/1211/1211 1208/1208/1208
f 1215/1215/1215 1217/1217/1217 1213/1213/1213
f 1218/1218/1218 1219/1219/1219 1220/1220/1220
f 1221/1221/1221 1222/1222/1222 1223/1223/1223
f 1224/1224/1224 1225/1225/1225 1226/1226/1226
f 1227/1227/1227 1109/1109/1109 1183/1183/1183
f 1223/1223/1223 1228/1228/1228 1221/1221/1221
f 1229/1229/1229 1230/1230/1230 1231/1231/1231
f 1232/1232/1232 1233/1233/1233 1234/1234/1234
f 1231/1231/1231 1235/1235/1235 1229/1229/1229
f 1234/1234/1234 1236/1236/1236 1232/1232/1232
f 1237/1237/1237 1220/1220/1220 1219/1219/1219
f 1232/1232/1232 1238/1238/1238 1233/1233/1233
f 1224/1224/1224 1239/1239/1239 1225/1225/1225
f 1109/1109/1109 1240/1240/1240 1110/1110/1110
f 1241/1241/1241 563/563/563 562/562/562
f 1239/1239/1239 1224/1224/1224 1242/1242/1242
f 1243/1243/1243 1244/1244/1244 1245/1245/1245
f 562/562/562 564/564/564 1246/1246/1246
f 563/563/563 1241/1241/1241 1247/1247/1247
f 563/563/563 1247/1247/1247 565/565/565
f 1248/1248/1248 1242/1242/1242 1224/1224/1224
f 1241/1241/1241 1249/1249/1249 1250/1250/1250
f 1250/1250/1250 1247/1247/1247 1241/1241/1241
f 1251/1251/1251 1250/1250/1250 1249/1249/1249
f 1252/1252/1252 1251/1251/1251 1249/1249/1249
f 1238/1238/1238 1232/1232/1232 1253/1253/1253
f 1254/1254/1254 1255/1255/1255 1256/1256/1256
f 1250/1250/1250 565/565/565 1247/1247/1247
f 565/565/565 1250/1250/1250 564/564/564
f 1250/1250/1250 1251/1251/1251 1257/1257/1257
f 1257/1257/1257 564/564/564 1250/1250/1250
f 1251/1251/1251 1252/1252/1252 1257/1257/1257
f 1258/1258/1258 1259/1259/1259 1260/1260/1260
f 1259/1259/1259 1258/1258/1258 1261/1261/1261
f 1214/1214/1214 1262/1262/1262 1263/1263/1263
f 1263/1263/1263 1215/1215/1215 1214/1214/1214
f 1182/1182/1182 1258/1258/1258 1184/1184/1184
f 1258/1258/1258 1182/1182/1182 1264/1264/1264
f 1264/1264/1264 1261/1261/1261 1258/1258/1258
f 1265/1265/1265 1266/1266/1266 1267/1267/1267
f 1266/1266/1266 1268/1268/1268 1267/1267/1267
f 1269/1269/1269 1268/1268/1268 1266/1266/1266
f 1205/1205/1205 1204/1204/1204 1270/1270/1270
f 1264/1264/1264 1271/1271/1271 1261/1261/1261
f 1272/1272/1272 1273/1273/1273 1274/1274/1274
f 1275/1275/1275 1276/1276/1276 1277/1277/1277
f 1278/1278/1278 1279/1279/1279 1280/1280/1280
f 1281/1281/1281 1282/1282/1282 1283/1283/1283
f 1284/1284/1284 1285/1285/1285 1286/1286/1286
f 1287/1287/1287 1288/1288/1288 1289/1289/1289
f 1290/1290/1290 1291/1291/1291 1292/1292/1292
f 1204/1204/1204 1207/1207/1207 1293/1293/1293
f 1292/1292/1292 1294/1294/1294 1290/1290/1290
f 1295/1295/1295 1280/1280/1280 1279/1279/1279
f 1296/1296/1296 1297/1297/1297 1298/1298/1298
f 1296/1296/1296 1298/1298/1298 1299/1299/1299
f 1300/1300/1300 1301/1301/1301 1302/1302/1302
f 1303/1303/1303 1304/1304/1304 1305/1305/1305
f 1306/1306/1306 1300/1300/1300 1302/1302/1302
f 1307/1307/1307 1306/1306/1306 1302/1302/1302
f 1308/1308/1308 1309/1309/1309 1310/1310/1310
f 1311/1311/1311 1308/1308/1308 1310/1310/1310
f 1303/1303/1303 1305/1305/1305 1312/1312/1312
f 1313/1313/1313 1314/1314/1314 1315/1315/1315
f 1315/1315/1315 1316/1316/1316 1317/1317/1317
f 1317/1317/1317 1313/1313/1313 1315/1315/1315
f 1301/1301/1301 1300/1300/1300 1318/1318/1318
f 1301/1301/1301 1318/1318/1318 1319/1319/1319
f 1320/1320/1320 1318/1318/1318 1300/1300/1300
f 1321/1321/1321 1299/1299/1299 1298/1298/1298
f 1318/1318/1318 1322/1322/1322 1319/1319/1319
f 1323/1323/1323 1324/1324/1324 1325/1325/1325
f 1325/1325/1325 1326/1326/1326 1323/1323/1323
f 1327/1327/1327 1319/1319/1319 1322/1322/1322
f 1324/1324/1324 1323/1323/1323 1328/1328/1328
f 1329/1329/1329 1330/1330/1330 1331/1331/1331
f 1332/1332/1332 1253/1253/1253 1232/1232/1232
f 1333/1333/1333 1306/1306/1306 1334/1334/1334
f 1335/1335/1335 1336/1336/1336 1337/1337/1337
f 1338/1338/1338 1339/1339/1339 1340/1340/1340
f 1335/1335/1335 1337/1337/1337 1341/1341/1341
f 1306/1306/1306 1307/1307/1307 1334/1334/1334
f 1342/1342/1342 1336/1336/1336 1343/1343/1343
f 1344/1344/1344 1342/1342/1342 1343/1343/1343
f 1336/1336/1336 1342/1342/1342 1337/1337/1337
f 1342/1342/1342 1344/1344/1344 1345/1345/1345
f 1342/1342/1342 1345/1345/1345 1346/1346/1346
f 1347/1347/1347 1337/1337/1337 1342/1342/1342
f 1346/1346/1346 1347/1347/1347 1342/1342/1342
f 1308/1308/1308 1311/1311/1311 1348/1348/1348
f 1348/1348/1348 1349/1349/1349 1308/1308/1308
f 1350/1350/1350 1312/1312/1312 1305/1305/1305
f 1351/1351/1351 1352/1352/1352 1353/1353/1353
f 1354/1354/1354 1355/1355/1355 1356/1356/1356
f 1356/1356/1356 1355/1355/1355 1357/1357/1357
f 1312/1312/1312 1350/1350/1350 1358/1358/1358
f 1359/1359/1359 1317/1317/1317 1316/1316/1316
f 1360/1360/1360 1361/1361/1361 1362/1362/1362
f 1363/1363/1363 1364/1364/1364 1365/1365/1365
f 1366/1366/1366 1367/1367/1367 1368/1368/1368
f 1369/1369/1369 1366/1366/1366 1368/1368/1368
f 1365/1365/1365 1370/1370/1370 1363/1363/1363
f 1360/1360/1360 1371/1371/1371 1361/1361/1361
f 1361/1361/1361 1371/1371/1371 1372/1372/1372
f 1372/1372/1372 1373/1373/1373 1361/1361/1361
f 1364/1364/1364 1374/1374/1374 1365/1365/1365
f 1375/1375/1375 1371/1371/1371 1360/1360/1360
f 1376/1376/1376 1377/1377/1377 1378/1378/1378
f 1379/1379/1379 1380/1380/1380 1381/1381/1381
f 1382/1382/1382 1383/1383/1383 1384/1384/1384
f 1282/1282/1282 1281/1281/1281 1385/1385/1385
f 1330/1330/1330 1329/1329/1329 1386/1386/1386
f 1386/1386/1386 1387/1387/1387 1330/1330/1330
f 1388/1388/1388 1389/1389/1389 1390/1390/1390
f 1391/1391/1391 1390/1390/1390 1389/1389/1389
f 1365/1365/1365 1392/1392/1392 1370/1370/1370
f 1393/1393/1393 1394/1394/1394 1395/1395/1395
f 1396/1396/1396 1397/1397/1397 1398/1398/1398
f 1399/1399/1399 1400/1400/1400 1401/1401/1401
f 1394/1394/1394 1402/1402/1402 1395/1395/1395
f 1403/1403/1403 1404/1404/1404 1405/1405/1405
f 1404/1404/1404 1406/1406/1406 1405/1405/1405
f 1407/1407/1407 1400/1400/1400 1392/1392/1392
f 1392/1392/1392 1365/1365/1365 1407/1407/1407
f 1407/1407/1407 1401/1401/1401 1400/1400/1400
f 1408/1408/1408 1409/1409/1409 1410/1410/1410
f 1411/1411/1411 1412/1412/1412 1413/1413/1413
f 1413/1413/1413 1414/1414/1414 1411/1411/1411
f 1349/1349/1349 1348/1348/1348 1415/1415/1415
f 1416/1416/1416 1417/1417/1417 1418/1418/1418
f 1419/1419/1419 1420/1420/1420 1421/1421/1421
f 1422/1422/1422 1423/1423/1423 1424/1424/1424
f 1419/1419/1419 1421/1421/1421 1425/1425/1425
f 1419/1419/1419 1425/1425/1425 1426/1426/1426
f 1424/1424/1424 1427/1427/1427 1428/1428/1428
f 1428/1428/1428 1422/1422/1422 1424/1424/1424
f 1429/1429/1429 1430/1430/1430 1431/1431/1431
f 1432/1432/1432 1418/1418/1418 1417/1417/1417
f 1433/1433/1433 1434/1434/1434 1435/1435/1435
f 1284/1284/1284 1436/1436/1436 1285/1285/1285
f 1437/1437/1437 1381/1381/1381 1380/1380/1380
f 1433/1433/1433 1438/1438/1438 1434/1434/1434
f 1381/1381/1381 1437/1437/1437 1439/1439/1439
f 1440/1440/1440 1407/1407/1407 1365/1365/1365
f 1438/1438/1438 1433/1433/1433 1441/1441/1441
f 1436/1436/1436 1284/1284/1284 1442/1442/1442
f 1442/1442/1442 1443/1443/1443 1436/1436/1436
f 1288/1288/1288 1287/1287/1287 1444/1444/1444
f 1284/1284/1284 1445/1445/1445 1442/1442/1442
f 1446/1446/1446 1411/1411/1411 1414/1414/1414
f 1447/1447/1447 1448/1448/1448 1449/1449/1449
f 1430/1430/1430 1429/1429/1429 1450/1450/1450
f 1451/1451/1451 1452/1452/1452 1453/1453/1453
f 1453/1453/1453 1452/1452/1452 1454/1454/1454
f 1455/1455/1455 1456/1456/1456 1457/1457/1457
f 1453/1453/1453 1458/1458/1458 1451/1451/1451
f 1459/1459/1459 1460/1460/1460 1461/1461/1461
f 1462/1462/1462 1459/1459/1459 1461/1461/1461
f 1463/1463/1463 1464/1464/1464 1465/1465/1465
f 1466/1466/1466 1467/1467/1467 1468/1468/1468
f 1465/1465/1465 1469/1469/1469 1463/1463/1463
f 1468/1468/1468 1470/1470/1470 1471/1471/1471
f 1471/1471/1471 1466/1466/1466 1468/1468/1468
f 1472/1472/1472 1473/1473/1473 1474/1474/1474
f 1474/1474/1474 1473/1473/1473 1475/1475/1475
f 1476/1476/1476 1477/1477/1477 1478/1478/1478
f 1479/1479/1479 1450/1450/1450 1429/1429/1429
f 1411/1411/1411 1446/1446/1446 1480/1480/1480
f 1456/1456/1456 1481/1481/1481 1457/1457/1457
f 1482/1482/1482 1483/1483/1483 1450/1450/1450
f 1450/1450/1450 1479/1479/1479 1482/1482/1482
f 1484/1484/1484 1485/1485/1485 1486/1486/1486
f 1483/1483/1483 1482/1482/1482 1487/1487/1487
f 1483/1483/1483 1487/1487/1487 1488/1488/1488
f 1489/1489/1489 1484/1484/1484 1486/1486/1486
f 1490/1490/1490 1491/1491/1491 1492/1492/1492
f 1485/1485/1485 1484/1484/1484 1493/1493/1493
f 1494/1494/1494 1495/1495/1495 1496/1496/1496
f 1494/1494/1494 1496/1496/1496 1497/1497/1497
f 1498/1498/1498 1499/1499/1499 1500/1500/1500
f 1501/1501/1501 1502/1502/1502 1503/1503/1503
f 1491/1491/1491 1490/1490/1490 1504/1504/1504
f 1505/1505/1505 1497/1497/1497 1496/1496/1496
f 1506/1506/1506 1507/1507/1507 1499/1499/1499
f 1499/1499/1499 1498/1498/1498 1506/1506/1506
f 1508/1508/1508 1509/1509/1509 1510/1510/1510
f 1509/1509/1509 1508/1508/1508 1511/1511/1511
f 822/822/822 1512/1512/1512 793/793/793
f 1513/1513/1513 1514/1514/1514 1515/1515/1515
f 1516/1516/1516 808/808/808 1517/1517/1517
f 870/870/870 869/869/869 1518/1518/1518
f 1519/1519/1519 1515/1515/1515 1514/1514/1514
f 868/868/868 880/880/880 1520/1520/1520
f 1521/1521/1521 1522/1522/1522 1523/1523/1523
f 1524/1524/1524 1518/1518/1518 869/869/869
f 1523/1523/1523 1525/1525/1525 1521/1521/1521
f 1526/1526/1526 961/961/961 964/964/964
f 1527/1527/1527 1528/1528/1528 1529/1529/1529
f 1530/1530/1530 1531/1531/1531 1532/1532/1532
f 1528/1528/1528 1527/1527/1527 1533/1533/1533
f 1534/1534/1534 1532/1532/1532 1531/1531/1531
f 1535/1535/1535 1536/1536/1536 1537/1537/1537
f 1538/1538/1538 1539/1539/1539 1540/1540/1540
f 1541/1541/1541 1542/1542/1542 1543/1543/1543
f 1544/1544/1544 1545/1545/1545 1532/1532/1532
f 1522/1522/1522 1546/1546/1546 1547/1547/1547
f 1532/1532/1532 1534/1534/1534 1544/1544/1544
f 1547/1547/1547 1523/1523/1523 1522/1522/1522
f 1548/1548/1548 1549/1549/1549 1550/1550/1550
f 1551/1551/1551 1552/1552/1552 1553/1553/1553
f 1554/1554/1554 1555/1555/1555 1556/1556/1556
f 1557/1557/1557 1558/1558/1558 1559/1559/1559
f 1539/1539/1539 1538/1538/1538 1560/1560/1560
f 1561/1561/1561 1543/1543/1543 1542/1542/1542
f 1562/1562/1562 1563/1563/1563 1564/1564/1564
f 1565/1565/1565 1566/1566/1566 1567/1567/1567
f 1568/1568/1568 1569/1569/1569 1570/1570/1570
f 1571/1571/1571 1572/1572/1572 1573/1573/1573
f 1574/1574/1574 1575/1575/1575 1576/1576/1576
f 1577/1577/1577 1571/1571/1571 1573/1573/1573
f 1578/1578/1578 1579/1579/1579 1580/1580/1580
f 1579/1579/1579 1578/1578/1578 1581/1581/1581
f 1582/1582/1582 1583/1583/1583 1584/1584/1584
f 1585/1585/1585 1586/1586/1586 1587/1587/1587
f 1588/1588/1588 1589/1589/1589 1590/1590/1590
f 1591/1591/1591 1592/1592/1592 1593/1593/1593
f 1594/1594/1594 1595/1595/1595 1596/1596/1596
f 1590/1590/1590 1597/1597/1597 1588/1588/1588
f 1598/1598/1598 1599/1599/1599 1600/1600/1600
f 1586/1586/1586 1585/1585/1585 1601/1601/1601
f 1602/1602/1602 1603/1603/1603 1604/1604/1604
f 1605/1605/1605 1606/1606/1606 1607/1607/1607
f 1608/1608/1608 1609/1609/1609 1610/1610/1610
f 1611/1611/1611 1612/1612/1612 1613/1613/1613
f 1614/1614/1614 1615/1615/1615 1616/1616/1616
f 1617/1617/1617 1610/1610/1610 1609/1609/1609
f 1614/1614/1614 1616/1616/1616 1618/1618/1618
f 1619/1619/1619 1620/1620/1620 1621/1621/1621
f 1622/1622/1622 1623/1623/1623 1624/1624/1624
f 1625/1625/1625 1626/1626/1626 1627/1627/1627
f 1628/1628/1628 1618/1618/1618 1616/1616/1616
f 1616/1616/1616 1629/1629/1629 1628/1628/1628
f 1549/1549/1549 1548/1548/1548 1630/1630/1630
f 1631/1631/1631 1632/1632/1632 1633/1633/1633
f 1630/1630/1630 1634/1634/1634 1549/1549/1549
f 1555/1555/1555 1554/1554/1554 1635/1635/1635
f 1555/1555/1555 1635/1635/1635 1636/1636/1636
f 1637/1637/1637 1638/1638/1638 1639/1639/1639
f 1640/1640/1640 1641/1641/1641 1642/1642/1642
f 1643/1643/1643 1636/1636/1636 1635/1635/1635
f 1644/1644/1644 1645/1645/1645 1646/1646/1646
f 1647/1647/1647 1648/1648/1648 1649/1649/1649
f 1650/1650/1650 1651/1651/1651 1652/1652/1652
f 1653/1653/1653 1654/1654/1654 1655/1655/1655
f 1534/1534/1534 1656/1656/1656 1544/1544/1544
f 1657/1657/1657 1658/1658/1658 1659/1659/1659
f 1660/1660/1660 1659/1659/1659 1658/1658/1658
f 1661/1661/1661 1662/1662/1662 972/972/972
f 972/972/972 963/963/963 1661/1661/1661
f 1659/1659/1659 1660/1660/1660 1663/1663/1663
f 1662/1662/1662 1661/1661/1661 1664/1664/1664
f 947/947/947 1661/1661/1661 963/963/963
f 1661/1661/1661 947/947/947 1665/1665/1665
f 1666/1666/1666 1667/1667/1667 1668/1668/1668
f 1669/1669/1669 1666/1666/1666 1668/1668/1668
f 1670/1670/1670 1671/1671/1671 1672/1672/1672
f 1673/1673/1673 1671/1671/1671 1670/1670/1670
f 1672/1672/1672 1602/1602/1602 1670/1670/1670
f 1674/1674/1674 1675/1675/1675 1676/1676/1676
f 1676/1676/1676 1675/1675/1675 1677/1677/1677
f 1678/1678/1678 1679/1679/1679 1680/1680/1680
f 1681/1681/1681 1682/1682/1682 1680/1680/1680
f 1683/1683/1683 1684/1684/1684 1671/1671/1671
f 1685/1685/1685 1681/1681/1681 1680/1680/1680
f 1686/1686/1686 1687/1687/1687 1688/1688/1688
f 1683/1683/1683 1671/1671/1671 1673/1673/1673
f 1675/1675/1675 1674/1674/1674 1689/1689/1689
f 1689/1689/1689 1677/1677/1677 1675/1675/1675
f 1690/1690/1690 1691/1691/1691 1692/1692/1692
f 1679/1679/1679 1678/1678/1678 1693/1693/1693
f 1682/1682/1682 1681/1681/1681 1694/1694/1694
f 1695/1695/1695 1696/1696/1696 1697/1697/1697
f 1698/1698/1698 1671/1671/1671 1684/1684/1684
f 1699/1699/1699 1698/1698/1698 1684/1684/1684
f 1700/1700/1700 1701/1701/1701 1702/1702/1702
f 1703/1703/1703 1704/1704/1704 1705/1705/1705
f 1681/1681/1681 1706/1706/1706 1694/1694/1694
f 1701/1701/1701 1707/1707/1707 1702/1702/1702
f 1706/1706/1706 1693/1693/1693 1678/1678/1678
f 1708/1708/1708 1706/1706/1706 1678/1678/1678
f 1686/1686/1686 1709/1709/1709 1687/1687/1687
f 1710/1710/1710 1711/1711/1711 1712/1712/1712
f 1713/1713/1713 1714/1714/1714 1715/1715/1715
f 1716/1716/1716 1717/1717/1717 1718/1718/1718
f 1719/1719/1719 1720/1720/1720 1721/1721/1721
f 1722/1722/1722 1723/1723/1723 1724/1724/1724
f 1724/1724/1724 1725/1725/1725 1722/1722/1722
f 1726/1726/1726 1727/1727/1727 1728/1728/1728
f 1728/1728/1728 1729/1729/1729 1726/1726/1726
f 1725/1725/1725 1724/1724/1724 1730/1730/1730
f 1731/1731/1731 1726/1726/1726 1729/1729/1729
f 1725/1725/1725 1730/1730/1730 1732/1732/1732
f 1731/1731/1731 1733/1733/1733 1726/1726/1726
f 1734/1734/1734 1694/1694/1694 1706/1706/1706
f 1708/1708/1708 1734/1734/1734 1706/1706/1706
f 1735/1735/1735 1736/1736/1736 1737/1737/1737
f 1738/1738/1738 1697/1697/1697 1696/1696/1696
f 1739/1739/1739 1740/1740/1740 1741/1741/1741
f 1734/1734/1734 1708/1708/1708 1742/1742/1742
f 1743/1743/1743 1742/1742/1742 1708/1708/1708
f 1709/1709/1709 1686/1686/1686 1744/1744/1744
f 1708/1708/1708 1745/1745/1745 1743/1743/1743
f 1746/1746/1746 1747/1747/1747 1748/1748/1748
f 1749/1749/1749 1750/1750/1750 1751/1751/1751
f 1748/1748/1748 1752/1752/1752 1746/1746/1746
f 1746/1746/1746 1752/1752/1752 1753/1753/1753
f 1754/1754/1754 1755/1755/1755 1756/1756/1756
f 1756/1756/1756 1757/1757/1757 1754/1754/1754
f 1758/1758/1758 1759/1759/1759 1760/1760/1760
f 1761/1761/1761 1759/1759/1759 1758/1758/1758
f 1758/1758/1758 1762/1762/1762 1761/1761/1761
f 1749/1749/1749 1763/1763/1763 1750/1750/1750
f 1671/1671/1671 1698/1698/1698 1764/1764/1764
f 1765/1765/1765 1766/1766/1766 1767/1767/1767
f 1671/1671/1671 1764/1764/1764 1768/1768/1768
f 1698/1698/1698 1699/1699/1699 1769/1769/1769
f 1770/1770/1770 1760/1760/1760 1759/1759/1759
f 1771/1771/1771 1764/1764/1764 1698/1698/1698
f 1772/1772/1772 1773/1773/1773 1774/1774/1774
f 1738/1738/1738 1775/1775/1775 1697/1697/1697
f 1776/1776/1776 1777/1777/1777 1778/1778/1778
f 1779/1779/1779 1780/1780/1780 1781/1781/1781
f 1782/1782/1782 1783/1783/1783 1784/1784/1784
f 1777/1777/1777 1785/1785/1785 1786/1786/1786
f 1777/1777/1777 1786/1786/1786 1778/1778/1778
f 1787/1787/1787 1788/1788/1788 1789/1789/1789
f 1775/1775/1775 1738/1738/1738 1790/1790/1790
f 1791/1791/1791 1792/1792/1792 1793/1793/1793
f 1794/1794/1794 1795/1795/1795 1796/1796/1796
f 1796/1796/1796 1797/1797/1797 1794/1794/1794
f 1792/1792/1792 1791/1791/1791 1798/1798/1798
f 1799/1799/1799 1800/1800/1800 1801/1801/1801
f 1799/1799/1799 1801/1801/1801 1802/1802/1802
f 1802/1802/1802 1803/1803/1803 1799/1799/1799
f 1804/1804/1804 1805/1805/1805 1806/1806/1806
f 1807/1807/1807 1808/1808/1808 1809/1809/1809
f 1806/1806/1806 1810/1810/1810 1804/1804/1804
f 1811/1811/1811 1810/1810/1810 1806/1806/1806
f 1812/1812/1812 1813/1813/1813 1814/1814/1814
f 1814/1814/1814 1815/1815/1815 1812/1812/1812
f 1808/1808/1808 1816/1816/1816 1817/1817/1817
f 1808/1808/1808 1817/1817/1817 1809/1809/1809
f 1818/1818/1818 1819/1819/1819 1783/1783/1783
f 1783/1783/1783 1782/1782/1782 1818/1818/1818
f 1820/1820/1820 1801/1801/1801 1800/1800/1800
f 1821/1821/1821 1820/1820/1820 1800/1800/1800
f 1818/1818/1818 1822/1822/1822 1819/1819/1819
f 1823/1823/1823 1824/1824/1824 1810/1810/1810
f 1823/1823/1823 1810/1810/1810 1811/1811/1811
f 1825/1825/1825 1826/1826/1826 1827/1827/1827
f 1827/1827/1827 1828/1828/1828 1825/1825/1825
f 1825/1825/1825 1829/1829/1829 1826/1826/1826
f 1825/1825/1825 1830/1830/1830 1829/1829/1829
f 1816/1816/1816 1831/1831/1831 1817/1817/1817
f 1832/1832/1832 1833/1833/1833 1834/1834/1834
f 1835/1835/1835 1836/1836/1836 1837/1837/1837
f 1838/1838/1838 1839/1839/1839 1840/1840/1840
f 1841/1841/1841 1842/1842/1842 1843/1843/1843
f 1844/1844/1844 1845/1845/1845 1846/1846/1846
f 1847/1847/1847 1848/1848/1848 1840/1840/1840
f 1849/1849/1849 1850/1850/1850 1851/1851/1851
f 1852/1852/1852 1853/1853/1853 1854/1854/1854
f 1855/1855/1855 1836/1836/1836 1835/1835/1835
f 1840/1840/1840 1839/1839/1839 1847/1847/1847
f 1856/1856/1856 1857/1857/1857 1858/1858/1858
f 1859/1859/1859 1842/1842/1842 1841/1841/1841
f 1860/1860/1860 1861/1861/1861 1862/1862/1862
f 1863/1863/1863 1864/1864/1864 1865/1865/1865
f 1833/1833/1833 1832/1832/1832 1866/1866/1866
f 1867/1867/1867 1868/1868/1868 1869/1869/1869
f 1870/1870/1870 1871/1871/1871 1872/1872/1872
f 1873/1873/1873 1874/1874/1874 1875/1875/1875
f 1876/1876/1876 1870/1870/1870 1872/1872/1872
f 1877/1877/1877 1878/1878/1878 1874/1874/1874
f 1871/1871/1871 1870/1870/1870 1879/1879/1879
f 1874/1874/1874 1878/1878/1878 1875/1875/1875
f 1879/1879/1879 1880/1880/1880 1871/1871/1871
f 1881/1881/1881 1882/1882/1882 1883/1883/1883
f 1884/1884/1884 1885/1885/1885 1886/1886/1886
f 1887/1887/1887 1888/1888/1888 1889/1889/1889
f 1890/1890/1890 1891/1891/1891 1892/1892/1892
f 1880/1880/1880 1879/1879/1879 1893/1893/1893
f 1894/1894/1894 1895/1895/1895 1896/1896/1896
f 1897/1897/1897 1898/1898/1898 1899/1899/1899
f 1900/1900/1900 1901/1901/1901 1902/1902/1902
f 1902/1902/1902 1903/1903/1903 1900/1900/1900
f 1904/1904/1904 1905/1905/1905 1906/1906/1906
f 1906/1906/1906 1905/1905/1905 1907/1907/1907
f 1908/1908/1908 1909/1909/1909 1910/1910/1910
f 1911/1911/1911 1912/1912/1912 1913/1913/1913
f 1907/1907/1907 1914/1914/1914 1906/1906/1906
f 1915/1915/1915 1899/1899/1899 1898/1898/1898
f 1916/1916/1916 1917/1917/1917 1918/1918/1918
f 1919/1919/1919 1920/1920/1920 1921/1921/1921
f 1922/1922/1922 1923/1923/1923 1921/1921/1921
f 1921/1921/1921 1923/1923/1923 1924/1924/1924
f 1924/1924/1924 1919/1919/1919 1921/1921/1921
f 1460/1460/1460 1459/1459/1459 1925/1925/1925
f 1926/1926/1926 1428/1428/1428 1427/1427/1427
f 1460/1460/1460 1925/1925/1925 1927/1927/1927
f 1473/1473/1473 1928/1928/1928 1929/1929/1929
f 1930/1930/1930 1931/1931/1931 1932/1932/1932
f 1475/1475/1475 1473/1473/1473 1929/1929/1929
f 1933/1933/1933 1917/1917/1917 1934/1934/1934
f 1935/1935/1935 1920/1920/1920 1936/1936/1936
f 1937/1937/1937 1932/1932/1932 1931/1931/1931
f 1938/1938/1938 1939/1939/1939 1940/1940/1940
f 1933/1933/1933 1918/1918/1918 1917/1917/1917
f 1919/1919/1919 1936/1936/1936 1920/1920/1920
f 1941/1941/1941 1942/1942/1942 1923/1923/1923
f 1943/1943/1943 1944/1944/1944 1945/1945/1945
f 1941/1941/1941 1923/1923/1923 1922/1922/1922
f 1901/1901/1901 1900/1900/1900 1946/1946/1946
f 1947/1947/1947 1948/1948/1948 1949/1949/1949
f 1950/1950/1950 1951/1951/1951 1901/1901/1901
f 1952/1952/1952 1950/1950/1950 1901/1901/1901
f 1901/1901/1901 1953/1953/1953 1954/1954/1954
f 1946/1946/1946 1953/1953/1953 1901/1901/1901
f 1901/1901/1901 1954/1954/1954 1952/1952/1952
f 1955/1955/1955 1956/1956/1956 1957/1957/1957
f 1818/1818/1818 1782/1782/1782 1944/1944/1944
f 1943/1943/1943 1818/1818/1818 1944/1944/1944
f 1740/1740/1740 1739/1739/1739 1955/1955/1955
f 1739/1739/1739 1956/1956/1956 1955/1955/1955
f 1958/1958/1958 1959/1959/1959 1960/1960/1960
f 1960/1960/1960 1961/1961/1961 1962/1962/1962
f 1960/1960/1960 1962/1962/1962 1958/1958/1958
f 1912/1912/1912 1963/1963/1963 1913/1913/1913
f 1964/1964/1964 1965/1965/1965 1966/1966/1966
f 1967/1967/1967 1968/1968/1968 1969/1969/1969
f 1966/1966/1966 1970/1970/1970 1964/1964/1964
f 1971/1971/1971 1913/1913/1913 1963/1963/1963
f 1965/1965/1965 1964/1964/1964 1972/1972/1972
f 1963/1963/1963 1973/1973/1973 1971/1971/1971
f 1974/1974/1974 1975/1975/1975 1976/1976/1976
f 1903/1903/1903 1977/1977/1977 1900/1900/1900
f 1971/1971/1971 1978/1978/1978 1913/1913/1913
f 1979/1979/1979 1900/1900/1900 1977/1977/1977
f 1980/1980/1980 1981/1981/1981 1982/1982/1982
f 1983/1983/1983 1984/1984/1984 1982/1982/1982
f 1982/1982/1982 1984/1984/1984 1980/1980/1980
f 1900/1900/1900 1979/1979/1979 1985/1985/1985
f 1986/1986/1986 1946/1946/1946 1900/1900/1900
f 1985/1985/1985 1986/1986/1986 1900/1900/1900
f 1987/1987/1987 1985/1985/1985 1979/1979/1979
f 1988/1988/1988 1989/1989/1989 1981/1981/1981
f 1981/1981/1981 1980/1980/1980 1988/1988/1988
f 1968/1968/1968 1990/1990/1990 1969/1969/1969
f 1473/1473/1473 1472/1472/1472 1991/1991/1991
f 1992/1992/1992 1993/1993/1993 1994/1994/1994
f 1995/1995/1995 1996/1996/1996 1997/1997/1997
f 1998/1998/1998 1466/1466/1466 1999/1999/1999
f 1999/1999/1999 1466/1466/1466 1471/1471/1471
f 2000/2000/2000 2001/2001/2001 2002/2002/2002
f 2003/2003/2003 2004/2004/2004 2005/2005/2005
f 2006/2006/2006 2007/2007/2007 2008/2008/2008
f 2009/2009/2009 2010/2010/2010 1996/1996/1996
f 1995/1995/1995 2009/2009/2009 1996/1996/1996
f 2011/2011/2011 2012/2012/2012 2013/2013/2013
f 2009/2009/2009 1995/1995/1995 2014/2014/2014
f 2015/2015/2015 2016/2016/2016 2017/2017/2017
f 1497/1497/1497 1505/1505/1505 2018/2018/2018
f 2019/2019/2019 2002/2002/2002 2001/2001/2001
f 1506/1506/1506 2020/2020/2020 1507/1507/1507
f 2021/2021/2021 2022/2022/2022 2023/2023/2023
f 2023/2023/2023 2024/2024/2024 2021/2021/2021
f 2021/2021/2021 2024/2024/2024 2025/2025/2025
f 2025/2025/2025 2026/2026/2026 2021/2021/2021
f 2027/2027/2027 2028/2028/2028 2029/2029/2029
f 2029/2029/2029 2030/2030/2030 2027/2027/2027
f 2031/2031/2031 2032/2032/2032 2033/2033/2033
f 2034/2034/2034 2035/2035/2035 2036/2036/2036
f 2037/2037/2037 1972/1972/1972 1964/1964/1964
f 2030/2030/2030 2029/2029/2029 2038/2038/2038
f 2039/2039/2039 2040/2040/2040 2041/2041/2041
f 2042/2042/2042 2043/2043/2043 2044/2044/2044
f 2045/2045/2045 1818/1818/1818 1943/1943/1943
f 2046/2046/2046 2047/2047/2047 2048/2048/2048
f 2049/2049/2049 2050/2050/2050 2051/2051/2051
f 2052/2052/2052 2053/2053/2053 2054/2054/2054
f 2052/2052/2052 2054/2054/2054 2055/2055/2055
f 2052/2052/2052 2055/2055/2055 2056/2056/2056
f 2057/2057/2057 2058/2058/2058 2059/2059/2059
f 2060/2060/2060 2061/2061/2061 2062/2062/2062
f 2063/2063/2063 2061/2061/2061 2064/2064/2064
f 2063/2063/2063 2064/2064/2064 2065/2065/2065
f 2061/2061/2061 2060/2060/2060 2064/2064/2064
f 2066/2066/2066 2065/2065/2065 2064/2064/2064
f 2050/2050/2050 2049/2049/2049 2067/2067/2067
f 2068/2068/2068 2066/2066/2066 2064/2064/2064
f 2050/2050/2050 2067/2067/2067 2069/2069/2069
f 2069/2069/2069 2070/2070/2070 2050/2050/2050
f 2071/2071/2071 2054/2054/2054 2053/2053/2053
f 2072/2072/2072 2073/2073/2073 2074/2074/2074
f 2075/2075/2075 2076/2076/2076 2077/2077/2077
f 2078/2078/2078 2079/2079/2079 2080/2080/2080
f 2081/2081/2081 2082/2082/2082 2083/2083/2083
f 2081/2081/2081 2083/2083/2083 2084/2084/2084
f 2084/2084/2084 2085/2085/2085 2081/2081/2081
f 2086/2086/2086 2087/2087/2087 2088/2088/2088
f 1950/1950/1950 2089/2089/2089 1951/1951/1951
f 2090/2090/2090 2091/2091/2091 2092/2092/2092
f 2093/2093/2093 2094/2094/2094 2095/2095/2095
f 2096/2096/2096 2097/2097/2097 2098/2098/2098
f 2099/2099/2099 2100/2100/2100 2101/2101/2101
f 2094/2094/2094 2093/2093/2093 2102/2102/2102
f 2094/2094/2094 2102/2102/2102 2103/2103/2103
f 2104/2104/2104 2098/2098/2098 2097/2097/2097
f 2105/2105/2105 2104/2104/2104 2097/2097/2097
f 2106/2106/2106 2107/2107/2107 2108/2108/2108
f 2109/2109/2109 2089/2089/2089 1950/1950/1950
f 2079/2079/2079 2110/2110/2110 2080/2080/2080
f 2102/2102/2102 2111/2111/2111 2103/2103/2103
f 2112/2112/2112 2113/2113/2113 2114/2114/2114
f 2114/2114/2114 2115/2115/2115 2112/2112/2112
f 2116/2116/2116 2083/2083/2083 2082/2082/2082
f 2117/2117/2117 2118/2118/2118 2119/2119/2119
f 2120/2120/2120 2121/2121/2121 2122/2122/2122
f 2123/2123/2123 2118/2118/2118 2117/2117/2117
f 2122/2122/2122 2121/2121/2121 2124/2124/2124
f 2117/2117/2117 2119/2119/2119 2125/2125/2125
f 2117/2117/2117 2126/2126/2126 2123/2123/2123
f 2127/2127/2127 2128/2128/2128 2129/2129/2129
f 2120/2120/2120 2130/2130/2130 2121/2121/2121
f 2131/2131/2131 2132/2132/2132 2133/2133/2133
f 2134/2134/2134 2135/2135/2135 2136/2136/2136
f 2137/2137/2137 2138/2138/2138 2139/2139/2139
f 2140/2140/2140 2141/2141/2141 2142/2142/2142
f 2143/2143/2143 2136/2136/2136 2135/2135/2135
f 2144/2144/2144 2145/2145/2145 2146/2146/2146
f 2146/2146/2146 2147/2147/2147 2144/2144/2144
f 2148/2148/2148 2142/2142/2142 2141/2141/2141
f 2149/2149/2149 2150/2150/2150 2151/2151/2151
f 2152/2152/2152 2153/2153/2153 2154/2154/2154
f 2155/2155/2155 2156/2156/2156 2157/2157/2157
f 2157/2157/2157 2158/2158/2158 2155/2155/2155
f 2153/2153/2153 2152/2152/2152 2159/2159/2159
f 2160/2160/2160 2161/2161/2161 2162/2162/2162
f 2163/2163/2163 2128/2128/2128 2127/2127/2127
f 2164/2164/2164 2165/2165/2165 2166/2166/2166
f 2167/2167/2167 2168/2168/2168 2169/2169/2169
f 2170/2170/2170 2167/2167/2167 2169/2169/2169
f 2171/2171/2171 2172/2172/2172 2173/2173/2173
f 2171/2171/2171 2173/2173/2173 2174/2174/2174
f 2175/2175/2175 2176/2176/2176 2177/2177/2177
f 2178/2178/2178 2179/2179/2179 2180/2180/2180
f 2181/2181/2181 2182/2182/2182 2183/2183/2183
f 2184/2184/2184 2185/2185/2185 2085/2085/2085
f 2085/2085/2085 2084/2084/2084 2184/2184/2184
f 2186/2186/2186 1809/1809/1809 1817/1817/1817
f 2049/2049/2049 2187/2187/2187 2188/2188/2188
f 2049/2049/2049 2188/2188/2188 2067/2067/2067
f 2189/2189/2189 2190/2190/2190 2191/2191/2191
f 2192/2192/2192 2193/2193/2193 2194/2194/2194
f 2195/2195/2195 2196/2196/2196 2197/2197/2197
f 2190/2190/2190 2189/2189/2189 2198/2198/2198
f 2199/2199/2199 2200/2200/2200 2201/2201/2201
f 2196/2196/2196 2195/2195/2195 2202/2202/2202
f 2203/2203/2203 2198/2198/2198 2189/2189/2189
f 2204/2204/2204 2205/2205/2205 2206/2206/2206
f 2207/2207/2207 2208/2208/2208 2198/2198/2198
f 2205/2205/2205 2209/2209/2209 2210/2210/2210
f 2203/2203/2203 2207/2207/2207 2198/2198/2198
f 2210/2210/2210 2206/2206/2206 2205/2205/2205
f 2184/2184/2184 2211/2211/2211 2084/2084/2084
f 2212/2212/2212 2187/2187/2187 2213/2213/2213
f 2214/2214/2214 2215/2215/2215 2216/2216/2216
f 2187/2187/2187 2212/2212/2212 2217/2217/2217
f 2218/2218/2218 2188/2188/2188 2187/2187/2187
f 2217/2217/2217 2218/2218/2218 2187/2187/2187
f 2167/2167/2167 2170/2170/2170 2219/2219/2219
f 2212/2212/2212 2220/2220/2220 2221/2221/2221
f 2212/2212/2212 2221/2221/2221 2217/2217/2217
f 2222/2222/2222 2223/2223/2223 2224/2224/2224
f 2224/2224/2224 2223/2223/2223 2225/2225/2225
f 2226/2226/2226 2227/2227/2227 2228/2228/2228
f 2229/2229/2229 2230/2230/2230 2231/2231/2231
f 2228/2228/2228 2232/2232/2232 2226/2226/2226
f 2225/2225/2225 2233/2233/2233 2224/2224/2224
f 2231/2231/2231 2234/2234/2234 2229/2229/2229
f 2235/2235/2235 2232/2232/2232 2236/2236/2236
f 2237/2237/2237 2225/2225/2225 2223/2223/2223
f 2235/2235/2235 2236/2236/2236 2238/2238/2238
f 2239/2239/2239 2228/2228/2228 2227/2227/2227
f 2240/2240/2240 2241/2241/2241 2230/2230/2230
f 2230/2230/2230 2229/2229/2229 2242/2242/2242
f 2230/2230/2230 2242/2242/2242 2240/2240/2240
f 2228/2228/2228 2243/2243/2243 2232/2232/2232
f 2232/2232/2232 2243/2243/2243 2236/2236/2236
f 2243/2243/2243 2228/2228/2228 2239/2239/2239
f 2243/2243/2243 2239/2239/2239 2244/2244/2244
f 2243/2243/2243 2244/2244/2244 2245/2245/2245
f 2245/2245/2245 2236/2236/2236 2243/2243/2243
f 2240/2240/2240 2246/2246/2246 2241/2241/2241
f 2247/2247/2247 2248/2248/2248 2249/2249/2249
f 2249/2249/2249 2250/2250/2250 2247/2247/2247
f 2247/2247/2247 2250/2250/2250 2251/2251/2251
f 2252/2252/2252 2253/2253/2253 2254/2254/2254
f 2255/2255/2255 2256/2256/2256 2234/2234/2234
f 2254/2254/2254 2257/2257/2257 2252/2252/2252
f 2258/2258/2258 2259/2259/2259 2260/2260/2260
f 2261/2261/2261 2233/2233/2233 2225/2225/2225
f 2261/2261/2261 2225/2225/2225 2262/2262/2262
f 2261/2261/2261 2262/2262/2262 2263/2263/2263
f 2264/2264/2264 2256/2256/2256 2265/2265/2265
f 2234/2234/2234 2256/2256/2256 2264/2264/2264
f 2264/2264/2264 2265/2265/2265 2266/2266/2266
f 2264/2264/2264 2266/2266/2266 2229/2229/2229
f 2229/2229/2229 2234/2234/2234 2264/2264/2264
f 2267/2267/2267 2268/2268/2268 2269/2269/2269
f 2269/2269/2269 2270/2270/2270 2271/2271/2271
f 2269/2269/2269 2271/2271/2271 2267/2267/2267
f 2265/2265/2265 2272/2272/2272 2266/2266/2266
f 2273/2273/2273 2272/2272/2272 2265/2265/2265
f 2274/2274/2274 2275/2275/2275 2276/2276/2276
f 2276/2276/2276 2277/2277/2277 2274/2274/2274
f 2278/2278/2278 2271/2271/2271 2270/2270/2270
f 2279/2279/2279 2267/2267/2267 2271/2271/2271
f 2271/2271/2271 2278/2278/2278 2279/2279/2279
f 2280/2280/2280 2281/2281/2281 2282/2282/2282
f 2283/2283/2283 2281/2281/2281 2280/2280/2280
f 2280/2280/2280 2282/2282/2282 2284/2284/2284
f 2285/2285/2285 2283/2283/2283 2280/2280/2280
f 2286/2286/2286 2287/2287/2287 2288/2288/2288
f 2288/2288/2288 2289/2289/2289 2286/2286/2286
f 2290/2290/2290 2291/2291/2291 2292/2292/2292
f 2293/2293/2293 2294/2294/2294 2295/2295/2295
f 2292/2292/2292 2296/2296/2296 2290/2290/2290
f 2273/2273/2273 2297/2297/2297 2272/2272/2272
f 2295/2295/2295 2298/2298/2298 2293/2293/2293
f 2299/2299/2299 2282/2282/2282 2281/2281/2281
f 2300/2300/2300 2284/2284/2284 2282/2282/2282
f 2299/2299/2299 2301/2301/2301 2282/2282/2282
f 2302/2302/2302 2303/2303/2303 2304/2304/2304
f 2304/2304/2304 2305/2305/2305 2302/2302/2302
f 2306/2306/2306 2307/2307/2307 2308/2308/2308
f 2309/2309/2309 2310/2310/2310 2311/2311/2311
f 2312/2312/2312 2313/2313/2313 2314/2314/2314
f 2246/2246/2246 2242/2242/2242 2315/2315/2315
f 2316/2316/2316 2246/2246/2246 2315/2315/2315
f 2317/2317/2317 2318/2318/2318 2319/2319/2319
f 2320/2320/2320 2321/2321/2321 2322/2322/2322
f 2323/2323/2323 2317/2317/2317 2319/2319/2319
f 2324/2324/2324 2323/2323/2323 2319/2319/2319
f 2325/2325/2325 2324/2324/2324 2319/2319/2319
f 2322/2322/2322 2326/2326/2326 2320/2320/2320
f 2327/2327/2327 2318/2318/2318 2317/2317/2317
f 2328/2328/2328 2329/2329/2329 2330/2330/2330
f 2331/2331/2331 2332/2332/2332 2333/2333/2333
f 2334/2334/2334 2335/2335/2335 2336/2336/2336
f 2337/2337/2337 2322/2322/2322 2321/2321/2321
f 2328/2328/2328 2338/2338/2338 2329/2329/2329
f 2339/2339/2339 2340/2340/2340 2341/2341/2341
f 2342/2342/2342 2343/2343/2343 2344/2344/2344
f 2345/2345/2345 2346/2346/2346 2347/2347/2347
f 2267/2267/2267 2279/2279/2279 2348/2348/2348
f 2349/2349/2349 2350/2350/2350 2351/2351/2351
f 2352/2352/2352 2304/2304/2304 2303/2303/2303
f 2343/2343/2343 2342/2342/2342 2353/2353/2353
f 2354/2354/2354 2355/2355/2355 2356/2356/2356
f 2332/2332/2332 2357/2357/2357 2358/2358/2358
f 2332/2332/2332 2358/2358/2358 2333/2333/2333
f 2359/2359/2359 2358/2358/2358 2357/2357/2357
f 2360/2360/2360 2361/2361/2361 2362/2362/2362
f 2363/2363/2363 2362/2362/2362 2361/2361/2361
f 2361/2361/2361 2364/2364/2364 2365/2365/2365
f 2365/2365/2365 2363/2363/2363 2361/2361/2361
f 2366/2366/2366 2367/2367/2367 2368/2368/2368
f 2369/2369/2369 2370/2370/2370 2371/2371/2371
f 2304/2304/2304 2352/2352/2352 2372/2372/2372
f 2373/2373/2373 2336/2336/2336 2335/2335/2335
f 2374/2374/2374 2262/2262/2262 2225/2225/2225
f 2225/2225/2225 2237/2237/2237 2374/2374/2374
f 2262/2262/2262 2374/2374/2374 2375/2375/2375
f 2376/2376/2376 2377/2377/2377 2378/2378/2378
f 2242/2242/2242 2246/2246/2246 2240/2240/2240
f 2379/2379/2379 2380/2380/2380 2381/2381/2381
f 2316/2316/2316 2382/2382/2382 2246/2246/2246
f 2383/2383/2383 2384/2384/2384 2385/2385/2385
f 2386/2386/2386 2387/2387/2387 2388/2388/2388
f 2385/2385/2385 2389/2389/2389 2383/2383/2383
f 2390/2390/2390 2391/2391/2391 2392/2392/2392
f 2390/2390/2390 2392/2392/2392 2393/2393/2393
f 2390/2390/2390 2393/2393/2393 2394/2394/2394
f 2388/2388/2388 2395/2395/2395 2386/2386/2386
f 2396/2396/2396 2397/2397/2397 2398/2398/2398
f 2399/2399/2399 2396/2396/2396 2398/2398/2398
f 2400/2400/2400 2399/2399/2399 2398/2398/2398
f 2398/2398/2398 2401/2401/2401 2400/2400/2400
f 2402/2402/2402 2403/2403/2403 2404/2404/2404
f 2405/2405/2405 2406/2406/2406 2407/2407/2407
f 2404/2404/2404 2408/2408/2408 2402/2402/2402
f 2405/2405/2405 2407/2407/2407 2244/2244/2244
f 2403/2403/2403 2402/2402/2402 2409/2409/2409
f 2410/2410/2410 2411/2411/2411 2412/2412/2412
f 2410/2410/2410 2412/2412/2412 2413/2413/2413
f 2414/2414/2414 2407/2407/2407 2406/2406/2406
f 2415/2415/2415 2416/2416/2416 2417/2417/2417
f 2418/2418/2418 2415/2415/2415 2417/2417/2417
f 2419/2419/2419 2391/2391/2391 2420/2420/2420
f 2392/2392/2392 2391/2391/2391 2419/2419/2419
f 2421/2421/2421 2392/2392/2392 2419/2419/2419
f 2422/2422/2422 2421/2421/2421 2419/2419/2419
f 2416/2416/2416 2415/2415/2415 2423/2423/2423
f 2389/2389/2389 2385/2385/2385 2424/2424/2424
f 2397/2397/2397 2396/2396/2396 2425/2425/2425
f 2426/2426/2426 2425/2425/2425 2396/2396/2396
f 2427/2427/2427 2428/2428/2428 2429/2429/2429
f 2430/2430/2430 2413/2413/2413 2412/2412/2412
f 2431/2431/2431 2432/2432/2432 2433/2433/2433
f 2434/2434/2434 2431/2431/2431 2433/2433/2433
f 2435/2435/2435 2244/2244/2244 2407/2407/2407
f 2407/2407/2407 2414/2414/2414 2435/2435/2435
f 2435/2435/2435 2245/2245/2245 2244/2244/2244
f 2413/2413/2413 2430/2430/2430 2436/2436/2436
f 2432/2432/2432 2431/2431/2431 2437/2437/2437
f 2437/2437/2437 2438/2438/2438 2432/2432/2432
f 2439/2439/2439 2440/2440/2440 2441/2441/2441
f 2442/2442/2442 2443/2443/2443 2444/2444/2444
f 2431/2431/2431 2445/2445/2445 2446/2446/2446
f 2431/2431/2431 2446/2446/2446 2437/2437/2437
f 2392/2392/2392 2421/2421/2421 2447/2447/2447
f 2447/2447/2447 2393/2393/2393 2392/2392/2392
f 2448/2448/2448 2449/2449/2449 2450/2450/2450
f 2450/2450/2450 2449/2449/2449 2451/2451/2451
f 2450/2450/2450 2452/2452/2452 2448/2448/2448
f 2453/2453/2453 2454/2454/2454 2455/2455/2455
f 2455/2455/2455 2456/2456/2456 2457/2457/2457
f 2457/2457/2457 2453/2453/2453 2455/2455/2455
f 2393/2393/2393 2447/2447/2447 2458/2458/2458
f 2458/2458/2458 2394/2394/2394 2393/2393/2393
f 2459/2459/2459 2460/2460/2460 2461/2461/2461
f 2461/2461/2461 2460/2460/2460 2462/2462/2462
f 2461/2461/2461 2367/2367/2367 2459/2459/2459
f 2371/2371/2371 2370/2370/2370 2463/2463/2463
f 2464/2464/2464 2465/2465/2465 2461/2461/2461
f 2463/2463/2463 2466/2466/2466 2371/2371/2371
f 2462/2462/2462 2464/2464/2464 2461/2461/2461
f 2460/2460/2460 2459/2459/2459 2467/2467/2467
f 2468/2468/2468 2459/2459/2459 2367/2367/2367
f 2367/2367/2367 2366/2366/2366 2468/2468/2468
f 2468/2468/2468 2469/2469/2469 2459/2459/2459
f 2459/2459/2459 2469/2469/2469 2467/2467/2467
f 2470/2470/2470 2471/2471/2471 2472/2472/2472
f 2473/2473/2473 2471/2471/2471 2470/2470/2470
f 2472/2472/2472 2474/2474/2474 2470/2470/2470
f 2475/2475/2475 2476/2476/2476 2477/2477/2477
f 2470/2470/2470 2478/2478/2478 2479/2479/2479
f 2480/2480/2480 2478/2478/2478 2470/2470/2470
f 2479/2479/2479 2473/2473/2473 2470/2470/2470
f 2481/2481/2481 2472/2472/2472 2471/2471/2471
f 2482/2482/2482 2481/2481/2481 2471/2471/2471
f 2471/2471/2471 2473/2473/2473 2482/2482/2482
f 2483/2483/2483 2484/2484/2484 2485/2485/2485
f 2454/2454/2454 2486/2486/2486 2487/2487/2487
f 2453/2453/2453 2486/2486/2486 2454/2454/2454
f 2487/2487/2487 2488/2488/2488 2454/2454/2454
f 2484/2484/2484 2483/2483/2483 2489/2489/2489
f 2447/2447/2447 2490/2490/2490 2458/2458/2458
f 2491/2491/2491 2492/2492/2492 2493/2493/2493
f 2491/2491/2491 2493/2493/2493 2494/2494/2494
f 2492/2492/2492 2495/2495/2495 2496/2496/2496
f 2496/2496/2496 2493/2493/2493 2492/2492/2492
f 2497/2497/2497 2498/2498/2498 2499/2499/2499
f 2500/2500/2500 2501/2501/2501 2502/2502/2502
f 2500/2500/2500 2502/2502/2502 2503/2503/2503
f 2504/2504/2504 2489/2489/2489 2483/2483/2483
f 2488/2488/2488 2487/2487/2487 2505/2505/2505
f 2506/2506/2506 2458/2458/2458 2490/2490/2490
f 2490/2490/2490 2507/2507/2507 2506/2506/2506
f 2508/2508/2508 2505/2505/2505 2487/2487/2487
f 2509/2509/2509 2494/2494/2494 2493/2493/2493
f 2493/2493/2493 2496/2496/2496 2509/2509/2509
f 2510/2510/2510 2511/2511/2511 2512/2512/2512
f 2513/2513/2513 2514/2514/2514 2515/2515/2515
f 2516/2516/2516 2517/2517/2517 2518/2518/2518
f 2518/2518/2518 2519/2519/2519 2516/2516/2516
f 2458/2458/2458 2520/2520/2520 2394/2394/2394
f 2521/2521/2521 2522/2522/2522 2523/2523/2523
f 2523/2523/2523 2524/2524/2524 2521/2521/2521
f 2525/2525/2525 2526/2526/2526 2527/2527/2527
f 2528/2528/2528 2529/2529/2529 2525/2525/2525
f 2527/2527/2527 2528/2528/2528 2525/2525/2525
f 2530/2530/2530 2516/2516/2516 2519/2519/2519
f 2520/2520/2520 2458/2458/2458 2531/2531/2531
f 2520/2520/2520 2531/2531/2531 2532/2532/2532
f 2533/2533/2533 2534/2534/2534 2535/2535/2535
f 2530/2530/2530 2536/2536/2536 2516/2516/2516
f 2524/2524/2524 2537/2537/2537 2521/2521/2521
f 2538/2538/2538 2534/2534/2534 2539/2539/2539
f 2540/2540/2540 2521/2521/2521 2537/2537/2537
f 2538/2538/2538 2539/2539/2539 2541/2541/2541
f 2542/2542/2542 2543/2543/2543 2544/2544/2544
f 2545/2545/2545 2546/2546/2546 2547/2547/2547
f 2548/2548/2548 2549/2549/2549 2550/2550/2550
f 2551/2551/2551 2552/2552/2552 2553/2553/2553
f 2550/2550/2550 2554/2554/2554 2548/2548/2548
f 2506/2506/2506 2531/2531/2531 2458/2458/2458
f 2364/2364/2364 2555/2555/2555 2365/2365/2365
f 2556/2556/2556 2557/2557/2557 2558/2558/2558
f 2559/2559/2559 2365/2365/2365 2555/2555/2555
f 2557/2557/2557 2556/2556/2556 2560/2560/2560
f 2498/2498/2498 2497/2497/2497 2561/2561/2561
f 2562/2562/2562 2563/2563/2563 2564/2564/2564
f 2565/2565/2565 2566/2566/2566 2567/2567/2567
f 2534/2534/2534 2533/2533/2533 2539/2539/2539
f 2568/2568/2568 2569/2569/2569 2570/2570/2570
f 2322/2322/2322 2337/2337/2337 2571/2571/2571
f 2570/2570/2570 2572/2572/2572 2568/2568/2568
f 2547/2547/2547 2546/2546/2546 2573/2573/2573
f 2574/2574/2574 2575/2575/2575 2576/2576/2576
f 2526/2526/2526 2577/2577/2577 2578/2578/2578
f 2578/2578/2578 2527/2527/2527 2526/2526/2526
f 2579/2579/2579 2578/2578/2578 2577/2577/2577
f 2580/2580/2580 2579/2579/2579 2577/2577/2577
f 2577/2577/2577 2581/2581/2581 2580/2580/2580
f 2440/2440/2440 2582/2582/2582 2441/2441/2441
f 2583/2583/2583 2584/2584/2584 2585/2585/2585
f 2582/2582/2582 2586/2586/2586 2441/2441/2441
f 2587/2587/2587 2588/2588/2588 2589/2589/2589
f 2589/2589/2589 2588/2588/2588 2443/2443/2443
f 2584/2584/2584 2583/2583/2583 2590/2590/2590
f 2589/2589/2589 2443/2443/2443 2442/2442/2442
f 2588/2588/2588 2587/2587/2587 2591/2591/2591
f 2588/2588/2588 2591/2591/2591 2592/2592/2592
f 2593/2593/2593 2594/2594/2594 2595/2595/2595
f 2595/2595/2595 2596/2596/2596 2593/2593/2593
f 2583/2583/2583 2597/2597/2597 2598/2598/2598
f 2598/2598/2598 2590/2590/2590 2583/2583/2583
f 2597/2597/2597 2599/2599/2599 2598/2598/2598
f 2600/2600/2600 2591/2591/2591 2587/2587/2587
f 2587/2587/2587 2601/2601/2601 2600/2600/2600
f 2579/2579/2579 2602/2602/2602 2603/2603/2603
f 2603/2603/2603 2604/2604/2604 2579/2579/2579
f 2605/2605/2605 2606/2606/2606 2607/2607/2607
f 2608/2608/2608 2595/2595/2595 2594/2594/2594
f 2600/2600/2600 2601/2601/2601 2609/2609/2609
f 2579/2579/2579 2604/2604/2604 2578/2578/2578
f 2610/2610/2610 2607/2607/2607 2606/2606/2606
f 2611/2611/2611 2466/2466/2466 2612/2612/2612
f 2371/2371/2371 2466/2466/2466 2611/2611/2611
f 2464/2464/2464 2613/2613/2613 2465/2465/2465
f 2479/2479/2479 2478/2478/2478 2614/2614/2614
f 2613/2613/2613 2464/2464/2464 2615/2615/2615
f 2616/2616/2616 2617/2617/2617 2618/2618/2618
f 2497/2497/2497 2619/2619/2619 2561/2561/2561
f 2620/2620/2620 2564/2564/2564 2563/2563/2563
f 2621/2621/2621 2622/2622/2622 2623/2623/2623
f 2624/2624/2624 2625/2625/2625 2626/2626/2626
f 2627/2627/2627 2628/2628/2628 2629/2629/2629
f 2630/2630/2630 2628/2628/2628 2631/2631/2631
f 2632/2632/2632 2633/2633/2633 2634/2634/2634
f 2631/2631/2631 2635/2635/2635 2630/2630/2630
f 2630/2630/2630 2629/2629/2629 2628/2628/2628
f 2636/2636/2636 2637/2637/2637 2638/2638/2638
f 2635/2635/2635 2639/2639/2639 2640/2640/2640
f 2636/2636/2636 2641/2641/2641 2637/2637/2637
f 2640/2640/2640 2630/2630/2630 2635/2635/2635
f 2642/2642/2642 2643/2643/2643 2644/2644/2644
f 2645/2645/2645 2646/2646/2646 2647/2647/2647
f 2595/2595/2595 2608/2608/2608 2648/2648/2648
f 2649/2649/2649 2437/2437/2437 2446/2446/2446
f 2630/2630/2630 2650/2650/2650 2629/2629/2629
f 2651/2651/2651 2652/2652/2652 2653/2653/2653
f 2654/2654/2654 2655/2655/2655 2656/2656/2656
f 2657/2657/2657 2648/2648/2648 2608/2608/2608
f 2658/2658/2658 2659/2659/2659 2607/2607/2607
f 2607/2607/2607 2610/2610/2610 2660/2660/2660
f 2607/2607/2607 2660/2660/2660 2658/2658/2658
f 2661/2661/2661 2662/2662/2662 2663/2663/2663
f 2663/2663/2663 2664/2664/2664 2661/2661/2661
f 2665/2665/2665 1952/1952/1952 1954/1954/1954
f 2665/2665/2665 2666/2666/2666 1952/1952/1952
f 2666/2666/2666 2665/2665/2665 2667/2667/2667
f 2666/2666/2666 2667/2667/2667 2668/2668/2668
f 2669/2669/2669 2670/2670/2670 2671/2671/2671
f 2670/2670/2670 2669/2669/2669 2672/2672/2672
f 2673/2673/2673 2674/2674/2674 2675/2675/2675
f 2675/2675/2675 2676/2676/2676 2673/2673/2673
f 2677/2677/2677 2678/2678/2678 2679/2679/2679
f 2680/2680/2680 2677/2677/2677 2679/2679/2679
f 2681/2681/2681 2680/2680/2680 2679/2679/2679
f 2682/2682/2682 2175/2175/2175 2683/2683/2683
f 2684/2684/2684 2685/2685/2685 2686/2686/2686
f 2677/2677/2677 2687/2687/2687 2678/2678/2678
f 2176/2176/2176 2175/2175/2175 2682/2682/2682
f 2176/2176/2176 2682/2682/2682 2688/2688/2688
f 2689/2689/2689 2690/2690/2690 2691/2691/2691
f 2692/2692/2692 2686/2686/2686 2685/2685/2685
f 2685/2685/2685 2693/2693/2693 2692/2692/2692
f 2219/2219/2219 2170/2170/2170 2687/2687/2687
f 2687/2687/2687 2677/2677/2677 2219/2219/2219
f 2236/2236/2236 2245/2245/2245 2435/2435/2435
f 2681/2681/2681 2694/2694/2694 2680/2680/2680
f 2695/2695/2695 2696/2696/2696 2697/2697/2697
f 2698/2698/2698 2376/2376/2376 2699/2699/2699
f 2700/2700/2700 2701/2701/2701 2702/2702/2702
f 2703/2703/2703 2697/2697/2697 2696/2696/2696
f 2702/2702/2702 2704/2704/2704 2700/2700/2700
f 2438/2438/2438 2437/2437/2437 2705/2705/2705
f 2438/2438/2438 2705/2705/2705 2706/2706/2706
f 2437/2437/2437 2649/2649/2649 2705/2705/2705
f 2707/2707/2707 2708/2708/2708 2709/2709/2709
f 2710/2710/2710 2711/2711/2711 2712/2712/2712
f 2713/2713/2713 2714/2714/2714 2715/2715/2715
f 2716/2716/2716 2717/2717/2717 2718/2718/2718
f 2719/2719/2719 2720/2720/2720 2721/2721/2721
f 2721/2721/2721 2722/2722/2722 2719/2719/2719
f 2723/2723/2723 2724/2724/2724 2725/2725/2725
f 2726/2726/2726 2727/2727/2727 2728/2728/2728
f 2729/2729/2729 2730/2730/2730 2731/2731/2731
f 2732/2732/2732 2733/2733/2733 2734/2734/2734
f 2735/2735/2735 2736/2736/2736 2737/2737/2737
f 2738/2738/2738 2739/2739/2739 2740/2740/2740
f 2733/2733/2733 2732/2732/2732 2741/2741/2741
f 2742/2742/2742 2743/2743/2743 2744/2744/2744
f 2745/2745/2745 2746/2746/2746 2747/2747/2747
f 2728/2728/2728 2727/2727/2727 2748/2748/2748
f 2743/2743/2743 2742/2742/2742 2749/2749/2749
f 2714/2714/2714 2750/2750/2750 2751/2751/2751
f 2752/2752/2752 2753/2753/2753 2730/2730/2730
f 2714/2714/2714 2751/2751/2751 2715/2715/2715
f 2729/2729/2729 2752/2752/2752 2730/2730/2730
f 2751/2751/2751 2750/2750/2750 2754/2754/2754
f 2755/2755/2755 2753/2753/2753 2752/2752/2752
f 2752/2752/2752 2756/2756/2756 2755/2755/2755
f 2756/2756/2756 2752/2752/2752 2729/2729/2729
f 2757/2757/2757 2758/2758/2758 2648/2648/2648
f 2648/2648/2648 2657/2657/2657 2757/2757/2757
f 2759/2759/2759 2760/2760/2760 2761/2761/2761
f 2761/2761/2761 2762/2762/2762 2759/2759/2759
f 2763/2763/2763 2760/2760/2760 2764/2764/2764
f 2765/2765/2765 2761/2761/2761 2760/2760/2760
f 2760/2760/2760 2763/2763/2763 2765/2765/2765
f 2221/2221/2221 2766/2766/2766 2767/2767/2767
f 2768/2768/2768 2217/2217/2217 2221/2221/2221
f 2221/2221/2221 2769/2769/2769 2770/2770/2770
f 2767/2767/2767 2769/2769/2769 2221/2221/2221
f 2770/2770/2770 2768/2768/2768 2221/2221/2221
f 2771/2771/2771 2767/2767/2767 2766/2766/2766
f 2772/2772/2772 2773/2773/2773 2774/2774/2774
f 2775/2775/2775 2776/2776/2776 2777/2777/2777
f 2761/2761/2761 2765/2765/2765 2778/2778/2778
f 2779/2779/2779 2780/2780/2780 2781/2781/2781
f 2782/2782/2782 176/176/176 157/157/157
f 2783/2783/2783 2784/2784/2784 2785/2785/2785
f 2786/2786/2786 2787/2787/2787 2788/2788/2788
f 2785/2785/2785 2789/2789/2789 2783/2783/2783
f 2788/2788/2788 2790/2790/2790 2786/2786/2786
f 177/177/177 2791/2791/2791 162/162/162
f 2787/2787/2787 2786/2786/2786 2792/2792/2792
f 2793/2793/2793 2783/2783/2783 2789/2789/2789
f 2794/2794/2794 2793/2793/2793 2789/2789/2789
f 2795/2795/2795 2796/2796/2796 2787/2787/2787
f 2787/2787/2787 2792/2792/2792 2795/2795/2795
f 2790/2790/2790 2797/2797/2797 2786/2786/2786
f 2798/2798/2798 2799/2799/2799 2800/2800/2800
f 2797/2797/2797 2801/2801/2801 2786/2786/2786
f 2802/2802/2802 2801/2801/2801 2797/2797/2797
f 2803/2803/2803 2786/2786/2786 2801/2801/2801
f 2801/2801/2801 2802/2802/2802 2804/2804/2804
f 2801/2801/2801 2804/2804/2804 2805/2805/2805
f 2786/2786/2786 2803/2803/2803 2792/2792/2792
f 191/191/191 194/194/194 2806/2806/2806
f 2807/2807/2807 2808/2808/2808 2809/2809/2809
f 2810/2810/2810 2811/2811/2811 2812/2812/2812
f 2809/2809/2809 2813/2813/2813 2807/2807/2807
f 112/112/112 111/111/111 2814/2814/2814
f 2815/2815/2815 2816/2816/2816 2817/2817/2817
f 2818/2818/2818 2819/2819/2819 2820/2820/2820
f 2821/2821/2821 2822/2822/2822 2823/2823/2823
f 2816/2816/2816 2815/2815/2815 2824/2824/2824
f 2816/2816/2816 2824/2824/2824 2825/2825/2825
f 2821/2821/2821 2826/2826/2826 2822/2822/2822
f 2827/2827/2827 2796/2796/2796 2795/2795/2795
f 2828/2828/2828 2829/2829/2829 2830/2830/2830
f 2831/2831/2831 195/195/195 162/162/162
f 2832/2832/2832 2833/2833/2833 2834/2834/2834
f 2828/2828/2828 2834/2834/2834 2833/2833/2833
f 2833/2833/2833 2829/2829/2829 2828/2828/2828
f 2835/2835/2835 340/340/340 339/339/339
f 341/341/341 340/340/340 2836/2836/2836
f 2836/2836/2836 2837/2837/2837 341/341/341
f 336/336/336 2838/2838/2838 1177/1177/1177
f 340/340/340 2835/2835/2835 2836/2836/2836
f 470/470/470 469/469/469 1102/1102/1102
f 2835/2835/2835 2839/2839/2839 2836/2836/2836
f 2840/2840/2840 2841/2841/2841 2842/2842/2842
f 1111/1111/1111 2843/2843/2843 2844/2844/2844
f 2845/2845/2845 494/494/494 497/497/497
f 493/493/493 492/492/492 2846/2846/2846
f 2847/2847/2847 2848/2848/2848 2849/2849/2849
f 2846/2846/2846 2850/2850/2850 493/493/493
f 2851/2851/2851 2852/2852/2852 2853/2853/2853
f 2854/2854/2854 2855/2855/2855 2856/2856/2856
f 1243/1243/1243 2857/2857/2857 1244/1244/1244
f 1110/1110/1110 2843/2843/2843 1111/1111/1111
f 2858/2858/2858 2836/2836/2836 2839/2839/2839
f 2841/2841/2841 2840/2840/2840 2859/2859/2859
f 2841/2841/2841 2859/2859/2859 2860/2860/2860
f 2837/2837/2837 2836/2836/2836 2861/2861/2861
f 2862/2862/2862 1177/1177/1177 2838/2838/2838
f 2838/2838/2838 2863/2863/2863 2862/2862/2862
f 2864/2864/2864 2861/2861/2861 2836/2836/2836
f 2858/2858/2858 2864/2864/2864 2836/2836/2836
f 2865/2865/2865 2866/2866/2866 2867/2867/2867
f 2867/2867/2867 2868/2868/2868 2865/2865/2865
f 2869/2869/2869 2870/2870/2870 2871/2871/2871
f 2871/2871/2871 2872/2872/2872 2869/2869/2869
f 2869/2869/2869 2873/2873/2873 2870/2870/2870
f 2874/2874/2874 2869/2869/2869 2872/2872/2872
f 1339/1339/1339 1338/1338/1338 2875/2875/2875
f 2876/2876/2876 2877/2877/2877 2878/2878/2878
f 2879/2879/2879 2880/2880/2880 2881/2881/2881
f 2882/2882/2882 2883/2883/2883 2884/2884/2884
f 2884/2884/2884 2885/2885/2885 2882/2882/2882
f 2881/2881/2881 2886/2886/2886 2887/2887/2887
f 2887/2887/2887 2879/2879/2879 2881/2881/2881
f 2888/2888/2888 2889/2889/2889 2890/2890/2890
f 2880/2880/2880 2891/2891/2891 2892/2892/2892
f 2879/2879/2879 2891/2891/2891 2880/2880/2880
f 2888/2888/2888 2893/2893/2893 2889/2889/2889
f 2894/2894/2894 2895/2895/2895 2896/2896/2896
f 2868/2868/2868 2867/2867/2867 2897/2897/2897
f 2898/2898/2898 2899/2899/2899 2900/2900/2900
f 2900/2900/2900 2901/2901/2901 2898/2898/2898
f 716/716/716 2902/2902/2902 135/135/135
f 2799/2799/2799 2903/2903/2903 2800/2800/2800
f 2904/2904/2904 715/715/715 717/717/717
f 2904/2904/2904 717/717/717 2905/2905/2905
f 2906/2906/2906 2804/2804/2804 2802/2802/2802
f 755/755/755 2907/2907/2907 145/145/145
f 750/750/750 724/724/724 745/745/745
f 2908/2908/2908 2909/2909/2909 2910/2910/2910
f 2911/2911/2911 754/754/754 2912/2912/2912
f 2911/2911/2911 2912/2912/2912 2913/2913/2913
f 2914/2914/2914 2915/2915/2915 2907/2907/2907
f 2916/2916/2916 2915/2915/2915 2914/2914/2914
f 2914/2914/2914 2907/2907/2907 755/755/755
f 2914/2914/2914 755/755/755 2917/2917/2917
f 2918/2918/2918 2919/2919/2919 2920/2920/2920
f 2914/2914/2914 2917/2917/2917 2921/2921/2921
f 2922/2922/2922 274/274/274 2923/2923/2923
f 274/274/274 2922/2922/2922 2924/2924/2924
f 274/274/274 2924/2924/2924 2925/2925/2925
f 2925/2925/2925 934/934/934 274/274/274
f 2926/2926/2926 2927/2927/2927 2919/2919/2919
f 2919/2919/2919 2918/2918/2918 2926/2926/2926
f 2927/2927/2927 2926/2926/2926 2928/2928/2928
f 2929/2929/2929 2925/2925/2925 2924/2924/2924
f 754/754/754 808/808/808 2912/2912/2912
f 1516/1516/1516 2912/2912/2912 808/808/808
f 2930/2930/2930 2931/2931/2931 2932/2932/2932
f 2912/2912/2912 1516/1516/1516 2933/2933/2933
f 1524/1524/1524 2921/2921/2921 2917/2917/2917
f 2917/2917/2917 1518/1518/1518 1524/1524/1524
f 2934/2934/2934 2926/2926/2926 2918/2918/2918
f 2921/2921/2921 1524/1524/1524 2935/2935/2935
f 2936/2936/2936 2928/2928/2928 2926/2926/2926
f 2926/2926/2926 2934/2934/2934 2937/2937/2937
f 2937/2937/2937 2936/2936/2936 2926/2926/2926
f 2938/2938/2938 2939/2939/2939 2940/2940/2940
f 2929/2929/2929 2941/2941/2941 2925/2925/2925
f 2942/2942/2942 2943/2943/2943 2944/2944/2944
f 2944/2944/2944 2945/2945/2945 2942/2942/2942
f 2943/2943/2943 2946/2946/2946 2947/2947/2947
f 2947/2947/2947 2944/2944/2944 2943/2943/2943
f 2928/2928/2928 2936/2936/2936 2948/2948/2948
f 2949/2949/2949 1176/1176/1176 1178/1178/1178
f 2950/2950/2950 1173/1173/1173 1176/1176/1176
f 1176/1176/1176 2949/2949/2949 2951/2951/2951
f 1176/1176/1176 2951/2951/2951 2950/2950/2950
f 1201/1201/1201 2952/2952/2952 1202/1202/1202
f 2953/2953/2953 2954/2954/2954 2955/2955/2955
f 2956/2956/2956 2955/2955/2955 2954/2954/2954
f 2885/2885/2885 2884/2884/2884 2957/2957/2957
f 2958/2958/2958 2959/2959/2959 2960/2960/2960
f 2961/2961/2961 2958/2958/2958 2960/2960/2960
f 2879/2879/2879 2887/2887/2887 2962/2962/2962
f 2963/2963/2963 2964/2964/2964 2965/2965/2965
f 2966/2966/2966 2967/2967/2967 2968/2968/2968
f 2968/2968/2968 2969/2969/2969 2966/2966/2966
f 2964/2964/2964 2963/2963/2963 2970/2970/2970
f 2971/2971/2971 2972/2972/2972 2973/2973/2973
f 2974/2974/2974 2969/2969/2969 2968/2968/2968
f 2968/2968/2968 2975/2975/2975 2974/2974/2974
f 2974/2974/2974 2975/2975/2975 2976/2976/2976
f 2977/2977/2977 2978/2978/2978 2979/2979/2979
f 2963/2963/2963 2980/2980/2980 2970/2970/2970
f 2959/2959/2959 2958/2958/2958 2981/2981/2981
f 2959/2959/2959 2981/2981/2981 2982/2982/2982
f 2959/2959/2959 2982/2982/2982 2983/2983/2983
f 2984/2984/2984 2985/2985/2985 2986/2986/2986
f 2986/2986/2986 2987/2987/2987 2984/2984/2984
f 2958/2958/2958 2961/2961/2961 2981/2981/2981
f 2982/2982/2982 2981/2981/2981 2961/2961/2961
f 2988/2988/2988 2982/2982/2982 2961/2961/2961
f 2989/2989/2989 2990/2990/2990 2991/2991/2991
f 2992/2992/2992 2993/2993/2993 2994/2994/2994
f 2995/2995/2995 2983/2983/2983 2982/2982/2982
f 2996/2996/2996 2997/2997/2997 2998/2998/2998
f 2982/2982/2982 2988/2988/2988 2999/2999/2999
f 1203/1203/1203 3000/3000/3000 3001/3001/3001
f 1197/1197/1197 1203/1203/1203 3001/3001/3001
f 3002/3002/3002 1197/1197/1197 3001/3001/3001
f 3003/3003/3003 3004/3004/3004 3005/3005/3005
f 2863/2863/2863 3006/3006/3006 3007/3007/3007
f 2863/2863/2863 3007/3007/3007 2862/2862/2862
f 3004/3004/3004 2901/2901/2901 3008/3008/3008
f 3009/3009/3009 3005/3005/3005 3004/3004/3004
f 3008/3008/3008 3009/3009/3009 3004/3004/3004
f 2900/2900/2900 3008/3008/3008 2901/2901/2901
f 3005/3005/3005 3009/3009/3009 3010/3010/3010
f 3010/3010/3010 3011/3011/3011 3005/3005/3005
f 3012/3012/3012 3013/3013/3013 3014/3014/3014
f 3008/3008/3008 2900/2900/2900 3015/3015/3015
f 3016/3016/3016 3014/3014/3014 3013/3013/3013
f 3015/3015/3015 3017/3017/3017 3008/3008/3008
f 3018/3018/3018 3019/3019/3019 2951/2951/2951
f 2951/2951/2951 2949/2949/2949 3018/3018/3018
f 3019/3019/3019 3020/3020/3020 2951/2951/2951
f 3020/3020/3020 3000/3000/3000 2950/2950/2950
f 2950/2950/2950 2951/2951/2951 3020/3020/3020
f 1203/1203/1203 2950/2950/2950 3000/3000/3000
f 3002/3002/3002 1294/1294/1294 1197/1197/1197
f 3021/3021/3021 1290/1290/1290 1294/1294/1294
f 3002/3002/3002 3021/3021/3021 1294/1294/1294
f 1280/1280/1280 1295/1295/1295 3022/3022/3022
f 1280/1280/1280 3022/3022/3022 3023/3023/3023
f 1287/1287/1287 3024/3024/3024 3025/3025/3025
f 3026/3026/3026 1444/1444/1444 1287/1287/1287
f 3025/3025/3025 3026/3026/3026 1287/1287/1287
f 3027/3027/3027 2997/2997/2997 2996/2996/2996
f 3027/3027/3027 2996/2996/2996 3028/3028/3028
f 3029/3029/3029 3030/3030/3030 3031/3031/3031
f 3031/3031/3031 3032/3032/3032 3029/3029/3029
f 3033/3033/3033 2875/2875/2875 1338/1338/1338
f 3034/3034/3034 3035/3035/3035 2996/2996/2996
f 3036/3036/3036 3029/3029/3029 3032/3032/3032
f 1347/1347/1347 1346/1346/1346 3037/3037/3037
f 3028/3028/3028 2996/2996/2996 3035/3035/3035
f 3029/3029/3029 3036/3036/3036 3038/3038/3038
f 3039/3039/3039 3040/3040/3040 3029/3029/3029
f 3038/3038/3038 3039/3039/3039 3029/3029/3029
f 1432/1432/1432 3041/3041/3041 1418/1418/1418
f 3042/3042/3042 3043/3043/3043 3044/3044/3044
f 3044/3044/3044 3045/3045/3045 3042/3042/3042
f 1422/1422/1422 1428/1428/1428 3046/3046/3046
f 3046/3046/3046 3047/3047/3047 1422/1422/1422
f 3048/3048/3048 3049/3049/3049 3050/3050/3050
f 3050/3050/3050 3051/3051/3051 3048/3048/3048
f 3052/3052/3052 1511/1511/1511 1508/1508/1508
f 1508/1508/1508 3053/3053/3053 3052/3052/3052
f 3054/3054/3054 1487/1487/1487 1482/1482/1482
f 3055/3055/3055 3054/3054/3054 1482/1482/1482
f 3056/3056/3056 3057/3057/3057 3058/3058/3058
f 3059/3059/3059 3060/3060/3060 3061/3061/3061
f 3057/3057/3057 3062/3062/3062 3063/3063/3063
f 3057/3057/3057 3063/3063/3063 3064/3064/3064
f 3064/3064/3064 3058/3058/3058 3057/3057/3057
f 3065/3065/3065 3066/3066/3066 3067/3067/3067
f 3068/3068/3068 3069/3069/3069 3070/3070/3070
f 3049/3049/3049 3071/3071/3071 3072/3072/3072
f 3062/3062/3062 3073/3073/3073 3063/3063/3063
f 3071/3071/3071 3049/3049/3049 3074/3074/3074
f 3074/3074/3074 3075/3075/3075 3071/3071/3071
f 3048/3048/3048 3074/3074/3074 3049/3049/3049
f 3075/3075/3075 3074/3074/3074 3076/3076/3076
f 3077/3077/3077 3064/3064/3064 3063/3063/3063
f 3074/3074/3074 3048/3048/3048 3078/3078/3078
f 3074/3074/3074 3078/3078/3078 3079/3079/3079
f 3080/3080/3080 3076/3076/3076 3074/3074/3074
f 3079/3079/3079 3080/3080/3080 3074/3074/3074
f 1524/1524/1524 3081/3081/3081 2935/2935/2935
f 1523/1523/1523 1547/1547/1547 3082/3082/3082
f 3082/3082/3082 3083/3083/3083 1523/1523/1523
f 1523/1523/1523 3083/3083/3083 3084/3084/3084
f 3085/3085/3085 3086/3086/3086 3087/3087/3087
f 3088/3088/3088 3089/3089/3089 3090/3090/3090
f 3091/3091/3091 3092/3092/3092 3093/3093/3093
f 1603/1603/1603 1602/1602/1602 1672/1672/1672
f 3094/3094/3094 3095/3095/3095 3096/3096/3096
f 1643/1643/1643 3097/3097/3097 1636/1636/1636
f 1765/1765/1765 3098/3098/3098 1766/1766/1766
f 3099/3099/3099 3100/3100/3100 3101/3101/3101
f 3101/3101/3101 3100/3100/3100 3102/3102/3102
f 3103/3103/3103 3084/3084/3084 3083/3083/3083
f 3104/3104/3104 3100/3100/3100 3099/3099/3099
f 3105/3105/3105 3106/3106/3106 3098/3098/3098
f 3098/3098/3098 1765/1765/1765 3105/3105/3105
f 3106/3106/3106 3105/3105/3105 3107/3107/3107
f 3108/3108/3108 3102/3102/3102 3100/3100/3100
f 3107/3107/3107 3109/3109/3109 3106/3106/3106
f 3110/3110/3110 3111/3111/3111 3112/3112/3112
f 3113/3113/3113 3114/3114/3114 3115/3115/3115
f 3116/3116/3116 3117/3117/3117 3118/3118/3118
f 3119/3119/3119 3112/3112/3112 3111/3111/3111
f 3114/3114/3114 3113/3113/3113 3120/3120/3120
f 3121/3121/3121 3122/3122/3122 3123/3123/3123
f 3124/3124/3124 3125/3125/3125 3126/3126/3126
f 3112/3112/3112 3119/3119/3119 3127/3127/3127
f 3128/3128/3128 1649/1649/1649 1648/1648/1648
f 1651/1651/1651 1650/1650/1650 3129/3129/3129
f 3130/3130/3130 3131/3131/3131 3132/3132/3132
f 3133/3133/3133 1655/1655/1655 1654/1654/1654
f 3134/3134/3134 3135/3135/3135 3136/3136/3136
f 3137/3137/3137 3138/3138/3138 3139/3139/3139
f 3140/3140/3140 3141/3141/3141 3142/3142/3142
f 3143/3143/3143 3144/3144/3144 3145/3145/3145
f 3146/3146/3146 3139/3139/3139 3138/3138/3138
f 3122/3122/3122 3121/3121/3121 3147/3147/3147
f 3148/3148/3148 3127/3127/3127 3119/3119/3119
f 3119/3119/3119 3149/3149/3149 3148/3148/3148
f 3150/3150/3150 3151/3151/3151 3152/3152/3152
f 3153/3153/3153 3154/3154/3154 3155/3155/3155
f 3156/3156/3156 1765/1765/1765 3157/3157/3157
f 1765/1765/1765 3156/3156/3156 3105/3105/3105
f 1772/1772/1772 3158/3158/3158 1773/1773/1773
f 3159/3159/3159 3160/3160/3160 3161/3161/3161
f 3162/3162/3162 3163/3163/3163 3164/3164/3164
f 1763/1763/1763 1749/1749/1749 3165/3165/3165
f 1763/1763/1763 3165/3165/3165 3166/3166/3166
f 3158/3158/3158 1772/1772/1772 3167/3167/3167
f 3167/3167/3167 3168/3168/3168 3158/3158/3158
f 3169/3169/3169 3170/3170/3170 3171/3171/3171
f 3172/3172/3172 3173/3173/3173 3174/3174/3174
f 3175/3175/3175 3176/3176/3176 3177/3177/3177
f 3178/3178/3178 3175/3175/3175 3177/3177/3177
f 3172/3172/3172 3174/3174/3174 3179/3179/3179
f 3180/3180/3180 3181/3181/3181 3182/3182/3182
f 3181/3181/3181 3183/3183/3183 3184/3184/3184
f 3184/3184/3184 3182/3182/3182 3181/3181/3181
f 3175/3175/3175 3178/3178/3178 3185/3185/3185
f 3186/3186/3186 3184/3184/3184 3183/3183/3183
f 3187/3187/3187 3188/3188/3188 3189/3189/3189
f 3190/3190/3190 3191/3191/3191 3192/3192/3192
f 3193/3193/3193 3102/3102/3102 3108/3108/3108
f 3108/3108/3108 3194/3194/3194 3193/3193/3193
f 1666/1666/1666 1669/1669/1669 3195/3195/3195
f 3196/3196/3196 3197/3197/3197 3198/3198/3198
f 3199/3199/3199 3195/3195/3195 1669/1669/1669
f 3200/3200/3200 2944/2944/2944 3201/3201/3201
f 3197/3197/3197 3202/3202/3202 3203/3203/3203
f 3197/3197/3197 3203/3203/3203 3204/3204/3204
f 3204/3204/3204 3198/3198/3198 3197/3197/3197
f 2944/2944/2944 2947/2947/2947 3201/3201/3201
f 3162/3162/3162 3205/3205/3205 3163/3163/3163
f 3194/3194/3194 3108/3108/3108 3206/3206/3206
f 3207/3207/3207 3208/3208/3208 3209/3209/3209
f 3210/3210/3210 3207/3207/3207 3209/3209/3209
f 3207/3207/3207 3210/3210/3210 3211/3211/3211
f 3207/3207/3207 3211/3211/3211 3212/3212/3212
f 1958/1958/1958 1962/1962/1962 3213/3213/3213
f 3214/3214/3214 1958/1958/1958 3213/3213/3213
f 3205/3205/3205 3162/3162/3162 3215/3215/3215
f 3216/3216/3216 3217/3217/3217 3218/3218/3218
f 3211/3211/3211 3219/3219/3219 3220/3220/3220
f 3220/3220/3220 3212/3212/3212 3211/3211/3211
f 1757/1757/1757 1756/1756/1756 3221/3221/3221
f 1797/1797/1797 1796/1796/1796 3222/3222/3222
f 3223/3223/3223 3221/3221/3221 1756/1756/1756
f 1797/1797/1797 3222/3222/3222 3224/3224/3224
f 1803/1803/1803 1802/1802/1802 3225/3225/3225
f 3225/3225/3225 3226/3226/3226 1803/1803/1803
f 1813/1813/1813 1812/1812/1812 3227/3227/3227
f 2186/2186/2186 3228/3228/3228 1809/1809/1809
f 3221/3221/3221 3223/3223/3223 3229/3229/3229
f 3230/3230/3230 3162/3162/3162 3231/3231/3231
f 3232/3232/3232 3225/3225/3225 3228/3228/3228
f 3228/3228/3228 2186/2186/2186 2070/2070/2070
f 2070/2070/2070 3232/3232/3232 3228/3228/3228
f 3233/3233/3233 3234/3234/3234 3235/3235/3235
f 3226/3226/3226 3225/3225/3225 3236/3236/3236
f 3237/3237/3237 3238/3238/3238 3239/3239/3239
f 3240/3240/3240 3229/3229/3229 3223/3223/3223
f 3225/3225/3225 3232/3232/3232 3236/3236/3236
f 3230/3230/3230 3215/3215/3215 3162/3162/3162
f 3217/3217/3217 3216/3216/3216 3241/3241/3241
f 3242/3242/3242 3220/3220/3220 3219/3219/3219
f 3215/3215/3215 3230/3230/3230 3243/3243/3243
f 3215/3215/3215 3243/3243/3243 3244/3244/3244
f 3245/3245/3245 3246/3246/3246 3247/3247/3247
f 1932/1932/1932 1937/1937/1937 3248/3248/3248
f 3249/3249/3249 1927/1927/1927 1925/1925/1925
f 3250/3250/3250 3251/3251/3251 3252/3252/3252
f 1925/1925/1925 3253/3253/3253 3249/3249/3249
f 3254/3254/3254 3255/3255/3255 1936/1936/1936
f 1936/1936/1936 1919/1919/1919 3256/3256/3256
f 1936/1936/1936 3256/3256/3256 3254/3254/3254
f 3257/3257/3257 3258/3258/3258 3259/3259/3259
f 3260/3260/3260 3261/3261/3261 3262/3262/3262
f 3263/3263/3263 3252/3252/3252 3251/3251/3251
f 1919/1919/1919 1924/1924/1924 3256/3256/3256
f 3264/3264/3264 3256/3256/3256 1924/1924/1924
f 3265/3265/3265 3266/3266/3266 3267/3267/3267
f 3268/3268/3268 3254/3254/3254 3256/3256/3256
f 3269/3269/3269 3220/3220/3220 3270/3270/3270
f 3271/3271/3271 3268/3268/3268 3256/3256/3256
f 3272/3272/3272 3273/3273/3273 3274/3274/3274
f 3275/3275/3275 3262/3262/3262 3261/3261/3261
f 3274/3274/3274 3276/3276/3276 3272/3272/3272
f 3277/3277/3277 3278/3278/3278 3279/3279/3279
f 3280/3280/3280 3281/3281/3281 3282/3282/3282
f 3283/3283/3283 3284/3284/3284 3285/3285/3285
f 3242/3242/3242 3270/3270/3270 3220/3220/3220
f 3273/3273/3273 3270/3270/3270 3274/3274/3274
f 3286/3286/3286 3287/3287/3287 3288/3288/3288
f 3288/3288/3288 3289/3289/3289 3286/3286/3286
f 3290/3290/3290 3291/3291/3291 3292/3292/3292
f 3292/3292/3292 3293/3293/3293 3290/3290/3290
f 3294/3294/3294 3295/3295/3295 3296/3296/3296
f 3297/3297/3297 3298/3298/3298 3299/3299/3299
f 3300/3300/3300 3274/3274/3274 3270/3270/3270
f 3301/3301/3301 3300/3300/3300 3270/3270/3270
f 3270/3270/3270 3242/3242/3242 3302/3302/3302
f 3270/3270/3270 3302/3302/3302 3303/3303/3303
f 3303/3303/3303 3301/3301/3301 3270/3270/3270
f 3278/3278/3278 3277/3277/3277 3304/3304/3304
f 3281/3281/3281 3305/3305/3305 3282/3282/3282
f 3306/3306/3306 3304/3304/3304 3277/3277/3277
f 3283/3283/3283 3307/3307/3307 3284/3284/3284
f 3293/3293/3293 3292/3292/3292 3308/3308/3308
f 3309/3309/3309 3310/3310/3310 3311/3311/3311
f 3252/3252/3252 3263/3263/3263 3312/3312/3312
f 3313/3313/3313 3314/3314/3314 3315/3315/3315
f 3315/3315/3315 3316/3316/3316 3313/3313/3313
f 3262/3262/3262 3275/3275/3275 3317/3317/3317
f 3318/3318/3318 3312/3312/3312 3263/3263/3263
f 3319/3319/3319 3318/3318/3318 3263/3263/3263
f 3317/3317/3317 3320/3320/3320 3262/3262/3262
f 3276/3276/3276 3274/3274/3274 3321/3321/3321
f 3322/3322/3322 3313/3313/3313 3316/3316/3316
f 3312/3312/3312 3318/3318/3318 3323/3323/3323
f 3323/3323/3323 3324/3324/3324 3312/3312/3312
f 3313/3313/3313 3322/3322/3322 3325/3325/3325
f 3318/3318/3318 3319/3319/3319 3323/3323/3323
f 3274/3274/3274 3300/3300/3300 3321/3321/3321
f 3326/3326/3326 3327/3327/3327 3328/3328/3328
f 3328/3328/3328 3329/3329/3329 3326/3326/3326
f 3330/3330/3330 3331/3331/3331 3332/3332/3332
f 3333/3333/3333 3334/3334/3334 3335/3335/3335
f 3336/3336/3336 3337/3337/3337 3338/3338/3338
f 3339/3339/3339 3340/3340/3340 3341/3341/3341
f 3342/3342/3342 3343/3343/3343 3344/3344/3344
f 3345/3345/3345 3346/3346/3346 3347/3347/3347
f 3348/3348/3348 3349/3349/3349 3339/3339/3339
f 3344/3344/3344 3350/3350/3350 3351/3351/3351
f 3341/3341/3341 3348/3348/3348 3339/3339/3339
f 3344/3344/3344 3351/3351/3351 3342/3342/3342
f 3352/3352/3352 3341/3341/3341 3340/3340/3340
f 3337/3337/3337 3336/3336/3336 3353/3353/3353
f 3354/3354/3354 3321/3321/3321 3300/3300/3300
f 3355/3355/3355 3354/3354/3354 3300/3300/3300
f 3300/3300/3300 3301/3301/3301 3355/3355/3355
f 3356/3356/3356 3357/3357/3357 3358/3358/3358
f 3359/3359/3359 3360/3360/3360 3361/3361/3361
f 3362/3362/3362 3363/3363/3363 3364/3364/3364
f 3365/3365/3365 3358/3358/3358 3357/3357/3357
f 3358/3358/3358 3365/3365/3365 3366/3366/3366
f 3367/3367/3367 3368/3368/3368 3369/3369/3369
f 3370/3370/3370 3371/3371/3371 3372/3372/3372
f 3373/3373/3373 3374/3374/3374 3375/3375/3375
f 3375/3375/3375 3374/3374/3374 3376/3376/3376
f 3377/3377/3377 3378/3378/3378 3379/3379/3379
f 3380/3380/3380 3381/3381/3381 3382/3382/3382
f 3383/3383/3383 3384/3384/3384 3385/3385/3385
f 3385/3385/3385 3384/3384/3384 3386/3386/3386
f 3374/3374/3374 3373/3373/3373 3387/3387/3387
f 3388/3388/3388 3389/3389/3389 3390/3390/3390
f 3391/3391/3391 3392/3392/3392 3393/3393/3393
f 3387/3387/3387 3394/3394/3394 3395/3395/3395
f 3391/3391/3391 3393/3393/3393 3396/3396/3396
f 3387/3387/3387 3373/3373/3373 3394/3394/3394
f 3354/3354/3354 3355/3355/3355 3397/3397/3397
f 3398/3398/3398 3366/3366/3366 3365/3365/3365
f 3232/3232/3232 2070/2070/2070 2069/2069/2069
f 3232/3232/3232 2069/2069/2069 3236/3236/3236
f 3399/3399/3399 3400/3400/3400 3401/3401/3401
f 3402/3402/3402 3403/3403/3403 3404/3404/3404
f 3405/3405/3405 3406/3406/3406 3407/3407/3407
f 3404/3404/3404 3408/3408/3408 3402/3402/3402
f 3407/3407/3407 3409/3409/3409 3405/3405/3405
f 3399/3399/3399 3410/3410/3410 3400/3400/3400
f 3403/3403/3403 3411/3411/3411 3404/3404/3404
f 3412/3412/3412 3413/3413/3413 3414/3414/3414
f 3404/3404/3404 3415/3415/3415 3408/3408/3408
f 3414/3414/3414 3416/3416/3416 3412/3412/3412
f 3417/3417/3417 3409/3409/3409 3418/3418/3418
f 3419/3419/3419 3420/3420/3420 3421/3421/3421
f 3422/3422/3422 3423/3423/3423 3424/3424/3424
f 3409/3409/3409 3407/3407/3407 3425/3425/3425
f 3409/3409/3409 3425/3425/3425 3418/3418/3418
f 3426/3426/3426 3425/3425/3425 3407/3407/3407
f 3412/3412/3412 3427/3427/3427 3413/3413/3413
f 3428/3428/3428 3429/3429/3429 3430/3430/3430
f 3431/3431/3431 3432/3432/3432 3433/3433/3433
f 3434/3434/3434 3435/3435/3435 3436/3436/3436
f 3437/3437/3437 3424/3424/3424 3423/3423/3423
f 3431/3431/3431 3438/3438/3438 3432/3432/3432
f 3427/3427/3427 3412/3412/3412 3439/3439/3439
f 3435/3435/3435 3440/3440/3440 3436/3436/3436
f 3441/3441/3441 3442/3442/3442 3443/3443/3443
f 3429/3429/3429 3246/3246/3246 3430/3430/3430
f 3247/3247/3247 3246/3246/3246 3429/3429/3429
f 3444/3444/3444 3445/3445/3445 3446/3446/3446
f 3302/3302/3302 3242/3242/3242 3447/3447/3447
f 3448/3448/3448 3449/3449/3449 3450/3450/3450
f 3451/3451/3451 3449/3449/3449 3452/3452/3452
f 3453/3453/3453 3451/3451/3451 3452/3452/3452
f 2217/2217/2217 3454/3454/3454 2218/2218/2218
f 3451/3451/3451 3450/3450/3450 3449/3449/3449
f 3455/3455/3455 3456/3456/3456 3440/3440/3440
f 3456/3456/3456 3457/3457/3457 3436/3436/3436
f 3436/3436/3436 3440/3440/3440 3456/3456/3456
f 3457/3457/3457 3458/3458/3458 3436/3436/3436
f 2768/2768/2768 3459/3459/3459 3454/3454/3454
f 3454/3454/3454 2217/2217/2217 2768/2768/2768
f 3460/3460/3460 3461/3461/3461 3459/3459/3459
f 3459/3459/3459 2768/2768/2768 3462/3462/3462
f 3459/3459/3459 3462/3462/3462 3463/3463/3463
f 3463/3463/3463 3460/3460/3460 3459/3459/3459
f 3464/3464/3464 3465/3465/3465 3466/3466/3466
f 3467/3467/3467 3468/3468/3468 3469/3469/3469
f 3469/3469/3469 3470/3470/3470 3467/3467/3467
f 3465/3465/3465 3464/3464/3464 3471/3471/3471
f 3461/3461/3461 3460/3460/3460 3472/3472/3472
f 3473/3473/3473 3303/3303/3303 3302/3302/3302
f 3474/3474/3474 3475/3475/3475 3476/3476/3476
f 3477/3477/3477 3478/3478/3478 3479/3479/3479
f 3480/3480/3480 3471/3471/3471 3464/3464/3464
f 3481/3481/3481 3482/3482/3482 3483/3483/3483
f 3484/3484/3484 3485/3485/3485 3486/3486/3486
f 3487/3487/3487 3488/3488/3488 3489/3489/3489
f 3486/3486/3486 3485/3485/3485 3490/3490/3490
f 3491/3491/3491 3492/3492/3492 3493/3493/3493
f 3493/3493/3493 3492/3492/3492 3494/3494/3494
f 3495/3495/3495 3496/3496/3496 3497/3497/3497
f 2769/2769/2769 2767/2767/2767 3498/3498/3498
f 3499/3499/3499 3500/3500/3500 3501/3501/3501
f 2768/2768/2768 2770/2770/2770 3502/3502/3502
f 2768/2768/2768 3502/3502/3502 3463/3463/3463
f 3503/3503/3503 3504/3504/3504 3505/3505/3505
f 3506/3506/3506 3507/3507/3507 3508/3508/3508
f 3509/3509/3509 3510/3510/3510 3511/3511/3511
f 3512/3512/3512 3513/3513/3513 3514/3514/3514
f 3514/3514/3514 3515/3515/3515 3512/3512/3512
f 3516/3516/3516 3517/3517/3517 3518/3518/3518
f 3510/3510/3510 3509/3509/3509 3519/3519/3519
f 3520/3520/3520 3521/3521/3521 3522/3522/3522
f 3502/3502/3502 3523/3523/3523 3498/3498/3498
f 3502/3502/3502 3498/3498/3498 2771/2771/2771
f 3522/3522/3522 2773/2773/2773 3520/3520/3520
f 3524/3524/3524 3519/3519/3519 3509/3509/3509
f 3525/3525/3525 3526/3526/3526 3527/3527/3527
f 3528/3528/3528 3529/3529/3529 3530/3530/3530
f 3527/3527/3527 3531/3531/3531 3525/3525/3525
f 3532/3532/3532 3533/3533/3533 3534/3534/3534
f 3535/3535/3535 3530/3530/3530 3529/3529/3529
f 3531/3531/3531 3527/3527/3527 3536/3536/3536
f 3537/3537/3537 3534/3534/3534 3533/3533/3533
f 3538/3538/3538 3539/3539/3539 3540/3540/3540
f 3541/3541/3541 3542/3542/3542 3543/3543/3543
f 3543/3543/3543 3544/3544/3544 3541/3541/3541
f 3545/3545/3545 3521/3521/3521 3474/3474/3474
f 3546/3546/3546 3475/3475/3475 3521/3521/3521
f 3521/3521/3521 3475/3475/3475 3474/3474/3474
f 3520/3520/3520 3546/3546/3546 3521/3521/3521
f 3539/3539/3539 3538/3538/3538 3547/3547/3547
f 3544/3544/3544 3543/3543/3543 3548/3548/3548
f 3549/3549/3549 3547/3547/3547 3538/3538/3538
f 3550/3550/3550 3551/3551/3551 3552/3552/3552
f 3553/3553/3553 3554/3554/3554 3555/3555/3555
f 3552/3552/3552 3551/3551/3551 3556/3556/3556
f 3557/3557/3557 3558/3558/3558 3559/3559/3559
f 3555/3555/3555 3554/3554/3554 3560/3560/3560
f 3549/3549/3549 3561/3561/3561 3547/3547/3547
f 2771/2771/2771 3498/3498/3498 2767/2767/2767
f 2773/2773/2773 2772/2772/2772 3520/3520/3520
f 2772/2772/2772 3562/3562/3562 3520/3520/3520
f 3563/3563/3563 3564/3564/3564 2776/2776/2776
f 2776/2776/2776 2775/2775/2775 3563/3563/3563
f 3301/3301/3301 3303/3303/3303 3565/3565/3565
f 3566/3566/3566 3567/3567/3567 3568/3568/3568
f 3569/3569/3569 3565/3565/3565 3303/3303/3303
f 3303/3303/3303 3473/3473/3473 3569/3569/3569
f 3565/3565/3565 3569/3569/3569 3355/3355/3355
f 3570/3570/3570 3571/3571/3571 3572/3572/3572
f 3571/3571/3571 3570/3570/3570 3573/3573/3573
f 3574/3574/3574 3575/3575/3575 3576/3576/3576
f 3577/3577/3577 3578/3578/3578 3579/3579/3579
f 3580/3580/3580 3581/3581/3581 3582/3582/3582
f 3575/3575/3575 3574/3574/3574 3583/3583/3583
f 3584/3584/3584 3585/3585/3585 3586/3586/3586
f 3587/3587/3587 3588/3588/3588 3589/3589/3589
f 3590/3590/3590 3591/3591/3591 3592/3592/3592
f 3593/3593/3593 3594/3594/3594 3595/3595/3595
f 3397/3397/3397 3355/3355/3355 3473/3473/3473
f 3596/3596/3596 3597/3597/3597 3598/3598/3598
f 3599/3599/3599 3600/3600/3600 3601/3601/3601
f 3602/3602/3602 3603/3603/3603 3604/3604/3604
f 3601/3601/3601 3605/3605/3605 3599/3599/3599
f 3604/3604/3604 3606/3606/3606 3602/3602/3602
f 3607/3607/3607 3608/3608/3608 3609/3609/3609
f 3580/3580/3580 3610/3610/3610 3581/3581/3581
f 3574/3574/3574 3611/3611/3611 3583/3583/3583
f 3612/3612/3612 3613/3613/3613 3614/3614/3614
f 3615/3615/3615 3616/3616/3616 3617/3617/3617
f 3618/3618/3618 3619/3619/3619 3620/3620/3620
f 3621/3621/3621 3622/3622/3622 3623/3623/3623
f 3624/3624/3624 3625/3625/3625 3626/3626/3626
f 3627/3627/3627 3628/3628/3628 3629/3629/3629
f 3605/3605/3605 3601/3601/3601 3630/3630/3630
f 3631/3631/3631 3632/3632/3632 3633/3633/3633
f 3627/3627/3627 3634/3634/3634 3628/3628/3628
f 3562/3562/3562 3546/3546/3546 3520/3520/3520
f 3635/3635/3635 3369/3369/3369 3368/3368/3368
f 3563/3563/3563 3636/3636/3636 3564/3564/3564
f 3637/3637/3637 3638/3638/3638 3639/3639/3639
f 3640/3640/3640 3641/3641/3641 3642/3642/3642
f 3643/3643/3643 3644/3644/3644 3645/3645/3645
f 3646/3646/3646 3647/3647/3647 3648/3648/3648
f 3649/3649/3649 3650/3650/3650 3651/3651/3651
f 3652/3652/3652 3653/3653/3653 3654/3654/3654
f 3654/3654/3654 3653/3653/3653 3655/3655/3655
f 3656/3656/3656 3657/3657/3657 3658/3658/3658
f 3639/3639/3639 3638/3638/3638 3659/3659/3659
f 3660/3660/3660 3661/3661/3661 3662/3662/3662
f 3659/3659/3659 3663/3663/3663 3639/3639/3639
f 3664/3664/3664 3665/3665/3665 3666/3666/3666
f 3667/3667/3667 3668/3668/3668 3660/3660/3660
f 3662/3662/3662 3667/3667/3667 3660/3660/3660
f 3641/3641/3641 3640/3640/3640 3669/3669/3669
f 3670/3670/3670 3671/3671/3671 3672/3672/3672
f 3673/3673/3673 3671/3671/3671 3670/3670/3670
f 3674/3674/3674 3675/3675/3675 3676/3676/3676
f 3674/3674/3674 3676/3676/3676 3677/3677/3677
f 3678/3678/3678 3679/3679/3679 3680/3680/3680
f 3680/3680/3680 3681/3681/3681 3678/3678/3678
f 3682/3682/3682 3672/3672/3672 3671/3671/3671
f 3671/3671/3671 3673/3673/3673 3682/3682/3682
f 3683/3683/3683 3684/3684/3684 3685/3685/3685
f 3682/3682/3682 3686/3686/3686 3672/3672/3672
f 3687/3687/3687 3688/3688/3688 3689/3689/3689
f 3689/3689/3689 3690/3690/3690 3687/3687/3687
f 3691/3691/3691 3692/3692/3692 3684/3684/3684
f 3684/3684/3684 3683/3683/3683 3691/3691/3691
f 3688/3688/3688 3687/3687/3687 3693/3693/3693
f 3694/3694/3694 3695/3695/3695 3696/3696/3696
f 3692/3692/3692 3691/3691/3691 3697/3697/3697
f 3695/3695/3695 3694/3694/3694 3698/3698/3698
f 3699/3699/3699 3693/3693/3693 3687/3687/3687
f 3700/3700/3700 3699/3699/3699 3687/3687/3687
f 3701/3701/3701 3702/3702/3702 3703/3703/3703
f 3704/3704/3704 3705/3705/3705 3706/3706/3706
f 3698/3698/3698 3694/3694/3694 3707/3707/3707
f 3702/3702/3702 3701/3701/3701 3708/3708/3708
f 3709/3709/3709 3698/3698/3698 3707/3707/3707
f 3710/3710/3710 3711/3711/3711 3712/3712/3712
f 3713/3713/3713 3714/3714/3714 3715/3715/3715
f 3716/3716/3716 3717/3717/3717 3718/3718/3718
f 3718/3718/3718 3719/3719/3719 3716/3716/3716
f 3720/3720/3720 3721/3721/3721 3722/3722/3722
f 3723/3723/3723 3712/3712/3712 3711/3711/3711
f 3714/3714/3714 3713/3713/3713 3724/3724/3724
f 3725/3725/3725 3726/3726/3726 3727/3727/3727
f 3727/3727/3727 3728/3728/3728 3725/3725/3725
f 3729/3729/3729 3730/3730/3730 3731/3731/3731
f 3673/3673/3673 3732/3732/3732 3733/3733/3733
f 3673/3673/3673 3733/3733/3733 3734/3734/3734
f 3734/3734/3734 3682/3682/3682 3673/3673/3673
f 3735/3735/3735 3731/3731/3731 3730/3730/3730
f 3736/3736/3736 3737/3737/3737 3738/3738/3738
f 3739/3739/3739 3740/3740/3740 3741/3741/3741
f 3739/3739/3739 3741/3741/3741 3742/3742/3742
f 3742/3742/3742 3743/3743/3743 3739/3739/3739
f 3737/3737/3737 3736/3736/3736 3744/3744/3744
f 3745/3745/3745 3746/3746/3746 3747/3747/3747
f 3748/3748/3748 3744/3744/3744 3736/3736/3736
f 3749/3749/3749 3750/3750/3750 3751/3751/3751
f 3752/3752/3752 3747/3747/3747 3746/3746/3746
f 3753/3753/3753 3754/3754/3754 3755/3755/3755
f 3744/3744/3744 3748/3748/3748 3756/3756/3756
f 3755/3755/3755 3757/3757/3757 3753/3753/3753
f 3758/3758/3758 3759/3759/3759 3760/3760/3760
f 3761/3761/3761 3762/3762/3762 3763/3763/3763
f 3764/3764/3764 3765/3765/3765 3766/3766/3766
f 3767/3767/3767 3768/3768/3768 3769/3769/3769
f 3766/3766/3766 3770/3770/3770 3764/3764/3764
f 3759/3759/3759 3758/3758/3758 3771/3771/3771
f 3772/3772/3772 3763/3763/3763 3762/3762/3762
f 3759/3759/3759 3771/3771/3771 3773/3773/3773
f 3774/3774/3774 3775/3775/3775 3776/3776/3776
f 3777/3777/3777 3742/3742/3742 3741/3741/3741
f 3747/3747/3747 3752/3752/3752 3778/3778/3778
f 3743/3743/3743 3742/3742/3742 3779/3779/3779
f 3780/3780/3780 3734/3734/3734 3733/3733/3733
f 3781/3781/3781 3780/3780/3780 3733/3733/3733
f 3782/3782/3782 3781/3781/3781 3733/3733/3733
f 3779/3779/3779 3783/3783/3783 3743/3743/3743
f 3733/3733/3733 3784/3784/3784 3782/3782/3782
f 3777/3777/3777 3779/3779/3779 3742/3742/3742
f 3785/3785/3785 3786/3786/3786 3787/3787/3787
f 3788/3788/3788 3789/3789/3789 3668/3668/3668
f 3790/3790/3790 3785/3785/3785 3787/3787/3787
f 3791/3791/3791 3792/3792/3792 3793/3793/3793
f 3668/3668/3668 3794/3794/3794 3788/3788/3788
f 3793/3793/3793 3795/3795/3795 3791/3791/3791
f 3796/3796/3796 3797/3797/3797 3798/3798/3798
f 3799/3799/3799 3800/3800/3800 3801/3801/3801
f 3801/3801/3801 3800/3800/3800 3802/3802/3802
f 3803/3803/3803 3804/3804/3804 3805/3805/3805
f 3806/3806/3806 3798/3798/3798 3797/3797/3797
f 3807/3807/3807 3808/3808/3808 3809/3809/3809
f 3768/3768/3768 3767/3767/3767 3810/3810/3810
f 3811/3811/3811 3807/3807/3807 3809/3809/3809
f 3812/3812/3812 3810/3810/3810 3767/3767/3767
f 3775/3775/3775 3813/3813/3813 3814/3814/3814
f 3815/3815/3815 3816/3816/3816 3817/3817/3817
f 3818/3818/3818 3819/3819/3819 3820/3820/3820
f 3821/3821/3821 3817/3817/3817 3816/3816/3816
f 3771/3771/3771 3822/3822/3822 3773/3773/3773
f 3823/3823/3823 3824/3824/3824 3825/3825/3825
f 3826/3826/3826 3827/3827/3827 3828/3828/3828
f 3823/3823/3823 3825/3825/3825 3829/3829/3829
f 3813/3813/3813 3775/3775/3775 3830/3830/3830
f 3831/3831/3831 3832/3832/3832 3833/3833/3833
f 3833/3833/3833 3834/3834/3834 3831/3831/3831
f 3774/3774/3774 3830/3830/3830 3775/3775/3775
f 3835/3835/3835 3836/3836/3836 3837/3837/3837
f 3838/3838/3838 3839/3839/3839 3840/3840/3840
f 3841/3841/3841 3825/3825/3825 3824/3824/3824
f 3840/3840/3840 3842/3842/3842 3838/3838/3838
f 3843/3843/3843 3844/3844/3844 3845/3845/3845
f 3836/3836/3836 3835/3835/3835 3846/3846/3846
f 3847/3847/3847 3848/3848/3848 3849/3849/3849
f 3850/3850/3850 3851/3851/3851 3852/3852/3852
f 3853/3853/3853 3854/3854/3854 3855/3855/3855
f 3856/3856/3856 3857/3857/3857 3858/3858/3858
f 3856/3856/3856 3858/3858/3858 3859/3859/3859
f 3860/3860/3860 3802/3802/3802 3800/3800/3800
f 3861/3861/3861 3862/3862/3862 3863/3863/3863
f 3864/3864/3864 3865/3865/3865 3866/3866/3866
f 3867/3867/3867 3858/3858/3858 3857/3857/3857
f 3754/3754/3754 3753/3753/3753 3868/3868/3868
f 3754/3754/3754 3868/3868/3868 3869/3869/3869
f 3870/3870/3870 3866/3866/3866 3865/3865/3865
f 3871/3871/3871 3872/3872/3872 3873/3873/3873
f 3874/3874/3874 3708/3708/3708 3701/3701/3701
f 3701/3701/3701 3875/3875/3875 3874/3874/3874
f 3698/3698/3698 3709/3709/3709 3876/3876/3876
f 3877/3877/3877 3878/3878/3878 3879/3879/3879
f 3880/3880/3880 3881/3881/3881 3882/3882/3882
f 3883/3883/3883 3721/3721/3721 3734/3734/3734
f 3734/3734/3734 3780/3780/3780 3883/3883/3883
f 3884/3884/3884 3756/3756/3756 3748/3748/3748
f 3885/3885/3885 3726/3726/3726 3725/3725/3725
f 3725/3725/3725 3886/3886/3886 3885/3885/3885
f 3756/3756/3756 3884/3884/3884 3887/3887/3887
f 3757/3757/3757 3888/3888/3888 3753/3753/3753
f 3883/3883/3883 3722/3722/3722 3721/3721/3721
f 3889/3889/3889 3890/3890/3890 3891/3891/3891
f 3892/3892/3892 3893/3893/3893 3894/3894/3894
f 3891/3891/3891 3895/3895/3895 3889/3889/3889
f 3894/3894/3894 3896/3896/3896 3892/3892/3892
f 3897/3897/3897 3898/3898/3898 3780/3780/3780
f 3781/3781/3781 3897/3897/3897 3780/3780/3780
f 3899/3899/3899 3887/3887/3887 3884/3884/3884
f 3900/3900/3900 3901/3901/3901 3902/3902/3902
f 3903/3903/3903 3842/3842/3842 3840/3840/3840
f 3845/3845/3845 3844/3844/3844 3904/3904/3904
f 3905/3905/3905 3906/3906/3906 3907/3907/3907
f 3908/3908/3908 3753/3753/3753 3888/3888/3888
f 3887/3887/3887 3899/3899/3899 3909/3909/3909
f 3910/3910/3910 3908/3908/3908 3888/3888/3888
f 3911/3911/3911 3910/3910/3910 3888/3888/3888
f 3858/3858/3858 3867/3867/3867 3912/3912/3912
f 3913/3913/3913 3914/3914/3914 3915/3915/3915
f 3912/3912/3912 3916/3916/3916 3858/3858/3858
f 3917/3917/3917 3868/3868/3868 3753/3753/3753
f 3918/3918/3918 3919/3919/3919 3753/3753/3753
f 3753/3753/3753 3919/3919/3919 3917/3917/3917
f 3920/3920/3920 3921/3921/3921 3922/3922/3922
f 3917/3917/3917 3869/3869/3869 3868/3868/3868
f 3923/3923/3923 3924/3924/3924 3925/3925/3925
f 3925/3925/3925 3926/3926/3926 3927/3927/3927
f 3925/3925/3925 3927/3927/3927 3923/3923/3923
f 3928/3928/3928 3929/3929/3929 3930/3930/3930
f 3931/3931/3931 3932/3932/3932 3933/3933/3933
f 3928/3928/3928 3930/3930/3930 3934/3934/3934
f 3919/3919/3919 3918/3918/3918 3917/3917/3917
f 3931/3931/3931 3935/3935/3935 3932/3932/3932
f 3936/3936/3936 3934/3934/3934 3930/3930/3930
f 3937/3937/3937 3938/3938/3938 3939/3939/3939
f 3940/3940/3940 3941/3941/3941 3942/3942/3942
f 3943/3943/3943 3944/3944/3944 3945/3945/3945
f 3946/3946/3946 3947/3947/3947 3948/3948/3948
f 3949/3949/3949 3950/3950/3950 3951/3951/3951
f 3948/3948/3948 3947/3947/3947 3952/3952/3952
f 3953/3953/3953 3944/3944/3944 3943/3943/3943
f 3647/3647/3647 3954/3954/3954 3955/3955/3955
f 3955/3955/3955 3954/3954/3954 3956/3956/3956
f 3957/3957/3957 3958/3958/3958 3959/3959/3959
f 3960/3960/3960 3961/3961/3961 3962/3962/3962
f 3960/3960/3960 3962/3962/3962 3963/3963/3963
f 3964/3964/3964 3957/3957/3957 3959/3959/3959
f 3644/3644/3644 3965/3965/3965 3645/3645/3645
f 3860/3860/3860 3966/3966/3966 3802/3802/3802
f 3802/3802/3802 3966/3966/3966 3967/3967/3967
f 3954/3954/3954 3647/3647/3647 3646/3646/3646
f 3968/3968/3968 3969/3969/3969 3970/3970/3970
f 3971/3971/3971 3972/3972/3972 3973/3973/3973
f 3971/3971/3971 3973/3973/3973 3974/3974/3974
f 3975/3975/3975 3968/3968/3968 3970/3970/3970
f 3957/3957/3957 3652/3652/3652 3958/3958/3958
f 3968/3968/3968 3976/3976/3976 3969/3969/3969
f 3976/3976/3976 3968/3968/3968 3977/3977/3977
f 3978/3978/3978 3963/3963/3963 3962/3962/3962
f 3979/3979/3979 3978/3978/3978 3962/3962/3962
f 3861/3861/3861 3980/3980/3980 3862/3862/3862
f 3981/3981/3981 3982/3982/3982 3983/3983/3983
f 3984/3984/3984 3985/3985/3985 3986/3986/3986
f 3984/3984/3984 3986/3986/3986 3987/3987/3987
f 3988/3988/3988 3989/3989/3989 3990/3990/3990
f 3990/3990/3990 3991/3991/3991 3988/3988/3988
f 3982/3982/3982 3981/3981/3981 3992/3992/3992
f 3989/3989/3989 3993/3993/3993 3990/3990/3990
f 3994/3994/3994 3995/3995/3995 3996/3996/3996
f 3997/3997/3997 3998/3998/3998 3999/3999/3999
f 4000/4000/4000 4001/4001/4001 4002/4002/4002
f 4003/4003/4003 4004/4004/4004 4005/4005/4005
f 4006/4006/4006 4007/4007/4007 4008/4008/4008
f 4009/4009/4009 4010/4010/4010 4011/4011/4011
f 4012/4012/4012 4013/4013/4013 4014/4014/4014
f 4015/4015/4015 4016/4016/4016 4017/4017/4017
f 4011/4011/4011 4018/4018/4018 4009/4009/4009
f 4019/4019/4019 4001/4001/4001 4000/4000/4000
f 4019/4019/4019 4000/4000/4000 4020/4020/4020
f 4021/4021/4021 4022/4022/4022 4023/4023/4023
f 3985/3985/3985 4024/4024/4024 3986/3986/3986
f 4025/4025/4025 4026/4026/4026 4027/4027/4027
f 4028/4028/4028 4029/4029/4029 4030/4030/4030
f 4031/4031/4031 4032/4032/4032 4033/4033/4033
f 4034/4034/4034 3986/3986/3986 4024/4024/4024
f 4035/4035/4035 4036/4036/4036 4037/4037/4037
f 4038/4038/4038 4039/4039/4039 4040/4040/4040
f 4041/4041/4041 4042/4042/4042 4043/4043/4043
f 3986/3986/3986 4034/4034/4034 4044/4044/4044
f 4044/4044/4044 3987/3987/3987 3986/3986/3986
f 4045/4045/4045 4037/4037/4037 4036/4036/4036
f 4046/4046/4046 4045/4045/4045 4036/4036/4036
f 4032/4032/4032 4031/4031/4031 4047/4047/4047
f 4036/4036/4036 4048/4048/4048 4046/4046/4046
f 4037/4037/4037 4045/4045/4045 4049/4049/4049
f 4049/4049/4049 4050/4050/4050 4037/4037/4037
f 4046/4046/4046 4049/4049/4049 4045/4045/4045
f 4051/4051/4051 3993/3993/3993 4052/4052/4052
f 4053/4053/4053 4054/4054/4054 4055/4055/4055
f 3993/3993/3993 4051/4051/4051 4056/4056/4056
f 4056/4056/4056 3990/3990/3990 3993/3993/3993
f 4057/4057/4057 4058/4058/4058 4059/4059/4059
f 4058/4058/4058 4057/4057/4057 4060/4060/4060
f 4058/4058/4058 4060/4060/4060 4061/4061/4061
f 4062/4062/4062 4056/4056/4056 4051/4051/4051
f 4063/4063/4063 4064/4064/4064 4065/4065/4065
f 4066/4066/4066 4067/4067/4067 4068/4068/4068
f 4069/4069/4069 4070/4070/4070 4071/4071/4071
f 4063/4063/4063 4072/4072/4072 4064/4064/4064
f 3652/3652/3652 4073/4073/4073 3653/3653/3653
f 3653/3653/3653 4073/4073/4073 4074/4074/4074
f 4075/4075/4075 4076/4076/4076 4077/4077/4077
f 3653/3653/3653 4078/4078/4078 3655/3655/3655
f 4073/4073/4073 3652/3652/3652 3957/3957/3957
f 4079/4079/4079 4074/4074/4074 4073/4073/4073
f 4080/4080/4080 4079/4079/4079 4073/4073/4073
f 4081/4081/4081 4082/4082/4082 4083/4083/4083
f 4076/4076/4076 4075/4075/4075 4084/4084/4084
f 4085/4085/4085 4086/4086/4086 4087/4087/4087
f 4087/4087/4087 4088/4088/4088 4085/4085/4085
f 4079/4079/4079 4089/4089/4089 4074/4074/4074
f 4074/4074/4074 4089/4089/4089 4090/4090/4090
f 4090/4090/4090 4091/4091/4091 4074/4074/4074
f 4092/4092/4092 4093/4093/4093 4094/4094/4094
f 4094/4094/4094 4095/4095/4095 4092/4092/4092
f 4092/4092/4092 4095/4095/4095 4096/4096/4096
f 4097/4097/4097 4098/4098/4098 4099/4099/4099
f 4100/4100/4100 4094/4094/4094 4093/4093/4093
f 4101/4101/4101 4102/4102/4102 4103/4103/4103
f 4093/4093/4093 4104/4104/4104 4100/4100/4100
f 4105/4105/4105 4106/4106/4106 4107/4107/4107
f 4108/4108/4108 4109/4109/4109 4110/4110/4110
f 4111/4111/4111 4107/4107/4107 4106/4106/4106
f 4112/4112/4112 4111/4111/4111 4106/4106/4106
f 4113/4113/4113 3658/3658/3658 3657/3657/3657
f 4086/4086/4086 4085/4085/4085 4114/4114/4114
f 4115/4115/4115 1493/1493/1493 1484/1484/1484
f 4116/4116/4116 4115/4115/4115 1484/1484/1484
f 1484/1484/1484 4117/4117/4117 4118/4118/4118
f 1489/1489/1489 4117/4117/4117 1484/1484/1484
f 4118/4118/4118 4116/4116/4116 1484/1484/1484
f 1502/1502/1502 1501/1501/1501 4119/4119/4119
f 4120/4120/4120 4121/4121/4121 4122/4122/4122
f 4123/4123/4123 4124/4124/4124 4125/4125/4125
f 4126/4126/4126 4127/4127/4127 2032/2032/2032
f 4128/4128/4128 4129/4129/4129 4130/4130/4130
f 4129/4129/4129 4128/4128/4128 4131/4131/4131
f 4132/4132/4132 4119/4119/4119 1501/1501/1501
f 4133/4133/4133 4134/4134/4134 4135/4135/4135
f 4116/4116/4116 4136/4136/4136 4115/4115/4115
f 4137/4137/4137 4138/4138/4138 4139/4139/4139
f 4140/4140/4140 4141/4141/4141 4142/4142/4142
f 4142/4142/4142 4143/4143/4143 4140/4140/4140
f 4144/4144/4144 4145/4145/4145 4146/4146/4146
f 4124/4124/4124 4123/4123/4123 4147/4147/4147
f 4148/4148/4148 2032/2032/2032 4127/4127/4127
f 4149/4149/4149 4150/4150/4150 4151/4151/4151
f 4088/4088/4088 4152/4152/4152 4085/4085/4085
f 4151/4151/4151 4153/4153/4153 4149/4149/4149
f 4154/4154/4154 4085/4085/4085 4152/4152/4152
f 4155/4155/4155 4156/4156/4156 4157/4157/4157
f 4158/4158/4158 4159/4159/4159 4160/4160/4160
f 4110/4110/4110 4109/4109/4109 4161/4161/4161
f 4162/4162/4162 4163/4163/4163 4164/4164/4164
f 4161/4161/4161 4165/4165/4165 4110/4110/4110
f 4166/4166/4166 4167/4167/4167 4168/4168/4168
f 4169/4169/4169 4166/4166/4166 4168/4168/4168
f 4170/4170/4170 4164/4164/4164 4163/4163/4163
f 4171/4171/4171 4172/4172/4172 4173/4173/4173
f 4174/4174/4174 4175/4175/4175 4116/4116/4116
f 4176/4176/4176 4174/4174/4174 4116/4116/4116
f 4116/4116/4116 4118/4118/4118 4177/4177/4177
f 4116/4116/4116 4177/4177/4177 4178/4178/4178
f 4116/4116/4116 4178/4178/4178 4176/4176/4176
f 4179/4179/4179 4180/4180/4180 4181/4181/4181
f 4182/4182/4182 4147/4147/4147 4123/4123/4123
f 4183/4183/4183 4184/4184/4184 4185/4185/4185
f 4175/4175/4175 4174/4174/4174 4186/4186/4186
f 4180/4180/4180 4187/4187/4187 4181/4181/4181
f 4188/4188/4188 4187/4187/4187 4189/4189/4189
f 4190/4190/4190 4191/4191/4191 4192/4192/4192
f 4192/4192/4192 4193/4193/4193 4190/4190/4190
f 4187/4187/4187 4188/4188/4188 4194/4194/4194
f 4187/4187/4187 4194/4194/4194 4181/4181/4181
f 4171/4171/4171 4195/4195/4195 4172/4172/4172
f 4195/4195/4195 4171/4171/4171 4196/4196/4196
f 4197/4197/4197 4198/4198/4198 4199/4199/4199
f 4192/4192/4192 4191/4191/4191 4200/4200/4200
f 4201/4201/4201 4196/4196/4196 4171/4171/4171
f 4166/4166/4166 4169/4169/4169 4202/4202/4202
f 4203/4203/4203 4199/4199/4199 4198/4198/4198
f 4204/4204/4204 4203/4203/4203 4198/4198/4198
f 4205/4205/4205 4206/4206/4206 4207/4207/4207
f 4208/4208/4208 4209/4209/4209 4210/4210/4210
f 4210/4210/4210 4211/4211/4211 4212/4212/4212
f 4210/4210/4210 4212/4212/4212 4208/4208/4208
f 4209/4209/4209 4208/4208/4208 4213/4213/4213
f 4214/4214/4214 4181/4181/4181 4194/4194/4194
f 4215/4215/4215 4216/4216/4216 4217/4217/4217
f 4218/4218/4218 4219/4219/4219 4203/4203/4203
f 4203/4203/4203 4204/4204/4204 4218/4218/4218
f 4219/4219/4219 4218/4218/4218 4220/4220/4220
f 4221/4221/4221 4222/4222/4222 4223/4223/4223
f 4224/4224/4224 4225/4225/4225 4226/4226/4226
f 4227/4227/4227 4228/4228/4228 4229/4229/4229
f 4102/4102/4102 4230/4230/4230 4103/4103/4103
f 4231/4231/4231 4232/4232/4232 4228/4228/4228
f 4230/4230/4230 4233/4233/4233 4234/4234/4234
f 4228/4228/4228 4227/4227/4227 4235/4235/4235
f 4228/4228/4228 4235/4235/4235 4231/4231/4231
f 4230/4230/4230 4234/4234/4234 4103/4103/4103
f 4236/4236/4236 4237/4237/4237 4238/4238/4238
f 4238/4238/4238 4239/4239/4239 4236/4236/4236
f 4240/4240/4240 4241/4241/4241 4242/4242/4242
f 4243/4243/4243 4244/4244/4244 4245/4245/4245
f 4246/4246/4246 4247/4247/4247 4248/4248/4248
f 4249/4249/4249 4250/4250/4250 4251/4251/4251
f 4252/4252/4252 4253/4253/4253 4254/4254/4254
f 4255/4255/4255 4249/4249/4249 4251/4251/4251
f 4256/4256/4256 4257/4257/4257 4258/4258/4258
f 4259/4259/4259 4260/4260/4260 4261/4261/4261
f 4262/4262/4262 4263/4263/4263 4264/4264/4264
f 4265/4265/4265 4266/4266/4266 4267/4267/4267
f 4268/4268/4268 4261/4261/4261 4260/4260/4260
f 4267/4267/4267 4269/4269/4269 4265/4265/4265
f 4257/4257/4257 4256/4256/4256 4270/4270/4270
f 4271/4271/4271 4272/4272/4272 4273/4273/4273
f 4274/4274/4274 4103/4103/4103 4234/4234/4234
f 4261/4261/4261 4274/4274/4274 4234/4234/4234
f 4275/4275/4275 4276/4276/4276 4277/4277/4277
f 4278/4278/4278 4279/4279/4279 4280/4280/4280
f 4280/4280/4280 4281/4281/4281 4278/4278/4278
f 4169/4169/4169 4282/4282/4282 4202/4202/4202
f 4276/4276/4276 4275/4275/4275 4283/4283/4283
f 4284/4284/4284 4283/4283/4283 4275/4275/4275
f 4274/4274/4274 4261/4261/4261 4268/4268/4268
f 4274/4274/4274 4268/4268/4268 4285/4285/4285
f 4281/4281/4281 4280/4280/4280 4286/4286/4286
f 4286/4286/4286 4287/4287/4287 4281/4281/4281
f 4282/4282/4282 4288/4288/4288 4202/4202/4202
f 4283/4283/4283 4284/4284/4284 4289/4289/4289
f 4256/4256/4256 4290/4290/4290 4270/4270/4270
f 4291/4291/4291 4270/4270/4270 4290/4290/4290
f 4269/4269/4269 4267/4267/4267 4292/4292/4292
f 4293/4293/4293 4294/4294/4294 4295/4295/4295
f 4296/4296/4296 4292/4292/4292 4267/4267/4267
f 4270/4270/4270 4291/4291/4291 4297/4297/4297
f 4292/4292/4292 4296/4296/4296 4298/4298/4298
f 4299/4299/4299 4300/4300/4300 4301/4301/4301
f 4299/4299/4299 4301/4301/4301 4302/4302/4302
f 4303/4303/4303 4304/4304/4304 4305/4305/4305
f 3990/3990/3990 4056/4056/4056 4306/4306/4306
f 3990/3990/3990 4306/4306/4306 4307/4307/4307
f 4062/4062/4062 4306/4306/4306 4056/4056/4056
f 4308/4308/4308 4296/4296/4296 4309/4309/4309
f 4310/4310/4310 4311/4311/4311 4312/4312/4312
f 4072/4072/4072 4063/4063/4063 4313/4313/4313
f 4314/4314/4314 4315/4315/4315 4316/4316/4316
f 4308/4308/4308 4298/4298/4298 4296/4296/4296
f 4317/4317/4317 4311/4311/4311 4318/4318/4318
f 4318/4318/4318 4319/4319/4319 4317/4317/4317
f 4310/4310/4310 4318/4318/4318 4311/4311/4311
f 4320/4320/4320 4321/4321/4321 4322/4322/4322
f 4301/4301/4301 4323/4323/4323 4302/4302/4302
f 4324/4324/4324 4322/4322/4322 4321/4321/4321
f 4318/4318/4318 4310/4310/4310 4325/4325/4325
f 4318/4318/4318 4325/4325/4325 4326/4326/4326
f 4327/4327/4327 4328/4328/4328 4329/4329/4329
f 4330/4330/4330 4331/4331/4331 4332/4332/4332
f 4333/4333/4333 4334/4334/4334 4335/4335/4335
f 4336/4336/4336 4337/4337/4337 4338/4338/4338
f 4336/4336/4336 4339/4339/4339 4337/4337/4337
f 4340/4340/4340 4341/4341/4341 4342/4342/4342
f 4322/4322/4322 4335/4335/4335 4334/4334/4334
f 4343/4343/4343 4322/4322/4322 4334/4334/4334
f 4322/4322/4322 4344/4344/4344 4335/4335/4335
f 4345/4345/4345 4346/4346/4346 4347/4347/4347
f 4344/4344/4344 4322/4322/4322 4324/4324/4324
f 4344/4344/4344 4324/4324/4324 4348/4348/4348
f 4349/4349/4349 4350/4350/4350 4346/4346/4346
f 4346/4346/4346 4345/4345/4345 4349/4349/4349
f 4351/4351/4351 4352/4352/4352 4353/4353/4353
f 4354/4354/4354 4355/4355/4355 4356/4356/4356
f 4351/4351/4351 4353/4353/4353 4357/4357/4357
f 4358/4358/4358 4359/4359/4359 4360/4360/4360
f 4361/4361/4361 4362/4362/4362 4363/4363/4363
f 4364/4364/4364 4365/4365/4365 4366/4366/4366
f 4367/4367/4367 4368/4368/4368 4369/4369/4369
f 4369/4369/4369 4370/4370/4370 4367/4367/4367
f 4371/4371/4371 4372/4372/4372 4373/4373/4373
f 4374/4374/4374 4375/4375/4375 4376/4376/4376
f 4373/4373/4373 4377/4377/4377 4371/4371/4371
f 4378/4378/4378 4379/4379/4379 4380/4380/4380
f 4381/4381/4381 4382/4382/4382 4383/4383/4383
f 4381/4381/4381 4383/4383/4383 4384/4384/4384
f 4385/4385/4385 4386/4386/4386 4387/4387/4387
f 4388/4388/4388 4389/4389/4389 4390/4390/4390
f 4391/4391/4391 4376/4376/4376 4375/4375/4375
f 4392/4392/4392 4393/4393/4393 4394/4394/4394
f 4395/4395/4395 4387/4387/4387 4386/4386/4386
f 4396/4396/4396 4395/4395/4395 4386/4386/4386
f 4389/4389/4389 4388/4388/4388 4397/4397/4397
f 4389/4389/4389 4397/4397/4397 4398/4398/4398
f 4399/4399/4399 4400/4400/4400 4401/4401/4401
f 3895/3895/3895 4402/4402/4402 4403/4403/4403
f 4402/4402/4402 3895/3895/3895 3891/3891/3891
f 4404/4404/4404 4405/4405/4405 3892/3892/3892
f 4406/4406/4406 4407/4407/4407 4408/4408/4408
f 3892/3892/3892 3896/3896/3896 4404/4404/4404
f 4409/4409/4409 3898/3898/3898 4410/4410/4410
f 4411/4411/4411 4412/4412/4412 4413/4413/4413
f 4414/4414/4414 4415/4415/4415 4416/4416/4416
f 4407/4407/4407 4406/4406/4406 4417/4417/4417
f 3897/3897/3897 4410/4410/4410 3898/3898/3898
f 4415/4415/4415 4414/4414/4414 4418/4418/4418
f 4406/4406/4406 4419/4419/4419 4420/4420/4420
f 4420/4420/4420 4417/4417/4417 4406/4406/4406
f 4421/4421/4421 4422/4422/4422 4423/4423/4423
f 4424/4424/4424 4425/4425/4425 4426/4426/4426
f 4424/4424/4424 4426/4426/4426 4427/4427/4427
f 4422/4422/4422 4421/4421/4421 4428/4428/4428
f 4429/4429/4429 4428/4428/4428 4421/4421/4421
f 4428/4428/4428 4429/4429/4429 4430/4430/4430
f 4426/4426/4426 4431/4431/4431 4427/4427/4427
f 4432/4432/4432 4433/4433/4433 4434/4434/4434
f 4435/4435/4435 4436/4436/4436 4437/4437/4437
f 4438/4438/4438 4439/4439/4439 4440/4440/4440
f 4440/4440/4440 4441/4441/4441 4438/4438/4438
f 4442/4442/4442 4443/4443/4443 4444/4444/4444
f 4445/4445/4445 4434/4434/4434 4433/4433/4433
f 4446/4446/4446 4447/4447/4447 4448/4448/4448
f 4449/4449/4449 4450/4450/4450 4451/4451/4451
f 4452/4452/4452 4449/4449/4449 4451/4451/4451
f 4440/4440/4440 4453/4453/4453 4454/4454/4454
f 4454/4454/4454 4441/4441/4441 4440/4440/4440
f 4455/4455/4455 4443/4443/4443 3781/3781/3781
f 3781/3781/3781 4456/4456/4456 4455/4455/4455
f 3782/3782/3782 4456/4456/4456 3781/3781/3781
f 3909/3909/3909 3899/3899/3899 4457/4457/4457
f 4458/4458/4458 3909/3909/3909 4457/4457/4457
f 4459/4459/4459 4460/4460/4460 4461/4461/4461
f 4459/4459/4459 4461/4461/4461 4462/4462/4462
f 4463/4463/4463 3908/3908/3908 4464/4464/4464
f 3918/3918/3918 3908/3908/3908 4463/4463/4463
f 4465/4465/4465 4466/4466/4466 4467/4467/4467
f 4468/4468/4468 3918/3918/3918 4463/4463/4463
f 4463/4463/4463 4469/4469/4469 4468/4468/4468
f 3910/3910/3910 4464/4464/4464 3908/3908/3908
f 4464/4464/4464 3910/3910/3910 4469/4469/4469
f 4468/4468/4468 4469/4469/4469 3910/3910/3910
f 3910/3910/3910 3911/3911/3911 4468/4468/4468
f 4468/4468/4468 3917/3917/3917 3918/3918/3918
f 3911/3911/3911 4470/4470/4470 4471/4471/4471
f 3911/3911/3911 4471/4471/4471 4468/4468/4468
f 4455/4455/4455 4444/4444/4444 4443/4443/4443
f 4472/4472/4472 4473/4473/4473 4474/4474/4474
f 4474/4474/4474 4448/4448/4448 4472/4472/4472
f 4475/4475/4475 4473/4473/4473 4476/4476/4476
f 4476/4476/4476 4473/4473/4473 4472/4472/4472
f 4477/4477/4477 4478/4478/4478 4479/4479/4479
f 4473/4473/4473 4475/4475/4475 4480/4480/4480
f 4481/4481/4481 4480/4480/4480 4475/4475/4475
f 4478/4478/4478 4477/4477/4477 4482/4482/4482
f 4475/4475/4475 4483/4483/4483 4481/4481/4481
f 4472/4472/4472 4448/4448/4448 4447/4447/4447
f 4484/4484/4484 4485/4485/4485 4486/4486/4486
f 4487/4487/4487 4484/4484/4484 4486/4486/4486
f 4355/4355/4355 4354/4354/4354 4488/4488/4488
f 4489/4489/4489 4490/4490/4490 4491/4491/4491
f 4491/4491/4491 4492/4492/4492 4489/4489/4489
f 4493/4493/4493 4494/4494/4494 4495/4495/4495
f 4484/4484/4484 4487/4487/4487 4496/4496/4496
f 4497/4497/4497 4380/4380/4380 4379/4379/4379
f 4498/4498/4498 4497/4497/4497 4379/4379/4379
f 4497/4497/4497 4498/4498/4498 4499/4499/4499
f 4500/4500/4500 4384/4384/4384 4383/4383/4383
f 4501/4501/4501 4502/4502/4502 4503/4503/4503
f 4504/4504/4504 4505/4505/4505 4506/4506/4506
f 4506/4506/4506 4507/4507/4507 4508/4508/4508
f 4506/4506/4506 4508/4508/4508 4504/4504/4504
f 4509/4509/4509 4503/4503/4503 4502/4502/4502
f 4510/4510/4510 4511/4511/4511 4512/4512/4512
f 4513/4513/4513 4514/4514/4514 4515/4515/4515
f 4515/4515/4515 4516/4516/4516 4513/4513/4513
f 4517/4517/4517 4508/4508/4508 4507/4507/4507
f 4518/4518/4518 4519/4519/4519 4520/4520/4520
f 4503/4503/4503 4509/4509/4509 4521/4521/4521
f 4520/4520/4520 4522/4522/4522 4518/4518/4518
f 4523/4523/4523 4363/4363/4363 4362/4362/4362
f 4494/4494/4494 4493/4493/4493 4524/4524/4524
f 4498/4498/4498 4525/4525/4525 4499/4499/4499
f 4526/4526/4526 4499/4499/4499 4525/4525/4525
f 4527/4527/4527 4526/4526/4526 4525/4525/4525
f 4395/4395/4395 4396/4396/4396 4528/4528/4528
f 4512/4512/4512 4511/4511/4511 4529/4529/4529
f 4530/4530/4530 4531/4531/4531 4532/4532/4532
f 4531/4531/4531 4530/4530/4530 4533/4533/4533
f 4534/4534/4534 4533/4533/4533 4530/4530/4530
f 4535/4535/4535 4536/4536/4536 4537/4537/4537
f 4538/4538/4538 4539/4539/4539 4540/4540/4540
f 4535/4535/4535 4537/4537/4537 4541/4541/4541
f 4535/4535/4535 4541/4541/4541 4542/4542/4542
f 4540/4540/4540 4543/4543/4543 4544/4544/4544
f 4540/4540/4540 4544/4544/4544 4545/4545/4545
f 4545/4545/4545 4538/4538/4538 4540/4540/4540
f 4546/4546/4546 4547/4547/4547 4548/4548/4548
f 4549/4549/4549 4550/4550/4550 4551/4551/4551
f 4552/4552/4552 4553/4553/4553 4554/4554/4554
f 4555/4555/4555 4556/4556/4556 4384/4384/4384
f 4384/4384/4384 4500/4500/4500 4555/4555/4555
f 4557/4557/4557 4554/4554/4554 4553/4553/4553
f 4555/4555/4555 4558/4558/4558 4556/4556/4556
f 4557/4557/4557 4559/4559/4559 4554/4554/4554
f 4560/4560/4560 4561/4561/4561 4562/4562/4562
f 4562/4562/4562 4563/4563/4563 4560/4560/4560
f 4564/4564/4564 4565/4565/4565 4566/4566/4566
f 4566/4566/4566 4565/4565/4565 4567/4567/4567
f 4567/4567/4567 4568/4568/4568 4566/4566/4566
f 4569/4569/4569 4570/4570/4570 4571/4571/4571
f 4565/4565/4565 4564/4564/4564 4572/4572/4572
f 4573/4573/4573 4574/4574/4574 4575/4575/4575
f 4573/4573/4573 4575/4575/4575 4576/4576/4576
f 4577/4577/4577 4578/4578/4578 4579/4579/4579
f 4574/4574/4574 4580/4580/4580 4575/4575/4575
f 4577/4577/4577 4581/4581/4581 4578/4578/4578
f 4582/4582/4582 4583/4583/4583 4584/4584/4584
f 4584/4584/4584 4585/4585/4585 4582/4582/4582
f 4583/4583/4583 4582/4582/4582 4586/4586/4586
f 4587/4587/4587 4576/4576/4576 4575/4575/4575
f 4588/4588/4588 4589/4589/4589 4590/4590/4590
f 4516/4516/4516 4515/4515/4515 4591/4591/4591
f 4592/4592/4592 4521/4521/4521 4509/4509/4509
f 4593/4593/4593 4592/4592/4592 4509/4509/4509
f 4591/4591/4591 4594/4594/4594 4516/4516/4516
f 4595/4595/4595 4555/4555/4555 4500/4500/4500
f 4596/4596/4596 4597/4597/4597 4598/4598/4598
f 4533/4533/4533 4534/4534/4534 4599/4599/4599
f 4555/4555/4555 4595/4595/4595 4600/4600/4600
f 4570/4570/4570 4601/4601/4601 4571/4571/4571
f 4602/4602/4602 4603/4603/4603 4604/4604/4604
f 4522/4522/4522 4605/4605/4605 4606/4606/4606
f 4606/4606/4606 4518/4518/4518 4522/4522/4522
f 4607/4607/4607 4604/4604/4604 4603/4603/4603
f 4592/4592/4592 4593/4593/4593 4608/4608/4608
f 4592/4592/4592 4608/4608/4608 4609/4609/4609
f 4592/4592/4592 4609/4609/4609 4610/4610/4610
f 4607/4607/4607 4611/4611/4611 4604/4604/4604
f 4612/4612/4612 4613/4613/4613 4594/4594/4594
f 4594/4594/4594 4591/4591/4591 4612/4612/4612
f 4612/4612/4612 4614/4614/4614 4613/4613/4613
f 4614/4614/4614 4612/4612/4612 4615/4615/4615
f 4614/4614/4614 4615/4615/4615 4616/4616/4616
f 4614/4614/4614 4616/4616/4616 4617/4617/4617
f 4618/4618/4618 4610/4610/4610 4609/4609/4609
f 4609/4609/4609 4619/4619/4619 4618/4618/4618
f 4617/4617/4617 4620/4620/4620 4614/4614/4614
f 4596/4596/4596 4621/4621/4621 4597/4597/4597
f 4621/4621/4621 4596/4596/4596 4622/4622/4622
f 4534/4534/4534 4623/4623/4623 4599/4599/4599
f 4547/4547/4547 4546/4546/4546 4624/4624/4624
f 4625/4625/4625 4626/4626/4626 4627/4627/4627
f 4628/4628/4628 4625/4625/4625 4627/4627/4627
f 4629/4629/4629 4630/4630/4630 4631/4631/4631
f 4632/4632/4632 4633/4633/4633 4634/4634/4634
f 4635/4635/4635 4542/4542/4542 4541/4541/4541
f 4636/4636/4636 4635/4635/4635 4541/4541/4541
f 4634/4634/4634 4637/4637/4637 4632/4632/4632
f 4638/4638/4638 4639/4639/4639 4640/4640/4640
f 4641/4641/4641 4639/4639/4639 4638/4638/4638
f 4638/4638/4638 4640/4640/4640 4642/4642/4642
f 4638/4638/4638 4631/4631/4631 4641/4641/4641
f 4542/4542/4542 4635/4635/4635 4643/4643/4643
f 4543/4543/4543 4644/4644/4644 4645/4645/4645
f 4645/4645/4645 4544/4544/4544 4543/4543/4543
f 4646/4646/4646 4647/4647/4647 4648/4648/4648
f 4648/4648/4648 4647/4647/4647 4649/4649/4649
f 4650/4650/4650 4646/4646/4646 4648/4648/4648
f 4651/4651/4651 4652/4652/4652 4653/4653/4653
f 4654/4654/4654 4599/4599/4599 4623/4623/4623
f 4607/4607/4607 4655/4655/4655 4611/4611/4611
f 4596/4596/4596 4656/4656/4656 4622/4622/4622
f 4657/4657/4657 4643/4643/4643 4635/4635/4635
f 4635/4635/4635 4636/4636/4636 4658/4658/4658
f 4659/4659/4659 4660/4660/4660 4661/4661/4661
f 4661/4661/4661 4662/4662/4662 4659/4659/4659
f 4663/4663/4663 4664/4664/4664 4665/4665/4665
f 4666/4666/4666 4667/4667/4667 4637/4637/4637
f 4637/4637/4637 4634/4634/4634 4666/4666/4666
f 4668/4668/4668 4665/4665/4665 4664/4664/4664
f 4647/4647/4647 4646/4646/4646 4669/4669/4669
f 4670/4670/4670 4622/4622/4622 4656/4656/4656
f 4671/4671/4671 4672/4672/4672 4673/4673/4673
f 4674/4674/4674 4649/4649/4649 4647/4647/4647
f 4639/4639/4639 4675/4675/4675 4640/4640/4640
f 4676/4676/4676 4640/4640/4640 4675/4675/4675
f 4677/4677/4677 4678/4678/4678 4679/4679/4679
f 4680/4680/4680 4642/4642/4642 4640/4640/4640
f 4681/4681/4681 4682/4682/4682 4683/4683/4683
f 4684/4684/4684 4685/4685/4685 4686/4686/4686
f 4687/4687/4687 4688/4688/4688 4689/4689/4689
f 4690/4690/4690 4691/4691/4691 4692/4692/4692
f 4693/4693/4693 4694/4694/4694 4695/4695/4695
f 4696/4696/4696 4697/4697/4697 4698/4698/4698
f 4699/4699/4699 4700/4700/4700 4701/4701/4701
f 4701/4701/4701 4702/4702/4702 4699/4699/4699
f 4703/4703/4703 4704/4704/4704 4705/4705/4705
f 4706/4706/4706 4707/4707/4707 4708/4708/4708
f 4709/4709/4709 4710/4710/4710 4711/4711/4711
f 4712/4712/4712 4713/4713/4713 4714/4714/4714
f 4711/4711/4711 4715/4715/4715 4709/4709/4709
f 4670/4670/4670 4716/4716/4716 4622/4622/4622
f 4717/4717/4717 4672/4672/4672 4671/4671/4671
f 4718/4718/4718 4719/4719/4719 4720/4720/4720
f 4718/4718/4718 4720/4720/4720 4721/4721/4721
f 4722/4722/4722 4723/4723/4723 4724/4724/4724
f 4725/4725/4725 4726/4726/4726 4727/4727/4727
f 4728/4728/4728 4729/4729/4729 4730/4730/4730
f 4731/4731/4731 4732/4732/4732 4733/4733/4733
f 4712/4712/4712 4734/4734/4734 4713/4713/4713
f 4666/4666/4666 4735/4735/4735 4667/4667/4667
f 4736/4736/4736 4682/4682/4682 4681/4681/4681
f 4737/4737/4737 4738/4738/4738 4739/4739/4739
f 4740/4740/4740 4741/4741/4741 4742/4742/4742
f 4743/4743/4743 4744/4744/4744 4745/4745/4745
f 4746/4746/4746 4739/4739/4739 4738/4738/4738
f 4747/4747/4747 4700/4700/4700 4699/4699/4699
f 4748/4748/4748 4749/4749/4749 4750/4750/4750
f 4747/4747/4747 4699/4699/4699 4751/4751/4751
f 4752/4752/4752 4753/4753/4753 4754/4754/4754
f 4694/4694/4694 4693/4693/4693 4755/4755/4755
f 4696/4696/4696 4756/4756/4756 4697/4697/4697
f 4757/4757/4757 4758/4758/4758 4759/4759/4759
f 4760/4760/4760 4724/4724/4724 4723/4723/4723
f 4761/4761/4761 4760/4760/4760 4723/4723/4723
f 4723/4723/4723 4762/4762/4762 4761/4761/4761
f 4763/4763/4763 4745/4745/4745 4744/4744/4744
f 4764/4764/4764 4765/4765/4765 4766/4766/4766
f 4749/4749/4749 4748/4748/4748 4767/4767/4767
f 4768/4768/4768 4769/4769/4769 4770/4770/4770
f 4771/4771/4771 4742/4742/4742 4741/4741/4741
f 4770/4770/4770 4772/4772/4772 4768/4768/4768
f 4773/4773/4773 4774/4774/4774 4775/4775/4775
f 4776/4776/4776 4777/4777/4777 4778/4778/4778
f 4775/4775/4775 4779/4779/4779 4773/4773/4773
f 4780/4780/4780 4781/4781/4781 4782/4782/4782
f 4777/4777/4777 4776/4776/4776 4783/4783/4783
f 4784/4784/4784 4785/4785/4785 4786/4786/4786
f 4363/4363/4363 4523/4523/4523 4787/4787/4787
f 4363/4363/4363 4787/4787/4787 4788/4788/4788
f 4789/4789/4789 4496/4496/4496 4487/4487/4487
f 4784/4784/4784 4790/4790/4790 4785/4785/4785
f 4487/4487/4487 4791/4791/4791 4789/4789/4789
f 4792/4792/4792 4793/4793/4793 4794/4794/4794
f 4795/4795/4795 4792/4792/4792 4794/4794/4794
f 4796/4796/4796 4797/4797/4797 4798/4798/4798
f 4799/4799/4799 4800/4800/4800 4801/4801/4801
f 4801/4801/4801 4802/4802/4802 4799/4799/4799
f 4796/4796/4796 4803/4803/4803 4797/4797/4797
f 4804/4804/4804 4805/4805/4805 4806/4806/4806
f 4807/4807/4807 4801/4801/4801 4800/4800/4800
f 4806/4806/4806 4808/4808/4808 4804/4804/4804
f 4809/4809/4809 4810/4810/4810 4811/4811/4811
f 4811/4811/4811 4810/4810/4810 4649/4649/4649
f 4812/4812/4812 4813/4813/4813 4814/4814/4814
f 4811/4811/4811 4649/4649/4649 4674/4674/4674
f 4815/4815/4815 4816/4816/4816 4817/4817/4817
f 4818/4818/4818 4819/4819/4819 4820/4820/4820
f 4816/4816/4816 4821/4821/4821 4803/4803/4803
f 4815/4815/4815 4821/4821/4821 4816/4816/4816
f 4816/4816/4816 4803/4803/4803 4796/4796/4796
f 4822/4822/4822 4823/4823/4823 4824/4824/4824
f 4825/4825/4825 4826/4826/4826 4827/4827/4827
f 4827/4827/4827 4828/4828/4828 4829/4829/4829
f 4827/4827/4827 4829/4829/4829 4825/4825/4825
f 4805/4805/4805 4830/4830/4830 4806/4806/4806
f 4825/4825/4825 4831/4831/4831 4826/4826/4826
f 4832/4832/4832 4833/4833/4833 4688/4688/4688
f 4823/4823/4823 4834/4834/4834 4824/4824/4824
f 4835/4835/4835 4688/4688/4688 4833/4833/4833
f 4801/4801/4801 4807/4807/4807 4836/4836/4836
f 4688/4688/4688 4835/4835/4835 4689/4689/4689
f 4837/4837/4837 4838/4838/4838 4839/4839/4839
f 4840/4840/4840 4841/4841/4841 4842/4842/4842
f 4840/4840/4840 4842/4842/4842 4843/4843/4843
f 4844/4844/4844 4845/4845/4845 4846/4846/4846
f 4846/4846/4846 4845/4845/4845 4847/4847/4847
f 4848/4848/4848 4849/4849/4849 4850/4850/4850
f 4850/4850/4850 4849/4849/4849 4851/4851/4851
f 4852/4852/4852 4853/4853/4853 4854/4854/4854
f 4855/4855/4855 4856/4856/4856 4857/4857/4857
f 4858/4858/4858 4859/4859/4859 4860/4860/4860
f 4857/4857/4857 4861/4861/4861 4855/4855/4855
f 4846/4846/4846 4847/4847/4847 4862/4862/4862
f 4849/4849/4849 4848/4848/4848 4863/4863/4863
f 4864/4864/4864 4865/4865/4865 4866/4866/4866
f 4867/4867/4867 4868/4868/4868 4869/4869/4869
f 4870/4870/4870 4863/4863/4863 4848/4848/4848
f 4871/4871/4871 4872/4872/4872 4873/4873/4873
f 4874/4874/4874 4875/4875/4875 4876/4876/4876
f 4877/4877/4877 4878/4878/4878 4879/4879/4879
f 4880/4880/4880 4881/4881/4881 4882/4882/4882
f 4883/4883/4883 4884/4884/4884 4885/4885/4885
f 4886/4886/4886 4887/4887/4887 4888/4888/4888
f 4885/4885/4885 4889/4889/4889 4883/4883/4883
f 4881/4881/4881 4880/4880/4880 4890/4890/4890
f 4881/4881/4881 4890/4890/4890 4891/4891/4891
f 4889/4889/4889 4885/4885/4885 4892/4892/4892
f 4893/4893/4893 4894/4894/4894 4895/4895/4895
f 4895/4895/4895 4896/4896/4896 4893/4893/4893
f 4897/4897/4897 4892/4892/4892 4885/4885/4885
f 4898/4898/4898 4899/4899/4899 4900/4900/4900
f 4901/4901/4901 4902/4902/4902 4903/4903/4903
f 4901/4901/4901 4838/4838/4838 4837/4837/4837
f 4903/4903/4903 4838/4838/4838 4901/4901/4901
f 4899/4899/4899 4898/4898/4898 4904/4904/4904
f 4899/4899/4899 4904/4904/4904 4905/4905/4905
f 4905/4905/4905 4906/4906/4906 4899/4899/4899
f 4902/4902/4902 4907/4907/4907 4903/4903/4903
f 4908/4908/4908 4909/4909/4909 4910/4910/4910
f 4911/4911/4911 4912/4912/4912 4913/4913/4913
f 4914/4914/4914 4915/4915/4915 4916/4916/4916
f 4914/4914/4914 4916/4916/4916 4917/4917/4917
f 4906/4906/4906 4905/4905/4905 4918/4918/4918
f 4918/4918/4918 4919/4919/4919 4906/4906/4906
f 4907/4907/4907 4920/4920/4920 4903/4903/4903
f 4921/4921/4921 4917/4917/4917 4916/4916/4916
f 4922/4922/4922 4923/4923/4923 4924/4924/4924
f 4922/4922/4922 4924/4924/4924 4925/4925/4925
f 4922/4922/4922 4925/4925/4925 4926/4926/4926
f 4916/4916/4916 4927/4927/4927 4921/4921/4921
f 4926/4926/4926 4928/4928/4928 4922/4922/4922
f 4929/4929/4929 4930/4930/4930 4589/4589/4589
f 4929/4929/4929 4589/4589/4589 4588/4588/4588
f 4828/4828/4828 4931/4931/4931 4829/4829/4829
f 4932/4932/4932 4933/4933/4933 4934/4934/4934
f 4934/4934/4934 4935/4935/4935 4932/4932/4932
f 4829/4829/4829 4936/4936/4936 4937/4937/4937
f 4829/4829/4829 4937/4937/4937 4825/4825/4825
f 4938/4938/4938 4939/4939/4939 4940/4940/4940
f 4941/4941/4941 4942/4942/4942 4943/4943/4943
f 4944/4944/4944 4945/4945/4945 4946/4946/4946
f 4947/4947/4947 4939/4939/4939 4938/4938/4938
f 4948/4948/4948 4949/4949/4949 4950/4950/4950
f 4951/4951/4951 4952/4952/4952 4953/4953/4953
f 4951/4951/4951 4953/4953/4953 4954/4954/4954
f 4950/4950/4950 4955/4955/4955 4948/4948/4948
f 4948/4948/4948 4956/4956/4956 4949/4949/4949
f 4957/4957/4957 4958/4958/4958 4959/4959/4959
f 4960/4960/4960 4932/4932/4932 4935/4935/4935
f 4961/4961/4961 4726/4726/4726 4725/4725/4725
f 4962/4962/4962 4963/4963/4963 4964/4964/4964
f 4963/4963/4963 4962/4962/4962 4965/4965/4965
f 4966/4966/4966 4967/4967/4967 4968/4968/4968
f 4966/4966/4966 4968/4968/4968 4969/4969/4969
f 4948/4948/4948 4970/4970/4970 4956/4956/4956
f 4971/4971/4971 4972/4972/4972 4973/4973/4973
f 4974/4974/4974 4972/4972/4972 4971/4971/4971
f 4975/4975/4975 4976/4976/4976 4977/4977/4977
f 4978/4978/4978 4979/4979/4979 4980/4980/4980
f 4981/4981/4981 4982/4982/4982 4983/4983/4983
f 4984/4984/4984 4978/4978/4978 4980/4980/4980
f 4985/4985/4985 4986/4986/4986 4987/4987/4987
f 4988/4988/4988 4989/4989/4989 4990/4990/4990
f 4991/4991/4991 4992/4992/4992 4993/4993/4993
f 4994/4994/4994 4995/4995/4995 4996/4996/4996
f 4986/4986/4986 4985/4985/4985 4997/4997/4997
f 4998/4998/4998 4999/4999/4999 5000/5000/5000
f 5001/5001/5001 4997/4997/4997 4985/4985/4985
f 5002/5002/5002 5003/5003/5003 5004/5004/5004
f 5004/5004/5004 5005/5005/5005 5002/5002/5002
f 5006/5006/5006 5007/5007/5007 5008/5008/5008
f 5009/5009/5009 5000/5000/5000 4999/4999/4999
f 5007/5007/5007 5010/5010/5010 5008/5008/5008
f 5011/5011/5011 5012/5012/5012 5013/5013/5013
f 5013/5013/5013 5014/5014/5014 5011/5011/5011
f 5012/5012/5012 5011/5011/5011 5015/5015/5015
f 5016/5016/5016 5017/5017/5017 5018/5018/5018
f 5019/5019/5019 5020/5020/5020 5021/5021/5021
f 5020/5020/5020 5019/5019/5019 5022/5022/5022
f 5017/5017/5017 5016/5016/5016 5023/5023/5023
f 5017/5017/5017 5023/5023/5023 5024/5024/5024
f 5025/5025/5025 5022/5022/5022 5019/5019/5019
f 5026/5026/5026 5027/5027/5027 5028/5028/5028
f 5028/5028/5028 5029/5029/5029 5026/5026/5026
f 5030/5030/5030 5031/5031/5031 5032/5032/5032
f 5033/5033/5033 5034/5034/5034 5035/5035/5035
f 5036/5036/5036 5037/5037/5037 5038/5038/5038
f 5039/5039/5039 5040/5040/5040 5041/5041/5041
f 5041/5041/5041 5042/5042/5042 5039/5039/5039
f 5043/5043/5043 5044/5044/5044 5045/5045/5045
f 5046/5046/5046 5047/5047/5047 5048/5048/5048
f 5049/5049/5049 5050/5050/5050 5051/5051/5051
f 5049/5049/5049 5051/5051/5051 5052/5052/5052
f 5036/5036/5036 5053/5053/5053 5037/5037/5037
f 5054/5054/5054 5055/5055/5055 5056/5056/5056
f 5057/5057/5057 5058/5058/5058 5059/5059/5059
f 5057/5057/5057 5059/5059/5059 5060/5060/5060
f 5046/5046/5046 5061/5061/5061 5047/5047/5047
f 5062/5062/5062 5063/5063/5063 5064/5064/5064
f 4729/4729/4729 4728/4728/4728 5065/5065/5065
f 5066/5066/5066 4825/4825/4825 4937/4937/4937
f 5067/5067/5067 5066/5066/5066 4937/4937/4937
f 5068/5068/5068 5067/5067/5067 4937/4937/4937
f 5069/5069/5069 5070/5070/5070 5071/5071/5071
f 5069/5069/5069 5072/5072/5072 5070/5070/5070
f 5073/5073/5073 5074/5074/5074 5075/5075/5075
f 5074/5074/5074 5073/5073/5073 5076/5076/5076
f 5074/5074/5074 5076/5076/5076 5077/5077/5077
f 4770/4770/4770 5078/5078/5078 4772/4772/4772
f 5078/5078/5078 4770/4770/4770 5079/5079/5079
f 5080/5080/5080 5081/5081/5081 5082/5082/5082
f 5082/5082/5082 5083/5083/5083 5080/5080/5080
f 4780/4780/4780 5084/5084/5084 4781/4781/4781
f 5085/5085/5085 5086/5086/5086 5087/5087/5087
f 5087/5087/5087 5088/5088/5088 5085/5085/5085
f 5084/5084/5084 4780/4780/4780 5089/5089/5089
f 5062/5062/5062 5090/5090/5090 5063/5063/5063
f 5091/5091/5091 4728/4728/4728 5092/5092/5092
f 5065/5065/5065 4728/4728/4728 5091/5091/5091
f 5093/5093/5093 5094/5094/5094 5095/5095/5095
f 5095/5095/5095 5096/5096/5096 5093/5093/5093
f 5097/5097/5097 5098/5098/5098 5099/5099/5099
f 5100/5100/5100 5101/5101/5101 5102/5102/5102
f 5103/5103/5103 5104/5104/5104 5105/5105/5105
f 5102/5102/5102 5106/5106/5106 5100/5100/5100
f 5107/5107/5107 5108/5108/5108 5109/5109/5109
f 5109/5109/5109 5110/5110/5110 5107/5107/5107
f 5111/5111/5111 5112/5112/5112 5113/5113/5113
f 5104/5104/5104 5103/5103/5103 5114/5114/5114
f 5115/5115/5115 5099/5099/5099 5098/5098/5098
f 4760/4760/4760 4761/4761/4761 5116/5116/5116
f 5117/5117/5117 5118/5118/5118 5098/5098/5098
f 5098/5098/5098 5118/5118/5118 5115/5115/5115
f 5112/5112/5112 5111/5111/5111 5119/5119/5119
f 5120/5120/5120 5121/5121/5121 5122/5122/5122
f 5123/5123/5123 5124/5124/5124 5125/5125/5125
f 5125/5125/5125 5126/5126/5126 5123/5123/5123
f 5127/5127/5127 5128/5128/5128 5129/5129/5129
f 5130/5130/5130 5131/5131/5131 5132/5132/5132
f 5124/5124/5124 5133/5133/5133 5125/5125/5125
f 5134/5134/5134 5125/5125/5125 5133/5133/5133
f 5135/5135/5135 5095/5095/5095 5094/5094/5094
f 5121/5121/5121 5136/5136/5136 5122/5122/5122
f 4859/4859/4859 4858/4858/4858 5137/5137/5137
f 5138/5138/5138 4923/4923/4923 5139/5139/5139
f 5140/5140/5140 5141/5141/5141 5142/5142/5142
f 5143/5143/5143 4858/4858/4858 5144/5144/5144
f 5145/5145/5145 5146/5146/5146 5147/5147/5147
f 5143/5143/5143 5137/5137/5137 4858/4858/4858
f 5138/5138/5138 4924/4924/4924 4923/4923/4923
f 5148/5148/5148 5149/5149/5149 5150/5150/5150
f 4924/4924/4924 5151/5151/5151 4925/4925/4925
f 5149/5149/5149 5152/5152/5152 5150/5150/5150
f 5153/5153/5153 5150/5150/5150 5152/5152/5152
f 5151/5151/5151 5154/5154/5154 4925/4925/4925
f 5155/5155/5155 5156/5156/5156 5157/5157/5157
f 5158/5158/5158 5159/5159/5159 5066/5066/5066
f 5067/5067/5067 5158/5158/5158 5066/5066/5066
f 5160/5160/5160 5161/5161/5161 5162/5162/5162
f 5163/5163/5163 5164/5164/5164 5165/5165/5165
f 5166/5166/5166 4926/4926/4926 4925/4925/4925
f 5163/5163/5163 5165/5165/5165 5167/5167/5167
f 5159/5159/5159 5158/5158/5158 5168/5168/5168
f 5168/5168/5168 5169/5169/5169 5159/5159/5159
f 5158/5158/5158 5067/5067/5067 5168/5168/5168
f 5170/5170/5170 5171/5171/5171 5172/5172/5172
f 5170/5170/5170 5172/5172/5172 5173/5173/5173
f 5174/5174/5174 5175/5175/5175 5176/5176/5176
f 5095/5095/5095 5135/5135/5135 5174/5174/5174
f 5177/5177/5177 5178/5178/5178 5179/5179/5179
f 5180/5180/5180 5181/5181/5181 5182/5182/5182
f 5183/5183/5183 5184/5184/5184 5185/5185/5185
f 5186/5186/5186 5187/5187/5187 5188/5188/5188
f 5189/5189/5189 5190/5190/5190 5191/5191/5191
f 5192/5192/5192 5193/5193/5193 5190/5190/5190
f 5194/5194/5194 5195/5195/5195 5196/5196/5196
f 5196/5196/5196 5195/5195/5195 5197/5197/5197
f 5198/5198/5198 5193/5193/5193 5192/5192/5192
f 5196/5196/5196 5199/5199/5199 5194/5194/5194
f 5200/5200/5200 5201/5201/5201 5202/5202/5202
f 5191/5191/5191 5190/5190/5190 5193/5193/5193
f 5203/5203/5203 5197/5197/5197 5195/5195/5195
f 1973/1973/1973 5204/5204/5204 1971/1971/1971
f 5205/5205/5205 5206/5206/5206 5207/5207/5207
f 5207/5207/5207 5208/5208/5208 5205/5205/5205
f 5209/5209/5209 5210/5210/5210 5211/5211/5211
f 5212/5212/5212 5213/5213/5213 5214/5214/5214
f 5215/5215/5215 5216/5216/5216 5217/5217/5217
f 5218/5218/5218 5219/5219/5219 5220/5220/5220
f 5217/5217/5217 5221/5221/5221 5215/5215/5215
f 5214/5214/5214 5222/5222/5222 5212/5212/5212
f 5223/5223/5223 5224/5224/5224 5225/5225/5225
f 5226/5226/5226 5204/5204/5204 5210/5210/5210
f 5210/5210/5210 5209/5209/5209 5226/5226/5226
f 5226/5226/5226 1971/1971/1971 5204/5204/5204
f 5206/5206/5206 5205/5205/5205 5227/5227/5227
f 5215/5215/5215 5228/5228/5228 5216/5216/5216
f 5229/5229/5229 5230/5230/5230 5231/5231/5231
f 5232/5232/5232 5233/5233/5233 5234/5234/5234
f 5235/5235/5235 5236/5236/5236 5237/5237/5237
f 5238/5238/5238 5239/5239/5239 5240/5240/5240
f 5236/5236/5236 5235/5235/5235 5241/5241/5241
f 5236/5236/5236 5241/5241/5241 5242/5242/5242
f 5242/5242/5242 5243/5243/5243 5236/5236/5236
f 5244/5244/5244 5231/5231/5231 5245/5245/5245
f 5246/5246/5246 2033/2033/2033 2032/2032/2032
f 4148/4148/4148 5246/5246/5246 2032/2032/2032
f 5247/5247/5247 5248/5248/5248 5249/5249/5249
f 5247/5247/5247 5249/5249/5249 5250/5250/5250
f 5251/5251/5251 5252/5252/5252 5253/5253/5253
f 5253/5253/5253 5254/5254/5254 5251/5251/5251
f 5255/5255/5255 5250/5250/5250 5249/5249/5249
f 5246/5246/5246 4148/4148/4148 5256/5256/5256
f 5250/5250/5250 5255/5255/5255 5257/5257/5257
f 5257/5257/5257 5258/5258/5258 5250/5250/5250
f 5259/5259/5259 2041/2041/2041 2040/2040/2040
f 5254/5254/5254 5253/5253/5253 5260/5260/5260
f 5255/5255/5255 5261/5261/5261 5257/5257/5257
f 4183/4183/4183 5262/5262/5262 4184/4184/4184
f 5230/5230/5230 5263/5263/5263 5264/5264/5264
f 5215/5215/5215 5265/5265/5265 5228/5228/5228
f 5230/5230/5230 5264/5264/5264 5266/5266/5266
f 5266/5266/5266 5231/5231/5231 5230/5230/5230
f 5267/5267/5267 5264/5264/5264 5263/5263/5263
f 5263/5263/5263 5268/5268/5268 5269/5269/5269
f 5263/5263/5263 5269/5269/5269 5270/5270/5270
f 5263/5263/5263 5270/5270/5270 5267/5267/5267
f 5271/5271/5271 5272/5272/5272 5273/5273/5273
f 5274/5274/5274 5275/5275/5275 5276/5276/5276
f 5267/5267/5267 5277/5277/5277 5264/5264/5264
f 5231/5231/5231 5266/5266/5266 5278/5278/5278
f 5231/5231/5231 5278/5278/5278 5279/5279/5279
f 5280/5280/5280 5245/5245/5245 5231/5231/5231
f 5231/5231/5231 5279/5279/5279 5280/5280/5280
f 5281/5281/5281 5282/5282/5282 5283/5283/5283
f 5284/5284/5284 5285/5285/5285 5286/5286/5286
f 5287/5287/5287 5288/5288/5288 5289/5289/5289
f 5290/5290/5290 5291/5291/5291 5292/5292/5292
f 5267/5267/5267 5293/5293/5293 5277/5277/5277
f 5294/5294/5294 5292/5292/5292 5291/5291/5291
f 5293/5293/5293 5267/5267/5267 5295/5295/5295
f 5296/5296/5296 5294/5294/5294 5291/5291/5291
f 5285/5285/5285 5284/5284/5284 5297/5297/5297
f 5285/5285/5285 5297/5297/5297 5298/5298/5298
f 4225/4225/4225 4224/4224/4224 5299/5299/5299
f 5300/5300/5300 5301/5301/5301 5302/5302/5302
f 4350/4350/4350 4349/4349/4349 5303/5303/5303
f 5304/5304/5304 5299/5299/5299 4224/4224/4224
f 5305/5305/5305 5267/5267/5267 5270/5270/5270
f 5306/5306/5306 5307/5307/5307 5308/5308/5308
f 5301/5301/5301 5300/5300/5300 5309/5309/5309
f 5310/5310/5310 5311/5311/5311 5312/5312/5312
f 5313/5313/5313 5314/5314/5314 5315/5315/5315
f 5316/5316/5316 5295/5295/5295 5267/5267/5267
f 5317/5317/5317 5316/5316/5316 5267/5267/5267
f 5318/5318/5318 5319/5319/5319 5320/5320/5320
f 5313/5313/5313 5315/5315/5315 5321/5321/5321
f 5322/5322/5322 5323/5323/5323 5324/5324/5324
f 5324/5324/5324 5325/5325/5325 5322/5322/5322
f 5294/5294/5294 5296/5296/5296 5326/5326/5326
f 5294/5294/5294 5326/5326/5326 5327/5327/5327
f 5297/5297/5297 5328/5328/5328 5298/5298/5298
f 5329/5329/5329 5330/5330/5330 5331/5331/5331
f 5332/5332/5332 5333/5333/5333 5334/5334/5334
f 5331/5331/5331 5335/5335/5335 5329/5329/5329
f 5336/5336/5336 5298/5298/5298 5328/5328/5328
f 5328/5328/5328 5337/5337/5337 5336/5336/5336
f 5319/5319/5319 5318/5318/5318 5338/5338/5338
f 5339/5339/5339 5340/5340/5340 5341/5341/5341
f 5341/5341/5341 5342/5342/5342 5339/5339/5339
f 5322/5322/5322 5343/5343/5343 5323/5323/5323
f 5344/5344/5344 5338/5338/5338 5318/5318/5318
f 5345/5345/5345 5346/5346/5346 5347/5347/5347
f 5348/5348/5348 5349/5349/5349 5350/5350/5350
f 5351/5351/5351 5345/5345/5345 5347/5347/5347
f 5352/5352/5352 5353/5353/5353 5354/5354/5354
f 5347/5347/5347 5355/5355/5355 5351/5351/5351
f 5356/5356/5356 5352/5352/5352 5354/5354/5354
f 5354/5354/5354 5357/5357/5357 5356/5356/5356
f 5358/5358/5358 5359/5359/5359 5360/5360/5360
f 5361/5361/5361 5362/5362/5362 5363/5363/5363
f 5241/5241/5241 5364/5364/5364 5365/5365/5365
f 5366/5366/5366 5242/5242/5242 5241/5241/5241
f 5365/5365/5365 5366/5366/5366 5241/5241/5241
f 5360/5360/5360 5359/5359/5359 5367/5367/5367
f 5368/5368/5368 5360/5360/5360 5367/5367/5367
f 5369/5369/5369 5370/5370/5370 5371/5371/5371
f 5369/5369/5369 5371/5371/5371 5372/5372/5372
f 5373/5373/5373 5374/5374/5374 5375/5375/5375
f 5376/5376/5376 5377/5377/5377 5378/5378/5378
f 5379/5379/5379 5376/5376/5376 5378/5378/5378
f 5380/5380/5380 5379/5379/5379 5378/5378/5378
f 5369/5369/5369 5372/5372/5372 5381/5381/5381
f 5382/5382/5382 5383/5383/5383 5346/5346/5346
f 5349/5349/5349 5384/5384/5384 5385/5385/5385
f 5346/5346/5346 5345/5345/5345 5382/5382/5382
f 5386/5386/5386 5350/5350/5350 5349/5349/5349
f 5385/5385/5385 5386/5386/5386 5349/5349/5349
f 5360/5360/5360 5368/5368/5368 5387/5387/5387
f 5388/5388/5388 5389/5389/5389 5390/5390/5390
f 5390/5390/5390 5391/5391/5391 5388/5388/5388
f 5392/5392/5392 2274/2274/2274 2277/2277/2277
f 2376/2376/2376 5393/5393/5393 2377/2377/2377
f 5394/5394/5394 2279/2279/2279 2278/2278/2278
f 5392/5392/5392 5395/5395/5395 2274/2274/2274
f 2279/2279/2279 5394/5394/5394 2348/2348/2348
f 5396/5396/5396 2348/2348/2348 5394/5394/5394
f 5397/5397/5397 5398/5398/5398 5399/5399/5399
f 5399/5399/5399 5400/5400/5400 5397/5397/5397
f 2338/2338/2338 2328/2328/2328 5401/5401/5401
f 2338/2338/2338 5401/5401/5401 5402/5402/5402
f 2338/2338/2338 5402/5402/5402 5403/5403/5403
f 5404/5404/5404 5405/5405/5405 5406/5406/5406
f 5407/5407/5407 2353/2353/2353 2342/2342/2342
f 2342/2342/2342 5408/5408/5408 5407/5407/5407
f 5409/5409/5409 5410/5410/5410 5411/5411/5411
f 5411/5411/5411 5412/5412/5412 5409/5409/5409
f 5413/5413/5413 5414/5414/5414 5415/5415/5415
f 5416/5416/5416 5413/5413/5413 5415/5415/5415
f 2336/2336/2336 2373/2373/2373 5417/5417/5417
f 5414/5414/5414 5413/5413/5413 5418/5418/5418
f 5419/5419/5419 5417/5417/5417 2373/2373/2373
f 5420/5420/5420 5421/5421/5421 5422/5422/5422
f 5413/5413/5413 5416/5416/5416 5423/5423/5423
f 5424/5424/5424 5425/5425/5425 5426/5426/5426
f 5422/5422/5422 5427/5427/5427 5420/5420/5420
f 5428/5428/5428 5429/5429/5429 5430/5430/5430
f 5429/5429/5429 5428/5428/5428 5431/5431/5431
f 5432/5432/5432 5433/5433/5433 5429/5429/5429
f 5431/5431/5431 5432/5432/5432 5429/5429/5429
f 5420/5420/5420 5434/5434/5434 5421/5421/5421
f 5435/5435/5435 5407/5407/5407 5408/5408/5408
f 5436/5436/5436 5409/5409/5409 5412/5412/5412
f 5437/5437/5437 5438/5438/5438 5439/5439/5439
f 2376/2376/2376 5440/5440/5440 5393/5393/5393
f 5400/5400/5400 5441/5441/5441 5397/5397/5397
f 5440/5440/5440 2376/2376/2376 5442/5442/5442
f 5440/5440/5440 5442/5442/5442 5443/5443/5443
f 5444/5444/5444 5445/5445/5445 5446/5446/5446
f 5447/5447/5447 5444/5444/5444 5446/5446/5446
f 2698/2698/2698 5442/5442/5442 2376/2376/2376
f 5448/5448/5448 5443/5443/5443 5442/5442/5442
f 5442/5442/5442 2698/2698/2698 5448/5448/5448
f 5449/5449/5449 5450/5450/5450 5451/5451/5451
f 5450/5450/5450 5449/5449/5449 5452/5452/5452
f 5452/5452/5452 5453/5453/5453 5450/5450/5450
f 5454/5454/5454 5452/5452/5452 5449/5449/5449
f 5455/5455/5455 5456/5456/5456 5457/5457/5457
f 5457/5457/5457 5458/5458/5458 5455/5455/5455
f 5453/5453/5453 5452/5452/5452 5454/5454/5454
f 5459/5459/5459 5460/5460/5460 5461/5461/5461
f 5462/5462/5462 5463/5463/5463 5464/5464/5464
f 5465/5465/5465 5462/5462/5462 5464/5464/5464
f 5466/5466/5466 5467/5467/5467 5468/5468/5468
f 5456/5456/5456 5455/5455/5455 5469/5469/5469
f 5470/5470/5470 5461/5461/5461 5460/5460/5460
f 5471/5471/5471 5470/5470/5470 5460/5460/5460
f 5472/5472/5472 5455/5455/5455 5458/5458/5458
f 5473/5473/5473 5469/5469/5469 5455/5455/5455
f 5455/5455/5455 5472/5472/5472 5473/5473/5473
f 5474/5474/5474 2552/2552/2552 2551/2551/2551
f 5475/5475/5475 2552/2552/2552 5474/5474/5474
f 5476/5476/5476 2575/2575/2575 2574/2574/2574
f 5476/5476/5476 2574/2574/2574 5477/5477/5477
f 5478/5478/5478 5479/5479/5479 5480/5480/5480
f 5478/5478/5478 5480/5480/5480 5481/5481/5481
f 5482/5482/5482 5483/5483/5483 5484/5484/5484
f 2552/2552/2552 5475/5475/5475 5485/5485/5485
f 5432/5432/5432 5486/5486/5486 5433/5433/5433
f 5487/5487/5487 5477/5477/5477 2574/2574/2574
f 5488/5488/5488 5489/5489/5489 5490/5490/5490
f 5488/5488/5488 5490/5490/5490 5491/5491/5491
f 5488/5488/5488 5491/5491/5491 5492/5492/5492
f 5493/5493/5493 5434/5434/5434 5420/5420/5420
f 5493/5493/5493 5420/5420/5420 5494/5494/5494
f 5493/5493/5493 5494/5494/5494 5495/5495/5495
f 5496/5496/5496 5497/5497/5497 5498/5498/5498
f 5499/5499/5499 5494/5494/5494 5420/5420/5420
f 5500/5500/5500 5501/5501/5501 5502/5502/5502
f 5503/5503/5503 5504/5504/5504 5505/5505/5505
f 5494/5494/5494 5499/5499/5499 5506/5506/5506
f 5500/5500/5500 5507/5507/5507 5501/5501/5501
f 5500/5500/5500 5508/5508/5508 5507/5507/5507
f 5509/5509/5509 5492/5492/5492 5491/5491/5491
f 5510/5510/5510 5511/5511/5511 5512/5512/5512
f 5513/5513/5513 5514/5514/5514 5515/5515/5515
f 5482/5482/5482 5516/5516/5516 5483/5483/5483
f 2581/2581/2581 5517/5517/5517 5518/5518/5518
f 2581/2581/2581 5518/5518/5518 2580/2580/2580
f 5519/5519/5519 5520/5520/5520 5521/5521/5521
f 5517/5517/5517 5522/5522/5522 5523/5523/5523
f 5517/5517/5517 5523/5523/5523 5518/5518/5518
f 5524/5524/5524 5481/5481/5481 5480/5480/5480
f 5525/5525/5525 5512/5512/5512 5511/5511/5511
f 5504/5504/5504 5503/5503/5503 5526/5526/5526
f 5526/5526/5526 5527/5527/5527 5504/5504/5504
f 5528/5528/5528 5515/5515/5515 5514/5514/5514
f 5529/5529/5529 5530/5530/5530 5531/5531/5531
f 5532/5532/5532 5533/5533/5533 5534/5534/5534
f 5524/5524/5524 5535/5535/5535 5481/5481/5481
f 5481/5481/5481 5535/5535/5535 5536/5536/5536
f 5537/5537/5537 5538/5538/5538 5539/5539/5539
f 5540/5540/5540 5541/5541/5541 5542/5542/5542
f 5543/5543/5543 5536/5536/5536 5535/5535/5535
f 5544/5544/5544 5545/5545/5545 5546/5546/5546
f 5547/5547/5547 5548/5548/5548 5549/5549/5549
f 5550/5550/5550 5551/5551/5551 5552/5552/5552
f 5553/5553/5553 5550/5550/5550 5552/5552/5552
f 5549/5549/5549 5554/5554/5554 5547/5547/5547
f 5520/5520/5520 5555/5555/5555 5521/5521/5521
f 5556/5556/5556 5557/5557/5557 5558/5558/5558
f 5559/5559/5559 5560/5560/5560 5561/5561/5561
f 5562/5562/5562 5563/5563/5563 5564/5564/5564
f 5550/5550/5550 5553/5553/5553 5565/5565/5565
f 5523/5523/5523 5566/5566/5566 5567/5567/5567
f 5568/5568/5568 5518/5518/5518 5523/5523/5523
f 5567/5567/5567 5568/5568/5568 5523/5523/5523
f 5569/5569/5569 5570/5570/5570 5571/5571/5571
f 5554/5554/5554 5549/5549/5549 5572/5572/5572
f 5554/5554/5554 5572/5572/5572 5573/5573/5573
f 5570/5570/5570 5569/5569/5569 5574/5574/5574
f 5575/5575/5575 5576/5576/5576 5577/5577/5577
f 5532/5532/5532 5578/5578/5578 5533/5533/5533
f 5579/5579/5579 5573/5573/5573 5572/5572/5572
f 5578/5578/5578 5532/5532/5532 5580/5580/5580
f 5572/5572/5572 5581/5581/5581 5579/5579/5579
f 5582/5582/5582 5574/5574/5574 5569/5569/5569
f 5573/5573/5573 5579/5579/5579 5583/5583/5583
f 5584/5584/5584 5577/5577/5577 5576/5576/5576
f 5582/5582/5582 5585/5585/5585 5574/5574/5574
f 5586/5586/5586 2580/2580/2580 5518/5518/5518
f 5587/5587/5587 5588/5588/5588 5589/5589/5589
f 5590/5590/5590 5591/5591/5591 5592/5592/5592
f 5586/5586/5586 5593/5593/5593 2580/2580/2580
f 2610/2610/2610 5594/5594/5594 5595/5595/5595
f 2610/2610/2610 5595/5595/5595 2660/2660/2660
f 5596/5596/5596 5597/5597/5597 5598/5598/5598
f 5599/5599/5599 5596/5596/5596 5598/5598/5598
f 5597/5597/5597 5596/5596/5596 5600/5600/5600
f 5591/5591/5591 5601/5601/5601 5592/5592/5592
f 5602/5602/5602 5600/5600/5600 5596/5596/5596
f 5596/5596/5596 5599/5599/5599 5602/5602/5602
f 5592/5592/5592 5601/5601/5601 5603/5603/5603
f 5603/5603/5603 5601/5601/5601 5604/5604/5604
f 5605/5605/5605 5606/5606/5606 5607/5607/5607
f 5603/5603/5603 5604/5604/5604 5608/5608/5608
f 5600/5600/5600 5602/5602/5602 5609/5609/5609
f 5585/5585/5585 5610/5610/5610 5611/5611/5611
f 5610/5610/5610 5585/5585/5585 5612/5612/5612
f 5613/5613/5613 5609/5609/5609 5602/5602/5602
f 5614/5614/5614 5506/5506/5506 5499/5499/5499
f 5615/5615/5615 5614/5614/5614 5499/5499/5499
f 5499/5499/5499 5616/5616/5616 5615/5615/5615
f 5614/5614/5614 5615/5615/5615 5617/5617/5617
f 5470/5470/5470 5618/5618/5618 5461/5461/5461
f 5617/5617/5617 5615/5615/5615 5616/5616/5616
f 5619/5619/5619 5620/5620/5620 5621/5621/5621
f 5622/5622/5622 5619/5619/5619 5621/5621/5621
f 5623/5623/5623 5624/5624/5624 5625/5625/5625
f 5585/5585/5585 5582/5582/5582 5612/5612/5612
f 5626/5626/5626 5612/5612/5612 5582/5582/5582
f 5627/5627/5627 5626/5626/5626 5582/5582/5582
f 5619/5619/5619 5622/5622/5622 5628/5628/5628
f 5619/5619/5619 5628/5628/5628 5629/5629/5629
f 5630/5630/5630 5631/5631/5631 5632/5632/5632
f 5633/5633/5633 5634/5634/5634 5635/5635/5635
f 5632/5632/5632 5636/5636/5636 5630/5630/5630
f 5637/5637/5637 5638/5638/5638 5639/5639/5639
f 5637/5637/5637 5639/5639/5639 5640/5640/5640
f 5641/5641/5641 5642/5642/5642 5643/5643/5643
f 5643/5643/5643 5644/5644/5644 5641/5641/5641
f 5606/5606/5606 5605/5605/5605 5645/5645/5645
f 5595/5595/5595 5646/5646/5646 2660/2660/2660
f 5647/5647/5647 5648/5648/5648 5649/5649/5649
f 5650/5650/5650 5643/5643/5643 5642/5642/5642
f 5651/5651/5651 5608/5608/5608 5604/5604/5604
f 5652/5652/5652 5653/5653/5653 5654/5654/5654
f 5655/5655/5655 5649/5649/5649 5648/5648/5648
f 5656/5656/5656 5657/5657/5657 5658/5658/5658
f 5659/5659/5659 5660/5660/5660 5626/5626/5626
f 5626/5626/5626 5627/5627/5627 5659/5659/5659
f 5661/5661/5661 5662/5662/5662 5663/5663/5663
f 5664/5664/5664 5663/5663/5663 5662/5662/5662
f 5662/5662/5662 5665/5665/5665 5664/5664/5664
f 5666/5666/5666 5664/5664/5664 5665/5665/5665
f 5667/5667/5667 5657/5657/5657 5656/5656/5656
f 5660/5660/5660 5659/5659/5659 5668/5668/5668
f 5669/5669/5669 5625/5625/5625 5624/5624/5624
f 5470/5470/5470 5471/5471/5471 5670/5670/5670
f 5625/5625/5625 5669/5669/5669 5671/5671/5671
f 5672/5672/5672 5673/5673/5673 5674/5674/5674
f 5469/5469/5469 5473/5473/5473 5675/5675/5675
f 5676/5676/5676 5671/5671/5671 5669/5669/5669
f 5677/5677/5677 5629/5629/5629 5628/5628/5628
f 5678/5678/5678 5659/5659/5659 5627/5627/5627
f 5679/5679/5679 5680/5680/5680 5681/5681/5681
f 2704/2704/2704 2702/2702/2702 5682/5682/5682
f 5683/5683/5683 5681/5681/5681 5680/5680/5680
f 5684/5684/5684 5683/5683/5683 5680/5680/5680
f 2704/2704/2704 5682/5682/5682 5685/5685/5685
f 5675/5675/5675 5473/5473/5473 5472/5472/5472
f 5681/5681/5681 5683/5683/5683 5686/5686/5686
f 5687/5687/5687 5686/5686/5686 5683/5683/5683
f 5683/5683/5683 5684/5684/5684 5688/5688/5688
f 5683/5683/5683 5688/5688/5688 5687/5687/5687
f 5689/5689/5689 5668/5668/5668 5659/5659/5659
f 5678/5678/5678 5689/5689/5689 5659/5659/5659
f 5678/5678/5678 5690/5690/5690 5689/5689/5689
f 2780/2780/2780 5691/5691/5691 5692/5692/5692
f 5692/5692/5692 5693/5693/5693 2780/2780/2780
f 2780/2780/2780 5693/5693/5693 5694/5694/5694
f 5695/5695/5695 2781/2781/2781 2780/2780/2780
f 5696/5696/5696 5695/5695/5695 2780/2780/2780
f 5694/5694/5694 5696/5696/5696 2780/2780/2780
f 5697/5697/5697 5698/5698/5698 5699/5699/5699
f 5700/5700/5700 5701/5701/5701 5702/5702/5702
f 5703/5703/5703 5704/5704/5704 5705/5705/5705
f 5706/5706/5706 5699/5699/5699 5698/5698/5698
f 5701/5701/5701 5700/5700/5700 5707/5707/5707
f 5693/5693/5693 5692/5692/5692 5708/5708/5708
f 5693/5693/5693 5708/5708/5708 5709/5709/5709
f 5709/5709/5709 5694/5694/5694 5693/5693/5693
f 5699/5699/5699 5706/5706/5706 5710/5710/5710
f 5711/5711/5711 5707/5707/5707 5700/5700/5700
f 5712/5712/5712 5713/5713/5713 5714/5714/5714
f 5706/5706/5706 5715/5715/5715 5710/5710/5710
f 5716/5716/5716 5717/5717/5717 5718/5718/5718
f 5719/5719/5719 5710/5710/5710 5715/5715/5715
f 5720/5720/5720 5721/5721/5721 5722/5722/5722
f 5723/5723/5723 5724/5724/5724 5725/5725/5725
f 5726/5726/5726 5727/5727/5727 5728/5728/5728
f 5729/5729/5729 5727/5727/5727 5726/5726/5726
f 5730/5730/5730 5684/5684/5684 5731/5731/5731
f 5732/5732/5732 5733/5733/5733 5734/5734/5734
f 5684/5684/5684 5730/5730/5730 5688/5688/5688
f 5373/5373/5373 5735/5735/5735 5374/5374/5374
f 5730/5730/5730 5736/5736/5736 5688/5688/5688
f 5377/5377/5377 5737/5737/5737 5738/5738/5738
f 5376/5376/5376 5737/5737/5737 5377/5377/5377
f 5739/5739/5739 5740/5740/5740 5741/5741/5741
f 5742/5742/5742 5743/5743/5743 5744/5744/5744
f 5745/5745/5745 5746/5746/5746 5747/5747/5747
f 5748/5748/5748 5749/5749/5749 5750/5750/5750
f 5751/5751/5751 5752/5752/5752 5753/5753/5753
f 5751/5751/5751 5753/5753/5753 5754/5754/5754
f 5755/5755/5755 5756/5756/5756 5757/5757/5757
f 5758/5758/5758 5741/5741/5741 5740/5740/5740
f 5743/5743/5743 5742/5742/5742 5759/5759/5759
f 5760/5760/5760 5761/5761/5761 5762/5762/5762
f 5745/5745/5745 5708/5708/5708 5746/5746/5746
f 5763/5763/5763 5764/5764/5764 5765/5765/5765
f 5766/5766/5766 5767/5767/5767 5768/5768/5768
f 5769/5769/5769 5770/5770/5770 5771/5771/5771
f 5768/5768/5768 5772/5772/5772 5766/5766/5766
f 5773/5773/5773 5774/5774/5774 5775/5775/5775
f 5776/5776/5776 5777/5777/5777 5778/5778/5778
f 5779/5779/5779 5780/5780/5780 5781/5781/5781
f 5380/5380/5380 5782/5782/5782 5379/5379/5379
f 5783/5783/5783 5784/5784/5784 5785/5785/5785
f 5774/5774/5774 5773/5773/5773 5786/5786/5786
f 5773/5773/5773 5787/5787/5787 5786/5786/5786
f 5788/5788/5788 5789/5789/5789 5777/5777/5777
f 5777/5777/5777 5776/5776/5776 5790/5790/5790
f 5777/5777/5777 5790/5790/5790 5788/5788/5788
f 5791/5791/5791 5786/5786/5786 5787/5787/5787
f 5792/5792/5792 5793/5793/5793 5794/5794/5794
f 5795/5795/5795 5754/5754/5754 5753/5753/5753
f 5786/5786/5786 5791/5791/5791 5796/5796/5796
f 5786/5786/5786 5796/5796/5796 5797/5797/5797
f 5798/5798/5798 5795/5795/5795 5753/5753/5753
f 5799/5799/5799 5800/5800/5800 5801/5801/5801
f 5802/5802/5802 5803/5803/5803 5804/5804/5804
f 5800/5800/5800 5799/5799/5799 5805/5805/5805
f 5806/5806/5806 5807/5807/5807 5808/5808/5808
f 5809/5809/5809 5810/5810/5810 5811/5811/5811
f 5811/5811/5811 5812/5812/5812 5809/5809/5809
f 5813/5813/5813 5808/5808/5808 5807/5807/5807
f 5814/5814/5814 5804/5804/5804 5803/5803/5803
f 5815/5815/5815 5816/5816/5816 5817/5817/5817
f 5817/5817/5817 5818/5818/5818 5815/5815/5815
f 5819/5819/5819 5820/5820/5820 5821/5821/5821
f 5822/5822/5822 5823/5823/5823 5824/5824/5824
f 5825/5825/5825 5826/5826/5826 5827/5827/5827
f 5828/5828/5828 5829/5829/5829 5830/5830/5830
f 5831/5831/5831 5832/5832/5832 5833/5833/5833
f 5834/5834/5834 5835/5835/5835 5836/5836/5836
f 5821/5821/5821 5820/5820/5820 5837/5837/5837
f 5833/5833/5833 5838/5838/5838 5831/5831/5831
f 5827/5827/5827 5826/5826/5826 5834/5834/5834
f 5839/5839/5839 5827/5827/5827 5834/5834/5834
f 5836/5836/5836 5839/5839/5839 5834/5834/5834
f 5832/5832/5832 5831/5831/5831 5840/5840/5840
f 5823/5823/5823 5822/5822/5822 5841/5841/5841
f 5708/5708/5708 5745/5745/5745 5842/5842/5842
f 5708/5708/5708 5842/5842/5842 5709/5709/5709
f 5843/5843/5843 5842/5842/5842 5745/5745/5745
f 5844/5844/5844 5845/5845/5845 5846/5846/5846
f 5847/5847/5847 5848/5848/5848 5849/5849/5849
f 5850/5850/5850 5851/5851/5851 5852/5852/5852
f 5852/5852/5852 5853/5853/5853 5850/5850/5850
f 5854/5854/5854 5855/5855/5855 5856/5856/5856
f 5857/5857/5857 5858/5858/5858 5859/5859/5859
f 5860/5860/5860 5861/5861/5861 5862/5862/5862
f 5863/5863/5863 5864/5864/5864 5865/5865/5865
f 5866/5866/5866 5860/5860/5860 5862/5862/5862
f 5865/5865/5865 5864/5864/5864 5867/5867/5867
f 5867/5867/5867 5864/5864/5864 5868/5868/5868
f 5869/5869/5869 5860/5860/5860 5866/5866/5866
f 5870/5870/5870 5871/5871/5871 5872/5872/5872
f 5861/5861/5861 5860/5860/5860 5873/5873/5873
f 5793/5793/5793 5792/5792/5792 5874/5874/5874
f 5793/5793/5793 5874/5874/5874 5875/5875/5875
f 5875/5875/5875 5876/5876/5876 5793/5793/5793
f 5877/5877/5877 5878/5878/5878 5879/5879/5879
f 5880/5880/5880 5881/5881/5881 5882/5882/5882
f 5883/5883/5883 5884/5884/5884 5885/5885/5885
f 5886/5886/5886 5887/5887/5887 5888/5888/5888
f 5889/5889/5889 5882/5882/5882 5881/5881/5881
f 5809/5809/5809 5812/5812/5812 5890/5890/5890
f 5884/5884/5884 5883/5883/5883 5891/5891/5891
f 5892/5892/5892 5808/5808/5808 5813/5813/5813
f 5353/5353/5353 5352/5352/5352 5893/5893/5893
f 5894/5894/5894 5895/5895/5895 5896/5896/5896
f 5897/5897/5897 5895/5895/5895 5894/5894/5894
f 5898/5898/5898 5899/5899/5899 5900/5900/5900
f 5898/5898/5898 5900/5900/5900 5391/5391/5391
f 5901/5901/5901 5902/5902/5902 5903/5903/5903
f 5904/5904/5904 5905/5905/5905 5906/5906/5906
f 5907/5907/5907 5908/5908/5908 5909/5909/5909
f 4919/4919/4919 4918/4918/4918 5910/5910/5910
f 5911/5911/5911 5912/5912/5912 5913/5913/5913
f 5914/5914/5914 4903/4903/4903 4920/4920/4920
f 5913/5913/5913 5915/5915/5915 5911/5911/5911
f 5916/5916/5916 4921/4921/4921 4927/4927/4927
f 5917/5917/5917 5918/5918/5918 5919/5919/5919
f 4926/4926/4926 5920/5920/5920 4928/4928/4928
f 5919/5919/5919 5921/5921/5921 5917/5917/5917
f 5922/5922/5922 5923/5923/5923 5924/5924/5924
f 5925/5925/5925 5922/5922/5922 5924/5924/5924
f 5926/5926/5926 5903/5903/5903 5902/5902/5902
f 5927/5927/5927 5928/5928/5928 5929/5929/5929
f 5930/5930/5930 5931/5931/5931 5932/5932/5932
f 5903/5903/5903 5926/5926/5926 5933/5933/5933
f 5934/5934/5934 5929/5929/5929 5928/5928/5928
f 5929/5929/5929 5934/5934/5934 5935/5935/5935
f 5936/5936/5936 5933/5933/5933 5926/5926/5926
f 5929/5929/5929 5935/5935/5935 5937/5937/5937
f 5938/5938/5938 5939/5939/5939 5940/5940/5940
f 5941/5941/5941 5942/5942/5942 5943/5943/5943
f 5944/5944/5944 5945/5945/5945 5946/5946/5946
f 5947/5947/5947 5948/5948/5948 5949/5949/5949
f 5947/5947/5947 5949/5949/5949 5950/5950/5950
f 5941/5941/5941 5951/5951/5951 5942/5942/5942
f 5952/5952/5952 5953/5953/5953 5954/5954/5954
f 5900/5900/5900 5955/5955/5955 5956/5956/5956
f 5957/5957/5957 5391/5391/5391 5900/5900/5900
f 5900/5900/5900 5958/5958/5958 5957/5957/5957
f 5956/5956/5956 5958/5958/5958 5900/5900/5900
f 5959/5959/5959 5960/5960/5960 5961/5961/5961
f 5962/5962/5962 5949/5949/5949 5948/5948/5948
f 5948/5948/5948 5922/5922/5922 5962/5962/5962
f 5963/5963/5963 5964/5964/5964 5965/5965/5965
f 5925/5925/5925 5962/5962/5962 5922/5922/5922
f 5966/5966/5966 5967/5967/5967 5968/5968/5968
f 5925/5925/5925 5969/5969/5969 5962/5962/5962
f 5925/5925/5925 5970/5970/5970 5969/5969/5969
f 5971/5971/5971 5972/5972/5972 5973/5973/5973
f 5974/5974/5974 5917/5917/5917 5921/5921/5921
f 5957/5957/5957 5388/5388/5388 5391/5391/5391
f 5975/5975/5975 5381/5381/5381 5372/5372/5372
f 5976/5976/5976 5977/5977/5977 5978/5978/5978
f 5979/5979/5979 5980/5980/5980 5981/5981/5981
f 5981/5981/5981 5982/5982/5982 5979/5979/5979
f 5983/5983/5983 5978/5978/5978 5977/5977/5977
f 5984/5984/5984 5983/5983/5983 5977/5977/5977
f 5985/5985/5985 5986/5986/5986 5987/5987/5987
f 5988/5988/5988 5981/5981/5981 5980/5980/5980
f 5989/5989/5989 5988/5988/5988 5980/5980/5980
f 5990/5990/5990 5991/5991/5991 5992/5992/5992
f 5990/5990/5990 5992/5992/5992 5993/5993/5993
f 5986/5986/5986 5994/5994/5994 5987/5987/5987
f 5995/5995/5995 5996/5996/5996 5997/5997/5997
f 5998/5998/5998 5999/5999/5999 6000/6000/6000
f 6000/6000/6000 6001/6001/6001 5998/5998/5998
f 6002/6002/6002 6003/6003/6003 6004/6004/6004
f 5996/5996/5996 5995/5995/5995 6005/6005/6005
f 5996/5996/5996 6005/6005/6005 6006/6006/6006
f 6007/6007/6007 6008/6008/6008 6009/6009/6009
f 6009/6009/6009 6010/6010/6010 6007/6007/6007
f 6001/6001/6001 6000/6000/6000 6011/6011/6011
f 6012/6012/6012 6004/6004/6004 6003/6003/6003
f 6001/6001/6001 6011/6011/6011 6013/6013/6013
f 6007/6007/6007 6014/6014/6014 6008/6008/6008
f 6015/6015/6015 6016/6016/6016 6017/6017/6017
f 6018/6018/6018 6005/6005/6005 5995/5995/5995
f 6019/6019/6019 6020/6020/6020 6021/6021/6021
f 6022/6022/6022 6023/6023/6023 6024/6024/6024
f 6025/6025/6025 6026/6026/6026 6019/6019/6019
f 6027/6027/6027 6025/6025/6025 6019/6019/6019
f 6021/6021/6021 6027/6027/6027 6019/6019/6019
f 6028/6028/6028 6029/6029/6029 6030/6030/6030
f 6031/6031/6031 6032/6032/6032 6033/6033/6033
f 6030/6030/6030 6034/6034/6034 6028/6028/6028
f 5174/5174/5174 6035/6035/6035 5175/5175/5175
f 5175/5175/5175 6035/6035/6035 6036/6036/6036
f 5175/5175/5175 6036/6036/6036 6037/6037/6037
f 6038/6038/6038 6030/6030/6030 6029/6029/6029
f 6039/6039/6039 6021/6021/6021 6020/6020/6020
f 6040/6040/6040 6041/6041/6041 6042/6042/6042
f 6020/6020/6020 6043/6043/6043 6039/6039/6039
f 6044/6044/6044 6045/6045/6045 6046/6046/6046
f 6046/6046/6046 6047/6047/6047 6044/6044/6044
f 6048/6048/6048 5781/5781/5781 5780/5780/5780
f 6049/6049/6049 6048/6048/6048 5780/5780/5780
f 5776/5776/5776 6050/6050/6050 5790/5790/5790
f 6051/6051/6051 6052/6052/6052 6053/6053/6053
f 6048/6048/6048 6049/6049/6049 6054/6054/6054
f 6055/6055/6055 5792/5792/5792 6056/6056/6056
f 6057/6057/6057 6058/6058/6058 6059/6059/6059
f 6060/6060/6060 6061/6061/6061 6062/6062/6062
f 5792/5792/5792 6055/6055/6055 5874/5874/5874
f 6063/6063/6063 6064/6064/6064 6065/6065/6065
f 6066/6066/6066 6067/6067/6067 6068/6068/6068
f 6069/6069/6069 6070/6070/6070 6071/6071/6071
f 6072/6072/6072 6065/6065/6065 6064/6064/6064
f 6067/6067/6067 6066/6066/6066 6073/6073/6073
f 6074/6074/6074 6075/6075/6075 6076/6076/6076
f 6077/6077/6077 6071/6071/6071 6070/6070/6070
f 6078/6078/6078 6079/6079/6079 6080/6080/6080
f 6081/6081/6081 6082/6082/6082 6083/6083/6083
f 6083/6083/6083 6084/6084/6084 6081/6081/6081
f 6085/6085/6085 6086/6086/6086 6087/6087/6087
f 6088/6088/6088 6089/6089/6089 6090/6090/6090
f 6087/6087/6087 6086/6086/6086 6091/6091/6091
f 6091/6091/6091 6092/6092/6092 6087/6087/6087
f 6089/6089/6089 6088/6088/6088 6093/6093/6093
f 6094/6094/6094 6095/6095/6095 6096/6096/6096
f 6079/6079/6079 6097/6097/6097 6080/6080/6080
f 6098/6098/6098 6094/6094/6094 6096/6096/6096
f 6097/6097/6097 6099/6099/6099 6080/6080/6080
f 6061/6061/6061 6060/6060/6060 6100/6100/6100
f 6101/6101/6101 6102/6102/6102 6103/6103/6103
f 6093/6093/6093 6088/6088/6088 6104/6104/6104
f 6104/6104/6104 6105/6105/6105 6093/6093/6093
f 6091/6091/6091 6106/6106/6106 6092/6092/6092
f 6107/6107/6107 6108/6108/6108 6109/6109/6109
f 6109/6109/6109 6110/6110/6110 6107/6107/6107
f 6111/6111/6111 6054/6054/6054 6049/6049/6049
f 5875/5875/5875 5874/5874/5874 6055/6055/6055
f 6112/6112/6112 6113/6113/6113 6114/6114/6114
f 6115/6115/6115 6112/6112/6112 6114/6114/6114
f 3783/3783/3783 3779/3779/3779 6116/6116/6116
f 3784/3784/3784 6117/6117/6117 6118/6118/6118
f 3784/3784/3784 6118/6118/6118 3782/3782/3782
f 3779/3779/3779 6119/6119/6119 6116/6116/6116
f 6120/6120/6120 6119/6119/6119 3779/3779/3779
f 3777/3777/3777 6120/6120/6120 3779/3779/3779
f 6121/6121/6121 6116/6116/6116 6119/6119/6119
f 6119/6119/6119 6120/6120/6120 6122/6122/6122
f 6123/6123/6123 6121/6121/6121 6119/6119/6119
f 6122/6122/6122 6123/6123/6123 6119/6119/6119
f 6124/6124/6124 6118/6118/6118 6117/6117/6117
f 6117/6117/6117 6125/6125/6125 6124/6124/6124
f 3795/3795/3795 6126/6126/6126 3791/3791/3791
f 6127/6127/6127 6120/6120/6120 3794/3794/3794
f 3794/3794/3794 3668/3668/3668 6128/6128/6128
f 3794/3794/3794 6128/6128/6128 6127/6127/6127
f 6127/6127/6127 6122/6122/6122 6120/6120/6120
f 3668/3668/3668 3667/3667/3667 6129/6129/6129
f 6129/6129/6129 6128/6128/6128 3668/3668/3668
f 3667/3667/3667 3662/3662/3662 6130/6130/6130
f 3667/3667/3667 6130/6130/6130 6129/6129/6129
f 6131/6131/6131 3669/3669/3669 3640/3640/3640
f 6132/6132/6132 6131/6131/6131 3640/3640/3640
f 6133/6133/6133 4085/4085/4085 6134/6134/6134
f 6135/6135/6135 6136/6136/6136 6137/6137/6137
f 6138/6138/6138 6139/6139/6139 6140/6140/6140
f 6141/6141/6141 6142/6142/6142 6143/6143/6143
f 6141/6141/6141 6143/6143/6143 6144/6144/6144
f 6145/6145/6145 6146/6146/6146 6147/6147/6147
f 6148/6148/6148 6142/6142/6142 6149/6149/6149
f 6131/6131/6131 6132/6132/6132 6150/6150/6150
f 6148/6148/6148 6143/6143/6143 6142/6142/6142
f 3869/3869/3869 3917/3917/3917 4468/4468/4468
f 6151/6151/6151 3927/3927/3927 3926/3926/3926
f 4468/4468/4468 6152/6152/6152 3869/3869/3869
f 3926/3926/3926 6153/6153/6153 6151/6151/6151
f 6151/6151/6151 3923/3923/3923 3927/3927/3927
f 6154/6154/6154 4047/4047/4047 4031/4031/4031
f 6155/6155/6155 6156/6156/6156 6157/6157/6157
f 6158/6158/6158 6156/6156/6156 6155/6155/6155
f 6159/6159/6159 6160/6160/6160 6161/6161/6161
f 6159/6159/6159 6161/6161/6161 6162/6162/6162
f 6162/6162/6162 6163/6163/6163 6159/6159/6159
f 6164/6164/6164 6156/6156/6156 6165/6165/6165
f 6165/6165/6165 6156/6156/6156 6166/6166/6166
f 6156/6156/6156 6164/6164/6164 6167/6167/6167
f 6156/6156/6156 6167/6167/6167 6157/6157/6157
f 4483/4483/4483 6166/6166/6166 6156/6156/6156
f 6158/6158/6158 4483/4483/4483 6156/6156/6156
f 6168/6168/6168 6146/6146/6146 6169/6169/6169
f 6170/6170/6170 6168/6168/6168 6169/6169/6169
f 6169/6169/6169 6171/6171/6171 6170/6170/6170
f 6172/6172/6172 6173/6173/6173 6174/6174/6174
f 6174/6174/6174 6173/6173/6173 6175/6175/6175
f 6176/6176/6176 6172/6172/6172 6174/6174/6174
f 6177/6177/6177 6176/6176/6176 6174/6174/6174
f 6178/6178/6178 6179/6179/6179 6180/6180/6180
f 6174/6174/6174 6181/6181/6181 6177/6177/6177
f 6175/6175/6175 4066/4066/4066 6174/6174/6174
f 6182/6182/6182 6183/6183/6183 6184/6184/6184
f 6185/6185/6185 6186/6186/6186 6187/6187/6187
f 6188/6188/6188 6182/6182/6182 6184/6184/6184
f 6173/6173/6173 6172/6172/6172 6175/6175/6175
f 6189/6189/6189 6190/6190/6190 6191/6191/6191
f 6192/6192/6192 6193/6193/6193 6194/6194/6194
f 6195/6195/6195 6196/6196/6196 6197/6197/6197
f 6198/6198/6198 6199/6199/6199 6200/6200/6200
f 6201/6201/6201 6202/6202/6202 6203/6203/6203
f 4067/4067/4067 6204/6204/6204 6205/6205/6205
f 4066/4066/4066 6204/6204/6204 4067/4067/4067
f 6206/6206/6206 4313/4313/4313 4063/4063/4063
f 6168/6168/6168 6207/6207/6207 6146/6146/6146
f 6146/6146/6146 6207/6207/6207 6208/6208/6208
f 6209/6209/6209 6147/6147/6147 6146/6146/6146
f 6208/6208/6208 6209/6209/6209 6146/6146/6146
f 6210/6210/6210 6172/6172/6172 6204/6204/6204
f 6175/6175/6175 6172/6172/6172 6210/6210/6210
f 6210/6210/6210 6204/6204/6204 4066/4066/4066
f 6210/6210/6210 4066/4066/4066 6175/6175/6175
f 6172/6172/6172 6176/6176/6176 6204/6204/6204
f 6177/6177/6177 6211/6211/6211 6176/6176/6176
f 6212/6212/6212 6213/6213/6213 6214/6214/6214
f 6215/6215/6215 6216/6216/6216 6217/6217/6217
f 6218/6218/6218 6212/6212/6212 6214/6214/6214
f 6219/6219/6219 6220/6220/6220 6221/6221/6221
f 6222/6222/6222 6223/6223/6223 6224/6224/6224
f 6225/6225/6225 6226/6226/6226 6227/6227/6227
f 6228/6228/6228 6229/6229/6229 6230/6230/6230
f 6216/6216/6216 6231/6231/6231 6217/6217/6217
f 6232/6232/6232 6233/6233/6233 6234/6234/6234
f 6235/6235/6235 6234/6234/6234 6233/6233/6233
f 6236/6236/6236 6235/6235/6235 6233/6233/6233
f 6228/6228/6228 6237/6237/6237 6229/6229/6229
f 6238/6238/6238 6239/6239/6239 6240/6240/6240
f 6241/6241/6241 6242/6242/6242 6243/6243/6243
f 6212/6212/6212 6218/6218/6218 6244/6244/6244
f 6245/6245/6245 6246/6246/6246 6247/6247/6247
f 6248/6248/6248 6246/6246/6246 6245/6245/6245
f 6241/6241/6241 6249/6249/6249 6242/6242/6242
f 6244/6244/6244 6218/6218/6218 6250/6250/6250
f 6250/6250/6250 6251/6251/6251 6244/6244/6244
f 6252/6252/6252 6253/6253/6253 6254/6254/6254
f 6237/6237/6237 6228/6228/6228 6255/6255/6255
f 6256/6256/6256 6252/6252/6252 6254/6254/6254
f 6257/6257/6257 6258/6258/6258 6259/6259/6259
f 6260/6260/6260 6261/6261/6261 6262/6262/6262
f 6263/6263/6263 6264/6264/6264 6265/6265/6265
f 6266/6266/6266 6267/6267/6267 6268/6268/6268
f 6269/6269/6269 6270/6270/6270 6271/6271/6271
f 6272/6272/6272 6273/6273/6273 6274/6274/6274
f 6125/6125/6125 6275/6275/6275 6124/6124/6124
f 6276/6276/6276 6274/6274/6274 6273/6273/6273
f 6277/6277/6277 6276/6276/6276 6273/6273/6273
f 6273/6273/6273 6278/6278/6278 6277/6277/6277
f 6279/6279/6279 6280/6280/6280 6281/6281/6281
f 6281/6281/6281 6282/6282/6282 6279/6279/6279
f 6283/6283/6283 6284/6284/6284 6285/6285/6285
f 6278/6278/6278 6286/6286/6286 6277/6277/6277
f 6287/6287/6287 6277/6277/6277 6286/6286/6286
f 6288/6288/6288 6285/6285/6285 6284/6284/6284
f 6287/6287/6287 6289/6289/6289 6277/6277/6277
f 6289/6289/6289 6287/6287/6287 6290/6290/6290
f 4085/4085/4085 4154/4154/4154 6291/6291/6291
f 6291/6291/6291 6134/6134/6134 4085/4085/4085
f 6292/6292/6292 6140/6140/6140 6139/6139/6139
f 6139/6139/6139 6293/6293/6293 6294/6294/6294
f 6139/6139/6139 6294/6294/6294 6292/6292/6292
f 6132/6132/6132 6295/6295/6295 6150/6150/6150
f 6293/6293/6293 6296/6296/6296 6294/6294/6294
f 3077/3077/3077 6297/6297/6297 3064/3064/3064
f 6298/6298/6298 6299/6299/6299 6300/6300/6300
f 6297/6297/6297 3077/3077/3077 6301/6301/6301
f 6297/6297/6297 6301/6301/6301 6302/6302/6302
f 6300/6300/6300 6303/6303/6303 6298/6298/6298
f 6304/6304/6304 6292/6292/6292 6294/6294/6294
f 4349/4349/4349 4345/4345/4345 6305/6305/6305
f 6306/6306/6306 4349/4349/4349 6305/6305/6305
f 6307/6307/6307 6171/6171/6171 6308/6308/6308
f 6309/6309/6309 6310/6310/6310 6311/6311/6311
f 6312/6312/6312 6313/6313/6313 6314/6314/6314
f 6304/6304/6304 6315/6315/6315 6292/6292/6292
f 6171/6171/6171 6307/6307/6307 6170/6170/6170
f 6316/6316/6316 4326/4326/4326 4325/4325/4325
f 6316/6316/6316 6317/6317/6317 4326/4326/4326
f 4349/4349/4349 6306/6306/6306 5303/5303/5303
f 4483/4483/4483 6158/6158/6158 4481/4481/4481
f 6318/6318/6318 6151/6151/6151 6153/6153/6153
f 6177/6177/6177 6181/6181/6181 6319/6319/6319
f 6320/6320/6320 6321/6321/6321 6322/6322/6322
f 6323/6323/6323 6324/6324/6324 6325/6325/6325
f 6326/6326/6326 6327/6327/6327 6328/6328/6328
f 6329/6329/6329 6322/6322/6322 6321/6321/6321
f 6323/6323/6323 6330/6330/6330 6324/6324/6324
f 6327/6327/6327 6183/6183/6183 6182/6182/6182
f 6327/6327/6327 6182/6182/6182 6328/6328/6328
f 6323/6323/6323 6331/6331/6331 6330/6330/6330
f 6330/6330/6330 6331/6331/6331 6332/6332/6332
f 6333/6333/6333 6334/6334/6334 6335/6335/6335
f 6336/6336/6336 6337/6337/6337 6338/6338/6338
f 6339/6339/6339 6340/6340/6340 6341/6341/6341
f 6342/6342/6342 6343/6343/6343 6344/6344/6344
f 6345/6345/6345 6346/6346/6346 6347/6347/6347
f 6202/6202/6202 6201/6201/6201 6341/6341/6341
f 6348/6348/6348 6349/6349/6349 6350/6350/6350
f 6341/6341/6341 6340/6340/6340 6202/6202/6202
f 6351/6351/6351 6343/6343/6343 6342/6342/6342
f 4641/4641/4641 4631/4631/4631 4630/4630/4630
f 6352/6352/6352 6353/6353/6353 6354/6354/6354
f 6355/6355/6355 6356/6356/6356 6357/6357/6357
f 6358/6358/6358 6359/6359/6359 6360/6360/6360
f 6361/6361/6361 6362/6362/6362 6363/6363/6363
f 6363/6363/6363 6364/6364/6364 6361/6361/6361
f 6357/6357/6357 6365/6365/6365 6355/6355/6355
f 6366/6366/6366 6354/6354/6354 6353/6353/6353
f 6367/6367/6367 6368/6368/6368 6369/6369/6369
f 6370/6370/6370 6371/6371/6371 6372/6372/6372
f 6373/6373/6373 6372/6372/6372 6371/6371/6371
f 6368/6368/6368 6367/6367/6367 6374/6374/6374
f 6373/6373/6373 6375/6375/6375 6372/6372/6372
f 6364/6364/6364 6363/6363/6363 6376/6376/6376
f 6377/6377/6377 6355/6355/6355 6365/6365/6365
f 4699/4699/4699 6377/6377/6377 6365/6365/6365
f 4751/4751/4751 4699/4699/4699 6365/6365/6365
f 6376/6376/6376 6378/6378/6378 6364/6364/6364
f 6375/6375/6375 6373/6373/6373 6379/6379/6379
f 6375/6375/6375 6379/6379/6379 6380/6380/6380
f 6380/6380/6380 6381/6381/6381 6375/6375/6375
f 6382/6382/6382 6374/6374/6374 6367/6367/6367
f 6374/6374/6374 6382/6382/6382 6383/6383/6383
f 4699/4699/4699 4702/4702/4702 6377/6377/6377
f 6382/6382/6382 4704/4704/4704 6383/6383/6383
f 4703/4703/4703 6383/6383/6383 4704/4704/4704
f 6379/6379/6379 6384/6384/6384 6380/6380/6380
f 6384/6384/6384 6385/6385/6385 6380/6380/6380
f 4753/4753/4753 6386/6386/6386 4754/4754/4754
f 6380/6380/6380 6387/6387/6387 6381/6381/6381
f 6380/6380/6380 6388/6388/6388 6387/6387/6387
f 6385/6385/6385 6388/6388/6388 6380/6380/6380
f 6389/6389/6389 6390/6390/6390 6391/6391/6391
f 6392/6392/6392 6393/6393/6393 6394/6394/6394
f 6392/6392/6392 6394/6394/6394 6395/6395/6395
f 6396/6396/6396 6397/6397/6397 6398/6398/6398
f 6399/6399/6399 4843/4843/4843 4842/4842/4842
f 4909/4909/4909 4908/4908/4908 6400/6400/6400
f 4842/4842/4842 6401/6401/6401 6402/6402/6402
f 4842/4842/4842 6402/6402/6402 6403/6403/6403
f 6403/6403/6403 6399/6399/6399 4842/4842/4842
f 6404/6404/6404 6400/6400/6400 4908/4908/4908
f 4908/4908/4908 6405/6405/6405 6404/6404/6404
f 6406/6406/6406 6407/6407/6407 6400/6400/6400
f 6400/6400/6400 6404/6404/6404 6406/6406/6406
f 6408/6408/6408 6409/6409/6409 6410/6410/6410
f 6411/6411/6411 6408/6408/6408 6410/6410/6410
f 6410/6410/6410 6412/6412/6412 6411/6411/6411
f 6413/6413/6413 6414/6414/6414 6415/6415/6415
f 6415/6415/6415 6416/6416/6416 6413/6413/6413
f 6414/6414/6414 6413/6413/6413 6417/6417/6417
f 6418/6418/6418 6419/6419/6419 6420/6420/6420
f 6417/6417/6417 6421/6421/6421 6414/6414/6414
f 6408/6408/6408 6422/6422/6422 6409/6409/6409
f 6423/6423/6423 6417/6417/6417 6413/6413/6413
f 6424/6424/6424 6423/6423/6423 6413/6413/6413
f 6397/6397/6397 6396/6396/6396 6425/6425/6425
f 4780/4780/4780 6426/6426/6426 5089/5089/5089
f 6427/6427/6427 6428/6428/6428 6429/6429/6429
f 6430/6430/6430 6427/6427/6427 6429/6429/6429
f 6431/6431/6431 6432/6432/6432 6433/6433/6433
f 6434/6434/6434 5115/5115/5115 5118/5118/5118
f 6432/6432/6432 6435/6435/6435 6436/6436/6436
f 6436/6436/6436 6433/6433/6433 6432/6432/6432
f 6437/6437/6437 6436/6436/6436 6435/6435/6435
f 6438/6438/6438 6437/6437/6437 6435/6435/6435
f 6439/6439/6439 6440/6440/6440 6441/6441/6441
f 6442/6442/6442 6443/6443/6443 6444/6444/6444
f 6445/6445/6445 6446/6446/6446 6447/6447/6447
f 6448/6448/6448 6449/6449/6449 6450/6450/6450
f 6451/6451/6451 6448/6448/6448 6450/6450/6450
f 5135/5135/5135 6433/6433/6433 6452/6452/6452
f 5135/5135/5135 6452/6452/6452 6453/6453/6453
f 6453/6453/6453 5174/5174/5174 5135/5135/5135
f 6454/6454/6454 6455/6455/6455 6456/6456/6456
f 6457/6457/6457 6458/6458/6458 6459/6459/6459
f 6460/6460/6460 6461/6461/6461 6462/6462/6462
f 6455/6455/6455 6454/6454/6454 6463/6463/6463
f 6458/6458/6458 6464/6464/6464 6459/6459/6459
f 6465/6465/6465 6466/6466/6466 6467/6467/6467
f 6460/6460/6460 6449/6449/6449 6461/6461/6461
f 6461/6461/6461 6449/6449/6449 6448/6448/6448
f 6468/6468/6468 6469/6469/6469 6470/6470/6470
f 6471/6471/6471 6472/6472/6472 6473/6473/6473
f 6470/6470/6470 6474/6474/6474 6468/6468/6468
f 6475/6475/6475 6476/6476/6476 6477/6477/6477
f 6478/6478/6478 6479/6479/6479 6480/6480/6480
f 6035/6035/6035 5174/5174/5174 6453/6453/6453
f 6035/6035/6035 6453/6453/6453 6036/6036/6036
f 6481/6481/6481 6482/6482/6482 6483/6483/6483
f 6484/6484/6484 6485/6485/6485 6486/6486/6486
f 6487/6487/6487 6488/6488/6488 6489/6489/6489
f 6490/6490/6490 6452/6452/6452 6433/6433/6433
f 6433/6433/6433 6436/6436/6436 6490/6490/6490
f 6485/6485/6485 6491/6491/6491 6486/6486/6486
f 6037/6037/6037 6453/6453/6453 6452/6452/6452
f 6492/6492/6492 6493/6493/6493 6494/6494/6494
f 6452/6452/6452 6495/6495/6495 6037/6037/6037
f 6496/6496/6496 6468/6468/6468 6474/6474/6474
f 6479/6479/6479 6478/6478/6478 6497/6497/6497
f 6498/6498/6498 6499/6499/6499 6500/6500/6500
f 6479/6479/6479 6497/6497/6497 6501/6501/6501
f 6502/6502/6502 6503/6503/6503 6504/6504/6504
f 6037/6037/6037 6036/6036/6036 6453/6453/6453
f 6504/6504/6504 6503/6503/6503 6505/6505/6505
f 6506/6506/6506 6507/6507/6507 6508/6508/6508
f 6509/6509/6509 6510/6510/6510 6511/6511/6511
f 6512/6512/6512 6486/6486/6486 6491/6491/6491
f 6488/6488/6488 6487/6487/6487 6513/6513/6513
f 6514/6514/6514 6515/6515/6515 6516/6516/6516
f 6517/6517/6517 6518/6518/6518 6519/6519/6519
f 6520/6520/6520 6521/6521/6521 6522/6522/6522
f 6523/6523/6523 6524/6524/6524 6525/6525/6525
f 6522/6522/6522 6521/6521/6521 6526/6526/6526
f 6527/6527/6527 6518/6518/6518 6517/6517/6517
f 6437/6437/6437 6490/6490/6490 6436/6436/6436
f 6493/6493/6493 6528/6528/6528 6494/6494/6494
f 6437/6437/6437 6438/6438/6438 6529/6529/6529
f 6529/6529/6529 6495/6495/6495 6437/6437/6437
f 6438/6438/6438 6530/6530/6530 6531/6531/6531
f 6438/6438/6438 6532/6532/6532 6529/6529/6529
f 6531/6531/6531 6532/6532/6532 6438/6438/6438
f 6529/6529/6529 6037/6037/6037 6495/6495/6495
f 6533/6533/6533 6534/6534/6534 6535/6535/6535
f 6533/6533/6533 6535/6535/6535 6536/6536/6536
f 3324/3324/3324 3323/3323/3323 6537/6537/6537
f 6538/6538/6538 3325/3325/3325 3322/3322/3322
f 6539/6539/6539 6540/6540/6540 6541/6541/6541
f 6542/6542/6542 6543/6543/6543 6544/6544/6544
f 6544/6544/6544 6543/6543/6543 6545/6545/6545
f 6545/6545/6545 6546/6546/6546 6544/6544/6544
f 3325/3325/3325 6538/6538/6538 6547/6547/6547
f 6548/6548/6548 3371/3371/3371 6549/6549/6549
f 6543/6543/6543 6550/6550/6550 6545/6545/6545
f 3371/3371/3371 3370/3370/3370 6551/6551/6551
f 6551/6551/6551 6549/6549/6549 3371/3371/3371
f 6552/6552/6552 6551/6551/6551 3370/3370/3370
f 3370/3370/3370 6553/6553/6553 6552/6552/6552
f 6554/6554/6554 6555/6555/6555 6556/6556/6556
f 6556/6556/6556 6557/6557/6557 6554/6554/6554
f 6558/6558/6558 6559/6559/6559 6560/6560/6560
f 6561/6561/6561 6562/6562/6562 6563/6563/6563
f 6564/6564/6564 6565/6565/6565 6566/6566/6566
f 6549/6549/6549 6551/6551/6551 6567/6567/6567
f 6568/6568/6568 6545/6545/6545 6550/6550/6550
f 6567/6567/6567 6569/6569/6569 6549/6549/6549
f 6570/6570/6570 6571/6571/6571 6572/6572/6572
f 6573/6573/6573 6574/6574/6574 6575/6575/6575
f 6576/6576/6576 6577/6577/6577 6578/6578/6578
f 6579/6579/6579 6572/6572/6572 6571/6571/6571
f 6574/6574/6574 6573/6573/6573 6580/6580/6580
f 6581/6581/6581 6582/6582/6582 6583/6583/6583
f 6584/6584/6584 6585/6585/6585 6586/6586/6586
f 6587/6587/6587 6588/6588/6588 6589/6589/6589
f 6590/6590/6590 6584/6584/6584 6586/6586/6586
f 6559/6559/6559 6558/6558/6558 6591/6591/6591
f 6592/6592/6592 6563/6563/6563 6562/6562/6562
f 6565/6565/6565 6564/6564/6564 6593/6593/6593
f 6594/6594/6594 6588/6588/6588 6595/6595/6595
f 6596/6596/6596 6585/6585/6585 6584/6584/6584
f 6588/6588/6588 6594/6594/6594 6589/6589/6589
f 6597/6597/6597 6578/6578/6578 6577/6577/6577
f 6578/6578/6578 6597/6597/6597 6598/6598/6598
f 6599/6599/6599 6600/6600/6600 6601/6601/6601
f 6602/6602/6602 6598/6598/6598 6597/6597/6597
f 6603/6603/6603 6604/6604/6604 6605/6605/6605
f 6606/6606/6606 6601/6601/6601 6600/6600/6600
f 6607/6607/6607 6608/6608/6608 6609/6609/6609
f 6610/6610/6610 6611/6611/6611 6612/6612/6612
f 6612/6612/6612 6613/6613/6613 6610/6610/6610
f 6614/6614/6614 5309/5309/5309 5300/5300/5300
f 6545/6545/6545 6615/6615/6615 6616/6616/6616
f 6616/6616/6616 6546/6546/6546 6545/6545/6545
f 6617/6617/6617 6618/6618/6618 6619/6619/6619
f 5322/5322/5322 5368/5368/5368 5343/5343/5343
f 6620/6620/6620 6621/6621/6621 6622/6622/6622
f 6623/6623/6623 6624/6624/6624 6625/6625/6625
f 6626/6626/6626 5322/5322/5322 5325/5325/5325
f 6627/6627/6627 6628/6628/6628 6629/6629/6629
f 6630/6630/6630 6631/6631/6631 6632/6632/6632
f 6633/6633/6633 6634/6634/6634 6635/6635/6635
f 6628/6628/6628 6627/6627/6627 6636/6636/6636
f 6637/6637/6637 6632/6632/6632 6631/6631/6631
f 6634/6634/6634 6633/6633/6633 6638/6638/6638
f 6639/6639/6639 6640/6640/6640 6641/6641/6641
f 6632/6632/6632 6637/6637/6637 6642/6642/6642
f 6643/6643/6643 6644/6644/6644 6645/6645/6645
f 6646/6646/6646 6647/6647/6647 6648/6648/6648
f 6649/6649/6649 6650/6650/6650 6651/6651/6651
f 6652/6652/6652 6653/6653/6653 6642/6642/6642
f 6642/6642/6642 6637/6637/6637 6652/6652/6652
f 6654/6654/6654 6655/6655/6655 6656/6656/6656
f 6657/6657/6657 6658/6658/6658 6659/6659/6659
f 6660/6660/6660 6661/6661/6661 6662/6662/6662
f 6663/6663/6663 6664/6664/6664 6665/6665/6665
f 6666/6666/6666 6667/6667/6667 6668/6668/6668
f 6669/6669/6669 6670/6670/6670 6671/6671/6671
f 6672/6672/6672 6622/6622/6622 6621/6621/6621
f 6624/6624/6624 6623/6623/6623 6673/6673/6673
f 5357/5357/5357 6674/6674/6674 6675/6675/6675
f 6675/6675/6675 5356/5356/5356 5357/5357/5357
f 5386/5386/5386 5385/5385/5385 6676/6676/6676
f 6676/6676/6676 6677/6677/6677 5386/5386/5386
f 5368/5368/5368 5322/5322/5322 5387/5387/5387
f 5322/5322/5322 6626/6626/6626 5387/5387/5387
f 6678/6678/6678 5387/5387/5387 6626/6626/6626
f 6679/6679/6679 6680/6680/6680 6681/6681/6681
f 6682/6682/6682 6683/6683/6683 6684/6684/6684
f 5385/5385/5385 6685/6685/6685 6686/6686/6686
f 5385/5385/5385 6686/6686/6686 6676/6676/6676
f 6687/6687/6687 6688/6688/6688 6689/6689/6689
f 6690/6690/6690 6691/6691/6691 6692/6692/6692
f 6693/6693/6693 6694/6694/6694 6695/6695/6695
f 6687/6687/6687 6696/6696/6696 6688/6688/6688
f 6691/6691/6691 6697/6697/6697 6692/6692/6692
f 6698/6698/6698 6699/6699/6699 6700/6700/6700
f 6701/6701/6701 6702/6702/6702 6703/6703/6703
f 6704/6704/6704 6702/6702/6702 6701/6701/6701
f 6705/6705/6705 6694/6694/6694 6693/6693/6693
f 6706/6706/6706 6707/6707/6707 6708/6708/6708
f 6709/6709/6709 6710/6710/6710 6711/6711/6711
f 6712/6712/6712 6713/6713/6713 6714/6714/6714
f 6715/6715/6715 6716/6716/6716 6717/6717/6717
f 6664/6664/6664 6718/6718/6718 6665/6665/6665
f 6714/6714/6714 6719/6719/6719 6712/6712/6712
f 6720/6720/6720 6721/6721/6721 6722/6722/6722
f 6723/6723/6723 6665/6665/6665 6718/6718/6718
f 6724/6724/6724 6723/6723/6723 6718/6718/6718
f 6719/6719/6719 6714/6714/6714 6725/6725/6725
f 6726/6726/6726 6727/6727/6727 6728/6728/6728
f 6729/6729/6729 6730/6730/6730 6611/6611/6611
f 6610/6610/6610 6729/6729/6729 6611/6611/6611
f 6731/6731/6731 6732/6732/6732 6733/6733/6733
f 6733/6733/6733 6734/6734/6734 6735/6735/6735
f 6733/6733/6733 6735/6735/6735 6731/6731/6731
f 6731/6731/6731 6736/6736/6736 6732/6732/6732
f 6737/6737/6737 6738/6738/6738 6739/6739/6739
f 6737/6737/6737 6739/6739/6739 6740/6740/6740
f 6741/6741/6741 6742/6742/6742 6743/6743/6743
f 6738/6738/6738 6744/6744/6744 6739/6739/6739
f 6745/6745/6745 6746/6746/6746 6747/6747/6747
f 6742/6742/6742 6741/6741/6741 6748/6748/6748
f 6740/6740/6740 6739/6739/6739 6744/6744/6744
f 6749/6749/6749 6750/6750/6750 6751/6751/6751
f 6752/6752/6752 6753/6753/6753 6754/6754/6754
f 6755/6755/6755 6756/6756/6756 6757/6757/6757
f 6758/6758/6758 6752/6752/6752 6754/6754/6754
f 6759/6759/6759 6760/6760/6760 6761/6761/6761
f 6754/6754/6754 6762/6762/6762 6758/6758/6758
f 6757/6757/6757 6763/6763/6763 6755/6755/6755
f 6764/6764/6764 6751/6751/6751 6750/6750/6750
f 6753/6753/6753 6752/6752/6752 6765/6765/6765
f 6766/6766/6766 6767/6767/6767 6768/6768/6768
f 6756/6756/6756 6769/6769/6769 6757/6757/6757
f 6770/6770/6770 6771/6771/6771 6772/6772/6772
f 6773/6773/6773 6774/6774/6774 6775/6775/6775
f 6762/6762/6762 6776/6776/6776 6758/6758/6758
f 6777/6777/6777 6778/6778/6778 6779/6779/6779
f 6780/6780/6780 6781/6781/6781 6782/6782/6782
f 6783/6783/6783 6784/6784/6784 6785/6785/6785
f 6786/6786/6786 6787/6787/6787 6788/6788/6788
f 6786/6786/6786 6788/6788/6788 6789/6789/6789
f 6786/6786/6786 6789/6789/6789 6790/6790/6790
f 6791/6791/6791 6792/6792/6792 6793/6793/6793
f 6794/6794/6794 6795/6795/6795 6796/6796/6796
f 5847/5847/5847 6797/6797/6797 5848/5848/5848
f 6798/6798/6798 6789/6789/6789 6788/6788/6788
f 6797/6797/6797 5847/5847/5847 6799/6799/6799
f 6800/6800/6800 6801/6801/6801 6802/6802/6802
f 6789/6789/6789 6803/6803/6803 6804/6804/6804
f 6798/6798/6798 6803/6803/6803 6789/6789/6789
f 6804/6804/6804 6790/6790/6790 6789/6789/6789
f 6805/6805/6805 6804/6804/6804 6803/6803/6803
f 6800/6800/6800 6806/6806/6806 6807/6807/6807
f 6807/6807/6807 6806/6806/6806 6808/6808/6808
f 6807/6807/6807 6801/6801/6801 6800/6800/6800
f 6792/6792/6792 6791/6791/6791 6613/6613/6613
f 6792/6792/6792 6613/6613/6613 6809/6809/6809
f 6810/6810/6810 6811/6811/6811 6812/6812/6812
f 6610/6610/6610 6613/6613/6613 6791/6791/6791
f 6812/6812/6812 6813/6813/6813 6810/6810/6810
f 6791/6791/6791 6814/6814/6814 6610/6610/6610
f 6815/6815/6815 6816/6816/6816 6817/6817/6817
f 6818/6818/6818 6819/6819/6819 6820/6820/6820
f 6821/6821/6821 6820/6820/6820 6819/6819/6819
f 6819/6819/6819 6822/6822/6822 6821/6821/6821
f 6823/6823/6823 6824/6824/6824 6825/6825/6825
f 6826/6826/6826 6827/6827/6827 6828/6828/6828
f 6825/6825/6825 6829/6829/6829 6823/6823/6823
f 6828/6828/6828 6830/6830/6830 6826/6826/6826
f 6831/6831/6831 6832/6832/6832 6833/6833/6833
f 6809/6809/6809 6613/6613/6613 6834/6834/6834
f 6829/6829/6829 6835/6835/6835 6823/6823/6823
f 6828/6828/6828 6836/6836/6836 6830/6830/6830
f 6837/6837/6837 6838/6838/6838 6839/6839/6839
f 6830/6830/6830 6836/6836/6836 6840/6840/6840
f 6840/6840/6840 6841/6841/6841 6830/6830/6830
f 6833/6833/6833 6832/6832/6832 6842/6842/6842
f 6838/6838/6838 6837/6837/6837 6843/6843/6843
f 6844/6844/6844 6845/6845/6845 6846/6846/6846
f 6847/6847/6847 6848/6848/6848 6849/6849/6849
f 6849/6849/6849 6850/6850/6850 6847/6847/6847
f 6845/6845/6845 6844/6844/6844 6851/6851/6851
f 6852/6852/6852 6821/6821/6821 6822/6822/6822
f 6850/6850/6850 6849/6849/6849 6853/6853/6853
f 6854/6854/6854 6851/6851/6851 6844/6844/6844
f 6855/6855/6855 6856/6856/6856 6857/6857/6857
f 6858/6858/6858 6853/6853/6853 6849/6849/6849
f 6851/6851/6851 6854/6854/6854 6859/6859/6859
f 6860/6860/6860 6861/6861/6861 6862/6862/6862
f 6863/6863/6863 6864/6864/6864 6865/6865/6865
f 6866/6866/6866 6867/6867/6867 6868/6868/6868
f 6869/6869/6869 6870/6870/6870 6871/6871/6871
f 6872/6872/6872 6873/6873/6873 6874/6874/6874
f 6869/6869/6869 6871/6871/6871 6875/6875/6875
f 6876/6876/6876 6872/6872/6872 6874/6874/6874
f 6869/6869/6869 6875/6875/6875 6877/6877/6877
f 6878/6878/6878 6879/6879/6879 6806/6806/6806
f 6878/6878/6878 6806/6806/6806 6800/6800/6800
f 6880/6880/6880 6881/6881/6881 6882/6882/6882
f 6882/6882/6882 6883/6883/6883 6880/6880/6880
f 6884/6884/6884 6814/6814/6814 6885/6885/6885
f 6886/6886/6886 6887/6887/6887 6881/6881/6881
f 6881/6881/6881 6880/6880/6880 6886/6886/6886
f 6806/6806/6806 6888/6888/6888 6808/6808/6808
f 6814/6814/6814 6884/6884/6884 6610/6610/6610
f 6815/6815/6815 6889/6889/6889 6816/6816/6816
f 6890/6890/6890 6891/6891/6891 6892/6892/6892
f 6893/6893/6893 6894/6894/6894 6895/6895/6895
f 6884/6884/6884 6729/6729/6729 6610/6610/6610
f 6896/6896/6896 6897/6897/6897 6890/6890/6890
f 6892/6892/6892 6896/6896/6896 6890/6890/6890
f 6898/6898/6898 6899/6899/6899 6900/6900/6900
f 6901/6901/6901 6902/6902/6902 6903/6903/6903
f 6904/6904/6904 6905/6905/6905 6906/6906/6906
f 6907/6907/6907 6908/6908/6908 6909/6909/6909
f 6910/6910/6910 6911/6911/6911 6912/6912/6912
f 6913/6913/6913 6914/6914/6914 6915/6915/6915
f 6913/6913/6913 6915/6915/6915 6916/6916/6916
f 6875/6875/6875 6871/6871/6871 6917/6917/6917
f 6917/6917/6917 6918/6918/6918 6875/6875/6875
f 6734/6734/6734 6919/6919/6919 6920/6920/6920
f 6920/6920/6920 6735/6735/6735 6734/6734/6734
f 6921/6921/6921 6920/6920/6920 6919/6919/6919
f 6897/6897/6897 6896/6896/6896 6922/6922/6922
f 6735/6735/6735 6920/6920/6920 6731/6731/6731
f 6920/6920/6920 6921/6921/6921 6923/6923/6923
f 6923/6923/6923 6731/6731/6731 6920/6920/6920
f 6896/6896/6896 6892/6892/6892 6924/6924/6924
f 6925/6925/6925 6922/6922/6922 6896/6896/6896
f 6896/6896/6896 6924/6924/6924 6925/6925/6925
f 6892/6892/6892 6926/6926/6926 6924/6924/6924
f 6925/6925/6925 6927/6927/6927 6922/6922/6922
f 6921/6921/6921 6928/6928/6928 6923/6923/6923
f 5915/5915/5915 5913/5913/5913 6929/6929/6929
f 5915/5915/5915 6929/6929/6929 6930/6930/6930
f 6931/6931/6931 6930/6930/6930 6929/6929/6929
f 6677/6677/6677 6676/6676/6676 6932/6932/6932
f 6933/6933/6933 6406/6406/6406 6404/6404/6404
f 5974/5974/5974 6934/6934/6934 5917/5917/5917
f 5917/5917/5917 6934/6934/6934 6935/6935/6935
f 6936/6936/6936 6937/6937/6937 6938/6938/6938
f 6939/6939/6939 6013/6013/6013 6011/6011/6011
f 6007/6007/6007 6940/6940/6940 6014/6014/6014
f 6941/6941/6941 6942/6942/6942 6943/6943/6943
f 6005/6005/6005 6018/6018/6018 6006/6006/6006
f 6944/6944/6944 6018/6018/6018 6945/6945/6945
f 6946/6946/6946 6944/6944/6944 6945/6945/6945
f 6940/6940/6940 6007/6007/6007 6947/6947/6947
f 6944/6944/6944 6006/6006/6006 6018/6018/6018
f 6948/6948/6948 6949/6949/6949 6950/6950/6950
f 6951/6951/6951 6952/6952/6952 6953/6953/6953
f 6954/6954/6954 6955/6955/6955 6956/6956/6956
f 6006/6006/6006 6944/6944/6944 6957/6957/6957
f 6958/6958/6958 5993/5993/5993 5992/5992/5992
f 6006/6006/6006 6957/6957/6957 6959/6959/6959
f 5992/5992/5992 6960/6960/6960 6958/6958/6958
f 6961/6961/6961 6962/6962/6962 6963/6963/6963
f 6961/6961/6961 6963/6963/6963 6964/6964/6964
f 6965/6965/6965 6966/6966/6966 6967/6967/6967
f 6968/6968/6968 6969/6969/6969 6970/6970/6970
f 6971/6971/6971 6972/6972/6972 5994/5994/5994
f 5994/5994/5994 6972/6972/6972 5987/5987/5987
f 6973/6973/6973 6974/6974/6974 6975/6975/6975
f 6975/6975/6975 6974/6974/6974 6976/6976/6976
f 6977/6977/6977 6978/6978/6978 6979/6979/6979
f 6980/6980/6980 6977/6977/6977 6979/6979/6979
f 6947/6947/6947 6981/6981/6981 6982/6982/6982
f 6983/6983/6983 6978/6978/6978 6984/6984/6984
f 6984/6984/6984 6978/6978/6978 6977/6977/6977
f 6966/6966/6966 6965/6965/6965 6985/6985/6985
f 6986/6986/6986 6987/6987/6987 6988/6988/6988
f 6989/6989/6989 6990/6990/6990 6991/6991/6991
f 6992/6992/6992 6993/6993/6993 6994/6994/6994
f 6995/6995/6995 6996/6996/6996 6997/6997/6997
f 6997/6997/6997 6998/6998/6998 6995/6995/6995
f 6999/6999/6999 7000/7000/7000 7001/7001/7001
f 6993/6993/6993 6992/6992/6992 7002/7002/7002
f 6998/6998/6998 6997/6997/6997 7003/7003/7003
f 7004/7004/7004 7002/7002/7002 6992/6992/6992
f 7005/7005/7005 7006/7006/7006 7007/7007/7007
f 7008/7008/7008 7003/7003/7003 6997/6997/6997
f 7004/7004/7004 7009/7009/7009 7002/7002/7002
f 7010/7010/7010 7011/7011/7011 7012/7012/7012
f 7012/7012/7012 6534/6534/6534 7010/7010/7010
f 7013/7013/7013 7014/7014/7014 6736/6736/6736
f 7015/7015/7015 7013/7013/7013 6736/6736/6736
f 6736/6736/6736 6731/6731/6731 7015/7015/7015
f 6534/6534/6534 7012/7012/7012 6535/6535/6535
f 7016/7016/7016 6981/6981/6981 7017/7017/7017
f 7018/7018/7018 7019/7019/7019 7020/7020/7020
f 6947/6947/6947 7017/7017/7017 6981/6981/6981
f 7021/7021/7021 7022/7022/7022 7023/7023/7023
f 7024/7024/7024 7025/7025/7025 7026/7026/7026
f 7024/7024/7024 7026/7026/7026 7027/7027/7027
f 7027/7027/7027 7028/7028/7028 7024/7024/7024
f 7029/7029/7029 7030/7030/7030 7031/7031/7031
f 7029/7029/7029 7031/7031/7031 7032/7032/7032
f 7033/7033/7033 7034/7034/7034 7035/7035/7035
f 7029/7029/7029 7032/7032/7032 7036/7036/7036
f 7035/7035/7035 7037/7037/7037 7033/7033/7033
f 7033/7033/7033 7038/7038/7038 7034/7034/7034
f 7028/7028/7028 7027/7027/7027 7039/7039/7039
f 7040/7040/7040 7041/7041/7041 7042/7042/7042
f 6937/6937/6937 7043/7043/7043 6938/6938/6938
f 7033/7033/7033 7044/7044/7044 7038/7038/7038
f 7045/7045/7045 7042/7042/7042 7041/7041/7041
f 7044/7044/7044 7033/7033/7033 7046/7046/7046
f 7042/7042/7042 7045/7045/7045 7047/7047/7047
f 7048/7048/7048 6938/6938/6938 7043/7043/7043
f 7049/7049/7049 7050/7050/7050 7051/7051/7051
f 7052/7052/7052 7053/7053/7053 7054/7054/7054
f 7033/7033/7033 7055/7055/7055 7056/7056/7056
f 7057/7057/7057 7058/7058/7058 7059/7059/7059
f 7060/7060/7060 7033/7033/7033 7056/7056/7056
f 7061/7061/7061 7062/7062/7062 7063/7063/7063
f 7063/7063/7063 7064/7064/7064 7061/7061/7061
f 7058/7058/7058 7036/7036/7036 7032/7032/7032
f 7032/7032/7032 7065/7065/7065 7058/7058/7058
f 7037/7037/7037 7055/7055/7055 7033/7033/7033
f 7066/7066/7066 7058/7058/7058 7065/7065/7065
f 7058/7058/7058 7066/7066/7066 7059/7059/7059
f 7067/7067/7067 7046/7046/7046 7033/7033/7033
f 7068/7068/7068 7067/7067/7067 7033/7033/7033
f 7069/7069/7069 7068/7068/7068 7033/7033/7033
f 7033/7033/7033 7060/7060/7060 7070/7070/7070
f 7033/7033/7033 7070/7070/7070 7069/7069/7069
f 7067/7067/7067 7071/7071/7071 7046/7046/7046
f 7045/7045/7045 7072/7072/7072 7047/7047/7047
f 7073/7073/7073 7017/7017/7017 7049/7049/7049
f 7074/7074/7074 7075/7075/7075 7076/7076/7076
f 7077/7077/7077 7078/7078/7078 7079/7079/7079
f 7049/7049/7049 7080/7080/7080 7073/7073/7073
f 7019/7019/7019 7081/7081/7081 7082/7082/7082
f 7083/7083/7083 7084/7084/7084 7085/7085/7085
f 7019/7019/7019 7082/7082/7082 7020/7020/7020
f 6947/6947/6947 7049/7049/7049 7017/7017/7017
f 7067/7067/7067 7068/7068/7068 7086/7086/7086
f 7078/7078/7078 7087/7087/7087 7079/7079/7079
f 7088/7088/7088 7089/7089/7089 7090/7090/7090
f 7091/7091/7091 7092/7092/7092 7093/7093/7093
f 7089/7089/7089 7088/7088/7088 7094/7094/7094
f 7092/7092/7092 7091/7091/7091 6536/6536/6536
f 6536/6536/6536 6535/6535/6535 7092/7092/7092
f 6041/6041/6041 6040/6040/6040 7095/7095/7095
f 6041/6041/6041 7095/7095/7095 7096/7096/7096
f 7097/7097/7097 7098/7098/7098 7099/7099/7099
f 7100/7100/7100 6039/6039/6039 6043/6043/6043
f 7099/7099/7099 7101/7101/7101 7097/7097/7097
f 7102/7102/7102 7103/7103/7103 7104/7104/7104
f 7105/7105/7105 7106/7106/7106 6037/6037/6037
f 7107/7107/7107 7108/7108/7108 7105/7105/7105
f 6529/6529/6529 7107/7107/7107 7105/7105/7105
f 7105/7105/7105 6037/6037/6037 6529/6529/6529
f 7109/7109/7109 7110/7110/7110 7111/7111/7111
f 6040/6040/6040 7112/7112/7112 7095/7095/7095
f 7106/7106/7106 7108/7108/7108 7113/7113/7113
f 7107/7107/7107 7113/7113/7113 7108/7108/7108
f 7112/7112/7112 7114/7114/7114 7095/7095/7095
f 7114/7114/7114 7115/7115/7115 7095/7095/7095
f 7116/7116/7116 7117/7117/7117 7118/7118/7118
f 7096/7096/7096 7095/7095/7095 7115/7115/7115
f 6531/6531/6531 7098/7098/7098 6532/6532/6532
f 7119/7119/7119 7099/7099/7099 7098/7098/7098
f 7120/7120/7120 7119/7119/7119 7098/7098/7098
f 6531/6531/6531 7120/7120/7120 7098/7098/7098
f 7064/7064/7064 7063/7063/7063 7121/7121/7121
f 7122/7122/7122 7123/7123/7123 7124/7124/7124
f 7125/7125/7125 7126/7126/7126 7127/7127/7127
f 7126/7126/7126 7125/7125/7125 7128/7128/7128
f 7129/7129/7129 7130/7130/7130 7131/7131/7131
f 7094/7094/7094 7088/7088/7088 7132/7132/7132
f 6531/6531/6531 7133/7133/7133 7120/7120/7120
f 6007/6007/6007 7050/7050/7050 6947/6947/6947
f 7050/7050/7050 7049/7049/7049 6947/6947/6947
f 7134/7134/7134 7135/7135/7135 7136/7136/7136
f 7136/7136/7136 7135/7135/7135 7137/7137/7137
f 7138/7138/7138 7139/7139/7139 7140/7140/7140
f 7141/7141/7141 7139/7139/7139 7138/7138/7138
f 7142/7142/7142 7143/7143/7143 7144/7144/7144
f 7145/7145/7145 7146/7146/7146 7147/7147/7147
f 7147/7147/7147 7146/7146/7146 6964/6964/6964
f 6964/6964/6964 6963/6963/6963 7147/7147/7147
f 7148/7148/7148 7149/7149/7149 7150/7150/7150
f 7006/7006/7006 7151/7151/7151 7007/7007/7007
f 7152/7152/7152 7153/7153/7153 7154/7154/7154
f 7155/7155/7155 7156/7156/7156 7157/7157/7157
f 7158/7158/7158 7159/7159/7159 7160/7160/7160
f 7161/7161/7161 6905/6905/6905 6904/6904/6904
f 7162/7162/7162 6914/6914/6914 7163/7163/7163
f 6115/6115/6115 7164/7164/7164 6112/6112/6112
f 7165/7165/7165 6054/6054/6054 6111/6111/6111
f 7165/7165/7165 6111/6111/6111 7166/7166/7166
f 7167/7167/7167 6107/6107/6107 6110/6110/6110
f 5988/5988/5988 7168/7168/7168 7169/7169/7169
f 5989/5989/5989 7168/7168/7168 5988/5988/5988
f 7170/7170/7170 7167/7167/7167 6110/6110/6110
f 6914/6914/6914 7162/7162/7162 6915/6915/6915
f 7171/7171/7171 7172/7172/7172 7173/7173/7173
f 7172/7172/7172 7174/7174/7174 7173/7173/7173
f 7172/7172/7172 7175/7175/7175 7174/7174/7174
f 7175/7175/7175 7176/7176/7176 7174/7174/7174
f 7177/7177/7177 7178/7178/7178 7179/7179/7179
f 7177/7177/7177 7180/7180/7180 7178/7178/7178
f 7178/7178/7178 7181/7181/7181 7179/7179/7179
f 7178/7178/7178 7182/7182/7182 7181/7181/7181
f 7183/7183/7183 7184/7184/7184 7185/7185/7185
f 7186/7186/7186 7187/7187/7187 7188/7188/7188
f 7189/7189/7189 7190/7190/7190 7191/7191/7191
f 7186/7186/7186 7192/7192/7192 7187/7187/7187
f 7193/7193/7193 7194/7194/7194 7195/7195/7195
f 7196/7196/7196 7197/7197/7197 7198/7198/7198
f 7197/7197/7197 7199/7199/7199 7198/7198/7198
f 7196/7196/7196 7200/7200/7200 7197/7197/7197
f 7196/7196/7196 7201/7201/7201 7200/7200/7200
f 7202/7202/7202 7203/7203/7203 7204/7204/7204
f 7203/7203/7203 7205/7205/7205 7204/7204/7204
f 7202/7202/7202 7206/7206/7206 7203/7203/7203
f 7202/7202/7202 7207/7207/7207 7206/7206/7206
f 7208/7208/7208 7209/7209/7209 7210/7210/7210
f 7208/7208/7208 7211/7211/7211 7209/7209/7209
f 7211/7211/7211 7212/7212/7212 7209/7209/7209
f 7212/7212/7212 7213/7213/7213 7209/7209/7209
f 7214/7214/7214 7215/7215/7215 7216/7216/7216
f 7215/7215/7215 7217/7217/7217 7216/7216/7216
f 7217/7217/7217 7218/7218/7218 7216/7216/7216
f 7219/7219/7219 7220/7220/7220 7221/7221/7221
f 7222/7222/7222 7223/7223/7223 7224/7224/7224
f 7225/7225/7225 7226/7226/7226 7227/7227/7227
f 7228/7228/7228 7229/7229/7229 7230/7230/7230
f 7228/7228/7228 7231/7231/7231 7229/7229/7229
f 7231/7231/7231 7232/7232/7232 7229/7229/7229
f 7233/7233/7233 7234/7234/7234 7235/7235/7235
f 7236/7236/7236 7237/7237/7237 7238/7238/7238
f 7236/7236/7236 7239/7239/7239 7237/7237/7237
f 7239/7239/7239 7240/7240/7240 7237/7237/7237
f 7240/7240/7240 7241/7241/7241 7237/7237/7237
f 7242/7242/7242 7243/7243/7243 7244/7244/7244
f 7245/7245/7245 7246/7246/7246 7247/7247/7247
f 7245/7245/7245 7248/7248/7248 7246/7246/7246
f 2962/2962/2962 2887/2887/2887 2886/2886/2886
f 7249/7249/7249 7250/7250/7250 7251/7251/7251
f 7250/7250/7250 7252/7252/7252 7251/7251/7251
f 7253/7253/7253 7254/7254/7254 7255/7255/7255
f 7256/7256/7256 7257/7257/7257 7258/7258/7258
f 7256/7256/7256 7259/7259/7259 7257/7257/7257
f 7260/7260/7260 7261/7261/7261 7262/7262/7262
f 7263/7263/7263 7264/7264/7264 7265/7265/7265
f 7263/7263/7263 7266/7266/7266 7264/7264/7264
f 3513/3513/3513 3512/3512/3512 7267/7267/7267
f 7268/7268/7268 7269/7269/7269 7270/7270/7270
f 7268/7268/7268 7271/7271/7271 7269/7269/7269
f 7272/7272/7272 7273/7273/7273 7274/7274/7274
f 7272/7272/7272 3850/3850/3850 7273/7273/7273
f 3850/3850/3850 7275/7275/7275 7273/7273/7273
f 3850/3850/3850 3852/3852/3852 7275/7275/7275
f 7276/7276/7276 7277/7277/7277 7278/7278/7278
f 7279/7279/7279 7280/7280/7280 7281/7281/7281
f 7279/7279/7279 7282/7282/7282 7280/7280/7280
f 4006/4006/4006 7283/7283/7283 4007/4007/4007
f 7284/7284/7284 7285/7285/7285 7286/7286/7286
f 7285/7285/7285 7287/7287/7287 7286/7286/7286
f 7285/7285/7285 7288/7288/7288 7287/7287/7287
f 7288/7288/7288 7289/7289/7289 7287/7287/7287
f 7290/7290/7290 7291/7291/7291 7292/7292/7292
f 7291/7291/7291 7293/7293/7293 7292/7292/7292
f 7293/7293/7293 7294/7294/7294 7292/7292/7292
f 7293/7293/7293 7295/7295/7295 7294/7294/7294
f 7296/7296/7296 7297/7297/7297 7298/7298/7298
f 7297/7297/7297 7299/7299/7299 7298/7298/7298
f 7297/7297/7297 7300/7300/7300 7299/7299/7299
f 7297/7297/7297 7301/7301/7301 7300/7300/7300
f 7302/7302/7302 7303/7303/7303 7304/7304/7304
f 7303/7303/7303 7305/7305/7305 7304/7304/7304
f 7302/7302/7302 7306/7306/7306 7303/7303/7303
f 7306/7306/7306 7307/7307/7307 7303/7303/7303
f 7308/7308/7308 7309/7309/7309 7310/7310/7310
f 7309/7309/7309 7311/7311/7311 7310/7310/7310
f 7309/7309/7309 7312/7312/7312 7311/7311/7311
f 7312/7312/7312 7313/7313/7313 7311/7311/7311
f 7314/7314/7314 7315/7315/7315 7316/7316/7316
f 7314/7314/7314 7317/7317/7317 7315/7315/7315
f 7315/7315/7315 7318/7318/7318 7316/7316/7316
f 7318/7318/7318 7319/7319/7319 7316/7316/7316
f 7320/7320/7320 7321/7321/7321 7322/7322/7322
f 7321/7321/7321 7323/7323/7323 7322/7322/7322
f 7323/7323/7323 7324/7324/7324 7322/7322/7322
f 7323/7323/7323 7325/7325/7325 7324/7324/7324
f 7326/7326/7326 7327/7327/7327 7328/7328/7328
f 7329/7329/7329 7330/7330/7330 7331/7331/7331
f 7332/7332/7332 7333/7333/7333 7334/7334/7334
f 7332/7332/7332 7335/7335/7335 7333/7333/7333
f 7336/7336/7336 5698/5698/5698 5697/5697/5697
f 7337/7337/7337 7338/7338/7338 7339/7339/7339
f 7337/7337/7337 7340/7340/7340 7338/7338/7338
f 7341/7341/7341 7342/7342/7342 7343/7343/7343
f 7342/7342/7342 7344/7344/7344 7343/7343/7343
f 7345/7345/7345 7346/7346/7346 7347/7347/7347
f 7345/7345/7345 7348/7348/7348 7346/7346/7346
f 7349/7349/7349 7350/7350/7350 7351/7351/7351
f 7352/7352/7352 7353/7353/7353 7354/7354/7354
f 7355/7355/7355 7356/7356/7356 7357/7357/7357
f 7358/7358/7358 7359/7359/7359 7360/7360/7360
f 7361/7361/7361 7362/7362/7362 7363/7363/7363
f 7364/7364/7364 7365/7365/7365 7366/7366/7366
f 7367/7367/7367 7368/7368/7368 7369/7369/7369
f 7370/7370/7370 7371/7371/7371 7372/7372/7372
f 7371/7371/7371 7373/7373/7373 7372/7372/7372
f 6236/6236/6236 6233/6233/6233 6232/6232/6232
f 7374/7374/7374 7375/7375/7375 7376/7376/7376
f 7377/7377/7377 7378/7378/7378 7379/7379/7379
f 7380/7380/7380 7381/7381/7381 7382/7382/7382
f 7383/7383/7383 7384/7384/7384 7385/7385/7385
f 7386/7386/7386 7387/7387/7387 7388/7388/7388
f 7389/7389/7389 7390/7390/7390 7391/7391/7391
f 7392/7392/7392 7393/7393/7393 7394/7394/7394
f 7395/7395/7395 7396/7396/7396 7397/7397/7397
f 7398/7398/7398 7399/7399/7399 7400/7400/7400
f 7399/7399/7399 7401/7401/7401 7400/7400/7400
f 6783/6783/6783 6785/6785/6785 7402/7402/7402
f 7403/7403/7403 7404/7404/7404 7405/7405/7405
f 7404/7404/7404 7406/7406/7406 7405/7405/7405
f 7406/7406/7406 7407/7407/7407 7405/7405/7405
f 7407/7407/7407 7408/7408/7408 7405/7405/7405
f 7409/7409/7409 7410/7410/7410 7411/7411/7411
f 7412/7412/7412 7413/7413/7413 7414/7414/7414
f 7413/7413/7413 7415/7415/7415 7414/7414/7414
f 7413/7413/7413 7416/7416/7416 7415/7415/7415
f 7417/7417/7417 7418/7418/7418 7419/7419/7419
f 7420/7420/7420 7421/7421/7421 7422/7422/7422
f 7423/7423/7423 7424/7424/7424 7425/7425/7425
f 7426/7426/7426 7427/7427/7427 7428/7428/7428
f 7426/7426/7426 7429/7429/7429 7427/7427/7427
f 7429/7429/7429 7430/7430/7430 7427/7427/7427
f 7429/7429/7429 7431/7431/7431 7430/7430/7430
f 7432/7432/7432 7433/7433/7433 7434/7434/7434
f 7435/7435/7435 7436/7436/7436 7437/7437/7437
f 7438/7438/7438 7439/7439/7439 7440/7440/7440
f 7438/7438/7438 7441/7441/7441 7439/7439/7439
f 7441/7441/7441 7442/7442/7442 7439/7439/7439
f 7441/7441/7441 7443/7443/7443 7442/7442/7442
f 7443/7443/7443 7444/7444/7444 7442/7442/7442
f 7445/7445/7445 7446/7446/7446 7447/7447/7447
f 7439/7439/7439 7448/7448/7448 7440/7440/7440
f 7448/7448/7448 7449/7449/7449 7440/7440/7440
f 7450/7450/7450 7451/7451/7451 7452/7452/7452
f 7453/7453/7453 7454/7454/7454 7455/7455/7455
f 7456/7456/7456 7457/7457/7457 7458/7458/7458
f 7459/7459/7459 7460/7460/7460 7461/7461/7461
f 7462/7462/7462 7463/7463/7463 7464/7464/7464
f 7465/7465/7465 7466/7466/7466 7467/7467/7467
f 7466/7466/7466 7468/7468/7468 7467/7467/7467
f 7469/7469/7469 7470/7470/7470 7471/7471/7471
f 7472/7472/7472 7473/7473/7473 7474/7474/7474
f 7472/7472/7472 7475/7475/7475 7473/7473/7473
f 7472/7472/7472 7476/7476/7476 7475/7475/7475
