mtllib Stormheart-Stone-Golem.mtl
o Stormheart-Stone-Golem-Mesh
g Stormheart-Stone-Golem-Mesh
v -0.37793 -0.264648 0.188477
v -0.381836 -0.272461 0.174805
v -0.354492 -0.295898 0.176758
v -0.399414 -0.24707 0.165039
v -0.348633 -0.291992 0.188477
v -0.338867 -0.282227 0.194336
v -0.366211 -0.25293 0.194336
v -0.381836 -0.229492 0.188477
v -0.395508 -0.239258 0.180664
v -0.37793 -0.264648 0.188477
v -0.395508 -0.239258 0.180664
v -0.399414 -0.24707 0.165039
v -0.393555 -0.256836 0.12793
v -0.411133 -0.256836 0.131836
v -0.411133 -0.260742 0.135742
v -0.411133 -0.260742 0.135742
v -0.411133 -0.256836 0.131836
v -0.424805 -0.268555 0.124023
v -0.393555 -0.288086 0.133789
v -0.405273 -0.295898 0.124023
v -0.393555 -0.288086 0.133789
v -0.411133 -0.260742 0.135742
v -0.424805 -0.268555 0.124023
v -0.395508 -0.250977 0.124023
v -0.422852 -0.262695 0.12207
v -0.424805 -0.25293 0.120117
v -0.422852 -0.262695 0.12207
v -0.411133 -0.256836 0.131836
v -0.413086 -0.249023 0.129883
v -0.413086 -0.249023 0.129883
v -0.352539 -0.295898 0.165039
v -0.354492 -0.295898 0.176758
v -0.381836 -0.272461 0.174805
v -0.374023 -0.268555 0.15918
v -0.387695 -0.249023 0.151367
v -0.399414 -0.24707 0.165039
v -0.379883 -0.280273 0.12793
v -0.362305 -0.307617 0.124023
v -0.37207 -0.313477 0.12793
v -0.37207 -0.313477 0.12793
v -0.393555 -0.256836 0.12793
v -0.379883 -0.280273 0.12793
v -0.37793 -0.268555 0.116211
v -0.385742 -0.254883 0.112305
v -0.395508 -0.250977 0.124023
v -0.393555 -0.256836 0.12793
v -0.37793 -0.268555 0.116211
v -0.362305 -0.307617 0.124023
v -0.444336 -0.250977 0.030273
v -0.44043 -0.256836 0.030273
v -0.432617 -0.250977 0.047852
v -0.436523 -0.256836 0.014648
v -0.44043 -0.256836 0.030273
v -0.444336 -0.250977 0.030273
v -0.444336 -0.250977 0.030273
v -0.44043 -0.25293 0.012695
v -0.436523 -0.256836 0.014648
v -0.442383 -0.217773 0.02832
v -0.44043 -0.25293 0.012695
v -0.444336 -0.250977 0.030273
v -0.432617 -0.217773 0.045898
v -0.442383 -0.217773 0.02832
v -0.430664 -0.254883 0.043945
v -0.432617 -0.250977 0.047852
v -0.44043 -0.256836 0.030273
v -0.44043 -0.256836 0.030273
v -0.436523 -0.266602 0.032227
v -0.430664 -0.254883 0.043945
v -0.43457 -0.266602 0.016602
v -0.436523 -0.266602 0.032227
v -0.424805 -0.254883 0.004883
v -0.420898 -0.223633 0.000977
v -0.424805 -0.254883 0.004883
v -0.44043 -0.25293 0.012695
v -0.438477 -0.219727 0.008789
v -0.438477 -0.219727 0.008789
v -0.405273 -0.295898 0.124023
v -0.385742 -0.323242 0.104492
v -0.381836 -0.321289 0.118164
v -0.381836 -0.321289 0.118164
v -0.385742 -0.323242 0.104492
v -0.366211 -0.321289 0.110352
v -0.381836 -0.321289 0.118164
v -0.37207 -0.313477 0.12793
v -0.411133 -0.299805 0.106445
v -0.381836 -0.319336 0.094727
v -0.385742 -0.323242 0.104492
v -0.374023 -0.323242 0.100586
v -0.405273 -0.295898 0.124023
v -0.411133 -0.299805 0.106445
v -0.385742 -0.323242 0.104492
v -0.374023 -0.323242 0.100586
v -0.381836 -0.319336 0.094727
v -0.411133 -0.299805 0.106445
v -0.401367 -0.291992 0.092773
v -0.393555 -0.27832 0.09082
v -0.374023 -0.313477 0.09082
v -0.374023 -0.313477 0.09082
v -0.374023 -0.323242 0.100586
v -0.381836 -0.319336 0.094727
v -0.428711 -0.272461 0.104492
v -0.413086 -0.268555 0.09082
v -0.405273 -0.295898 0.124023
v -0.428711 -0.272461 0.104492
v -0.411133 -0.299805 0.106445
v -0.424805 -0.266602 0.104492
v -0.428711 -0.272461 0.104492
v -0.424805 -0.268555 0.124023
v -0.422852 -0.262695 0.12207
v -0.424805 -0.25293 0.120117
v -0.424805 -0.266602 0.104492
v -0.426758 -0.258789 0.102539
v -0.428711 -0.249023 0.120117
v -0.415039 -0.245117 0.131836
v -0.428711 -0.249023 0.120117
v -0.428711 -0.272461 0.104492
v -0.424805 -0.266602 0.104492
v -0.413086 -0.268555 0.09082
v -0.424805 -0.266602 0.104492
v -0.426758 -0.258789 0.102539
v -0.413086 -0.260742 0.092773
v -0.416992 -0.258789 0.086914
v -0.426758 -0.258789 0.102539
v -0.432617 -0.254883 0.100586
v -0.428711 -0.249023 0.120117
v -0.424805 -0.211914 0.081055
v -0.416992 -0.258789 0.086914
v -0.432617 -0.254883 0.100586
v -0.432617 -0.254883 0.100586
v -0.428711 -0.249023 0.120117
v -0.426758 -0.208008 0.104492
v -0.424805 -0.211914 0.081055
v -0.413086 -0.260742 0.092773
v -0.399414 -0.262695 0.09082
v -0.399414 -0.262695 0.09082
v -0.397461 -0.258789 0.083008
v -0.391602 -0.225586 0.069336
v -0.397461 -0.258789 0.083008
v -0.395508 -0.250977 0.124023
v -0.385742 -0.254883 0.112305
v -0.393555 -0.245117 0.12793
v -0.413086 -0.249023 0.129883
v -0.381836 -0.272461 0.100586
v -0.358398 -0.303711 0.114258
v -0.358398 -0.303711 0.114258
v -0.389648 -0.258789 0.100586
v -0.389648 -0.258789 0.100586
v -0.383789 -0.254883 0.09668
v -0.379883 -0.249023 0.114258
v -0.399414 -0.262695 0.09082
v -0.389648 -0.258789 0.100586
v -0.381836 -0.272461 0.100586
v -0.393555 -0.27832 0.09082
v -0.362305 -0.307617 0.100586
v -0.362305 -0.307617 0.100586
v -0.383789 -0.254883 0.09668
v -0.397461 -0.258789 0.083008
v -0.381836 -0.223633 0.086914
v -0.381836 -0.223633 0.086914
v -0.379883 -0.249023 0.114258
v -0.383789 -0.254883 0.09668
v -0.391602 -0.225586 0.069336
v -0.40918 -0.299805 0.032227
v -0.426758 -0.268555 0.047852
v -0.436523 -0.272461 0.032227
v -0.40332 -0.293945 0.045898
v -0.40918 -0.299805 0.032227
v -0.436523 -0.272461 0.032227
v -0.40918 -0.297852 0.014648
v -0.368164 -0.303711 0.026367
v -0.368164 -0.303711 0.026367
v -0.40332 -0.293945 0.045898
v -0.40918 -0.299805 0.032227
v -0.426758 -0.264648 0.045898
v -0.436523 -0.272461 0.032227
v -0.426758 -0.268555 0.047852
v -0.40918 -0.262695 0.049805
v -0.426758 -0.264648 0.045898
v -0.426758 -0.268555 0.047852
v -0.40918 -0.262695 0.049805
v -0.413086 -0.250977 0.047852
v -0.413086 -0.250977 0.047852
v -0.411133 -0.22168 0.045898
v -0.426758 -0.264648 0.045898
v -0.436523 -0.272461 0.032227
v -0.436523 -0.272461 0.032227
v -0.43457 -0.272461 0.014648
v -0.43457 -0.272461 0.014648
v -0.430664 -0.254883 0.043945
v -0.413086 -0.256836 0.043945
v -0.413086 -0.256836 0.043945
v -0.401367 -0.256836 0.036133
v -0.393555 -0.28418 0.047852
v -0.393555 -0.28418 0.047852
v -0.387695 -0.274414 0.040039
v -0.401367 -0.256836 0.036133
v -0.397461 -0.250977 0.040039
v -0.413086 -0.250977 0.047852
v -0.397461 -0.250977 0.040039
v -0.395508 -0.227539 0.040039
v -0.411133 -0.22168 0.045898
v -0.40918 -0.297852 0.014648
v -0.43457 -0.272461 0.014648
v -0.420898 -0.266602 0.006836
v -0.401367 -0.288086 0.008789
v -0.370117 -0.301758 0.014648
v -0.370117 -0.301758 0.014648
v -0.43457 -0.266602 0.016602
v -0.43457 -0.266602 0.016602
v -0.436523 -0.256836 0.014648
v -0.422852 -0.256836 0.008789
v -0.420898 -0.262695 0.010742
v -0.420898 -0.262695 0.010742
v -0.420898 -0.266602 0.006836
v -0.43457 -0.266602 0.016602
v -0.422852 -0.256836 0.008789
v -0.405273 -0.254883 0.006836
v -0.407227 -0.260742 0.012695
v -0.420898 -0.262695 0.010742
v -0.422852 -0.256836 0.008789
v -0.407227 -0.260742 0.012695
v -0.40332 -0.229492 0.00293
v -0.405273 -0.254883 0.006836
v -0.407227 -0.260742 0.012695
v -0.393555 -0.27832 0.010742
v -0.393555 -0.27832 0.010742
v -0.397461 -0.25293 0.022461
v -0.401367 -0.258789 0.024414
v -0.407227 -0.260742 0.012695
v -0.407227 -0.260742 0.012695
v -0.401367 -0.258789 0.024414
v -0.393555 -0.27832 0.010742
v -0.405273 -0.254883 0.006836
v -0.393555 -0.28418 0.047852
v -0.366211 -0.297852 0.038086
v -0.362305 -0.288086 0.041992
v -0.362305 -0.288086 0.041992
v -0.397461 -0.25293 0.022461
v -0.397461 -0.250977 0.040039
v -0.401367 -0.256836 0.036133
v -0.401367 -0.256836 0.036133
v -0.387695 -0.274414 0.040039
v -0.387695 -0.274414 0.024414
v -0.401367 -0.258789 0.024414
v -0.393555 -0.229492 0.020508
v -0.395508 -0.227539 0.040039
v -0.362305 -0.27832 0.036133
v -0.362305 -0.27832 0.036133
v -0.370117 -0.291992 0.006836
v -0.370117 -0.291992 0.006836
v -0.370117 -0.301758 0.014648
v -0.401367 -0.288086 0.008789
v -0.393555 -0.229492 0.020508
v -0.393555 -0.27832 0.010742
v -0.387695 -0.274414 0.024414
v -0.366211 -0.282227 0.010742
v -0.370117 -0.291992 0.006836
v -0.40332 -0.229492 0.00293
v -0.362305 -0.276367 0.022461
v -0.362305 -0.276367 0.022461
v -0.334961 -0.290039 0.178711
v -0.338867 -0.282227 0.194336
v -0.348633 -0.291992 0.188477
v -0.354492 -0.295898 0.176758
v -0.366211 -0.25293 0.194336
v -0.338867 -0.282227 0.194336
v -0.331055 -0.274414 0.19043
v -0.356445 -0.245117 0.186523
v -0.366211 -0.227539 0.180664
v -0.381836 -0.229492 0.188477
v -0.329102 -0.280273 0.18457
v -0.331055 -0.274414 0.19043
v -0.338867 -0.282227 0.194336
v -0.329102 -0.280273 0.18457
v -0.327148 -0.274414 0.178711
v -0.331055 -0.274414 0.19043
v -0.327148 -0.274414 0.178711
v -0.352539 -0.241211 0.172852
v -0.356445 -0.245117 0.186523
v -0.360352 -0.313477 0.118164
v -0.362305 -0.307617 0.124023
v -0.352539 -0.295898 0.165039
v -0.342773 -0.293945 0.168945
v -0.352539 -0.295898 0.165039
v -0.374023 -0.268555 0.15918
v -0.366211 -0.256836 0.15332
v -0.342773 -0.290039 0.161133
v -0.342773 -0.290039 0.161133
v -0.342773 -0.293945 0.168945
v -0.352539 -0.295898 0.165039
v -0.387695 -0.249023 0.151367
v -0.356445 -0.249023 0.15918
v -0.366211 -0.256836 0.15332
v -0.374023 -0.241211 0.149414
v -0.374023 -0.241211 0.149414
v -0.334961 -0.290039 0.178711
v -0.333008 -0.280273 0.166992
v -0.334961 -0.290039 0.178711
v -0.327148 -0.274414 0.178711
v -0.356445 -0.249023 0.15918
v -0.333008 -0.280273 0.166992
v -0.258789 -0.49707 0.094727
v -0.260742 -0.493164 0.09668
v -0.262695 -0.499023 0.086914
v -0.245117 -0.491211 0.104492
v -0.258789 -0.49707 0.094727
v -0.262695 -0.499023 0.086914
v -0.243164 -0.495117 0.102539
v -0.243164 -0.495117 0.102539
v -0.260742 -0.493164 0.09668
v -0.260742 -0.477539 0.098633
v -0.264648 -0.477539 0.088867
v -0.260742 -0.477539 0.098633
v -0.264648 -0.493164 0.086914
v -0.262695 -0.499023 0.086914
v -0.260742 -0.477539 0.098633
v -0.256836 -0.473633 0.094727
v -0.264648 -0.477539 0.088867
v -0.245117 -0.475586 0.106445
v -0.245117 -0.475586 0.106445
v -0.256836 -0.473633 0.069336
v -0.249023 -0.467773 0.073242
v -0.241211 -0.469727 0.102539
v -0.256836 -0.493164 0.063477
v -0.254883 -0.499023 0.063477
v -0.262695 -0.499023 0.086914
v -0.254883 -0.499023 0.063477
v -0.188477 -0.495117 0.09082
v -0.235352 -0.495117 0.100586
v -0.188477 -0.495117 0.09082
v -0.256836 -0.473633 0.069336
v -0.254883 -0.499023 0.063477
v -0.256836 -0.493164 0.063477
v -0.249023 -0.49707 0.05957
v -0.249023 -0.49707 0.05957
v -0.256836 -0.473633 0.069336
v -0.25293 -0.475586 0.063477
v -0.25293 -0.491211 0.05957
v -0.249023 -0.467773 0.073242
v -0.25293 -0.475586 0.063477
v -0.256836 -0.473633 0.069336
v -0.256836 -0.473633 0.055664
v -0.25293 -0.491211 0.05957
v -0.25293 -0.475586 0.063477
v -0.245117 -0.469727 0.067383
v -0.256836 -0.473633 0.055664
v -0.25293 -0.475586 0.063477
v -0.245117 -0.469727 0.067383
v -0.256836 -0.473633 0.055664
v -0.256836 -0.491211 0.051758
v -0.25293 -0.491211 0.05957
v -0.25293 -0.491211 0.05957
v -0.256836 -0.491211 0.051758
v -0.249023 -0.49707 0.05957
v -0.250977 -0.49707 0.053711
v -0.250977 -0.49707 0.053711
v -0.256836 -0.491211 0.051758
v -0.24707 -0.491211 0.02832
v -0.182617 -0.491211 0.083008
v -0.241211 -0.49707 0.02832
v -0.256836 -0.491211 0.051758
v -0.256836 -0.473633 0.055664
v -0.249023 -0.47168 0.030273
v -0.24707 -0.491211 0.02832
v -0.256836 -0.473633 0.055664
v -0.245117 -0.469727 0.067383
v -0.24707 -0.463867 0.061523
v -0.256836 -0.473633 0.055664
v -0.24707 -0.463867 0.061523
v -0.241211 -0.458008 0.036133
v -0.249023 -0.47168 0.030273
v -0.360352 -0.313477 0.118164
v -0.366211 -0.321289 0.110352
v -0.358398 -0.303711 0.114258
v -0.360352 -0.313477 0.118164
v -0.366211 -0.321289 0.110352
v -0.366211 -0.321289 0.110352
v -0.362305 -0.307617 0.100586
v -0.358398 -0.303711 0.114258
v -0.358398 -0.290039 0.036133
v -0.358398 -0.291992 0.024414
v -0.366211 -0.297852 0.038086
v -0.368164 -0.303711 0.026367
v -0.358398 -0.291992 0.024414
v -0.362305 -0.288086 0.041992
v -0.358398 -0.290039 0.036133
v -0.362305 -0.27832 0.036133
v -0.358398 -0.291992 0.024414
v -0.362305 -0.276367 0.022461
v -0.368164 -0.303711 0.026367
v -0.370117 -0.301758 0.014648
v -0.358398 -0.291992 0.024414
v -0.370117 -0.291992 0.006836
v -0.362305 -0.291992 0.012695
v -0.366211 -0.282227 0.010742
v -0.362305 -0.291992 0.012695
v -0.366211 -0.282227 0.010742
v -0.405273 -0.235352 0.200195
v -0.405273 -0.237305 0.204102
v -0.407227 -0.235352 0.196289
v -0.405273 -0.231445 0.194336
v -0.40332 -0.22168 0.192383
v -0.405273 -0.231445 0.194336
v -0.407227 -0.235352 0.196289
v -0.405273 -0.239258 0.209961
v -0.405273 -0.237305 0.204102
v -0.405273 -0.235352 0.200195
v -0.40332 -0.22168 0.192383
v -0.397461 -0.213867 0.192383
v -0.393555 -0.213867 0.19043
v -0.393555 -0.209961 0.19043
v -0.397461 -0.213867 0.192383
v -0.40332 -0.22168 0.192383
v -0.40332 -0.22168 0.192383
v -0.393555 -0.213867 0.19043
v -0.393555 -0.209961 0.19043
v -0.381836 -0.227539 0.18457
v -0.395508 -0.239258 0.180664
v -0.381836 -0.229492 0.188477
v -0.381836 -0.227539 0.18457
v -0.391602 -0.213867 0.182617
v -0.393555 -0.213867 0.19043
v -0.397461 -0.213867 0.192383
v -0.397461 -0.213867 0.192383
v -0.393555 -0.209961 0.19043
v -0.391602 -0.213867 0.182617
v -0.391602 -0.213867 0.182617
v -0.393555 -0.209961 0.19043
v -0.393555 -0.213867 0.19043
v -0.387695 -0.206055 0.170898
v -0.391602 -0.213867 0.182617
v -0.393555 -0.209961 0.19043
v -0.415039 -0.245117 0.131836
v -0.415039 -0.245117 0.131836
v -0.393555 -0.245117 0.12793
v -0.395508 -0.206055 0.124023
v -0.411133 -0.204102 0.120117
v -0.411133 -0.204102 0.120117
v -0.415039 -0.192383 0.131836
v -0.40332 -0.200195 0.137695
v -0.407227 -0.182617 0.155273
v -0.411133 -0.204102 0.120117
v -0.415039 -0.192383 0.131836
v -0.407227 -0.182617 0.155273
v -0.401367 -0.143555 0.12793
v -0.426758 -0.155273 0.088867
v -0.415039 -0.192383 0.131836
v -0.43457 -0.200195 0.106445
v -0.411133 -0.204102 0.120117
v -0.43457 -0.200195 0.106445
v -0.393555 -0.233398 0.176758
v -0.397461 -0.241211 0.163086
v -0.399414 -0.24707 0.165039
v -0.40332 -0.233398 0.157227
v -0.395508 -0.227539 0.174805
v -0.399414 -0.223633 0.174805
v -0.383789 -0.22168 0.180664
v -0.399414 -0.19043 0.15332
v -0.40332 -0.233398 0.157227
v -0.399414 -0.223633 0.174805
v -0.383789 -0.21582 0.182617
v -0.399414 -0.19043 0.15332
v -0.397461 -0.241211 0.163086
v -0.393555 -0.233398 0.176758
v -0.395508 -0.227539 0.174805
v -0.393555 -0.233398 0.176758
v -0.399414 -0.235352 0.161133
v -0.399414 -0.235352 0.161133
v -0.381836 -0.227539 0.18457
v -0.399414 -0.24707 0.165039
v -0.397461 -0.241211 0.163086
v -0.387695 -0.239258 0.149414
v -0.397461 -0.241211 0.163086
v -0.399414 -0.235352 0.161133
v -0.399414 -0.235352 0.161133
v -0.40332 -0.233398 0.157227
v -0.391602 -0.239258 0.145508
v -0.387695 -0.239258 0.149414
v -0.385742 -0.243164 0.15332
v -0.385742 -0.243164 0.15332
v -0.397461 -0.241211 0.163086
v -0.395508 -0.206055 0.124023
v -0.391602 -0.239258 0.145508
v -0.40332 -0.200195 0.137695
v -0.383789 -0.22168 0.180664
v -0.368164 -0.22168 0.174805
v -0.366211 -0.217773 0.176758
v -0.383789 -0.21582 0.182617
v -0.383789 -0.22168 0.180664
v -0.368164 -0.22168 0.174805
v -0.368164 -0.225586 0.176758
v -0.383789 -0.18457 0.163086
v -0.366211 -0.217773 0.176758
v -0.383789 -0.18457 0.163086
v -0.383789 -0.21582 0.182617
v -0.374023 -0.241211 0.149414
v -0.391602 -0.239258 0.145508
v -0.395508 -0.206055 0.124023
v -0.375977 -0.213867 0.114258
v -0.375977 -0.213867 0.114258
v -0.37207 -0.239258 0.139648
v -0.393555 -0.245117 0.12793
v -0.375977 -0.213867 0.114258
v -0.375977 -0.213867 0.114258
v -0.40332 -0.200195 0.137695
v -0.411133 -0.204102 0.120117
v -0.395508 -0.206055 0.124023
v -0.385742 -0.174805 0.166992
v -0.385742 -0.174805 0.166992
v -0.385742 -0.174805 0.166992
v -0.383789 -0.18457 0.163086
v -0.366211 -0.19043 0.15918
v -0.37793 -0.141602 0.141602
v -0.401367 -0.143555 0.12793
v -0.385742 -0.174805 0.166992
v -0.34668 -0.15332 0.145508
v -0.358398 -0.182617 0.163086
v -0.358398 -0.182617 0.163086
v -0.366211 -0.19043 0.15918
v -0.354492 -0.09668 0.112305
v -0.418945 -0.106445 0.06543
v -0.393555 -0.094727 0.100586
v -0.393555 -0.094727 0.100586
v -0.356445 -0.12793 0.135742
v -0.438477 -0.208008 0.067383
v -0.450195 -0.211914 0.032227
v -0.432617 -0.217773 0.045898
v -0.43457 -0.163086 0.05957
v -0.450195 -0.211914 0.032227
v -0.438477 -0.208008 0.067383
v -0.424805 -0.211914 0.081055
v -0.43457 -0.200195 0.106445
v -0.438477 -0.208008 0.067383
v -0.43457 -0.200195 0.106445
v -0.430664 -0.21582 0.067383
v -0.424805 -0.211914 0.081055
v -0.438477 -0.208008 0.067383
v -0.432617 -0.217773 0.045898
v -0.430664 -0.21582 0.067383
v -0.438477 -0.208008 0.067383
v -0.47168 -0.15332 0.063477
v -0.467773 -0.145508 0.05957
v -0.46582 -0.147461 0.05957
v -0.459961 -0.139648 0.061523
v -0.459961 -0.141602 0.05957
v -0.452148 -0.143555 0.063477
v -0.452148 -0.143555 0.063477
v -0.459961 -0.141602 0.05957
v -0.454102 -0.129883 0.051758
v -0.454102 -0.129883 0.051758
v -0.459961 -0.139648 0.061523
v -0.452148 -0.143555 0.063477
v -0.442383 -0.21582 0.00293
v -0.442383 -0.217773 0.02832
v -0.444336 -0.168945 0.02832
v -0.442383 -0.21582 0.00293
v -0.438477 -0.219727 0.008789
v -0.420898 -0.223633 0.000977
v -0.432617 -0.174805 -0.00293
v -0.420898 -0.22168 -0.008789
v -0.432617 -0.174805 -0.00293
v -0.420898 -0.22168 -0.008789
v -0.442383 -0.21582 0.00293
v -0.461914 -0.143555 0.05957
v -0.467773 -0.145508 0.05957
v -0.46582 -0.147461 0.05957
v -0.459961 -0.139648 0.061523
v -0.459961 -0.139648 0.061523
v -0.461914 -0.143555 0.05957
v -0.467773 -0.145508 0.05957
v -0.46582 -0.147461 0.05957
v -0.461914 -0.143555 0.05957
v -0.459961 -0.139648 0.061523
v -0.459961 -0.141602 0.05957
v -0.459961 -0.141602 0.05957
v -0.459961 -0.139648 0.061523
v -0.452148 -0.12207 0.051758
v -0.454102 -0.129883 0.051758
v -0.459961 -0.139648 0.061523
v -0.454102 -0.129883 0.051758
v -0.452148 -0.12207 0.051758
v -0.446289 -0.120117 0.053711
v -0.452148 -0.12207 0.051758
v -0.454102 -0.129883 0.051758
v -0.454102 -0.129883 0.051758
v -0.452148 -0.12207 0.051758
v -0.448242 -0.12207 0.049805
v -0.448242 -0.12207 0.049805
v -0.446289 -0.120117 0.053711
v -0.454102 -0.129883 0.051758
v -0.43457 -0.116211 0.020508
v -0.422852 -0.12793 -0.010742
v -0.426758 -0.208008 0.104492
v -0.43457 -0.200195 0.106445
v -0.426758 -0.208008 0.104492
v -0.426758 -0.155273 0.088867
v -0.424805 -0.211914 0.081055
v -0.430664 -0.21582 0.067383
v -0.391602 -0.225586 0.069336
v -0.393555 -0.227539 0.055664
v -0.391602 -0.225586 0.069336
v -0.430664 -0.21582 0.067383
v -0.411133 -0.22168 0.045898
v -0.375977 -0.213867 0.114258
v -0.381836 -0.223633 0.086914
v -0.368164 -0.223633 0.083008
v -0.360352 -0.208008 0.133789
v -0.37207 -0.239258 0.139648
v -0.375977 -0.213867 0.114258
v -0.354492 -0.213867 0.116211
v -0.360352 -0.208008 0.133789
v -0.368164 -0.223633 0.083008
v -0.381836 -0.223633 0.086914
v -0.391602 -0.225586 0.069336
v -0.391602 -0.225586 0.069336
v -0.393555 -0.227539 0.055664
v -0.379883 -0.227539 0.047852
v -0.379883 -0.227539 0.047852
v -0.418945 -0.106445 0.06543
v -0.395508 -0.227539 0.040039
v -0.40332 -0.229492 0.00293
v -0.379883 -0.227539 0.047852
v -0.393555 -0.229492 0.020508
v -0.395508 -0.227539 -0.000977
v -0.356445 -0.180664 0.049805
v -0.368164 -0.223633 0.083008
v -0.379883 -0.227539 0.047852
v -0.379883 -0.19043 -0.010742
v -0.395508 -0.227539 -0.000977
v -0.43457 -0.163086 0.05957
v -0.43457 -0.116211 0.020508
v -0.450195 -0.116211 0.051758
v -0.450195 -0.116211 0.051758
v -0.446289 -0.120117 0.053711
v -0.448242 -0.12207 0.049805
v -0.436523 -0.118164 0.055664
v -0.436523 -0.118164 0.055664
v -0.422852 -0.110352 0.049805
v -0.422852 -0.110352 0.049805
v -0.436523 -0.118164 0.055664
v -0.448242 -0.12207 0.049805
v -0.450195 -0.116211 0.051758
v -0.436523 -0.118164 0.055664
v -0.420898 -0.110352 0.053711
v -0.420898 -0.110352 0.053711
v -0.422852 -0.110352 0.049805
v -0.450195 -0.116211 0.051758
v -0.411133 -0.092773 0.055664
v -0.426758 -0.079102 0.061523
v -0.438477 -0.09082 0.018555
v -0.438477 -0.09082 0.018555
v -0.426758 -0.079102 0.061523
v -0.418945 -0.000977 0.03418
v -0.424805 -0.104492 0.018555
v -0.411133 -0.092773 0.055664
v -0.438477 -0.09082 0.018555
v -0.418945 -0.108398 -0.018555
v -0.424805 -0.104492 0.018555
v -0.438477 -0.09082 0.018555
v -0.438477 -0.016602 -0.026367
v -0.418945 -0.108398 -0.018555
v -0.387695 -0.081055 0.086914
v -0.411133 -0.092773 0.055664
v -0.424805 -0.104492 0.018555
v -0.356445 -0.086914 0.092773
v -0.387695 -0.081055 0.086914
v -0.426758 -0.079102 0.061523
v -0.387695 -0.081055 0.086914
v -0.397461 -0.063477 0.094727
v -0.354492 -0.073242 0.100586
v -0.418945 -0.000977 0.03418
v -0.381836 0.00293 0.073242
v -0.397461 -0.063477 0.094727
v -0.354492 -0.073242 0.100586
v -0.381836 0.00293 0.073242
v -0.387695 -0.081055 0.086914
v -0.356445 -0.086914 0.092773
v -0.420898 -0.114258 0.053711
v -0.420898 -0.114258 0.053711
v -0.43457 -0.116211 0.020508
v -0.424805 -0.104492 0.018555
v -0.413086 -0.118164 -0.008789
v -0.422852 -0.12793 -0.010742
v -0.418945 -0.108398 -0.018555
v -0.413086 -0.118164 -0.008789
v -0.424805 -0.104492 0.018555
v -0.370117 0.05957 0.057617
v -0.407227 0.06543 0.012695
v -0.418945 -0.000977 0.03418
v -0.407227 0.06543 0.012695
v -0.438477 -0.016602 -0.026367
v -0.360352 -0.229492 0.166992
v -0.368164 -0.22168 0.174805
v -0.368164 -0.225586 0.176758
v -0.368164 -0.225586 0.176758
v -0.366211 -0.227539 0.180664
v -0.360352 -0.229492 0.166992
v -0.360352 -0.229492 0.166992
v -0.354492 -0.223633 0.165039
v -0.364258 -0.235352 0.155273
v -0.360352 -0.233398 0.149414
v -0.354492 -0.223633 0.165039
v -0.360352 -0.229492 0.166992
v -0.360352 -0.229492 0.166992
v -0.364258 -0.235352 0.155273
v -0.360352 -0.233398 0.149414
v -0.364258 -0.235352 0.155273
v -0.366211 -0.19043 0.15918
v -0.366211 -0.217773 0.176758
v -0.354492 -0.198242 0.147461
v -0.344727 -0.227539 0.163086
v -0.344727 -0.223633 0.163086
v -0.342773 -0.225586 0.163086
v -0.342773 -0.21582 0.165039
v -0.344727 -0.223633 0.163086
v -0.344727 -0.227539 0.163086
v -0.342773 -0.225586 0.163086
v -0.342773 -0.233398 0.166992
v -0.344727 -0.227539 0.163086
v -0.344727 -0.227539 0.163086
v -0.342773 -0.225586 0.163086
v -0.342773 -0.21582 0.165039
v -0.34668 -0.209961 0.161133
v -0.34668 -0.22168 0.163086
v -0.348633 -0.219727 0.161133
v -0.34668 -0.22168 0.163086
v -0.342773 -0.21582 0.165039
v -0.342773 -0.21582 0.165039
v -0.354492 -0.198242 0.147461
v -0.34668 -0.202148 0.15332
v -0.344727 -0.206055 0.155273
v -0.34668 -0.209961 0.161133
v -0.34668 -0.209961 0.161133
v -0.344727 -0.206055 0.155273
v -0.342773 -0.202148 0.15332
v -0.342773 -0.202148 0.15332
v -0.34668 -0.202148 0.15332
v -0.34668 -0.209961 0.161133
v -0.374023 -0.241211 0.149414
v -0.37207 -0.239258 0.139648
v -0.360352 -0.233398 0.149414
v -0.360352 -0.208008 0.133789
v -0.348633 -0.174805 0.129883
v -0.354492 -0.213867 0.116211
v -0.344727 -0.206055 0.155273
v -0.34668 -0.202148 0.15332
v -0.342773 -0.202148 0.15332
v -0.344727 -0.196289 0.149414
v -0.358398 -0.188477 0.147461
v -0.352539 -0.198242 0.149414
v -0.352539 -0.198242 0.149414
v -0.358398 -0.188477 0.147461
v -0.352539 -0.180664 0.137695
v -0.342773 -0.202148 0.15332
v -0.34668 -0.202148 0.15332
v -0.352539 -0.198242 0.149414
v -0.352539 -0.198242 0.149414
v -0.344727 -0.196289 0.149414
v -0.342773 -0.202148 0.15332
v -0.352539 -0.180664 0.137695
v -0.358398 -0.182617 0.163086
v -0.352539 -0.180664 0.137695
v -0.34668 -0.15332 0.145508
v -0.34082 -0.172852 0.133789
v -0.34668 -0.15332 0.145508
v -0.348633 -0.174805 0.129883
v -0.342773 -0.188477 0.102539
v -0.342773 -0.188477 0.102539
v -0.338867 -0.147461 0.147461
v -0.356445 -0.12793 0.135742
v -0.34668 -0.15332 0.145508
v -0.338867 -0.147461 0.147461
v -0.338867 -0.147461 0.147461
v -0.321289 -0.131836 0.143555
v -0.338867 -0.110352 0.12793
v -0.34082 -0.172852 0.133789
v -0.334961 -0.168945 0.12793
v -0.331055 -0.15332 0.137695
v -0.319336 -0.172852 0.108398
v -0.331055 -0.15332 0.137695
v -0.319336 -0.172852 0.108398
v -0.319336 -0.186523 0.133789
v -0.31543 -0.174805 0.147461
v -0.334961 -0.168945 0.12793
v -0.331055 -0.15332 0.137695
v -0.319336 -0.172852 0.108398
v -0.319336 -0.186523 0.133789
v -0.334961 -0.168945 0.12793
v -0.311523 -0.188477 0.137695
v -0.303711 -0.163086 0.155273
v -0.31543 -0.174805 0.147461
v -0.311523 -0.188477 0.137695
v -0.311523 -0.176758 0.147461
v -0.31543 -0.174805 0.147461
v -0.311523 -0.176758 0.147461
v -0.301758 -0.166992 0.15332
v -0.31543 -0.174805 0.147461
v -0.301758 -0.166992 0.15332
v -0.303711 -0.163086 0.155273
v -0.305664 -0.188477 0.118164
v -0.311523 -0.188477 0.137695
v -0.319336 -0.141602 0.139648
v -0.321289 -0.131836 0.143555
v -0.319336 -0.141602 0.139648
v -0.321289 -0.131836 0.143555
v -0.319336 -0.141602 0.139648
v -0.299805 -0.137695 0.125977
v -0.299805 -0.125977 0.124023
v -0.299805 -0.125977 0.124023
v -0.319336 -0.141602 0.139648
v -0.303711 -0.163086 0.155273
v -0.299805 -0.137695 0.125977
v -0.290039 -0.192383 0.165039
v -0.301758 -0.200195 0.157227
v -0.290039 -0.223633 0.163086
v -0.290039 -0.223633 0.163086
v -0.301758 -0.200195 0.157227
v -0.291992 -0.229492 0.15332
v -0.27832 -0.21582 0.168945
v -0.290039 -0.223633 0.163086
v -0.291992 -0.229492 0.15332
v -0.280273 -0.229492 0.157227
v -0.276367 -0.225586 0.165039
v -0.276367 -0.225586 0.165039
v -0.30957 -0.182617 0.151367
v -0.307617 -0.206055 0.141602
v -0.291992 -0.229492 0.15332
v -0.301758 -0.200195 0.157227
v -0.311523 -0.188477 0.137695
v -0.307617 -0.206055 0.141602
v -0.301758 -0.200195 0.157227
v -0.30957 -0.182617 0.151367
v -0.290039 -0.192383 0.165039
v -0.27832 -0.21582 0.168945
v -0.268555 -0.186523 0.149414
v -0.297852 -0.172852 0.161133
v -0.297852 -0.172852 0.161133
v -0.291992 -0.229492 0.15332
v -0.307617 -0.206055 0.141602
v -0.280273 -0.227539 0.139648
v -0.280273 -0.229492 0.157227
v -0.307617 -0.206055 0.141602
v -0.311523 -0.188477 0.137695
v -0.295898 -0.206055 0.125977
v -0.295898 -0.206055 0.125977
v -0.301758 -0.188477 0.124023
v -0.311523 -0.176758 0.147461
v -0.301758 -0.188477 0.124023
v -0.276367 -0.198242 0.12207
v -0.280273 -0.227539 0.139648
v -0.295898 -0.206055 0.125977
v -0.286133 -0.180664 0.120117
v -0.276367 -0.198242 0.12207
v -0.268555 -0.227539 0.147461
v -0.262695 -0.22168 0.155273
v -0.27832 -0.21582 0.168945
v -0.276367 -0.225586 0.165039
v -0.262695 -0.22168 0.155273
v -0.268555 -0.227539 0.147461
v -0.262695 -0.22168 0.155273
v -0.258789 -0.211914 0.157227
v -0.27832 -0.21582 0.168945
v -0.258789 -0.211914 0.157227
v -0.258789 -0.211914 0.157227
v -0.262695 -0.22168 0.155273
v -0.258789 -0.21582 0.143555
v -0.268555 -0.186523 0.149414
v -0.264648 -0.22168 0.135742
v -0.258789 -0.21582 0.143555
v -0.262695 -0.22168 0.155273
v -0.268555 -0.227539 0.147461
v -0.264648 -0.22168 0.135742
v -0.268555 -0.19043 0.131836
v -0.268555 -0.19043 0.131836
v -0.276367 -0.172852 0.129883
v -0.286133 -0.180664 0.120117
v -0.276367 -0.172852 0.129883
v -0.297852 -0.170898 0.155273
v -0.30957 -0.182617 0.151367
v -0.297852 -0.172852 0.161133
v -0.280273 -0.166992 0.143555
v -0.297852 -0.170898 0.155273
v -0.297852 -0.172852 0.161133
v -0.276367 -0.166992 0.145508
v -0.276367 -0.166992 0.145508
v -0.280273 -0.166992 0.143555
v -0.297852 -0.172852 0.161133
v -0.297852 -0.170898 0.155273
v -0.30957 -0.182617 0.151367
v -0.301758 -0.166992 0.15332
v -0.282227 -0.157227 0.141602
v -0.303711 -0.163086 0.155273
v -0.301758 -0.166992 0.15332
v -0.282227 -0.161133 0.141602
v -0.282227 -0.161133 0.141602
v -0.282227 -0.157227 0.141602
v -0.280273 -0.165039 0.124023
v -0.280273 -0.166992 0.143555
v -0.282227 -0.168945 0.12793
v -0.280273 -0.165039 0.124023
v -0.299805 -0.137695 0.125977
v -0.282227 -0.157227 0.141602
v -0.282227 -0.168945 0.12793
v -0.280273 -0.166992 0.143555
v -0.276367 -0.172852 0.129883
v -0.282227 -0.168945 0.12793
v -0.276367 -0.172852 0.129883
v -0.286133 -0.180664 0.120117
v -0.286133 -0.180664 0.120117
v -0.297852 -0.149414 0.108398
v -0.297852 -0.149414 0.108398
v -0.276367 -0.166992 0.145508
v -0.280273 -0.166992 0.143555
v -0.276367 -0.166992 0.145508
v -0.276367 -0.172852 0.129883
v -0.262695 -0.149414 0.125977
v -0.262695 -0.151367 0.125977
v -0.266602 -0.157227 0.125977
v -0.266602 -0.157227 0.125977
v -0.262695 -0.151367 0.125977
v -0.260742 -0.143555 0.129883
v -0.266602 -0.157227 0.125977
v -0.262695 -0.149414 0.125977
v -0.260742 -0.143555 0.129883
v -0.250977 -0.161133 0.12793
v -0.256836 -0.155273 0.125977
v -0.254883 -0.15332 0.125977
v -0.260742 -0.143555 0.129883
v -0.262695 -0.149414 0.125977
v -0.270508 -0.139648 0.125977
v -0.270508 -0.139648 0.125977
v -0.276367 -0.131836 0.120117
v -0.274414 -0.125977 0.120117
v -0.272461 -0.131836 0.124023
v -0.276367 -0.131836 0.120117
v -0.270508 -0.139648 0.125977
v -0.270508 -0.139648 0.125977
v -0.274414 -0.125977 0.120117
v -0.272461 -0.131836 0.124023
v -0.262695 -0.151367 0.125977
v -0.262695 -0.149414 0.125977
v -0.260742 -0.143555 0.129883
v -0.260742 -0.143555 0.129883
v -0.258789 -0.151367 0.125977
v -0.262695 -0.151367 0.125977
v -0.256836 -0.155273 0.125977
v -0.260742 -0.143555 0.129883
v -0.258789 -0.151367 0.125977
v -0.254883 -0.15332 0.125977
v -0.254883 -0.15332 0.125977
v -0.256836 -0.155273 0.125977
v -0.258789 -0.151367 0.125977
v -0.260742 -0.143555 0.129883
v -0.256836 -0.155273 0.125977
v -0.254883 -0.15332 0.125977
v -0.31543 -0.106445 0.104492
v -0.354492 -0.213867 0.116211
v -0.342773 -0.188477 0.102539
v -0.317383 -0.18457 0.092773
v -0.323242 -0.176758 0.06543
v -0.317383 -0.18457 0.092773
v -0.342773 -0.188477 0.102539
v -0.356445 -0.180664 0.049805
v -0.301758 -0.163086 0.100586
v -0.301758 -0.163086 0.100586
v -0.305664 -0.188477 0.118164
v -0.319336 -0.172852 0.108398
v -0.317383 -0.18457 0.092773
v -0.323242 -0.176758 0.06543
v -0.303711 -0.157227 0.071289
v -0.297852 -0.165039 0.09082
v -0.297852 -0.165039 0.09082
v -0.336914 -0.145508 0.024414
v -0.31543 -0.149414 0.053711
v -0.334961 -0.129883 0.020508
v -0.313477 -0.112305 0.06543
v -0.301758 -0.125977 0.079102
v -0.362305 -0.135742 -0.018555
v -0.362305 -0.151367 -0.022461
v -0.334961 -0.129883 0.020508
v -0.319336 -0.131836 0.010742
v -0.303711 -0.106445 0.061523
v -0.362305 -0.135742 -0.018555
v -0.313477 -0.112305 0.06543
v -0.266602 -0.057617 0.026367
v -0.303711 -0.106445 0.061523
v -0.319336 -0.131836 0.010742
v -0.27832 -0.075195 -0.040039
v -0.319336 -0.131836 0.010742
v -0.362305 -0.135742 -0.018555
v -0.354492 -0.131836 -0.032227
v -0.319336 -0.131836 0.010742
v -0.354492 -0.131836 -0.032227
v -0.27832 -0.075195 -0.040039
v -0.286133 -0.180664 0.120117
v -0.301758 -0.188477 0.124023
v -0.288086 -0.178711 0.114258
v -0.297852 -0.149414 0.108398
v -0.291992 -0.143555 0.100586
v -0.301758 -0.163086 0.100586
v -0.297852 -0.165039 0.09082
v -0.280273 -0.165039 0.124023
v -0.299805 -0.125977 0.124023
v -0.291992 -0.143555 0.100586
v -0.31543 -0.106445 0.104492
v -0.286133 -0.131836 0.118164
v -0.299805 -0.125977 0.120117
v -0.299805 -0.129883 0.118164
v -0.295898 -0.124023 0.118164
v -0.286133 -0.131836 0.118164
v -0.299805 -0.129883 0.118164
v -0.272461 -0.131836 0.124023
v -0.272461 -0.131836 0.124023
v -0.274414 -0.125977 0.120117
v -0.299805 -0.125977 0.120117
v -0.295898 -0.124023 0.118164
v -0.286133 -0.131836 0.118164
v -0.286133 -0.131836 0.118164
v -0.276367 -0.131836 0.120117
v -0.272461 -0.131836 0.124023
v -0.274414 -0.125977 0.120117
v -0.303711 -0.157227 0.071289
v -0.301758 -0.125977 0.079102
v -0.301758 -0.125977 0.079102
v -0.313477 -0.112305 0.06543
v -0.331055 -0.094727 0.084961
v -0.356445 -0.086914 0.092773
v -0.354492 -0.09668 0.112305
v -0.354492 -0.073242 0.100586
v -0.356445 -0.086914 0.092773
v -0.323242 -0.083008 0.086914
v -0.323242 -0.083008 0.086914
v -0.313477 -0.024414 0.073242
v -0.331055 -0.094727 0.084961
v -0.313477 -0.024414 0.073242
v -0.323242 -0.083008 0.086914
v -0.295898 0.020508 0.05957
v -0.370117 0.05957 0.057617
v -0.295898 0.020508 0.05957
v -0.286133 -0.043945 0.102539
v -0.288086 -0.045898 0.102539
v -0.291992 -0.047852 0.09668
v -0.291992 -0.047852 0.09668
v -0.288086 -0.045898 0.102539
v -0.290039 -0.02832 0.098633
v -0.290039 -0.02832 0.098633
v -0.28418 -0.045898 0.106445
v -0.28418 -0.047852 0.104492
v -0.282227 -0.049805 0.108398
v -0.282227 -0.049805 0.108398
v -0.28418 -0.047852 0.104492
v -0.280273 -0.049805 0.108398
v -0.280273 -0.049805 0.108398
v -0.28418 -0.045898 0.106445
v -0.282227 -0.049805 0.108398
v -0.280273 -0.05957 0.114258
v -0.28418 -0.047852 0.104492
v -0.28418 -0.045898 0.106445
v -0.288086 -0.045898 0.102539
v -0.28418 -0.047852 0.104492
v -0.28418 -0.047852 0.104492
v -0.286133 -0.043945 0.102539
v -0.28418 -0.045898 0.106445
v -0.28418 -0.047852 0.104492
v -0.28418 -0.045898 0.106445
v -0.280273 -0.049805 0.108398
v -0.28418 -0.045898 0.106445
v -0.286133 -0.043945 0.102539
v -0.288086 -0.045898 0.102539
v -0.286133 -0.043945 0.102539
v -0.290039 -0.018555 0.094727
v -0.303711 -0.004883 0.067383
v -0.293945 -0.014648 0.079102
v -0.286133 -0.012695 0.09082
v -0.303711 -0.004883 0.067383
v -0.290039 -0.018555 0.094727
v -0.288086 -0.018555 0.088867
v -0.290039 -0.018555 0.094727
v -0.288086 -0.018555 0.088867
v -0.286133 -0.012695 0.09082
v -0.293945 -0.014648 0.079102
v -0.303711 -0.004883 0.067383
v -0.301758 -0.008789 0.06543
v -0.301758 -0.008789 0.06543
v -0.297852 -0.00293 0.067383
v -0.293945 -0.014648 0.079102
v -0.286133 -0.012695 0.09082
v -0.297852 -0.00293 0.067383
v -0.303711 -0.004883 0.067383
v -0.286133 -0.012695 0.09082
v -0.288086 -0.018555 0.088867
v -0.241211 -0.016602 0.006836
v -0.208008 -0.495117 0.125977
v -0.209961 -0.487305 0.129883
v -0.235352 -0.487305 0.118164
v -0.198242 -0.487305 0.124023
v -0.209961 -0.487305 0.129883
v -0.208008 -0.495117 0.125977
v -0.233398 -0.495117 0.114258
v -0.233398 -0.495117 0.114258
v -0.235352 -0.495117 0.100586
v -0.208008 -0.495117 0.125977
v -0.200195 -0.49707 0.120117
v -0.200195 -0.49707 0.120117
v -0.202148 -0.469727 0.125977
v -0.211914 -0.47168 0.131836
v -0.209961 -0.487305 0.129883
v -0.211914 -0.47168 0.131836
v -0.235352 -0.47168 0.120117
v -0.198242 -0.487305 0.124023
v -0.202148 -0.469727 0.125977
v -0.209961 -0.487305 0.129883
v -0.211914 -0.47168 0.131836
v -0.202148 -0.469727 0.125977
v -0.209961 -0.463867 0.12207
v -0.229492 -0.46582 0.112305
v -0.235352 -0.47168 0.120117
v -0.188477 -0.469727 0.151367
v -0.194336 -0.46582 0.137695
v -0.186523 -0.489258 0.147461
v -0.182617 -0.458008 0.141602
v -0.194336 -0.46582 0.137695
v -0.188477 -0.469727 0.151367
v -0.188477 -0.469727 0.151367
v -0.157227 -0.467773 0.15918
v -0.182617 -0.458008 0.141602
v -0.155273 -0.489258 0.155273
v -0.157227 -0.467773 0.15918
v -0.188477 -0.469727 0.151367
v -0.186523 -0.489258 0.147461
v -0.196289 -0.487305 0.133789
v -0.19043 -0.495117 0.131836
v -0.186523 -0.489258 0.147461
v -0.18457 -0.483398 0.092773
v -0.19043 -0.495117 0.131836
v -0.196289 -0.487305 0.133789
v -0.194336 -0.46582 0.137695
v -0.194336 -0.46582 0.137695
v -0.18457 -0.495117 0.141602
v -0.145508 -0.495117 0.143555
v -0.18457 -0.495117 0.141602
v -0.19043 -0.495117 0.131836
v -0.178711 -0.495117 0.092773
v -0.178711 -0.495117 0.092773
v -0.202148 -0.469727 0.125977
v -0.198242 -0.487305 0.124023
v -0.192383 -0.467773 0.100586
v -0.202148 -0.459961 0.09668
v -0.209961 -0.463867 0.12207
v -0.202148 -0.469727 0.125977
v -0.192383 -0.467773 0.100586
v -0.172852 -0.454102 0.106445
v -0.182617 -0.463867 0.104492
v -0.182617 -0.463867 0.104492
v -0.15918 -0.458008 0.147461
v -0.145508 -0.463867 0.151367
v -0.157227 -0.467773 0.15918
v -0.155273 -0.489258 0.155273
v -0.145508 -0.463867 0.151367
v -0.155273 -0.489258 0.155273
v -0.186523 -0.489258 0.147461
v -0.18457 -0.495117 0.141602
v -0.157227 -0.495117 0.149414
v -0.157227 -0.495117 0.149414
v -0.143555 -0.489258 0.147461
v -0.145508 -0.495117 0.143555
v -0.182617 -0.458008 0.141602
v -0.15918 -0.458008 0.147461
v -0.172852 -0.454102 0.106445
v -0.145508 -0.463867 0.151367
v -0.147461 -0.454102 0.112305
v -0.143555 -0.489258 0.147461
v -0.129883 -0.487305 0.108398
v -0.145508 -0.495117 0.143555
v -0.133789 -0.495117 0.104492
v -0.133789 -0.495117 0.104492
v -0.133789 -0.461914 0.114258
v -0.133789 -0.461914 0.114258
v -0.180664 -0.268555 0.098633
v -0.157227 -0.290039 0.116211
v -0.15332 -0.264648 0.125977
v -0.15332 -0.264648 0.125977
v -0.157227 -0.290039 0.116211
v -0.120117 -0.28418 0.112305
v -0.174805 -0.24707 0.106445
v -0.116211 -0.262695 0.120117
v -0.116211 -0.262695 0.120117
v -0.139648 -0.235352 0.12793
v -0.235352 -0.487305 0.118164
v -0.235352 -0.47168 0.120117
v -0.237305 -0.489258 0.104492
v -0.233398 -0.495117 0.114258
v -0.237305 -0.47168 0.106445
v -0.229492 -0.46582 0.112305
v -0.237305 -0.47168 0.106445
v -0.235352 -0.47168 0.120117
v -0.237305 -0.489258 0.104492
v -0.245117 -0.491211 0.104492
v -0.237305 -0.489258 0.104492
v -0.235352 -0.495117 0.100586
v -0.237305 -0.47168 0.106445
v -0.188477 -0.495117 0.09082
v -0.237305 -0.47168 0.106445
v -0.241211 -0.469727 0.102539
v -0.245117 -0.475586 0.106445
v -0.241211 -0.469727 0.102539
v -0.237305 -0.47168 0.106445
v -0.233398 -0.46582 0.081055
v -0.233398 -0.46582 0.081055
v -0.227539 -0.467773 0.084961
v -0.227539 -0.467773 0.084961
v -0.219727 -0.461914 0.088867
v -0.209961 -0.463867 0.12207
v -0.233398 -0.46582 0.081055
v -0.229492 -0.46582 0.077148
v -0.245117 -0.469727 0.067383
v -0.229492 -0.46582 0.077148
v -0.229492 -0.46582 0.077148
v -0.219727 -0.463867 0.081055
v -0.229492 -0.46582 0.077148
v -0.202148 -0.459961 0.09668
v -0.219727 -0.463867 0.081055
v -0.219727 -0.461914 0.088867
v -0.202148 -0.459961 0.09668
v -0.21582 -0.456055 0.075195
v -0.229492 -0.46582 0.077148
v -0.219727 -0.463867 0.081055
v -0.200195 -0.461914 0.09082
v -0.200195 -0.461914 0.09082
v -0.21582 -0.456055 0.075195
v -0.18457 -0.483398 0.092773
v -0.200195 -0.49707 0.120117
v -0.188477 -0.495117 0.09082
v -0.200195 -0.461914 0.09082
v -0.19043 -0.467773 0.094727
v -0.19043 -0.467773 0.094727
v -0.194336 -0.454102 0.084961
v -0.19043 -0.467773 0.094727
v -0.182617 -0.463867 0.086914
v -0.182617 -0.463867 0.086914
v -0.182617 -0.491211 0.083008
v -0.194336 -0.454102 0.084961
v -0.209961 -0.444336 0.053711
v -0.176758 -0.442383 0.06543
v -0.209961 -0.444336 0.053711
v -0.223633 -0.448242 -0.012695
v -0.227539 -0.487305 -0.016602
v -0.227539 -0.487305 -0.016602
v -0.12793 -0.495117 0.071289
v -0.182617 -0.491211 0.083008
v -0.241211 -0.49707 0.02832
v -0.120117 -0.495117 0.03418
v -0.12793 -0.495117 0.071289
v -0.241211 -0.49707 0.02832
v -0.22168 -0.495117 -0.016602
v -0.241211 -0.49707 0.02832
v -0.227539 -0.487305 -0.016602
v -0.22168 -0.495117 -0.016602
v -0.229492 -0.467773 -0.016602
v -0.223633 -0.448242 -0.012695
v -0.198242 -0.424805 0.018555
v -0.198242 -0.424805 0.018555
v -0.208008 -0.415039 0.026367
v -0.198242 -0.424805 0.018555
v -0.165039 -0.420898 0.030273
v -0.223633 -0.430664 -0.010742
v -0.176758 -0.413086 0.041992
v -0.206055 -0.379883 0.02832
v -0.208008 -0.415039 0.026367
v -0.208008 -0.415039 0.026367
v -0.206055 -0.379883 0.02832
v -0.223633 -0.430664 -0.010742
v -0.176758 -0.413086 0.041992
v -0.165039 -0.420898 0.030273
v -0.211914 -0.438477 -0.010742
v -0.211914 -0.438477 -0.010742
v -0.172852 -0.379883 0.045898
v -0.211914 -0.333008 0.032227
v -0.211914 -0.333008 0.032227
v -0.21582 -0.387695 -0.004883
v -0.182617 -0.463867 0.104492
v -0.172852 -0.454102 0.106445
v -0.178711 -0.46582 0.098633
v -0.182617 -0.463867 0.104492
v -0.178711 -0.46582 0.098633
v -0.18457 -0.483398 0.092773
v -0.170898 -0.458008 0.100586
v -0.147461 -0.454102 0.112305
v -0.170898 -0.458008 0.100586
v -0.172852 -0.452148 0.094727
v -0.178711 -0.46582 0.098633
v -0.182617 -0.463867 0.086914
v -0.182617 -0.463867 0.086914
v -0.18457 -0.483398 0.092773
v -0.178711 -0.46582 0.098633
v -0.172852 -0.452148 0.094727
v -0.170898 -0.458008 0.100586
v -0.143555 -0.452148 0.100586
v -0.176758 -0.442383 0.06543
v -0.137695 -0.444336 0.077148
v -0.145508 -0.459961 0.106445
v -0.145508 -0.459961 0.106445
v -0.182617 -0.491211 0.083008
v -0.133789 -0.495117 0.094727
v -0.178711 -0.495117 0.092773
v -0.182617 -0.491211 0.083008
v -0.12793 -0.495117 0.071289
v -0.135742 -0.493164 0.100586
v -0.133789 -0.495117 0.094727
v -0.135742 -0.493164 0.100586
v -0.178711 -0.495117 0.092773
v -0.131836 -0.432617 0.036133
v -0.133789 -0.495117 0.104492
v -0.135742 -0.493164 0.100586
v -0.131836 -0.487305 0.102539
v -0.129883 -0.487305 0.108398
v -0.12793 -0.491211 0.09668
v -0.131836 -0.487305 0.102539
v -0.120117 -0.491211 0.073242
v -0.12793 -0.495117 0.071289
v -0.131836 -0.487305 0.102539
v -0.135742 -0.467773 0.106445
v -0.12793 -0.491211 0.09668
v -0.12793 -0.467773 0.100586
v -0.120117 -0.469727 0.077148
v -0.120117 -0.491211 0.073242
v -0.145508 -0.459961 0.106445
v -0.135742 -0.467773 0.106445
v -0.145508 -0.459961 0.106445
v -0.133789 -0.461914 0.114258
v -0.135742 -0.467773 0.106445
v -0.12793 -0.467773 0.100586
v -0.143555 -0.452148 0.100586
v -0.12793 -0.467773 0.100586
v -0.137695 -0.444336 0.077148
v -0.120117 -0.469727 0.077148
v -0.120117 -0.495117 0.03418
v -0.110352 -0.463867 0.038086
v -0.131836 -0.432617 0.036133
v -0.118164 -0.481445 0.006836
v -0.120117 -0.495117 0.03418
v -0.12793 -0.489258 0.004883
v -0.12793 -0.489258 0.004883
v -0.116211 -0.475586 -0.020508
v -0.12207 -0.487305 -0.022461
v -0.12793 -0.489258 0.004883
v -0.12207 -0.487305 -0.022461
v -0.116211 -0.475586 -0.020508
v -0.165039 -0.420898 0.030273
v -0.172852 -0.379883 0.045898
v -0.176758 -0.413086 0.041992
v -0.157227 -0.415039 0.045898
v -0.157227 -0.381836 0.049805
v -0.165039 -0.420898 0.030273
v -0.12207 -0.383789 0.045898
v -0.157227 -0.415039 0.045898
v -0.165039 -0.420898 0.030273
v -0.124023 -0.424805 0.045898
v -0.124023 -0.424805 0.045898
v -0.19043 -0.34082 0.05957
v -0.163086 -0.350586 0.06543
v -0.12207 -0.383789 0.045898
v -0.163086 -0.350586 0.06543
v -0.157227 -0.381836 0.049805
v -0.165039 -0.420898 0.030273
v -0.131836 -0.432617 0.036133
v -0.124023 -0.424805 0.045898
v -0.112305 -0.450195 0.012695
v -0.131836 -0.432617 0.036133
v -0.112305 -0.450195 0.012695
v -0.098633 -0.444336 0.016602
v -0.124023 -0.424805 0.045898
v -0.223633 -0.323242 0.000977
v -0.209961 -0.27832 0.020508
v -0.223633 -0.323242 0.000977
v -0.209961 -0.27832 0.020508
v -0.213867 -0.313477 -0.045898
v -0.208008 -0.385742 -0.041992
v -0.213867 -0.313477 -0.045898
v -0.202148 -0.286133 0.049805
v -0.202148 -0.286133 0.049805
v -0.18457 -0.291992 0.071289
v -0.202148 -0.286133 0.049805
v -0.192383 -0.270508 0.053711
v -0.192383 -0.270508 0.053711
v -0.192383 -0.260742 0.032227
v -0.18457 -0.264648 0.057617
v -0.18457 -0.264648 0.057617
v -0.200195 -0.270508 -0.018555
v -0.18457 -0.258789 0.036133
v -0.176758 -0.254883 0.010742
v -0.182617 -0.256836 -0.000977
v -0.155273 -0.317383 0.077148
v -0.12207 -0.350586 0.073242
v -0.12207 -0.350586 0.073242
v -0.155273 -0.317383 0.077148
v -0.178711 -0.290039 0.094727
v -0.18457 -0.291992 0.071289
v -0.155273 -0.30957 0.098633
v -0.178711 -0.290039 0.094727
v -0.155273 -0.317383 0.077148
v -0.120117 -0.307617 0.083008
v -0.155273 -0.30957 0.098633
v -0.155273 -0.317383 0.077148
v -0.120117 -0.307617 0.083008
v -0.178711 -0.290039 0.094727
v -0.155273 -0.30957 0.098633
v -0.180664 -0.268555 0.098633
v -0.129883 -0.301758 0.104492
v -0.182617 -0.264648 0.077148
v -0.174805 -0.24707 0.106445
v -0.18457 -0.264648 0.057617
v -0.186523 -0.249023 0.06543
v -0.176758 -0.237305 0.086914
v -0.108398 -0.282227 0.092773
v -0.120117 -0.28418 0.112305
v -0.129883 -0.301758 0.104492
v -0.120117 -0.307617 0.083008
v -0.18457 -0.250977 0.038086
v -0.18457 -0.258789 0.036133
v -0.176758 -0.254883 0.010742
v -0.188477 -0.24707 0.004883
v -0.176758 -0.254883 0.010742
v -0.18457 -0.250977 0.038086
v -0.196289 -0.245117 0.036133
v -0.186523 -0.249023 0.06543
v -0.166992 -0.24707 -0.014648
v -0.161133 -0.256836 -0.024414
v -0.182617 -0.256836 -0.000977
v -0.176758 -0.254883 0.010742
v -0.155273 -0.254883 -0.008789
v -0.155273 -0.254883 -0.008789
v -0.110352 -0.463867 0.038086
v -0.112305 -0.489258 0.036133
v -0.112305 -0.489258 0.036133
v -0.112305 -0.489258 0.036133
v -0.108398 -0.46582 0.010742
v -0.108398 -0.46582 0.010742
v -0.112305 -0.450195 0.012695
v -0.108398 -0.461914 -0.020508
v -0.118164 -0.481445 0.006836
v -0.116211 -0.475586 -0.020508
v -0.092773 -0.444336 -0.024414
v -0.108398 -0.450195 -0.026367
v -0.108398 -0.450195 -0.026367
v -0.100586 -0.395508 0.020508
v -0.124023 -0.424805 0.045898
v -0.098633 -0.444336 0.016602
v -0.092773 -0.444336 -0.024414
v -0.12207 -0.383789 0.045898
v -0.100586 -0.395508 0.020508
v -0.083008 -0.354492 0.061523
v -0.06543 -0.352539 0.02832
v -0.088867 -0.393555 -0.014648
v -0.06543 -0.352539 0.02832
v -0.088867 -0.30957 0.073242
v -0.120117 -0.307617 0.083008
v -0.116211 -0.262695 0.120117
v -0.102539 -0.254883 0.104492
v -0.116211 -0.262695 0.120117
v -0.102539 -0.254883 0.104492
v -0.133789 -0.219727 0.116211
v -0.139648 -0.235352 0.12793
v -0.094727 -0.270508 0.079102
v -0.102539 -0.254883 0.104492
v -0.094727 -0.270508 0.079102
v -0.084961 -0.268555 0.084961
v -0.09668 -0.24707 0.110352
v -0.09668 -0.24707 0.110352
v -0.133789 -0.219727 0.116211
v -0.102539 -0.254883 0.104492
v -0.094727 -0.295898 0.075195
v -0.108398 -0.282227 0.092773
v -0.120117 -0.307617 0.083008
v -0.088867 -0.30957 0.073242
v -0.094727 -0.295898 0.075195
v -0.120117 -0.307617 0.083008
v -0.094727 -0.295898 0.075195
v -0.098633 -0.28418 0.075195
v -0.09082 -0.280273 0.045898
v -0.094727 -0.295898 0.075195
v -0.088867 -0.30957 0.073242
v -0.083008 -0.288086 0.045898
v -0.094727 -0.295898 0.075195
v -0.083008 -0.288086 0.045898
v -0.09082 -0.280273 0.045898
v -0.077148 -0.274414 0.045898
v -0.086914 -0.274414 0.045898
v -0.086914 -0.274414 0.045898
v -0.083008 -0.354492 0.061523
v -0.075195 -0.305664 0.041992
v -0.057617 -0.239258 0.094727
v -0.05957 -0.342773 -0.016602
v -0.069336 -0.295898 0.000977
v -0.09082 -0.274414 0.014648
v -0.069336 -0.295898 0.000977
v -0.079102 -0.282227 0.008789
v -0.09082 -0.274414 0.014648
v -0.09082 -0.274414 0.014648
v -0.077148 -0.274414 0.045898
v -0.086914 -0.274414 0.045898
v -0.077148 -0.270508 0.008789
v -0.077148 -0.274414 0.045898
v -0.077148 -0.270508 0.008789
v -0.053711 -0.24707 0.045898
v -0.053711 -0.24707 0.045898
v -0.057617 -0.239258 0.094727
v -0.077148 -0.274414 0.045898
v -0.075195 -0.288086 -0.03418
v -0.098633 -0.272461 -0.022461
v -0.069336 -0.325195 -0.055664
v -0.075195 -0.288086 -0.03418
v -0.104492 -0.266602 -0.008789
v -0.104492 -0.266602 -0.008789
v -0.057617 -0.249023 -0.000977
v -0.086914 -0.260742 -0.016602
v -0.086914 -0.260742 -0.016602
v -0.133789 -0.219727 0.116211
v -0.174805 -0.24707 0.106445
v -0.139648 -0.235352 0.12793
v -0.196289 -0.208008 0.081055
v -0.198242 -0.239258 0.069336
v -0.188477 -0.231445 0.088867
v -0.188477 -0.231445 0.088867
v -0.198242 -0.239258 0.069336
v -0.176758 -0.237305 0.086914
v -0.172852 -0.213867 0.108398
v -0.172852 -0.213867 0.108398
v -0.198242 -0.239258 0.069336
v -0.196289 -0.208008 0.081055
v -0.200195 -0.211914 0.036133
v -0.196289 -0.245117 0.036133
v -0.198242 -0.239258 0.069336
v -0.186523 -0.249023 0.06543
v -0.188477 -0.15918 0.083008
v -0.192383 -0.163086 0.032227
v -0.15918 -0.168945 0.116211
v -0.188477 -0.15918 0.083008
v -0.174805 -0.112305 0.030273
v -0.192383 -0.163086 0.032227
v -0.188477 -0.15918 0.083008
v -0.143555 -0.124023 0.114258
v -0.168945 -0.110352 0.081055
v -0.168945 -0.110352 0.081055
v -0.188477 -0.24707 0.004883
v -0.186523 -0.22168 -0.006836
v -0.182617 -0.174805 -0.018555
v -0.188477 -0.24707 0.004883
v -0.186523 -0.22168 -0.006836
v -0.166992 -0.24707 -0.014648
v -0.174805 -0.112305 0.030273
v -0.166992 -0.12207 -0.024414
v -0.176758 -0.237305 0.086914
v -0.133789 -0.219727 0.116211
v -0.12207 -0.186523 0.124023
v -0.079102 -0.217773 0.12207
v -0.09082 -0.15332 0.12207
v -0.260742 0.024414 0.032227
v -0.243164 0.032227 -0.008789
v -0.25293 -0.02832 -0.063477
v -0.243164 0.026367 -0.061523
v -0.168945 -0.110352 0.081055
v -0.143555 -0.124023 0.114258
v -0.12207 -0.081055 0.09668
v -0.141602 -0.071289 0.075195
v -0.12207 -0.081055 0.09668
v -0.141602 -0.071289 0.075195
v -0.168945 -0.110352 0.081055
v -0.143555 -0.124023 0.114258
v -0.09082 -0.15332 0.12207
v -0.086914 -0.114258 0.110352
v -0.12207 -0.081055 0.09668
v -0.129883 -0.067383 0.071289
v -0.15332 -0.069336 0.026367
v -0.129883 -0.067383 0.071289
v -0.141602 -0.071289 0.075195
v -0.129883 -0.067383 0.071289
v -0.135742 -0.05957 0.079102
v -0.143555 -0.06543 0.026367
v -0.106445 -0.079102 0.088867
v -0.135742 -0.05957 0.079102
v -0.129883 -0.067383 0.071289
v -0.143555 -0.06543 0.026367
v -0.106445 -0.079102 0.088867
v -0.131836 -0.032227 0.081055
v -0.15332 -0.053711 0.026367
v -0.083008 -0.053711 0.124023
v -0.131836 -0.032227 0.081055
v -0.135742 -0.05957 0.079102
v -0.106445 -0.079102 0.088867
v -0.084961 -0.088867 0.098633
v -0.084961 -0.088867 0.098633
v -0.088867 -0.079102 0.116211
v -0.135742 -0.05957 0.079102
v -0.088867 -0.079102 0.116211
v -0.149414 -0.024414 0.024414
v -0.118164 -0.024414 0.075195
v -0.149414 -0.024414 0.024414
v -0.131836 -0.032227 0.081055
v -0.077148 -0.041992 0.114258
v -0.118164 -0.024414 0.075195
v -0.131836 -0.032227 0.081055
v -0.083008 -0.053711 0.124023
v -0.147461 -0.079102 -0.026367
v -0.166992 -0.12207 -0.024414
v -0.15332 -0.069336 0.026367
v -0.143555 -0.06543 0.026367
v -0.135742 -0.073242 -0.022461
v -0.147461 -0.079102 -0.026367
v -0.135742 -0.073242 -0.022461
v -0.143555 -0.063477 -0.032227
v -0.131836 -0.016602 0.024414
v -0.12207 -0.016602 -0.026367
v -0.137695 -0.024414 -0.03418
v -0.137695 -0.024414 -0.03418
v -0.131836 -0.016602 0.024414
v -0.118164 -0.024414 0.075195
v -0.12207 0.016602 0.073242
v -0.139648 0.038086 0.020508
v -0.12207 -0.016602 -0.026367
v -0.02832 -0.133789 0.12207
v -0.03418 -0.071289 0.141602
v -0.053711 -0.100586 0.125977
v -0.05957 -0.108398 0.104492
v -0.053711 -0.100586 0.125977
v -0.03418 -0.071289 0.141602
v -0.032227 -0.055664 0.131836
v 0.000977 -0.069336 0.147461
v 0.000977 -0.135742 0.124023
v 0.000977 -0.069336 0.147461
v -0.063477 -0.045898 0.120117
v -0.012695 0.00293 0.15918
v -0.063477 -0.045898 0.120117
v -0.032227 -0.055664 0.131836
v 0.000977 -0.053711 0.137695
v 0.000977 -0.053711 0.137695
v -0.071289 0.000977 0.125977
v -0.063477 -0.045898 0.120117
v -0.05957 -0.008789 0.143555
v -0.05957 -0.008789 0.143555
v -0.063477 -0.045898 0.120117
v -0.012695 0.00293 0.15918
v 0.000977 0.020508 0.147461
v -0.071289 0.000977 0.125977
v -0.05957 -0.008789 0.143555
v -0.012695 0.00293 0.15918
v -0.079102 -0.217773 0.12207
v -0.063477 -0.166992 0.118164
v -0.12207 -0.186523 0.124023
v -0.079102 -0.217773 0.12207
v -0.040039 -0.182617 0.09082
v -0.063477 -0.166992 0.118164
v -0.079102 -0.217773 0.12207
v -0.063477 -0.166992 0.118164
v -0.055664 -0.137695 0.100586
v -0.063477 -0.166992 0.118164
v -0.038086 -0.155273 0.079102
v -0.055664 -0.137695 0.100586
v -0.032227 -0.149414 0.077148
v -0.040039 -0.129883 0.100586
v -0.055664 -0.137695 0.100586
v -0.055664 -0.137695 0.100586
v -0.040039 -0.129883 0.100586
v -0.038086 -0.155273 0.079102
v -0.073242 -0.114258 0.100586
v -0.073242 -0.114258 0.100586
v -0.040039 -0.129883 0.100586
v -0.032227 -0.149414 0.077148
v -0.020508 -0.15918 0.083008
v -0.02832 -0.133789 0.12207
v -0.05957 -0.108398 0.104492
v -0.036133 -0.192383 0.041992
v -0.032227 -0.157227 0.036133
v -0.032227 -0.149414 0.077148
v -0.03418 -0.165039 0.038086
v -0.022461 -0.165039 0.038086
v -0.020508 -0.15918 0.083008
v -0.032227 -0.149414 0.077148
v -0.032227 -0.157227 0.036133
v -0.02832 -0.133789 0.12207
v -0.020508 -0.15918 0.083008
v 0.000977 -0.135742 0.124023
v 0.000977 -0.166992 0.038086
v 0.000977 -0.161133 0.084961
v 0.000977 -0.161133 0.084961
v -0.057617 -0.249023 -0.000977
v -0.038086 -0.172852 -0.004883
v -0.038086 -0.196289 -0.008789
v -0.038086 -0.163086 -0.00293
v -0.038086 -0.163086 -0.00293
v -0.02832 -0.170898 -0.004883
v -0.022461 -0.165039 0.038086
v -0.02832 -0.170898 -0.004883
v 0.000977 -0.172852 -0.006836
v 0.000977 -0.172852 -0.006836
v -0.118164 -0.024414 0.075195
v -0.077148 -0.041992 0.114258
v -0.12207 0.016602 0.073242
v -0.098633 0.018555 0.120117
v -0.40332 0.077148 -0.006836
v -0.40918 0.053711 -0.004883
v -0.40918 0.049805 0.00293
v -0.40918 0.049805 0.00293
v -0.401367 0.053711 -0.00293
v -0.40332 0.077148 -0.006836
v -0.370117 0.05957 0.057617
v -0.350586 0.088867 0.032227
v -0.37207 0.104492 -0.004883
v -0.418945 0.051758 -0.051758
v -0.350586 0.088867 0.032227
v -0.30957 0.05957 0.040039
v -0.325195 0.088867 0.024414
v -0.352539 0.108398 -0.010742
v -0.37207 0.104492 -0.004883
v -0.31543 0.124023 0.036133
v -0.325195 0.088867 0.024414
v -0.305664 0.073242 0.057617
v -0.342773 0.143555 -0.006836
v -0.291992 0.108398 0.077148
v -0.297852 0.157227 0.043945
v -0.325195 0.172852 -0.004883
v -0.325195 0.088867 0.024414
v -0.30957 0.05957 0.040039
v -0.305664 0.073242 0.057617
v -0.352539 0.108398 -0.010742
v -0.272461 0.051758 0.057617
v -0.24707 0.088867 0.081055
v -0.266602 0.151367 0.086914
v -0.291992 0.038086 0.038086
v -0.30957 0.05957 0.040039
v -0.295898 0.020508 0.05957
v -0.260742 0.024414 0.032227
v -0.291992 0.038086 0.038086
v -0.295898 0.020508 0.05957
v -0.30957 0.05957 0.040039
v -0.291992 0.038086 0.038086
v -0.266602 0.038086 0.022461
v -0.266602 0.038086 0.022461
v -0.272461 0.051758 0.057617
v -0.291992 0.038086 0.038086
v -0.256836 0.045898 -0.008789
v -0.266602 0.038086 0.022461
v -0.260742 0.024414 0.032227
v -0.243164 0.032227 -0.008789
v -0.241211 0.045898 0.038086
v -0.24707 0.088867 0.081055
v -0.239258 0.05957 -0.00293
v -0.241211 0.045898 0.038086
v -0.266602 0.038086 0.022461
v -0.266602 0.038086 0.022461
v -0.256836 0.045898 -0.008789
v -0.239258 0.05957 -0.00293
v -0.329102 0.241211 0.008789
v -0.336914 0.19043 0.000977
v -0.31543 0.174805 0.055664
v -0.325195 0.172852 -0.004883
v -0.30957 0.22168 0.069336
v -0.25293 0.168945 0.077148
v -0.264648 0.18457 0.094727
v -0.31543 0.174805 0.055664
v -0.31543 0.174805 0.055664
v -0.264648 0.18457 0.094727
v -0.30957 0.22168 0.069336
v -0.297852 0.157227 0.043945
v -0.325195 0.172852 -0.004883
v -0.297852 0.157227 0.043945
v -0.31543 0.174805 0.055664
v -0.327148 0.204102 -0.063477
v -0.319336 0.186523 -0.05957
v -0.329102 0.241211 0.008789
v -0.30957 0.22168 0.069336
v -0.305664 0.303711 0.018555
v -0.319336 0.256836 -0.061523
v -0.319336 0.256836 -0.061523
v -0.206055 0.172852 0.084961
v -0.266602 0.229492 0.104492
v -0.202148 0.223633 0.120117
v -0.202148 0.223633 0.120117
v -0.266602 0.151367 0.086914
v -0.25293 0.168945 0.077148
v -0.297852 0.157227 0.043945
v -0.217773 0.145508 0.092773
v -0.25293 0.168945 0.077148
v -0.266602 0.151367 0.086914
v -0.217773 0.145508 0.092773
v -0.206055 0.172852 0.084961
v -0.291992 0.276367 0.079102
v -0.291992 0.276367 0.079102
v -0.231445 0.286133 0.09082
v -0.291992 0.276367 0.079102
v -0.266602 0.229492 0.104492
v -0.202148 0.223633 0.120117
v -0.329102 0.317383 -0.000977
v -0.342773 0.31543 -0.006836
v -0.325195 0.311523 0.00293
v -0.321289 0.329102 -0.000977
v -0.24707 0.323242 0.018555
v -0.24707 0.323242 0.018555
v -0.299805 0.311523 -0.055664
v -0.270508 0.313477 0.036133
v -0.270508 0.290039 0.038086
v -0.268555 0.286133 0.043945
v -0.268555 0.286133 0.043945
v -0.262695 0.293945 0.040039
v -0.270508 0.313477 0.036133
v -0.274414 0.321289 0.024414
v -0.262695 0.293945 0.040039
v -0.270508 0.290039 0.038086
v -0.274414 0.321289 0.024414
v -0.262695 0.336914 0.020508
v -0.262695 0.336914 0.020508
v -0.295898 0.344727 0.008789
v -0.295898 0.334961 0.004883
v -0.299805 0.327148 0.012695
v -0.299805 0.327148 0.012695
v -0.295898 0.334961 0.004883
v -0.272461 0.333008 0.026367
v -0.295898 0.344727 0.008789
v -0.299805 0.327148 0.012695
v -0.274414 0.321289 0.024414
v -0.303711 0.360352 -0.004883
v -0.295898 0.354492 -0.00293
v -0.303711 0.354492 -0.006836
v -0.303711 0.354492 -0.006836
v -0.295898 0.344727 0.008789
v -0.272461 0.333008 0.026367
v -0.295898 0.354492 -0.00293
v -0.303711 0.360352 -0.004883
v -0.272461 0.333008 0.026367
v -0.168945 0.135742 0.147461
v -0.131836 0.094727 0.143555
v -0.137695 0.112305 0.170898
v -0.137695 0.112305 0.170898
v -0.131836 0.094727 0.143555
v -0.09668 0.118164 0.18457
v -0.118164 0.182617 0.166992
v -0.168945 0.135742 0.147461
v -0.137695 0.112305 0.170898
v -0.09668 0.118164 0.18457
v -0.12793 0.06543 0.129883
v -0.131836 0.094727 0.143555
v -0.178711 0.092773 0.069336
v -0.094727 0.040039 0.133789
v -0.15332 0.051758 0.073242
v -0.163086 0.116211 0.114258
v -0.163086 0.116211 0.114258
v -0.088867 0.079102 0.168945
v -0.086914 0.100586 0.163086
v -0.086914 0.100586 0.163086
v -0.174805 0.209961 0.129883
v -0.196289 0.166992 0.114258
v -0.18457 0.141602 0.084961
v -0.196289 0.166992 0.114258
v -0.18457 0.213867 0.110352
v -0.196289 0.166992 0.114258
v -0.174805 0.209961 0.129883
v -0.149414 0.276367 0.081055
v -0.174805 0.209961 0.129883
v -0.118164 0.182617 0.166992
v -0.141602 0.264648 0.110352
v -0.141602 0.264648 0.110352
v -0.209961 0.079102 0.057617
v -0.217773 0.145508 0.092773
v -0.211914 0.094727 0.008789
v -0.209961 0.079102 0.057617
v -0.209961 0.079102 0.057617
v -0.211914 0.094727 0.008789
v -0.192383 0.131836 0.069336
v -0.192383 0.131836 0.069336
v -0.198242 0.131836 0.014648
v -0.198242 0.133789 -0.055664
v -0.239258 0.05957 -0.00293
v -0.206055 0.100586 -0.05957
v -0.178711 0.092773 0.069336
v -0.198242 0.124023 0.014648
v -0.188477 0.098633 0.016602
v -0.198242 0.12793 -0.055664
v -0.15332 0.051758 0.073242
v -0.168945 0.06543 0.018555
v -0.165039 0.055664 -0.043945
v -0.192383 0.098633 -0.057617
v -0.192383 0.145508 0.06543
v -0.198242 0.131836 0.014648
v -0.12207 0.016602 0.073242
v -0.098633 0.018555 0.120117
v -0.12207 0.016602 0.073242
v -0.168945 0.06543 0.018555
v -0.139648 0.038086 0.020508
v -0.133789 0.032227 -0.02832
v -0.133789 0.032227 -0.02832
v -0.165039 0.055664 -0.043945
v -0.206055 0.172852 0.084961
v -0.206055 0.172852 0.084961
v -0.217773 0.145508 0.092773
v -0.192383 0.145508 0.06543
v -0.206055 0.172852 0.084961
v -0.18457 0.213867 0.110352
v -0.18457 0.213867 0.110352
v -0.174805 0.297852 0.086914
v -0.198242 0.133789 -0.055664
v -0.149414 0.276367 0.081055
v -0.094727 0.040039 0.133789
v -0.084961 0.049805 0.163086
v -0.088867 0.079102 0.168945
v -0.016602 0.073242 0.180664
v -0.084961 0.049805 0.163086
v -0.094727 0.040039 0.133789
v -0.094727 0.040039 0.133789
v -0.071289 0.000977 0.125977
v -0.081055 0.03418 0.155273
v -0.094727 0.040039 0.133789
v -0.081055 0.03418 0.155273
v 0.000977 0.071289 0.163086
v 0.000977 0.071289 0.163086
v -0.016602 0.104492 0.186523
v -0.088867 0.079102 0.168945
v -0.084961 0.049805 0.163086
v -0.016602 0.073242 0.180664
v -0.081055 0.03418 0.155273
v -0.071289 0.000977 0.125977
v -0.063477 0.008789 0.151367
v -0.063477 0.008789 0.151367
v -0.071289 0.000977 0.125977
v -0.014648 0.022461 0.165039
v -0.014648 0.055664 0.174805
v -0.014648 0.022461 0.165039
v 0.000977 0.020508 0.147461
v -0.014648 0.055664 0.174805
v -0.036133 0.131836 0.188477
v -0.036133 0.170898 0.180664
v -0.09668 0.118164 0.18457
v -0.036133 0.131836 0.188477
v -0.018555 0.12207 0.176758
v -0.088867 0.079102 0.168945
v -0.016602 0.104492 0.186523
v -0.018555 0.12207 0.176758
v -0.018555 0.12207 0.176758
v -0.012695 0.00293 0.15918
v 0.000977 -0.053711 0.137695
v 0.000977 0.020508 0.147461
v 0.000977 0.071289 0.163086
v -0.014648 0.055664 0.174805
v -0.014648 0.022461 0.165039
v 0.000977 0.020508 0.147461
v 0.000977 0.071289 0.163086
v -0.016602 0.104492 0.186523
v -0.016602 0.073242 0.180664
v 0.000977 0.110352 0.172852
v 0.000977 0.110352 0.172852
v -0.036133 0.170898 0.180664
v -0.036133 0.131836 0.188477
v -0.018555 0.12207 0.176758
v 0.000977 0.161133 0.170898
v -0.024414 0.225586 0.151367
v -0.084961 0.24707 0.137695
v -0.084961 0.24707 0.137695
v -0.024414 0.225586 0.151367
v -0.014648 0.231445 0.125977
v -0.073242 0.25293 0.108398
v -0.149414 0.276367 0.081055
v -0.149414 0.276367 0.081055
v -0.010742 0.206055 0.161133
v -0.010742 0.206055 0.161133
v 0.000977 0.209961 0.133789
v -0.010742 0.206055 0.161133
v 0.000977 0.161133 0.170898
v 0.000977 0.209961 0.133789
v -0.036133 0.262695 0.114258
v -0.073242 0.25293 0.108398
v -0.014648 0.231445 0.125977
v 0.000977 0.254883 0.133789
v 0.000977 0.209961 0.133789
v -0.192383 0.336914 0.016602
v -0.192383 0.336914 0.016602
v -0.245117 0.327148 -0.067383
v -0.192383 0.336914 0.016602
v -0.174805 0.297852 0.086914
v -0.172852 0.325195 0.012695
v -0.188477 0.336914 -0.073242
v -0.188477 0.336914 -0.073242
v -0.149414 0.276367 0.081055
v -0.12207 0.290039 0.067383
v -0.172852 0.325195 0.012695
v -0.149414 0.276367 0.081055
v -0.073242 0.25293 0.108398
v -0.155273 0.336914 0.010742
v -0.172852 0.325195 0.012695
v -0.155273 0.336914 0.010742
v -0.170898 0.327148 -0.067383
v -0.170898 0.327148 -0.067383
v -0.088867 0.358398 0.014648
v -0.088867 0.358398 0.014648
v -0.063477 0.374023 -0.032227
v -0.15332 0.338867 -0.073242
v -0.024414 0.293945 0.192383
v -0.022461 0.313477 0.19043
v -0.040039 0.313477 0.176758
v 0.000977 0.295898 0.198242
v -0.041992 0.295898 0.174805
v -0.022461 0.280273 0.18457
v 0.000977 0.27832 0.19043
v -0.022461 0.329102 0.194336
v -0.038086 0.336914 0.178711
v 0.000977 0.317383 0.192383
v -0.022461 0.313477 0.19043
v 0.000977 0.295898 0.198242
v 0.000977 0.317383 0.192383
v -0.022461 0.329102 0.194336
v -0.020508 0.334961 0.19043
v -0.038086 0.336914 0.178711
v 0.000977 0.329102 0.198242
v 0.000977 0.329102 0.198242
v -0.03418 0.34082 0.176758
v -0.020508 0.336914 0.149414
v -0.03418 0.34082 0.176758
v -0.020508 0.334961 0.19043
v 0.000977 0.334961 0.145508
v 0.000977 0.334961 0.192383
v 0.000977 0.334961 0.192383
v -0.020508 0.334961 0.188477
v -0.020508 0.338867 0.192383
v -0.03418 0.34668 0.180664
v 0.000977 0.333008 0.192383
v -0.020508 0.338867 0.192383
v -0.020508 0.334961 0.188477
v -0.03418 0.34082 0.176758
v -0.020508 0.334961 0.188477
v -0.03418 0.34082 0.176758
v -0.020508 0.336914 0.149414
v 0.000977 0.333008 0.192383
v -0.008789 0.350586 0.192383
v -0.020508 0.358398 0.186523
v 0.000977 0.338867 0.196289
v 0.000977 0.338867 0.196289
v -0.010742 0.360352 0.209961
v -0.018555 0.364258 0.196289
v -0.018555 0.358398 0.196289
v -0.018555 0.358398 0.196289
v -0.018555 0.364258 0.196289
v -0.020508 0.364258 0.18457
v -0.010742 0.350586 0.208008
v -0.008789 0.350586 0.192383
v -0.010742 0.350586 0.208008
v -0.018555 0.358398 0.196289
v -0.020508 0.358398 0.186523
v -0.020508 0.358398 0.186523
v -0.012695 0.379883 0.200195
v -0.018555 0.370117 0.186523
v -0.020508 0.364258 0.18457
v -0.018555 0.364258 0.196289
v -0.014648 0.379883 0.192383
v -0.012695 0.379883 0.200195
v 0.000977 0.350586 0.209961
v 0.000977 0.348633 0.194336
v 0.000977 0.350586 0.209961
v -0.008789 0.379883 0.208008
v 0.000977 0.360352 0.213867
v 0.000977 0.348633 0.194336
v -0.053711 0.303711 0.149414
v -0.038086 0.282227 0.166992
v -0.041992 0.295898 0.174805
v -0.038086 0.282227 0.166992
v -0.049805 0.323242 0.157227
v -0.049805 0.323242 0.157227
v -0.049805 0.291992 0.139648
v -0.038086 0.282227 0.166992
v -0.049805 0.291992 0.139648
v -0.026367 0.282227 0.129883
v 0.000977 0.276367 0.139648
v -0.022461 0.280273 0.18457
v -0.061523 0.31543 0.125977
v -0.049805 0.301758 0.104492
v -0.057617 0.305664 0.116211
v -0.057617 0.305664 0.116211
v 0.000977 0.27832 0.19043
v -0.049805 0.301758 0.104492
v -0.026367 0.282227 0.129883
v 0.000977 0.276367 0.139648
v -0.041992 0.336914 0.166992
v -0.049805 0.338867 0.161133
v -0.049805 0.323242 0.157227
v -0.049805 0.338867 0.161133
v -0.049805 0.323242 0.157227
v -0.038086 0.336914 0.178711
v -0.041992 0.336914 0.166992
v -0.047852 0.350586 0.163086
v -0.047852 0.350586 0.163086
v -0.053711 0.358398 0.145508
v -0.03418 0.34082 0.176758
v -0.020508 0.336914 0.149414
v -0.041992 0.336914 0.166992
v -0.03418 0.34082 0.176758
v -0.055664 0.37207 0.174805
v -0.05957 0.364258 0.170898
v -0.045898 0.366211 0.18457
v -0.061523 0.375977 0.15332
v -0.05957 0.364258 0.170898
v -0.055664 0.37207 0.174805
v -0.055664 0.37207 0.174805
v -0.045898 0.366211 0.18457
v -0.049805 0.375977 0.172852
v -0.05957 0.385742 0.157227
v -0.055664 0.37207 0.174805
v -0.05957 0.385742 0.157227
v -0.061523 0.375977 0.15332
v -0.045898 0.358398 0.182617
v -0.05957 0.364258 0.170898
v -0.047852 0.350586 0.163086
v -0.05957 0.364258 0.170898
v -0.03418 0.354492 0.180664
v -0.045898 0.358398 0.182617
v -0.047852 0.350586 0.163086
v -0.03418 0.354492 0.180664
v -0.045898 0.358398 0.182617
v -0.032227 0.360352 0.186523
v -0.032227 0.360352 0.186523
v -0.020508 0.364258 0.18457
v -0.020508 0.364258 0.18457
v -0.032227 0.370117 0.182617
v -0.041992 0.370117 0.180664
v -0.032227 0.364258 0.186523
v -0.032227 0.364258 0.186523
v -0.032227 0.370117 0.182617
v -0.041992 0.374023 0.180664
v -0.041992 0.370117 0.180664
v -0.049805 0.375977 0.172852
v -0.032227 0.37207 0.182617
v -0.041992 0.374023 0.180664
v -0.032227 0.37207 0.182617
v -0.03418 0.379883 0.188477
v -0.041992 0.374023 0.180664
v -0.032227 0.37207 0.182617
v -0.03418 0.381836 0.172852
v -0.041992 0.374023 0.180664
v -0.03418 0.379883 0.188477
v -0.043945 0.381836 0.18457
v -0.045898 0.37793 0.174805
v -0.041992 0.374023 0.180664
v -0.043945 0.381836 0.18457
v -0.045898 0.37793 0.174805
v -0.045898 0.37793 0.174805
v -0.018555 0.370117 0.186523
v -0.018555 0.370117 0.186523
v -0.022461 0.37207 0.182617
v -0.018555 0.370117 0.186523
v -0.024414 0.375977 0.182617
v -0.022461 0.37207 0.182617
v -0.024414 0.375977 0.182617
v -0.024414 0.375977 0.182617
v -0.061523 0.356445 0.102539
v -0.06543 0.321289 0.100586
v -0.061523 0.37793 0.110352
v -0.018555 0.370117 0.186523
v -0.016602 0.381836 0.18457
v -0.018555 0.370117 0.186523
v -0.014648 0.379883 0.192383
v -0.016602 0.381836 0.18457
v 0.000977 0.334961 0.145508
v -0.061523 0.436523 0.12793
v -0.05957 0.43457 0.135742
v -0.06543 0.436523 0.131836
v -0.06543 0.436523 0.131836
v -0.05957 0.43457 0.135742
v -0.05957 0.44043 0.129883
v -0.075195 0.44043 0.114258
v -0.081055 0.454102 0.108398
v -0.06543 0.436523 0.131836
v -0.081055 0.454102 0.108398
v -0.075195 0.44043 0.114258
v -0.055664 0.401367 0.194336
v -0.049805 0.391602 0.19043
v -0.038086 0.391602 0.204102
v -0.051758 0.387695 0.178711
v -0.049805 0.391602 0.19043
v -0.055664 0.401367 0.194336
v -0.03418 0.411133 0.200195
v -0.053711 0.420898 0.188477
v -0.055664 0.401367 0.194336
v -0.053711 0.420898 0.188477
v -0.061523 0.405273 0.165039
v -0.061523 0.391602 0.174805
v -0.051758 0.387695 0.178711
v -0.055664 0.401367 0.194336
v -0.061523 0.391602 0.174805
v -0.036133 0.385742 0.196289
v -0.038086 0.391602 0.204102
v -0.049805 0.391602 0.19043
v -0.043945 0.389648 0.186523
v -0.036133 0.385742 0.196289
v -0.049805 0.391602 0.19043
v -0.049805 0.391602 0.19043
v -0.043945 0.389648 0.186523
v -0.022461 0.381836 0.208008
v -0.010742 0.40332 0.208008
v -0.022461 0.381836 0.208008
v -0.03418 0.387695 0.188477
v -0.022461 0.379883 0.196289
v -0.022461 0.381836 0.208008
v -0.03418 0.387695 0.188477
v -0.022461 0.385742 0.186523
v -0.03418 0.387695 0.188477
v -0.03418 0.379883 0.188477
v -0.022461 0.381836 0.18457
v -0.022461 0.385742 0.186523
v -0.022461 0.385742 0.186523
v -0.043945 0.389648 0.186523
v -0.053711 0.420898 0.188477
v -0.03418 0.411133 0.200195
v -0.047852 0.426758 0.178711
v -0.047852 0.426758 0.178711
v -0.061523 0.405273 0.165039
v -0.053711 0.420898 0.188477
v -0.008789 0.40918 0.198242
v -0.032227 0.416992 0.19043
v -0.010742 0.40332 0.208008
v -0.024414 0.442383 0.178711
v -0.036133 0.43457 0.188477
v -0.040039 0.430664 0.186523
v -0.038086 0.422852 0.18457
v -0.038086 0.436523 0.186523
v -0.036133 0.43457 0.188477
v -0.038086 0.422852 0.18457
v -0.038086 0.436523 0.186523
v -0.047852 0.442383 0.182617
v -0.038086 0.436523 0.186523
v -0.036133 0.43457 0.188477
v -0.045898 0.442383 0.186523
v -0.045898 0.442383 0.186523
v -0.047852 0.442383 0.182617
v -0.036133 0.43457 0.188477
v -0.022461 0.381836 0.208008
v -0.022461 0.379883 0.196289
v -0.012695 0.379883 0.200195
v -0.012695 0.385742 0.209961
v -0.012695 0.385742 0.209961
v -0.014648 0.379883 0.192383
v -0.012695 0.379883 0.200195
v -0.006836 0.385742 0.202148
v -0.012695 0.379883 0.200195
v -0.008789 0.379883 0.208008
v 0.000977 0.381836 0.209961
v -0.006836 0.385742 0.202148
v -0.008789 0.379883 0.208008
v 0.000977 0.381836 0.209961
v -0.004883 0.401367 0.202148
v -0.010742 0.40332 0.208008
v -0.012695 0.385742 0.209961
v -0.006836 0.385742 0.202148
v -0.006836 0.385742 0.202148
v -0.010742 0.40332 0.208008
v -0.004883 0.401367 0.202148
v -0.008789 0.40918 0.198242
v -0.016602 0.381836 0.18457
v 0.000977 0.385742 0.202148
v -0.004883 0.401367 0.202148
v -0.006836 0.385742 0.202148
v 0.000977 0.385742 0.202148
v 0.000977 0.407227 0.198242
v -0.004883 0.401367 0.202148
v 0.000977 0.401367 0.202148
v 0.000977 0.401367 0.202148
v 0.000977 0.442383 0.182617
v -0.051758 0.383789 0.168945
v -0.05957 0.385742 0.157227
v -0.049805 0.383789 0.170898
v -0.049805 0.383789 0.170898
v -0.047852 0.387695 0.176758
v -0.051758 0.383789 0.168945
v -0.047852 0.383789 0.176758
v -0.047852 0.387695 0.176758
v -0.049805 0.383789 0.170898
v -0.043945 0.381836 0.18457
v -0.047852 0.387695 0.176758
v -0.047852 0.383789 0.176758
v -0.047852 0.387695 0.176758
v -0.043945 0.381836 0.18457
v -0.043945 0.389648 0.186523
v -0.061523 0.391602 0.174805
v -0.05957 0.385742 0.157227
v -0.051758 0.383789 0.168945
v -0.057617 0.411133 0.155273
v -0.061523 0.395508 0.114258
v -0.049805 0.383789 0.170898
v -0.057617 0.411133 0.155273
v -0.03418 0.381836 0.172852
v -0.020508 0.381836 0.182617
v -0.045898 0.44043 0.168945
v -0.045898 0.44043 0.168945
v -0.038086 0.436523 0.186523
v -0.038086 0.422852 0.18457
v -0.040039 0.430664 0.186523
v -0.038086 0.436523 0.186523
v -0.047852 0.442383 0.182617
v -0.045898 0.442383 0.186523
v -0.05957 0.43457 0.135742
v -0.05957 0.43457 0.135742
v -0.05957 0.43457 0.135742
v -0.061523 0.436523 0.12793
v -0.05957 0.44043 0.129883
v -0.045898 0.452148 0.149414
v -0.045898 0.458008 0.125977
v -0.05957 0.442383 0.098633
v -0.05957 0.442383 0.098633
v -0.073242 0.454102 0.110352
v -0.077148 0.442383 0.106445
v -0.077148 0.442383 0.106445
v -0.020508 0.381836 0.182617
v -0.022461 0.381836 0.18457
v -0.020508 0.381836 0.182617
v -0.022461 0.385742 0.186523
v -0.020508 0.381836 0.182617
v -0.016602 0.381836 0.18457
v -0.022461 0.385742 0.186523
v -0.047852 0.442383 0.182617
v -0.045898 0.442383 0.186523
v -0.043945 0.446289 0.176758
v -0.043945 0.450195 0.178711
v -0.045898 0.442383 0.186523
v -0.047852 0.442383 0.182617
v -0.047852 0.442383 0.182617
v -0.043945 0.446289 0.176758
v -0.043945 0.450195 0.178711
v -0.043945 0.450195 0.178711
v -0.043945 0.446289 0.176758
v -0.045898 0.442383 0.186523
v -0.043945 0.454102 0.176758
v -0.024414 0.458008 0.155273
v -0.024414 0.458008 0.155273
v -0.073242 0.454102 0.110352
v -0.049805 0.450195 0.139648
v -0.051758 0.461914 0.133789
v -0.045898 0.452148 0.137695
v -0.049805 0.473633 0.133789
v -0.051758 0.461914 0.133789
v -0.049805 0.450195 0.139648
v -0.045898 0.452148 0.141602
v -0.049805 0.473633 0.129883
v -0.045898 0.452148 0.137695
v -0.051758 0.461914 0.133789
v -0.051758 0.461914 0.133789
v -0.049805 0.473633 0.133789
v -0.049805 0.473633 0.129883
v -0.024414 0.46582 0.12793
v -0.045898 0.452148 0.141602
v -0.045898 0.452148 0.137695
v -0.049805 0.473633 0.129883
v -0.049805 0.473633 0.133789
v -0.045898 0.458008 0.098633
v -0.053711 0.479492 0.131836
v 0.000977 0.459961 0.157227
v 0.000977 0.467773 0.12793
v -0.024414 0.46582 0.12793
v -0.024414 0.46582 0.09668
v 0.000977 0.467773 0.09668
v -0.024414 0.46582 0.09668
v -0.024414 0.46582 0.12793
v 0.000977 0.467773 0.12793
v -0.088867 0.303711 0.061523
v -0.05957 0.280273 0.104492
v -0.088867 0.303711 0.061523
v -0.05957 0.319336 0.09082
v -0.06543 0.321289 0.100586
v -0.061523 0.360352 0.09082
v -0.05957 0.319336 0.09082
v -0.061523 0.360352 0.09082
v -0.061523 0.356445 0.102539
v -0.069336 0.362305 0.094727
v -0.069336 0.362305 0.094727
v -0.061523 0.356445 0.102539
v -0.061523 0.37793 0.110352
v -0.063477 0.375977 0.081055
v -0.061523 0.360352 0.09082
v -0.069336 0.362305 0.094727
v -0.069336 0.362305 0.094727
v -0.071289 0.375977 0.084961
v -0.063477 0.375977 0.081055
v -0.061523 0.37793 0.110352
v -0.071289 0.375977 0.084961
v -0.069336 0.362305 0.094727
v -0.088867 0.303711 0.061523
v -0.073242 0.327148 0.071289
v -0.073242 0.327148 0.071289
v -0.071289 0.374023 0.03418
v -0.063477 0.375977 0.081055
v -0.071289 0.374023 0.03418
v -0.073242 0.327148 0.071289
v -0.05957 0.319336 0.09082
v -0.061523 0.360352 0.09082
v -0.061523 0.360352 0.09082
v -0.063477 0.399414 0.079102
v -0.063477 0.399414 0.079102
v -0.05957 0.395508 0.053711
v -0.043945 0.393555 0.006836
v -0.094727 0.405273 0.098633
v -0.092773 0.415039 0.100586
v -0.09082 0.415039 0.100586
v -0.063477 0.405273 0.088867
v -0.073242 0.40332 0.09082
v -0.067383 0.40332 0.102539
v -0.067383 0.40332 0.102539
v -0.073242 0.40332 0.09082
v -0.061523 0.37793 0.110352
v -0.061523 0.405273 0.100586
v -0.067383 0.40332 0.102539
v -0.067383 0.40332 0.102539
v -0.061523 0.395508 0.114258
v -0.061523 0.405273 0.100586
v -0.09082 0.420898 0.106445
v -0.088867 0.418945 0.102539
v -0.092773 0.415039 0.100586
v -0.09082 0.415039 0.100586
v -0.088867 0.418945 0.102539
v -0.09082 0.420898 0.106445
v -0.079102 0.420898 0.108398
v -0.079102 0.422852 0.106445
v -0.092773 0.415039 0.100586
v -0.09082 0.420898 0.106445
v -0.079102 0.420898 0.108398
v -0.079102 0.422852 0.106445
v -0.09082 0.415039 0.100586
v -0.073242 0.420898 0.104492
v -0.073242 0.420898 0.104492
v -0.083008 0.43457 0.102539
v -0.079102 0.422852 0.106445
v -0.079102 0.420898 0.108398
v -0.073242 0.420898 0.104492
v -0.083008 0.43457 0.102539
v -0.079102 0.420898 0.108398
v -0.079102 0.422852 0.106445
v -0.083008 0.43457 0.102539
v -0.088867 0.44043 0.092773
v -0.088867 0.44043 0.092773
v -0.073242 0.420898 0.104492
v -0.079102 0.422852 0.106445
v -0.083008 0.43457 0.102539
v -0.073242 0.420898 0.104492
v -0.077148 0.442383 0.106445
v -0.077148 0.442383 0.106445
v -0.075195 0.44043 0.114258
v -0.083008 0.43457 0.102539
v -0.084961 0.44043 0.084961
v -0.077148 0.442383 0.106445
v -0.073242 0.420898 0.104492
v -0.084961 0.44043 0.084961
v -0.063477 0.399414 0.079102
v -0.063477 0.375977 0.081055
v -0.071289 0.375977 0.084961
v -0.073242 0.397461 0.083008
v -0.073242 0.397461 0.083008
v -0.063477 0.405273 0.088867
v -0.073242 0.397461 0.083008
v -0.073242 0.40332 0.09082
v -0.073242 0.40332 0.09082
v -0.063477 0.399414 0.079102
v -0.063477 0.399414 0.079102
v -0.063477 0.405273 0.088867
v -0.061523 0.405273 0.100586
v -0.05957 0.395508 0.053711
v -0.102539 0.467773 0.063477
v -0.09668 0.46582 0.06543
v -0.088867 0.452148 0.083008
v -0.092773 0.463867 0.077148
v -0.09668 0.46582 0.06543
v -0.102539 0.467773 0.063477
v -0.104492 0.463867 0.049805
v -0.100586 0.459961 0.053711
v -0.09668 0.46582 0.06543
v -0.102539 0.467773 0.063477
v -0.102539 0.467773 0.063477
v -0.088867 0.452148 0.083008
v -0.092773 0.463867 0.077148
v -0.102539 0.467773 0.063477
v -0.104492 0.463867 0.049805
v -0.100586 0.459961 0.053711
v -0.083008 0.454102 0.088867
v -0.088867 0.452148 0.083008
v -0.09668 0.46582 0.06543
v -0.083008 0.454102 0.088867
v -0.100586 0.459961 0.053711
v -0.086914 0.485352 0.071289
v -0.094727 0.489258 0.063477
v -0.094727 0.483398 0.06543
v -0.094727 0.483398 0.06543
v -0.094727 0.489258 0.063477
v -0.094727 0.489258 0.061523
v -0.086914 0.485352 0.071289
v -0.092773 0.479492 0.067383
v -0.094727 0.483398 0.06543
v -0.092773 0.489258 0.063477
v -0.094727 0.489258 0.061523
v -0.094727 0.489258 0.063477
v -0.086914 0.485352 0.071289
v -0.092773 0.489258 0.063477
v -0.094727 0.499023 0.057617
v -0.09668 0.49707 0.057617
v -0.09668 0.49707 0.057617
v -0.081055 0.454102 0.108398
v -0.073242 0.454102 0.110352
v -0.09082 0.442383 0.09082
v -0.09082 0.442383 0.09082
v -0.073242 0.454102 0.110352
v -0.084961 0.44043 0.084961
v -0.067383 0.479492 0.108398
v -0.06543 0.477539 0.114258
v -0.069336 0.477539 0.114258
v -0.05957 0.47168 0.12207
v -0.05957 0.477539 0.118164
v -0.06543 0.477539 0.114258
v -0.069336 0.477539 0.114258
v -0.06543 0.489258 0.100586
v -0.067383 0.479492 0.108398
v -0.069336 0.477539 0.114258
v -0.069336 0.477539 0.114258
v -0.06543 0.489258 0.100586
v -0.06543 0.493164 0.098633
v -0.069336 0.477539 0.114258
v -0.05957 0.47168 0.12207
v -0.05957 0.477539 0.118164
v -0.05957 0.477539 0.118164
v -0.05957 0.47168 0.12207
v -0.06543 0.477539 0.114258
v -0.06543 0.489258 0.100586
v -0.069336 0.495117 0.09668
v -0.067383 0.495117 0.09668
v -0.06543 0.493164 0.098633
v -0.069336 0.495117 0.09668
v -0.06543 0.489258 0.100586
v -0.06543 0.493164 0.098633
v -0.05957 0.489258 0.098633
v -0.067383 0.495117 0.09668
v -0.069336 0.499023 0.088867
v -0.09082 0.442383 0.081055
v -0.09082 0.442383 0.09082
v -0.088867 0.452148 0.083008
v -0.09082 0.442383 0.081055
v -0.09082 0.442383 0.09082
v -0.092773 0.463867 0.077148
v -0.088867 0.452148 0.083008
v -0.09082 0.442383 0.09082
v -0.09082 0.442383 0.09082
v -0.084961 0.44043 0.084961
v -0.083008 0.454102 0.088867
v -0.09082 0.442383 0.09082
v -0.083008 0.454102 0.088867
v -0.092773 0.463867 0.077148
v -0.09082 0.442383 0.081055
v -0.084961 0.44043 0.084961
v -0.094727 0.499023 0.057617
v -0.106445 0.463867 0.03418
v -0.112305 0.467773 0.030273
v -0.112305 0.463867 0.024414
v -0.09668 0.49707 0.057617
v -0.118164 0.467773 0.020508
v -0.047852 0.448242 0.075195
v -0.047852 0.448242 0.075195
v -0.026367 0.456055 0.06543
v -0.047852 0.448242 0.075195
v -0.045898 0.458008 0.098633
v -0.03418 0.40918 0.03418
v -0.03418 0.40918 0.03418
v -0.05957 0.395508 0.053711
v -0.047852 0.448242 0.075195
v 0.000977 0.413086 0.030273
v 0.000977 0.458008 0.063477
v -0.03418 0.40918 0.03418
v -0.043945 0.393555 0.006836
v 0.000977 0.391602 0.000977
v -0.063477 0.374023 -0.032227
v -0.40918 -0.18457 -0.016602
v -0.420898 -0.22168 -0.008789
v -0.40918 -0.18457 -0.016602
v -0.395508 -0.141602 -0.026367
v -0.379883 -0.19043 -0.010742
v -0.395508 -0.141602 -0.026367
v -0.362305 -0.151367 -0.022461
v -0.395508 -0.141602 -0.026367
v -0.422852 -0.12793 -0.010742
v -0.395508 -0.141602 -0.026367
v -0.413086 -0.118164 -0.008789
v -0.389648 -0.12793 -0.022461
v -0.418945 -0.108398 -0.018555
v -0.391602 -0.125977 -0.038086
v -0.389648 -0.12793 -0.022461
v -0.413086 -0.118164 -0.008789
v -0.362305 -0.135742 -0.018555
v -0.391602 -0.125977 -0.038086
v -0.418945 -0.108398 -0.018555
v -0.411133 -0.036133 -0.073242
v -0.366211 -0.05957 -0.098633
v -0.366211 -0.05957 -0.098633
v -0.354492 -0.131836 -0.032227
v -0.391602 -0.125977 -0.038086
v -0.411133 -0.036133 -0.073242
v -0.395508 0.026367 -0.09668
v -0.418945 0.051758 -0.051758
v -0.401367 -0.06543 -0.081055
v -0.405273 -0.083008 -0.067383
v -0.40918 -0.081055 -0.063477
v -0.40918 -0.081055 -0.063477
v -0.401367 -0.077148 -0.063477
v -0.401367 -0.06543 -0.081055
v -0.40332 -0.088867 -0.124023
v -0.405273 -0.094727 -0.124023
v -0.407227 -0.098633 -0.116211
v -0.405273 -0.100586 -0.131836
v -0.393555 -0.06543 -0.09082
v -0.401367 -0.077148 -0.063477
v -0.405273 -0.083008 -0.067383
v -0.393555 -0.06543 -0.09082
v -0.391602 -0.057617 -0.092773
v -0.401367 -0.06543 -0.081055
v -0.401367 -0.077148 -0.063477
v -0.391602 -0.057617 -0.092773
v -0.391602 -0.057617 -0.092773
v -0.393555 -0.06543 -0.09082
v -0.397461 -0.073242 -0.110352
v -0.389648 -0.067383 -0.118164
v -0.391602 -0.057617 -0.092773
v -0.397461 -0.073242 -0.110352
v -0.393555 -0.06543 -0.09082
v -0.389648 -0.067383 -0.118164
v -0.405273 -0.094727 -0.124023
v -0.40332 -0.088867 -0.124023
v -0.40332 -0.088867 -0.125977
v -0.40332 -0.098633 -0.133789
v -0.405273 -0.100586 -0.131836
v -0.405273 -0.094727 -0.124023
v -0.40332 -0.084961 -0.133789
v -0.40332 -0.088867 -0.125977
v -0.40332 -0.088867 -0.124023
v -0.40332 -0.088867 -0.124023
v -0.40332 -0.088867 -0.125977
v -0.401367 -0.081055 -0.137695
v -0.401367 -0.081055 -0.137695
v -0.40332 -0.084961 -0.133789
v -0.40332 -0.088867 -0.124023
v -0.397461 -0.073242 -0.110352
v -0.393555 -0.069336 -0.124023
v -0.389648 -0.067383 -0.118164
v -0.393555 -0.063477 -0.12793
v -0.393555 -0.069336 -0.124023
v -0.397461 -0.073242 -0.110352
v -0.397461 -0.073242 -0.110352
v -0.391602 -0.057617 -0.092773
v -0.393555 -0.061523 -0.116211
v -0.393555 -0.061523 -0.116211
v -0.393555 -0.063477 -0.12793
v -0.393555 -0.061523 -0.116211
v -0.391602 -0.057617 -0.092773
v -0.389648 -0.067383 -0.118164
v -0.393555 -0.063477 -0.12793
v -0.348633 -0.00293 -0.12207
v -0.395508 0.026367 -0.09668
v -0.395508 -0.000977 -0.100586
v -0.399414 -0.022461 -0.084961
v -0.40332 -0.024414 -0.079102
v -0.40332 -0.024414 -0.079102
v -0.395508 -0.016602 -0.079102
v -0.395508 -0.000977 -0.100586
v -0.389648 -0.000977 -0.108398
v -0.395508 -0.016602 -0.079102
v -0.399414 -0.022461 -0.084961
v -0.389648 -0.000977 -0.108398
v -0.387695 0.008789 -0.106445
v -0.395508 -0.016602 -0.079102
v -0.389648 -0.000977 -0.108398
v -0.37793 0.014648 -0.110352
v -0.37793 0.014648 -0.110352
v -0.387695 0.008789 -0.106445
v -0.395508 -0.016602 -0.079102
v -0.387695 0.008789 -0.106445
v -0.389648 -0.000977 -0.108398
v -0.395508 -0.006836 -0.133789
v -0.385742 -0.000977 -0.137695
v -0.387695 0.008789 -0.106445
v -0.395508 -0.006836 -0.133789
v -0.389648 -0.000977 -0.108398
v -0.389648 -0.000977 -0.108398
v -0.385742 -0.000977 -0.137695
v -0.37793 0.014648 -0.110352
v -0.40332 -0.104492 -0.141602
v -0.40332 -0.088867 -0.125977
v -0.40332 -0.084961 -0.133789
v -0.401367 -0.081055 -0.137695
v -0.40332 -0.02832 -0.15918
v -0.405273 -0.030273 -0.151367
v -0.407227 -0.036133 -0.170898
v -0.407227 -0.036133 -0.170898
v -0.405273 -0.030273 -0.151367
v -0.405273 -0.026367 -0.15918
v -0.405273 -0.032227 -0.170898
v -0.405273 -0.026367 -0.15918
v -0.405273 -0.032227 -0.170898
v -0.407227 -0.036133 -0.170898
v -0.387695 0.008789 -0.139648
v -0.385742 -0.000977 -0.137695
v -0.395508 -0.006836 -0.133789
v -0.395508 -0.006836 -0.133789
v -0.387695 0.008789 -0.106445
v -0.37793 0.014648 -0.110352
v -0.387695 0.008789 -0.139648
v -0.397461 -0.014648 -0.157227
v -0.397461 -0.014648 -0.157227
v -0.405273 -0.026367 -0.15918
v -0.405273 -0.030273 -0.151367
v -0.387695 0.008789 -0.139648
v -0.379883 0.010742 -0.149414
v -0.385742 -0.000977 -0.137695
v -0.387695 0.008789 -0.139648
v -0.381836 0.014648 -0.15918
v -0.381836 0.008789 -0.155273
v -0.381836 0.008789 -0.155273
v -0.405273 -0.026367 -0.15918
v -0.40332 -0.02832 -0.15918
v -0.405273 -0.032227 -0.170898
v -0.40332 -0.02832 -0.15918
v -0.405273 -0.026367 -0.15918
v -0.40332 -0.020508 -0.161133
v -0.40332 -0.02832 -0.15918
v -0.40332 -0.020508 -0.161133
v -0.397461 -0.014648 -0.157227
v -0.40332 -0.020508 -0.161133
v -0.399414 -0.014648 -0.161133
v -0.399414 -0.008789 -0.166992
v -0.399414 -0.004883 -0.170898
v -0.354492 -0.131836 -0.032227
v -0.366211 -0.05957 -0.098633
v -0.307617 -0.079102 -0.09082
v -0.307617 -0.079102 -0.09082
v -0.331055 -0.012695 -0.12793
v -0.307617 -0.079102 -0.09082
v -0.305664 0.030273 -0.12793
v -0.368164 0.071289 -0.098633
v -0.348633 -0.00293 -0.12207
v -0.375977 0.016602 -0.104492
v -0.37793 0.014648 -0.110352
v -0.368164 0.071289 -0.098633
v -0.348633 -0.00293 -0.12207
v -0.37793 0.014648 -0.110352
v -0.334961 0.041992 -0.141602
v -0.348633 -0.00293 -0.12207
v -0.334961 0.041992 -0.141602
v -0.305664 0.030273 -0.12793
v -0.25293 -0.02832 -0.063477
v -0.280273 -0.02832 -0.114258
v -0.331055 -0.012695 -0.12793
v -0.260742 0.024414 -0.106445
v -0.260742 0.024414 -0.106445
v -0.305664 0.030273 -0.12793
v -0.208008 -0.489258 -0.047852
v -0.227539 -0.487305 -0.016602
v -0.211914 -0.481445 -0.055664
v -0.211914 -0.481445 -0.055664
v -0.211914 -0.459961 -0.055664
v -0.206055 -0.442383 -0.049805
v -0.211914 -0.459961 -0.055664
v -0.219727 -0.43457 -0.051758
v -0.206055 -0.442383 -0.049805
v -0.211914 -0.438477 -0.010742
v -0.223633 -0.430664 -0.010742
v -0.208008 -0.489258 -0.047852
v -0.211914 -0.481445 -0.055664
v -0.12207 -0.487305 -0.022461
v -0.206055 -0.49707 -0.05957
v -0.211914 -0.481445 -0.055664
v -0.202148 -0.479492 -0.09082
v -0.12207 -0.487305 -0.022461
v -0.211914 -0.481445 -0.055664
v -0.206055 -0.49707 -0.05957
v -0.200195 -0.49707 -0.088867
v -0.206055 -0.49707 -0.05957
v -0.200195 -0.49707 -0.088867
v -0.104492 -0.49707 -0.036133
v -0.104492 -0.49707 -0.036133
v -0.12207 -0.487305 -0.022461
v -0.206055 -0.49707 -0.05957
v -0.186523 -0.450195 -0.09668
v -0.186523 -0.450195 -0.09668
v -0.202148 -0.479492 -0.09082
v -0.211914 -0.481445 -0.055664
v -0.18457 -0.428711 -0.079102
v -0.186523 -0.450195 -0.09668
v -0.18457 -0.428711 -0.079102
v -0.219727 -0.43457 -0.051758
v -0.219727 -0.43457 -0.051758
v -0.208008 -0.385742 -0.041992
v -0.192383 -0.416992 -0.084961
v -0.192383 -0.416992 -0.084961
v -0.188477 -0.368164 -0.069336
v -0.192383 -0.416992 -0.084961
v -0.208008 -0.385742 -0.041992
v -0.208008 -0.385742 -0.041992
v -0.213867 -0.313477 -0.045898
v -0.188477 -0.368164 -0.069336
v -0.200195 -0.49707 -0.088867
v -0.202148 -0.479492 -0.09082
v -0.176758 -0.49707 -0.108398
v -0.176758 -0.49707 -0.108398
v -0.098633 -0.49707 -0.06543
v -0.176758 -0.479492 -0.110352
v -0.186523 -0.450195 -0.09668
v -0.145508 -0.424805 -0.083008
v -0.18457 -0.428711 -0.079102
v -0.192383 -0.416992 -0.084961
v -0.151367 -0.413086 -0.092773
v -0.145508 -0.424805 -0.083008
v -0.192383 -0.416992 -0.084961
v -0.151367 -0.413086 -0.092773
v -0.192383 -0.416992 -0.084961
v -0.143555 -0.49707 -0.108398
v -0.143555 -0.49707 -0.108398
v -0.112305 -0.49707 -0.094727
v -0.176758 -0.479492 -0.110352
v -0.186523 -0.450195 -0.09668
v -0.141602 -0.448242 -0.102539
v -0.141602 -0.479492 -0.112305
v -0.141602 -0.448242 -0.102539
v -0.18457 -0.428711 -0.079102
v -0.143555 -0.49707 -0.108398
v -0.141602 -0.479492 -0.112305
v -0.112305 -0.49707 -0.094727
v -0.141602 -0.448242 -0.102539
v -0.110352 -0.479492 -0.09668
v -0.145508 -0.424805 -0.083008
v -0.112305 -0.450195 -0.088867
v -0.112305 -0.450195 -0.088867
v -0.145508 -0.424805 -0.083008
v -0.151367 -0.413086 -0.092773
v -0.149414 -0.360352 -0.079102
v -0.12793 -0.362305 -0.075195
v -0.131836 -0.415039 -0.088867
v -0.145508 -0.424805 -0.083008
v -0.145508 -0.424805 -0.083008
v -0.131836 -0.415039 -0.088867
v -0.100586 -0.424805 -0.06543
v -0.149414 -0.360352 -0.079102
v -0.114258 -0.432617 -0.063477
v -0.112305 -0.450195 -0.088867
v -0.145508 -0.424805 -0.083008
v -0.114258 -0.432617 -0.063477
v -0.149414 -0.360352 -0.079102
v -0.12793 -0.362305 -0.075195
v -0.09668 -0.374023 -0.049805
v -0.186523 -0.303711 -0.081055
v -0.186523 -0.303711 -0.081055
v -0.200195 -0.270508 -0.018555
v -0.172852 -0.268555 -0.051758
v -0.186523 -0.303711 -0.081055
v -0.145508 -0.305664 -0.088867
v -0.137695 -0.260742 -0.03418
v -0.12793 -0.256836 -0.022461
v -0.141602 -0.270508 -0.05957
v -0.151367 -0.239258 -0.02832
v -0.12793 -0.256836 -0.022461
v -0.12207 -0.274414 -0.041992
v -0.12793 -0.256836 -0.022461
v -0.12793 -0.256836 -0.022461
v -0.098633 -0.272461 -0.022461
v -0.079102 -0.239258 -0.03418
v -0.12793 -0.256836 -0.022461
v -0.12793 -0.256836 -0.022461
v -0.151367 -0.239258 -0.02832
v -0.118164 -0.219727 -0.036133
v -0.079102 -0.239258 -0.03418
v -0.141602 -0.270508 -0.05957
v -0.137695 -0.260742 -0.03418
v -0.12207 -0.274414 -0.041992
v -0.145508 -0.305664 -0.088867
v -0.145508 -0.305664 -0.088867
v -0.125977 -0.307617 -0.069336
v -0.149414 -0.360352 -0.079102
v -0.145508 -0.305664 -0.088867
v -0.125977 -0.307617 -0.069336
v -0.102539 -0.313477 -0.077148
v -0.102539 -0.313477 -0.077148
v -0.125977 -0.307617 -0.069336
v -0.125977 -0.307617 -0.069336
v -0.102539 -0.313477 -0.077148
v -0.100586 -0.481445 -0.03418
v -0.116211 -0.475586 -0.020508
v -0.102539 -0.461914 -0.03418
v -0.100586 -0.481445 -0.03418
v -0.114258 -0.432617 -0.063477
v -0.092773 -0.444336 -0.024414
v -0.108398 -0.450195 -0.026367
v -0.094727 -0.481445 -0.06543
v -0.104492 -0.49707 -0.036133
v -0.098633 -0.49707 -0.06543
v -0.100586 -0.454102 -0.063477
v -0.102539 -0.461914 -0.03418
v -0.100586 -0.454102 -0.063477
v -0.100586 -0.424805 -0.06543
v -0.09668 -0.374023 -0.049805
v -0.088867 -0.393555 -0.014648
v -0.05957 -0.342773 -0.016602
v -0.094727 -0.481445 -0.06543
v -0.098633 -0.49707 -0.06543
v -0.112305 -0.450195 -0.088867
v -0.110352 -0.479492 -0.09668
v -0.069336 -0.325195 -0.055664
v -0.069336 -0.325195 -0.055664
v -0.100586 -0.280273 -0.049805
v -0.075195 -0.288086 -0.03418
v -0.102539 -0.313477 -0.077148
v -0.100586 -0.280273 -0.049805
v -0.069336 -0.325195 -0.055664
v -0.100586 -0.280273 -0.049805
v -0.100586 -0.280273 -0.049805
v -0.151367 -0.239258 -0.02832
v -0.149414 -0.204102 -0.045898
v -0.182617 -0.174805 -0.018555
v -0.151367 -0.239258 -0.02832
v -0.149414 -0.204102 -0.045898
v -0.118164 -0.219727 -0.036133
v -0.135742 -0.149414 -0.055664
v -0.135742 -0.149414 -0.055664
v -0.100586 -0.166992 -0.047852
v -0.166992 -0.12207 -0.024414
v -0.118164 -0.106445 -0.053711
v -0.086914 -0.139648 -0.049805
v -0.086914 -0.139648 -0.049805
v -0.147461 -0.079102 -0.026367
v -0.118164 -0.106445 -0.053711
v -0.135742 -0.073242 -0.022461
v -0.143555 -0.063477 -0.032227
v -0.112305 -0.092773 -0.067383
v -0.108398 -0.100586 -0.049805
v -0.112305 -0.092773 -0.067383
v -0.108398 -0.100586 -0.049805
v -0.135742 -0.073242 -0.022461
v -0.143555 -0.063477 -0.032227
v -0.137695 -0.024414 -0.03418
v -0.106445 -0.03418 -0.075195
v -0.112305 -0.092773 -0.067383
v -0.137695 -0.024414 -0.03418
v -0.12207 -0.016602 -0.026367
v -0.106445 -0.03418 -0.075195
v -0.061523 -0.188477 -0.043945
v -0.100586 -0.166992 -0.047852
v -0.038086 -0.196289 -0.008789
v -0.061523 -0.188477 -0.043945
v -0.057617 -0.165039 -0.040039
v -0.057617 -0.165039 -0.040039
v -0.077148 -0.131836 -0.051758
v -0.053711 -0.157227 -0.038086
v -0.108398 -0.100586 -0.049805
v -0.077148 -0.131836 -0.051758
v -0.086914 -0.139648 -0.049805
v -0.086914 -0.139648 -0.049805
v -0.118164 -0.106445 -0.053711
v -0.108398 -0.100586 -0.049805
v -0.077148 -0.131836 -0.051758
v -0.075195 -0.133789 -0.069336
v -0.045898 -0.165039 -0.049805
v -0.108398 -0.100586 -0.049805
v -0.075195 -0.133789 -0.069336
v -0.077148 -0.131836 -0.051758
v -0.045898 -0.165039 -0.049805
v -0.053711 -0.157227 -0.038086
v -0.077148 -0.131836 -0.051758
v -0.043945 -0.149414 -0.077148
v -0.075195 -0.133789 -0.069336
v -0.063477 -0.102539 -0.094727
v -0.043945 -0.149414 -0.077148
v -0.075195 -0.133789 -0.069336
v -0.112305 -0.092773 -0.067383
v -0.038086 -0.172852 -0.004883
v -0.053711 -0.157227 -0.038086
v 0.000977 -0.170898 -0.051758
v 0.000977 -0.151367 -0.081055
v 0.000977 -0.106445 -0.102539
v 0.000977 -0.151367 -0.081055
v -0.092773 -0.024414 -0.061523
v -0.098633 0.016602 -0.061523
v -0.092773 -0.024414 -0.061523
v -0.12207 -0.016602 -0.026367
v -0.133789 0.032227 -0.02832
v -0.053711 -0.032227 -0.079102
v -0.053711 -0.032227 -0.079102
v -0.061523 -0.041992 -0.09668
v 0.000977 -0.045898 -0.104492
v -0.061523 -0.041992 -0.09668
v 0.000977 -0.03418 -0.086914
v -0.055664 0.014648 -0.083008
v 0.000977 -0.03418 -0.086914
v 0.000977 -0.045898 -0.104492
v -0.458008 0.088867 -0.053711
v -0.456055 0.092773 -0.053711
v -0.446289 0.084961 -0.041992
v -0.446289 0.09668 -0.045898
v -0.456055 0.092773 -0.053711
v -0.458008 0.088867 -0.053711
v -0.446289 0.084961 -0.041992
v -0.446289 0.09668 -0.045898
v -0.438477 0.098633 -0.045898
v -0.446289 0.09668 -0.045898
v -0.446289 0.084961 -0.041992
v -0.446289 0.084961 -0.041992
v -0.446289 0.09668 -0.045898
v -0.44043 0.100586 -0.047852
v -0.44043 0.100586 -0.047852
v -0.438477 0.098633 -0.045898
v -0.446289 0.084961 -0.041992
v -0.44043 0.100586 -0.047852
v -0.44043 0.110352 -0.049805
v -0.44043 0.100586 -0.047852
v -0.438477 0.098633 -0.045898
v -0.44043 0.116211 -0.049805
v -0.40332 0.084961 -0.018555
v -0.401367 0.053711 -0.00293
v -0.40918 0.053711 -0.004883
v -0.40332 0.084961 -0.018555
v -0.375977 0.106445 -0.057617
v -0.418945 0.051758 -0.051758
v -0.375977 0.106445 -0.057617
v -0.368164 0.071289 -0.098633
v -0.418945 0.051758 -0.051758
v -0.391602 0.094727 -0.020508
v -0.40332 0.077148 -0.006836
v -0.401367 0.053711 -0.00293
v -0.391602 0.094727 -0.020508
v -0.415039 0.110352 -0.036133
v -0.416992 0.100586 -0.040039
v -0.422852 0.092773 -0.030273
v -0.422852 0.092773 -0.030273
v -0.416992 0.100586 -0.040039
v -0.40332 0.084961 -0.018555
v -0.393555 0.100586 -0.024414
v -0.415039 0.110352 -0.036133
v -0.422852 0.092773 -0.030273
v -0.422852 0.092773 -0.030273
v -0.40332 0.084961 -0.018555
v -0.401367 0.094727 -0.018555
v -0.422852 0.092773 -0.030273
v -0.401367 0.094727 -0.018555
v -0.393555 0.100586 -0.024414
v -0.416992 0.125977 -0.049805
v -0.416992 0.100586 -0.040039
v -0.416992 0.118164 -0.049805
v -0.413086 0.118164 -0.047852
v -0.416992 0.118164 -0.049805
v -0.393555 0.100586 -0.024414
v -0.413086 0.118164 -0.047852
v -0.415039 0.110352 -0.036133
v -0.413086 0.118164 -0.047852
v -0.416992 0.125977 -0.049805
v -0.411133 0.125977 -0.06543
v -0.413086 0.118164 -0.047852
v -0.416992 0.118164 -0.049805
v -0.411133 0.125977 -0.06543
v -0.40918 0.133789 -0.067383
v -0.411133 0.125977 -0.06543
v -0.401367 0.094727 -0.018555
v -0.391602 0.094727 -0.020508
v -0.401367 0.094727 -0.018555
v -0.40332 0.077148 -0.006836
v -0.393555 0.100586 -0.024414
v -0.352539 0.108398 -0.010742
v -0.352539 0.110352 -0.055664
v -0.352539 0.110352 -0.055664
v -0.336914 0.092773 -0.098633
v -0.368164 0.071289 -0.098633
v -0.37793 0.014648 -0.110352
v -0.375977 0.016602 -0.104492
v -0.360352 0.057617 -0.129883
v -0.360352 0.057617 -0.129883
v -0.40918 0.133789 -0.067383
v -0.411133 0.125977 -0.06543
v -0.40918 0.133789 -0.067383
v -0.413086 0.139648 -0.086914
v -0.411133 0.147461 -0.086914
v -0.413086 0.139648 -0.086914
v -0.411133 0.147461 -0.086914
v -0.416992 0.149414 -0.094727
v -0.413086 0.157227 -0.09668
v -0.416992 0.149414 -0.094727
v -0.411133 0.147461 -0.086914
v -0.387695 0.008789 -0.139648
v -0.379883 0.010742 -0.149414
v -0.381836 0.014648 -0.15918
v -0.379883 0.010742 -0.149414
v -0.381836 0.008789 -0.155273
v -0.366211 0.012695 -0.165039
v -0.364258 0.018555 -0.168945
v -0.381836 0.014648 -0.15918
v -0.379883 0.010742 -0.149414
v -0.379883 0.010742 -0.149414
v -0.366211 0.012695 -0.165039
v -0.364258 0.018555 -0.168945
v -0.381836 0.008789 -0.155273
v -0.381836 0.014648 -0.15918
v -0.366211 0.012695 -0.165039
v -0.364258 0.018555 -0.168945
v -0.350586 0.135742 -0.05957
v -0.352539 0.110352 -0.055664
v -0.352539 0.108398 -0.010742
v -0.342773 0.143555 -0.006836
v -0.336914 0.092773 -0.098633
v -0.344727 0.075195 -0.124023
v -0.360352 0.057617 -0.129883
v -0.323242 0.061523 -0.133789
v -0.334961 0.041992 -0.141602
v -0.336914 0.092773 -0.098633
v -0.333008 0.124023 -0.114258
v -0.299805 0.067383 -0.116211
v -0.333008 0.124023 -0.114258
v -0.299805 0.067383 -0.116211
v -0.286133 0.09668 -0.135742
v -0.336914 0.166992 -0.061523
v -0.333008 0.124023 -0.114258
v -0.336914 0.166992 -0.061523
v -0.313477 0.165039 -0.118164
v -0.313477 0.165039 -0.118164
v -0.254883 0.043945 -0.057617
v -0.254883 0.043945 -0.057617
v -0.235352 0.05957 -0.061523
v -0.243164 0.026367 -0.061523
v -0.266602 0.045898 -0.100586
v -0.254883 0.043945 -0.057617
v -0.266602 0.045898 -0.100586
v -0.235352 0.05957 -0.061523
v -0.305664 0.030273 -0.12793
v -0.266602 0.045898 -0.100586
v -0.260742 0.024414 -0.106445
v -0.260742 0.024414 -0.106445
v -0.299805 0.067383 -0.116211
v -0.266602 0.045898 -0.100586
v -0.266602 0.045898 -0.100586
v -0.299805 0.067383 -0.116211
v -0.243164 0.06543 -0.118164
v -0.243164 0.06543 -0.118164
v -0.323242 0.061523 -0.133789
v -0.299805 0.067383 -0.116211
v -0.286133 0.09668 -0.135742
v -0.350586 0.135742 -0.05957
v -0.342773 0.143555 -0.006836
v -0.325195 0.172852 -0.004883
v -0.319336 0.186523 -0.05957
v -0.286133 0.192383 -0.104492
v -0.319336 0.186523 -0.05957
v -0.327148 0.204102 -0.063477
v -0.286133 0.192383 -0.104492
v -0.313477 0.165039 -0.118164
v -0.286133 0.192383 -0.104492
v -0.260742 0.141602 -0.141602
v -0.260742 0.141602 -0.141602
v -0.290039 0.209961 -0.114258
v -0.319336 0.256836 -0.061523
v -0.227539 0.208008 -0.137695
v -0.223633 0.19043 -0.120117
v -0.227539 0.208008 -0.137695
v -0.223633 0.19043 -0.120117
v -0.286133 0.192383 -0.104492
v -0.286133 0.268555 -0.108398
v -0.366211 0.012695 -0.165039
v -0.364258 0.018555 -0.168945
v -0.358398 0.014648 -0.188477
v -0.356445 0.020508 -0.19043
v -0.356445 0.016602 -0.202148
v -0.354492 0.024414 -0.204102
v -0.260742 0.141602 -0.141602
v -0.211914 0.110352 -0.125977
v -0.223633 0.19043 -0.120117
v -0.200195 0.15332 -0.116211
v -0.319336 0.256836 -0.061523
v -0.299805 0.311523 -0.055664
v -0.286133 0.268555 -0.108398
v -0.329102 0.317383 -0.000977
v -0.342773 0.317383 -0.008789
v -0.342773 0.31543 -0.006836
v -0.329102 0.317383 -0.000977
v -0.331055 0.325195 -0.000977
v -0.323242 0.331055 -0.00293
v -0.331055 0.325195 -0.000977
v -0.329102 0.317383 -0.000977
v -0.323242 0.331055 -0.00293
v -0.321289 0.329102 -0.000977
v -0.321289 0.329102 -0.000977
v -0.323242 0.331055 -0.00293
v -0.331055 0.325195 -0.000977
v -0.329102 0.336914 -0.00293
v -0.323242 0.331055 -0.00293
v -0.321289 0.329102 -0.000977
v -0.327148 0.338867 -0.00293
v -0.323242 0.331055 -0.00293
v -0.329102 0.336914 -0.00293
v -0.329102 0.336914 -0.00293
v -0.321289 0.329102 -0.000977
v -0.327148 0.338867 -0.00293
v -0.327148 0.338867 -0.00293
v -0.321289 0.329102 -0.000977
v -0.323242 0.331055 -0.00293
v -0.321289 0.329102 -0.000977
v -0.327148 0.338867 -0.00293
v -0.329102 0.344727 -0.00293
v -0.245117 0.327148 -0.067383
v -0.286133 0.268555 -0.108398
v -0.299805 0.311523 -0.055664
v -0.297852 0.364258 -0.022461
v -0.303711 0.354492 -0.006836
v -0.297852 0.364258 -0.022461
v -0.295898 0.354492 -0.00293
v -0.297852 0.370117 -0.024414
v -0.297852 0.370117 -0.024414
v -0.297852 0.364258 -0.022461
v -0.297852 0.370117 -0.024414
v -0.295898 0.354492 -0.00293
v -0.297852 0.364258 -0.022461
v -0.297852 0.370117 -0.024414
v -0.307617 0.375977 -0.043945
v -0.305664 0.383789 -0.043945
v -0.237305 0.276367 -0.125977
v -0.237305 0.276367 -0.125977
v -0.313477 0.391602 -0.051758
v -0.31543 0.383789 -0.051758
v -0.235352 0.05957 -0.061523
v -0.206055 0.100586 -0.05957
v -0.211914 0.110352 -0.125977
v -0.12793 0.043945 -0.09668
v -0.192383 0.098633 -0.057617
v -0.163086 0.110352 -0.124023
v -0.163086 0.110352 -0.124023
v -0.098633 0.016602 -0.061523
v -0.12793 0.043945 -0.09668
v -0.163086 0.110352 -0.124023
v -0.086914 0.120117 -0.161133
v -0.055664 0.014648 -0.083008
v -0.067383 0.047852 -0.125977
v -0.067383 0.047852 -0.125977
v -0.198242 0.155273 -0.116211
v -0.163086 0.129883 -0.149414
v -0.163086 0.110352 -0.124023
v -0.163086 0.129883 -0.149414
v -0.086914 0.120117 -0.161133
v -0.200195 0.15332 -0.116211
v -0.198242 0.12793 -0.055664
v -0.200195 0.15332 -0.116211
v -0.198242 0.155273 -0.116211
v -0.200195 0.15332 -0.116211
v -0.196289 0.204102 -0.124023
v -0.200195 0.15332 -0.116211
v -0.223633 0.19043 -0.120117
v -0.196289 0.204102 -0.124023
v -0.198242 0.155273 -0.116211
v -0.196289 0.204102 -0.124023
v -0.186523 0.204102 -0.145508
v -0.186523 0.204102 -0.145508
v -0.163086 0.129883 -0.149414
v -0.198242 0.155273 -0.116211
v -0.227539 0.208008 -0.137695
v -0.196289 0.204102 -0.124023
v -0.223633 0.19043 -0.120117
v -0.237305 0.276367 -0.125977
v -0.168945 0.272461 -0.120117
v -0.186523 0.204102 -0.145508
v -0.196289 0.204102 -0.124023
v -0.18457 0.27832 -0.129883
v -0.168945 0.272461 -0.120117
v -0.196289 0.204102 -0.124023
v -0.196289 0.204102 -0.124023
v -0.237305 0.276367 -0.125977
v -0.18457 0.27832 -0.129883
v -0.147461 0.206055 -0.166992
v -0.083008 0.208008 -0.178711
v -0.086914 0.120117 -0.161133
v -0.15918 0.276367 -0.133789
v -0.15918 0.276367 -0.133789
v -0.129883 0.282227 -0.149414
v -0.055664 0.014648 -0.083008
v -0.067383 0.047852 -0.125977
v 0.000977 0.038086 -0.09668
v 0.000977 0.038086 -0.09668
v -0.086914 0.120117 -0.161133
v -0.020508 0.12793 -0.157227
v 0.000977 0.081055 -0.129883
v -0.020508 0.12793 -0.157227
v -0.016602 0.208008 -0.168945
v -0.083008 0.208008 -0.178711
v -0.014648 0.282227 -0.147461
v -0.016602 0.208008 -0.168945
v -0.083008 0.208008 -0.178711
v -0.075195 0.286133 -0.157227
v -0.014648 0.282227 -0.147461
v -0.071289 0.19043 -0.204102
v -0.067383 0.200195 -0.200195
v -0.069336 0.186523 -0.202148
v -0.069336 0.186523 -0.202148
v -0.067383 0.200195 -0.200195
v -0.071289 0.192383 -0.204102
v -0.075195 0.19043 -0.211914
v -0.071289 0.19043 -0.204102
v -0.069336 0.186523 -0.202148
v -0.075195 0.19043 -0.211914
v -0.069336 0.202148 -0.200195
v -0.067383 0.200195 -0.200195
v -0.071289 0.208008 -0.202148
v -0.069336 0.202148 -0.200195
v -0.069336 0.202148 -0.200195
v -0.071289 0.208008 -0.202148
v -0.069336 0.198242 -0.204102
v -0.071289 0.192383 -0.204102
v -0.071289 0.208008 -0.202148
v -0.071289 0.213867 -0.200195
v -0.069336 0.198242 -0.204102
v -0.073242 0.194336 -0.211914
v -0.071289 0.192383 -0.204102
v -0.071289 0.19043 -0.204102
v -0.071289 0.19043 -0.204102
v -0.071289 0.192383 -0.204102
v -0.069336 0.198242 -0.204102
v -0.071289 0.19043 -0.204102
v -0.075195 0.19043 -0.211914
v -0.073242 0.194336 -0.211914
v -0.073242 0.194336 -0.211914
v -0.075195 0.19043 -0.211914
v -0.071289 0.192383 -0.204102
v -0.051758 0.239258 -0.198242
v -0.049805 0.241211 -0.194336
v -0.063477 0.24707 -0.208008
v -0.061523 0.250977 -0.206055
v -0.061523 0.250977 -0.206055
v -0.051758 0.239258 -0.198242
v -0.063477 0.24707 -0.208008
v -0.06543 0.250977 -0.213867
v 0.000977 0.139648 -0.149414
v -0.051758 0.202148 -0.174805
v -0.040039 0.19043 -0.147461
v -0.040039 0.192383 -0.141602
v -0.040039 0.192383 -0.141602
v -0.03418 0.194336 -0.145508
v -0.036133 0.211914 -0.163086
v -0.043945 0.211914 -0.161133
v -0.051758 0.202148 -0.174805
v -0.040039 0.192383 -0.141602
v -0.043945 0.211914 -0.161133
v -0.036133 0.211914 -0.163086
v -0.03418 0.194336 -0.145508
v -0.040039 0.19043 -0.147461
v -0.051758 0.202148 -0.174805
v -0.055664 0.206055 -0.186523
v -0.061523 0.198242 -0.182617
v -0.061523 0.198242 -0.182617
v -0.051758 0.202148 -0.174805
v -0.055664 0.213867 -0.182617
v -0.055664 0.213867 -0.182617
v -0.055664 0.206055 -0.186523
v -0.061523 0.198242 -0.182617
v -0.043945 0.211914 -0.161133
v -0.055664 0.206055 -0.186523
v -0.055664 0.213867 -0.182617
v -0.053711 0.225586 -0.192383
v -0.049805 0.223633 -0.188477
v -0.053711 0.225586 -0.192383
v -0.055664 0.213867 -0.182617
v -0.043945 0.211914 -0.161133
v -0.036133 0.211914 -0.163086
v -0.055664 0.213867 -0.182617
v -0.036133 0.211914 -0.163086
v -0.049805 0.223633 -0.188477
v -0.053711 0.229492 -0.186523
v -0.049805 0.223633 -0.188477
v -0.053711 0.229492 -0.186523
v -0.055664 0.213867 -0.182617
v -0.049805 0.241211 -0.194336
v -0.049805 0.241211 -0.194336
v -0.014648 0.282227 -0.147461
v 0.000977 0.276367 -0.129883
v 0.000977 0.206055 -0.151367
v -0.051758 0.239258 -0.198242
v -0.053711 0.225586 -0.192383
v -0.049805 0.241211 -0.194336
v -0.051758 0.239258 -0.198242
v -0.049805 0.241211 -0.194336
v -0.049805 0.241211 -0.194336
v -0.051758 0.239258 -0.198242
v -0.061523 0.250977 -0.206055
v -0.188477 0.336914 -0.073242
v -0.168945 0.272461 -0.120117
v -0.18457 0.27832 -0.129883
v -0.18457 0.27832 -0.129883
v -0.157227 0.379883 -0.036133
v -0.15332 0.374023 -0.024414
v -0.157227 0.374023 -0.041992
v -0.157227 0.374023 -0.041992
v -0.15332 0.374023 -0.024414
v -0.157227 0.379883 -0.038086
v -0.157227 0.379883 -0.036133
v -0.133789 0.356445 -0.008789
v -0.129883 0.342773 -0.006836
v -0.129883 0.342773 -0.00293
v -0.12793 0.370117 -0.008789
v -0.133789 0.356445 -0.008789
v -0.129883 0.342773 -0.00293
v -0.124023 0.344727 -0.004883
v -0.12793 0.370117 -0.008789
v -0.129883 0.342773 -0.00293
v -0.129883 0.342773 -0.006836
v -0.133789 0.356445 -0.008789
v -0.124023 0.344727 -0.004883
v -0.151367 0.374023 -0.016602
v -0.149414 0.374023 -0.018555
v -0.157227 0.379883 -0.036133
v -0.131836 0.375977 -0.010742
v -0.149414 0.374023 -0.018555
v -0.151367 0.374023 -0.016602
v -0.151367 0.374023 -0.016602
v -0.15332 0.374023 -0.024414
v -0.143555 0.370117 -0.020508
v -0.151367 0.374023 -0.016602
v -0.131836 0.368164 -0.012695
v -0.151367 0.374023 -0.016602
v -0.131836 0.368164 -0.012695
v -0.12793 0.370117 -0.008789
v -0.151367 0.374023 -0.016602
v -0.12793 0.370117 -0.008789
v -0.131836 0.375977 -0.010742
v -0.151367 0.374023 -0.016602
v -0.157227 0.379883 -0.036133
v -0.157227 0.379883 -0.038086
v -0.143555 0.370117 -0.020508
v -0.15332 0.374023 -0.024414
v -0.149414 0.374023 -0.018555
v -0.149414 0.374023 -0.018555
v -0.15332 0.374023 -0.024414
v -0.157227 0.379883 -0.036133
v -0.143555 0.370117 -0.020508
v -0.131836 0.375977 -0.010742
v -0.131836 0.368164 -0.012695
v -0.143555 0.370117 -0.020508
v -0.131836 0.368164 -0.012695
v -0.12793 0.370117 -0.008789
v -0.12793 0.370117 -0.008789
v -0.170898 0.327148 -0.067383
v -0.170898 0.327148 -0.067383
v -0.15332 0.338867 -0.073242
v -0.15918 0.276367 -0.133789
v -0.129883 0.282227 -0.149414
v -0.057617 0.344727 -0.094727
v -0.157227 0.379883 -0.038086
v -0.157227 0.383789 -0.038086
v -0.157227 0.383789 -0.040039
v -0.157227 0.383789 -0.040039
v -0.157227 0.383789 -0.038086
v -0.157227 0.383789 -0.038086
v -0.15918 0.385742 -0.041992
v -0.157227 0.383789 -0.040039
v -0.15918 0.387695 -0.040039
v -0.15918 0.385742 -0.041992
v -0.157227 0.383789 -0.038086
v -0.157227 0.383789 -0.038086
v -0.157227 0.383789 -0.040039
v -0.15918 0.387695 -0.040039
v -0.15918 0.385742 -0.041992
v -0.165039 0.391602 -0.049805
v -0.075195 0.286133 -0.157227
v 0.000977 0.364258 -0.038086
v -0.014648 0.282227 -0.147461
v 0.000977 0.31543 -0.09082
v -0.014648 0.282227 -0.147461
v 0.000977 0.31543 -0.09082
v 0.000977 0.276367 -0.129883
v 0.12207 -0.491211 0.075195
v 0.12207 -0.469727 0.077148
v 0.112305 -0.463867 0.038086
v 0.12793 -0.491211 0.098633
v 0.12207 -0.491211 0.075195
v 0.112305 -0.489258 0.036133
v 0.12207 -0.495117 0.03418
v 0.112305 -0.489258 0.036133
v 0.129883 -0.49707 0.071289
v 0.135742 -0.49707 0.094727
v 0.12793 -0.491211 0.098633
v 0.137695 -0.446289 0.077148
v 0.112305 -0.463867 0.038086
v 0.12207 -0.469727 0.077148
v 0.129883 -0.467773 0.102539
v 0.129883 -0.467773 0.102539
v 0.120117 -0.481445 0.008789
v 0.110352 -0.46582 0.010742
v 0.120117 -0.481445 0.008789
v 0.12207 -0.495117 0.03418
v 0.12793 -0.491211 0.004883
v 0.243164 -0.499023 0.02832
v 0.12793 -0.491211 0.004883
v 0.223633 -0.495117 -0.014648
v 0.112305 -0.450195 0.012695
v 0.131836 -0.432617 0.036133
v 0.112305 -0.450195 0.012695
v 0.110352 -0.463867 -0.020508
v 0.116211 -0.477539 -0.020508
v 0.100586 -0.444336 0.016602
v 0.112305 -0.450195 0.012695
v 0.131836 -0.432617 0.036133
v 0.092773 -0.446289 -0.024414
v 0.112305 -0.450195 0.012695
v 0.100586 -0.444336 0.016602
v 0.125977 -0.424805 0.045898
v 0.102539 -0.395508 0.020508
v 0.100586 -0.444336 0.016602
v 0.100586 -0.444336 0.016602
v 0.102539 -0.395508 0.020508
v 0.092773 -0.446289 -0.024414
v 0.125977 -0.424805 0.045898
v 0.110352 -0.450195 -0.026367
v 0.110352 -0.450195 -0.026367
v 0.084961 -0.354492 0.061523
v 0.102539 -0.395508 0.020508
v 0.124023 -0.385742 0.045898
v 0.124023 -0.385742 0.045898
v 0.124023 -0.350586 0.073242
v 0.165039 -0.350586 0.06543
v 0.157227 -0.415039 0.045898
v 0.15918 -0.381836 0.049805
v 0.15918 -0.381836 0.049805
v 0.084961 -0.354492 0.061523
v 0.067383 -0.352539 0.02832
v 0.09082 -0.395508 -0.014648
v 0.12207 -0.307617 0.084961
v 0.09082 -0.30957 0.073242
v 0.124023 -0.350586 0.073242
v 0.084961 -0.354492 0.061523
v 0.157227 -0.319336 0.077148
v 0.12207 -0.307617 0.084961
v 0.09668 -0.295898 0.075195
v 0.09082 -0.30957 0.073242
v 0.09668 -0.295898 0.075195
v 0.084961 -0.288086 0.045898
v 0.077148 -0.305664 0.041992
v 0.084961 -0.354492 0.061523
v 0.09082 -0.30957 0.073242
v 0.077148 -0.305664 0.041992
v 0.09668 -0.272461 0.079102
v 0.104492 -0.254883 0.104492
v 0.086914 -0.268555 0.084961
v 0.098633 -0.24707 0.112305
v 0.079102 -0.274414 0.047852
v 0.09668 -0.272461 0.079102
v 0.086914 -0.268555 0.084961
v 0.05957 -0.239258 0.094727
v 0.079102 -0.274414 0.047852
v 0.086914 -0.268555 0.084961
v 0.098633 -0.24707 0.112305
v 0.05957 -0.239258 0.094727
v 0.086914 -0.268555 0.084961
v 0.12207 -0.28418 0.112305
v 0.118164 -0.262695 0.120117
v 0.110352 -0.282227 0.092773
v 0.155273 -0.264648 0.125977
v 0.12207 -0.28418 0.112305
v 0.110352 -0.282227 0.092773
v 0.131836 -0.301758 0.104492
v 0.15918 -0.290039 0.116211
v 0.12207 -0.28418 0.112305
v 0.131836 -0.301758 0.104492
v 0.15918 -0.290039 0.116211
v 0.104492 -0.254883 0.104492
v 0.135742 -0.219727 0.116211
v 0.09668 -0.272461 0.079102
v 0.135742 -0.219727 0.116211
v 0.141602 -0.237305 0.12793
v 0.110352 -0.282227 0.092773
v 0.100586 -0.28418 0.075195
v 0.092773 -0.280273 0.045898
v 0.110352 -0.282227 0.092773
v 0.100586 -0.28418 0.075195
v 0.100586 -0.28418 0.075195
v 0.09668 -0.272461 0.079102
v 0.092773 -0.280273 0.045898
v 0.131836 -0.301758 0.104492
v 0.15918 -0.30957 0.098633
v 0.088867 -0.276367 0.045898
v 0.088867 -0.276367 0.045898
v 0.077148 -0.305664 0.041992
v 0.067383 -0.352539 0.02832
v 0.084961 -0.354492 0.061523
v 0.077148 -0.305664 0.041992
v 0.061523 -0.342773 -0.014648
v 0.071289 -0.297852 0.000977
v 0.071289 -0.297852 0.000977
v 0.092773 -0.274414 0.014648
v 0.081055 -0.282227 0.008789
v 0.092773 -0.274414 0.014648
v 0.079102 -0.272461 0.008789
v 0.055664 -0.24707 0.045898
v 0.079102 -0.272461 0.008789
v 0.092773 -0.280273 0.045898
v 0.079102 -0.288086 -0.03418
v 0.071289 -0.327148 -0.055664
v 0.079102 -0.288086 -0.03418
v 0.100586 -0.274414 -0.022461
v 0.106445 -0.266602 -0.008789
v 0.05957 -0.249023 -0.000977
v 0.09082 -0.260742 -0.016602
v 0.05957 -0.249023 -0.000977
v 0.106445 -0.266602 -0.008789
v 0.143555 -0.489258 0.149414
v 0.147461 -0.49707 0.143555
v 0.157227 -0.49707 0.149414
v 0.131836 -0.489258 0.108398
v 0.147461 -0.49707 0.143555
v 0.143555 -0.489258 0.149414
v 0.157227 -0.491211 0.155273
v 0.145508 -0.46582 0.151367
v 0.143555 -0.489258 0.149414
v 0.145508 -0.46582 0.151367
v 0.157227 -0.491211 0.155273
v 0.186523 -0.49707 0.143555
v 0.157227 -0.49707 0.149414
v 0.147461 -0.49707 0.143555
v 0.192383 -0.49707 0.131836
v 0.180664 -0.495117 0.092773
v 0.135742 -0.49707 0.104492
v 0.135742 -0.49707 0.104492
v 0.15918 -0.469727 0.15918
v 0.145508 -0.46582 0.151367
v 0.15918 -0.469727 0.15918
v 0.161133 -0.458008 0.147461
v 0.145508 -0.46582 0.151367
v 0.161133 -0.458008 0.147461
v 0.149414 -0.456055 0.112305
v 0.135742 -0.461914 0.114258
v 0.135742 -0.461914 0.114258
v 0.15918 -0.469727 0.15918
v 0.188477 -0.469727 0.151367
v 0.182617 -0.458008 0.141602
v 0.188477 -0.469727 0.151367
v 0.186523 -0.49707 0.143555
v 0.188477 -0.491211 0.147461
v 0.192383 -0.49707 0.131836
v 0.188477 -0.491211 0.147461
v 0.186523 -0.49707 0.143555
v 0.161133 -0.458008 0.147461
v 0.182617 -0.458008 0.141602
v 0.174805 -0.456055 0.108398
v 0.149414 -0.456055 0.112305
v 0.188477 -0.469727 0.151367
v 0.196289 -0.46582 0.137695
v 0.196289 -0.46582 0.137695
v 0.188477 -0.469727 0.151367
v 0.196289 -0.489258 0.133789
v 0.186523 -0.485352 0.092773
v 0.196289 -0.489258 0.133789
v 0.192383 -0.49707 0.131836
v 0.180664 -0.495117 0.092773
v 0.186523 -0.485352 0.092773
v 0.202148 -0.469727 0.125977
v 0.211914 -0.489258 0.129883
v 0.213867 -0.47168 0.131836
v 0.200195 -0.487305 0.124023
v 0.202148 -0.469727 0.125977
v 0.213867 -0.47168 0.131836
v 0.211914 -0.46582 0.12207
v 0.194336 -0.467773 0.100586
v 0.200195 -0.487305 0.124023
v 0.202148 -0.469727 0.125977
v 0.202148 -0.461914 0.09668
v 0.194336 -0.467773 0.100586
v 0.202148 -0.469727 0.125977
v 0.211914 -0.46582 0.12207
v 0.209961 -0.495117 0.125977
v 0.237305 -0.489258 0.118164
v 0.211914 -0.489258 0.129883
v 0.209961 -0.495117 0.125977
v 0.202148 -0.49707 0.120117
v 0.202148 -0.49707 0.120117
v 0.237305 -0.49707 0.102539
v 0.235352 -0.495117 0.114258
v 0.237305 -0.473633 0.120117
v 0.213867 -0.47168 0.131836
v 0.231445 -0.46582 0.114258
v 0.237305 -0.473633 0.120117
v 0.18457 -0.463867 0.104492
v 0.18457 -0.463867 0.104492
v 0.155273 -0.264648 0.125977
v 0.15918 -0.290039 0.116211
v 0.182617 -0.270508 0.098633
v 0.176758 -0.249023 0.106445
v 0.176758 -0.249023 0.106445
v 0.141602 -0.237305 0.12793
v 0.155273 -0.264648 0.125977
v 0.133789 -0.489258 0.102539
v 0.135742 -0.469727 0.106445
v 0.137695 -0.493164 0.100586
v 0.133789 -0.489258 0.102539
v 0.12793 -0.491211 0.098633
v 0.12793 -0.491211 0.098633
v 0.133789 -0.489258 0.102539
v 0.129883 -0.467773 0.102539
v 0.135742 -0.49707 0.094727
v 0.135742 -0.49707 0.104492
v 0.133789 -0.489258 0.102539
v 0.137695 -0.493164 0.100586
v 0.137695 -0.493164 0.100586
v 0.135742 -0.469727 0.106445
v 0.180664 -0.495117 0.092773
v 0.182617 -0.493164 0.083008
v 0.180664 -0.495117 0.092773
v 0.135742 -0.469727 0.106445
v 0.135742 -0.461914 0.114258
v 0.147461 -0.459961 0.106445
v 0.145508 -0.452148 0.102539
v 0.135742 -0.469727 0.106445
v 0.147461 -0.459961 0.106445
v 0.145508 -0.452148 0.102539
v 0.149414 -0.456055 0.112305
v 0.145508 -0.452148 0.102539
v 0.172852 -0.459961 0.100586
v 0.174805 -0.456055 0.108398
v 0.172852 -0.459961 0.100586
v 0.174805 -0.452148 0.094727
v 0.137695 -0.446289 0.077148
v 0.145508 -0.452148 0.102539
v 0.174805 -0.452148 0.094727
v 0.243164 -0.499023 0.02832
v 0.182617 -0.493164 0.083008
v 0.129883 -0.49707 0.071289
v 0.176758 -0.444336 0.06543
v 0.137695 -0.446289 0.077148
v 0.176758 -0.444336 0.06543
v 0.131836 -0.432617 0.036133
v 0.180664 -0.467773 0.098633
v 0.172852 -0.459961 0.100586
v 0.174805 -0.456055 0.108398
v 0.174805 -0.456055 0.108398
v 0.18457 -0.463867 0.104492
v 0.180664 -0.467773 0.098633
v 0.180664 -0.467773 0.098633
v 0.186523 -0.485352 0.092773
v 0.180664 -0.467773 0.098633
v 0.18457 -0.463867 0.104492
v 0.18457 -0.463867 0.086914
v 0.174805 -0.452148 0.094727
v 0.180664 -0.467773 0.098633
v 0.186523 -0.485352 0.092773
v 0.18457 -0.463867 0.086914
v 0.182617 -0.493164 0.083008
v 0.186523 -0.485352 0.092773
v 0.180664 -0.495117 0.092773
v 0.186523 -0.485352 0.092773
v 0.182617 -0.493164 0.083008
v 0.188477 -0.495117 0.09082
v 0.192383 -0.469727 0.094727
v 0.18457 -0.463867 0.086914
v 0.186523 -0.485352 0.092773
v 0.186523 -0.485352 0.092773
v 0.202148 -0.49707 0.120117
v 0.200195 -0.487305 0.124023
v 0.188477 -0.495117 0.09082
v 0.186523 -0.485352 0.092773
v 0.200195 -0.487305 0.124023
v 0.192383 -0.469727 0.094727
v 0.25293 -0.499023 0.053711
v 0.188477 -0.495117 0.09082
v 0.182617 -0.493164 0.083008
v 0.243164 -0.499023 0.02832
v 0.196289 -0.456055 0.084961
v 0.18457 -0.463867 0.086914
v 0.192383 -0.469727 0.094727
v 0.166992 -0.422852 0.030273
v 0.200195 -0.426758 0.020508
v 0.209961 -0.446289 0.053711
v 0.124023 -0.487305 -0.022461
v 0.124023 -0.487305 -0.022461
v 0.166992 -0.422852 0.030273
v 0.157227 -0.415039 0.045898
v 0.166992 -0.422852 0.030273
v 0.15918 -0.381836 0.049805
v 0.157227 -0.415039 0.045898
v 0.178711 -0.413086 0.041992
v 0.174805 -0.381836 0.047852
v 0.166992 -0.422852 0.030273
v 0.208008 -0.381836 0.030273
v 0.174805 -0.381836 0.047852
v 0.178711 -0.413086 0.041992
v 0.178711 -0.413086 0.041992
v 0.166992 -0.422852 0.030273
v 0.209961 -0.416992 0.026367
v 0.178711 -0.413086 0.041992
v 0.209961 -0.416992 0.026367
v 0.208008 -0.381836 0.030273
v 0.166992 -0.422852 0.030273
v 0.174805 -0.381836 0.047852
v 0.192383 -0.34082 0.05957
v 0.213867 -0.333008 0.032227
v 0.213867 -0.333008 0.032227
v 0.192383 -0.34082 0.05957
v 0.174805 -0.381836 0.047852
v 0.200195 -0.426758 0.020508
v 0.202148 -0.49707 0.120117
v 0.188477 -0.495117 0.09082
v 0.237305 -0.49707 0.102539
v 0.200195 -0.463867 0.09082
v 0.200195 -0.463867 0.09082
v 0.202148 -0.461914 0.09668
v 0.211914 -0.46582 0.12207
v 0.22168 -0.463867 0.088867
v 0.22168 -0.46582 0.081055
v 0.200195 -0.463867 0.09082
v 0.202148 -0.461914 0.09668
v 0.22168 -0.463867 0.088867
v 0.231445 -0.46582 0.114258
v 0.262695 -0.499023 0.086914
v 0.254883 -0.499023 0.063477
v 0.250977 -0.49707 0.061523
v 0.25293 -0.499023 0.053711
v 0.250977 -0.49707 0.061523
v 0.188477 -0.495117 0.09082
v 0.217773 -0.456055 0.077148
v 0.22168 -0.46582 0.081055
v 0.231445 -0.467773 0.077148
v 0.249023 -0.46582 0.061523
v 0.249023 -0.46582 0.061523
v 0.209961 -0.446289 0.053711
v 0.217773 -0.456055 0.077148
v 0.237305 -0.489258 0.118164
v 0.235352 -0.495117 0.114258
v 0.239258 -0.489258 0.104492
v 0.237305 -0.473633 0.120117
v 0.237305 -0.49707 0.102539
v 0.239258 -0.473633 0.106445
v 0.237305 -0.473633 0.120117
v 0.239258 -0.473633 0.106445
v 0.245117 -0.49707 0.102539
v 0.239258 -0.489258 0.104492
v 0.237305 -0.49707 0.102539
v 0.262695 -0.499023 0.086914
v 0.245117 -0.49707 0.102539
v 0.237305 -0.49707 0.102539
v 0.245117 -0.491211 0.104492
v 0.24707 -0.475586 0.106445
v 0.239258 -0.473633 0.106445
v 0.260742 -0.499023 0.094727
v 0.245117 -0.491211 0.104492
v 0.245117 -0.49707 0.102539
v 0.262695 -0.499023 0.086914
v 0.260742 -0.499023 0.094727
v 0.245117 -0.49707 0.102539
v 0.262695 -0.477539 0.098633
v 0.24707 -0.475586 0.106445
v 0.262695 -0.495117 0.09668
v 0.24707 -0.475586 0.106445
v 0.243164 -0.47168 0.102539
v 0.239258 -0.473633 0.106445
v 0.239258 -0.473633 0.106445
v 0.243164 -0.47168 0.102539
v 0.233398 -0.467773 0.081055
v 0.229492 -0.469727 0.084961
v 0.229492 -0.469727 0.084961
v 0.258789 -0.473633 0.094727
v 0.250977 -0.469727 0.073242
v 0.233398 -0.467773 0.081055
v 0.243164 -0.47168 0.102539
v 0.258789 -0.473633 0.094727
v 0.262695 -0.477539 0.098633
v 0.22168 -0.46582 0.081055
v 0.231445 -0.467773 0.077148
v 0.231445 -0.467773 0.077148
v 0.231445 -0.467773 0.077148
v 0.233398 -0.467773 0.081055
v 0.24707 -0.47168 0.069336
v 0.24707 -0.47168 0.069336
v 0.233398 -0.467773 0.081055
v 0.250977 -0.469727 0.073242
v 0.24707 -0.47168 0.069336
v 0.256836 -0.475586 0.055664
v 0.249023 -0.46582 0.061523
v 0.24707 -0.47168 0.069336
v 0.25293 -0.477539 0.063477
v 0.25293 -0.477539 0.063477
v 0.243164 -0.459961 0.036133
v 0.225586 -0.450195 -0.012695
v 0.200195 -0.426758 0.020508
v 0.256836 -0.475586 0.055664
v 0.249023 -0.473633 0.030273
v 0.243164 -0.499023 0.02832
v 0.249023 -0.493164 0.02832
v 0.25293 -0.499023 0.053711
v 0.229492 -0.489258 -0.016602
v 0.223633 -0.495117 -0.014648
v 0.249023 -0.493164 0.02832
v 0.249023 -0.473633 0.030273
v 0.256836 -0.493164 0.051758
v 0.229492 -0.489258 -0.016602
v 0.256836 -0.493164 0.051758
v 0.231445 -0.467773 -0.016602
v 0.231445 -0.467773 -0.016602
v 0.225586 -0.432617 -0.010742
v 0.213867 -0.44043 -0.010742
v 0.213867 -0.44043 -0.010742
v 0.225586 -0.432617 -0.010742
v 0.208008 -0.381836 0.030273
v 0.209961 -0.416992 0.026367
v 0.217773 -0.389648 -0.004883
v 0.186523 -0.293945 0.071289
v 0.180664 -0.291992 0.094727
v 0.180664 -0.291992 0.094727
v 0.186523 -0.293945 0.071289
v 0.186523 -0.264648 0.077148
v 0.186523 -0.264648 0.057617
v 0.196289 -0.272461 0.053711
v 0.186523 -0.264648 0.057617
v 0.186523 -0.293945 0.071289
v 0.186523 -0.293945 0.071289
v 0.204102 -0.288086 0.049805
v 0.196289 -0.272461 0.053711
v 0.188477 -0.249023 0.06543
v 0.180664 -0.237305 0.086914
v 0.186523 -0.258789 0.036133
v 0.186523 -0.25293 0.038086
v 0.194336 -0.262695 0.032227
v 0.186523 -0.258789 0.036133
v 0.186523 -0.264648 0.057617
v 0.196289 -0.272461 0.053711
v 0.178711 -0.254883 0.010742
v 0.178711 -0.254883 0.010742
v 0.186523 -0.25293 0.038086
v 0.178711 -0.254883 0.010742
v 0.19043 -0.24707 0.004883
v 0.198242 -0.245117 0.038086
v 0.188477 -0.249023 0.06543
v 0.186523 -0.25293 0.038086
v 0.198242 -0.245117 0.038086
v 0.18457 -0.256836 -0.000977
v 0.168945 -0.24707 -0.014648
v 0.163086 -0.258789 -0.024414
v 0.157227 -0.254883 -0.008789
v 0.178711 -0.254883 0.010742
v 0.157227 -0.254883 -0.008789
v 0.18457 -0.256836 -0.000977
v 0.163086 -0.258789 -0.024414
v 0.178711 -0.254883 0.010742
v 0.225586 -0.325195 0.000977
v 0.211914 -0.280273 0.020508
v 0.21582 -0.313477 -0.045898
v 0.209961 -0.387695 -0.041992
v 0.211914 -0.280273 0.020508
v 0.202148 -0.272461 -0.018555
v 0.202148 -0.272461 -0.018555
v 0.036133 -0.071289 0.141602
v 0.03418 -0.055664 0.131836
v 0.036133 -0.071289 0.141602
v 0.000977 -0.069336 0.147461
v 0.055664 -0.100586 0.12793
v 0.030273 -0.133789 0.12207
v 0.09082 -0.079102 0.116211
v 0.061523 -0.108398 0.104492
v 0.086914 -0.088867 0.098633
v 0.084961 -0.053711 0.124023
v 0.084961 -0.053711 0.124023
v 0.000977 -0.053711 0.137695
v 0.03418 -0.055664 0.131836
v 0.014648 0.00293 0.15918
v 0.000977 -0.053711 0.137695
v 0.014648 0.00293 0.15918
v 0.000977 0.020508 0.147461
v 0.06543 -0.045898 0.120117
v 0.06543 -0.045898 0.120117
v 0.061523 -0.008789 0.143555
v 0.061523 -0.008789 0.143555
v 0.06543 -0.045898 0.120117
v 0.073242 0.000977 0.125977
v 0.000977 0.020508 0.147461
v 0.014648 0.00293 0.15918
v 0.061523 -0.008789 0.143555
v 0.073242 0.000977 0.125977
v 0.041992 -0.182617 0.09082
v 0.081055 -0.217773 0.12207
v 0.041992 -0.182617 0.09082
v 0.022461 -0.15918 0.083008
v 0.041992 -0.131836 0.100586
v 0.000977 -0.166992 0.038086
v 0.03418 -0.149414 0.077148
v 0.024414 -0.165039 0.038086
v 0.057617 -0.137695 0.100586
v 0.041992 -0.131836 0.100586
v 0.057617 -0.137695 0.100586
v 0.061523 -0.108398 0.104492
v 0.03418 -0.149414 0.077148
v 0.040039 -0.155273 0.079102
v 0.057617 -0.137695 0.100586
v 0.06543 -0.166992 0.118164
v 0.057617 -0.137695 0.100586
v 0.06543 -0.166992 0.118164
v 0.092773 -0.15332 0.12207
v 0.057617 -0.137695 0.100586
v 0.092773 -0.15332 0.12207
v 0.088867 -0.114258 0.110352
v 0.075195 -0.114258 0.100586
v 0.061523 -0.108398 0.104492
v 0.057617 -0.137695 0.100586
v 0.075195 -0.114258 0.100586
v 0.040039 -0.155273 0.079102
v 0.038086 -0.192383 0.041992
v 0.03418 -0.149414 0.077148
v 0.03418 -0.157227 0.036133
v 0.036133 -0.165039 0.038086
v 0.03418 -0.157227 0.036133
v 0.040039 -0.172852 -0.004883
v 0.041992 -0.196289 -0.008789
v 0.000977 -0.172852 -0.006836
v 0.040039 -0.163086 -0.00293
v 0.030273 -0.170898 -0.004883
v 0.040039 -0.163086 -0.00293
v 0.081055 -0.217773 0.12207
v 0.124023 -0.186523 0.124023
v 0.135742 -0.219727 0.116211
v 0.092773 -0.15332 0.12207
v 0.092773 -0.15332 0.12207
v 0.124023 -0.186523 0.124023
v 0.161133 -0.168945 0.116211
v 0.145508 -0.124023 0.114258
v 0.088867 -0.114258 0.110352
v 0.124023 -0.186523 0.124023
v 0.135742 -0.219727 0.116211
v 0.174805 -0.213867 0.108398
v 0.174805 -0.213867 0.108398
v 0.061523 -0.108398 0.104492
v 0.075195 -0.114258 0.100586
v 0.086914 -0.088867 0.098633
v 0.075195 -0.114258 0.100586
v 0.088867 -0.114258 0.110352
v 0.108398 -0.079102 0.088867
v 0.108398 -0.079102 0.088867
v 0.075195 -0.114258 0.100586
v 0.124023 -0.081055 0.09668
v 0.108398 -0.079102 0.088867
v 0.137695 -0.05957 0.079102
v 0.137695 -0.05957 0.079102
v 0.084961 -0.053711 0.124023
v 0.09082 -0.079102 0.116211
v 0.131836 -0.067383 0.071289
v 0.170898 -0.112305 0.081055
v 0.143555 -0.071289 0.075195
v 0.131836 -0.067383 0.071289
v 0.079102 -0.041992 0.114258
v 0.06543 -0.045898 0.120117
v 0.079102 -0.041992 0.114258
v 0.073242 0.000977 0.125977
v 0.133789 -0.032227 0.081055
v 0.133789 -0.032227 0.081055
v 0.120117 -0.026367 0.075195
v 0.079102 -0.041992 0.114258
v 0.120117 -0.026367 0.075195
v 0.124023 0.016602 0.075195
v 0.100586 0.018555 0.120117
v 0.100586 0.018555 0.120117
v 0.120117 -0.026367 0.075195
v 0.133789 -0.032227 0.081055
v 0.151367 -0.024414 0.024414
v 0.133789 -0.016602 0.024414
v 0.133789 -0.016602 0.024414
v 0.135742 -0.219727 0.116211
v 0.135742 -0.219727 0.116211
v 0.176758 -0.249023 0.106445
v 0.180664 -0.237305 0.086914
v 0.180664 -0.237305 0.086914
v 0.19043 -0.231445 0.088867
v 0.198242 -0.208008 0.081055
v 0.161133 -0.168945 0.116211
v 0.174805 -0.213867 0.108398
v 0.19043 -0.231445 0.088867
v 0.200195 -0.241211 0.069336
v 0.19043 -0.15918 0.083008
v 0.145508 -0.124023 0.114258
v 0.200195 -0.241211 0.069336
v 0.202148 -0.211914 0.036133
v 0.198242 -0.245117 0.038086
v 0.194336 -0.163086 0.032227
v 0.176758 -0.112305 0.030273
v 0.170898 -0.112305 0.081055
v 0.19043 -0.24707 0.004883
v 0.188477 -0.22168 -0.006836
v 0.18457 -0.176758 -0.016602
v 0.188477 -0.22168 -0.006836
v 0.168945 -0.124023 -0.024414
v 0.131836 -0.067383 0.071289
v 0.143555 -0.071289 0.075195
v 0.155273 -0.069336 0.026367
v 0.145508 -0.06543 0.026367
v 0.145508 -0.06543 0.026367
v 0.143555 -0.071289 0.075195
v 0.170898 -0.112305 0.081055
v 0.176758 -0.112305 0.030273
v 0.176758 -0.112305 0.030273
v 0.155273 -0.069336 0.026367
v 0.143555 -0.071289 0.075195
v 0.155273 -0.055664 0.026367
v 0.155273 -0.055664 0.026367
v 0.151367 -0.024414 0.024414
v 0.137695 -0.075195 -0.022461
v 0.137695 -0.075195 -0.022461
v 0.145508 -0.06543 0.026367
v 0.176758 -0.112305 0.030273
v 0.149414 -0.079102 -0.026367
v 0.149414 -0.079102 -0.026367
v 0.145508 -0.063477 -0.032227
v 0.124023 -0.018555 -0.026367
v 0.141602 0.038086 0.020508
v 0.124023 -0.018555 -0.026367
v 0.139648 -0.026367 -0.03418
v 0.139648 -0.026367 -0.03418
v 0.243164 -0.016602 0.006836
v 0.268555 -0.05957 0.026367
v 0.297852 0.018555 0.05957
v 0.280273 -0.077148 -0.040039
v 0.268555 -0.05957 0.026367
v 0.243164 -0.016602 0.006836
v 0.262695 0.022461 0.032227
v 0.245117 0.032227 -0.008789
v 0.254883 -0.030273 -0.063477
v 0.245117 0.024414 -0.061523
v 0.245117 0.032227 -0.008789
v 0.368164 -0.254883 0.194336
v 0.333008 -0.276367 0.19043
v 0.342773 -0.282227 0.194336
v 0.331055 -0.282227 0.18457
v 0.338867 -0.290039 0.178711
v 0.350586 -0.291992 0.188477
v 0.342773 -0.282227 0.194336
v 0.342773 -0.282227 0.194336
v 0.350586 -0.291992 0.188477
v 0.379883 -0.266602 0.188477
v 0.368164 -0.254883 0.194336
v 0.342773 -0.282227 0.194336
v 0.331055 -0.282227 0.18457
v 0.338867 -0.290039 0.178711
v 0.333008 -0.276367 0.19043
v 0.368164 -0.254883 0.194336
v 0.358398 -0.24707 0.186523
v 0.331055 -0.274414 0.178711
v 0.331055 -0.282227 0.18457
v 0.333008 -0.276367 0.19043
v 0.354492 -0.243164 0.172852
v 0.331055 -0.274414 0.178711
v 0.333008 -0.276367 0.19043
v 0.358398 -0.24707 0.186523
v 0.350586 -0.291992 0.188477
v 0.338867 -0.290039 0.178711
v 0.356445 -0.297852 0.176758
v 0.356445 -0.297852 0.176758
v 0.383789 -0.231445 0.19043
v 0.368164 -0.229492 0.180664
v 0.383789 -0.231445 0.19043
v 0.368164 -0.229492 0.180664
v 0.368164 -0.254883 0.194336
v 0.374023 -0.31543 0.12793
v 0.362305 -0.31543 0.118164
v 0.368164 -0.321289 0.110352
v 0.364258 -0.307617 0.124023
v 0.362305 -0.31543 0.118164
v 0.374023 -0.31543 0.12793
v 0.383789 -0.323242 0.120117
v 0.395508 -0.290039 0.133789
v 0.40918 -0.297852 0.124023
v 0.395508 -0.290039 0.133789
v 0.338867 -0.290039 0.178711
v 0.334961 -0.282227 0.166992
v 0.344727 -0.291992 0.161133
v 0.344727 -0.295898 0.170898
v 0.356445 -0.297852 0.176758
v 0.338867 -0.290039 0.178711
v 0.344727 -0.295898 0.170898
v 0.334961 -0.282227 0.166992
v 0.331055 -0.274414 0.178711
v 0.358398 -0.249023 0.15918
v 0.344727 -0.291992 0.161133
v 0.358398 -0.249023 0.15918
v 0.344727 -0.295898 0.170898
v 0.354492 -0.297852 0.166992
v 0.356445 -0.297852 0.176758
v 0.356445 -0.297852 0.176758
v 0.354492 -0.297852 0.166992
v 0.383789 -0.274414 0.174805
v 0.383789 -0.274414 0.174805
v 0.344727 -0.291992 0.161133
v 0.344727 -0.291992 0.161133
v 0.370117 -0.258789 0.15332
v 0.37793 -0.270508 0.15918
v 0.370117 -0.258789 0.15332
v 0.389648 -0.249023 0.15332
v 0.375977 -0.243164 0.149414
v 0.375977 -0.243164 0.149414
v 0.262695 -0.499023 0.086914
v 0.262695 -0.495117 0.09668
v 0.260742 -0.499023 0.094727
v 0.264648 -0.477539 0.09082
v 0.262695 -0.477539 0.098633
v 0.262695 -0.495117 0.09668
v 0.262695 -0.495117 0.09668
v 0.262695 -0.499023 0.086914
v 0.266602 -0.495117 0.086914
v 0.266602 -0.495117 0.086914
v 0.264648 -0.477539 0.09082
v 0.262695 -0.477539 0.098633
v 0.258789 -0.473633 0.069336
v 0.262695 -0.499023 0.086914
v 0.254883 -0.499023 0.063477
v 0.258789 -0.493164 0.063477
v 0.266602 -0.495117 0.086914
v 0.258789 -0.493164 0.063477
v 0.258789 -0.473633 0.069336
v 0.250977 -0.49707 0.061523
v 0.25293 -0.477539 0.063477
v 0.258789 -0.473633 0.069336
v 0.254883 -0.493164 0.05957
v 0.258789 -0.473633 0.069336
v 0.254883 -0.493164 0.05957
v 0.250977 -0.49707 0.061523
v 0.25293 -0.499023 0.053711
v 0.360352 -0.305664 0.114258
v 0.368164 -0.321289 0.110352
v 0.362305 -0.31543 0.118164
v 0.364258 -0.307617 0.124023
v 0.364258 -0.30957 0.100586
v 0.368164 -0.321289 0.110352
v 0.364258 -0.30957 0.100586
v 0.375977 -0.31543 0.092773
v 0.387695 -0.325195 0.104492
v 0.383789 -0.323242 0.120117
v 0.368164 -0.321289 0.110352
v 0.375977 -0.323242 0.100586
v 0.375977 -0.31543 0.092773
v 0.375977 -0.323242 0.100586
v 0.368164 -0.321289 0.110352
v 0.379883 -0.270508 0.116211
v 0.360352 -0.305664 0.114258
v 0.364258 -0.307617 0.124023
v 0.383789 -0.280273 0.12793
v 0.383789 -0.280273 0.12793
v 0.385742 -0.272461 0.100586
v 0.364258 -0.30957 0.100586
v 0.385742 -0.272461 0.100586
v 0.375977 -0.31543 0.092773
v 0.364258 -0.30957 0.100586
v 0.368164 -0.299805 0.038086
v 0.366211 -0.290039 0.041992
v 0.360352 -0.291992 0.036133
v 0.395508 -0.286133 0.047852
v 0.368164 -0.299805 0.038086
v 0.360352 -0.291992 0.036133
v 0.360352 -0.293945 0.024414
v 0.370117 -0.305664 0.026367
v 0.368164 -0.299805 0.038086
v 0.370117 -0.305664 0.026367
v 0.405273 -0.295898 0.045898
v 0.405273 -0.295898 0.045898
v 0.364258 -0.280273 0.036133
v 0.391602 -0.276367 0.040039
v 0.364258 -0.280273 0.036133
v 0.366211 -0.290039 0.041992
v 0.395508 -0.286133 0.047852
v 0.360352 -0.291992 0.036133
v 0.364258 -0.280273 0.036133
v 0.360352 -0.293945 0.024414
v 0.366211 -0.27832 0.022461
v 0.389648 -0.276367 0.024414
v 0.391602 -0.276367 0.040039
v 0.370117 -0.305664 0.026367
v 0.360352 -0.293945 0.024414
v 0.37207 -0.303711 0.014648
v 0.411133 -0.299805 0.016602
v 0.411133 -0.301758 0.032227
v 0.411133 -0.301758 0.032227
v 0.364258 -0.293945 0.012695
v 0.368164 -0.28418 0.010742
v 0.364258 -0.293945 0.012695
v 0.360352 -0.293945 0.024414
v 0.366211 -0.27832 0.022461
v 0.37207 -0.303711 0.014648
v 0.364258 -0.293945 0.012695
v 0.37207 -0.291992 0.006836
v 0.37207 -0.303711 0.014648
v 0.37207 -0.291992 0.006836
v 0.40332 -0.290039 0.008789
v 0.411133 -0.299805 0.016602
v 0.368164 -0.28418 0.010742
v 0.397461 -0.280273 0.010742
v 0.37207 -0.291992 0.006836
v 0.368164 -0.28418 0.010742
v 0.366211 -0.27832 0.022461
v 0.389648 -0.276367 0.024414
v 0.397461 -0.280273 0.010742
v 0.40332 -0.290039 0.008789
v 0.37207 -0.291992 0.006836
v 0.379883 -0.266602 0.188477
v 0.383789 -0.274414 0.174805
v 0.401367 -0.249023 0.165039
v 0.397461 -0.239258 0.180664
v 0.383789 -0.231445 0.19043
v 0.401367 -0.249023 0.165039
v 0.395508 -0.258789 0.129883
v 0.413086 -0.262695 0.135742
v 0.413086 -0.262695 0.135742
v 0.395508 -0.258789 0.129883
v 0.395508 -0.258789 0.129883
v 0.413086 -0.262695 0.135742
v 0.413086 -0.258789 0.131836
v 0.397461 -0.25293 0.124023
v 0.389648 -0.256836 0.112305
v 0.397461 -0.25293 0.124023
v 0.426758 -0.268555 0.124023
v 0.413086 -0.258789 0.131836
v 0.413086 -0.262695 0.135742
v 0.426758 -0.268555 0.124023
v 0.413086 -0.258789 0.131836
v 0.415039 -0.250977 0.129883
v 0.397461 -0.25293 0.124023
v 0.426758 -0.254883 0.120117
v 0.415039 -0.250977 0.129883
v 0.413086 -0.258789 0.131836
v 0.424805 -0.264648 0.12207
v 0.424805 -0.264648 0.12207
v 0.395508 -0.24707 0.12793
v 0.397461 -0.25293 0.124023
v 0.415039 -0.250977 0.129883
v 0.426758 -0.254883 0.120117
v 0.416992 -0.24707 0.133789
v 0.387695 -0.325195 0.104492
v 0.383789 -0.321289 0.094727
v 0.375977 -0.31543 0.092773
v 0.387695 -0.325195 0.104492
v 0.383789 -0.321289 0.094727
v 0.413086 -0.299805 0.106445
v 0.413086 -0.299805 0.106445
v 0.383789 -0.321289 0.094727
v 0.375977 -0.31543 0.092773
v 0.395508 -0.280273 0.09082
v 0.395508 -0.280273 0.09082
v 0.40332 -0.293945 0.092773
v 0.383789 -0.321289 0.094727
v 0.40332 -0.293945 0.092773
v 0.387695 -0.254883 0.09668
v 0.389648 -0.256836 0.112305
v 0.383789 -0.250977 0.114258
v 0.383789 -0.250977 0.114258
v 0.389648 -0.256836 0.112305
v 0.395508 -0.24707 0.12793
v 0.383789 -0.225586 0.086914
v 0.387695 -0.254883 0.09668
v 0.383789 -0.250977 0.114258
v 0.379883 -0.21582 0.114258
v 0.379883 -0.21582 0.114258
v 0.391602 -0.260742 0.100586
v 0.389648 -0.256836 0.112305
v 0.387695 -0.254883 0.09668
v 0.391602 -0.260742 0.100586
v 0.397461 -0.25293 0.124023
v 0.391602 -0.260742 0.100586
v 0.401367 -0.262695 0.092773
v 0.401367 -0.262695 0.092773
v 0.391602 -0.260742 0.100586
v 0.387695 -0.254883 0.09668
v 0.399414 -0.260742 0.083008
v 0.399414 -0.260742 0.083008
v 0.416992 -0.270508 0.09082
v 0.416992 -0.270508 0.09082
v 0.418945 -0.258789 0.086914
v 0.415039 -0.262695 0.092773
v 0.415039 -0.262695 0.092773
v 0.393555 -0.225586 0.069336
v 0.418945 -0.258789 0.086914
v 0.399414 -0.260742 0.083008
v 0.393555 -0.225586 0.069336
v 0.40918 -0.297852 0.124023
v 0.413086 -0.299805 0.106445
v 0.430664 -0.274414 0.104492
v 0.426758 -0.268555 0.124023
v 0.430664 -0.274414 0.104492
v 0.426758 -0.268555 0.106445
v 0.430664 -0.274414 0.104492
v 0.426758 -0.268555 0.106445
v 0.428711 -0.260742 0.102539
v 0.430664 -0.250977 0.120117
v 0.428711 -0.260742 0.102539
v 0.43457 -0.256836 0.100586
v 0.430664 -0.250977 0.120117
v 0.43457 -0.256836 0.100586
v 0.428711 -0.209961 0.104492
v 0.415039 -0.206055 0.120117
v 0.416992 -0.24707 0.133789
v 0.416992 -0.270508 0.09082
v 0.415039 -0.262695 0.092773
v 0.428711 -0.260742 0.102539
v 0.426758 -0.268555 0.106445
v 0.415039 -0.262695 0.092773
v 0.43457 -0.256836 0.100586
v 0.426758 -0.213867 0.081055
v 0.426758 -0.213867 0.081055
v 0.411133 -0.262695 0.049805
v 0.391602 -0.276367 0.040039
v 0.428711 -0.270508 0.047852
v 0.428711 -0.270508 0.047852
v 0.40332 -0.258789 0.038086
v 0.411133 -0.262695 0.049805
v 0.399414 -0.254883 0.022461
v 0.40332 -0.258789 0.038086
v 0.399414 -0.25293 0.040039
v 0.399414 -0.25293 0.040039
v 0.40332 -0.258789 0.038086
v 0.415039 -0.25293 0.047852
v 0.397461 -0.231445 0.020508
v 0.397461 -0.229492 0.040039
v 0.397461 -0.229492 0.040039
v 0.40332 -0.260742 0.024414
v 0.40332 -0.260742 0.024414
v 0.40332 -0.258789 0.038086
v 0.411133 -0.262695 0.049805
v 0.415039 -0.258789 0.043945
v 0.415039 -0.258789 0.043945
v 0.422852 -0.268555 0.006836
v 0.422852 -0.268555 0.006836
v 0.40332 -0.260742 0.024414
v 0.40332 -0.260742 0.024414
v 0.399414 -0.254883 0.022461
v 0.40918 -0.260742 0.012695
v 0.40918 -0.260742 0.012695
v 0.397461 -0.280273 0.010742
v 0.40332 -0.260742 0.024414
v 0.40918 -0.256836 0.006836
v 0.40918 -0.256836 0.006836
v 0.40918 -0.260742 0.012695
v 0.44043 -0.274414 0.032227
v 0.411133 -0.301758 0.032227
v 0.44043 -0.274414 0.032227
v 0.428711 -0.266602 0.045898
v 0.428711 -0.270508 0.047852
v 0.415039 -0.25293 0.047852
v 0.415039 -0.258789 0.043945
v 0.432617 -0.256836 0.045898
v 0.43457 -0.25293 0.047852
v 0.43457 -0.25293 0.047852
v 0.413086 -0.223633 0.045898
v 0.415039 -0.258789 0.043945
v 0.428711 -0.266602 0.045898
v 0.432617 -0.256836 0.045898
v 0.44043 -0.274414 0.032227
v 0.428711 -0.266602 0.045898
v 0.428711 -0.270508 0.047852
v 0.442383 -0.256836 0.032227
v 0.446289 -0.25293 0.032227
v 0.43457 -0.25293 0.047852
v 0.446289 -0.25293 0.032227
v 0.43457 -0.219727 0.047852
v 0.43457 -0.219727 0.047852
v 0.438477 -0.268555 0.032227
v 0.432617 -0.256836 0.045898
v 0.442383 -0.256836 0.032227
v 0.438477 -0.274414 0.014648
v 0.424805 -0.258789 0.008789
v 0.422852 -0.264648 0.010742
v 0.422852 -0.268555 0.006836
v 0.40918 -0.260742 0.012695
v 0.424805 -0.258789 0.008789
v 0.422852 -0.264648 0.010742
v 0.40918 -0.260742 0.012695
v 0.426758 -0.254883 0.004883
v 0.405273 -0.229492 0.00293
v 0.426758 -0.254883 0.004883
v 0.40918 -0.256836 0.006836
v 0.405273 -0.229492 0.00293
v 0.436523 -0.268555 0.016602
v 0.438477 -0.274414 0.014648
v 0.436523 -0.268555 0.016602
v 0.422852 -0.264648 0.010742
v 0.424805 -0.258789 0.008789
v 0.438477 -0.258789 0.014648
v 0.436523 -0.268555 0.016602
v 0.438477 -0.274414 0.014648
v 0.438477 -0.258789 0.014648
v 0.426758 -0.254883 0.004883
v 0.442383 -0.254883 0.012695
v 0.422852 -0.225586 0.000977
v 0.422852 -0.225586 0.000977
v 0.446289 -0.25293 0.032227
v 0.442383 -0.256836 0.032227
v 0.442383 -0.254883 0.012695
v 0.444336 -0.219727 0.02832
v 0.44043 -0.22168 0.008789
v 0.44043 -0.22168 0.008789
v 0.27832 -0.225586 0.165039
v 0.280273 -0.217773 0.168945
v 0.266602 -0.223633 0.155273
v 0.291992 -0.225586 0.163086
v 0.280273 -0.217773 0.168945
v 0.27832 -0.225586 0.165039
v 0.27832 -0.225586 0.165039
v 0.266602 -0.223633 0.155273
v 0.270508 -0.227539 0.147461
v 0.282227 -0.231445 0.157227
v 0.282227 -0.231445 0.157227
v 0.260742 -0.211914 0.157227
v 0.260742 -0.211914 0.157227
v 0.280273 -0.217773 0.168945
v 0.270508 -0.188477 0.149414
v 0.260742 -0.21582 0.143555
v 0.266602 -0.223633 0.155273
v 0.260742 -0.211914 0.157227
v 0.270508 -0.188477 0.149414
v 0.260742 -0.21582 0.143555
v 0.260742 -0.211914 0.157227
v 0.291992 -0.194336 0.165039
v 0.270508 -0.188477 0.149414
v 0.280273 -0.217773 0.168945
v 0.280273 -0.217773 0.168945
v 0.291992 -0.225586 0.163086
v 0.291992 -0.194336 0.165039
v 0.270508 -0.227539 0.147461
v 0.266602 -0.22168 0.135742
v 0.266602 -0.22168 0.135742
v 0.282227 -0.229492 0.139648
v 0.266602 -0.22168 0.135742
v 0.260742 -0.21582 0.143555
v 0.270508 -0.192383 0.131836
v 0.280273 -0.198242 0.12207
v 0.280273 -0.198242 0.12207
v 0.282227 -0.229492 0.139648
v 0.266602 -0.22168 0.135742
v 0.270508 -0.192383 0.131836
v 0.280273 -0.174805 0.129883
v 0.299805 -0.174805 0.161133
v 0.270508 -0.188477 0.149414
v 0.27832 -0.166992 0.145508
v 0.280273 -0.174805 0.129883
v 0.27832 -0.166992 0.145508
v 0.280273 -0.174805 0.129883
v 0.288086 -0.182617 0.120117
v 0.293945 -0.229492 0.15332
v 0.293945 -0.229492 0.15332
v 0.305664 -0.202148 0.155273
v 0.291992 -0.194336 0.165039
v 0.291992 -0.225586 0.163086
v 0.293945 -0.229492 0.15332
v 0.311523 -0.182617 0.151367
v 0.299805 -0.174805 0.161133
v 0.293945 -0.229492 0.15332
v 0.311523 -0.208008 0.141602
v 0.311523 -0.208008 0.141602
v 0.297852 -0.206055 0.125977
v 0.31543 -0.188477 0.137695
v 0.31543 -0.188477 0.137695
v 0.303711 -0.19043 0.124023
v 0.288086 -0.182617 0.120117
v 0.256836 -0.161133 0.12793
v 0.262695 -0.155273 0.125977
v 0.262695 -0.15332 0.125977
v 0.282227 -0.166992 0.143555
v 0.280273 -0.174805 0.129883
v 0.27832 -0.166992 0.145508
v 0.27832 -0.166992 0.145508
v 0.299805 -0.174805 0.161133
v 0.282227 -0.166992 0.143555
v 0.280273 -0.174805 0.129883
v 0.282227 -0.166992 0.143555
v 0.28418 -0.168945 0.12793
v 0.28418 -0.168945 0.12793
v 0.262695 -0.155273 0.125977
v 0.262695 -0.15332 0.125977
v 0.266602 -0.15332 0.125977
v 0.266602 -0.151367 0.125977
v 0.262695 -0.15332 0.125977
v 0.262695 -0.155273 0.125977
v 0.266602 -0.15332 0.125977
v 0.266602 -0.151367 0.125977
v 0.268555 -0.151367 0.125977
v 0.268555 -0.143555 0.12793
v 0.268555 -0.143555 0.12793
v 0.268555 -0.149414 0.125977
v 0.268555 -0.151367 0.125977
v 0.274414 -0.157227 0.124023
v 0.268555 -0.143555 0.12793
v 0.268555 -0.151367 0.125977
v 0.268555 -0.149414 0.125977
v 0.268555 -0.143555 0.12793
v 0.274414 -0.157227 0.124023
v 0.27832 -0.141602 0.124023
v 0.268555 -0.143555 0.12793
v 0.268555 -0.149414 0.125977
v 0.301758 -0.172852 0.155273
v 0.282227 -0.166992 0.143555
v 0.299805 -0.174805 0.161133
v 0.311523 -0.182617 0.151367
v 0.301758 -0.172852 0.155273
v 0.299805 -0.174805 0.161133
v 0.28418 -0.163086 0.141602
v 0.303711 -0.168945 0.15332
v 0.28418 -0.163086 0.141602
v 0.303711 -0.168945 0.15332
v 0.28418 -0.157227 0.141602
v 0.28418 -0.163086 0.141602
v 0.28418 -0.163086 0.141602
v 0.28418 -0.157227 0.141602
v 0.28418 -0.166992 0.124023
v 0.28418 -0.168945 0.12793
v 0.305664 -0.165039 0.155273
v 0.28418 -0.157227 0.141602
v 0.305664 -0.165039 0.155273
v 0.301758 -0.137695 0.125977
v 0.28418 -0.157227 0.141602
v 0.301758 -0.137695 0.125977
v 0.28418 -0.166992 0.124023
v 0.288086 -0.182617 0.120117
v 0.301758 -0.172852 0.155273
v 0.311523 -0.182617 0.151367
v 0.313477 -0.178711 0.147461
v 0.313477 -0.178711 0.147461
v 0.303711 -0.168945 0.15332
v 0.301758 -0.172852 0.155273
v 0.313477 -0.178711 0.147461
v 0.317383 -0.176758 0.147461
v 0.305664 -0.165039 0.155273
v 0.303711 -0.168945 0.15332
v 0.313477 -0.178711 0.147461
v 0.321289 -0.143555 0.139648
v 0.305664 -0.165039 0.155273
v 0.317383 -0.176758 0.147461
v 0.333008 -0.155273 0.137695
v 0.333008 -0.155273 0.137695
v 0.321289 -0.143555 0.139648
v 0.323242 -0.131836 0.143555
v 0.301758 -0.137695 0.125977
v 0.301758 -0.12793 0.124023
v 0.299805 -0.149414 0.108398
v 0.301758 -0.137695 0.125977
v 0.301758 -0.12793 0.124023
v 0.299805 -0.149414 0.108398
v 0.34668 -0.223633 0.163086
v 0.342773 -0.227539 0.165039
v 0.342773 -0.233398 0.166992
v 0.344727 -0.223633 0.163086
v 0.342773 -0.204102 0.157227
v 0.344727 -0.217773 0.166992
v 0.34668 -0.209961 0.161133
v 0.344727 -0.204102 0.15332
v 0.34668 -0.209961 0.161133
v 0.342773 -0.204102 0.157227
v 0.350586 -0.198242 0.149414
v 0.34668 -0.198242 0.149414
v 0.344727 -0.204102 0.15332
v 0.342773 -0.204102 0.157227
v 0.356445 -0.188477 0.145508
v 0.34668 -0.198242 0.149414
v 0.342773 -0.204102 0.157227
v 0.342773 -0.204102 0.157227
v 0.350586 -0.198242 0.149414
v 0.356445 -0.188477 0.145508
v 0.31543 -0.188477 0.137695
v 0.321289 -0.186523 0.133789
v 0.307617 -0.188477 0.118164
v 0.321289 -0.186523 0.133789
v 0.31543 -0.188477 0.137695
v 0.303711 -0.19043 0.124023
v 0.368164 -0.229492 0.180664
v 0.362305 -0.231445 0.166992
v 0.362305 -0.231445 0.166992
v 0.366211 -0.237305 0.157227
v 0.348633 -0.227539 0.163086
v 0.34668 -0.223633 0.163086
v 0.344727 -0.22168 0.163086
v 0.344727 -0.217773 0.166992
v 0.34668 -0.223633 0.163086
v 0.348633 -0.227539 0.163086
v 0.348633 -0.227539 0.163086
v 0.344727 -0.22168 0.163086
v 0.34668 -0.209961 0.161133
v 0.34668 -0.209961 0.161133
v 0.344727 -0.217773 0.166992
v 0.348633 -0.227539 0.163086
v 0.344727 -0.22168 0.163086
v 0.34668 -0.223633 0.163086
v 0.344727 -0.223633 0.163086
v 0.344727 -0.223633 0.163086
v 0.34668 -0.223633 0.163086
v 0.344727 -0.217773 0.166992
v 0.344727 -0.217773 0.166992
v 0.344727 -0.22168 0.163086
v 0.344727 -0.223633 0.163086
v 0.34668 -0.209961 0.161133
v 0.370117 -0.223633 0.174805
v 0.368164 -0.219727 0.176758
v 0.356445 -0.225586 0.165039
v 0.356445 -0.225586 0.165039
v 0.368164 -0.219727 0.176758
v 0.368164 -0.19043 0.15918
v 0.362305 -0.231445 0.166992
v 0.362305 -0.233398 0.149414
v 0.362305 -0.231445 0.166992
v 0.356445 -0.225586 0.165039
v 0.356445 -0.200195 0.147461
v 0.356445 -0.200195 0.147461
v 0.370117 -0.227539 0.176758
v 0.383789 -0.229492 0.18457
v 0.370117 -0.227539 0.176758
v 0.368164 -0.229492 0.180664
v 0.383789 -0.231445 0.19043
v 0.370117 -0.227539 0.176758
v 0.383789 -0.229492 0.18457
v 0.385742 -0.223633 0.180664
v 0.385742 -0.186523 0.165039
v 0.368164 -0.19043 0.15918
v 0.368164 -0.219727 0.176758
v 0.387695 -0.217773 0.182617
v 0.387695 -0.217773 0.182617
v 0.370117 -0.223633 0.174805
v 0.383789 -0.229492 0.18457
v 0.385742 -0.223633 0.180664
v 0.366211 -0.237305 0.157227
v 0.366211 -0.237305 0.157227
v 0.362305 -0.233398 0.149414
v 0.375977 -0.243164 0.149414
v 0.34668 -0.209961 0.161133
v 0.344727 -0.204102 0.15332
v 0.350586 -0.198242 0.149414
v 0.360352 -0.182617 0.163086
v 0.356445 -0.200195 0.147461
v 0.368164 -0.19043 0.15918
v 0.387695 -0.176758 0.166992
v 0.368164 -0.19043 0.15918
v 0.385742 -0.186523 0.165039
v 0.387695 -0.176758 0.166992
v 0.362305 -0.208008 0.133789
v 0.362305 -0.233398 0.149414
v 0.362305 -0.208008 0.133789
v 0.375977 -0.241211 0.139648
v 0.375977 -0.241211 0.139648
v 0.34668 -0.198242 0.149414
v 0.354492 -0.188477 0.143555
v 0.354492 -0.188477 0.143555
v 0.350586 -0.198242 0.149414
v 0.354492 -0.188477 0.143555
v 0.356445 -0.19043 0.143555
v 0.356445 -0.19043 0.143555
v 0.350586 -0.176758 0.129883
v 0.360352 -0.182617 0.163086
v 0.356445 -0.21582 0.116211
v 0.362305 -0.208008 0.133789
v 0.356445 -0.21582 0.116211
v 0.379883 -0.21582 0.114258
v 0.379883 -0.21582 0.114258
v 0.375977 -0.241211 0.139648
v 0.362305 -0.208008 0.133789
v 0.336914 -0.170898 0.12793
v 0.336914 -0.170898 0.12793
v 0.321289 -0.174805 0.108398
v 0.336914 -0.170898 0.12793
v 0.321289 -0.186523 0.133789
v 0.307617 -0.188477 0.118164
v 0.333008 -0.155273 0.137695
v 0.336914 -0.170898 0.12793
v 0.342773 -0.174805 0.133789
v 0.321289 -0.174805 0.108398
v 0.34082 -0.149414 0.147461
v 0.348633 -0.155273 0.145508
v 0.34082 -0.149414 0.147461
v 0.342773 -0.174805 0.133789
v 0.350586 -0.176758 0.129883
v 0.344727 -0.19043 0.102539
v 0.321289 -0.174805 0.108398
v 0.323242 -0.131836 0.143555
v 0.34082 -0.149414 0.147461
v 0.358398 -0.129883 0.135742
v 0.34082 -0.112305 0.12793
v 0.301758 -0.12793 0.124023
v 0.348633 -0.155273 0.145508
v 0.348633 -0.155273 0.145508
v 0.387695 -0.176758 0.166992
v 0.360352 -0.182617 0.163086
v 0.344727 -0.19043 0.102539
v 0.379883 -0.143555 0.143555
v 0.356445 -0.098633 0.112305
v 0.317383 -0.108398 0.104492
v 0.301758 -0.12793 0.124023
v 0.34082 -0.112305 0.12793
v 0.356445 -0.098633 0.112305
v 0.288086 -0.182617 0.120117
v 0.290039 -0.178711 0.114258
v 0.307617 -0.188477 0.118164
v 0.290039 -0.178711 0.114258
v 0.305664 -0.163086 0.100586
v 0.305664 -0.163086 0.100586
v 0.280273 -0.12793 0.118164
v 0.27832 -0.131836 0.12207
v 0.27832 -0.141602 0.124023
v 0.27832 -0.131836 0.12207
v 0.280273 -0.12793 0.118164
v 0.291992 -0.131836 0.118164
v 0.305664 -0.12793 0.120117
v 0.280273 -0.12793 0.118164
v 0.27832 -0.131836 0.12207
v 0.27832 -0.131836 0.12207
v 0.291992 -0.131836 0.118164
v 0.305664 -0.12793 0.120117
v 0.305664 -0.124023 0.118164
v 0.291992 -0.131836 0.118164
v 0.280273 -0.12793 0.118164
v 0.305664 -0.124023 0.118164
v 0.290039 -0.178711 0.114258
v 0.28418 -0.166992 0.124023
v 0.299805 -0.149414 0.108398
v 0.299805 -0.149414 0.108398
v 0.293945 -0.143555 0.100586
v 0.305664 -0.163086 0.100586
v 0.305664 -0.163086 0.100586
v 0.293945 -0.143555 0.100586
v 0.299805 -0.166992 0.09082
v 0.319336 -0.186523 0.092773
v 0.321289 -0.174805 0.108398
v 0.305664 -0.129883 0.118164
v 0.305664 -0.129883 0.118164
v 0.299805 -0.149414 0.108398
v 0.301758 -0.12793 0.124023
v 0.293945 -0.143555 0.100586
v 0.293945 -0.143555 0.100586
v 0.305664 -0.15918 0.071289
v 0.299805 -0.166992 0.09082
v 0.293945 -0.143555 0.100586
v 0.303711 -0.125977 0.079102
v 0.303711 -0.125977 0.079102
v 0.299805 -0.166992 0.09082
v 0.305664 -0.15918 0.071289
v 0.319336 -0.186523 0.092773
v 0.317383 -0.151367 0.053711
v 0.325195 -0.178711 0.06543
v 0.317383 -0.151367 0.053711
v 0.325195 -0.178711 0.06543
v 0.305664 -0.15918 0.071289
v 0.317383 -0.114258 0.06543
v 0.317383 -0.151367 0.053711
v 0.303711 -0.125977 0.079102
v 0.317383 -0.114258 0.06543
v 0.370117 -0.225586 0.083008
v 0.370117 -0.225586 0.083008
v 0.358398 -0.182617 0.049805
v 0.319336 -0.186523 0.092773
v 0.344727 -0.19043 0.102539
v 0.358398 -0.182617 0.049805
v 0.381836 -0.229492 0.047852
v 0.383789 -0.225586 0.086914
v 0.393555 -0.225586 0.069336
v 0.383789 -0.225586 0.086914
v 0.370117 -0.225586 0.083008
v 0.381836 -0.229492 0.047852
v 0.393555 -0.225586 0.069336
v 0.370117 -0.225586 0.083008
v 0.338867 -0.147461 0.024414
v 0.338867 -0.147461 0.024414
v 0.336914 -0.131836 0.020508
v 0.317383 -0.114258 0.06543
v 0.336914 -0.131836 0.020508
v 0.317383 -0.151367 0.053711
v 0.321289 -0.131836 0.010742
v 0.336914 -0.131836 0.020508
v 0.305664 -0.108398 0.061523
v 0.364258 -0.135742 -0.018555
v 0.336914 -0.131836 0.020508
v 0.321289 -0.131836 0.010742
v 0.321289 -0.131836 0.010742
v 0.305664 -0.108398 0.061523
v 0.356445 -0.133789 -0.032227
v 0.280273 -0.077148 -0.040039
v 0.338867 -0.147461 0.024414
v 0.336914 -0.131836 0.020508
v 0.364258 -0.135742 -0.018555
v 0.381836 -0.192383 -0.010742
v 0.364258 -0.151367 -0.022461
v 0.317383 -0.114258 0.06543
v 0.305664 -0.108398 0.061523
v 0.336914 -0.131836 0.020508
v 0.286133 -0.049805 0.104492
v 0.28418 -0.049805 0.104492
v 0.28418 -0.057617 0.110352
v 0.288086 -0.045898 0.100586
v 0.286133 -0.049805 0.104492
v 0.28418 -0.049805 0.104492
v 0.290039 -0.045898 0.102539
v 0.290039 -0.045898 0.102539
v 0.288086 -0.045898 0.100586
v 0.28418 -0.049805 0.104492
v 0.286133 -0.049805 0.104492
v 0.288086 -0.045898 0.100586
v 0.290039 -0.045898 0.102539
v 0.290039 -0.043945 0.098633
v 0.291992 -0.043945 0.098633
v 0.290039 -0.045898 0.102539
v 0.288086 -0.045898 0.100586
v 0.290039 -0.043945 0.098633
v 0.291992 -0.043945 0.098633
v 0.290039 -0.043945 0.098633
v 0.290039 -0.045898 0.102539
v 0.293945 -0.02832 0.094727
v 0.295898 -0.047852 0.092773
v 0.291992 -0.043945 0.098633
v 0.290039 -0.043945 0.098633
v 0.290039 -0.043945 0.098633
v 0.293945 -0.02832 0.094727
v 0.295898 -0.047852 0.092773
v 0.295898 -0.047852 0.092773
v 0.293945 -0.02832 0.094727
v 0.291992 -0.043945 0.098633
v 0.291992 -0.018555 0.084961
v 0.293945 -0.018555 0.092773
v 0.293945 -0.02832 0.094727
v 0.293945 -0.02832 0.094727
v 0.293945 -0.018555 0.092773
v 0.288086 -0.014648 0.092773
v 0.288086 -0.014648 0.092773
v 0.291992 -0.018555 0.084961
v 0.293945 -0.02832 0.094727
v 0.293945 -0.018555 0.092773
v 0.291992 -0.018555 0.084961
v 0.295898 -0.014648 0.086914
v 0.295898 -0.014648 0.086914
v 0.290039 -0.012695 0.086914
v 0.297852 -0.014648 0.075195
v 0.297852 -0.014648 0.075195
v 0.295898 -0.014648 0.086914
v 0.291992 -0.018555 0.084961
v 0.295898 -0.014648 0.086914
v 0.290039 -0.012695 0.086914
v 0.288086 -0.014648 0.092773
v 0.290039 -0.012695 0.086914
v 0.295898 -0.014648 0.086914
v 0.30957 -0.004883 0.063477
v 0.303711 -0.00293 0.063477
v 0.303711 -0.00293 0.063477
v 0.30957 -0.004883 0.063477
v 0.297852 -0.014648 0.075195
v 0.303711 -0.00293 0.063477
v 0.307617 -0.008789 0.063477
v 0.297852 -0.014648 0.075195
v 0.307617 -0.008789 0.063477
v 0.30957 -0.004883 0.063477
v 0.325195 -0.084961 0.086914
v 0.305664 -0.108398 0.061523
v 0.317383 -0.114258 0.06543
v 0.31543 -0.026367 0.073242
v 0.333008 -0.094727 0.084961
v 0.333008 -0.094727 0.084961
v 0.358398 -0.086914 0.092773
v 0.358398 -0.086914 0.092773
v 0.358398 -0.086914 0.092773
v 0.356445 -0.075195 0.100586
v 0.325195 -0.084961 0.086914
v 0.356445 -0.075195 0.100586
v 0.395508 -0.094727 0.102539
v 0.358398 -0.086914 0.092773
v 0.405273 -0.145508 0.12793
v 0.389648 -0.083008 0.088867
v 0.383789 0.000977 0.073242
v 0.31543 -0.026367 0.073242
v 0.356445 -0.075195 0.100586
v 0.397461 -0.06543 0.094727
v 0.397461 -0.06543 0.094727
v 0.389648 -0.083008 0.088867
v 0.370117 0.057617 0.057617
v 0.297852 0.018555 0.05957
v 0.397461 -0.239258 0.180664
v 0.383789 -0.229492 0.18457
v 0.383789 -0.231445 0.19043
v 0.405273 -0.239258 0.206055
v 0.407227 -0.243164 0.211914
v 0.407227 -0.239258 0.209961
v 0.407227 -0.237305 0.202148
v 0.40918 -0.237305 0.200195
v 0.407227 -0.239258 0.209961
v 0.405273 -0.239258 0.206055
v 0.407227 -0.237305 0.202148
v 0.40332 -0.223633 0.194336
v 0.397461 -0.211914 0.196289
v 0.395508 -0.21582 0.192383
v 0.399414 -0.21582 0.192383
v 0.397461 -0.211914 0.196289
v 0.40332 -0.223633 0.194336
v 0.40332 -0.223633 0.194336
v 0.397461 -0.211914 0.196289
v 0.40918 -0.237305 0.200195
v 0.407227 -0.233398 0.196289
v 0.397461 -0.211914 0.196289
v 0.40332 -0.223633 0.194336
v 0.40332 -0.223633 0.194336
v 0.395508 -0.21582 0.192383
v 0.399414 -0.21582 0.192383
v 0.407227 -0.233398 0.196289
v 0.393555 -0.211914 0.192383
v 0.393555 -0.211914 0.192383
v 0.40918 -0.237305 0.200195
v 0.393555 -0.211914 0.192383
v 0.393555 -0.21582 0.182617
v 0.395508 -0.21582 0.192383
v 0.393555 -0.211914 0.192383
v 0.389648 -0.208008 0.170898
v 0.387695 -0.208008 0.172852
v 0.393555 -0.211914 0.192383
v 0.387695 -0.208008 0.172852
v 0.393555 -0.21582 0.182617
v 0.389648 -0.208008 0.170898
v 0.393555 -0.211914 0.192383
v 0.40918 -0.237305 0.200195
v 0.407227 -0.237305 0.202148
v 0.407227 -0.239258 0.209961
v 0.407227 -0.233398 0.196289
v 0.395508 -0.235352 0.176758
v 0.385742 -0.223633 0.180664
v 0.383789 -0.229492 0.18457
v 0.395508 -0.235352 0.176758
v 0.385742 -0.223633 0.180664
v 0.395508 -0.235352 0.176758
v 0.397461 -0.229492 0.174805
v 0.385742 -0.223633 0.180664
v 0.397461 -0.229492 0.174805
v 0.401367 -0.225586 0.174805
v 0.387695 -0.217773 0.182617
v 0.399414 -0.243164 0.165039
v 0.399414 -0.243164 0.165039
v 0.399414 -0.243164 0.165039
v 0.397461 -0.229492 0.174805
v 0.395508 -0.235352 0.176758
v 0.405273 -0.235352 0.15918
v 0.401367 -0.237305 0.161133
v 0.401367 -0.237305 0.161133
v 0.401367 -0.225586 0.174805
v 0.405273 -0.235352 0.15918
v 0.401367 -0.192383 0.15332
v 0.401367 -0.192383 0.15332
v 0.401367 -0.225586 0.174805
v 0.399414 -0.243164 0.165039
v 0.389648 -0.241211 0.149414
v 0.401367 -0.237305 0.161133
v 0.387695 -0.245117 0.15332
v 0.393555 -0.241211 0.145508
v 0.389648 -0.241211 0.149414
v 0.405273 -0.235352 0.15918
v 0.393555 -0.241211 0.145508
v 0.397461 -0.208008 0.124023
v 0.407227 -0.202148 0.137695
v 0.407227 -0.202148 0.137695
v 0.387695 -0.208008 0.172852
v 0.389648 -0.208008 0.170898
v 0.393555 -0.21582 0.182617
v 0.375977 -0.243164 0.149414
v 0.393555 -0.241211 0.145508
v 0.379883 -0.21582 0.114258
v 0.375977 -0.241211 0.139648
v 0.416992 -0.24707 0.133789
v 0.397461 -0.208008 0.124023
v 0.401367 -0.192383 0.15332
v 0.407227 -0.202148 0.137695
v 0.411133 -0.18457 0.155273
v 0.385742 -0.186523 0.165039
v 0.415039 -0.206055 0.120117
v 0.397461 -0.208008 0.124023
v 0.416992 -0.24707 0.133789
v 0.416992 -0.194336 0.131836
v 0.415039 -0.206055 0.120117
v 0.397461 -0.208008 0.124023
v 0.416992 -0.194336 0.131836
v 0.405273 -0.145508 0.12793
v 0.411133 -0.18457 0.155273
v 0.428711 -0.157227 0.088867
v 0.436523 -0.202148 0.106445
v 0.436523 -0.202148 0.106445
v 0.387695 -0.176758 0.166992
v 0.411133 -0.18457 0.155273
v 0.420898 -0.108398 0.06543
v 0.395508 -0.094727 0.102539
v 0.432617 -0.217773 0.067383
v 0.426758 -0.213867 0.081055
v 0.395508 -0.229492 0.055664
v 0.428711 -0.209961 0.104492
v 0.44043 -0.209961 0.067383
v 0.436523 -0.165039 0.05957
v 0.44043 -0.209961 0.067383
v 0.413086 -0.223633 0.045898
v 0.43457 -0.219727 0.047852
v 0.397461 -0.229492 0.040039
v 0.395508 -0.229492 0.055664
v 0.381836 -0.229492 0.047852
v 0.397461 -0.231445 0.020508
v 0.397461 -0.229492 0.040039
v 0.381836 -0.229492 0.047852
v 0.397461 -0.229492 -0.000977
v 0.397461 -0.231445 0.020508
v 0.381836 -0.229492 0.047852
v 0.397461 -0.229492 -0.000977
v 0.397461 -0.229492 0.040039
v 0.405273 -0.229492 0.00293
v 0.422852 -0.223633 -0.008789
v 0.422852 -0.225586 0.000977
v 0.454102 -0.213867 0.032227
v 0.444336 -0.219727 0.02832
v 0.444336 -0.217773 0.004883
v 0.444336 -0.217773 0.004883
v 0.454102 -0.213867 0.032227
v 0.446289 -0.170898 0.02832
v 0.436523 -0.118164 0.022461
v 0.454102 -0.131836 0.051758
v 0.459961 -0.143555 0.05957
v 0.454102 -0.145508 0.063477
v 0.467773 -0.147461 0.05957
v 0.46582 -0.149414 0.061523
v 0.47168 -0.155273 0.063477
v 0.454102 -0.213867 0.032227
v 0.444336 -0.219727 0.02832
v 0.444336 -0.217773 0.004883
v 0.436523 -0.176758 -0.00293
v 0.444336 -0.217773 0.004883
v 0.422852 -0.223633 -0.008789
v 0.436523 -0.176758 -0.00293
v 0.459961 -0.143555 0.05957
v 0.461914 -0.145508 0.05957
v 0.463867 -0.145508 0.05957
v 0.452148 -0.124023 0.051758
v 0.454102 -0.131836 0.051758
v 0.459961 -0.143555 0.05957
v 0.459961 -0.143555 0.05957
v 0.454102 -0.131836 0.051758
v 0.454102 -0.124023 0.047852
v 0.454102 -0.124023 0.047852
v 0.452148 -0.124023 0.051758
v 0.459961 -0.143555 0.05957
v 0.463867 -0.145508 0.05957
v 0.461914 -0.145508 0.05957
v 0.46582 -0.149414 0.061523
v 0.461914 -0.145508 0.05957
v 0.467773 -0.147461 0.05957
v 0.461914 -0.145508 0.05957
v 0.463867 -0.145508 0.05957
v 0.467773 -0.147461 0.05957
v 0.452148 -0.124023 0.051758
v 0.448242 -0.124023 0.049805
v 0.454102 -0.131836 0.051758
v 0.454102 -0.131836 0.051758
v 0.448242 -0.124023 0.049805
v 0.454102 -0.124023 0.047852
v 0.424805 -0.129883 -0.010742
v 0.420898 -0.108398 0.06543
v 0.389648 -0.083008 0.088867
v 0.395508 -0.094727 0.102539
v 0.428711 -0.081055 0.061523
v 0.397461 -0.06543 0.094727
v 0.428711 -0.081055 0.061523
v 0.420898 -0.00293 0.03418
v 0.383789 0.000977 0.073242
v 0.413086 -0.094727 0.055664
v 0.413086 -0.094727 0.055664
v 0.426758 -0.106445 0.020508
v 0.436523 -0.118164 0.022461
v 0.44043 -0.092773 0.018555
v 0.426758 -0.106445 0.020508
v 0.438477 -0.120117 0.053711
v 0.422852 -0.112305 0.053711
v 0.422852 -0.116211 0.053711
v 0.422852 -0.116211 0.053711
v 0.424805 -0.112305 0.049805
v 0.438477 -0.120117 0.053711
v 0.448242 -0.118164 0.051758
v 0.424805 -0.112305 0.049805
v 0.422852 -0.112305 0.053711
v 0.422852 -0.112305 0.053711
v 0.438477 -0.120117 0.053711
v 0.448242 -0.118164 0.051758
v 0.448242 -0.124023 0.049805
v 0.452148 -0.120117 0.047852
v 0.452148 -0.120117 0.047852
v 0.424805 -0.112305 0.049805
v 0.44043 -0.092773 0.018555
v 0.415039 -0.120117 -0.008789
v 0.424805 -0.129883 -0.010742
v 0.420898 -0.110352 -0.018555
v 0.44043 -0.092773 0.018555
v 0.426758 -0.106445 0.020508
v 0.426758 -0.106445 0.020508
v 0.415039 -0.120117 -0.008789
v 0.420898 -0.110352 -0.018555
v 0.44043 -0.018555 -0.026367
v 0.370117 0.057617 0.057617
v 0.407227 0.063477 0.012695
v 0.448242 -0.124023 0.049805
v 0.448242 -0.118164 0.051758
v 0.438477 -0.120117 0.053711
v 0.448242 -0.118164 0.051758
v 0.448242 -0.118164 0.051758
v 0.452148 -0.120117 0.047852
v 0.44043 -0.018555 -0.026367
v 0.016602 0.022461 0.165039
v 0.016602 0.055664 0.174805
v 0.000977 0.071289 0.163086
v 0.06543 0.008789 0.151367
v 0.016602 0.055664 0.174805
v 0.016602 0.022461 0.165039
v 0.000977 0.020508 0.147461
v 0.000977 0.020508 0.147461
v 0.073242 0.000977 0.125977
v 0.081055 0.03418 0.155273
v 0.000977 0.071289 0.163086
v 0.016602 0.055664 0.174805
v 0.081055 0.03418 0.155273
v 0.000977 0.071289 0.163086
v 0.018555 0.073242 0.180664
v 0.018555 0.106445 0.186523
v 0.09668 0.040039 0.133789
v 0.018555 0.073242 0.180664
v 0.000977 0.071289 0.163086
v 0.000977 0.110352 0.172852
v 0.09668 0.040039 0.133789
v 0.086914 0.049805 0.163086
v 0.018555 0.106445 0.186523
v 0.018555 0.073242 0.180664
v 0.09668 0.040039 0.133789
v 0.086914 0.049805 0.163086
v 0.018555 0.073242 0.180664
v 0.000977 0.110352 0.172852
v 0.018555 0.106445 0.186523
v 0.020508 0.12207 0.176758
v 0.000977 0.110352 0.172852
v 0.020508 0.12207 0.176758
v 0.000977 0.161133 0.170898
v 0.09082 0.079102 0.168945
v 0.09082 0.079102 0.168945
v 0.088867 0.100586 0.163086
v 0.020508 0.12207 0.176758
v 0.088867 0.100586 0.163086
v 0.038086 0.131836 0.188477
v 0.038086 0.131836 0.188477
v 0.038086 0.170898 0.180664
v 0.086914 0.049805 0.163086
v 0.09668 0.040039 0.133789
v 0.09082 0.079102 0.168945
v 0.06543 0.008789 0.151367
v 0.073242 0.000977 0.125977
v 0.081055 0.03418 0.155273
v 0.09668 0.040039 0.133789
v 0.09668 0.040039 0.133789
v 0.133789 0.094727 0.143555
v 0.09082 0.079102 0.168945
v 0.129883 0.06543 0.129883
v 0.133789 0.094727 0.143555
v 0.09668 0.118164 0.18457
v 0.133789 0.094727 0.143555
v 0.038086 0.170898 0.180664
v 0.038086 0.131836 0.188477
v 0.09668 0.118164 0.18457
v 0.118164 0.182617 0.166992
v 0.139648 0.112305 0.170898
v 0.139648 0.112305 0.170898
v 0.012695 0.206055 0.161133
v 0.000977 0.161133 0.170898
v 0.012695 0.206055 0.161133
v 0.000977 0.209961 0.133789
v 0.024414 0.227539 0.151367
v 0.012695 0.206055 0.161133
v 0.014648 0.231445 0.125977
v 0.024414 0.227539 0.151367
v 0.000977 0.209961 0.133789
v 0.014648 0.231445 0.125977
v 0.000977 0.254883 0.133789
v 0.086914 0.24707 0.137695
v 0.075195 0.25293 0.108398
v 0.038086 0.262695 0.114258
v 0.075195 0.25293 0.108398
v 0.086914 0.24707 0.137695
v 0.143555 0.264648 0.110352
v 0.170898 0.133789 0.147461
v 0.174805 0.208008 0.129883
v 0.151367 0.276367 0.081055
v 0.151367 0.276367 0.081055
v 0.124023 0.016602 0.075195
v 0.155273 0.051758 0.073242
v 0.170898 0.06543 0.018555
v 0.155273 0.051758 0.073242
v 0.124023 0.016602 0.075195
v 0.124023 0.016602 0.075195
v 0.141602 0.038086 0.020508
v 0.170898 0.06543 0.018555
v 0.170898 0.133789 0.147461
v 0.180664 0.092773 0.069336
v 0.133789 0.094727 0.143555
v 0.129883 0.06543 0.129883
v 0.165039 0.116211 0.114258
v 0.165039 0.116211 0.114258
v 0.198242 0.165039 0.114258
v 0.174805 0.208008 0.129883
v 0.170898 0.133789 0.147461
v 0.186523 0.141602 0.084961
v 0.186523 0.213867 0.110352
v 0.174805 0.208008 0.129883
v 0.186523 0.213867 0.110352
v 0.151367 0.276367 0.081055
v 0.151367 0.276367 0.081055
v 0.143555 0.264648 0.110352
v 0.174805 0.208008 0.129883
v 0.19043 0.098633 0.016602
v 0.200195 0.124023 0.014648
v 0.194336 0.145508 0.06543
v 0.135742 0.032227 -0.02832
v 0.135742 0.032227 -0.02832
v 0.166992 0.055664 -0.043945
v 0.170898 0.06543 0.018555
v 0.135742 0.032227 -0.02832
v 0.166992 0.055664 -0.043945
v 0.211914 0.079102 0.057617
v 0.243164 0.043945 0.040039
v 0.249023 0.088867 0.081055
v 0.274414 0.051758 0.057617
v 0.219727 0.143555 0.092773
v 0.211914 0.079102 0.057617
v 0.249023 0.088867 0.081055
v 0.268555 0.149414 0.086914
v 0.293945 0.106445 0.077148
v 0.293945 0.106445 0.077148
v 0.243164 0.043945 0.040039
v 0.211914 0.079102 0.057617
v 0.213867 0.094727 0.008789
v 0.241211 0.05957 -0.00293
v 0.268555 0.038086 0.022461
v 0.241211 0.05957 -0.00293
v 0.268555 0.038086 0.022461
v 0.243164 0.043945 0.040039
v 0.194336 0.131836 0.071289
v 0.194336 0.131836 0.071289
v 0.200195 0.125977 -0.055664
v 0.194336 0.098633 -0.057617
v 0.200195 0.131836 0.014648
v 0.200195 0.131836 0.014648
v 0.200195 0.133789 -0.055664
v 0.208008 0.098633 -0.05957
v 0.208008 0.172852 0.084961
v 0.186523 0.213867 0.110352
v 0.208008 0.172852 0.084961
v 0.204102 0.223633 0.120117
v 0.186523 0.213867 0.110352
v 0.204102 0.223633 0.120117
v 0.176758 0.297852 0.086914
v 0.151367 0.276367 0.081055
v 0.194336 0.145508 0.06543
v 0.194336 0.145508 0.06543
v 0.208008 0.172852 0.084961
v 0.208008 0.172852 0.084961
v 0.219727 0.143555 0.092773
v 0.254883 0.166992 0.077148
v 0.264648 0.18457 0.094727
v 0.254883 0.166992 0.077148
v 0.268555 0.149414 0.086914
v 0.233398 0.286133 0.09082
v 0.176758 0.297852 0.086914
v 0.204102 0.223633 0.120117
v 0.268555 0.229492 0.104492
v 0.268555 0.229492 0.104492
v 0.200195 0.133789 -0.055664
v 0.024414 0.293945 0.192383
v 0.000977 0.295898 0.198242
v 0.000977 0.27832 0.19043
v 0.022461 0.280273 0.18457
v 0.022461 0.280273 0.18457
v 0.024414 0.293945 0.192383
v 0.024414 0.313477 0.19043
v 0.041992 0.313477 0.176758
v 0.024414 0.313477 0.19043
v 0.024414 0.293945 0.192383
v 0.043945 0.295898 0.174805
v 0.043945 0.295898 0.174805
v 0.024414 0.329102 0.194336
v 0.000977 0.329102 0.198242
v 0.000977 0.317383 0.192383
v 0.000977 0.317383 0.192383
v 0.024414 0.313477 0.19043
v 0.024414 0.329102 0.194336
v 0.022461 0.334961 0.19043
v 0.024414 0.329102 0.194336
v 0.020508 0.338867 0.192383
v 0.000977 0.338867 0.196289
v 0.020508 0.338867 0.192383
v 0.010742 0.350586 0.192383
v 0.000977 0.348633 0.194336
v 0.022461 0.334961 0.19043
v 0.022461 0.336914 0.149414
v 0.022461 0.334961 0.19043
v 0.022461 0.334961 0.19043
v 0.038086 0.336914 0.180664
v 0.024414 0.329102 0.194336
v 0.036133 0.34668 0.180664
v 0.020508 0.338867 0.192383
v 0.022461 0.334961 0.19043
v 0.038086 0.336914 0.180664
v 0.022461 0.336914 0.149414
v 0.000977 0.334961 0.145508
v 0.022461 0.334961 0.19043
v 0.03418 0.34082 0.176758
v 0.022461 0.334961 0.19043
v 0.022461 0.336914 0.149414
v 0.036133 0.34082 0.176758
v 0.03418 0.34082 0.176758
v 0.036133 0.34082 0.176758
v 0.020508 0.358398 0.186523
v 0.036133 0.34668 0.180664
v 0.000977 0.350586 0.209961
v 0.010742 0.350586 0.208008
v 0.010742 0.360352 0.209961
v 0.000977 0.348633 0.194336
v 0.000977 0.360352 0.213867
v 0.020508 0.358398 0.196289
v 0.010742 0.360352 0.209961
v 0.010742 0.350586 0.208008
v 0.010742 0.350586 0.208008
v 0.000977 0.348633 0.194336
v 0.010742 0.350586 0.192383
v 0.010742 0.350586 0.208008
v 0.010742 0.350586 0.192383
v 0.020508 0.358398 0.196289
v 0.000977 0.360352 0.213867
v 0.010742 0.360352 0.209961
v 0.010742 0.379883 0.208008
v 0.020508 0.364258 0.196289
v 0.014648 0.379883 0.200195
v 0.010742 0.379883 0.208008
v 0.020508 0.358398 0.186523
v 0.022461 0.364258 0.18457
v 0.020508 0.358398 0.186523
v 0.020508 0.364258 0.196289
v 0.022461 0.364258 0.18457
v 0.018555 0.370117 0.186523
v 0.018555 0.370117 0.186523
v 0.016602 0.379883 0.192383
v 0.040039 0.282227 0.166992
v 0.040039 0.282227 0.166992
v 0.02832 0.282227 0.129883
v 0.000977 0.276367 0.139648
v 0.000977 0.254883 0.133789
v 0.038086 0.262695 0.114258
v 0.02832 0.282227 0.129883
v 0.049805 0.291992 0.141602
v 0.040039 0.282227 0.166992
v 0.02832 0.282227 0.129883
v 0.051758 0.301758 0.104492
v 0.02832 0.282227 0.129883
v 0.038086 0.262695 0.114258
v 0.051758 0.301758 0.104492
v 0.040039 0.282227 0.166992
v 0.055664 0.303711 0.149414
v 0.051758 0.323242 0.157227
v 0.049805 0.291992 0.141602
v 0.061523 0.31543 0.125977
v 0.05957 0.305664 0.116211
v 0.05957 0.305664 0.116211
v 0.036133 0.354492 0.180664
v 0.022461 0.364258 0.18457
v 0.032227 0.360352 0.186523
v 0.018555 0.370117 0.186523
v 0.022461 0.364258 0.18457
v 0.022461 0.364258 0.18457
v 0.036133 0.354492 0.180664
v 0.032227 0.360352 0.186523
v 0.032227 0.364258 0.186523
v 0.024414 0.37207 0.182617
v 0.018555 0.370117 0.186523
v 0.016602 0.381836 0.18457
v 0.032227 0.364258 0.186523
v 0.016602 0.381836 0.18457
v 0.03418 0.370117 0.182617
v 0.024414 0.37207 0.182617
v 0.03418 0.370117 0.182617
v 0.024414 0.375977 0.182617
v 0.024414 0.375977 0.182617
v 0.022461 0.336914 0.149414
v 0.03418 0.34082 0.176758
v 0.043945 0.336914 0.166992
v 0.043945 0.336914 0.166992
v 0.038086 0.336914 0.180664
v 0.043945 0.336914 0.166992
v 0.036133 0.34668 0.180664
v 0.051758 0.338867 0.161133
v 0.051758 0.338867 0.161133
v 0.049805 0.350586 0.165039
v 0.036133 0.34668 0.180664
v 0.055664 0.358398 0.145508
v 0.036133 0.354492 0.180664
v 0.047852 0.358398 0.182617
v 0.049805 0.350586 0.165039
v 0.045898 0.366211 0.18457
v 0.032227 0.360352 0.186523
v 0.045898 0.366211 0.18457
v 0.03418 0.37207 0.18457
v 0.03418 0.370117 0.182617
v 0.043945 0.374023 0.180664
v 0.024414 0.375977 0.182617
v 0.03418 0.379883 0.188477
v 0.03418 0.37207 0.18457
v 0.043945 0.374023 0.180664
v 0.03418 0.383789 0.172852
v 0.03418 0.37207 0.18457
v 0.03418 0.379883 0.188477
v 0.024414 0.375977 0.182617
v 0.043945 0.370117 0.180664
v 0.049805 0.375977 0.172852
v 0.045898 0.366211 0.18457
v 0.047852 0.358398 0.182617
v 0.05957 0.364258 0.170898
v 0.057617 0.37207 0.174805
v 0.057617 0.37207 0.174805
v 0.049805 0.375977 0.172852
v 0.043945 0.374023 0.180664
v 0.043945 0.370117 0.180664
v 0.043945 0.381836 0.18457
v 0.047852 0.37793 0.174805
v 0.047852 0.37793 0.174805
v 0.043945 0.381836 0.18457
v 0.05957 0.364258 0.170898
v 0.063477 0.375977 0.15332
v 0.05957 0.385742 0.157227
v 0.05957 0.385742 0.157227
v 0.063477 0.356445 0.102539
v 0.067383 0.321289 0.100586
v 0.063477 0.37793 0.110352
v 0.008789 0.385742 0.202148
v 0.010742 0.379883 0.208008
v 0.014648 0.379883 0.200195
v 0.008789 0.385742 0.202148
v 0.014648 0.385742 0.209961
v 0.012695 0.40332 0.208008
v 0.006836 0.401367 0.202148
v 0.022461 0.381836 0.208008
v 0.012695 0.40332 0.208008
v 0.014648 0.385742 0.209961
v 0.008789 0.385742 0.202148
v 0.014648 0.379883 0.200195
v 0.014648 0.385742 0.209961
v 0.014648 0.379883 0.200195
v 0.022461 0.381836 0.208008
v 0.010742 0.40918 0.198242
v 0.006836 0.401367 0.202148
v 0.012695 0.40332 0.208008
v 0.038086 0.391602 0.204102
v 0.036133 0.411133 0.200195
v 0.010742 0.40918 0.198242
v 0.022461 0.379883 0.196289
v 0.016602 0.379883 0.192383
v 0.022461 0.379883 0.196289
v 0.014648 0.379883 0.200195
v 0.006836 0.401367 0.202148
v 0.036133 0.385742 0.196289
v 0.038086 0.391602 0.204102
v 0.022461 0.379883 0.196289
v 0.016602 0.379883 0.192383
v 0.024414 0.385742 0.186523
v 0.03418 0.387695 0.188477
v 0.036133 0.385742 0.196289
v 0.016602 0.381836 0.18457
v 0.032227 0.416992 0.19043
v 0.024414 0.442383 0.178711
v 0.049805 0.391602 0.19043
v 0.057617 0.401367 0.194336
v 0.057617 0.401367 0.194336
v 0.036133 0.385742 0.196289
v 0.03418 0.387695 0.188477
v 0.043945 0.389648 0.186523
v 0.049805 0.391602 0.19043
v 0.03418 0.387695 0.188477
v 0.024414 0.385742 0.186523
v 0.043945 0.381836 0.18457
v 0.03418 0.387695 0.188477
v 0.03418 0.379883 0.188477
v 0.024414 0.381836 0.18457
v 0.03418 0.387695 0.188477
v 0.043945 0.381836 0.18457
v 0.043945 0.389648 0.186523
v 0.053711 0.387695 0.178711
v 0.043945 0.389648 0.186523
v 0.053711 0.420898 0.188477
v 0.063477 0.405273 0.165039
v 0.053711 0.420898 0.188477
v 0.057617 0.401367 0.194336
v 0.061523 0.391602 0.176758
v 0.061523 0.391602 0.176758
v 0.049805 0.426758 0.178711
v 0.038086 0.43457 0.188477
v 0.040039 0.422852 0.18457
v 0.040039 0.430664 0.186523
v 0.040039 0.436523 0.186523
v 0.040039 0.422852 0.18457
v 0.038086 0.43457 0.188477
v 0.038086 0.43457 0.188477
v 0.040039 0.430664 0.186523
v 0.040039 0.436523 0.186523
v 0.047852 0.442383 0.186523
v 0.040039 0.436523 0.186523
v 0.038086 0.43457 0.188477
v 0.038086 0.43457 0.188477
v 0.040039 0.436523 0.186523
v 0.049805 0.444336 0.182617
v 0.047852 0.442383 0.186523
v 0.063477 0.405273 0.165039
v 0.049805 0.426758 0.178711
v 0.053711 0.420898 0.188477
v 0.020508 0.381836 0.182617
v 0.016602 0.381836 0.18457
v 0.020508 0.381836 0.182617
v 0.024414 0.385742 0.186523
v 0.020508 0.381836 0.182617
v 0.049805 0.383789 0.170898
v 0.049805 0.387695 0.176758
v 0.043945 0.389648 0.186523
v 0.049805 0.383789 0.176758
v 0.049805 0.387695 0.176758
v 0.049805 0.383789 0.170898
v 0.053711 0.383789 0.168945
v 0.049805 0.383789 0.170898
v 0.049805 0.375977 0.172852
v 0.05957 0.385742 0.157227
v 0.053711 0.383789 0.168945
v 0.049805 0.375977 0.172852
v 0.049805 0.383789 0.170898
v 0.053711 0.383789 0.168945
v 0.05957 0.385742 0.157227
v 0.05957 0.411133 0.155273
v 0.063477 0.395508 0.114258
v 0.040039 0.422852 0.18457
v 0.049805 0.444336 0.182617
v 0.049805 0.426758 0.178711
v 0.045898 0.44043 0.168945
v 0.05957 0.411133 0.155273
v 0.045898 0.44043 0.168945
v 0.061523 0.43457 0.135742
v 0.045898 0.452148 0.151367
v 0.047852 0.458008 0.125977
v 0.045898 0.452148 0.151367
v 0.061523 0.43457 0.135742
v 0.061523 0.43457 0.135742
v 0.061523 0.44043 0.129883
v 0.063477 0.43457 0.12793
v 0.083008 0.454102 0.108398
v 0.061523 0.44043 0.129883
v 0.061523 0.43457 0.135742
v 0.05957 0.442383 0.100586
v 0.061523 0.43457 0.135742
v 0.063477 0.43457 0.12793
v 0.077148 0.44043 0.114258
v 0.05957 0.442383 0.100586
v 0.061523 0.43457 0.135742
v 0.077148 0.44043 0.114258
v 0.083008 0.454102 0.108398
v 0.026367 0.458008 0.155273
v 0.026367 0.458008 0.155273
v 0.000977 0.467773 0.12793
v 0.000977 0.459961 0.157227
v 0.026367 0.46582 0.12793
v 0.000977 0.467773 0.09668
v 0.045898 0.452148 0.151367
v 0.045898 0.458008 0.098633
v 0.026367 0.46582 0.09668
v 0.045898 0.446289 0.176758
v 0.045898 0.450195 0.178711
v 0.045898 0.454102 0.176758
v 0.045898 0.446289 0.176758
v 0.045898 0.450195 0.178711
v 0.047852 0.442383 0.186523
v 0.049805 0.444336 0.182617
v 0.045898 0.450195 0.178711
v 0.045898 0.446289 0.176758
v 0.045898 0.446289 0.176758
v 0.047852 0.442383 0.186523
v 0.049805 0.444336 0.182617
v 0.049805 0.444336 0.182617
v 0.047852 0.442383 0.186523
v 0.045898 0.450195 0.178711
v 0.051758 0.473633 0.129883
v 0.047852 0.452148 0.137695
v 0.047852 0.452148 0.141602
v 0.047852 0.452148 0.141602
v 0.051758 0.450195 0.139648
v 0.051758 0.473633 0.133789
v 0.051758 0.473633 0.133789
v 0.053711 0.461914 0.133789
v 0.051758 0.450195 0.139648
v 0.047852 0.452148 0.137695
v 0.051758 0.473633 0.129883
v 0.053711 0.461914 0.133789
v 0.047852 0.452148 0.137695
v 0.051758 0.450195 0.139648
v 0.053711 0.461914 0.133789
v 0.051758 0.473633 0.133789
v 0.075195 0.454102 0.110352
v 0.063477 0.43457 0.12793
v 0.061523 0.44043 0.129883
v 0.075195 0.454102 0.110352
v 0.051758 0.473633 0.129883
v 0.053711 0.479492 0.131836
v 0.051758 0.473633 0.129883
v 0.051758 0.473633 0.133789
v 0.079102 0.442383 0.106445
v 0.077148 0.44043 0.114258
v 0.063477 0.43457 0.12793
v 0.079102 0.442383 0.106445
v 0.061523 0.280273 0.104492
v 0.051758 0.301758 0.104492
v 0.061523 0.319336 0.09082
v 0.075195 0.327148 0.071289
v 0.061523 0.319336 0.09082
v 0.061523 0.280273 0.104492
v 0.09082 0.303711 0.061523
v 0.09082 0.303711 0.061523
v 0.061523 0.319336 0.09082
v 0.067383 0.321289 0.100586
v 0.063477 0.360352 0.09082
v 0.063477 0.360352 0.09082
v 0.124023 0.290039 0.067383
v 0.151367 0.276367 0.081055
v 0.09082 0.358398 0.014648
v 0.157227 0.336914 0.010742
v 0.174805 0.325195 0.012695
v 0.063477 0.360352 0.09082
v 0.063477 0.360352 0.09082
v 0.071289 0.362305 0.094727
v 0.063477 0.356445 0.102539
v 0.071289 0.362305 0.094727
v 0.06543 0.375977 0.081055
v 0.073242 0.375977 0.084961
v 0.073242 0.375977 0.084961
v 0.06543 0.375977 0.081055
v 0.09082 0.358398 0.014648
v 0.073242 0.374023 0.03418
v 0.073242 0.374023 0.03418
v 0.09082 0.358398 0.014648
v 0.06543 0.374023 -0.032227
v 0.045898 0.393555 0.006836
v 0.061523 0.395508 0.053711
v 0.06543 0.399414 0.081055
v 0.06543 0.399414 0.081055
v 0.157227 0.336914 0.010742
v 0.061523 0.405273 0.100586
v 0.063477 0.407227 0.088867
v 0.061523 0.405273 0.100586
v 0.063477 0.395508 0.114258
v 0.069336 0.405273 0.102539
v 0.061523 0.405273 0.100586
v 0.069336 0.405273 0.102539
v 0.063477 0.407227 0.088867
v 0.026367 0.46582 0.09668
v 0.02832 0.456055 0.06543
v 0.02832 0.456055 0.06543
v 0.049805 0.448242 0.075195
v 0.049805 0.448242 0.075195
v 0.03418 0.411133 0.03418
v 0.061523 0.395508 0.053711
v 0.049805 0.448242 0.075195
v 0.06543 0.399414 0.081055
v 0.05957 0.47168 0.12207
v 0.05957 0.477539 0.118164
v 0.067383 0.477539 0.114258
v 0.071289 0.477539 0.114258
v 0.05957 0.477539 0.118164
v 0.05957 0.47168 0.12207
v 0.05957 0.47168 0.12207
v 0.067383 0.477539 0.114258
v 0.071289 0.477539 0.114258
v 0.071289 0.477539 0.114258
v 0.067383 0.477539 0.114258
v 0.05957 0.477539 0.118164
v 0.061523 0.489258 0.098633
v 0.067383 0.489258 0.100586
v 0.067383 0.493164 0.098633
v 0.049805 0.448242 0.075195
v 0.03418 0.411133 0.03418
v 0.045898 0.393555 0.006836
v 0.06543 0.374023 -0.032227
v 0.069336 0.405273 0.102539
v 0.073242 0.405273 0.092773
v 0.075195 0.397461 0.084961
v 0.073242 0.405273 0.092773
v 0.09082 0.416992 0.102539
v 0.081055 0.418945 0.108398
v 0.075195 0.418945 0.104492
v 0.075195 0.418945 0.104492
v 0.081055 0.418945 0.108398
v 0.084961 0.43457 0.102539
v 0.081055 0.422852 0.106445
v 0.09082 0.416992 0.102539
v 0.075195 0.418945 0.104492
v 0.09082 0.44043 0.092773
v 0.081055 0.422852 0.106445
v 0.075195 0.418945 0.104492
v 0.075195 0.418945 0.104492
v 0.084961 0.43457 0.102539
v 0.079102 0.442383 0.106445
v 0.075195 0.418945 0.104492
v 0.079102 0.442383 0.106445
v 0.086914 0.438477 0.084961
v 0.086914 0.438477 0.084961
v 0.081055 0.418945 0.108398
v 0.09082 0.416992 0.102539
v 0.09082 0.418945 0.104492
v 0.081055 0.418945 0.108398
v 0.09082 0.418945 0.104492
v 0.081055 0.422852 0.106445
v 0.081055 0.418945 0.108398
v 0.081055 0.422852 0.106445
v 0.084961 0.43457 0.102539
v 0.092773 0.413086 0.100586
v 0.09082 0.418945 0.104492
v 0.09082 0.416992 0.102539
v 0.09082 0.418945 0.104492
v 0.092773 0.415039 0.100586
v 0.092773 0.415039 0.100586
v 0.092773 0.413086 0.100586
v 0.09082 0.416992 0.102539
v 0.09082 0.418945 0.104492
v 0.092773 0.413086 0.100586
v 0.092773 0.415039 0.100586
v 0.09668 0.405273 0.098633
v 0.09082 0.44043 0.092773
v 0.084961 0.43457 0.102539
v 0.081055 0.422852 0.106445
v 0.084961 0.43457 0.102539
v 0.077148 0.44043 0.114258
v 0.079102 0.442383 0.106445
v 0.06543 0.399414 0.081055
v 0.075195 0.397461 0.084961
v 0.063477 0.407227 0.088867
v 0.075195 0.397461 0.084961
v 0.06543 0.399414 0.081055
v 0.073242 0.405273 0.092773
v 0.075195 0.454102 0.110352
v 0.075195 0.454102 0.110352
v 0.083008 0.454102 0.108398
v 0.092773 0.442383 0.09082
v 0.086914 0.438477 0.084961
v 0.092773 0.442383 0.09082
v 0.069336 0.479492 0.108398
v 0.067383 0.477539 0.114258
v 0.071289 0.477539 0.114258
v 0.067383 0.489258 0.100586
v 0.069336 0.479492 0.108398
v 0.067383 0.477539 0.114258
v 0.071289 0.477539 0.114258
v 0.069336 0.479492 0.108398
v 0.067383 0.489258 0.100586
v 0.067383 0.493164 0.098633
v 0.067383 0.489258 0.100586
v 0.071289 0.477539 0.114258
v 0.067383 0.493164 0.098633
v 0.069336 0.495117 0.09668
v 0.071289 0.499023 0.088867
v 0.086914 0.438477 0.084961
v 0.092773 0.442383 0.09082
v 0.084961 0.452148 0.088867
v 0.084961 0.452148 0.088867
v 0.092773 0.442383 0.09082
v 0.086914 0.461914 0.086914
v 0.09082 0.452148 0.083008
v 0.086914 0.438477 0.084961
v 0.084961 0.452148 0.088867
v 0.098633 0.46582 0.06543
v 0.084961 0.452148 0.088867
v 0.086914 0.461914 0.086914
v 0.098633 0.46582 0.06543
v 0.092773 0.44043 0.083008
v 0.09082 0.44043 0.092773
v 0.086914 0.438477 0.084961
v 0.092773 0.44043 0.083008
v 0.09082 0.452148 0.083008
v 0.092773 0.442383 0.09082
v 0.09082 0.452148 0.083008
v 0.094727 0.463867 0.079102
v 0.094727 0.463867 0.079102
v 0.092773 0.44043 0.083008
v 0.104492 0.467773 0.06543
v 0.094727 0.463867 0.079102
v 0.09082 0.452148 0.083008
v 0.09082 0.452148 0.083008
v 0.098633 0.46582 0.06543
v 0.104492 0.467773 0.06543
v 0.092773 0.481445 0.069336
v 0.094727 0.479492 0.069336
v 0.092773 0.481445 0.069336
v 0.09668 0.483398 0.067383
v 0.088867 0.485352 0.071289
v 0.09668 0.489258 0.067383
v 0.104492 0.467773 0.06543
v 0.098633 0.46582 0.06543
v 0.094727 0.463867 0.079102
v 0.094727 0.463867 0.079102
v 0.098633 0.46582 0.06543
v 0.094727 0.479492 0.069336
v 0.102539 0.459961 0.055664
v 0.104492 0.467773 0.06543
v 0.098633 0.46582 0.06543
v 0.098633 0.46582 0.06543
v 0.104492 0.467773 0.06543
v 0.106445 0.461914 0.051758
v 0.106445 0.461914 0.051758
v 0.102539 0.459961 0.055664
v 0.098633 0.46582 0.06543
v 0.106445 0.461914 0.051758
v 0.098633 0.49707 0.05957
v 0.09668 0.499023 0.05957
v 0.09668 0.489258 0.067383
v 0.102539 0.459961 0.055664
v 0.106445 0.461914 0.051758
v 0.108398 0.463867 0.03418
v 0.114258 0.467773 0.032227
v 0.108398 0.463867 0.03418
v 0.114258 0.467773 0.032227
v 0.114258 0.463867 0.026367
v 0.120117 0.467773 0.024414
v 0.151367 0.276367 0.081055
v 0.176758 0.297852 0.086914
v 0.174805 0.325195 0.012695
v 0.194336 0.334961 0.016602
v 0.194336 0.334961 0.016602
v 0.174805 0.325195 0.012695
v 0.172852 0.325195 -0.067383
v 0.155273 0.338867 -0.073242
v 0.19043 0.336914 -0.073242
v 0.172852 0.325195 -0.067383
v 0.249023 0.323242 0.018555
v 0.293945 0.274414 0.079102
v 0.194336 0.334961 0.016602
v 0.249023 0.323242 0.018555
v 0.24707 0.327148 -0.067383
v 0.19043 0.336914 -0.073242
v 0.307617 0.303711 0.018555
v 0.307617 0.303711 0.018555
v 0.301758 0.30957 -0.055664
v 0.307617 0.073242 0.057617
v 0.293945 0.106445 0.077148
v 0.307617 0.073242 0.057617
v 0.317383 0.12207 0.036133
v 0.299805 0.157227 0.043945
v 0.268555 0.149414 0.086914
v 0.293945 0.036133 0.038086
v 0.268555 0.038086 0.022461
v 0.262695 0.022461 0.032227
v 0.262695 0.022461 0.032227
v 0.268555 0.038086 0.022461
v 0.258789 0.045898 -0.008789
v 0.297852 0.018555 0.05957
v 0.245117 0.032227 -0.008789
v 0.293945 0.036133 0.038086
v 0.258789 0.045898 -0.008789
v 0.30957 0.057617 0.040039
v 0.293945 0.036133 0.038086
v 0.297852 0.018555 0.05957
v 0.352539 0.086914 0.032227
v 0.30957 0.057617 0.040039
v 0.30957 0.057617 0.040039
v 0.327148 0.088867 0.024414
v 0.30957 0.057617 0.040039
v 0.327148 0.088867 0.024414
v 0.407227 0.063477 0.012695
v 0.352539 0.086914 0.032227
v 0.370117 0.057617 0.057617
v 0.344727 0.141602 -0.006836
v 0.327148 0.172852 -0.004883
v 0.354492 0.108398 -0.010742
v 0.354492 0.108398 -0.010742
v 0.407227 0.063477 0.012695
v 0.374023 0.104492 -0.004883
v 0.317383 0.172852 0.055664
v 0.30957 0.219727 0.069336
v 0.268555 0.229492 0.104492
v 0.264648 0.18457 0.094727
v 0.317383 0.172852 0.055664
v 0.299805 0.157227 0.043945
v 0.254883 0.166992 0.077148
v 0.268555 0.149414 0.086914
v 0.299805 0.157227 0.043945
v 0.293945 0.274414 0.079102
v 0.331055 0.241211 0.008789
v 0.307617 0.303711 0.018555
v 0.327148 0.172852 -0.004883
v 0.336914 0.188477 0.000977
v 0.327148 0.172852 -0.004883
v 0.329102 0.204102 -0.063477
v 0.336914 0.188477 0.000977
v 0.327148 0.172852 -0.004883
v 0.319336 0.18457 -0.05957
v 0.329102 0.204102 -0.063477
v 0.321289 0.254883 -0.061523
v 0.407227 0.079102 -0.008789
v 0.40332 0.053711 -0.000977
v 0.411133 0.049805 0.00293
v 0.411133 0.049805 0.00293
v 0.40918 0.053711 -0.004883
v 0.407227 0.079102 -0.008789
v 0.420898 0.049805 -0.051758
v 0.420898 0.049805 -0.051758
v 0.374023 0.104492 -0.004883
v 0.407227 0.063477 0.012695
v 0.262695 0.293945 0.040039
v 0.270508 0.286133 0.043945
v 0.276367 0.31543 0.03418
v 0.27832 0.323242 0.024414
v 0.272461 0.290039 0.038086
v 0.262695 0.293945 0.040039
v 0.270508 0.34082 0.018555
v 0.270508 0.34082 0.018555
v 0.270508 0.286133 0.043945
v 0.272461 0.290039 0.038086
v 0.276367 0.31543 0.03418
v 0.27832 0.323242 0.024414
v 0.301758 0.30957 -0.055664
v 0.276367 0.329102 0.02832
v 0.276367 0.329102 0.02832
v 0.270508 0.34082 0.018555
v 0.276367 0.31543 0.03418
v 0.299805 0.336914 0.004883
v 0.303711 0.327148 0.012695
v 0.276367 0.329102 0.02832
v 0.27832 0.323242 0.024414
v 0.299805 0.336914 0.004883
v 0.303711 0.327148 0.012695
v 0.27832 0.323242 0.024414
v 0.270508 0.34082 0.018555
v 0.276367 0.329102 0.02832
v 0.299805 0.344727 0.008789
v 0.299805 0.354492 -0.00293
v 0.299805 0.354492 -0.00293
v 0.303711 0.327148 0.012695
v 0.303711 0.327148 0.012695
v 0.299805 0.336914 0.004883
v 0.299805 0.344727 0.008789
v 0.307617 0.360352 -0.004883
v 0.307617 0.354492 -0.006836
v 0.307617 0.354492 -0.006836
v 0.307617 0.360352 -0.004883
v 0.334961 0.31543 -0.000977
v 0.325195 0.329102 -0.000977
v 0.331055 0.311523 0.00293
v 0.348633 0.313477 -0.006836
v 0.114258 -0.432617 -0.061523
v 0.102539 -0.424805 -0.06543
v 0.102539 -0.424805 -0.06543
v 0.124023 -0.487305 -0.022461
v 0.116211 -0.477539 -0.020508
v 0.102539 -0.483398 -0.03418
v 0.106445 -0.49707 -0.036133
v 0.124023 -0.487305 -0.022461
v 0.106445 -0.49707 -0.036133
v 0.208008 -0.49707 -0.05957
v 0.211914 -0.483398 -0.053711
v 0.208008 -0.491211 -0.047852
v 0.124023 -0.487305 -0.022461
v 0.208008 -0.491211 -0.047852
v 0.211914 -0.483398 -0.053711
v 0.104492 -0.461914 -0.03418
v 0.104492 -0.461914 -0.03418
v 0.114258 -0.432617 -0.061523
v 0.104492 -0.461914 -0.03418
v 0.110352 -0.450195 -0.026367
v 0.106445 -0.49707 -0.036133
v 0.102539 -0.483398 -0.03418
v 0.09668 -0.481445 -0.06543
v 0.100586 -0.49707 -0.06543
v 0.106445 -0.49707 -0.036133
v 0.100586 -0.49707 -0.06543
v 0.202148 -0.49707 -0.088867
v 0.208008 -0.49707 -0.05957
v 0.104492 -0.461914 -0.03418
v 0.102539 -0.456055 -0.063477
v 0.102539 -0.456055 -0.063477
v 0.098633 -0.374023 -0.049805
v 0.112305 -0.450195 -0.086914
v 0.147461 -0.424805 -0.083008
v 0.112305 -0.450195 -0.086914
v 0.114258 -0.432617 -0.061523
v 0.147461 -0.424805 -0.083008
v 0.110352 -0.481445 -0.09668
v 0.114258 -0.49707 -0.094727
v 0.114258 -0.49707 -0.094727
v 0.176758 -0.49707 -0.108398
v 0.112305 -0.450195 -0.086914
v 0.143555 -0.448242 -0.102539
v 0.110352 -0.481445 -0.09668
v 0.112305 -0.450195 -0.086914
v 0.143555 -0.448242 -0.102539
v 0.114258 -0.49707 -0.094727
v 0.143555 -0.479492 -0.112305
v 0.143555 -0.49707 -0.108398
v 0.143555 -0.49707 -0.108398
v 0.102539 -0.424805 -0.06543
v 0.098633 -0.374023 -0.049805
v 0.133789 -0.415039 -0.088867
v 0.133789 -0.415039 -0.088867
v 0.104492 -0.31543 -0.077148
v 0.071289 -0.327148 -0.055664
v 0.071289 -0.327148 -0.055664
v 0.079102 -0.288086 -0.03418
v 0.102539 -0.280273 -0.049805
v 0.104492 -0.31543 -0.077148
v 0.129883 -0.364258 -0.075195
v 0.129883 -0.256836 -0.022461
v 0.081055 -0.241211 -0.03418
v 0.102539 -0.280273 -0.049805
v 0.129883 -0.256836 -0.022461
v 0.124023 -0.274414 -0.041992
v 0.100586 -0.274414 -0.022461
v 0.129883 -0.256836 -0.022461
v 0.12793 -0.307617 -0.069336
v 0.139648 -0.262695 -0.03418
v 0.143555 -0.270508 -0.05957
v 0.124023 -0.274414 -0.041992
v 0.143555 -0.270508 -0.05957
v 0.147461 -0.305664 -0.086914
v 0.147461 -0.305664 -0.086914
v 0.12793 -0.307617 -0.069336
v 0.129883 -0.364258 -0.075195
v 0.104492 -0.31543 -0.077148
v 0.178711 -0.479492 -0.110352
v 0.176758 -0.49707 -0.108398
v 0.143555 -0.479492 -0.112305
v 0.178711 -0.479492 -0.110352
v 0.186523 -0.450195 -0.09668
v 0.18457 -0.428711 -0.079102
v 0.176758 -0.49707 -0.108398
v 0.178711 -0.479492 -0.110352
v 0.204102 -0.481445 -0.09082
v 0.202148 -0.49707 -0.088867
v 0.186523 -0.450195 -0.09668
v 0.186523 -0.450195 -0.09668
v 0.18457 -0.428711 -0.079102
v 0.211914 -0.459961 -0.055664
v 0.211914 -0.459961 -0.055664
v 0.211914 -0.483398 -0.053711
v 0.186523 -0.450195 -0.09668
v 0.186523 -0.450195 -0.09668
v 0.211914 -0.483398 -0.053711
v 0.204102 -0.481445 -0.09082
v 0.129883 -0.364258 -0.075195
v 0.147461 -0.424805 -0.083008
v 0.133789 -0.415039 -0.088867
v 0.147461 -0.424805 -0.083008
v 0.15332 -0.413086 -0.092773
v 0.194336 -0.418945 -0.084961
v 0.151367 -0.362305 -0.079102
v 0.15332 -0.413086 -0.092773
v 0.147461 -0.424805 -0.083008
v 0.18457 -0.428711 -0.079102
v 0.147461 -0.424805 -0.083008
v 0.129883 -0.364258 -0.075195
v 0.151367 -0.362305 -0.079102
v 0.19043 -0.370117 -0.069336
v 0.194336 -0.418945 -0.084961
v 0.15332 -0.413086 -0.092773
v 0.151367 -0.362305 -0.079102
v 0.208008 -0.444336 -0.049805
v 0.219727 -0.436523 -0.051758
v 0.208008 -0.444336 -0.049805
v 0.208008 -0.444336 -0.049805
v 0.219727 -0.436523 -0.051758
v 0.208008 -0.491211 -0.047852
v 0.204102 -0.481445 -0.09082
v 0.211914 -0.483398 -0.053711
v 0.208008 -0.49707 -0.05957
v 0.202148 -0.49707 -0.088867
v 0.231445 -0.467773 -0.016602
v 0.219727 -0.436523 -0.051758
v 0.194336 -0.418945 -0.084961
v 0.19043 -0.370117 -0.069336
v 0.19043 -0.370117 -0.069336
v 0.21582 -0.313477 -0.045898
v 0.209961 -0.387695 -0.041992
v 0.163086 -0.258789 -0.024414
v 0.157227 -0.254883 -0.008789
v 0.155273 -0.239258 -0.02832
v 0.129883 -0.256836 -0.022461
v 0.129883 -0.256836 -0.022461
v 0.081055 -0.241211 -0.03418
v 0.120117 -0.219727 -0.036133
v 0.129883 -0.256836 -0.022461
v 0.120117 -0.219727 -0.036133
v 0.155273 -0.239258 -0.02832
v 0.174805 -0.268555 -0.051758
v 0.188477 -0.305664 -0.081055
v 0.163086 -0.258789 -0.024414
v 0.174805 -0.268555 -0.051758
v 0.188477 -0.305664 -0.081055
v 0.12793 -0.307617 -0.069336
v 0.147461 -0.305664 -0.086914
v 0.151367 -0.362305 -0.079102
v 0.147461 -0.305664 -0.086914
v 0.188477 -0.305664 -0.081055
v 0.21582 -0.313477 -0.045898
v 0.05957 -0.249023 -0.000977
v 0.041992 -0.196289 -0.008789
v 0.081055 -0.241211 -0.03418
v 0.063477 -0.188477 -0.043945
v 0.081055 -0.241211 -0.03418
v 0.030273 -0.170898 -0.004883
v 0.047852 -0.165039 -0.049805
v 0.055664 -0.157227 -0.038086
v 0.047852 -0.165039 -0.049805
v 0.055664 -0.157227 -0.038086
v 0.05957 -0.165039 -0.040039
v 0.088867 -0.139648 -0.049805
v 0.05957 -0.165039 -0.040039
v 0.055664 -0.157227 -0.038086
v 0.055664 -0.157227 -0.038086
v 0.047852 -0.165039 -0.049805
v 0.081055 -0.131836 -0.051758
v 0.081055 -0.131836 -0.051758
v 0.104492 -0.168945 -0.047852
v 0.063477 -0.188477 -0.043945
v 0.045898 -0.149414 -0.077148
v 0.045898 -0.149414 -0.077148
v 0.077148 -0.133789 -0.069336
v 0.000977 -0.106445 -0.102539
v 0.000977 -0.151367 -0.081055
v 0.06543 -0.102539 -0.094727
v 0.081055 -0.241211 -0.03418
v 0.151367 -0.204102 -0.045898
v 0.110352 -0.100586 -0.047852
v 0.088867 -0.139648 -0.049805
v 0.137695 -0.149414 -0.055664
v 0.110352 -0.100586 -0.047852
v 0.120117 -0.106445 -0.053711
v 0.114258 -0.092773 -0.06543
v 0.06543 -0.102539 -0.094727
v 0.063477 -0.041992 -0.09668
v 0.055664 -0.032227 -0.079102
v 0.057617 0.014648 -0.083008
v 0.055664 -0.032227 -0.079102
v 0.000977 -0.03418 -0.086914
v 0.000977 0.038086 -0.09668
v 0.063477 -0.041992 -0.09668
v 0.094727 -0.024414 -0.061523
v 0.108398 -0.03418 -0.075195
v 0.100586 0.016602 -0.061523
v 0.094727 -0.024414 -0.061523
v 0.137695 -0.075195 -0.022461
v 0.120117 -0.106445 -0.053711
v 0.110352 -0.100586 -0.047852
v 0.137695 -0.075195 -0.022461
v 0.168945 -0.124023 -0.024414
v 0.137695 -0.149414 -0.055664
v 0.120117 -0.106445 -0.053711
v 0.149414 -0.079102 -0.026367
v 0.149414 -0.079102 -0.026367
v 0.124023 -0.018555 -0.026367
v 0.124023 -0.018555 -0.026367
v 0.139648 -0.026367 -0.03418
v 0.135742 0.032227 -0.02832
v 0.063477 -0.041992 -0.09668
v 0.108398 -0.03418 -0.075195
v 0.145508 -0.063477 -0.032227
v 0.139648 -0.026367 -0.03418
v 0.151367 -0.204102 -0.045898
v 0.18457 -0.176758 -0.016602
v 0.364258 -0.151367 -0.022461
v 0.364258 -0.135742 -0.018555
v 0.391602 -0.129883 -0.020508
v 0.397461 -0.143555 -0.026367
v 0.381836 -0.192383 -0.010742
v 0.393555 -0.125977 -0.038086
v 0.391602 -0.129883 -0.020508
v 0.30957 -0.079102 -0.09082
v 0.356445 -0.133789 -0.032227
v 0.30957 -0.079102 -0.09082
v 0.368164 -0.061523 -0.098633
v 0.393555 -0.125977 -0.038086
v 0.254883 -0.030273 -0.063477
v 0.282227 -0.030273 -0.114258
v 0.30957 -0.079102 -0.09082
v 0.282227 -0.030273 -0.114258
v 0.333008 -0.014648 -0.12793
v 0.333008 -0.014648 -0.12793
v 0.262695 0.022461 -0.106445
v 0.282227 -0.030273 -0.114258
v 0.307617 0.02832 -0.12793
v 0.262695 0.022461 -0.106445
v 0.350586 -0.00293 -0.12207
v 0.413086 -0.038086 -0.073242
v 0.307617 0.02832 -0.12793
v 0.397461 0.024414 -0.09668
v 0.37793 0.014648 -0.104492
v 0.370117 0.071289 -0.098633
v 0.350586 -0.00293 -0.12207
v 0.370117 0.071289 -0.098633
v 0.350586 -0.00293 -0.12207
v 0.336914 0.040039 -0.141602
v 0.350586 -0.00293 -0.12207
v 0.336914 0.040039 -0.141602
v 0.379883 0.014648 -0.112305
v 0.379883 0.014648 -0.112305
v 0.37793 0.014648 -0.104492
v 0.350586 -0.00293 -0.12207
v 0.397461 -0.229492 -0.000977
v 0.411133 -0.186523 -0.016602
v 0.422852 -0.223633 -0.008789
v 0.411133 -0.186523 -0.016602
v 0.397461 -0.143555 -0.026367
v 0.391602 -0.129883 -0.020508
v 0.415039 -0.120117 -0.008789
v 0.397461 -0.143555 -0.026367
v 0.424805 -0.129883 -0.010742
v 0.424805 -0.129883 -0.010742
v 0.391602 -0.129883 -0.020508
v 0.415039 -0.120117 -0.008789
v 0.40332 -0.077148 -0.063477
v 0.395508 -0.06543 -0.09082
v 0.407227 -0.083008 -0.067383
v 0.393555 -0.057617 -0.092773
v 0.411133 -0.081055 -0.063477
v 0.40332 -0.06543 -0.081055
v 0.40332 -0.077148 -0.063477
v 0.393555 -0.057617 -0.092773
v 0.395508 -0.06543 -0.09082
v 0.40332 -0.06543 -0.081055
v 0.407227 -0.083008 -0.067383
v 0.393555 -0.057617 -0.092773
v 0.395508 -0.06543 -0.09082
v 0.391602 -0.067383 -0.116211
v 0.399414 -0.073242 -0.110352
v 0.391602 -0.067383 -0.116211
v 0.395508 -0.06543 -0.09082
v 0.399414 -0.073242 -0.110352
v 0.393555 -0.057617 -0.092773
v 0.411133 -0.081055 -0.063477
v 0.405273 -0.088867 -0.124023
v 0.40918 -0.098633 -0.116211
v 0.407227 -0.094727 -0.124023
v 0.405273 -0.088867 -0.125977
v 0.405273 -0.084961 -0.133789
v 0.40332 -0.081055 -0.137695
v 0.405273 -0.088867 -0.125977
v 0.405273 -0.088867 -0.124023
v 0.405273 -0.088867 -0.124023
v 0.405273 -0.084961 -0.133789
v 0.40332 -0.081055 -0.137695
v 0.395508 -0.069336 -0.124023
v 0.395508 -0.063477 -0.12793
v 0.395508 -0.069336 -0.124023
v 0.391602 -0.067383 -0.116211
v 0.391602 -0.067383 -0.116211
v 0.393555 -0.057617 -0.092773
v 0.395508 -0.061523 -0.118164
v 0.395508 -0.063477 -0.12793
v 0.395508 -0.063477 -0.12793
v 0.399414 -0.073242 -0.110352
v 0.395508 -0.069336 -0.124023
v 0.395508 -0.061523 -0.118164
v 0.395508 -0.063477 -0.12793
v 0.405273 -0.098633 -0.133789
v 0.405273 -0.104492 -0.141602
v 0.397461 -0.018555 -0.079102
v 0.405273 -0.024414 -0.079102
v 0.397461 -0.000977 -0.100586
v 0.391602 -0.000977 -0.108398
v 0.401367 -0.022461 -0.084961
v 0.397461 -0.018555 -0.079102
v 0.389648 0.008789 -0.106445
v 0.383789 0.012695 -0.110352
v 0.383789 0.012695 -0.110352
v 0.405273 -0.024414 -0.079102
v 0.401367 -0.022461 -0.084961
v 0.397461 -0.000977 -0.100586
v 0.391602 -0.000977 -0.108398
v 0.389648 0.008789 -0.106445
v 0.391602 -0.000977 -0.108398
v 0.387695 -0.000977 -0.137695
v 0.397461 -0.008789 -0.131836
v 0.387695 -0.000977 -0.137695
v 0.391602 -0.000977 -0.108398
v 0.397461 -0.008789 -0.131836
v 0.389648 0.008789 -0.106445
v 0.420898 0.049805 -0.051758
v 0.40332 -0.081055 -0.137695
v 0.405273 -0.084961 -0.133789
v 0.405273 -0.088867 -0.125977
v 0.389648 0.008789 -0.139648
v 0.397461 -0.008789 -0.131836
v 0.387695 -0.000977 -0.137695
v 0.389648 0.008789 -0.139648
v 0.387695 -0.000977 -0.137695
v 0.389648 0.008789 -0.139648
v 0.381836 0.010742 -0.147461
v 0.383789 0.014648 -0.157227
v 0.387695 -0.000977 -0.137695
v 0.381836 0.010742 -0.147461
v 0.383789 0.008789 -0.155273
v 0.387695 -0.000977 -0.137695
v 0.383789 0.008789 -0.155273
v 0.383789 0.014648 -0.157227
v 0.383789 0.012695 -0.110352
v 0.389648 0.008789 -0.106445
v 0.397461 -0.008789 -0.131836
v 0.389648 0.008789 -0.139648
v 0.383789 0.012695 -0.110352
v 0.397461 -0.008789 -0.131836
v 0.405273 -0.030273 -0.151367
v 0.405273 -0.02832 -0.15918
v 0.399414 -0.014648 -0.157227
v 0.40918 -0.036133 -0.170898
v 0.399414 -0.014648 -0.157227
v 0.401367 -0.022461 -0.163086
v 0.405273 -0.02832 -0.15918
v 0.405273 -0.02832 -0.15918
v 0.401367 -0.022461 -0.163086
v 0.399414 -0.014648 -0.15918
v 0.399414 -0.014648 -0.15918
v 0.405273 -0.02832 -0.15918
v 0.40918 -0.036133 -0.170898
v 0.407227 -0.032227 -0.170898
v 0.399414 -0.014648 -0.15918
v 0.401367 -0.010742 -0.166992
v 0.399414 -0.014648 -0.15918
v 0.399414 -0.014648 -0.157227
v 0.401367 -0.008789 -0.166992
v 0.401367 -0.004883 -0.168945
v 0.401367 -0.010742 -0.166992
v 0.399414 -0.014648 -0.157227
v 0.401367 -0.004883 -0.168945
v 0.401367 -0.010742 -0.166992
v 0.069336 0.047852 -0.125977
v 0.057617 0.014648 -0.083008
v 0.000977 0.038086 -0.09668
v 0.000977 0.081055 -0.129883
v 0.129883 0.043945 -0.09668
v 0.069336 0.047852 -0.125977
v 0.166992 0.055664 -0.043945
v 0.022461 0.12793 -0.157227
v 0.069336 0.047852 -0.125977
v 0.000977 0.081055 -0.129883
v 0.000977 0.139648 -0.149414
v 0.088867 0.118164 -0.161133
v 0.088867 0.118164 -0.161133
v 0.084961 0.208008 -0.178711
v 0.084961 0.208008 -0.178711
v 0.165039 0.129883 -0.149414
v 0.165039 0.110352 -0.124023
v 0.018555 0.208008 -0.168945
v 0.000977 0.206055 -0.151367
v 0.000977 0.276367 -0.129883
v 0.016602 0.282227 -0.147461
v 0.038086 0.211914 -0.163086
v 0.041992 0.19043 -0.147461
v 0.036133 0.194336 -0.145508
v 0.036133 0.194336 -0.145508
v 0.043945 0.192383 -0.141602
v 0.038086 0.211914 -0.163086
v 0.055664 0.202148 -0.174805
v 0.043945 0.192383 -0.141602
v 0.041992 0.19043 -0.147461
v 0.055664 0.202148 -0.174805
v 0.045898 0.211914 -0.161133
v 0.055664 0.202148 -0.174805
v 0.045898 0.211914 -0.161133
v 0.043945 0.192383 -0.141602
v 0.038086 0.211914 -0.163086
v 0.045898 0.211914 -0.161133
v 0.05957 0.213867 -0.182617
v 0.05957 0.204102 -0.186523
v 0.051758 0.223633 -0.188477
v 0.05957 0.204102 -0.186523
v 0.038086 0.211914 -0.163086
v 0.038086 0.211914 -0.163086
v 0.05957 0.213867 -0.182617
v 0.051758 0.223633 -0.188477
v 0.05957 0.213867 -0.182617
v 0.06543 0.198242 -0.182617
v 0.06543 0.198242 -0.182617
v 0.057617 0.227539 -0.192383
v 0.05957 0.213867 -0.182617
v 0.05957 0.204102 -0.186523
v 0.05957 0.204102 -0.186523
v 0.05957 0.213867 -0.182617
v 0.06543 0.198242 -0.182617
v 0.057617 0.227539 -0.192383
v 0.05957 0.213867 -0.182617
v 0.055664 0.229492 -0.186523
v 0.051758 0.223633 -0.188477
v 0.055664 0.229492 -0.186523
v 0.053711 0.239258 -0.194336
v 0.053711 0.239258 -0.194336
v 0.055664 0.239258 -0.200195
v 0.051758 0.223633 -0.188477
v 0.053711 0.239258 -0.194336
v 0.055664 0.239258 -0.200195
v 0.055664 0.239258 -0.200195
v 0.053711 0.239258 -0.194336
v 0.055664 0.239258 -0.200195
v 0.06543 0.24707 -0.208008
v 0.063477 0.250977 -0.206055
v 0.055664 0.239258 -0.200195
v 0.053711 0.239258 -0.194336
v 0.053711 0.239258 -0.194336
v 0.06543 0.24707 -0.208008
v 0.063477 0.250977 -0.206055
v 0.063477 0.250977 -0.206055
v 0.06543 0.24707 -0.208008
v 0.055664 0.239258 -0.200195
v 0.149414 0.204102 -0.166992
v 0.131836 0.282227 -0.149414
v 0.149414 0.204102 -0.166992
v 0.084961 0.208008 -0.178711
v 0.077148 0.28418 -0.157227
v 0.077148 0.28418 -0.157227
v 0.073242 0.19043 -0.204102
v 0.069336 0.200195 -0.200195
v 0.073242 0.186523 -0.202148
v 0.073242 0.186523 -0.202148
v 0.073242 0.19043 -0.204102
v 0.077148 0.19043 -0.211914
v 0.077148 0.194336 -0.211914
v 0.077148 0.19043 -0.211914
v 0.069336 0.200195 -0.200195
v 0.071289 0.202148 -0.200195
v 0.073242 0.208008 -0.202148
v 0.073242 0.19043 -0.204102
v 0.071289 0.202148 -0.200195
v 0.069336 0.200195 -0.200195
v 0.069336 0.200195 -0.200195
v 0.073242 0.208008 -0.202148
v 0.073242 0.213867 -0.200195
v 0.069336 0.200195 -0.200195
v 0.073242 0.208008 -0.202148
v 0.071289 0.196289 -0.206055
v 0.073242 0.19043 -0.204102
v 0.071289 0.196289 -0.206055
v 0.073242 0.208008 -0.202148
v 0.071289 0.202148 -0.200195
v 0.073242 0.19043 -0.204102
v 0.077148 0.194336 -0.211914
v 0.06543 0.24707 -0.208008
v 0.063477 0.250977 -0.206055
v 0.067383 0.250977 -0.213867
v 0.194336 0.098633 -0.057617
v 0.200195 0.125977 -0.055664
v 0.200195 0.15332 -0.116211
v 0.256836 0.041992 -0.057617
v 0.245117 0.024414 -0.061523
v 0.237305 0.05957 -0.05957
v 0.237305 0.05957 -0.05957
v 0.268555 0.043945 -0.100586
v 0.268555 0.043945 -0.100586
v 0.245117 0.063477 -0.118164
v 0.245117 0.063477 -0.118164
v 0.268555 0.043945 -0.100586
v 0.256836 0.041992 -0.057617
v 0.213867 0.110352 -0.125977
v 0.245117 0.063477 -0.118164
v 0.213867 0.110352 -0.125977
v 0.288086 0.094727 -0.135742
v 0.301758 0.06543 -0.116211
v 0.268555 0.043945 -0.100586
v 0.245117 0.063477 -0.118164
v 0.288086 0.094727 -0.135742
v 0.202148 0.15332 -0.116211
v 0.200195 0.125977 -0.055664
v 0.200195 0.15332 -0.116211
v 0.202148 0.15332 -0.116211
v 0.202148 0.15332 -0.116211
v 0.198242 0.204102 -0.124023
v 0.202148 0.15332 -0.116211
v 0.200195 0.15332 -0.116211
v 0.188477 0.202148 -0.145508
v 0.198242 0.204102 -0.124023
v 0.225586 0.19043 -0.120117
v 0.260742 0.141602 -0.141602
v 0.229492 0.208008 -0.137695
v 0.225586 0.19043 -0.120117
v 0.198242 0.204102 -0.124023
v 0.198242 0.204102 -0.124023
v 0.188477 0.202148 -0.145508
v 0.170898 0.272461 -0.120117
v 0.239258 0.276367 -0.125977
v 0.229492 0.208008 -0.137695
v 0.198242 0.204102 -0.124023
v 0.170898 0.272461 -0.120117
v 0.186523 0.27832 -0.129883
v 0.225586 0.19043 -0.120117
v 0.229492 0.208008 -0.137695
v 0.288086 0.19043 -0.104492
v 0.225586 0.19043 -0.120117
v 0.288086 0.19043 -0.104492
v 0.260742 0.141602 -0.141602
v 0.161133 0.276367 -0.133789
v 0.131836 0.282227 -0.149414
v 0.161133 0.276367 -0.133789
v 0.239258 0.276367 -0.125977
v 0.288086 0.268555 -0.108398
v 0.291992 0.208008 -0.114258
v 0.05957 0.344727 -0.094727
v 0.016602 0.282227 -0.147461
v 0.016602 0.282227 -0.147461
v 0.000977 0.276367 -0.129883
v 0.000977 0.31543 -0.09082
v 0.155273 0.338867 -0.073242
v 0.129883 0.342773 -0.00293
v 0.129883 0.342773 -0.006836
v 0.133789 0.356445 -0.008789
v 0.129883 0.370117 -0.008789
v 0.125977 0.344727 -0.004883
v 0.129883 0.342773 -0.00293
v 0.129883 0.370117 -0.008789
v 0.129883 0.342773 -0.006836
v 0.125977 0.344727 -0.004883
v 0.133789 0.356445 -0.008789
v 0.129883 0.370117 -0.008789
v 0.133789 0.368164 -0.012695
v 0.129883 0.370117 -0.008789
v 0.133789 0.368164 -0.012695
v 0.15332 0.374023 -0.016602
v 0.133789 0.375977 -0.010742
v 0.133789 0.368164 -0.012695
v 0.129883 0.370117 -0.008789
v 0.129883 0.370117 -0.008789
v 0.15332 0.374023 -0.016602
v 0.133789 0.375977 -0.010742
v 0.143555 0.370117 -0.020508
v 0.143555 0.370117 -0.020508
v 0.143555 0.370117 -0.020508
v 0.151367 0.374023 -0.018555
v 0.155273 0.374023 -0.024414
v 0.133789 0.375977 -0.010742
v 0.155273 0.374023 -0.024414
v 0.133789 0.375977 -0.010742
v 0.15332 0.374023 -0.016602
v 0.151367 0.374023 -0.018555
v 0.151367 0.374023 -0.018555
v 0.15332 0.374023 -0.016602
v 0.157227 0.379883 -0.036133
v 0.157227 0.379883 -0.036133
v 0.155273 0.374023 -0.024414
v 0.151367 0.374023 -0.018555
v 0.15332 0.374023 -0.016602
v 0.155273 0.374023 -0.024414
v 0.15918 0.379883 -0.038086
v 0.15918 0.379883 -0.038086
v 0.157227 0.379883 -0.036133
v 0.15332 0.374023 -0.016602
v 0.157227 0.379883 -0.036133
v 0.15918 0.374023 -0.041992
v 0.155273 0.374023 -0.024414
v 0.15918 0.374023 -0.041992
v 0.15918 0.374023 -0.041992
v 0.157227 0.379883 -0.036133
v 0.15918 0.379883 -0.038086
v 0.170898 0.272461 -0.120117
v 0.172852 0.325195 -0.067383
v 0.19043 0.336914 -0.073242
v 0.186523 0.27832 -0.129883
v 0.161133 0.276367 -0.133789
v 0.24707 0.327148 -0.067383
v 0.239258 0.276367 -0.125977
v 0.288086 0.268555 -0.108398
v 0.301758 0.30957 -0.055664
v 0.15918 0.383789 -0.038086
v 0.15918 0.383789 -0.038086
v 0.161133 0.387695 -0.040039
v 0.161133 0.387695 -0.041992
v 0.165039 0.391602 -0.049805
v 0.268555 0.043945 -0.100586
v 0.301758 0.06543 -0.116211
v 0.334961 0.12207 -0.114258
v 0.338867 0.092773 -0.098633
v 0.301758 0.06543 -0.116211
v 0.338867 0.092773 -0.098633
v 0.325195 0.061523 -0.133789
v 0.325195 0.061523 -0.133789
v 0.354492 0.108398 -0.010742
v 0.37793 0.104492 -0.057617
v 0.354492 0.108398 -0.055664
v 0.352539 0.133789 -0.05957
v 0.354492 0.108398 -0.055664
v 0.338867 0.092773 -0.098633
v 0.37793 0.104492 -0.057617
v 0.338867 0.092773 -0.098633
v 0.354492 0.108398 -0.055664
v 0.334961 0.12207 -0.114258
v 0.370117 0.071289 -0.098633
v 0.34668 0.075195 -0.124023
v 0.338867 0.092773 -0.098633
v 0.34668 0.075195 -0.124023
v 0.370117 0.071289 -0.098633
v 0.334961 0.12207 -0.114258
v 0.338867 0.165039 -0.061523
v 0.352539 0.133789 -0.05957
v 0.31543 0.165039 -0.118164
v 0.31543 0.165039 -0.118164
v 0.362305 0.055664 -0.129883
v 0.336914 0.040039 -0.141602
v 0.362305 0.055664 -0.129883
v 0.379883 0.014648 -0.112305
v 0.362305 0.055664 -0.129883
v 0.370117 0.071289 -0.098633
v 0.370117 0.071289 -0.098633
v 0.397461 0.024414 -0.09668
v 0.37793 0.014648 -0.104492
v 0.288086 0.19043 -0.104492
v 0.319336 0.18457 -0.05957
v 0.31543 0.165039 -0.118164
v 0.321289 0.254883 -0.061523
v 0.327148 0.172852 -0.004883
v 0.344727 0.141602 -0.006836
v 0.338867 0.165039 -0.061523
v 0.260742 0.141602 -0.141602
v 0.362305 0.055664 -0.129883
v 0.368164 0.018555 -0.165039
v 0.368164 0.012695 -0.165039
v 0.358398 0.014648 -0.186523
v 0.358398 0.020508 -0.19043
v 0.368164 0.018555 -0.165039
v 0.358398 0.014648 -0.186523
v 0.358398 0.016602 -0.202148
v 0.358398 0.020508 -0.19043
v 0.358398 0.014648 -0.186523
v 0.381836 0.010742 -0.147461
v 0.368164 0.018555 -0.165039
v 0.368164 0.012695 -0.165039
v 0.368164 0.012695 -0.165039
v 0.368164 0.018555 -0.165039
v 0.383789 0.014648 -0.157227
v 0.383789 0.008789 -0.155273
v 0.381836 0.010742 -0.147461
v 0.368164 0.012695 -0.165039
v 0.383789 0.008789 -0.155273
v 0.368164 0.018555 -0.165039
v 0.381836 0.010742 -0.147461
v 0.383789 0.014648 -0.157227
v 0.356445 0.024414 -0.204102
v 0.405273 0.084961 -0.018555
v 0.40918 0.053711 -0.004883
v 0.40332 0.053711 -0.000977
v 0.393555 0.098633 -0.024414
v 0.407227 0.079102 -0.008789
v 0.393555 0.098633 -0.024414
v 0.40332 0.053711 -0.000977
v 0.405273 0.084961 -0.018555
v 0.405273 0.084961 -0.018555
v 0.393555 0.098633 -0.024414
v 0.418945 0.100586 -0.038086
v 0.401367 0.094727 -0.016602
v 0.424805 0.092773 -0.030273
v 0.401367 0.094727 -0.016602
v 0.405273 0.084961 -0.018555
v 0.424805 0.092773 -0.030273
v 0.401367 0.094727 -0.016602
v 0.393555 0.098633 -0.024414
v 0.416992 0.110352 -0.036133
v 0.413086 0.118164 -0.047852
v 0.418945 0.100586 -0.038086
v 0.393555 0.098633 -0.024414
v 0.413086 0.118164 -0.047852
v 0.424805 0.092773 -0.030273
v 0.418945 0.100586 -0.038086
v 0.416992 0.110352 -0.036133
v 0.418945 0.125977 -0.049805
v 0.418945 0.118164 -0.049805
v 0.418945 0.118164 -0.049805
v 0.418945 0.125977 -0.049805
v 0.413086 0.118164 -0.047852
v 0.416992 0.110352 -0.036133
v 0.413086 0.125977 -0.06543
v 0.418945 0.118164 -0.049805
v 0.413086 0.118164 -0.047852
v 0.40918 0.131836 -0.06543
v 0.413086 0.118164 -0.047852
v 0.40918 0.131836 -0.06543
v 0.413086 0.125977 -0.06543
v 0.413086 0.125977 -0.06543
v 0.459961 0.088867 -0.051758
v 0.448242 0.088867 -0.045898
v 0.446289 0.083008 -0.041992
v 0.438477 0.098633 -0.045898
v 0.458008 0.09082 -0.053711
v 0.44043 0.100586 -0.047852
v 0.448242 0.088867 -0.045898
v 0.438477 0.098633 -0.045898
v 0.446289 0.094727 -0.049805
v 0.446289 0.094727 -0.049805
v 0.44043 0.100586 -0.047852
v 0.448242 0.088867 -0.045898
v 0.438477 0.098633 -0.045898
v 0.44043 0.100586 -0.047852
v 0.442383 0.110352 -0.047852
v 0.438477 0.098633 -0.045898
v 0.442383 0.110352 -0.047852
v 0.442383 0.116211 -0.049805
v 0.413086 0.125977 -0.06543
v 0.40918 0.131836 -0.06543
v 0.418945 0.125977 -0.049805
v 0.415039 0.139648 -0.086914
v 0.40918 0.131836 -0.06543
v 0.415039 0.139648 -0.086914
v 0.413086 0.147461 -0.086914
v 0.418945 0.149414 -0.094727
v 0.413086 0.147461 -0.086914
v 0.418945 0.149414 -0.094727
v 0.415039 0.157227 -0.09668
v 0.389648 0.008789 -0.139648
v 0.321289 0.254883 -0.061523
v 0.288086 0.268555 -0.108398
v 0.301758 0.30957 -0.055664
v 0.303711 0.364258 -0.022461
v 0.307617 0.354492 -0.006836
v 0.299805 0.354492 -0.00293
v 0.301758 0.370117 -0.020508
v 0.301758 0.370117 -0.020508
v 0.303711 0.364258 -0.022461
v 0.299805 0.354492 -0.00293
v 0.303711 0.364258 -0.022461
v 0.301758 0.370117 -0.020508
v 0.311523 0.375977 -0.043945
v 0.30957 0.383789 -0.043945
v 0.333008 0.323242 -0.004883
v 0.334961 0.31543 -0.000977
v 0.325195 0.329102 -0.000977
v 0.325195 0.329102 -0.000977
v 0.334961 0.31543 -0.000977
v 0.329102 0.331055 -0.000977
v 0.329102 0.331055 -0.000977
v 0.333008 0.323242 -0.004883
v 0.325195 0.329102 -0.000977
v 0.325195 0.329102 -0.000977
v 0.329102 0.331055 -0.000977
v 0.333008 0.336914 -0.00293
v 0.333008 0.344727 -0.00293
v 0.334961 0.31543 -0.000977
v 0.333008 0.323242 -0.004883
v 0.329102 0.331055 -0.000977
v 0.34668 0.317383 -0.008789
v 0.319336 0.383789 -0.051758
v 0.317383 0.391602 -0.051758
v -0.405273 -0.239258 0.209961
v -0.405273 -0.231445 0.194336
v -0.405273 -0.237305 0.204102
v -0.405273 -0.231445 0.194336
v -0.405273 -0.231445 0.194336
v -0.40332 -0.22168 0.192383
v -0.405273 -0.237305 0.204102
v -0.40332 -0.22168 0.192383
v -0.407227 -0.235352 0.196289
v -0.405273 -0.237305 0.204102
v -0.420898 -0.110352 0.053711
v -0.344727 -0.223633 0.163086
v -0.348633 -0.219727 0.161133
v -0.34668 -0.22168 0.163086
v -0.348633 -0.219727 0.161133
v -0.34668 -0.209961 0.161133
v -0.260742 -0.143555 0.129883
v -0.270508 -0.139648 0.125977
v -0.266602 -0.157227 0.125977
v -0.270508 -0.139648 0.125977
v -0.299805 -0.125977 0.120117
v -0.297852 -0.00293 0.067383
v -0.301758 -0.008789 0.06543
v -0.303711 -0.004883 0.067383
v -0.401367 0.053711 -0.00293
v -0.40918 0.049805 0.00293
v -0.40918 0.053711 -0.004883
v -0.268555 0.286133 0.043945
v -0.045898 0.452148 0.141602
v -0.049805 0.450195 0.139648
v -0.045898 0.452148 0.137695
v -0.06543 0.489258 0.100586
v -0.06543 0.477539 0.114258
v -0.067383 0.479492 0.108398
v -0.06543 0.489258 0.100586
v -0.069336 0.477539 0.114258
v -0.06543 0.477539 0.114258
v -0.112305 0.467773 0.030273
v -0.118164 0.467773 0.020508
v -0.104492 0.463867 0.049805
v -0.118164 0.467773 0.020508
v -0.112305 0.463867 0.024414
v -0.104492 0.463867 0.049805
v -0.112305 0.463867 0.024414
v -0.112305 0.463867 0.024414
v -0.106445 0.463867 0.03418
v -0.100586 0.459961 0.053711
v -0.401367 -0.077148 -0.063477
v -0.40918 -0.081055 -0.063477
v -0.405273 -0.083008 -0.067383
v -0.395508 -0.016602 -0.079102
v -0.40332 -0.024414 -0.079102
v -0.399414 -0.022461 -0.084961
v -0.399414 -0.004883 -0.170898
v -0.44043 0.116211 -0.049805
v -0.44043 0.100586 -0.047852
v -0.44043 0.110352 -0.049805
v -0.44043 0.116211 -0.049805
v -0.413086 0.139648 -0.086914
v -0.416992 0.149414 -0.094727
v -0.411133 0.125977 -0.06543
v -0.416992 0.149414 -0.094727
v -0.40918 0.133789 -0.067383
v -0.411133 0.125977 -0.06543
v -0.413086 0.157227 -0.09668
v -0.413086 0.157227 -0.09668
v -0.411133 0.147461 -0.086914
v -0.40918 0.133789 -0.067383
v -0.358398 0.014648 -0.188477
v -0.356445 0.016602 -0.202148
v -0.366211 0.012695 -0.165039
v -0.356445 0.016602 -0.202148
v -0.354492 0.024414 -0.204102
v -0.354492 0.024414 -0.204102
v -0.356445 0.020508 -0.19043
v -0.364258 0.018555 -0.168945
v -0.307617 0.375977 -0.043945
v -0.31543 0.383789 -0.051758
v -0.297852 0.364258 -0.022461
v -0.31543 0.383789 -0.051758
v -0.297852 0.370117 -0.024414
v -0.297852 0.364258 -0.022461
v -0.313477 0.391602 -0.051758
v -0.313477 0.391602 -0.051758
v -0.305664 0.383789 -0.043945
v -0.297852 0.370117 -0.024414
v -0.03418 0.194336 -0.145508
v -0.040039 0.192383 -0.141602
v -0.040039 0.19043 -0.147461
v -0.124023 0.344727 -0.004883
v -0.129883 0.342773 -0.00293
v -0.129883 0.342773 -0.006836
v 0.342773 -0.233398 0.166992
v 0.342773 -0.227539 0.165039
v 0.356445 -0.19043 0.143555
v 0.354492 -0.188477 0.143555
v 0.356445 -0.188477 0.145508
v 0.305664 -0.129883 0.118164
v 0.305664 -0.124023 0.118164
v 0.305664 -0.12793 0.120117
v 0.30957 -0.004883 0.063477
v 0.424805 -0.112305 0.049805
v 0.422852 -0.116211 0.053711
v 0.422852 -0.112305 0.053711
v 0.051758 0.450195 0.139648
v 0.047852 0.452148 0.141602
v 0.047852 0.452148 0.137695
v 0.067383 0.493164 0.098633
v 0.071289 0.477539 0.114258
v 0.061523 0.489258 0.098633
v 0.108398 0.463867 0.03418
v 0.114258 0.463867 0.026367
v 0.102539 0.459961 0.055664
v 0.114258 0.463867 0.026367
v 0.120117 0.467773 0.024414
v 0.120117 0.467773 0.024414
v 0.114258 0.467773 0.032227
v 0.106445 0.461914 0.051758
v 0.40918 0.053711 -0.004883
v 0.411133 0.049805 0.00293
v 0.40332 0.053711 -0.000977
v 0.272461 0.290039 0.038086
v 0.270508 0.286133 0.043945
v 0.262695 0.293945 0.040039
v 0.34668 0.317383 -0.008789
v 0.348633 0.313477 -0.006836
v 0.325195 0.329102 -0.000977
v 0.348633 0.313477 -0.006836
v 0.331055 0.311523 0.00293
v 0.325195 0.329102 -0.000977
v 0.411133 -0.081055 -0.063477
v 0.40332 -0.077148 -0.063477
v 0.407227 -0.083008 -0.067383
v 0.405273 -0.098633 -0.133789
v 0.405273 -0.104492 -0.141602
v 0.40918 -0.098633 -0.116211
v 0.405273 -0.088867 -0.124023
v 0.401367 -0.022461 -0.084961
v 0.405273 -0.024414 -0.079102
v 0.397461 -0.018555 -0.079102
v 0.036133 0.194336 -0.145508
v 0.125977 0.344727 -0.004883
v 0.129883 0.342773 -0.006836
v 0.129883 0.342773 -0.00293
v 0.161133 0.387695 -0.041992
v 0.165039 0.391602 -0.049805
v 0.15918 0.383789 -0.038086
v 0.165039 0.391602 -0.049805
v 0.161133 0.387695 -0.040039
v 0.15918 0.383789 -0.038086
v 0.368164 0.018555 -0.165039
v 0.358398 0.020508 -0.19043
v 0.368164 0.012695 -0.165039
v 0.358398 0.020508 -0.19043
v 0.356445 0.024414 -0.204102
v 0.368164 0.012695 -0.165039
v 0.356445 0.024414 -0.204102
v 0.358398 0.014648 -0.186523
v 0.368164 0.012695 -0.165039
v 0.356445 0.024414 -0.204102
v 0.358398 0.016602 -0.202148
v 0.358398 0.014648 -0.186523
v 0.415039 0.157227 -0.09668
v 0.415039 0.157227 -0.09668
v 0.418945 0.149414 -0.094727
v 0.40918 0.131836 -0.06543
v 0.418945 0.149414 -0.094727
v 0.418945 0.149414 -0.094727
v 0.415039 0.139648 -0.086914
v 0.413086 0.125977 -0.06543
v 0.30957 0.383789 -0.043945
v 0.317383 0.391602 -0.051758
v 0.301758 0.370117 -0.020508
v 0.317383 0.391602 -0.051758
v 0.319336 0.383789 -0.051758
v 0.319336 0.383789 -0.051758
v 0.311523 0.375977 -0.043945
v 0.303711 0.364258 -0.022461
v 0.333008 0.344727 -0.00293
v 0.329102 0.331055 -0.000977
v 0.325195 0.329102 -0.000977
v 0.333008 0.336914 -0.00293
v -0.342773 0.317383 -0.008789
v -0.321289 0.329102 -0.000977
v -0.342773 0.31543 -0.006836
v -0.342773 0.317383 -0.008789
v -0.325195 0.311523 0.00293
v -0.045898 0.37793 0.174805
v -0.032227 0.37207 0.182617
v -0.041992 0.374023 0.180664
v -0.045898 0.37793 0.174805
v -0.024414 0.375977 0.182617
v -0.032227 0.37207 0.182617
v -0.020508 0.381836 0.182617
v -0.049805 0.383789 0.170898
v -0.049805 0.383789 0.170898
v -0.03418 0.381836 0.172852
v -0.020508 0.381836 0.182617
v -0.405273 -0.100586 -0.131836
v -0.407227 -0.098633 -0.116211
v -0.40332 -0.104492 -0.141602
v -0.40332 -0.104492 -0.141602
v -0.40332 -0.098633 -0.133789
v -0.40332 -0.088867 -0.125977
v -0.405273 -0.094727 -0.124023
v 0.268555 -0.149414 0.125977
v 0.274414 -0.157227 0.124023
v 0.268555 -0.151367 0.125977
v 0.024414 0.375977 0.182617
v 0.043945 0.374023 0.180664
v 0.03418 0.37207 0.18457
v 0.047852 0.37793 0.174805
v 0.024414 0.375977 0.182617
v 0.020508 0.381836 0.182617
v 0.047852 0.37793 0.174805
v 0.020508 0.381836 0.182617
v 0.03418 0.383789 0.172852
v 0.047852 0.37793 0.174805
v 0.092773 0.481445 0.069336
v 0.088867 0.485352 0.071289
v 0.098633 0.46582 0.06543
v 0.088867 0.485352 0.071289
v 0.094727 0.479492 0.069336
v 0.098633 0.46582 0.06543
v 0.09668 0.489258 0.067383
v 0.09668 0.483398 0.067383
v 0.407227 -0.032227 -0.170898
v 0.407227 -0.032227 -0.170898
v 0.405273 -0.030273 -0.151367
v 0.399414 -0.014648 -0.157227
v 0.40918 -0.036133 -0.170898
v 0.438477 0.098633 -0.045898
v 0.459961 0.088867 -0.051758
v 0.446289 0.083008 -0.041992
v 0.438477 0.098633 -0.045898
v 0.458008 0.09082 -0.053711
v 0.459961 0.088867 -0.051758
v 0.44043 0.100586 -0.047852
v 0.446289 0.094727 -0.049805
v 0.438477 0.098633 -0.045898
vt 0.928259 0.767586
vt 0.936435 0.76788
vt 0.934097 0.787969
vt 0.936777 0.748897
vt 0.927151 0.789832
vt 0.918412 0.78937
vt 0.918113 0.766856
vt 0.917288 0.750005
vt 0.928031 0.748897
vt 0.599504 0.018368
vt 0.596339 0.001578
vt 0.60615 0.001578
vt 0.930745 0.621796
vt 0.939711 0.616274
vt 0.941786 0.618743
vt 0.942874 0.975183
vt 0.940185 0.973875
vt 0.946796 0.964446
vt 0.940567 0.634914
vt 0.945126 0.30696
vt 0.935088 0.307339
vt 0.933692 0.288878
vt 0.945126 0.287742
vt 0.929034 0.617875
vt 0.943305 0.964946
vt 0.945557 0.104338
vt 0.94545 0.110209
vt 0.935951 0.109041
vt 0.936346 0.104271
vt 0.938006 0.61214
vt 0.951805 0.243539
vt 0.945407 0.245466
vt 0.940027 0.226133
vt 0.950461 0.224981
vt 0.951805 0.211628
vt 0.94164 0.20896
vt 0.930776 0.635575
vt 0.929034 0.651235
vt 0.935535 0.325456
vt 0.936027 0.650794
vt 0.28491 0.113621
vt 0.285542 0.127676
vt 0.277418 0.122233
vt 0.936863 0.39113
vt 0.942179 0.383677
vt 0.945126 0.385958
vt 0.941109 0.398692
vt 0.283864 0.144548
vt 0.218748 0.978334
vt 0.216775 0.981862
vt 0.207341 0.97758
vt 0.612678 0.548508
vt 0.603369 0.548266
vt 0.603179 0.544457
vt 0.963448 0.299109
vt 0.97109 0.305436
vt 0.968454 0.307445
vt 0.502631 0.708963
vt 0.514241 0.728048
vt 0.503696 0.727895
vt 0.208299 0.958355
vt 0.218748 0.959166
vt 0.103863 0.167464
vt 0.100538 0.166781
vt 0.110209 0.161606
vt 0.042276 0.739561
vt 0.048475 0.740477
vt 0.04325 0.74884
vt 0.61166 0.554374
vt 0.602434 0.55435
vt 0.971843 0.315717
vt 0.726978 0.468383
vt 0.708402 0.467343
vt 0.708402 0.457033
vt 0.514309 0.708963
vt 0.728048 0.456916
vt 0.19704 0.643013
vt 0.19704 0.664594
vt 0.190912 0.659669
vt 0.456177 0.467531
vt 0.459148 0.460978
vt 0.465884 0.47049
vt 0.94478 0.325618
vt 0.456177 0.476805
vt 0.267173 0.279158
vt 0.267173 0.299753
vt 0.261281 0.296929
vt 0.26265 0.30391
vt 0.527057 0.821852
vt 0.536017 0.823318
vt 0.527057 0.839927
vt 0.465795 0.463844
vt 0.015633 0.455865
vt 0.003421 0.437838
vt 0.013352 0.436736
vt 0.020783 0.431404
vt 0.021708 0.454808
vt 0.860665 0.101917
vt 0.861585 0.109812
vt 0.856777 0.10604
vt 0.002064 0.419174
vt 0.013845 0.421549
vt 0.71129 0.432936
vt 0.721368 0.416426
vt 0.721368 0.434157
vt 0.940185 0.955061
vt 0.943719 0.953069
vt 0.710062 0.415031
vt 0.724492 0.416914
vt 0.730446 0.416891
vt 0.724492 0.427296
vt 0.72934 0.427477
vt 0.733057 0.416242
vt 0.93604 0.101808
vt 0.946796 0.10151
vt 0.406067 0.039008
vt 0.409109 0.040403
vt 0.406067 0.050095
vt 0.005302 0.416976
vt 0.006721 0.412449
vt 0.015202 0.417274
vt 0.963494 0.577244
vt 0.959765 0.567183
vt 0.963409 0.564991
vt 0.955511 0.559789
vt 0.973513 0.746416
vt 0.961795 0.720987
vt 0.973513 0.718953
vt 0.961324 0.651384
vt 0.949814 0.652905
vt 0.949814 0.627632
vt 0.963494 0.624721
vt 0.959301 0.577087
vt 0.021708 0.421673
vt 0.955511 0.584252
vt 0.95931 0.587782
vt 0.951415 0.745467
vt 0.95101 0.724462
vt 0.959473 0.147784
vt 0.9593 0.156885
vt 0.955916 0.145651
vt 0.965164 0.138456
vt 0.932125 0.400248
vt 0.945126 0.419509
vt 0.277418 0.14348
vt 0.930107 0.392154
vt 0.965164 0.160841
vt 0.962454 0.163644
vt 0.95452 0.156975
vt 0.855895 0.076612
vt 0.863916 0.077709
vt 0.865694 0.084523
vt 0.856376 0.084396
vt 0.869984 0.102044
vt 0.937256 0.420798
vt 0.866508 0.074557
vt 0.855526 0.072243
vt 0.869984 0.055968
vt 0.579432 0.984332
vt 0.569481 0.965418
vt 0.579432 0.965087
vt 0.860296 0.051473
vt 0.383761 0.986872
vt 0.37743 0.967818
vt 0.387401 0.965569
vt 0.375462 0.986872
vt 0.206168 0.292322
vt 0.208895 0.271734
vt 0.216216 0.291648
vt 0.212093 0.315599
vt 0.687972 0.246236
vt 0.67915 0.223617
vt 0.687972 0.222037
vt 0.026284 0.193359
vt 0.028387 0.182699
vt 0.028387 0.193701
vt 0.033224 0.429433
vt 0.036068 0.41977
vt 0.038406 0.420656
vt 0.367945 0.969724
vt 0.101895 0.17803
vt 0.197763 0.97815
vt 0.197725 0.961258
vt 0.049449 0.749756
vt 0.051765 0.739561
vt 0.60246 0.557725
vt 0.218748 0.272531
vt 0.612829 0.557725
vt 0.032053 0.415662
vt 0.029419 0.425698
vt 0.105775 0.17737
vt 0.024282 0.431467
vt 0.368106 0.984691
vt 0.038406 0.441796
vt 0.030347 0.442552
vt 0.110209 0.184112
vt 0.106601 0.187021
vt 0.431274 0.545361
vt 0.440659 0.548445
vt 0.440836 0.559094
vt 0.431274 0.559394
vt 0.917432 0.115698
vt 0.924156 0.096345
vt 0.931767 0.102602
vt 0.92527 0.117678
vt 0.924889 0.135257
vt 0.218748 0.313942
vt 0.926788 0.094265
vt 0.987596 0.213696
vt 0.987596 0.207817
vt 0.996276 0.208653
vt 0.996485 0.212261
vt 0.451361 0.228069
vt 0.448178 0.228521
vt 0.451352 0.219526
vt 0.969059 0.316045
vt 0.967537 0.325618
vt 0.996445 0.27214
vt 0.989374 0.275233
vt 0.987596 0.27214
vt 0.963448 0.323815
vt 0.723994 0.477573
vt 0.708882 0.477193
vt 0.454195 0.235708
vt 0.448178 0.243796
vt 0.931767 0.118148
vt 0.760696 0.416114
vt 0.761542 0.411933
vt 0.768323 0.411963
vt 0.958009 0.197452
vt 0.964984 0.199034
vt 0.958009 0.20997
vt 0.769769 0.416492
vt 0.6737 0.228999
vt 0.680403 0.24584
vt 0.031775 0.459204
vt 0.674665 0.247615
vt 0.983172 0.817771
vt 0.973144 0.817889
vt 0.975092 0.814687
vt 0.971758 0.197799
vt 0.975183 0.210025
vt 0.96605 0.210805
vt 0.981814 0.814228
vt 0.983532 0.831577
vt 0.972107 0.831577
vt 0.973916 0.223725
vt 0.025575 0.456906
vt 0.931176 0.13393
vt 0.163644 0.24913
vt 0.157948 0.252145
vt 0.157948 0.231839
vt 0.760696 0.42944
vt 0.522135 0.110106
vt 0.530461 0.110106
vt 0.526558 0.125238
vt 0.520641 0.1247
vt 0.771463 0.430817
vt 0.96585 0.223758
vt 0.534347 0.124437
vt 0.689641 0.34841
vt 0.681678 0.355036
vt 0.680456 0.346445
vt 0.681987 0.339146
vt 0.925088 0.470074
vt 0.919733 0.490931
vt 0.913146 0.489678
vt 0.91659 0.468457
vt 0.915214 0.456715
vt 0.924964 0.454022
vt 0.137929 0.412801
vt 0.13641 0.408045
vt 0.141936 0.406958
vt 0.689026 0.355675
vt 0.133264 0.414559
vt 0.474851 0.954899
vt 0.467702 0.955145
vt 0.469571 0.931594
vt 0.477573 0.932893
vt 0.464724 0.477733
vt 0.460941 0.480912
vt 0.686579 0.33581
vt 0.689641 0.341114
vt 0.914438 0.840241
vt 0.917633 0.820998
vt 0.926404 0.819266
vt 0.921332 0.841596
vt 0.080195 0.943194
vt 0.080707 0.947741
vt 0.074634 0.946327
vt 0.921395 0.808296
vt 0.083263 0.92236
vt 0.075358 0.922949
vt 0.930098 0.80994
vt 0.074634 0.913649
vt 0.087412 0.950136
vt 0.088586 0.941708
vt 0.141936 0.417459
vt 0.095181 0.943707
vt 0.461699 0.930489
vt 0.461305 0.952749
vt 0.680604 0.128754
vt 0.678123 0.128837
vt 0.681292 0.124142
vt 0.678811 0.139039
vt 0.909252 0.343118
vt 0.913399 0.340828
vt 0.905612 0.352188
vt 0.681292 0.138957
vt 0.769086 0.605079
vt 0.778143 0.604998
vt 0.778 0.610574
vt 0.669135 0.130973
vt 0.768944 0.610655
vt 0.765366 0.610314
vt 0.69643 0.223506
vt 0.698491 0.22688
vt 0.69258 0.22827
vt 0.705253 0.221488
vt 0.669823 0.141175
vt 0.69258 0.240371
vt 0.698732 0.240456
vt 0.70801 0.2253
vt 0.766614 0.624518
vt 0.763037 0.624177
vt 0.874993 0.001874
vt 0.869502 0.014891
vt 0.834587 0.001874
vt 0.906853 0.356747
vt 0.913399 0.384062
vt 0.778143 0.622426
vt 0.458286 0.235447
vt 0.45811 0.23183
vt 0.462544 0.235259
vt 0.866402 0.017544
vt 0.459318 0.220702
vt 0.462544 0.222453
vt 0.461376 0.231348
vt 0.280532 0.10458
vt 0.275933 0.098421
vt 0.280125 0.098468
vt 0.146945 0.202936
vt 0.146945 0.213739
vt 0.142939 0.205395
vt 0.356362 0.632867
vt 0.356362 0.623121
vt 0.359014 0.627315
vt 0.276341 0.104533
vt 0.416474 0.476939
vt 0.420798 0.486553
vt 0.416474 0.487592
vt 0.330079 0.992744
vt 0.330228 0.997181
vt 0.326267 0.992605
vt 0.326267 0.995965
vt 0.867203 0.020728
vt 0.871421 0.022898
vt 0.864844 0.03595
vt 0.831647 0.007074
vt 0.860531 0.034853
vt 0.663695 0.499416
vt 0.673823 0.497288
vt 0.674039 0.512477
vt 0.662569 0.513521
vt 0.025048 0.112049
vt 0.025048 0.121898
vt 0.021272 0.119944
vt 0.481961 0.577763
vt 0.480713 0.569063
vt 0.496189 0.568075
vt 0.496877 0.577476
vt 0.32569 0.445507
vt 0.328957 0.440068
vt 0.328957 0.450855
vt 0.280968 0.148615
vt 0.86831 0.111879
vt 0.470545 0.474233
vt 0.470545 0.464154
vt 0.477573 0.466765
vt 0.677605 0.25061
vt 0.683534 0.252145
vt 0.174934 0.496412
vt 0.180342 0.501156
vt 0.174934 0.50596
vt 0.610643 0.439113
vt 0.611159 0.443163
vt 0.604427 0.441447
vt 0.611159 0.449901
vt 0.601978 0.4489
vt 0.621219 0.70467
vt 0.621219 0.698794
vt 0.630147 0.703522
vt 0.625399 0.692809
vt 0.628528 0.697605
vt 0.631197 0.692741
vt 0.610078 0.455865
vt 0.604287 0.455428
vt 0.016296 0.996465
vt 0.016404 0.998751
vt 0.014689 0.994795
vt 0.016404 0.992605
vt 0.996244 0.409985
vt 0.99032 0.41059
vt 0.987596 0.409985
vt 0.007842 0.096868
vt 0.008349 0.100353
vt 0.008349 0.102854
vt 0.987596 0.787416
vt 0.992756 0.785844
vt 0.994779 0.787416
vt 0.994829 0.782667
vt 0.992124 0.78345
vt 0.987596 0.782667
vt 0.987596 0.558025
vt 0.994469 0.556749
vt 0.995708 0.558025
vt 0.388165 0.735244
vt 0.394081 0.726208
vt 0.390408 0.736397
vt 0.92347 0.452221
vt 0.994221 0.899672
vt 0.98982 0.900901
vt 0.987596 0.899672
vt 0.089745 0.992605
vt 0.092223 0.994982
vt 0.089745 0.998431
vt 0.315042 0.99733
vt 0.312752 0.992605
vt 0.315044 0.992605
vt 0.631197 0.033397
vt 0.628128 0.025838
vt 0.631197 0.021593
vt 0.964397 0.13606
vt 0.412304 0.958861
vt 0.42479 0.961657
vt 0.420508 0.9805
vt 0.932016 0.078994
vt 0.411269 0.981862
vt 0.225032 0.925734
vt 0.218817 0.932164
vt 0.212307 0.922088
vt 0.228767 0.932659
vt 0.025281 0.674245
vt 0.03912 0.667658
vt 0.043653 0.693151
vt 0.017369 0.703088
vt 0.059439 0.672943
vt 0.059439 0.655026
vt 0.066793 0.666339
vt 0.007015 0.680061
vt 0.390003 0.726659
vt 0.388165 0.717745
vt 0.391457 0.716479
vt 0.217302 0.951404
vt 0.207065 0.949808
vt 0.208307 0.946981
vt 0.198846 0.948527
vt 0.132403 0.282553
vt 0.143296 0.304461
vt 0.132034 0.30558
vt 0.197348 0.945273
vt 0.210461 0.92769
vt 0.997055 0.062877
vt 0.988273 0.062877
vt 0.987596 0.059177
vt 0.206379 0.953475
vt 0.996378 0.059177
vt 0.214496 0.953232
vt 0.19752 0.952246
vt 0.914438 0.80155
vt 0.917839 0.799864
vt 0.996376 0.298801
vt 0.987596 0.298801
vt 0.987723 0.29519
vt 0.602963 0.37159
vt 0.60615 0.372784
vt 0.601239 0.381263
vt 0.598545 0.380274
vt 0.923905 0.806134
vt 0.595827 0.378364
vt 0.600141 0.370479
vt 0.151955 0.281127
vt 0.151955 0.304436
vt 0.142705 0.282057
vt 0.921905 0.448241
vt 0.913146 0.452205
vt 0.974612 0.118559
vt 0.9775 0.10802
vt 0.980193 0.109446
vt 0.977262 0.118759
vt 0.914626 0.45422
vt 0.19915 0.927135
vt 0.618944 0.746914
vt 0.629528 0.726636
vt 0.629528 0.748086
vt 0.591334 0.383645
vt 0.886122 0.952373
vt 0.898371 0.969294
vt 0.886122 0.975183
vt 0.60615 0.4041
vt 0.592802 0.389386
vt 0.559402 0.964748
vt 0.563804 0.985202
vt 0.432487 0.981862
vt 0.642886 0.540787
vt 0.642886 0.551045
vt 0.635211 0.546771
vt 0.197348 0.921418
vt 0.053435 0.668626
vt 0.268232 0.155839
vt 0.272183 0.159513
vt 0.269528 0.169931
vt 0.787414 0.639831
vt 0.773682 0.640523
vt 0.789357 0.614986
vt 0.807024 0.638029
vt 0.262923 0.171162
vt 0.805737 0.617164
vt 0.618923 0.727964
vt 0.792343 0.673508
vt 0.02689 0.730015
vt 0.051838 0.721909
vt 0.769317 0.672818
vt 0.797196 0.651104
vt 0.890558 0.554286
vt 0.890558 0.535532
vt 0.898641 0.545949
vt 0.027495 0.844184
vt 0.004491 0.863967
vt 0.00156 0.844078
vt 0.598058 0.209464
vt 0.60615 0.197261
vt 0.60615 0.217079
vt 0.001204 0.82107
vt 0.193701 0.581116
vt 0.189614 0.587782
vt 0.189614 0.576488
vt 0.425808 0.556055
vt 0.421098 0.544459
vt 0.425808 0.541857
vt 0.987596 0.475936
vt 0.993087 0.474943
vt 0.992935 0.476512
vt 0.253115 0.992605
vt 0.254514 0.992605
vt 0.2533 0.997693
vt 0.020038 0.469223
vt 0.015848 0.466285
vt 0.020038 0.458626
vt 0.499964 0.104597
vt 0.50429 0.112246
vt 0.499964 0.115219
vt 0.900257 0.52189
vt 0.89625 0.535697
vt 0.028681 0.862148
vt 0.004765 0.881672
vt 0.901919 0.526311
vt 0.913353 0.524972
vt 0.027667 0.881413
vt 0.914738 0.519374
vt 0.889805 0.500893
vt 0.875305 0.476458
vt 0.890022 0.475981
vt 0.995941 0.476512
vt 0.127614 0.992965
vt 0.129115 0.992605
vt 0.129115 0.998263
vt 0.132857 0.998266
vt 0.131579 0.995962
vt 0.132857 0.992605
vt 0.209892 0.992605
vt 0.210646 0.995412
vt 0.209892 0.997961
vt 0.131509 0.997391
vt 0.116192 0.664594
vt 0.11463 0.664284
vt 0.11463 0.65317
vt 0.116888 0.656809
vt 0.627275 0.19481
vt 0.629527 0.203085
vt 0.627275 0.207059
vt 0.607288 0.367348
vt 0.606249 0.36385
vt 0.60949 0.360612
vt 0.158072 0.442417
vt 0.161341 0.445695
vt 0.15998 0.447866
vt 0.993216 0.730566
vt 0.994939 0.732085
vt 0.987596 0.732085
vt 0.058444 0.861805
vt 0.054109 0.881672
vt 0.944957 0.07828
vt 0.946796 0.072676
vt 0.600291 0.197207
vt 0.027835 0.827023
vt 0.315699 0.001973
vt 0.323948 0.001973
vt 0.318675 0.023378
vt 0.919639 0.557486
vt 0.918158 0.564404
vt 0.895849 0.556971
vt 0.910901 0.549121
vt 0.945496 0.402476
vt 0.948544 0.38642
vt 0.956815 0.387493
vt 0.390325 0.983771
vt 0.399644 0.966363
vt 0.4041 0.986872
vt 0.956815 0.407516
vt 0.949627 0.415789
vt 0.689641 0.605521
vt 0.681509 0.60615
vt 0.679372 0.596366
vt 0.005436 0.377563
vt 0.010019 0.382882
vt 0.005436 0.390741
vt 0.689641 0.586767
vt 0.057337 0.83594
vt 0.921193 0.549074
vt 0.923403 0.529232
vt 0.928428 0.554805
vt 0.925794 0.539484
vt 0.928077 0.527525
vt 0.579357 0.697469
vt 0.548793 0.706905
vt 0.550427 0.689128
vt 0.579904 0.665562
vt 0.555645 0.664377
vt 0.002112 0.712997
vt 0.002808 0.74516
vt 0.603964 0.366469
vt 0.163644 0.448365
vt 0.989803 0.63721
vt 0.987596 0.635619
vt 0.995502 0.635619
vt 0.60949 0.372373
vt 0.158072 0.462544
vt 0.60615 0.297511
vt 0.603305 0.289219
vt 0.60615 0.281718
vt 0.435942 0.4055
vt 0.439166 0.413082
vt 0.435942 0.422468
vt 0.489261 0.419128
vt 0.487053 0.417913
vt 0.489261 0.404348
vt 0.417459 0.097667
vt 0.406161 0.099255
vt 0.415343 0.076424
vt 0.621852 0.190588
vt 0.597122 0.195371
vt 0.595123 0.14816
vt 0.028387 0.175034
vt 0.019921 0.193701
vt 0.019921 0.16832
vt 0.973513 0.409109
vt 0.964386 0.390732
vt 0.973513 0.38578
vt 0.629528 0.140686
vt 0.647266 0.193004
vt 0.053435 0.733489
vt 0.030546 0.740141
vt 0.009274 0.751425
vt 0.788681 0.684632
vt 0.769826 0.684632
vt 0.697991 0.083062
vt 0.670965 0.087326
vt 0.671951 0.076086
vt 0.649954 0.085623
vt 0.697991 0.039095
vt 0.667042 0.039515
vt 0.428869 0.392527
vt 0.432487 0.418328
vt 0.390074 0.395845
vt 0.417459 0.120228
vt 0.654362 0.093511
vt 0.602714 0.297609
vt 0.437719 0.422391
vt 0.932888 0.002039
vt 0.940117 0.001947
vt 0.938796 0.020938
vt 0.931325 0.022155
vt 0.973513 0.587782
vt 0.966556 0.583096
vt 0.973513 0.565665
vt 0.662747 0.00812
vt 0.694966 0.002161
vt 0.198008 0.632384
vt 0.185511 0.666315
vt 0.161344 0.621444
vt 0.994881 0.736955
vt 0.987596 0.736955
vt 0.988212 0.734479
vt 0.474687 0.919691
vt 0.476556 0.921772
vt 0.467931 0.923308
vt 0.980193 0.125999
vt 0.977006 0.128577
vt 0.461305 0.921825
vt 0.16725 0.885738
vt 0.157497 0.885843
vt 0.157764 0.881939
vt 0.041105 0.397421
vt 0.043396 0.38997
vt 0.046755 0.38974
vt 0.082052 0.913957
vt 0.147674 0.902924
vt 0.148559 0.88401
vt 0.157259 0.903813
vt 0.994212 0.896554
vt 0.99194 0.896353
vt 0.993216 0.895428
vt 0.058444 0.180923
vt 0.05765 0.176131
vt 0.058032 0.173887
vt 0.240227 0.997714
vt 0.240227 0.992606
vt 0.241475 0.996681
vt 0.178224 0.992605
vt 0.17918 0.993699
vt 0.178224 0.998086
vt 0.274696 0.997434
vt 0.270136 0.992686
vt 0.272101 0.992605
vt 0.990665 0.897278
vt 0.987596 0.895428
vt 0.270136 0.996792
vt 0.272183 0.180342
vt 0.07185 0.992605
vt 0.073204 0.994707
vt 0.07185 0.998589
vt 0.987596 0.888211
vt 0.99181 0.887471
vt 0.994376 0.888211
vt 0.271656 0.781381
vt 0.273774 0.780529
vt 0.276235 0.786492
vt 0.041105 0.38282
vt 0.044643 0.380578
vt 0.390325 0.966278
vt 0.166102 0.903075
vt 0.158437 0.921276
vt 0.177002 0.906367
vt 0.489572 0.995157
vt 0.488707 0.992605
vt 0.49068 0.992605
vt 0.271212 0.777127
vt 0.277192 0.770113
vt 0.275721 0.776269
vt 0.415047 0.544777
vt 0.419128 0.549834
vt 0.415047 0.556055
vt 0.994155 0.91849
vt 0.992215 0.919472
vt 0.987596 0.91849
vt 0.438189 0.178812
vt 0.442506 0.179452
vt 0.441986 0.183682
vt 0.442506 0.167198
vt 0.144284 0.906023
vt 0.271212 0.764785
vt 0.144284 0.926758
vt 0.93736 0.358714
vt 0.935324 0.346088
vt 0.942421 0.359432
vt 0.945126 0.377225
vt 0.176479 0.923949
vt 0.166533 0.099478
vt 0.171993 0.083565
vt 0.171993 0.10019
vt 0.929723 0.345018
vt 0.810683 0.641002
vt 0.818081 0.65181
vt 0.804083 0.664195
vt 0.751425 0.813199
vt 0.747298 0.815574
vt 0.742226 0.806556
vt 0.742226 0.828238
vt 0.92779 0.352886
vt 0.928707 0.374631
vt 0.597801 0.556559
vt 0.588036 0.555948
vt 0.596854 0.542402
vt 0.586483 0.539458
vt 0.657915 0.970179
vt 0.645852 0.981872
vt 0.643442 0.968803
vt 0.595144 0.561064
vt 0.577381 0.557166
vt 0.987596 0.024189
vt 0.997247 0.024189
vt 0.988704 0.026144
vt 0.696854 0.60988
vt 0.699091 0.610433
vt 0.69939 0.619179
vt 0.445234 0.166356
vt 0.447516 0.175943
vt 0.445234 0.177002
vt 0.657915 0.983143
vt 0.646903 0.986872
vt 0.918927 0.3508
vt 0.917609 0.345568
vt 0.577381 0.539542
vt 0.317484 0.225317
vt 0.323241 0.227787
vt 0.32122 0.238489
vt 0.314347 0.239643
vt 0.828238 0.664766
vt 0.574423 0.811824
vt 0.574423 0.829908
vt 0.560751 0.811952
vt 0.938998 0.735824
vt 0.948435 0.735784
vt 0.948466 0.751523
vt 0.776366 0.57555
vt 0.781482 0.561298
vt 0.781482 0.579432
vt 0.939634 0.751353
vt 0.47421 0.123601
vt 0.480912 0.123533
vt 0.478211 0.129803
vt 0.472948 0.13119
vt 0.942814 0.756435
vt 0.948466 0.724086
vt 0.282202 0.613975
vt 0.273639 0.629528
vt 0.273639 0.611518
vt 0.204567 0.298148
vt 0.20539 0.308919
vt 0.196115 0.30883
vt 0.196115 0.297358
vt 0.973513 0.015917
vt 0.972127 0.030057
vt 0.958128 0.014013
vt 0.937869 0.723342
vt 0.973513 0.004429
vt 0.434444 0.968021
vt 0.439965 0.952469
vt 0.444544 0.971299
vt 0.435034 0.974614
vt 0.555592 0.316982
vt 0.566074 0.318705
vt 0.553445 0.326925
vt 0.450855 0.955908
vt 0.564274 0.327159
vt 0.197257 0.293273
vt 0.656714 0.986612
vt 0.210731 0.580544
vt 0.204387 0.599678
vt 0.19977 0.583386
vt 0.566074 0.33724
vt 0.554609 0.338976
vt 0.480912 0.137723
vt 0.411219 0.130247
vt 0.411219 0.119528
vt 0.415789 0.123813
vt 0.474768 0.140266
vt 0.443073 0.978523
vt 0.165314 0.50596
vt 0.160106 0.505098
vt 0.165314 0.493333
vt 0.958877 0.029712
vt 0.002475 0.260303
vt 0.003835 0.254771
vt 0.010478 0.259237
vt 0.003167 0.275618
vt 0.450855 0.97719
vt 0.218748 0.598062
vt 0.217429 0.60448
vt 0.211593 0.603721
vt 0.212913 0.597303
vt 0.218393 0.581324
vt 0.013359 0.274894
vt 0.011743 0.285183
vt 0.210122 0.570832
vt 0.218748 0.571821
vt 0.457479 0.342749
vt 0.460874 0.333358
vt 0.460874 0.343986
vt 0.510304 0.408442
vt 0.510099 0.39619
vt 0.512639 0.394469
vt 0.958128 0.002525
vt 0.222088 0.469223
vt 0.220029 0.46871
vt 0.222088 0.455313
vt 0.702812 0.619508
vt 0.703 0.60988
vt 0.506755 0.395476
vt 0.397186 0.23811
vt 0.404114 0.229004
vt 0.40577 0.231138
vt 0.399326 0.238929
vt 0.506755 0.409109
vt 0.559371 0.829821
vt 0.397767 0.249322
vt 0.402856 0.239408
vt 0.400793 0.247794
vt 0.792599 0.520315
vt 0.80319 0.505034
vt 0.80319 0.522658
vt 0.996321 0.320338
vt 0.987596 0.317623
vt 0.996321 0.316051
vt 0.995371 0.135584
vt 0.996889 0.138337
vt 0.987596 0.138337
vt 0.40577 0.253815
vt 0.328131 0.248705
vt 0.791947 0.503825
vt 0.002475 0.287212
vt 0.988421 0.110766
vt 0.987596 0.108545
vt 0.996962 0.108545
vt 0.494271 0.126275
vt 0.494048 0.127393
vt 0.49137 0.130247
vt 0.987596 0.633225
vt 0.990807 0.632055
vt 0.995529 0.633225
vt 0.995642 0.584856
vt 0.991268 0.586187
vt 0.987596 0.584856
vt 0.337675 0.99727
vt 0.336169 0.9932
vt 0.337675 0.992605
vt 0.189631 0.997917
vt 0.185831 0.996315
vt 0.189631 0.992606
vt 0.996215 0.263403
vt 0.989805 0.264751
vt 0.987596 0.262051
vt 0.989867 0.916096
vt 0.987596 0.913876
vt 0.994107 0.913876
vt 0.987596 0.447413
vt 0.996134 0.447413
vt 0.992227 0.44812
vt 0.374202 0.992605
vt 0.374751 0.993466
vt 0.374202 0.996787
vt 0.27709 0.992606
vt 0.279266 0.996765
vt 0.27709 0.99743
vt 0.995158 0.699706
vt 0.987596 0.699706
vt 0.992797 0.698984
vt 0.28154 0.996802
vt 0.494462 0.994576
vt 0.493074 0.995154
vt 0.493074 0.992606
vt 0.987596 0.955548
vt 0.993886 0.955548
vt 0.993538 0.956959
vt 0.815409 0.678046
vt 0.550953 0.724486
vt 0.568991 0.72325
vt 0.931774 0.385732
vt 0.723038 0.622441
vt 0.722865 0.639291
vt 0.707889 0.642886
vt 0.707889 0.611884
vt 0.918198 0.378774
vt 0.190361 0.981036
vt 0.177344 0.96837
vt 0.190089 0.969888
vt 0.578114 0.731112
vt 0.585699 0.718058
vt 0.598944 0.727827
vt 0.917609 0.384591
vt 0.592725 0.738067
vt 0.606163 0.694945
vt 0.603579 0.715606
vt 0.615359 0.693398
vt 0.621178 0.718264
vt 0.61419 0.729466
vt 0.613346 0.667181
vt 0.60593 0.666809
vt 0.685769 0.720797
vt 0.695283 0.715688
vt 0.703 0.748378
vt 0.671833 0.700547
vt 0.696723 0.747979
vt 0.452387 0.040384
vt 0.447453 0.002604
vt 0.477483 0.005663
vt 0.487592 0.052584
vt 0.849647 0.290551
vt 0.859129 0.266157
vt 0.868314 0.268547
vt 0.417989 0.247463
vt 0.447515 0.258703
vt 0.404389 0.292509
vt 0.172524 0.979414
vt 0.173746 0.969888
vt 0.176053 0.979513
vt 0.189874 0.988542
vt 0.324777 0.254039
vt 0.336103 0.252495
vt 0.337306 0.258613
vt 0.173531 0.988542
vt 0.071803 0.921751
vt 0.064521 0.936777
vt 0.054905 0.914997
vt 0.449185 0.324746
vt 0.446322 0.317046
vt 0.448646 0.316934
vt 0.046755 0.004006
vt 0.042848 0.009885
vt 0.043142 0.002503
vt 0.446322 0.332297
vt 0.016698 0.207059
vt 0.013008 0.204897
vt 0.016698 0.190522
vt 0.014565 0.192346
vt 0.987596 0.269746
vt 0.987596 0.650201
vt 0.99288 0.649024
vt 0.995498 0.650201
vt 0.046755 0.015029
vt 0.332656 0.268843
vt 0.314347 0.26483
vt 0.048278 0.933632
vt 0.036272 0.928573
vt 0.039336 0.910497
vt 0.036272 0.895231
vt 0.048413 0.893351
vt 0.673395 0.778143
vt 0.671833 0.769554
vt 0.691696 0.768481
vt 0.42961 0.437245
vt 0.397629 0.43786
vt 0.686516 0.763263
vt 0.413404 0.037676
vt 0.425287 0.004209
vt 0.407096 0.065126
vt 0.358103 0.397752
vt 0.371228 0.444176
vt 0.174772 0.324652
vt 0.173373 0.325466
vt 0.169732 0.324187
vt 0.693602 0.559553
vt 0.69719 0.56139
vt 0.693602 0.571083
vt 0.175333 0.315661
vt 0.501026 0.992606
vt 0.502619 0.992606
vt 0.501993 0.995127
vt 0.441508 0.995289
vt 0.442323 0.992606
vt 0.442323 0.996008
vt 0.99061 0.106151
vt 0.987596 0.104537
vt 0.990317 0.105047
vt 0.997023 0.104537
vt 0.175333 0.327287
vt 0.454358 0.995782
vt 0.454358 0.992605
vt 0.455592 0.995121
vt 0.509468 0.992606
vt 0.508371 0.994808
vt 0.507879 0.992606
vt 0.434504 0.992836
vt 0.435786 0.992605
vt 0.435786 0.995999
vt 0.463439 0.99559
vt 0.462076 0.993483
vt 0.463439 0.992606
vt 0.697991 0.562576
vt 0.13258 0.556055
vt 0.13258 0.536426
vt 0.13483 0.546772
vt 0.902671 0.204664
vt 0.90672 0.189494
vt 0.90672 0.207059
vt 0.135256 0.553751
vt 0.362939 0.992605
vt 0.365734 0.994901
vt 0.362939 0.997013
vt 0.996977 0.102143
vt 0.987596 0.102143
vt 0.988533 0.099567
vt 0.214681 0.252262
vt 0.218748 0.252827
vt 0.214681 0.261922
vt 0.015029 0.332297
vt 0.011835 0.318104
vt 0.015029 0.316729
vt 0.218248 0.268745
vt 0.214912 0.268843
vt 0.451126 0.068438
vt 0.522658 0.255265
vt 0.517805 0.255485
vt 0.517805 0.23926
vt 0.995207 0.500475
vt 0.987596 0.500475
vt 0.989996 0.496421
vt 0.522658 0.23904
vt 0.95612 0.355491
vt 0.963494 0.356785
vt 0.947211 0.367329
vt 0.948957 0.372856
vt 0.995614 0.494905
vt 0.360684 0.268843
vt 0.356466 0.266346
vt 0.360684 0.258069
vt 0.508522 0.254995
vt 0.508578 0.239728
vt 0.995394 0.567828
vt 0.987596 0.56716
vt 0.995394 0.560419
vt 0.135257 0.753479
vt 0.13051 0.758105
vt 0.128041 0.752449
vt 0.128864 0.741175
vt 0.135257 0.739546
vt 0.406232 0.245598
vt 0.412449 0.240063
vt 0.412449 0.255485
vt 0.29723 0.062681
vt 0.288755 0.062897
vt 0.291844 0.054895
vt 0.449185 0.291416
vt 0.44832 0.309402
vt 0.439802 0.293376
vt 0.828238 0.225428
vt 0.815418 0.225428
vt 0.816253 0.207612
vt 0.827935 0.207585
vt 0.671002 0.252642
vt 0.671273 0.258008
vt 0.663179 0.257538
vt 0.151008 0.952707
vt 0.144696 0.929577
vt 0.149839 0.928212
vt 0.663179 0.242432
vt 0.161974 0.926054
vt 0.665775 0.260494
vt 0.618084 0.412356
vt 0.638386 0.404854
vt 0.642886 0.408746
vt 0.642886 0.431998
vt 0.143603 0.952919
vt 0.962486 0.903027
vt 0.972972 0.903347
vt 0.963471 0.918903
vt 0.658589 0.071414
vt 0.660137 0.056305
vt 0.666264 0.055586
vt 0.666258 0.071106
vt 0.29723 0.083492
vt 0.289123 0.082381
vt 0.161974 0.945972
vt 0.439802 0.307019
vt 0.442581 0.315599
vt 0.074185 0.351089
vt 0.074828 0.338244
vt 0.080627 0.352335
vt 0.002265 0.472167
vt 0.005152 0.454334
vt 0.010019 0.45519
vt 0.007042 0.470759
vt 0.623184 0.406691
vt 0.006144 0.479242
vt 0.010019 0.477763
vt 0.585573 0.957399
vt 0.597313 0.95672
vt 0.584272 0.978365
vt 0.60615 0.956425
vt 0.596926 0.977909
vt 0.080936 0.337223
vt 0.105047 0.334786
vt 0.082342 0.333579
vt 0.618084 0.435608
vt 0.106 0.330075
vt 0.103355 0.35012
vt 0.60615 0.978857
vt 0.007197 0.893897
vt 0.028158 0.896868
vt 0.02126 0.911336
vt 0.854592 0.936569
vt 0.852492 0.922554
vt 0.874494 0.925087
vt 0.002241 0.906819
vt 0.876663 0.936777
vt 0.033397 0.922209
vt 0.014974 0.928428
vt 0.340115 0.108436
vt 0.341242 0.099449
vt 0.347589 0.11118
vt 0.341242 0.113564
vt 0.348995 0.101104
vt 0.066237 0.007381
vt 0.059741 0.00892
vt 0.063067 0.001542
vt 0.902864 0.3561
vt 0.903225 0.351393
vt 0.678606 0.142953
vt 0.348995 0.115219
vt 0.668495 0.145276
vt 0.963494 0.384062
vt 0.320482 0.996292
vt 0.317437 0.997292
vt 0.317437 0.992605
vt 0.159798 0.774266
vt 0.162722 0.772506
vt 0.159798 0.787198
vt 0.707555 0.238439
vt 0.061266 0.022188
vt 0.163644 0.785629
vt 0.067401 0.021723
vt 0.076812 0.003792
vt 0.278838 0.114302
vt 0.275933 0.115219
vt 0.476541 0.569662
vt 0.472389 0.560224
vt 0.161206 0.789832
vt 0.065228 0.025646
vt 0.059753 0.026717
vt 0.617469 0.016698
vt 0.613826 0.004157
vt 0.617839 0.005802
vt 0.076812 0.019067
vt 0.133124 0.837731
vt 0.139297 0.830758
vt 0.139105 0.836274
vt 0.613826 0.016393
vt 0.140318 0.847513
vt 0.475697 0.551044
vt 0.973364 0.923247
vt 0.978867 0.904506
vt 0.980193 0.922868
vt 0.659232 0.075143
vt 0.666264 0.074683
vt 0.963951 0.922488
vt 0.134182 0.850101
vt 0.143606 0.853765
vt 0.138323 0.857829
vt 0.962486 0.928336
vt 0.978665 0.928428
vt 0.471479 0.539926
vt 0.489949 0.547215
vt 0.120261 0.858947
vt 0.119412 0.839769
vt 0.525979 0.564134
vt 0.852486 0.061784
vt 0.662569 0.540623
vt 0.838257 0.220418
vt 0.82192 0.191963
vt 0.838257 0.153682
vt 0.247385 0.864021
vt 0.225975 0.864974
vt 0.225975 0.800801
vt 0.254176 0.804416
vt 0.120228 0.937941
vt 0.120228 0.965164
vt 0.115104 0.96456
vt 0.674036 0.540722
vt 0.684632 0.538843
vt 0.096646 0.844304
vt 0.513422 0.539926
vt 0.917977 0.501304
vt 0.926885 0.500235
vt 0.935107 0.51856
vt 0.928712 0.47965
vt 0.682905 0.151137
vt 0.660418 0.166417
vt 0.663187 0.146016
vt 0.609108 0.289907
vt 0.611677 0.270028
vt 0.628579 0.300562
vt 0.92439 0.519318
vt 0.096625 0.863297
vt 0.52701 0.555194
vt 0.935107 0.482178
vt 0.681919 0.170796
vt 0.653001 0.193216
vt 0.614178 0.242403
vt 0.629826 0.276561
vt 0.909255 0.79803
vt 0.911729 0.805184
vt 0.905286 0.799377
vt 0.170333 0.192811
vt 0.173663 0.194355
vt 0.170333 0.20372
vt 0.907444 0.805136
vt 0.91021 0.819889
vt 0.003343 0.524328
vt 0.002254 0.520257
vt 0.00992 0.524084
vt 0.011689 0.517097
vt 0.427478 0.440941
vt 0.421415 0.450855
vt 0.420579 0.440941
vt 0.135239 0.86247
vt 0.139881 0.864222
vt 0.135083 0.879502
vt 0.002254 0.502244
vt 0.122382 0.881885
vt 0.905286 0.819536
vt 0.140907 0.879176
vt 0.146344 0.958485
vt 0.283754 0.318651
vt 0.289103 0.29433
vt 0.295561 0.293229
vt 0.295561 0.325618
vt 0.620156 0.437497
vt 0.526732 0.872466
vt 0.524748 0.869399
vt 0.542696 0.851981
vt 0.101376 0.883695
vt 0.221526 0.992753
vt 0.224271 0.992605
vt 0.224271 0.996711
vt 0.221377 0.99773
vt 0.522763 0.873987
vt 0.520788 0.869694
vt 0.528084 0.88502
vt 0.532719 0.882582
vt 0.108051 0.334387
vt 0.106955 0.346166
vt 0.111581 0.331521
vt 0.111392 0.345433
vt 0.125535 0.342171
vt 0.125891 0.329392
vt 0.599001 0.981862
vt 0.143606 0.885566
vt 0.018798 0.992605
vt 0.024384 0.996847
vt 0.018798 0.998549
vt 0.140793 0.890022
vt 0.900041 0.208383
vt 0.887285 0.208729
vt 0.899508 0.194525
vt 0.882545 0.195053
vt 0.542696 0.897911
vt 0.879263 0.172083
vt 0.900041 0.170288
vt 0.963206 0.956419
vt 0.966392 0.971843
vt 0.956422 0.959443
vt 0.262274 0.854617
vt 0.958637 0.944835
vt 0.278333 0.853505
vt 0.007162 0.686655
vt 0.013359 0.701873
vt 0.007162 0.70467
vt 0.964215 0.609489
vt 0.964215 0.583378
vt 0.970174 0.601929
vt 0.693838 0.151805
vt 0.690951 0.171204
vt 0.686007 0.146016
vt 0.707115 0.171945
vt 0.963815 0.27508
vt 0.971843 0.268823
vt 0.971843 0.292221
vt 0.711197 0.148448
vt 0.672725 0.193572
vt 0.689012 0.19055
vt 0.653299 0.855021
vt 0.622563 0.852019
vt 0.63788 0.841319
vt 0.031146 0.170063
vt 0.036736 0.188993
vt 0.031146 0.195371
vt 0.884428 0.15694
vt 0.913399 0.828702
vt 0.910043 0.849048
vt 0.901023 0.84879
vt 0.906253 0.823868
vt 0.632988 0.238558
vt 0.626668 0.212798
vt 0.784822 0.034012
vt 0.76697 0.053063
vt 0.765706 0.01305
vt 0.651604 0.280004
vt 0.661254 0.23876
vt 0.657344 0.222743
vt 0.609108 0.21527
vt 0.673146 0.223228
vt 0.774803 0.069234
vt 0.766137 0.075534
vt 0.661367 0.232776
vt 0.756793 0.065533
vt 0.76207 0.080152
vt 0.665637 0.237116
vt 0.750609 0.035938
vt 0.754297 0.069662
vt 0.743628 0.05873
vt 0.74348 0.050981
vt 0.692301 0.211434
vt 0.711349 0.194241
vt 0.635318 0.871929
vt 0.19704 0.893361
vt 0.176255 0.888178
vt 0.1861 0.878971
vt 0.581765 0.203988
vt 0.591121 0.189395
vt 0.591121 0.208729
vt 0.876663 0.903181
vt 0.854744 0.907504
vt 0.856638 0.894899
vt 0.709995 0.220058
vt 0.015867 0.884454
vt 0.033397 0.884621
vt 0.165788 0.880841
vt 0.869069 0.914502
vt 0.172888 0.870228
vt 0.154545 0.875521
vt 0.180752 0.862034
vt 0.171027 0.858731
vt 0.158481 0.863302
vt 0.849707 0.815025
vt 0.85344 0.802696
vt 0.862757 0.807726
vt 0.863304 0.821807
vt 0.183326 0.848304
vt 0.187276 0.850715
vt 0.19704 0.838981
vt 0.849945 0.064498
vt 0.841102 0.065681
vt 0.837095 0.050485
vt 0.84422 0.047416
vt 0.830087 0.037318
vt 0.846834 0.081248
vt 0.455688 0.865461
vt 0.469994 0.875321
vt 0.467446 0.881672
vt 0.453445 0.87361
vt 0.837991 0.082431
vt 0.149407 0.342134
vt 0.537407 0.900041
vt 0.148046 0.327311
vt 0.971843 0.969742
vt 0.164884 0.338762
vt 0.971843 0.950179
vt 0.16455 0.348118
vt 0.182768 0.338546
vt 0.164308 0.329717
vt 0.180452 0.330879
vt 0.903617 0.868314
vt 0.187061 0.344881
vt 0.913399 0.867244
vt 0.328057 0.665673
vt 0.346224 0.682388
vt 0.325966 0.694361
vt 0.301824 0.694651
vt 0.345581 0.658359
vt 0.673887 0.854258
vt 0.655658 0.884702
vt 0.674613 0.884179
vt 0.306343 0.664874
vt 0.326848 0.640945
vt 0.638717 0.898371
vt 0.622563 0.887913
vt 0.841997 0.79631
vt 0.835342 0.806046
vt 0.245466 0.979367
vt 0.233174 0.981862
vt 0.233174 0.95885
vt 0.244766 0.961707
vt 0.841051 0.8232
vt 0.860647 0.141822
vt 0.870475 0.126702
vt 0.874681 0.131597
vt 0.862436 0.148192
vt 0.60944 0.739122
vt 0.589715 0.752833
vt 0.605802 0.733534
vt 0.355047 0.457535
vt 0.355047 0.442241
vt 0.369033 0.449813
vt 0.684632 0.517649
vt 0.678635 0.51454
vt 0.684632 0.498733
vt 0.855137 0.828487
vt 0.848491 0.826462
vt 0.842521 0.843376
vt 0.357344 0.607061
vt 0.355475 0.615176
vt 0.338903 0.602796
vt 0.8082 0.355675
vt 0.797662 0.341568
vt 0.803343 0.338666
vt 0.886682 0.114292
vt 0.839084 0.843239
vt 0.881277 0.112593
vt 0.348334 0.641668
vt 0.335666 0.61324
vt 0.886682 0.151262
vt 0.300407 0.635527
vt 0.31144 0.607802
vt 0.796788 0.321372
vt 0.777542 0.322198
vt 0.787863 0.322034
vt 0.835342 0.859965
vt 0.892499 0.448149
vt 0.889536 0.465884
vt 0.884709 0.463382
vt 0.900859 0.447941
vt 0.078473 0.6169
vt 0.090703 0.60648
vt 0.09403 0.631197
vt 0.742004 0.530401
vt 0.741892 0.501768
vt 0.758105 0.529321
vt 0.773064 0.301308
vt 0.790915 0.299985
vt 0.279565 0.625268
vt 0.292312 0.603309
vt 0.892591 0.431888
vt 0.798799 0.304964
vt 0.105687 0.615435
vt 0.90338 0.431269
vt 0.102092 0.595119
vt 0.654635 0.60281
vt 0.666264 0.576153
vt 0.665899 0.600045
vt 0.547188 0.750739
vt 0.546634 0.731353
vt 0.556315 0.738929
vt 0.902837 0.075403
vt 0.906774 0.063119
vt 0.909724 0.07741
vt 0.567612 0.752469
vt 0.899617 0.093045
vt 0.696133 0.821558
vt 0.686475 0.805262
vt 0.712479 0.802304
vt 0.71593 0.821558
vt 0.836469 0.031746
vt 0.915069 0.063274
vt 0.681082 0.778551
vt 0.710459 0.774971
vt 0.570953 0.779957
vt 0.545411 0.779307
vt 0.589653 0.831621
vt 0.588611 0.803049
vt 0.618227 0.801907
vt 0.572285 0.806356
vt 0.548149 0.8082
vt 0.619508 0.830438
vt 0.734572 0.820152
vt 0.738972 0.804692
vt 0.741406 0.777235
vt 0.575272 0.001264
vt 0.577791 0.016966
vt 0.560525 0.008264
vt 0.707706 0.747743
vt 0.740596 0.748281
vt 0.654635 0.57159
vt 0.915069 0.108539
vt 0.593587 0.773519
vt 0.617839 0.758483
vt 0.603998 0.794337
vt 0.423105 0.078531
vt 0.441873 0.096944
vt 0.486195 0.084735
vt 0.468348 0.111241
vt 0.939996 0.506025
vt 0.961824 0.501859
vt 0.961824 0.531007
vt 0.619508 0.858312
vt 0.212069 0.035066
vt 0.1993 0.023384
vt 0.212069 0.002709
vt 0.068463 0.765013
vt 0.059737 0.799312
vt 0.042214 0.785774
vt 0.041101 0.756626
vt 0.618707 0.864974
vt 0.590054 0.858632
vt 0.032046 0.743258
vt 0.03902 0.740247
vt 0.811989 0.580471
vt 0.816963 0.575534
vt 0.815618 0.606118
vt 0.110579 0.542696
vt 0.110579 0.521435
vt 0.115219 0.524861
vt 0.591254 0.864179
vt 0.032046 0.761135
vt 0.832233 0.57418
vt 0.823446 0.605524
vt 0.649872 0.36468
vt 0.648004 0.325096
vt 0.664026 0.326693
vt 0.67109 0.346662
vt 0.673345 0.361403
vt 0.409109 0.840219
vt 0.400124 0.841562
vt 0.400124 0.805144
vt 0.665773 0.363298
vt 0.839926 0.606428
vt 0.816133 0.17373
vt 0.829908 0.142684
vt 0.824951 0.177002
vt 0.03278 0.209759
vt 0.00964 0.232107
vt 0.001706 0.226331
vt 0.029405 0.200787
vt 0.560518 0.861376
vt 0.559236 0.835313
vt 0.875714 0.776549
vt 0.881672 0.777719
vt 0.876809 0.803507
vt 0.868829 0.80418
vt 0.811336 0.635132
vt 0.818038 0.640364
vt 0.819376 0.14301
vt 0.816133 0.114063
vt 0.839926 0.641216
vt 0.825979 0.109307
vt 0.846271 0.195357
vt 0.842683 0.165716
vt 0.866552 0.169012
vt 0.878333 0.200432
vt 0.842683 0.225275
vt 0.690411 0.402431
vt 0.653029 0.396122
vt 0.673418 0.386388
vt 0.681292 0.378321
vt 0.407989 0.864974
vt 0.057911 0.186455
vt 0.058865 0.197185
vt 0.078173 0.185294
vt 0.688644 0.417458
vt 0.648004 0.414563
vt 0.040691 0.205858
vt 0.418431 0.916739
vt 0.418431 0.869479
vt 0.434971 0.880852
vt 0.445846 0.895393
vt 0.077985 0.196017
vt 0.541877 0.467298
vt 0.554099 0.442094
vt 0.554385 0.466798
vt 0.043637 0.222428
vt 0.056774 0.201686
vt 0.056774 0.248805
vt 0.181539 0.933437
vt 0.181539 0.89267
vt 0.192643 0.898899
vt 0.193701 0.925284
vt 0.868661 0.166983
vt 0.555425 0.961824
vt 0.576047 0.932799
vt 0.581102 0.961824
vt 0.708518 0.501539
vt 0.702158 0.481305
vt 0.732115 0.481305
vt 0.617839 0.78797
vt 0.034597 0.804958
vt 0.052306 0.814879
vt 0.691594 0.505953
vt 0.683514 0.489707
vt 0.272989 0.707936
vt 0.272187 0.68951
vt 0.282202 0.68951
vt 0.697991 0.383402
vt 0.692202 0.389789
vt 0.277087 0.70801
vt 0.033943 0.789641
vt 0.686344 0.371423
vt 0.109774 0.943848
vt 0.107483 0.962134
vt 0.100031 0.963494
vt 0.100031 0.935777
vt 0.120228 0.933303
vt 0.709761 0.530346
vt 0.688813 0.531074
vt 0.687959 0.507404
vt 0.693538 0.530385
vt 0.643575 0.514019
vt 0.639296 0.537166
vt 0.631796 0.531449
vt 0.637088 0.510917
vt 0.442725 0.15989
vt 0.46437 0.142672
vt 0.455195 0.171083
vt 0.656914 0.515213
vt 0.473433 0.150875
vt 0.651357 0.539356
vt 0.738976 0.556243
vt 0.694257 0.554561
vt 0.707495 0.558843
vt 0.68877 0.552595
vt 0.638618 0.490823
vt 0.64549 0.491805
vt 0.803269 0.936997
vt 0.816549 0.954479
vt 0.803269 0.965164
vt 0.662278 0.49213
vt 0.5113 0.437831
vt 0.545213 0.441167
vt 0.500006 0.459091
vt 0.523613 0.47174
vt 0.952574 0.539791
vt 0.956815 0.552012
vt 0.953668 0.556055
vt 0.256607 0.053822
vt 0.260494 0.058547
vt 0.256607 0.070133
vt 0.215409 0.676251
vt 0.202204 0.697965
vt 0.178246 0.698008
vt 0.147366 0.659588
vt 0.334179 0.406486
vt 0.347396 0.432827
vt 0.329524 0.421193
vt 0.309525 0.403508
vt 0.314797 0.392527
vt 0.450715 0.728743
vt 0.45334 0.706411
vt 0.474937 0.709336
vt 0.422039 0.724182
vt 0.476045 0.734086
vt 0.451136 0.750877
vt 0.422075 0.743116
vt 0.092009 0.961672
vt 0.10353 0.978723
vt 0.092009 0.983532
vt 0.426653 0.703467
vt 0.495843 0.705219
vt 0.50262 0.734179
vt 0.47768 0.763202
vt 0.967914 0.457549
vt 0.976853 0.444645
vt 0.976853 0.467553
vt 0.70801 0.971784
vt 0.695294 0.957179
vt 0.70801 0.947191
vt 0.472595 0.697936
vt 0.486031 0.690204
vt 0.697719 0.973513
vt 0.535166 0.702166
vt 0.518719 0.71617
vt 0.518456 0.698265
vt 0.755347 0.421368
vt 0.758105 0.439757
vt 0.75092 0.445846
vt 0.744191 0.421813
vt 0.540376 0.71894
vt 0.516423 0.745173
vt 0.132306 0.903974
vt 0.111557 0.90214
vt 0.120152 0.886276
vt 0.771463 0.91492
vt 0.767609 0.928362
vt 0.754919 0.924501
vt 0.786492 0.745752
vt 0.757897 0.744266
vt 0.752519 0.71141
vt 0.745959 0.745828
vt 0.779777 0.709042
vt 0.134056 0.683064
vt 0.118922 0.685386
vt 0.120748 0.650108
vt 0.222088 0.805094
vt 0.198644 0.834962
vt 0.194178 0.79794
vt 0.13592 0.651339
vt 0.557725 0.101835
vt 0.557725 0.135257
vt 0.544312 0.131716
vt 0.757434 0.783081
vt 0.747021 0.778956
vt 0.047624 0.566687
vt 0.085181 0.566687
vt 0.050816 0.602408
vt 0.00646 0.577164
vt 0.786492 0.788162
vt 0.145276 0.708171
vt 0.174136 0.823877
vt 0.160693 0.858295
vt 0.118922 0.731017
vt 0.958485 0.622848
vt 0.94426 0.621996
vt 0.958485 0.593659
vt 0.554385 0.949854
vt 0.541631 0.926703
vt 0.554385 0.920948
vt 0.50262 0.771463
vt 0.53823 0.953475
vt 0.160693 0.792815
vt 0.088501 0.596733
vt 0.468004 0.65269
vt 0.49928 0.637869
vt 0.498642 0.672208
vt 0.468665 0.695878
vt 0.429364 0.208681
vt 0.430886 0.200173
vt 0.432487 0.212069
vt 0.42259 0.212069
vt 0.053217 0.634764
vt 0.455944 0.610027
vt 0.007635 0.608013
vt 0.914198 0.213924
vt 0.918409 0.226817
vt 0.916303 0.230437
vt 0.839926 0.709679
vt 0.834936 0.70634
vt 0.835633 0.694873
vt 0.885816 0.354082
vt 0.881476 0.372874
vt 0.876421 0.371526
vt 0.918409 0.206685
vt 0.825232 0.681382
vt 0.896701 0.349948
vt 0.680832 0.904589
vt 0.686302 0.907158
vt 0.685611 0.913399
vt 0.876162 0.341009
vt 0.880362 0.336138
vt 0.976435 0.769793
vt 0.973764 0.751565
vt 0.983532 0.753155
vt 0.983484 0.769793
vt 0.679727 0.892046
vt 0.887353 0.326138
vt 0.682843 0.893744
vt 0.88367 0.322635
vt 0.839926 0.666718
vt 0.832117 0.682799
vt 0.836417 0.658659
vt 0.839438 0.653736
vt 0.914892 0.201097
vt 0.233789 0.302479
vt 0.260823 0.309751
vt 0.244772 0.320608
vt 0.78248 0.530697
vt 0.80152 0.527334
vt 0.783013 0.555612
vt 0.759491 0.394535
vt 0.798181 0.381156
vt 0.798181 0.407719
vt 0.783442 0.427477
vt 0.502415 0.494441
vt 0.498021 0.512073
vt 0.45582 0.491216
vt 0.524578 0.486303
vt 0.477722 0.473475
vt 0.252168 0.288883
vt 0.470552 0.513986
vt 0.528618 0.514384
vt 0.800233 0.555033
vt 0.523229 0.525274
vt 0.765944 0.352211
vt 0.795495 0.351567
vt 0.242601 0.267192
vt 0.221277 0.277325
vt 0.75913 0.814745
vt 0.76168 0.79011
vt 0.771463 0.816207
vt 0.743641 0.856625
vt 0.392411 0.146591
vt 0.381215 0.186829
vt 0.358762 0.131209
vt 0.76167 0.853573
vt 0.542696 0.747458
vt 0.516423 0.778143
vt 0.135257 0.930098
vt 0.109877 0.930098
vt 0.055426 0.312523
vt 0.043538 0.338923
vt 0.025261 0.305647
vt 0.537994 0.774963
vt 0.022174 0.335628
vt 0.01705 0.375203
vt 0.063454 0.343357
vt 0.036233 0.378063
vt 0.27265 0.269692
vt 0.265803 0.23293
vt 0.280006 0.239731
vt 0.279231 0.193928
vt 0.29657 0.281137
vt 0.299514 0.248335
vt 0.318938 0.216654
vt 0.295903 0.199465
vt 0.243905 0.255683
vt 0.261658 0.231179
vt 0.318938 0.289183
vt 0.310354 0.31429
vt 0.412541 0.369631
vt 0.459167 0.389632
vt 0.437585 0.393888
vt 0.443485 0.419809
vt 0.87193 0.228767
vt 0.467888 0.421607
vt 0.223466 0.260074
vt 0.743641 0.789905
vt 0.01865 0.287839
vt 0.017056 0.307097
vt 0.002218 0.292504
vt 0.131258 0.734727
vt 0.459104 0.70133
vt 0.435407 0.660727
vt 0.276122 0.192615
vt 0.424435 0.674356
vt 0.955145 0.20205
vt 0.945915 0.187432
vt 0.955145 0.172407
vt 0.343164 0.853455
vt 0.342022 0.809864
vt 0.355675 0.798625
vt 0.971843 0.871043
vt 0.971843 0.896701
vt 0.959022 0.873399
vt 0.873503 0.056924
vt 0.885012 0.064989
vt 0.873503 0.113549
vt 0.355675 0.859965
vt 0.884615 0.617839
vt 0.884615 0.574729
vt 0.901346 0.56942
vt 0.90171 0.610406
vt 0.881029 0.625873
vt 0.900041 0.615025
vt 0.898185 0.628208
vt 0.901309 0.758299
vt 0.913399 0.749441
vt 0.901538 0.788967
vt 0.881983 0.666264
vt 0.900041 0.657314
vt 0.913399 0.794841
vt 0.884625 0.104035
vt 0.789526 0.591515
vt 0.348409 0.2231
vt 0.390709 0.224061
vt 0.359646 0.240442
vt 0.554385 0.549375
vt 0.392411 0.23752
vt 0.356386 0.257154
vt 0.350705 0.246942
vt 0.80152 0.5978
vt 0.011689 0.340856
vt 0.001773 0.375713
vt 0.001773 0.331856
vt 0.731638 0.005707
vt 0.742831 0.011773
vt 0.743076 0.03199
vt 0.731638 0.036736
vt 0.966574 0.188691
vt 0.977444 0.165875
vt 0.978523 0.184455
vt 0.34324 0.257045
vt 0.966574 0.165148
vt 0.948638 0.824031
vt 0.956815 0.845917
vt 0.948638 0.853285
vt 0.330669 0.236789
vt 0.322546 0.197684
vt 0.342816 0.164931
vt 0.479714 0.588894
vt 0.516725 0.592624
vt 0.514725 0.607761
vt 0.477901 0.606514
vt 0.352409 0.115827
vt 0.430667 0.607819
vt 0.323122 0.212641
vt 0.531007 0.591107
vt 0.530175 0.607819
vt 0.93084 0.854641
vt 0.943456 0.831
vt 0.943456 0.866644
vt 0.643547 0.057513
vt 0.661254 0.046991
vt 0.645888 0.080665
vt 0.629191 0.077929
vt 0.647283 0.09685
vt 0.424435 0.617366
vt 0.05461 0.663064
vt 0.003241 0.637117
vt 0.369177 0.300466
vt 0.387825 0.257571
vt 0.382639 0.301855
vt 0.374673 0.352944
vt 0.002734 0.664594
vt 0.407439 0.259629
vt 0.736804 0.20723
vt 0.761444 0.168108
vt 0.753993 0.216746
vt 0.712253 0.242126
vt 0.750886 0.163154
vt 0.038898 0.458381
vt 0.045498 0.468606
vt 0.002485 0.487268
vt 0.386151 0.348733
vt 0.712253 0.158928
vt 0.071202 0.494869
vt 0.059916 0.524328
vt 0.007262 0.498838
vt 0.937728 0.935911
vt 0.926546 0.935229
vt 0.927834 0.922266
vt 0.935924 0.950136
vt 0.938217 0.921608
vt 0.94632 0.935112
vt 0.946796 0.948582
vt 0.917143 0.935648
vt 0.91405 0.922617
vt 0.923956 0.947156
vt 0.95657 0.81094
vt 0.968504 0.824014
vt 0.95657 0.824476
vt 0.913618 0.420186
vt 0.909506 0.421293
vt 0.904265 0.411418
vt 0.915069 0.433731
vt 0.916652 0.948397
vt 0.901765 0.413653
vt 0.385832 0.935196
vt 0.39909 0.947265
vt 0.394073 0.957832
vt 0.374706 0.93699
vt 0.910231 0.433773
vt 0.38481 0.962564
vt 0.935454 0.231597
vt 0.933338 0.23343
vt 0.926517 0.224336
vt 0.309942 0.017367
vt 0.307374 0.005392
vt 0.310589 0.005219
vt 0.929736 0.222226
vt 0.708116 0.253418
vt 0.71491 0.24482
vt 0.730032 0.2534
vt 0.706833 0.265657
vt 0.92854 0.240554
vt 0.922161 0.234287
vt 0.936777 0.244717
vt 0.306021 0.0177
vt 0.43414 0.763109
vt 0.442157 0.760485
vt 0.442506 0.763882
vt 0.987596 0.825419
vt 0.98775 0.822048
vt 0.994536 0.822048
vt 0.43536 0.768816
vt 0.134137 0.63987
vt 0.125508 0.641673
vt 0.130632 0.633737
vt 0.135257 0.631019
vt 0.993239 0.825382
vt 0.437118 0.751846
vt 0.514615 0.42804
vt 0.514333 0.424684
vt 0.520988 0.426744
vt 0.51656 0.434181
vt 0.520988 0.435827
vt 0.429056 0.769793
vt 0.135257 0.645597
vt 0.127325 0.647896
vt 0.432673 0.752003
vt 0.427197 0.76404
vt 0.931211 0.245466
vt 0.342952 0.762959
vt 0.330464 0.774803
vt 0.327619 0.765728
vt 0.946796 0.921769
vt 0.340961 0.751509
vt 0.923904 0.910774
vt 0.34716 0.771167
vt 0.380573 0.763473
vt 0.392375 0.74963
vt 0.402705 0.761498
vt 0.404499 0.778321
vt 0.375606 0.775216
vt 0.357715 0.758222
vt 0.411331 0.739877
vt 0.362165 0.765332
vt 0.403627 0.737509
vt 0.378736 0.788339
vt 0.634964 0.034282
vt 0.628215 0.055703
vt 0.61894 0.069947
vt 0.930497 0.214836
vt 0.928038 0.209557
vt 0.936777 0.206059
vt 0.340661 0.742258
vt 0.033397 0.897593
vt 0.033397 0.913825
vt 0.030053 0.907421
vt 0.921765 0.21277
vt 0.341027 0.735665
vt 0.351978 0.732662
vt 0.030197 0.915069
vt 0.265504 0.061784
vt 0.258656 0.047776
vt 0.265504 0.045086
vt 0.35678 0.011356
vt 0.361661 0.008583
vt 0.359323 0.019538
vt 0.178946 0.314191
vt 0.183682 0.32497
vt 0.178946 0.327287
vt 0.435721 0.938255
vt 0.437496 0.946427
vt 0.431704 0.939481
vt 0.42669 0.929043
vt 0.336848 0.721273
vt 0.348558 0.715204
vt 0.349554 0.720929
vt 0.074256 0.332297
vt 0.074256 0.321339
vt 0.081822 0.327101
vt 0.338055 0.725669
vt 0.008117 0.316062
vt 0.001863 0.312852
vt 0.010019 0.30426
vt 0.922101 0.225446
vt 0.364024 0.019304
vt 0.005456 0.320272
vt 0.362506 0.027162
vt 0.010019 0.325832
vt 0.918803 0.234481
vt 0.430762 0.951323
vt 0.433529 0.946365
vt 0.360238 0.026969
vt 0.434046 0.953798
vt 0.913232 0.940509
vt 0.91113 0.934914
vt 0.913399 0.935091
vt 0.91064 0.928506
vt 0.912097 0.94042
vt 0.613138 0.328889
vt 0.614499 0.334143
vt 0.608927 0.33484
vt 0.053435 0.455986
vt 0.050215 0.460952
vt 0.045707 0.454182
vt 0.237116 0.586112
vt 0.231003 0.582154
vt 0.237116 0.581254
vt 0.909343 0.930957
vt 0.995986 0.422727
vt 0.994672 0.427811
vt 0.991727 0.422624
vt 0.052469 0.45158
vt 0.35678 0.033397
vt 0.008807 0.328957
vt 0.42669 0.955332
vt 0.427265 0.958485
vt 0.909822 0.944081
vt 0.91209 0.945218
vt 0.614499 0.339151
vt 0.045707 0.462544
vt 0.37624 0.737928
vt 0.372933 0.757473
vt 0.374427 0.724919
vt 0.912902 0.948466
vt 0.906252 0.948273
vt 0.993689 0.967962
vt 0.987596 0.967962
vt 0.98882 0.963417
vt 0.733057 0.265711
vt 0.586112 0.017082
vt 0.584925 0.021708
vt 0.582996 0.017974
vt 0.469223 0.338695
vt 0.467361 0.342316
vt 0.465072 0.338053
vt 0.582996 0.006417
vt 0.469223 0.319839
vt 0.579432 0.123568
vt 0.562859 0.116689
vt 0.572019 0.116005
vt 0.242015 0.928934
vt 0.247135 0.932673
vt 0.243108 0.942003
vt 0.626188 0.59947
vt 0.623167 0.5931
vt 0.626188 0.587075
vt 0.232618 0.938582
vt 0.232141 0.92405
vt 0.329288 0.702482
vt 0.335102 0.69242
vt 0.346471 0.703063
vt 0.681568 0.574884
vt 0.686521 0.576458
vt 0.681568 0.587782
vt 0.339177 0.709597
vt 0.255485 0.519598
vt 0.24993 0.521411
vt 0.252428 0.513045
vt 0.524328 0.203593
vt 0.518312 0.208178
vt 0.522469 0.199795
vt 0.685675 0.583262
vt 0.689641 0.581634
vt 0.255485 0.527668
vt 0.232141 0.95344
vt 0.245484 0.952514
vt 0.523043 0.209285
vt 0.517376 0.21684
vt 0.511337 0.215931
vt 0.231289 0.57761
vt 0.994588 0.807049
vt 0.987596 0.807049
vt 0.987931 0.803507
vt 0.611998 0.341383
vt 0.609819 0.342198
vt 0.523942 0.21625
vt 0.23678 0.576559
vt 0.845712 0.232426
vt 0.848276 0.246485
vt 0.838461 0.23272
vt 0.819056 0.689435
vt 0.802734 0.690939
vt 0.816641 0.682373
vt 0.841474 0.259834
vt 0.842083 0.244755
vt 0.847667 0.261564
vt 0.826057 0.241121
vt 0.994915 0.612347
vt 0.992061 0.614176
vt 0.987596 0.612559
vt 0.995536 0.614176
vt 0.993353 0.885077
vt 0.987596 0.883377
vt 0.994344 0.883377
vt 0.987596 0.285683
vt 0.994646 0.285683
vt 0.996492 0.286364
vt 0.989346 0.287165
vt 0.98881 0.911482
vt 0.987596 0.909623
vt 0.994149 0.909623
vt 0.244271 0.579285
vt 0.250128 0.577495
vt 0.250475 0.583226
vt 0.241623 0.956815
vt 0.244271 0.585558
vt 0.519673 0.221373
vt 0.515418 0.222088
vt 0.267742 0.997484
vt 0.263357 0.995095
vt 0.267742 0.992605
vt 0.11633 0.508098
vt 0.120437 0.503176
vt 0.121898 0.507937
vt 0.427197 0.751677
vt 0.413177 0.702379
vt 0.40885 0.703
vt 0.40885 0.692612
vt 0.249026 0.587782
vt 0.414119 0.693281
vt 0.052597 0.998495
vt 0.048573 0.995692
vt 0.052597 0.992606
vt 0.524328 0.220307
vt 0.021255 0.566589
vt 0.023397 0.55707
vt 0.025048 0.566002
vt 0.115878 0.503439
vt 0.839584 0.265359
vt 0.844799 0.264262
vt 0.020553 0.55751
vt 0.843212 0.267297
vt 0.820535 0.254807
vt 0.906422 0.925951
vt 0.906252 0.918303
vt 0.906261 0.927531
vt 0.688945 0.57188
vt 0.689038 0.576137
vt 0.688156 0.570766
vt 0.990287 0.42612
vt 0.988803 0.427811
vt 0.987596 0.424109
vt 0.181574 0.998028
vt 0.181574 0.992605
vt 0.183437 0.993914
vt 0.061153 0.998475
vt 0.061153 0.992606
vt 0.065277 0.994705
vt 0.993252 0.545467
vt 0.987596 0.538462
vt 0.995462 0.538462
vt 0.35286 0.701384
vt 0.37437 0.714569
vt 0.051502 0.446959
vt 0.804354 0.697815
vt 0.907224 0.935916
vt 0.906415 0.945734
vt 0.822721 0.697782
vt 0.829241 0.229121
vt 0.987596 0.655737
vt 0.995491 0.655737
vt 0.990896 0.656979
vt 0.994643 0.819654
vt 0.987596 0.819654
vt 0.989224 0.817804
vt 0.80788 0.713123
vt 0.366933 0.690284
vt 0.609694 0.417458
vt 0.610131 0.413169
vt 0.612572 0.413657
vt 0.82278 0.71079
vt 0.819867 0.724658
vt 0.802734 0.734771
vt 0.389175 0.690284
vt 0.614499 0.39766
vt 0.584183 0.001791
vt 0.607824 0.39766
vt 0.613212 0.342316
vt 0.439114 0.994967
vt 0.43818 0.996011
vt 0.43818 0.992605
vt 0.420701 0.995992
vt 0.418362 0.995992
vt 0.420458 0.992605
vt 0.989484 0.961023
vt 0.987596 0.959353
vt 0.993872 0.959353
vt 0.993914 0.953154
vt 0.987596 0.953154
vt 0.988731 0.951133
vt 0.987596 0.629661
vt 0.9915 0.627388
vt 0.992934 0.629483
vt 0.009137 0.998726
vt 0.006627 0.998726
vt 0.00739 0.992605
vt 0.995479 0.629661
vt 0.834917 0.710923
vt 0.811859 0.234169
vt 0.465587 0.32257
vt 0.987596 0.762085
vt 0.99481 0.762085
vt 0.988898 0.764571
vt 0.068598 0.285729
vt 0.071803 0.291753
vt 0.071366 0.2989
vt 0.068598 0.298732
vt 0.242126 0.332519
vt 0.242126 0.345656
vt 0.23998 0.339482
vt 0.258163 0.485922
vt 0.256617 0.479575
vt 0.258824 0.478977
vt 0.831873 0.72731
vt 0.223311 0.577219
vt 0.225428 0.577874
vt 0.225428 0.591121
vt 0.223311 0.590466
vt 0.813982 0.739388
vt 0.256617 0.475625
vt 0.804901 0.24712
vt 0.791693 0.241233
vt 0.799329 0.22855
vt 0.825148 0.744144
vt 0.148351 0.198672
vt 0.16231 0.193422
vt 0.168079 0.206819
vt 0.15412 0.212069
vt 0.716825 0.200931
vt 0.646821 0.039761
vt 0.658715 0.011351
vt 0.417458 0.727836
vt 0.411083 0.726509
vt 0.383442 0.737119
vt 0.378384 0.760418
vt 0.987596 0.723251
vt 0.994837 0.723251
vt 0.989394 0.728172
vt 0.478782 0.610163
vt 0.485922 0.610163
vt 0.48224 0.622848
vt 0.208729 0.046755
vt 0.203975 0.038195
vt 0.208729 0.035973
vt 0.002506 0.441998
vt 0.006679 0.449626
vt 0.002506 0.452525
vt 0.460703 0.584458
vt 0.472563 0.576187
vt 0.472501 0.586112
vt 0.082288 0.458381
vt 0.096093 0.468351
vt 0.641485 0.00897
vt 0.0886 0.499146
vt 0.279868 0.015215
vt 0.30391 0.002681
vt 0.29695 0.036736
vt 0.634818 0.020817
vt 0.61894 0.002827
vt 0.279122 0.026059
vt 0.274687 0.002681
vt 0.116888 0.495424
vt 0.105422 0.503871
vt 0.087779 0.523907
vt 0.124212 0.992605
vt 0.12522 0.998089
vt 0.124212 0.998326
vt 0.987596 0.693273
vt 0.987596 0.688381
vt 0.995017 0.689839
vt 0.069789 0.776914
vt 0.075143 0.772935
vt 0.075143 0.791501
vt 0.994562 0.693163
vt 0.381961 0.710872
vt 0.995419 0.038543
vt 0.987596 0.035143
vt 0.997113 0.035143
vt 0.689641 0.132595
vt 0.686866 0.13283
vt 0.685556 0.129761
vt 0.671273 0.32119
vt 0.669561 0.323223
vt 0.666786 0.322977
vt 0.668314 0.329555
vt 0.687853 0.139332
vt 0.670872 0.32013
vt 0.987596 0.871816
vt 0.994407 0.871816
vt 0.994249 0.873421
vt 0.685156 0.130825
vt 0.671273 0.332297
vt 0.685156 0.141936
vt 0.987596 0.259657
vt 0.995091 0.259008
vt 0.996569 0.259657
vt 0.995974 0.313658
vt 0.987596 0.309813
vt 0.996345 0.309813
vt 0.578025 0.106271
vt 0.570683 0.107608
vt 0.564677 0.104492
vt 0.970705 0.699906
vt 0.975183 0.714689
vt 0.971627 0.713385
vt 0.40243 0.286838
vt 0.397864 0.295561
vt 0.397864 0.282718
vt 0.992513 0.621854
vt 0.995468 0.624994
vt 0.987596 0.624994
vt 0.524535 0.544366
vt 0.529481 0.534478
vt 0.539356 0.542554
vt 0.975183 0.697559
vt 0.494271 0.612402
vt 0.493752 0.626188
vt 0.488628 0.626188
vt 0.488111 0.613491
vt 0.466348 0.565167
vt 0.987813 0.809527
vt 0.993325 0.81541
vt 0.987596 0.81541
vt 0.460703 0.565
vt 0.994451 0.809443
vt 0.394976 0.716305
vt 0.390105 0.711853
vt 0.383419 0.710696
vt 0.409109 0.721969
vt 0.285097 0.046812
vt 0.287211 0.049937
vt 0.285097 0.063454
vt 0.15313 0.867076
vt 0.152595 0.859776
vt 0.155295 0.857312
vt 0.151662 0.850211
vt 0.99502 0.7021
vt 0.98789 0.705251
vt 0.987596 0.7021
vt 0.320608 0.27
vt 0.320608 0.285542
vt 0.317133 0.27872
vt 0.345656 0.435058
vt 0.344033 0.443047
vt 0.341238 0.441027
vt 0.768124 0.195408
vt 0.765025 0.191706
vt 0.768124 0.178301
vt 0.148729 0.876663
vt 0.149712 0.853629
vt 0.078877 0.998444
vt 0.075598 0.992605
vt 0.078962 0.992605
vt 0.99687 0.163718
vt 0.993418 0.164658
vt 0.992768 0.163718
vt 0.676283 0.60448
vt 0.671148 0.603929
vt 0.671462 0.601253
vt 0.674254 0.598678
vt 0.673176 0.597495
vt 0.659584 0.533395
vt 0.657229 0.539356
vt 0.658523 0.533815
vt 0.657229 0.527216
vt 0.987596 0.164533
vt 0.658558 0.527644
vt 0.510246 0.755641
vt 0.506413 0.758105
vt 0.510969 0.742092
vt 0.562859 0.103838
vt 0.524535 0.529516
vt 0.506413 0.740191
vt 0.2989 0.46225
vt 0.298136 0.465936
vt 0.29621 0.464927
vt 0.2989 0.472563
vt 0.232236 0.99781
vt 0.231408 0.994296
vt 0.232236 0.992606
vt 0.001919 0.390374
vt 0.00334 0.397412
vt 0.001919 0.40076
vt 0.303032 0.02023
vt 0.30391 0.031001
vt 0.303032 0.033397
vt 0.987596 0.61657
vt 0.995482 0.61657
vt 0.992556 0.61946
vt 0.990938 0.890605
vt 0.994278 0.893034
vt 0.987596 0.893034
vt 0.344984 0.997211
vt 0.344984 0.992605
vt 0.345869 0.993042
vt 0.048703 0.121749
vt 0.049639 0.119127
vt 0.050095 0.123825
vt 0.346222 0.994977
vt 0.046809 0.125238
vt 0.048703 0.119781
vt 0.046809 0.115399
vt 0.973575 0.693677
vt 0.970329 0.697974
vt 0.106236 0.998228
vt 0.100741 0.998228
vt 0.101771 0.992605
vt 0.00334 0.594461
vt 0.001465 0.587434
vt 0.00334 0.580929
vt 0.989746 0.487051
vt 0.987596 0.483245
vt 0.995807 0.483245
vt 0.364024 0.128577
vt 0.358455 0.124051
vt 0.364024 0.115597
vt 0.759973 0.193026
vt 0.761358 0.19704
vt 0.676283 0.592245
vt 0.148729 0.84149
vt 0.151541 0.837695
vt 0.148944 0.835144
vt 0.674696 0.592567
vt 0.151756 0.831349
vt 0.804591 0.749756
vt 0.403528 0.691145
vt 0.157074 0.176176
vt 0.170342 0.173714
vt 0.174136 0.18761
vt 0.152997 0.144584
vt 0.283872 0.971843
vt 0.263671 0.971843
vt 0.276533 0.945439
vt 0.133016 0.150609
vt 0.141672 0.180939
vt 0.106514 0.523185
vt 0.152482 0.125514
vt 0.126399 0.130352
vt 0.154994 0.09827
vt 0.577745 0.649634
vt 0.554657 0.649535
vt 0.873036 0.499615
vt 0.604625 0.649535
vt 0.074076 0.245466
vt 0.081632 0.216396
vt 0.094302 0.229046
vt 0.87019 0.526523
vt 0.890022 0.529337
vt 0.940117 0.040076
vt 0.074076 0.198893
vt 0.086539 0.210184
vt 0.855762 0.229596
vt 0.867362 0.246827
vt 0.858768 0.249414
vt 0.849647 0.235592
vt 0.09685 0.220444
vt 0.257154 0.494094
vt 0.248977 0.514309
vt 0.202695 0.500343
vt 0.213465 0.469069
vt 0.556055 0.823958
vt 0.556055 0.881672
vt 0.538056 0.873232
vt 0.661254 0.14255
vt 0.661254 0.105235
vt 0.629595 0.100142
vt 0.495941 0.109234
vt 0.491692 0.097789
vt 0.494525 0.096244
vt 0.528923 0.200958
vt 0.532677 0.204048
vt 0.528923 0.215409
vt 0.987596 0.529185
vt 0.990143 0.531052
vt 0.989209 0.536068
vt 0.995473 0.529185
vt 0.846025 0.926652
vt 0.847918 0.908711
vt 0.851615 0.909324
vt 0.491692 0.114305
vt 0.005009 0.971843
vt 0.001743 0.962527
vt 0.005009 0.951128
vt 0.842039 0.929282
vt 0.494047 0.118558
vt 0.140487 0.490512
vt 0.145276 0.501471
vt 0.140487 0.50429
vt 0.392411 0.336022
vt 0.392411 0.348995
vt 0.388309 0.337793
vt 0.851615 0.941786
vt 0.414924 0.992605
vt 0.415968 0.99569
vt 0.414924 0.996132
vt 0.168548 0.216725
vt 0.170323 0.217596
vt 0.168548 0.222088
vt 0.026778 0.992605
vt 0.027195 0.997712
vt 0.026778 0.998777
vt 0.153629 0.410729
vt 0.153378 0.411808
vt 0.147358 0.417558
vt 0.996831 0.185198
vt 0.993617 0.186335
vt 0.987596 0.185198
vt 0.499009 0.449185
vt 0.499009 0.442939
vt 0.50262 0.444302
vt 0.438259 0.697991
vt 0.435468 0.694985
vt 0.435468 0.686598
vt 0.163644 0.254068
vt 0.163644 0.267173
vt 0.156244 0.255651
vt 0.440836 0.691551
vt 0.499523 0.438841
vt 0.001289 0.115012
vt 0.002225 0.101342
vt 0.00501 0.116486
vt 0.001289 0.121898
vt 0.178397 0.456866
vt 0.16426 0.489475
vt 0.161974 0.127198
vt 0.158215 0.11312
vt 0.160103 0.109824
vt 0.962172 0.464647
vt 0.966834 0.469152
vt 0.962172 0.483331
vt 0.68753 0.108539
vt 0.683631 0.089164
vt 0.687972 0.089164
vt 0.158215 0.130624
vt 0.964971 0.490931
vt 0.531909 0.94591
vt 0.537686 0.961882
vt 0.531909 0.971843
vt 0.958485 0.778143
vt 0.95478 0.772195
vt 0.958485 0.750286
vt 0.161318 0.135257
vt 0.589637 0.118249
vt 0.592791 0.131917
vt 0.586501 0.131917
vt 0.357344 0.957618
vt 0.357344 0.975183
vt 0.35301 0.960996
vt 0.963494 0.095791
vt 0.963494 0.112995
vt 0.954476 0.098684
vt 0.170323 0.212233
vt 0.995158 0.695667
vt 0.990676 0.69659
vt 0.987596 0.695667
vt 0.560238 0.732616
vt 0.562734 0.728444
vt 0.562734 0.739736
vt 0.028323 0.567744
vt 0.028323 0.556002
vt 0.031727 0.559831
vt 0.560482 0.739344
vt 0.995572 0.594793
vt 0.988988 0.596793
vt 0.987596 0.594793
vt 0.40577 0.278862
vt 0.402266 0.274142
vt 0.40577 0.268053
vt 0.632867 0.778096
vt 0.629517 0.795988
vt 0.622753 0.796511
vt 0.622386 0.778096
vt 0.552721 0.730043
vt 0.006679 0.760548
vt 0.001367 0.754356
vt 0.004392 0.750319
vt 0.957737 0.113825
vt 0.956675 0.120541
vt 0.509299 0.083492
vt 0.504563 0.079884
vt 0.507304 0.068179
vt 0.957786 0.123568
vt 0.509299 0.071763
vt 0.987596 0.801114
vt 0.988031 0.799579
vt 0.994689 0.801114
vt 0.332622 0.992605
vt 0.333775 0.993679
vt 0.332622 0.997296
vt 0.454117 0.108023
vt 0.454195 0.11258
vt 0.449705 0.115131
vt 0.002064 0.757813
vt 0.451865 0.115969
vt 0.453263 0.120528
vt 0.454195 0.123568
vt 0.327917 0.864873
vt 0.354005 0.911729
vt 0.317548 0.911729
vt 0.433586 0.304251
vt 0.183261 0.445607
vt 0.224152 0.438976
vt 0.157728 0.434369
vt 0.137403 0.476819
vt 0.560606 0.945126
vt 0.57283 0.927206
vt 0.574423 0.930364
vt 0.560606 0.906585
vt 0.508146 0.937359
vt 0.529337 0.937472
vt 0.510555 0.9668
vt 0.296108 0.839331
vt 0.320376 0.856687
vt 0.305735 0.869203
vt 0.392334 0.324069
vt 0.420071 0.337865
vt 0.447515 0.347952
vt 0.401665 0.363093
vt 0.487592 0.123568
vt 0.429492 0.370703
vt 0.274416 0.805907
vt 0.254052 0.799519
vt 0.664139 0.564158
vt 0.278862 0.80097
vt 0.676512 0.564352
vt 0.548547 0.55999
vt 0.548676 0.570092
vt 0.90171 0.82739
vt 0.892549 0.828597
vt 0.889931 0.80718
vt 0.897776 0.805399
vt 0.874537 0.420563
vt 0.880002 0.416392
vt 0.880002 0.470893
vt 0.262524 0.565845
vt 0.272183 0.56346
vt 0.272183 0.584442
vt 0.873976 0.287211
vt 0.873976 0.23226
vt 0.883342 0.234713
vt 0.261842 0.583225
vt 0.853671 0.83547
vt 0.870476 0.836902
vt 0.853671 0.891929
vt 0.853285 0.68358
vt 0.841718 0.675296
vt 0.853285 0.624935
vt 0.679235 0.589451
vt 0.60448 0.337306
vt 0.594069 0.321252
vt 0.60448 0.303608
vt 0.568191 0.550053
vt 0.574423 0.561759
vt 0.889931 0.850613
vt 0.651923 0.307249
vt 0.106869 0.280972
vt 0.106869 0.308919
vt 0.085706 0.295247
vt 0.897738 0.853285
vt 0.369033 0.933064
vt 0.352406 0.956815
vt 0.352406 0.924537
vt 0.814984 0.346637
vt 0.811432 0.304188
vt 0.831855 0.334848
vt 0.583017 0.914974
vt 0.593425 0.914316
vt 0.583653 0.932318
vt 0.884151 0.848446
vt 0.870476 0.893361
vt 0.594024 0.932694
vt 0.610554 0.923875
vt 0.514309 0.078482
vt 0.507785 0.057768
vt 0.514309 0.053472
vt 0.966834 0.864595
vt 0.959512 0.869983
vt 0.959512 0.842531
vt 0.858295 0.359894
vt 0.834676 0.362354
vt 0.583017 0.949902
vt 0.888352 0.866448
vt 0.88481 0.884204
vt 0.610943 0.893384
vt 0.627979 0.897259
vt 0.613676 0.919692
vt 0.593458 0.951805
vt 0.611159 0.949131
vt 0.641216 0.906145
vt 0.925357 0.141291
vt 0.935643 0.140189
vt 0.928515 0.160748
vt 0.950029 0.142446
vt 0.938421 0.16033
vt 0.629929 0.926351
vt 0.610943 0.936777
vt 0.951805 0.161059
vt 0.733057 0.911729
vt 0.727895 0.905113
vt 0.733057 0.873782
vt 0.834389 0.470189
vt 0.826687 0.441193
vt 0.834011 0.433811
vt 0.268837 0.725711
vt 0.267102 0.735203
vt 0.243635 0.73718
vt 0.844936 0.469838
vt 0.920395 0.182317
vt 0.904791 0.177824
vt 0.923418 0.161548
vt 0.247201 0.72906
vt 0.854852 0.329975
vt 0.268843 0.761117
vt 0.244301 0.761923
vt 0.74348 0.00236
vt 0.834561 0.296536
vt 0.479242 0.861533
vt 0.460714 0.848137
vt 0.467426 0.821359
vt 0.858295 0.297496
vt 0.441433 0.860565
vt 0.436558 0.86779
vt 0.442015 0.845182
vt 0.846507 0.093558
vt 0.830087 0.09852
vt 0.43216 0.852701
vt 0.8082 0.291289
vt 0.884709 0.417051
vt 0.420013 0.863406
vt 0.118479 0.595931
vt 0.10309 0.573228
vt 0.822809 0.503876
vt 0.838257 0.506165
vt 0.829316 0.52673
vt 0.805689 0.528979
vt 0.620111 0.67181
vt 0.626404 0.658376
vt 0.634529 0.668439
vt 0.443055 0.818825
vt 0.620111 0.691311
vt 0.841507 0.50095
vt 0.742199 0.44345
vt 0.748086 0.474233
vt 0.731965 0.474233
vt 0.826687 0.500475
vt 0.267191 0.793054
vt 0.634537 0.686638
vt 0.433294 0.827949
vt 0.41925 0.823246
vt 0.847405 0.687972
vt 0.837395 0.680275
vt 0.191307 0.33726
vt 0.189923 0.325858
vt 0.208546 0.352335
vt 0.221369 0.72557
vt 0.227566 0.718245
vt 0.208333 0.323175
vt 0.18911 0.316769
vt 0.206424 0.314241
vt 0.208715 0.339399
vt 0.923418 0.205389
vt 0.911459 0.192808
vt 0.279565 0.683285
vt 0.287407 0.653479
vt 0.224302 0.750917
vt 0.221369 0.784979
vt 0.934228 0.178672
vt 0.925357 0.177418
vt 0.221589 0.34005
vt 0.223758 0.322361
vt 0.24336 0.794841
vt 0.494317 0.252145
vt 0.494317 0.227507
vt 0.50763 0.232919
vt 0.933935 0.338857
vt 0.948466 0.327078
vt 0.948466 0.357345
vt 0.41925 0.847914
vt 0.782219 0.28651
vt 0.551745 0.017453
vt 0.555319 0.039255
vt 0.584381 0.044526
vt 0.112242 0.561422
vt 0.135283 0.560574
vt 0.126559 0.577613
vt 0.559321 0.07255
vt 0.166963 0.569692
vt 0.158023 0.587938
vt 0.587782 0.076561
vt 0.56111 0.098563
vt 0.173493 0.596774
vt 0.538683 0.086148
vt 0.587782 0.10353
vt 0.874728 0.831577
vt 0.94942 0.459201
vt 0.958485 0.457887
vt 0.958485 0.485922
vt 0.881672 0.830434
vt 0.056774 0.031727
vt 0.047731 0.024906
vt 0.056774 0.001302
vt 0.381096 0.001986
vt 0.4041 0.003335
vt 0.40243 0.030555
vt 0.367625 0.028877
vt 0.037306 0.287321
vt 0.046476 0.280847
vt 0.056854 0.309784
vt 0.814272 0.559773
vt 0.838257 0.558813
vt 0.1362 0.627874
vt 0.148401 0.606642
vt 0.159624 0.611923
vt 0.8215 0.571083
vt 0.178672 0.601829
vt 0.163352 0.615177
vt 0.185352 0.068044
vt 0.185352 0.093511
vt 0.178186 0.093006
vt 0.609497 0.315599
vt 0.609497 0.294426
vt 0.616169 0.296726
vt 0.50888 0.366613
vt 0.519318 0.366613
vt 0.511636 0.389071
vt 0.684392 0.829623
vt 0.694651 0.853285
vt 0.685081 0.853199
vt 0.639207 0.465563
vt 0.632459 0.469943
vt 0.616711 0.456156
vt 0.640482 0.447339
vt 0.619841 0.447112
vt 0.365371 0.062025
vt 0.337301 0.070704
vt 0.344939 0.051344
vt 0.694651 0.824392
vt 0.147173 0.631197
vt 0.682388 0.569413
vt 0.66639 0.467322
vt 0.666147 0.447112
vt 0.36543 0.098288
vt 0.33767 0.095555
vt 0.064724 0.299894
vt 0.72871 0.313653
vt 0.70451 0.315767
vt 0.708952 0.29152
vt 0.738067 0.286998
vt 0.087851 0.310748
vt 0.698867 0.340684
vt 0.400753 0.060078
vt 0.40076 0.095307
vt 0.083573 0.322436
vt 0.119951 0.314922
vt 0.726468 0.341768
vt 0.695498 0.371497
vt 0.120115 0.327287
vt 0.987596 0.194098
vt 0.988952 0.191972
vt 0.996483 0.198636
vt 0.996568 0.178063
vt 0.988949 0.177121
vt 0.987596 0.175136
vt 0.996568 0.171336
vt 0.996483 0.191535
vt 0.99637 0.001197
vt 0.9934 0.004696
vt 0.987596 0.001197
vt 0.436932 0.181677
vt 0.439166 0.188434
vt 0.436932 0.192031
vt 0.051018 0.699425
vt 0.04941 0.698291
vt 0.051765 0.689075
vt 0.997228 0.002968
vt 0.473651 0.28522
vt 0.474233 0.290805
vt 0.472918 0.292221
vt 0.472918 0.281885
vt 0.89898 0.123446
vt 0.895783 0.143606
vt 0.891492 0.142308
vt 0.956815 0.532709
vt 0.147366 0.70033
vt 0.778219 0.002826
vt 0.810197 0.011038
vt 0.790834 0.036453
vt 0.153353 0.514309
vt 0.687972 0.960155
vt 0.683776 0.946844
vt 0.687972 0.933572
vt 0.90672 0.119141
vt 0.622428 0.037656
vt 0.627858 0.039727
vt 0.626642 0.046755
vt 0.942705 0.905649
vt 0.948466 0.900925
vt 0.948466 0.918409
vt 0.201586 0.703456
vt 0.216037 0.698724
vt 0.217078 0.70968
vt 0.592149 0.00276
vt 0.594461 0.016698
vt 0.588762 0.016698
vt 0.223966 0.074092
vt 0.228767 0.085721
vt 0.223966 0.090171
vt 0.621047 0.025499
vt 0.891492 0.107625
vt 0.893642 0.096035
vt 0.895984 0.097022
vt 0.624329 0.028578
vt 0.906331 0.114897
vt 0.217078 0.690775
vt 0.973513 0.506431
vt 0.972737 0.51472
vt 0.968895 0.517369
vt 0.211615 0.40243
vt 0.211615 0.391121
vt 0.213739 0.392023
vt 0.627858 0.019017
vt 0.97015 0.529337
vt 0.973513 0.525947
vt 0.954579 0.527786
vt 0.841596 0.584681
vt 0.836804 0.58136
vt 0.841596 0.569945
vt 0.83865 0.587782
vt 0.176816 0.707901
vt 0.150851 0.711349
vt 0.821558 0.019179
vt 0.809988 0.044783
vt 0.956391 0.412639
vt 0.975325 0.438558
vt 0.971922 0.439166
vt 0.976853 0.412639
vt 0.529337 0.966834
vt 0.625561 0.015184
vt 0.123686 0.214312
vt 0.126907 0.217201
vt 0.123267 0.228601
vt 0.126907 0.230437
vt 0.139828 0.997881
vt 0.135251 0.998076
vt 0.135251 0.992606
vt 0.987596 0.755909
vt 0.991031 0.752196
vt 0.994772 0.755909
vt 0.109208 0.619609
vt 0.111879 0.625626
vt 0.109208 0.631197
vt 0.001696 0.002337
vt 0.005009 0.003572
vt 0.001696 0.013359
vt 0.30057 0.359014
vt 0.296313 0.347967
vt 0.30057 0.344526
vt 0.096507 0.002765
vt 0.09722 0.013706
vt 0.094234 0.016726
vt 0.148631 0.589048
vt 0.151955 0.590804
vt 0.148631 0.600056
vt 0.151681 0.60281
vt 0.085346 0.829594
vt 0.070721 0.830006
vt 0.064288 0.80447
vt 0.082713 0.798996
vt 0.064288 0.857518
vt 0.794034 0.054407
vt 0.7807 0.053798
vt 0.79593 0.069684
vt 0.783043 0.071803
vt 0.768551 0.866178
vt 0.772804 0.885621
vt 0.74027 0.865356
vt 0.083417 0.863304
vt 0.812528 0.071803
vt 0.738598 0.886851
vt 0.10186 0.828146
vt 0.795002 0.417446
vt 0.819514 0.396702
vt 0.817557 0.429147
vt 0.774803 0.911776
vt 0.752717 0.392807
vt 0.771463 0.951509
vt 0.758261 0.951805
vt 0.741114 0.391028
vt 0.758105 0.367451
vt 0.701672 0.562075
vt 0.7235 0.561706
vt 0.699231 0.576342
vt 0.874993 0.637306
vt 0.874993 0.666264
vt 0.865371 0.661576
vt 0.747978 0.364551
vt 0.316239 0.884986
vt 0.296108 0.896701
vt 0.19187 0.424703
vt 0.20539 0.403818
vt 0.20539 0.435827
vt 0.725838 0.579994
vt 0.323948 0.869383
vt 0.746792 0.561706
vt 0.755677 0.581473
vt 0.80263 0.388441
vt 0.818859 0.361708
vt 0.837368 0.36775
vt 0.834385 0.400828
vt 0.841596 0.429147
vt 0.782322 0.431093
vt 0.793402 0.430161
vt 0.781337 0.460445
vt 0.517649 0.907287
vt 0.515291 0.930526
vt 0.481999 0.91235
vt 0.738598 0.916739
vt 0.791908 0.463033
vt 0.822531 0.439872
vt 0.782594 0.50095
vt 0.481999 0.948466
vt 0.414119 0.933437
vt 0.400788 0.929389
vt 0.414119 0.894789
vt 0.824898 0.470418
vt 0.965626 0.687478
vt 0.968504 0.690214
vt 0.964359 0.701468
vt 0.96736 0.703067
vt 0.964386 0.709614
vt 0.968504 0.711349
vt 0.758105 0.611787
vt 0.726835 0.612405
vt 0.746147 0.646226
vt 0.727804 0.636216
vt 0.306629 0.435827
vt 0.307469 0.406448
vt 0.335637 0.435827
vt 0.995808 0.509459
vt 0.987596 0.509459
vt 0.988153 0.507946
vt 0.987596 0.344549
vt 0.991369 0.341704
vt 0.99631 0.344549
vt 0.424811 0.207422
vt 0.987596 0.3818
vt 0.996334 0.3818
vt 0.995615 0.383631
vt 0.144188 0.998122
vt 0.142222 0.998201
vt 0.142222 0.992606
vt 0.011531 0.992606
vt 0.012295 0.99699
vt 0.011531 0.998803
vt 0.245256 0.992606
vt 0.245256 0.997703
vt 0.243868 0.993183
vt 0.988013 0.875815
vt 0.994371 0.877184
vt 0.987596 0.877184
vt 0.987596 0.987482
vt 0.993806 0.987482
vt 0.992018 0.988303
vt 0.996215 0.419621
vt 0.990451 0.42023
vt 0.987596 0.419621
vt 0.832939 0.80034
vt 0.793245 0.774373
vt 0.833247 0.767095
vt 0.686302 0.88364
vt 0.518841 0.621924
vt 0.522658 0.611679
vt 0.522658 0.624518
vt 0.684848 0.880371
vt 0.831367 0.64443
vt 0.272183 0.19572
vt 0.270147 0.19871
vt 0.270147 0.183637
vt 0.41068 0.492601
vt 0.408324 0.490201
vt 0.412449 0.479563
vt 0.408222 0.477797
vt 0.822961 0.50095
vt 0.787465 0.803944
vt 0.408222 0.47007
vt 0.412449 0.471836
vt 0.060128 0.377015
vt 0.696259 0.605631
vt 0.026779 0.414119
vt 0.457942 0.457445
vt 0.494945 0.425417
vt 0.497611 0.468436
vt 0.307806 0.160989
vt 0.429402 0.444762
vt 0.2033 0.878602
vt 0.245466 0.871704
vt 0.245466 0.921748
vt 0.412541 0.467225
vt 0.435669 0.489261
vt 0.201059 0.918071
vt 0.278069 0.15497
vt 0.303039 0.142844
vt 0.888273 0.053215
vt 0.90505 0.060011
vt 0.888273 0.10186
vt 0.278873 0.155397
vt 0.863304 0.726378
vt 0.853303 0.694143
vt 0.854665 0.693267
vt 0.002218 0.408001
vt 0.863304 0.667082
vt 0.953475 0.140266
vt 0.939155 0.119534
vt 0.953475 0.110033
vt 0.075143 0.389071
vt 0.063768 0.363101
vt 0.075143 0.356785
vt 0.523322 0.387177
vt 0.537024 0.430798
vt 0.509911 0.417028
vt 0.908692 0.633227
vt 0.925088 0.644028
vt 0.908542 0.647896
vt 0.925088 0.60613
vt 0.010633 0.790626
vt 0.014238 0.753234
vt 0.026717 0.754252
vt 0.536017 0.928985
vt 0.524912 0.930098
vt 0.524912 0.888467
vt 0.449118 0.877728
vt 0.477573 0.916685
vt 0.449118 0.921748
vt 0.549428 0.385705
vt 0.586509 0.385311
vt 0.580358 0.437497
vt 0.534541 0.346212
vt 0.001441 0.792809
vt 0.553979 0.34257
vt 0.319361 0.161974
vt 0.301489 0.135399
vt 0.343986 0.140091
vt 0.738067 0.375713
vt 0.28395 0.091283
vt 0.318246 0.08078
vt 0.335399 0.109533
vt 0.614499 0.434574
vt 0.319994 0.035762
vt 0.284192 0.040753
vt 0.222088 0.869984
vt 0.198815 0.841432
vt 0.222088 0.810745
vt 0.584893 0.341038
vt 0.614499 0.345151
vt 0.537687 0.591354
vt 0.534866 0.59642
vt 0.535934 0.589307
vt 0.355675 0.507082
vt 0.351443 0.514061
vt 0.352224 0.508502
vt 0.218984 0.997845
vt 0.217291 0.994392
vt 0.218984 0.992605
vt 0.349919 0.504448
vt 0.290327 0.996166
vt 0.289725 0.997536
vt 0.289725 0.992605
vt 0.349919 0.514309
vt 0.990909 0.217871
vt 0.987596 0.21609
vt 0.99355 0.21609
vt 0.996624 0.216818
vt 0.537687 0.600135
vt 0.53723 0.60281
vt 0.537075 0.595791
vt 0.323873 0.99736
vt 0.322876 0.99317
vt 0.323873 0.992605
vt 0.356754 0.992605
vt 0.357008 0.993717
vt 0.356754 0.997234
vt 0.340713 0.997197
vt 0.340069 0.992606
vt 0.34259 0.992606
vt 0.298501 0.992606
vt 0.300935 0.992729
vt 0.298501 0.997381
vt 0.346748 0.045471
vt 0.344528 0.046755
vt 0.347325 0.035548
vt 0.344528 0.035774
vt 0.546036 0.069101
vt 0.543614 0.078482
vt 0.543614 0.068523
vt 0.545031 0.064575
vt 0.331812 0.074211
vt 0.208173 0.410548
vt 0.210399 0.427994
vt 0.208173 0.430817
vt 0.071803 0.343986
vt 0.068009 0.342131
vt 0.067104 0.32761
vt 0.971526 0.299727
vt 0.978523 0.291644
vt 0.978523 0.312259
vt 0.071803 0.327718
vt 0.928428 0.326516
vt 0.925384 0.340646
vt 0.921112 0.340305
vt 0.916517 0.322846
vt 0.914689 0.316026
vt 0.90976 0.31949
vt 0.111879 0.962776
vt 0.111879 0.970453
vt 0.104301 0.968233
vt 0.997091 0.065271
vt 0.993298 0.067628
vt 0.987596 0.065271
vt 0.108529 0.980193
vt 0.351819 0.459204
vt 0.348451 0.455481
vt 0.352335 0.447595
vt 0.923145 0.309424
vt 0.921543 0.306382
vt 0.113276 0.001534
vt 0.116888 0.015097
vt 0.113276 0.016698
vt 0.490931 0.371127
vt 0.490931 0.385732
vt 0.483492 0.371195
vt 0.348451 0.446356
vt 0.956815 0.859131
vt 0.954136 0.861925
vt 0.954551 0.852442
vt 0.351369 0.438971
vt 0.956815 0.869984
vt 0.330998 0.002198
vt 0.343986 0.007842
vt 0.334115 0.039154
vt 0.926414 0.299071
vt 0.987596 0.464416
vt 0.995928 0.464416
vt 0.994853 0.466987
vt 0.928428 0.300176
vt 0.292221 0.355675
vt 0.29061 0.354066
vt 0.292221 0.344406
vt 0.833247 0.834143
vt 0.407439 0.377745
vt 0.398361 0.384062
vt 0.785922 0.834917
vt 0.993696 0.044392
vt 0.987596 0.040937
vt 0.99698 0.040937
vt 0.498572 0.051765
vt 0.498589 0.041622
vt 0.502044 0.049677
vt 0.502095 0.048535
vt 0.987596 0.228013
vt 0.995708 0.225895
vt 0.996569 0.228013
vt 0.245474 0.326759
vt 0.248805 0.33432
vt 0.245474 0.342316
vt 0.367363 0.314411
vt 0.36398 0.327287
vt 0.36398 0.312684
vt 0.167786 0.406252
vt 0.168653 0.413623
vt 0.164062 0.4069
vt 0.120228 0.587782
vt 0.118913 0.587074
vt 0.120228 0.575349
vt 0.637877 0.662924
vt 0.636652 0.65209
vt 0.637877 0.651185
vt 0.0983 0.458996
vt 0.10186 0.456558
vt 0.10186 0.463117
vt 0.498572 0.037121
vt 0.100541 0.470893
vt 0.303469 0.068737
vt 0.30558 0.079248
vt 0.303469 0.081822
vt 0.522658 0.364789
vt 0.522658 0.379052
vt 0.519754 0.375899
vt 0.30057 0.078482
vt 0.300214 0.066193
vt 0.30057 0.065176
vt 0.994021 0.936022
vt 0.987596 0.936022
vt 0.990559 0.933493
vt 0.227097 0.307249
vt 0.225729 0.303591
vt 0.227097 0.296027
vt 0.63349 0.654552
vt 0.287211 0.333841
vt 0.283809 0.332357
vt 0.286643 0.324539
vt 0.248717 0.32778
vt 0.164062 0.420798
vt 0.283809 0.335637
vt 0.026717 0.821558
vt 0.20539 0.047153
vt 0.195227 0.05199
vt 0.183781 0.00259
vt 0.164992 0.003241
vt 0.138562 0.062029
vt 0.994804 0.044386
vt 0.994829 0.046677
vt 0.504239 0.050951
vt 0.995937 0.046671
vt 0.50429 0.049809
vt 0.47018 0.99541
vt 0.47018 0.992605
vt 0.470743 0.994491
vt 0.480219 0.992989
vt 0.481765 0.992606
vt 0.481765 0.995204
vt 0.996954 0.132339
vt 0.996186 0.13319
vt 0.994499 0.131703
vt 0.994231 0.132977
vt 0.987596 0.13319
vt 0.133468 0.011092
vt 0.11765 0.103809
vt 0.101502 0.024729
vt 0.105168 0.063707
vt 0.002809 0.948466
vt 0.002809 0.915482
vt 0.013359 0.939296
vt 0.756854 0.459326
vt 0.769265 0.45948
vt 0.771665 0.482315
vt 0.757429 0.445836
vt 0.074555 0.719192
vt 0.096435 0.721734
vt 0.094581 0.72805
vt 0.757016 0.481926
vt 0.07398 0.724858
vt 0.061143 0.7232
vt 0.061718 0.717535
vt 0.812382 0.875403
vt 0.831577 0.853377
vt 0.828541 0.87687
vt 0.770838 0.445027
vt 0.823584 0.891691
vt 0.111255 0.730668
vt 0.769313 0.49808
vt 0.759133 0.498565
vt 0.75243 0.482999
vt 0.75243 0.500484
vt 0.079268 0.794841
vt 0.10971 0.736774
vt 0.105032 0.792711
vt 0.778143 0.497939
vt 0.810643 0.850242
vt 0.826845 0.837481
vt 0.768766 0.516413
vt 0.760259 0.515763
vt 0.308962 0.89225
vt 0.315599 0.896132
vt 0.306006 0.914303
vt 0.544111 0.80311
vt 0.528214 0.786478
vt 0.535203 0.782906
vt 0.902935 0.389993
vt 0.879836 0.378753
vt 0.90505 0.365064
vt 0.220862 0.712673
vt 0.225098 0.685033
vt 0.243933 0.718029
vt 0.297943 0.914882
vt 0.776285 0.520651
vt 0.534274 0.807044
vt 0.057026 0.649031
vt 0.079282 0.621832
vt 0.084008 0.640488
vt 0.881692 0.398432
vt 0.074772 0.664146
vt 0.098425 0.670477
vt 0.90505 0.405812
vt 0.88815 0.415789
vt 0.101495 0.651573
vt 0.206808 0.654778
vt 0.225786 0.655803
vt 0.24502 0.688092
vt 0.075187 0.898866
vt 0.058141 0.890243
vt 0.083492 0.874296
vt 0.063333 0.863293
vt 0.088987 0.684663
vt 0.067497 0.683919
vt 0.058002 0.898845
vt 0.756489 0.631957
vt 0.764483 0.6335
vt 0.758081 0.650624
vt 0.093511 0.954223
vt 0.076228 0.980193
vt 0.075334 0.954223
vt 0.747471 0.649407
vt 0.921748 0.240227
vt 0.915316 0.25768
vt 0.914708 0.240471
vt 0.909003 0.261204
vt 0.373061 0.784805
vt 0.360211 0.771846
vt 0.365432 0.767296
vt 0.161761 0.713099
vt 0.142251 0.743159
vt 0.142585 0.72165
vt 0.766358 0.275755
vt 0.788162 0.262894
vt 0.784591 0.283872
vt 0.392695 0.912001
vt 0.379576 0.911588
vt 0.393169 0.899952
vt 0.380202 0.931767
vt 0.331264 0.644032
vt 0.342316 0.646131
vt 0.331264 0.656245
vt 0.395751 0.931738
vt 0.059216 0.703343
vt 0.067669 0.696113
vt 0.078539 0.711349
vt 0.376327 0.899554
vt 0.354917 0.91703
vt 0.388625 0.88845
vt 0.921748 0.283872
vt 0.364166 0.924429
vt 0.778143 0.626701
vt 0.770612 0.635702
vt 0.764329 0.652354
vt 0.065659 0.911729
vt 0.395751 0.88966
vt 0.19171 0.592889
vt 0.19871 0.590028
vt 0.196038 0.609489
vt 0.083492 0.907315
vt 0.084226 0.697249
vt 0.367782 0.78753
vt 0.19871 0.609172
vt 0.297414 0.930717
vt 0.315599 0.953582
vt 0.297414 0.960155
vt 0.224297 0.628947
vt 0.251547 0.655066
vt 0.741683 0.673376
vt 0.248684 0.629058
vt 0.761736 0.670825
vt 0.752958 0.672174
vt 0.370386 0.805294
vt 0.37874 0.805972
vt 0.160576 0.741729
vt 0.145675 0.76581
vt 0.364825 0.787779
vt 0.743229 0.695091
vt 0.277192 0.652641
vt 0.270179 0.628947
vt 0.759222 0.69196
vt 0.368258 0.821614
vt 0.161799 0.769325
vt 0.378813 0.823477
vt 0.395751 0.810481
vt 0.76678 0.68595
vt 0.745885 0.944544
vt 0.751425 0.946592
vt 0.748729 0.951938
vt 0.961373 0.263688
vt 0.956465 0.2433
vt 0.961626 0.240111
vt 0.619237 0.19662
vt 0.610039 0.210399
vt 0.610547 0.19662
vt 0.974935 0.240111
vt 0.7439 0.952023
vt 0.064999 0.970031
vt 0.047994 0.970174
vt 0.043609 0.966108
vt 0.070133 0.964449
vt 0.069875 0.94224
vt 0.956288 0.265736
vt 0.043609 0.944366
vt 0.619508 0.209479
vt 0.05747 0.31439
vt 0.06339 0.321303
vt 0.054057 0.324135
vt 0.253815 0.484252
vt 0.243969 0.483528
vt 0.245702 0.461971
vt 0.976853 0.261649
vt 0.253815 0.461742
vt 0.734281 0.954422
vt 0.737876 0.971843
vt 0.054057 0.337109
vt 0.063454 0.338976
vt 0.751425 0.969254
vt 0.747495 0.970578
vt 0.734727 0.39009
vt 0.729097 0.381761
vt 0.732863 0.382798
vt 0.844936 0.961372
vt 0.833987 0.960977
vt 0.832515 0.941093
vt 0.844936 0.939867
vt 0.829237 0.968504
vt 0.824511 0.961466
vt 0.716346 0.391879
vt 0.716346 0.382675
vt 0.730208 0.390687
vt 0.980192 0.331566
vt 0.980192 0.352335
vt 0.975253 0.352034
vt 0.97357 0.331813
vt 0.73304 0.412449
vt 0.321224 0.180342
vt 0.328957 0.169873
vt 0.328957 0.180277
vt 0.321224 0.169938
vt 0.175784 0.20001
vt 0.180342 0.205775
vt 0.174008 0.206346
vt 0.617839 0.76171
vt 0.617839 0.779812
vt 0.609766 0.773999
vt 0.201323 0.632788
vt 0.207253 0.634038
vt 0.20721 0.649565
vt 0.201323 0.648556
vt 0.327309 0.166013
vt 0.790578 0.976345
vt 0.79098 0.960063
vt 0.795124 0.960218
vt 0.321836 0.163975
vt 0.79985 0.957359
vt 0.79985 0.980193
vt 0.794723 0.9765
vt 0.784075 0.974918
vt 0.783362 0.95957
vt 0.173964 0.218426
vt 0.180342 0.220418
vt 0.824847 0.941056
vt 0.719142 0.40878
vt 0.832943 0.102186
vt 0.84883 0.09946
vt 0.846482 0.116851
vt 0.832943 0.119067
vt 0.331418 0.978523
vt 0.347913 0.964055
vt 0.350665 0.978523
vt 0.960922 0.267173
vt 0.972064 0.265853
vt 0.945878 0.253339
vt 0.944119 0.250747
vt 0.947339 0.248111
vt 0.879652 0.947711
vt 0.883342 0.949893
vt 0.878183 0.961619
vt 0.950136 0.253257
vt 0.308071 0.99735
vt 0.308071 0.992605
vt 0.310358 0.995158
vt 0.044804 0.941572
vt 0.882468 0.961603
vt 0.944119 0.278862
vt 0.061399 0.750383
vt 0.056195 0.747549
vt 0.96786 0.091593
vt 0.974282 0.091917
vt 0.971101 0.099088
vt 0.883342 0.971843
vt 0.028387 0.773078
vt 0.024922 0.780173
vt 0.019797 0.779653
vt 0.975183 0.100333
vt 0.810643 0.890907
vt 0.96786 0.114028
vt 0.972852 0.115219
vt 0.0249 0.795403
vt 0.490931 0.533006
vt 0.474244 0.518255
vt 0.490205 0.518117
vt 0.019391 0.797322
vt 0.50429 0.439166
vt 0.48904 0.39519
vt 0.50429 0.36822
vt 0.474244 0.537786
vt 0.860363 0.509311
vt 0.861108 0.533116
vt 0.839038 0.51251
vt 0.996397 0.289559
vt 0.990786 0.292796
vt 0.987596 0.289559
vt 0.987596 0.129309
vt 0.993782 0.125796
vt 0.996891 0.129309
vt 0.028387 0.79985
vt 0.011689 0.050095
vt 0.008718 0.041268
vt 0.011689 0.039574
vt 0.328957 0.755389
vt 0.322124 0.761444
vt 0.322124 0.752097
vt 0.327765 0.742439
vt 0.489878 0.542696
vt 0.987596 0.864645
vt 0.994289 0.864645
vt 0.991135 0.869422
vt 0.994688 0.771391
vt 0.987596 0.771391
vt 0.990811 0.766964
vt 0.159867 0.215787
vt 0.165314 0.21117
vt 0.165314 0.223758
vt 0.709499 0.068255
vt 0.703548 0.051632
vt 0.709679 0.050295
vt 0.703548 0.068463
vt 0.217078 0.628542
vt 0.215217 0.648161
vt 0.208335 0.63043
vt 0.836571 0.889702
vt 0.844346 0.846773
vt 0.849945 0.847117
vt 0.849945 0.895031
vt 0.876046 0.540638
vt 0.878512 0.533106
vt 0.885012 0.536018
vt 0.837762 0.533979
vt 0.840957 0.553729
vt 0.862745 0.553284
vt 0.75366 0.516543
vt 0.125238 0.739843
vt 0.315599 0.933437
vt 0.303925 0.933057
vt 0.959736 0.2989
vt 0.959736 0.271872
vt 0.966834 0.290071
vt 0.970174 0.441776
vt 0.96342 0.459204
vt 0.96342 0.432823
vt 0.624518 0.123891
vt 0.609581 0.108043
vt 0.622834 0.10329
vt 0.871219 0.298992
vt 0.881672 0.30317
vt 0.859569 0.315979
vt 0.023579 0.269017
vt 0.035067 0.284691
vt 0.023579 0.293891
vt 0.113549 0.630728
vt 0.110267 0.654394
vt 0.113549 0.677966
vt 0.609581 0.136926
vt 0.190047 0.528352
vt 0.188744 0.509149
vt 0.212672 0.505974
vt 0.867942 0.318261
vt 0.910938 0.702021
vt 0.928428 0.702883
vt 0.911752 0.724874
vt 0.202405 0.629181
vt 0.882166 0.541435
vt 0.779813 0.960675
vt 0.778805 0.976679
vt 0.768778 0.959398
vt 0.505378 0.537687
vt 0.505378 0.523831
vt 0.508921 0.523455
vt 0.509299 0.535836
vt 0.768385 0.975177
vt 0.91323 0.742332
vt 0.926137 0.744746
vt 0.928428 0.743126
vt 0.19704 0.886682
vt 0.193756 0.883555
vt 0.19704 0.843387
vt 0.876459 0.553822
vt 0.88277 0.554714
vt 0.883708 0.560593
vt 0.879942 0.572753
vt 0.268734 0.61108
vt 0.253362 0.59041
vt 0.268843 0.590534
vt 0.325618 0.51527
vt 0.324186 0.518904
vt 0.317645 0.516367
vt 0.325443 0.506046
vt 0.31747 0.520988
vt 0.31747 0.507143
vt 0.764323 0.980193
vt 0.760891 0.972868
vt 0.584261 0.440528
vt 0.581276 0.444995
vt 0.580437 0.44021
vt 0.547706 0.667934
vt 0.545642 0.654619
vt 0.547706 0.650584
vt 0.584325 0.444109
vt 0.584442 0.453389
vt 0.580437 0.454195
vt 0.70467 0.186815
vt 0.701792 0.175518
vt 0.70467 0.176516
vt 0.591121 0.173663
vt 0.588613 0.169843
vt 0.591121 0.159844
vt 0.694929 0.184972
vt 0.694929 0.174673
vt 0.70202 0.187021
vt 0.115219 0.571386
vt 0.111596 0.569848
vt 0.113391 0.56704
vt 0.612829 0.971843
vt 0.610058 0.970167
vt 0.610058 0.956635
vt 0.762622 0.959037
vt 0.612829 0.958311
vt 0.111596 0.579565
vt 0.858068 0.971566
vt 0.868314 0.972054
vt 0.868045 0.98599
vt 0.858662 0.985124
vt 0.115219 0.581102
vt 0.766715 0.955275
vt 0.760891 0.954749
vt 0.610428 0.954141
vt 0.548712 0.097159
vt 0.551045 0.096364
vt 0.551045 0.106869
vt 0.476642 0.243033
vt 0.475611 0.232361
vt 0.479986 0.24281
vt 0.885012 0.570139
vt 0.898046 0.220066
vt 0.892313 0.215476
vt 0.895827 0.210808
vt 0.475611 0.248805
vt 0.899249 0.215067
vt 0.253256 0.613468
vt 0.222408 0.615765
vt 0.230798 0.589119
vt 0.268843 0.618889
vt 0.253576 0.621581
vt 0.631989 0.634147
vt 0.636737 0.63518
vt 0.63346 0.647896
vt 0.635266 0.609189
vt 0.630384 0.608927
vt 0.907938 0.234563
vt 0.896507 0.233271
vt 0.908308 0.222447
vt 0.904894 0.257064
vt 0.637698 0.647411
vt 0.892313 0.257154
vt 0.224372 0.624518
vt 0.862647 0.340656
vt 0.219431 0.607284
vt 0.870404 0.339336
vt 0.253585 0.536129
vt 0.217412 0.520164
vt 0.237871 0.516489
vt 0.228098 0.539273
vt 0.103876 0.69825
vt 0.095139 0.706993
vt 0.858151 0.111808
vt 0.866644 0.123213
vt 0.850332 0.129511
vt 0.85616 0.138933
vt 0.093511 0.873323
vt 0.087046 0.873279
vt 0.093511 0.856064
vt 0.160216 0.510058
vt 0.161436 0.525196
vt 0.151598 0.524679
vt 0.846238 0.140266
vt 0.833298 0.13261
vt 0.859658 0.151122
vt 0.856163 0.152004
vt 0.756691 0.294456
vt 0.752619 0.290653
vt 0.758514 0.279277
vt 0.764726 0.283773
vt 0.864587 0.163644
vt 0.743069 0.30314
vt 0.001962 0.55343
vt 0.010987 0.543433
vt 0.015828 0.549857
vt 0.277845 0.354005
vt 0.277947 0.340602
vt 0.285542 0.352368
vt 0.004793 0.561064
vt 0.744167 0.310784
vt 0.024078 0.535082
vt 0.597862 0.120535
vt 0.60448 0.128106
vt 0.597862 0.141936
vt 0.019237 0.528657
vt 0.137644 0.682207
vt 0.143606 0.666932
vt 0.143606 0.686302
vt 0.191442 0.54831
vt 0.162292 0.543547
vt 0.192002 0.574423
vt 0.232643 0.558669
vt 0.768124 0.305497
vt 0.753877 0.324893
vt 0.163763 0.564742
vt 0.099009 0.186716
vt 0.09768 0.197432
vt 0.452328 0.210546
vt 0.434612 0.199533
vt 0.471073 0.204436
vt 0.468275 0.182311
vt 0.486392 0.221111
vt 0.483173 0.196921
vt 0.492583 0.211052
vt 0.127583 0.201412
vt 0.476363 0.22939
vt 0.953475 0.56604
vt 0.950277 0.585522
vt 0.92116 0.56604
vt 0.317268 0.210399
vt 0.306089 0.175789
vt 0.317268 0.166477
vt 0.116037 0.206338
vt 0.945598 0.60448
vt 0.92299 0.595533
vt 0.976853 0.034506
vt 0.973765 0.060114
vt 0.963837 0.034506
vt 0.472082 0.373727
vt 0.484252 0.382072
vt 0.483192 0.410454
vt 0.472082 0.417459
vt 0.196381 0.711631
vt 0.765529 0.256688
vt 0.786546 0.228059
vt 0.483106 0.159114
vt 0.480417 0.18076
vt 0.490682 0.134477
vt 0.488395 0.164898
vt 0.500534 0.144069
vt 0.488334 0.184869
vt 0.742974 0.271848
vt 0.751425 0.273625
vt 0.742974 0.288881
vt 0.788162 0.207535
vt 0.786006 0.21201
vt 0.767776 0.206886
vt 0.76415 0.225462
vt 0.678366 0.964828
vt 0.679622 0.985202
vt 0.663518 0.985202
vt 0.975183 0.663788
vt 0.975183 0.689641
vt 0.956424 0.676398
vt 0.146945 0.520988
vt 0.139226 0.517015
vt 0.146945 0.506418
vt 0.95997 0.667207
vt 0.212971 0.716981
vt 0.194076 0.740359
vt 0.217078 0.717525
vt 0.215014 0.741804
vt 0.210206 0.741159
vt 0.503993 0.149693
vt 0.207836 0.766775
vt 0.194408 0.770328
vt 0.507258 0.118685
vt 0.521107 0.137959
vt 0.518993 0.131124
vt 0.213324 0.765146
vt 0.893332 0.268958
vt 0.739576 0.247991
vt 0.743158 0.268163
vt 0.747957 0.223488
vt 0.673295 0.748445
vt 0.655349 0.765731
vt 0.633121 0.756584
vt 0.641917 0.734688
vt 0.674613 0.726176
vt 0.281088 0.279136
vt 0.285542 0.294963
vt 0.266685 0.309048
vt 0.624788 0.774803
vt 0.780466 0.329144
vt 0.786492 0.335029
vt 0.780466 0.347326
vt 0.950813 0.930962
vt 0.958485 0.934911
vt 0.950813 0.960155
vt 0.503475 0.219362
vt 0.491584 0.199073
vt 0.653058 0.707673
vt 0.661616 0.703189
vt 0.515934 0.233777
vt 0.598048 0.085269
vt 0.602834 0.118558
vt 0.587764 0.113626
vt 0.646702 0.692488
vt 0.624788 0.718341
vt 0.640158 0.696245
vt 0.517542 0.226621
vt 0.124108 0.21034
vt 0.411214 0.748276
vt 0.419736 0.749536
vt 0.412581 0.769347
vt 0.156964 0.22732
vt 0.614167 0.086557
vt 0.148985 0.232107
vt 0.647896 0.309065
vt 0.643633 0.338405
vt 0.618874 0.342906
vt 0.428143 0.77795
vt 0.61308 0.314462
vt 0.816805 0.037684
vt 0.825312 0.034178
vt 0.831577 0.067529
vt 0.820492 0.067622
vt 0.642787 0.369776
vt 0.341066 0.953203
vt 0.002453 0.064323
vt 0.013359 0.0924
vt 0.002453 0.09685
vt 0.274295 0.326079
vt 0.267646 0.326806
vt 0.563881 0.620154
vt 0.588304 0.644556
vt 0.561535 0.639313
vt 0.550479 0.62639
vt 0.269445 0.340618
vt 0.592689 0.621093
vt 0.614885 0.644556
vt 0.544116 0.614128
vt 0.560476 0.594218
vt 0.541141 0.596816
vt 0.589149 0.591837
vt 0.619201 0.591969
vt 0.62049 0.621624
vt 0.53938 0.57922
vt 0.554024 0.572176
vt 0.580197 0.565997
vt 0.031935 0.55223
vt 0.61122 0.562463
vt 0.774049 0.820099
vt 0.781192 0.818545
vt 0.78333 0.847641
vt 0.538608 0.218552
vt 0.777348 0.847021
vt 0.919593 0.653371
vt 0.940117 0.671151
vt 0.919593 0.692981
vt 0.444176 0.940117
vt 0.42489 0.923425
vt 0.444176 0.901131
vt 0.599471 0.052672
vt 0.541026 0.225405
vt 0.617839 0.051687
vt 0.774049 0.875326
vt 0.587764 0.027904
vt 0.593903 0.05428
vt 0.8082 0.847519
vt 0.78074 0.878333
vt 0.637877 0.563047
vt 0.594401 0.021022
vt 0.816805 0.097372
vt 0.611711 0.378112
vt 0.647896 0.396645
vt 0.827005 0.10186
vt 0.616236 0.020243
vt 0.085927 0.170001
vt 0.054775 0.170323
vt 0.076184 0.1222
vt 0.110641 0.412713
vt 0.116426 0.453137
vt 0.086854 0.454746
vt 0.093692 0.141601
vt 0.110209 0.156473
vt 0.078063 0.413143
vt 0.048843 0.427622
vt 0.057477 0.457535
vt 0.962298 0.774803
vt 0.962298 0.753075
vt 0.968504 0.756346
vt 0.963926 0.74872
vt 0.987596 0.247966
vt 0.994056 0.241767
vt 0.996342 0.247966
vt 0.691252 0.924644
vt 0.698765 0.924974
vt 0.700587 0.945794
vt 0.69136 0.94401
vt 0.995307 0.606203
vt 0.987596 0.606203
vt 0.987873 0.599187
vt 0.649152 0.542833
vt 0.659584 0.561494
vt 0.651161 0.563108
vt 0.294978 0.637109
vt 0.289427 0.638379
vt 0.288869 0.633842
vt 0.943843 0.487746
vt 0.94017 0.465011
vt 0.946832 0.462729
vt 0.951805 0.485013
vt 0.690889 0.395977
vt 0.696321 0.389478
vt 0.696321 0.40076
vt 0.707084 0.924177
vt 0.691252 0.956815
vt 0.649152 0.574423
vt 0.173663 0.296208
vt 0.163705 0.30057
vt 0.163705 0.285872
vt 0.089218 0.889265
vt 0.088586 0.881579
vt 0.095167 0.880479
vt 0.917846 0.393269
vt 0.917972 0.387678
vt 0.925461 0.392478
vt 0.09772 0.88933
vt 0.928428 0.411201
vt 0.099832 0.908874
vt 0.089109 0.907583
vt 0.288869 0.644869
vt 0.29723 0.645335
vt 0.295868 0.652905
vt 0.711349 0.181807
vt 0.707225 0.187021
vt 0.707225 0.176562
vt 0.289997 0.651005
vt 0.499504 0.056172
vt 0.50596 0.056251
vt 0.500018 0.080161
vt 0.49079 0.055833
vt 0.936647 0.489332
vt 0.18707 0.30657
vt 0.192031 0.310414
vt 0.187978 0.313929
vt 0.906596 0.125369
vt 0.911178 0.125762
vt 0.900145 0.145336
vt 0.709679 0.943169
vt 0.192031 0.3029
vt 0.918409 0.126329
vt 0.916662 0.151132
vt 0.909244 0.147081
vt 0.49046 0.080421
vt 0.910344 0.161802
vt 0.492898 0.090171
vt 0.918409 0.161006
vt 0.067671 0.998588
vt 0.067671 0.992605
vt 0.069456 0.994214
vt 0.772618 0.794631
vt 0.772108 0.789934
vt 0.782473 0.78992
vt 0.198589 0.992606
vt 0.201254 0.997893
vt 0.198347 0.997893
vt 0.783152 0.796008
vt 0.853952 0.984747
vt 0.856712 0.988542
vt 0.852496 0.971566
vt 0.524618 0.587782
vt 0.51733 0.577912
vt 0.520962 0.575983
vt 0.527668 0.586691
vt 0.783152 0.8082
vt 0.771422 0.806134
vt 0.515735 0.575764
vt 0.522796 0.568402
vt 0.527668 0.569778
vt 0.518491 0.573948
vt 0.480912 0.248261
vt 0.908385 0.217723
vt 0.910661 0.216065
vt 0.911729 0.220807
vt 0.394509 0.59142
vt 0.388277 0.59947
vt 0.388504 0.593236
vt 0.389834 0.588003
vt 0.39742 0.59947
vt 0.002073 0.564334
vt 0.008349 0.570195
vt 0.002073 0.576093
vt 0.123385 0.591334
vt 0.123385 0.58245
vt 0.133374 0.584374
vt 0.130456 0.591031
vt 0.158634 0.146945
vt 0.155313 0.141406
vt 0.158634 0.136011
vt 0.941489 0.705315
vt 0.940369 0.682628
vt 0.946428 0.683177
vt 0.918884 0.412087
vt 0.949029 0.702545
vt 0.932987 0.707279
vt 0.932931 0.682926
vt 0.949486 0.547687
vt 0.940073 0.52492
vt 0.948812 0.523706
vt 0.94142 0.798914
vt 0.935847 0.801122
vt 0.935506 0.796209
vt 0.939622 0.816992
vt 0.993045 0.526791
vt 0.987596 0.526782
vt 0.987596 0.519846
vt 0.995474 0.519408
vt 0.903983 0.573019
vt 0.91146 0.571404
vt 0.907525 0.594685
vt 0.946796 0.818948
vt 0.929789 0.800164
vt 0.730684 0.059645
vt 0.730684 0.04394
vt 0.737319 0.04503
vt 0.738067 0.061784
vt 0.293891 0.91567
vt 0.291675 0.921795
vt 0.28768 0.913088
vt 0.283602 0.921218
vt 0.283158 0.931998
vt 0.291786 0.935251
vt 0.94748 0.277004
vt 0.950081 0.269287
vt 0.954446 0.277671
vt 0.956815 0.29848
vt 0.916739 0.594918
vt 0.947831 0.2989
vt 0.956815 0.271419
vt 0.989916 0.350558
vt 0.995263 0.350994
vt 0.996071 0.357976
vt 0.987596 0.357976
vt 0.395669 0.217756
vt 0.40076 0.222588
vt 0.395669 0.225274
vt 0.920704 0.002856
vt 0.928428 0.005787
vt 0.922637 0.021338
vt 0.914245 0.02272
vt 0.399789 0.228767
vt 0.459373 0.132463
vt 0.458301 0.116077
vt 0.463306 0.115575
vt 0.470893 0.116619
vt 0.468258 0.130133
vt 0.6805 0.946912
vt 0.673847 0.94561
vt 0.684632 0.933725
vt 0.511307 0.971429
vt 0.520771 0.970407
vt 0.522658 0.98713
vt 0.511733 0.988777
vt 0.502909 0.990212
vt 0.901028 0.164133
vt 0.917846 0.425804
vt 0.928137 0.429147
vt 0.088586 0.923734
vt 0.950136 0.716302
vt 0.40243 0.131026
vt 0.40243 0.141936
vt 0.399413 0.140794
vt 0.397492 0.130378
vt 0.939393 0.715141
vt 0.946634 0.719698
vt 0.686933 0.739203
vt 0.677571 0.733681
vt 0.6791 0.73149
vt 0.099609 0.925088
vt 0.277193 0.60782
vt 0.272812 0.60782
vt 0.274403 0.597406
vt 0.164462 0.934313
vt 0.164476 0.926628
vt 0.16925 0.926735
vt 0.684581 0.740149
vt 0.170323 0.93478
vt 0.957431 0.659482
vt 0.960155 0.662469
vt 0.951713 0.668842
vt 0.952643 0.678007
vt 0.948381 0.668019
vt 0.105673 0.886489
vt 0.127869 0.59611
vt 0.133587 0.596131
vt 0.93153 0.867948
vt 0.937726 0.868965
vt 0.927097 0.888577
vt 0.108539 0.905533
vt 0.422723 0.085748
vt 0.427477 0.087227
vt 0.422723 0.110209
vt 0.940722 0.547776
vt 0.933437 0.542412
vt 0.935062 0.52351
vt 0.937445 0.888703
vt 0.987596 0.20103
vt 0.996571 0.20103
vt 0.996215 0.205424
vt 0.936777 0.970872
vt 0.936007 0.975167
vt 0.926352 0.972019
vt 0.504259 0.961245
vt 0.48604 0.960127
vt 0.485946 0.949371
vt 0.931268 0.950894
vt 0.50596 0.94414
vt 0.932931 0.71459
vt 0.987596 0.152128
vt 0.996778 0.152128
vt 0.994067 0.155581
vt 0.92795 0.975381
vt 0.950135 0.555037
vt 0.943454 0.557755
vt 0.620432 0.64935
vt 0.618394 0.64225
vt 0.622429 0.640333
vt 0.626188 0.650146
vt 0.483687 0.969475
vt 0.933437 0.557919
vt 0.938447 0.904576
vt 0.621773 0.659584
vt 0.937009 0.561064
vt 0.618394 0.656684
vt 0.880014 0.92251
vt 0.890331 0.945361
vt 0.879218 0.944265
vt 0.50596 0.971843
vt 0.802827 0.9697
vt 0.813433 0.9702
vt 0.814879 0.985284
vt 0.802827 0.986872
vt 0.927097 0.90672
vt 0.685925 0.749465
vt 0.689641 0.75095
vt 0.16959 0.944184
vt 0.960155 0.685142
vt 0.950043 0.679306
vt 0.164462 0.945126
vt 0.957602 0.687972
vt 0.627093 0.947845
vt 0.639248 0.948022
vt 0.628149 0.973435
vt 0.617009 0.972512
vt 0.617009 0.947256
vt 0.681005 0.758105
vt 0.88894 0.949028
vt 0.898442 0.951822
vt 0.896824 0.956815
vt 0.677571 0.756681
vt 0.90171 0.949515
vt 0.90171 0.921973
vt 0.641216 0.975183
vt 0.929789 0.829065
vt 0.933091 0.814518
vt 0.903983 0.612644
vt 0.937389 0.834917
vt 0.287072 0.946563
vt 0.293891 0.950136
vt 0.576695 0.327678
vt 0.573651 0.318771
vt 0.57741 0.317368
vt 0.040076 0.984153
vt 0.039052 0.987905
vt 0.029933 0.985001
vt 0.590451 0.32838
vt 0.040076 0.970387
vt 0.591121 0.316926
vt 0.279771 0.943675
vt 0.572844 0.326797
vt 0.354515 0.10167
vt 0.359014 0.107602
vt 0.354515 0.108637
vt 0.031445 0.988542
vt 0.675316 0.961824
vt 0.928428 0.037373
vt 0.470893 0.140266
vt 0.412773 0.70526
vt 0.416421 0.704097
vt 0.415673 0.712267
vt 0.365828 0.015029
vt 0.365828 0.002035
vt 0.372373 0.012933
vt 0.419128 0.714364
vt 0.574855 0.337278
vt 0.684632 0.9586
vt 0.914764 0.616169
vt 0.90749 0.023962
vt 0.913082 0.046755
vt 0.356023 0.11773
vt 0.358382 0.118558
vt 0.256659 0.208549
vt 0.260494 0.20943
vt 0.256174 0.218838
vt 0.25359 0.219456
vt 0.020441 0.986397
vt 0.030333 0.967897
vt 0.987596 0.097174
vt 0.994593 0.091762
vt 0.996856 0.097174
vt 0.844936 0.975526
vt 0.840332 0.965973
vt 0.842638 0.964884
vt 0.260494 0.226712
vt 0.258438 0.228767
vt 0.323948 0.961509
vt 0.323476 0.972121
vt 0.304498 0.960471
vt 0.019096 0.967094
vt 0.841477 0.975204
vt 0.834647 0.966513
vt 0.834647 0.975734
vt 0.920157 0.043714
vt 0.412773 0.720777
vt 0.332166 0.392295
vt 0.328955 0.39245
vt 0.333967 0.384337
vt 0.996904 0.120102
vt 0.995028 0.123402
vt 0.987596 0.120102
vt 0.414802 0.723038
vt 0.340759 0.863698
vt 0.35059 0.879852
vt 0.340759 0.880002
vt 0.591121 0.338976
vt 0.333967 0.399679
vt 0.331024 0.40076
vt 0.782452 0.92533
vt 0.791087 0.925085
vt 0.791455 0.928865
vt 0.783171 0.931121
vt 0.841331 0.983772
vt 0.844774 0.985202
vt 0.835608 0.985126
vt 0.792366 0.931949
vt 0.782488 0.934351
vt 0.798181 0.946739
vt 0.350665 0.86241
vt 0.773729 0.933173
vt 0.77513 0.930253
vt 0.323948 0.982653
vt 0.303887 0.973001
vt 0.787777 0.951606
vt 0.304359 0.983532
vt 0.144021 0.59851
vt 0.138912 0.59947
vt 0.145276 0.589645
vt 0.589 0.448183
vt 0.593055 0.440597
vt 0.596131 0.444367
vt 0.761654 0.329008
vt 0.76014 0.320674
vt 0.764908 0.319934
vt 0.766445 0.3288
vt 0.596131 0.450535
vt 0.138912 0.585672
vt 0.048425 0.182222
vt 0.039643 0.192031
vt 0.039643 0.170644
vt 0.469223 0.544911
vt 0.461427 0.541667
vt 0.467217 0.536874
vt 0.956815 0.802432
vt 0.947319 0.79006
vt 0.954833 0.787758
vt 0.163644 0.963243
vt 0.147724 0.96291
vt 0.162271 0.949565
vt 0.419128 0.389071
vt 0.411667 0.389071
vt 0.415212 0.376034
vt 0.461427 0.54708
vt 0.468088 0.551045
vt 0.767574 0.312368
vt 0.773133 0.321271
vt 0.348029 0.002762
vt 0.354005 0.002986
vt 0.353907 0.019225
vt 0.345708 0.020276
vt 0.671273 0.955038
vt 0.661678 0.936332
vt 0.670786 0.937603
vt 0.947319 0.805832
vt 0.95141 0.816549
vt 0.163644 0.974409
vt 0.510969 0.587782
vt 0.502339 0.579698
vt 0.510969 0.574063
vt 0.147462 0.975183
vt 0.354005 0.030822
vt 0.346163 0.030412
vt 0.589898 0.454195
vt 0.773133 0.330627
vt 0.949272 0.88542
vt 0.940771 0.888187
vt 0.94623 0.870659
vt 0.952439 0.869837
vt 0.949551 0.897227
vt 0.941341 0.900041
vt 0.651384 0.936593
vt 0.64924 0.953545
vt 0.958485 0.884121
vt 0.661276 0.954196
vt 0.958474 0.895881
vt 0.650334 0.965164
vt 0.660483 0.963893
vt 0.669591 0.965164
vt 0.206911 0.992605
vt 0.207498 0.997306
vt 0.206911 0.997974
vt 0.445846 0.370118
vt 0.44363 0.379052
vt 0.44363 0.368899
vt 0.307249 0.383251
vt 0.307249 0.39909
vt 0.305208 0.384118
vt 0.987596 0.412984
vt 0.996045 0.414526
vt 0.987648 0.417227
vt 0.353478 0.035067
vt 0.987596 0.795308
vt 0.988625 0.794816
vt 0.989428 0.796723
vt 0.476814 0.995284
vt 0.476814 0.993129
vt 0.477825 0.992605
vt 0.477825 0.994761
vt 0.990457 0.796232
vt 0.990858 0.797185
vt 0.994667 0.794816
vt 0.354082 0.992605
vt 0.35436 0.996143
vt 0.354082 0.997233
vt 0.994878 0.749802
vt 0.987596 0.749802
vt 0.99092 0.748028
vt 0.990274 0.759691
vt 0.987596 0.758303
vt 0.994872 0.758303
vt 0.001197 0.998715
vt 0.001197 0.992606
vt 0.004233 0.992852
vt 0.095229 0.183158
vt 0.095229 0.169992
vt 0.09852 0.183682
vt 0.50596 0.252145
vt 0.503272 0.244303
vt 0.50596 0.242089
vt 0.995599 0.417227
vt 0.092532 0.182751
vt 0.092532 0.169585
vt 0.495354 0.050926
vt 0.492676 0.036138
vt 0.495941 0.03714
vt 0.971519 0.634525
vt 0.974022 0.632261
vt 0.976853 0.643572
vt 0.974462 0.642651
vt 0.492676 0.051765
vt 0.313889 0.508882
vt 0.313929 0.523881
vt 0.295983 0.508882
vt 0.821558 0.746833
vt 0.821558 0.76476
vt 0.811238 0.748249
vt 0.971519 0.651695
vt 0.987596 0.838852
vt 0.994457 0.838852
vt 0.994108 0.842265
vt 0.994736 0.777604
vt 0.987678 0.780273
vt 0.987596 0.777604
vt 0.951442 0.900041
vt 0.042284 0.438197
vt 0.039945 0.428323
vt 0.042575 0.428705
vt 0.044308 0.436724
vt 0.295986 0.522385
vt 0.032642 0.809074
vt 0.041399 0.812325
vt 0.032642 0.824168
vt 0.295566 0.531007
vt 0.18107 0.94553
vt 0.178615 0.938632
vt 0.19493 0.941686
vt 0.195371 0.936088
vt 0.810407 0.764784
vt 0.189394 0.00545
vt 0.193701 0.001633
vt 0.193701 0.016698
vt 0.993853 0.970356
vt 0.990744 0.97161
vt 0.987596 0.970356
vt 0.993466 0.971429
vt 0.437495 0.370921
vt 0.440836 0.361592
vt 0.440664 0.367423
vt 0.118542 0.992605
vt 0.118542 0.998341
vt 0.116658 0.99429
vt 0.440836 0.377383
vt 0.154998 0.992605
vt 0.156423 0.996311
vt 0.154998 0.99821
vt 0.177002 0.587782
vt 0.174963 0.57962
vt 0.177002 0.573796
vt 0.652873 0.221234
vt 0.654575 0.227546
vt 0.652873 0.233777
vt 0.050095 0.442406
vt 0.04868 0.446041
vt 0.534347 0.243997
vt 0.531387 0.253815
vt 0.527455 0.252723
vt 0.530108 0.244307
vt 0.951805 0.497015
vt 0.943022 0.496596
vt 0.50596 0.087896
vt 0.500533 0.088328
vt 0.386525 0.996648
vt 0.386255 0.994125
vt 0.386525 0.992605
vt 0.987596 0.939269
vt 0.991787 0.938416
vt 0.994104 0.939269
vt 0.270513 0.474233
vt 0.26863 0.470611
vt 0.270513 0.463804
vt 0.512733 0.523973
vt 0.515979 0.52882
vt 0.512733 0.534347
vt 0.994816 0.773785
vt 0.994144 0.77521
vt 0.993773 0.774244
vt 0.378247 0.996383
vt 0.377145 0.996648
vt 0.377145 0.992605
vt 0.992423 0.667309
vt 0.994254 0.664702
vt 0.995365 0.664524
vt 0.987596 0.664524
vt 0.353177 0.646556
vt 0.350697 0.646433
vt 0.353546 0.636641
vt 0.974714 0.839503
vt 0.984933 0.839503
vt 0.985202 0.856625
vt 0.357345 0.639842
vt 0.545065 0.103287
vt 0.543831 0.113549
vt 0.53981 0.11255
vt 0.973994 0.855311
vt 0.525299 0.10191
vt 0.950186 0.49928
vt 0.037273 0.12232
vt 0.037433 0.113699
vt 0.040076 0.113668
vt 0.040076 0.123568
vt 0.355386 0.647008
vt 0.357345 0.656098
vt 0.354211 0.656049
vt 0.465991 0.962068
vt 0.475903 0.961568
vt 0.475843 0.981405
vt 0.3509 0.657915
vt 0.464735 0.982803
vt 0.987596 0.149734
vt 0.996661 0.145477
vt 0.996759 0.149734
vt 0.547706 0.107763
vt 0.566725 0.727154
vt 0.572302 0.726567
vt 0.567393 0.73473
vt 0.22081 0.285833
vt 0.223758 0.290732
vt 0.221634 0.295306
vt 0.080385 0.013989
vt 0.088501 0.002778
vt 0.086649 0.013882
vt 0.088501 0.028387
vt 0.508654 0.419834
vt 0.512639 0.429745
vt 0.508654 0.434157
vt 0.530542 0.09379
vt 0.684861 0.973292
vt 0.692981 0.959345
vt 0.692981 0.980193
vt 0.572753 0.736857
vt 0.223576 0.29496
vt 0.22081 0.30224
vt 0.175512 0.5877
vt 0.987596 0.852567
vt 0.994492 0.852567
vt 0.994005 0.854066
vt 0.654461 0.233725
vt 0.511253 0.091523
vt 0.51552 0.110662
vt 0.53449 0.083835
vt 0.670525 0.090709
vt 0.677953 0.099266
vt 0.665995 0.106021
vt 0.552715 0.202398
vt 0.546007 0.222088
vt 0.539019 0.202398
vt 0.039945 0.452525
vt 0.043416 0.826568
vt 0.038592 0.220063
vt 0.041746 0.233777
vt 0.028999 0.230878
vt 0.026779 0.219263
vt 0.176215 0.95308
vt 0.17779 0.96284
vt 0.173103 0.965164
vt 0.19184 0.965164
vt 0.169113 0.949643
vt 0.925523 0.882698
vt 0.920856 0.885012
vt 0.923475 0.869699
vt 0.928428 0.867962
vt 0.928428 0.850173
vt 0.914409 0.856391
vt 0.345715 0.800392
vt 0.337033 0.8117
vt 0.324579 0.800659
vt 0.332832 0.787956
vt 0.355675 0.789246
vt 0.33266 0.814526
vt 0.498565 0.100446
vt 0.313804 0.836284
vt 0.329384 0.834473
vt 0.518636 0.075934
vt 0.31387 0.812035
vt 0.321392 0.77795
vt 0.825889 0.917803
vt 0.843266 0.911116
vt 0.834971 0.932524
vt 0.821099 0.938447
vt 0.527455 0.234152
vt 0.531196 0.232445
vt 0.715488 0.662924
vt 0.713409 0.65267
vt 0.72846 0.65328
vt 0.041746 0.208987
vt 0.996389 0.337961
vt 0.993279 0.339311
vt 0.987596 0.337961
vt 0.987596 0.505552
vt 0.989022 0.502869
vt 0.995753 0.505552
vt 0.237116 0.358675
vt 0.234111 0.344202
vt 0.237116 0.342547
vt 0.188302 0.072254
vt 0.190361 0.080336
vt 0.188302 0.088501
vt 0.609489 0.016698
vt 0.606181 0.009004
vt 0.609489 0.003159
vt 0.234639 0.359014
vt 0.975414 0.652905
vt 0.713475 0.644127
vt 0.729717 0.644127
vt 0.605004 0.654278
vt 0.609489 0.650358
vt 0.609489 0.662924
vt 0.962218 0.797689
vt 0.958958 0.784958
vt 0.968504 0.795789
vt 0.96848 0.811539
vt 0.958958 0.809586
vt 0.18991 0.088421
vt 0.606094 0.016284
vt 0.417458 0.44133
vt 0.415837 0.455865
vt 0.411192 0.44133
vt 0.836922 0.896065
vt 0.668472 0.430197
vt 0.667606 0.442506
vt 0.652321 0.442506
vt 0.648902 0.426967
vt 0.820003 0.899265
vt 0.916789 0.289578
vt 0.918409 0.302228
vt 0.901752 0.290025
vt 0.669603 0.418979
vt 0.904483 0.306838
vt 0.127485 0.287996
vt 0.112538 0.280286
vt 0.128577 0.276196
vt 0.1052 0.205841
vt 0.1052 0.227097
vt 0.093599 0.211495
vt 0.807929 0.904367
vt 0.541858 0.064009
vt 0.677953 0.120169
vt 0.516003 0.044432
vt 0.91517 0.844908
vt 0.886312 0.289578
vt 0.88862 0.321542
vt 0.545644 0.043034
vt 0.670218 0.121898
vt 0.080152 0.30391
vt 0.074793 0.293538
vt 0.080152 0.28807
vt 0.735905 0.446546
vt 0.726605 0.437818
vt 0.738067 0.427146
vt 0.120539 0.30576
vt 0.910727 0.335637
vt 0.128577 0.310589
vt 0.118067 0.97751
vt 0.140266 0.957905
vt 0.140266 0.980193
vt 0.192031 0.60671
vt 0.182451 0.60782
vt 0.182451 0.574614
vt 0.453064 0.569057
vt 0.452168 0.596702
vt 0.442568 0.597801
vt 0.155295 0.423764
vt 0.153874 0.457535
vt 0.445088 0.565452
vt 0.395113 0.586344
vt 0.493719 0.029837
vt 0.484526 0.02741
vt 0.490095 0.003545
vt 0.52464 0.008224
vt 0.499117 0.001475
vt 0.946474 0.032503
vt 0.953475 0.028589
vt 0.953475 0.058444
vt 0.99332 0.282232
vt 0.992889 0.283289
vt 0.987596 0.281108
vt 0.42403 0.996052
vt 0.423095 0.993161
vt 0.42403 0.992605
vt 0.996478 0.281108
vt 0.082847 0.996502
vt 0.081356 0.996559
vt 0.081356 0.992605
vt 0.451964 0.992606
vt 0.451964 0.995821
vt 0.450395 0.995509
vt 0.081356 0.998536
vt 0.473137 0.995349
vt 0.473137 0.992606
vt 0.47442 0.993247
vt 0.474147 0.994949
vt 0.091841 0.004847
vt 0.090727 0.004596
vt 0.091154 0.002295
vt 0.090727 0.013359
vt 0.204517 0.997978
vt 0.203648 0.993333
vt 0.204517 0.992605
vt 0.650314 0.07744
vt 0.654575 0.0687
vt 0.654575 0.080152
vt 0.276932 0.672943
vt 0.276932 0.661383
vt 0.280532 0.670166
vt 0.995405 0.643598
vt 0.992589 0.64663
vt 0.987596 0.643598
vt 0.995499 0.574158
vt 0.990856 0.576423
vt 0.987596 0.574158
vt 0.285567 0.969748
vt 0.290356 0.967226
vt 0.292221 0.975183
vt 0.401466 0.99637
vt 0.398426 0.994042
vt 0.401466 0.992606
vt 0.987987 0.579412
vt 0.286693 0.966289
vt 0.292221 0.961325
vt 0.59446 0.085882
vt 0.591154 0.081268
vt 0.594461 0.080679
vt 0.229014 0.99774
vt 0.226665 0.995176
vt 0.229014 0.992605
vt 0.290487 0.12339
vt 0.293891 0.124559
vt 0.293891 0.140266
vt 0.290935 0.951995
vt 0.290487 0.139098
vt 0.591154 0.093511
vt 0.036736 0.557252
vt 0.036736 0.566754
vt 0.032898 0.565366
vt 0.450803 0.477478
vt 0.452525 0.486087
vt 0.450803 0.487592
vt 0.015242 0.14106
vt 0.014692 0.163906
vt 0.007543 0.160573
vt 0.047587 0.127773
vt 0.810066 0.922573
vt 0.008463 0.142245
vt 0.002543 0.127923
vt 0.807929 0.937277
vt 0.773132 0.53679
vt 0.766876 0.531969
vt 0.784822 0.521921
vt 0.007409 0.1222
vt 0.297692 0.777075
vt 0.317474 0.765899
vt 0.297692 0.810184
vt 0.763546 0.552746
vt 0.439532 0.163181
vt 0.401182 0.148685
vt 0.427354 0.117711
vt 0.752959 0.552497
vt 0.450855 0.125595
vt 0.298901 0.766241
vt 0.428648 0.19417
vt 0.388644 0.173529
vt 0.106869 0.012128
vt 0.101767 0.003389
vt 0.104729 0.001491
vt 0.991448 0.94296
vt 0.987596 0.94296
vt 0.989286 0.941663
vt 0.994006 0.941859
vt 0.993473 0.398314
vt 0.987596 0.397553
vt 0.989631 0.396496
vt 0.992277 0.397221
vt 0.996199 0.393476
vt 0.988723 0.394102
vt 0.990133 0.391133
vt 0.991727 0.402973
vt 0.989477 0.400708
vt 0.996224 0.401775
vt 0.269986 0.282369
vt 0.272183 0.275492
vt 0.272183 0.290551
vt 0.111585 0.304519
vt 0.109674 0.291185
vt 0.111879 0.298371
vt 0.996154 0.4318
vt 0.99008 0.4318
vt 0.991399 0.430205
vt 0.270332 0.288165
vt 0.987596 0.391133
vt 0.987596 0.402973
vt 0.109674 0.307249
vt 0.987596 0.431231
vt 0.218485 0.644576
vt 0.219686 0.639063
vt 0.222088 0.639636
vt 0.392884 0.205736
vt 0.394081 0.206629
vt 0.392884 0.218748
vt 0.222088 0.651235
vt 0.495941 0.686097
vt 0.492602 0.692981
vt 0.492602 0.681134
vt 0.121819 0.998374
vt 0.120936 0.99717
vt 0.121819 0.992605
vt 0.996254 0.396496
vt 0.99549 0.592399
vt 0.987596 0.592399
vt 0.989456 0.588581
vt 0.103641 0.012083
vt 0.987596 0.71277
vt 0.994941 0.71277
vt 0.994031 0.71619
vt 0.962106 0.148669
vt 0.969783 0.14559
vt 0.971903 0.147579
vt 0.962767 0.151955
vt 0.101767 0.020038
vt 0.521055 0.990212
vt 0.996567 0.028538
vt 0.987596 0.032749
vt 0.988016 0.029078
vt 0.976853 0.137734
vt 0.997115 0.032749
vt 0.974374 0.137315
vt 0.968883 0.359083
vt 0.979931 0.359222
vt 0.968883 0.382118
vt 0.456188 0.96047
vt 0.456188 0.983532
vt 0.902806 0.166449
vt 0.913168 0.166059
vt 0.904507 0.170323
vt 0.911794 0.163152
vt 0.972604 0.128007
vt 0.969766 0.129157
vt 0.527464 0.313086
vt 0.537811 0.314059
vt 0.536825 0.337306
vt 0.980193 0.382392
vt 0.527464 0.3363
vt 0.988216 0.435691
vt 0.987596 0.434194
vt 0.996115 0.434194
vt 0.962106 0.126533
vt 0.566725 0.744746
vt 0.549375 0.336021
vt 0.548231 0.315527
vt 0.914906 0.976853
vt 0.91869 0.950894
vt 0.707742 0.390669
vt 0.707911 0.401993
vt 0.700751 0.389148
vt 0.714037 0.380496
vt 0.904548 0.953068
vt 0.915069 0.954558
vt 0.904548 0.976853
vt 0.701705 0.404006
vt 0.706122 0.412694
vt 0.715717 0.408188
vt 0.420761 0.610933
vt 0.392845 0.603831
vt 0.418948 0.595755
vt 0.392913 0.630454
vt 0.695007 0.421738
vt 0.420798 0.628905
vt 0.710963 0.376853
vt 0.2995 0.838257
vt 0.361928 0.634606
vt 0.360511 0.608461
vt 0.703963 0.443674
vt 0.705075 0.435114
vt 0.727632 0.44563
vt 0.700928 0.423633
vt 0.698238 0.442663
vt 0.392678 0.648824
vt 0.419189 0.652033
vt 0.717902 0.451533
vt 0.705217 0.453509
vt 0.99602 0.366055
vt 0.987596 0.368651
vt 0.987596 0.36037
vt 0.520988 0.544366
vt 0.515737 0.53616
vt 0.520988 0.527476
vt 0.554385 0.903051
vt 0.545195 0.894992
vt 0.539834 0.877639
vt 0.547706 0.013851
vt 0.728133 0.453072
vt 0.550247 0.905094
vt 0.550798 0.917323
vt 0.54633 0.913676
vt 0.695007 0.462436
vt 0.701832 0.464214
vt 0.787813 0.955145
vt 0.539834 0.921748
vt 0.415693 0.673874
vt 0.390988 0.668251
vt 0.360511 0.661906
vt 0.987596 0.073589
vt 0.99505 0.070022
vt 0.997031 0.073589
vt 0.990624 0.480851
vt 0.991015 0.478906
vt 0.995904 0.479182
vt 0.773729 0.9551
vt 0.779018 0.950429
vt 0.414024 0.687972
vt 0.389832 0.684784
vt 0.90191 0.753095
vt 0.886872 0.750285
vt 0.904694 0.730405
vt 0.505013 0.992605
vt 0.505485 0.994075
vt 0.505013 0.99491
vt 0.557764 0.437952
vt 0.559394 0.44238
vt 0.557764 0.450855
vt 0.574423 0.552715
vt 0.573122 0.543992
vt 0.574423 0.539052
vt 0.407439 0.082259
vt 0.404967 0.081832
vt 0.403781 0.069861
vt 0.988375 0.479741
vt 0.987596 0.478906
vt 0.410958 0.995523
vt 0.41253 0.992606
vt 0.41253 0.996229
vt 0.44765 0.992605
vt 0.448001 0.993579
vt 0.44765 0.995964
vt 0.991639 0.407592
vt 0.990403 0.405367
vt 0.996167 0.406245
vt 0.545574 0.644556
vt 0.547655 0.639495
vt 0.549893 0.642309
vt 0.362429 0.680117
vt 0.290551 0.486559
vt 0.27436 0.46463
vt 0.283764 0.459872
vt 0.760673 0.579624
vt 0.641512 0.61206
vt 0.666668 0.608915
vt 0.668818 0.657064
vt 0.641334 0.652543
vt 0.280589 0.488587
vt 0.772324 0.575507
vt 0.282071 0.511667
vt 0.290466 0.513991
vt 0.776591 0.59947
vt 0.784822 0.594039
vt 0.996815 0.168942
vt 0.987596 0.168942
vt 0.988865 0.167052
vt 0.342623 0.118127
vt 0.345656 0.118311
vt 0.343327 0.127511
vt 0.00501 0.157574
vt 0.002797 0.144463
vt 0.00501 0.143321
vt 0.291564 0.464011
vt 0.293891 0.473771
vt 0.291564 0.479242
vt 0.345656 0.133587
vt 0.002944 0.160304
vt 0.551045 0.640036
vt 0.545574 0.625183
vt 0.693689 0.608915
vt 0.27436 0.526821
vt 0.281239 0.531007
vt 0.281851 0.450795
vt 0.30391 0.453404
vt 0.295389 0.460874
vt 0.002061 0.526327
vt 0.008349 0.541873
vt 0.002061 0.547706
vt 0.70721 0.657647
vt 0.639405 0.686621
vt 0.66864 0.697547
vt 0.994064 0.921866
vt 0.992812 0.924644
vt 0.987596 0.921866
vt 0.987596 0.407592
vt 0.403781 0.085162
vt 0.406746 0.084488
vt 0.30391 0.402504
vt 0.726378 0.926286
vt 0.726238 0.94644
vt 0.713479 0.953475
vt 0.793432 0.91797
vt 0.777584 0.883038
vt 0.793602 0.887666
vt 0.713479 0.922577
vt 0.80486 0.88335
vt 0.80486 0.928428
vt 0.881672 0.620355
vt 0.87049 0.571323
vt 0.8814 0.581134
vt 0.77921 0.923624
vt 0.715756 0.95666
vt 0.729717 0.960041
vt 0.728954 0.9798
vt 0.864974 0.651235
vt 0.853093 0.595826
vt 0.864974 0.590909
vt 0.715756 0.980193
vt 0.87049 0.629527
vt 0.91006 0.50763
vt 0.895688 0.461246
vt 0.91006 0.465233
vt 0.337306 0.871653
vt 0.327185 0.858411
vt 0.337306 0.816071
vt 0.271196 0.025908
vt 0.278037 0.035777
vt 0.267312 0.036786
vt 0.728048 0.056774
vt 0.717086 0.050689
vt 0.728048 0.027285
vt 0.283872 0.079605
vt 0.896213 0.506037
vt 0.27194 0.077985
vt 0.538585 0.606113
vt 0.542182 0.64736
vt 0.527301 0.613691
vt 0.704572 0.045257
vt 0.706617 0.022887
vt 0.427478 0.937047
vt 0.417978 0.953475
vt 0.417978 0.922546
vt 0.556055 0.979982
vt 0.540678 0.985202
vt 0.555332 0.965312
vt 0.540678 0.962586
vt 0.422571 0.791006
vt 0.439159 0.821558
vt 0.411214 0.819325
vt 0.440708 0.804306
vt 0.267312 0.1052
vt 0.525269 0.647578
vt 0.546036 0.676045
vt 0.545897 0.49779
vt 0.539657 0.47809
vt 0.570709 0.461579
vt 0.593565 0.491312
vt 0.595798 0.454912
vt 0.526892 0.674165
vt 0.724924 0.002161
vt 0.470874 0.229659
vt 0.469555 0.254409
vt 0.452461 0.255689
vt 0.550422 0.535136
vt 0.539657 0.524838
vt 0.451426 0.271089
vt 0.467098 0.269356
vt 0.26223 0.138596
vt 0.262116 0.123828
vt 0.273853 0.121767
vt 0.470893 0.303513
vt 0.4528 0.305905
vt 0.260218 0.101172
vt 0.239919 0.091812
vt 0.589438 0.535627
vt 0.627257 0.541027
vt 0.619539 0.465843
vt 0.63399 0.503399
vt 0.451426 0.348995
vt 0.637877 0.554385
vt 0.449585 0.762123
vt 0.465884 0.779519
vt 0.321603 0.310488
vt 0.305256 0.340656
vt 0.284203 0.341035
vt 0.916739 0.697991
vt 0.90485 0.672969
vt 0.916739 0.652778
vt 0.524369 0.695107
vt 0.329764 0.340965
vt 0.318513 0.388819
vt 0.30385 0.377481
vt 0.546036 0.697991
vt 0.335908 0.371409
vt 0.364468 0.373879
vt 0.385855 0.392411
vt 0.341059 0.391368
vt 0.355255 0.356039
vt 0.392411 0.380874
vt 0.888352 0.283872
vt 0.878491 0.276365
vt 0.888352 0.232738
vt 0.402688 0.871811
vt 0.415789 0.883197
vt 0.402688 0.916739
vt 0.341235 0.311552
vt 0.356178 0.31288
vt 0.3606 0.344786
vt 0.885189 0.667771
vt 0.619056 0.4041
vt 0.325315 0.275393
vt 0.226811 0.350665
vt 0.226811 0.311448
vt 0.243796 0.323171
vt 0.56167 0.86443
vt 0.588322 0.866371
vt 0.56167 0.889797
vt 0.589315 0.88716
vt 0.497764 0.868264
vt 0.520988 0.90338
vt 0.494632 0.90338
vt 0.475982 0.871749
vt 0.573411 0.915069
vt 0.472588 0.899668
vt 0.527667 0.356235
vt 0.502753 0.364614
vt 0.49743 0.334999
vt 0.521487 0.330128
vt 0.605394 0.8732
vt 0.517678 0.640149
vt 0.498607 0.623611
vt 0.513964 0.613569
vt 0.469658 0.369033
vt 0.51821 0.871058
vt 0.367804 0.274706
vt 0.352443 0.270365
vt 0.360606 0.314063
vt 0.47425 0.335957
vt 0.477991 0.294939
vt 0.499241 0.295123
vt 0.37354 0.357585
vt 0.372373 0.536525
vt 0.349769 0.554385
vt 0.367272 0.524456
vt 0.901368 0.049133
vt 0.88838 0.050095
vt 0.88838 0.001324
vt 0.90672 0.004581
vt 0.518428 0.863195
vt 0.462256 0.364593
vt 0.50219 0.849823
vt 0.134725 0.529065
vt 0.151955 0.533745
vt 0.139142 0.556612
vt 0.325114 0.530579
vt 0.323215 0.546113
vt 0.151955 0.562734
vt 0.726161 0.101622
vt 0.692204 0.099673
vt 0.72045 0.059505
vt 0.755134 0.077406
vt 0.331067 0.510025
vt 0.372232 0.275889
vt 0.950426 0.077096
vt 0.95222 0.063013
vt 0.961824 0.065886
vt 0.959016 0.07865
vt 0.387725 0.797094
vt 0.968302 0.838067
vt 0.958692 0.838257
vt 0.50879 0.190098
vt 0.507736 0.20044
vt 0.496222 0.200188
vt 0.952826 0.091343
vt 0.498698 0.187488
vt 0.238786 0.474233
vt 0.232404 0.461855
vt 0.238786 0.459031
vt 0.108539 0.700019
vt 0.108539 0.711349
vt 0.099243 0.709868
vt 0.909506 0.446408
vt 0.913618 0.447585
vt 0.308235 0.029171
vt 0.432803 0.092781
vt 0.439166 0.102553
vt 0.431172 0.101342
vt 0.428708 0.095931
vt 0.310589 0.030057
vt 0.732524 0.277192
vt 0.709531 0.277192
vt 0.374706 0.965164
vt 0.522147 0.194506
vt 0.516564 0.20372
vt 0.541985 0.555579
vt 0.541985 0.545555
vt 0.544676 0.545792
vt 0.904991 0.455865
vt 0.950339 0.430027
vt 0.958485 0.42372
vt 0.958485 0.452525
vt 0.949225 0.447577
vt 0.465884 0.791554
vt 0.465884 0.80987
vt 0.457418 0.79685
vt 0.901765 0.453609
vt 0.546036 0.556055
vt 0.430473 0.109381
vt 0.439166 0.11479
vt 0.032396 0.296868
vt 0.038223 0.296466
vt 0.038406 0.300952
vt 0.033785 0.289057
vt 0.032396 0.30224
vt 0.972777 0.944667
vt 0.981862 0.94267
vt 0.981242 0.948466
vt 0.996214 0.330555
vt 0.989698 0.335568
vt 0.987596 0.330555
vt 0.987596 0.547861
vt 0.994836 0.547861
vt 0.99093 0.554355
vt 0.116437 0.519318
vt 0.110501 0.518208
vt 0.110501 0.508596
vt 0.972487 0.941242
vt 0.974793 0.931788
vt 0.979791 0.931341
vt 0.995455 0.554355
vt 0.96557 0.941814
vt 0.967255 0.945102
vt 0.987596 0.907229
vt 0.993327 0.903295
vt 0.994058 0.907229
vt 0.966965 0.938204
vt 0.970085 0.932185
vt 0.40165 0.80152
vt 0.961824 0.091841
vt 0.966029 0.081501
vt 0.96806 0.06466
vt 0.978523 0.066239
vt 0.978523 0.090171
vt 0.417458 0.788131
vt 0.844746 0.569487
vt 0.843787 0.556787
vt 0.859965 0.567056
vt 0.852883 0.585268
vt 0.674164 0.421652
vt 0.689641 0.421652
vt 0.677745 0.442506
vt 0.491261 0.182733
vt 0.505094 0.171972
vt 0.515902 0.178309
vt 0.498784 0.167647
vt 0.513596 0.158709
vt 0.508582 0.152831
vt 0.845242 0.584176
vt 0.436294 0.116888
vt 0.428551 0.112354
vt 0.996511 0.250915
vt 0.987596 0.252879
vt 0.99056 0.25036
vt 0.359014 0.554866
vt 0.35813 0.564015
vt 0.355928 0.559195
vt 0.136884 0.940183
vt 0.13044 0.937897
vt 0.131182 0.933741
vt 0.125061 0.934827
vt 0.995359 0.252879
vt 0.96557 0.931392
vt 0.133554 0.942837
vt 0.031375 0.994017
vt 0.029589 0.998703
vt 0.029589 0.992605
vt 0.128762 0.938489
vt 0.1052 0.621654
vt 0.1052 0.638155
vt 0.097884 0.634182
vt 0.453428 0.803336
vt 0.102728 0.641216
vt 0.523138 0.185929
vt 0.456721 0.792978
vt 0.524729 0.181589
vt 0.44874 0.805949
vt 0.531271 0.184893
vt 0.527825 0.195476
vt 0.537224 0.173558
vt 0.532376 0.196017
vt 0.351802 0.567731
vt 0.359014 0.576093
vt 0.138596 0.948168
vt 0.138561 0.939592
vt 0.349445 0.56474
vt 0.691392 0.359584
vt 0.692981 0.359842
vt 0.691392 0.365694
vt 0.691818 0.354285
vt 0.686767 0.359078
vt 0.13335 0.942772
vt 0.133517 0.949023
vt 0.12451 0.946707
vt 0.996924 0.020534
vt 0.992149 0.021795
vt 0.994392 0.015119
vt 0.135194 0.948432
vt 0.131505 0.9539
vt 0.538981 0.197555
vt 0.534578 0.195621
vt 0.538876 0.187666
vt 0.543142 0.190699
vt 0.135637 0.957137
vt 0.686885 0.442582
vt 0.692277 0.441995
vt 0.692981 0.444176
vt 0.686767 0.365188
vt 0.130846 0.952789
vt 0.687861 0.441044
vt 0.692981 0.436966
vt 0.349099 0.575779
vt 0.546957 0.177995
vt 0.12451 0.963494
vt 0.55235 0.181457
vt 0.539143 0.148061
vt 0.518822 0.143941
vt 0.55111 0.153945
vt 0.111319 0.503703
vt 0.260963 0.994632
vt 0.256908 0.997522
vt 0.256908 0.992606
vt 0.012067 0.567368
vt 0.012863 0.55707
vt 0.017708 0.557951
vt 0.846993 0.2839
vt 0.841316 0.273703
vt 0.848276 0.279187
vt 0.017462 0.567176
vt 0.015519 0.571083
vt 0.942881 0.169713
vt 0.948466 0.173284
vt 0.942579 0.174652
vt 0.99396 0.927037
vt 0.990288 0.931099
vt 0.987596 0.927037
vt 0.837619 0.28912
vt 0.829224 0.282901
vt 0.836182 0.26995
vt 0.947521 0.178269
vt 0.237834 0.995864
vt 0.23463 0.997687
vt 0.23463 0.992605
vt 0.841624 0.270331
vt 0.941349 0.184263
vt 0.935884 0.182219
vt 0.449972 0.138628
vt 0.452155 0.135121
vt 0.455865 0.139607
vt 0.45475 0.145246
vt 0.450788 0.146945
vt 0.455865 0.134374
vt 0.824619 0.278137
vt 0.812827 0.26641
vt 0.937309 0.191937
vt 0.930138 0.193399
vt 0.82515 0.295561
vt 0.987596 0.454957
vt 0.989349 0.450514
vt 0.994557 0.45207
vt 0.995879 0.454957
vt 0.987596 0.021795
vt 0.988479 0.016381
vt 0.993849 0.945354
vt 0.988688 0.948739
vt 0.987596 0.945354
vt 0.990866 0.01575
vt 0.055481 0.992606
vt 0.058759 0.998494
vt 0.054991 0.998494
vt 0.941745 0.197743
vt 0.941183 0.190415
vt 0.816606 0.288062
vt 0.5632 0.186618
vt 0.570605 0.202361
vt 0.558838 0.20372
vt 0.938735 0.201655
vt 0.554404 0.192562
vt 0.812 0.283298
vt 0.046179 0.992606
vt 0.046179 0.998693
vt 0.045418 0.995003
vt 0.987596 0.639604
vt 0.995491 0.639604
vt 0.988692 0.641204
vt 0.988521 0.570222
vt 0.991001 0.571293
vt 0.987596 0.571764
vt 0.994874 0.081114
vt 0.98947 0.082831
vt 0.987596 0.082201
vt 0.987596 0.255835
vt 0.989274 0.255273
vt 0.996542 0.255273
vt 0.994791 0.256614
vt 0.355675 0.678895
vt 0.349178 0.6644
vt 0.355675 0.662003
vt 0.125336 0.937281
vt 0.21304 0.992605
vt 0.214897 0.994334
vt 0.21304 0.997843
vt 0.990831 0.013206
vt 0.127515 0.955443
vt 0.686885 0.435372
vt 0.692629 0.43227
vt 0.687589 0.437552
vt 0.943639 0.196371
vt 0.684421 0.438555
vt 0.170122 0.998061
vt 0.168249 0.996451
vt 0.170122 0.992605
vt 0.292221 0.529337
vt 0.289579 0.522202
vt 0.292221 0.51756
vt 0.947125 0.198564
vt 0.946652 0.201057
vt 0.948466 0.207059
vt 0.567278 0.182115
vt 0.561075 0.15736
vt 0.995686 0.571764
vt 0.997067 0.082831
vt 0.574682 0.197859
vt 0.583311 0.193896
vt 0.349178 0.681292
vt 0.804368 0.276665
vt 0.582311 0.172449
vt 0.59137 0.184813
vt 0.264488 0.89306
vt 0.266018 0.907983
vt 0.251256 0.901288
vt 0.283934 0.997449
vt 0.283934 0.992605
vt 0.287331 0.994266
vt 0.971843 0.490931
vt 0.969148 0.471899
vt 0.971843 0.467882
vt 0.251256 0.880297
vt 0.280215 0.324143
vt 0.282202 0.32752
vt 0.280215 0.337306
vt 0.589319 0.153496
vt 0.137526 0.225879
vt 0.142183 0.240039
vt 0.137526 0.247749
vt 0.798099 0.260469
vt 0.277628 0.90839
vt 0.290204 0.890032
vt 0.290551 0.907489
vt 0.277474 0.892061
vt 0.287098 0.871965
vt 0.79372 0.271451
vt 0.2627 0.877105
vt 0.274369 0.873995
vt 0.360545 0.997105
vt 0.359402 0.994871
vt 0.360545 0.992605
vt 0.114264 0.998353
vt 0.111726 0.998275
vt 0.114264 0.992605
vt 0.391336 0.996528
vt 0.388919 0.992605
vt 0.391388 0.992605
vt 0.165855 0.992605
vt 0.165855 0.998079
vt 0.164262 0.99597
vt 0.991708 0.974004
vt 0.993824 0.97575
vt 0.987596 0.97575
vt 0.457535 0.570674
vt 0.457535 0.583574
vt 0.455419 0.584442
vt 0.013359 0.470893
vt 0.01093 0.470893
vt 0.012307 0.458136
vt 0.455419 0.571542
vt 0.995368 0.672104
vt 0.987596 0.672104
vt 0.988775 0.669703
vt 0.60615 0.235447
vt 0.603977 0.228691
vt 0.60615 0.221969
vt 0.445872 0.27412
vt 0.447516 0.281708
vt 0.445384 0.288275
vt 0.340646 0.455865
vt 0.334091 0.44119
vt 0.337789 0.44119
vt 0.968419 0.487712
vt 0.447516 0.288881
vt 0.429925 0.995973
vt 0.429925 0.992605
vt 0.432111 0.993205
vt 0.30558 0.19871
vt 0.304074 0.194091
vt 0.30558 0.182681
vt 0.333251 0.455865
vt 0.25448 0.084302
vt 0.264954 0.079155
vt 0.266703 0.065019
vt 0.141878 0.794075
vt 0.132407 0.783936
vt 0.13639 0.760032
vt 0.252448 0.052205
vt 0.155389 0.785523
vt 0.849673 0.598555
vt 0.843787 0.596957
vt 0.843841 0.619508
vt 0.121336 0.805273
vt 0.231291 0.049454
vt 0.211873 0.0511
vt 0.273853 0.015778
vt 0.235472 0.002767
vt 0.22329 0.002598
vt 0.542241 0.141735
vt 0.961864 0.038832
vt 0.956715 0.039851
vt 0.958249 0.033975
vt 0.543147 0.142893
vt 0.963494 0.049564
vt 0.551806 0.138048
vt 0.958411 0.049565
vt 0.122156 0.816112
vt 0.163644 0.826484
vt 0.147152 0.828238
vt 0.05556 0.252189
vt 0.073376 0.253083
vt 0.075933 0.285542
vt 0.049448 0.276862
vt 0.038492 0.250855
vt 0.02935 0.237742
vt 0.115675 0.828238
vt 0.106224 0.231554
vt 0.567713 0.150634
vt 0.569683 0.143879
vt 0.996842 0.117708
vt 0.987596 0.115285
vt 0.996842 0.11316
vt 0.987596 0.860378
vt 0.987728 0.85646
vt 0.99425 0.862252
vt 0.134172 0.202522
vt 0.126772 0.185976
vt 0.267127 0.856724
vt 0.255305 0.864497
vt 0.116231 0.191214
vt 0.115229 0.157534
vt 0.565313 0.123575
vt 0.594461 0.141081
vt 0.565691 0.138647
vt 0.987596 0.792422
vt 0.9903 0.78981
vt 0.994709 0.792422
vt 0.996513 0.220265
vt 0.990134 0.223501
vt 0.987596 0.220265
vt 0.128577 0.545643
vt 0.12784 0.552332
vt 0.125932 0.553375
vt 0.039305 0.998731
vt 0.038601 0.996985
vt 0.039305 0.992606
vt 0.369033 0.333776
vt 0.365853 0.335047
vt 0.365486 0.332573
vt 0.012562 0.255142
vt 0.030648 0.271048
vt 0.102699 0.141614
vt 0.083567 0.12137
vt 0.567618 0.150557
vt 0.568324 0.144472
vt 0.564332 0.13924
vt 0.993784 0.85646
vt 0.996786 0.180457
vt 0.990437 0.182804
vt 0.987596 0.180457
vt 0.987596 0.010812
vt 0.98939 0.00709
vt 0.997172 0.010812
vt 0.217078 0.426165
vt 0.215009 0.432613
vt 0.213811 0.423476
vt 0.015551 0.281857
vt 0.016428 0.268216
vt 0.020038 0.265906
vt 0.394512 0.489122
vt 0.39909 0.496113
vt 0.394512 0.49928
vt 0.049506 0.823228
vt 0.057193 0.812638
vt 0.065124 0.823228
vt 0.020038 0.282202
vt 0.987596 0.879578
vt 0.994366 0.879578
vt 0.99358 0.880983
vt 0.036207 0.992606
vt 0.036207 0.998645
vt 0.033768 0.993158
vt 0.241492 0.462519
vt 0.242126 0.464993
vt 0.241492 0.472563
vt 0.404387 0.992605
vt 0.404387 0.996328
vt 0.40386 0.995031
vt 0.216549 0.432153
vt 0.213811 0.434157
vt 0.989316 0.652595
vt 0.990292 0.653184
vt 0.987596 0.653343
vt 0.371808 0.992605
vt 0.371808 0.99687
vt 0.371134 0.995944
vt 0.995517 0.653343
vt 0.149612 0.252186
vt 0.149211 0.244935
vt 0.153625 0.239007
vt 0.995892 0.472549
vt 0.987596 0.472549
vt 0.991139 0.469381
vt 0.962688 0.061784
vt 0.956715 0.061002
vt 0.987837 0.850173
vt 0.994108 0.844659
vt 0.994349 0.850173
vt 0.987596 0.844659
vt 0.059951 0.805597
vt 0.422799 0.647494
vt 0.426754 0.650075
vt 0.427478 0.663712
vt 0.422799 0.666264
vt 0.149369 0.253968
vt 0.128577 0.556055
vt 0.367738 0.345277
vt 0.365486 0.345656
vt 0.507739 0.20487
vt 0.509299 0.212123
vt 0.507739 0.215409
vt 0.032137 0.111901
vt 0.033397 0.114903
vt 0.032137 0.121898
vt 0.444176 0.113549
vt 0.443298 0.111608
vt 0.444176 0.102165
vt 0.987596 0.82849
vt 0.989453 0.827813
vt 0.99466 0.82849
vt 0.995865 0.45735
vt 0.993301 0.462022
vt 0.987596 0.45735
vt 0.449046 0.928252
vt 0.454195 0.923434
vt 0.449592 0.933463
vt 0.121181 0.636314
vt 0.120007 0.628009
vt 0.125238 0.634172
vt 0.117248 0.647896
vt 0.057834 0.694651
vt 0.05491 0.689923
vt 0.063454 0.679985
vt 0.152614 0.257187
vt 0.292721 0.997343
vt 0.292721 0.992605
vt 0.296107 0.993953
vt 0.146553 0.260494
vt 0.016238 0.506584
vt 0.018368 0.513697
vt 0.016238 0.520988
vt 0.454133 0.937574
vt 0.117248 0.630562
vt 0.20372 0.288881
vt 0.199942 0.280182
vt 0.20372 0.27383
vt 0.25109 0.222999
vt 0.253815 0.235066
vt 0.25109 0.237116
vt 0.05491 0.674886
vt 0.453277 0.948265
vt 0.452014 0.949067
vt 0.454195 0.950833
vt 0.449461 0.949942
vt 0.453823 0.953475
vt 0.997044 0.075983
vt 0.995301 0.07872
vt 0.987596 0.075983
vt 0.987596 0.371045
vt 0.996015 0.371045
vt 0.994332 0.379406
vt 0.821558 0.950548
vt 0.816812 0.944838
vt 0.820209 0.943633
vt 0.987596 0.161324
vt 0.988895 0.157975
vt 0.996781 0.161324
vt 0.995393 0.674498
vt 0.992696 0.676403
vt 0.987596 0.674498
vt 0.819874 0.952823
vt 0.988484 0.745634
vt 0.987596 0.74443
vt 0.994933 0.74443
vt 0.336107 0.151418
vt 0.337306 0.154426
vt 0.334149 0.164255
vt 0.337306 0.166983
vt 0.987596 0.685987
vt 0.989928 0.683048
vt 0.992818 0.685987
vt 0.99515 0.683048
vt 0.110696 0.45849
vt 0.130297 0.461162
vt 0.126168 0.50708
vt 0.138596 0.508179
vt 0.692711 0.14425
vt 0.115443 0.223194
vt 0.142917 0.261292
vt 0.134564 0.271892
vt 0.121265 0.557725
vt 0.110696 0.551018
vt 0.725454 0.146629
vt 0.761444 0.109923
vt 0.52326 0.783232
vt 0.524328 0.813502
vt 0.473877 0.811559
vt 0.470549 0.781015
vt 0.761444 0.146945
vt 0.524328 0.848276
vt 0.480744 0.843755
vt 0.594588 0.908691
vt 0.300556 0.477295
vt 0.308558 0.455117
vt 0.328724 0.479555
vt 0.326901 0.501463
vt 0.297651 0.50429
vt 0.960919 0.551051
vt 0.962635 0.535368
vt 0.973513 0.538123
vt 0.267184 0.541026
vt 0.258473 0.534458
vt 0.259909 0.515272
vt 0.973513 0.561064
vt 0.271248 0.515651
vt 0.60782 0.888201
vt 0.50524 0.641776
vt 0.444176 0.252145
vt 0.435427 0.239441
vt 0.444176 0.22734
vt 0.417225 0.216327
vt 0.393652 0.19883
vt 0.606526 0.90174
vt 0.331863 0.458613
vt 0.316307 0.443772
vt 0.402447 0.219329
vt 0.731287 0.953475
vt 0.731287 0.917362
vt 0.751425 0.929831
vt 0.359081 0.483588
vt 0.359932 0.502487
vt 0.417988 0.242126
vt 0.357914 0.463693
vt 0.450855 0.214741
vt 0.429495 0.238788
vt 0.286406 0.534432
vt 0.576404 0.236362
vt 0.567939 0.210925
vt 0.594551 0.213474
vt 0.604649 0.242755
vt 0.406837 0.033397
vt 0.406837 0.001639
vt 0.419128 0.007823
vt 0.290287 0.549293
vt 0.543579 0.231434
vt 0.567328 0.274913
vt 0.529737 0.26924
vt 0.264995 0.554385
vt 0.598663 0.277392
vt 0.60782 0.278423
vt 0.592437 0.31349
vt 0.375713 0.594889
vt 0.370967 0.60448
vt 0.345798 0.592622
vt 0.34646 0.579638
vt 0.562474 0.313929
vt 0.067819 0.781976
vt 0.071803 0.795961
vt 0.067819 0.79985
vt 0.955361 0.212237
vt 0.958387 0.215904
vt 0.954837 0.230535
vt 0.70801 0.69966
vt 0.874993 0.77076
vt 0.843509 0.733008
vt 0.874993 0.731377
vt 0.092634 0.569942
vt 0.097918 0.565602
vt 0.09852 0.582765
vt 0.887883 0.781935
vt 0.880483 0.762273
vt 0.886414 0.76061
vt 0.092634 0.59947
vt 0.896701 0.788661
vt 0.1122 0.689363
vt 0.114669 0.692858
vt 0.111582 0.70766
vt 0.115219 0.71413
vt 0.529737 0.310628
vt 0.111582 0.716359
vt 0.240045 0.109303
vt 0.242126 0.100693
vt 0.242126 0.116888
vt 0.880483 0.798764
vt 0.145472 0.878333
vt 0.145472 0.859967
vt 0.148615 0.862508
vt 0.953475 0.980193
vt 0.946901 0.977342
vt 0.953475 0.962781
vt 0.922902 0.260281
vt 0.930754 0.254792
vt 0.934259 0.274509
vt 0.885635 0.80832
vt 0.929448 0.281866
vt 0.941786 0.268215
vt 0.885012 0.002831
vt 0.883098 0.009524
vt 0.878184 0.010808
vt 0.877056 0.023516
vt 0.881648 0.811539
vt 0.880383 0.02213
vt 0.931234 0.287168
vt 0.732666 0.242346
vt 0.724543 0.239121
vt 0.734727 0.238956
vt 0.734727 0.250475
vt 0.540917 0.829068
vt 0.270351 0.712318
vt 0.549375 0.829953
vt 0.418224 0.69966
vt 0.41866 0.692792
vt 0.430308 0.691626
vt 0.432487 0.69966
vt 0.280743 0.80388
vt 0.292221 0.79565
vt 0.292221 0.856805
vt 0.415789 0.878333
vt 0.411131 0.874633
vt 0.415789 0.823872
vt 0.125238 0.790678
vt 0.284158 0.858295
vt 0.769831 0.524328
vt 0.424365 0.680648
vt 0.951805 0.78197
vt 0.943457 0.759939
vt 0.951805 0.758926
vt 0.320382 0.917937
vt 0.328669 0.916578
vt 0.330813 0.934613
vt 0.321379 0.934836
vt 0.843523 0.364123
vt 0.859468 0.366303
vt 0.859468 0.425808
vt 0.843523 0.423628
vt 0.340826 0.916578
vt 0.938184 0.776686
vt 0.344762 0.933619
vt 0.268061 0.681411
vt 0.938978 0.791501
vt 0.722586 0.895991
vt 0.70835 0.876264
vt 0.726378 0.874392
vt 0.528214 0.848125
vt 0.329659 0.953475
vt 0.320201 0.952556
vt 0.873067 0.3791
vt 0.872677 0.415581
vt 0.347326 0.947723
vt 0.946796 0.065813
vt 0.927498 0.0472
vt 0.945141 0.045349
vt 0.704899 0.89606
vt 0.918214 0.048991
vt 0.929128 0.068699
vt 0.91864 0.067955
vt 0.876663 0.397531
vt 0.84616 0.491357
vt 0.849554 0.462009
vt 0.869428 0.492601
vt 0.538403 0.849946
vt 0.870251 0.431472
vt 0.84616 0.430997
vt 0.648574 0.771094
vt 0.670255 0.782873
vt 0.662153 0.79601
vt 0.637612 0.789851
vt 0.873323 0.463311
vt 0.360211 0.834917
vt 0.390865 0.833582
vt 0.753538 0.70634
vt 0.778143 0.696441
vt 0.664486 0.809564
vt 0.676977 0.797873
vt 0.678433 0.816942
vt 0.640301 0.80479
vt 0.669636 0.820679
vt 0.654772 0.819779
vt 0.889389 0.672405
vt 0.900041 0.683017
vt 0.889389 0.70133
vt 0.629939 0.814719
vt 0.263834 0.954835
vt 0.251882 0.980193
vt 0.248711 0.954835
vt 0.928563 0.086831
vt 0.918214 0.085545
vt 0.689153 0.897238
vt 0.693298 0.917221
vt 0.710825 0.920079
vt 0.726378 0.916872
vt 0.075143 0.462268
vt 0.075143 0.472183
vt 0.056335 0.471297
vt 0.056364 0.462402
vt 0.067191 0.485922
vt 0.170165 0.620837
vt 0.175572 0.609041
vt 0.198549 0.623981
vt 0.646226 0.58102
vt 0.634838 0.586623
vt 0.645364 0.553121
vt 0.40577 0.466477
vt 0.40577 0.50095
vt 0.394299 0.481968
vt 0.954369 0.718029
vt 0.954369 0.690163
vt 0.961824 0.696163
vt 0.060325 0.202387
vt 0.069205 0.200109
vt 0.075143 0.221729
vt 0.002034 0.024518
vt 0.008349 0.054308
vt 0.002034 0.060114
vt 0.066878 0.220625
vt 0.797005 0.758105
vt 0.785818 0.722694
vt 0.798181 0.721922
vt 0.111879 0.79879
vt 0.111879 0.823543
vt 0.088656 0.824898
vt 0.089988 0.800363
vt 0.198328 0.61614
vt 0.067495 0.247135
vt 0.060325 0.243511
vt 0.881672 0.355199
vt 0.874285 0.357345
vt 0.629393 0.589051
vt 0.531996 0.50596
vt 0.531996 0.486038
vt 0.540117 0.488223
vt 0.541026 0.503935
vt 0.646226 0.605505
vt 0.262164 0.556909
vt 0.256324 0.574423
vt 0.226171 0.573821
vt 0.36446 0.872039
vt 0.39742 0.882977
vt 0.358215 0.893361
vt 0.671928 0.835195
vt 0.681292 0.833671
vt 0.03343 0.527198
vt 0.024981 0.511719
vt 0.094022 0.490931
vt 0.108169 0.467187
vt 0.116888 0.490931
vt 0.676937 0.335637
vt 0.680761 0.313265
vt 0.693821 0.329615
vt 0.654351 0.838257
vt 0.626512 0.838257
vt 0.730645 0.320565
vt 0.733989 0.338596
vt 0.746618 0.360684
vt 0.783388 0.689878
vt 0.798181 0.688344
vt 0.358267 0.850837
vt 0.386327 0.837568
vt 0.39742 0.856889
vt 0.768124 0.346275
vt 0.628396 0.934803
vt 0.646226 0.907655
vt 0.646226 0.945126
vt 0.198653 0.791501
vt 0.165929 0.789361
vt 0.678055 0.493712
vt 0.691311 0.468613
vt 0.538925 0.13491
vt 0.541026 0.125796
vt 0.217078 0.78612
vt 0.212291 0.787849
vt 0.679759 0.263274
vt 0.658778 0.273085
vt 0.657396 0.268043
vt 0.381111 0.547706
vt 0.374042 0.543645
vt 0.401356 0.540359
vt 0.677403 0.257676
vt 0.68304 0.282234
vt 0.658456 0.286997
vt 0.690416 0.450262
vt 0.377947 0.526945
vt 0.397977 0.533011
vt 0.374311 0.490292
vt 0.357659 0.514138
vt 0.403973 0.509167
vt 0.657396 0.319452
vt 0.701352 0.309284
vt 0.426527 0.539029
vt 0.401724 0.545872
vt 0.70467 0.276319
vt 0.69568 0.244407
vt 0.701321 0.249276
vt 0.430372 0.530424
vt 0.368822 0.130247
vt 0.156367 0.32208
vt 0.151546 0.310437
vt 0.194418 0.229325
vt 0.197547 0.254782
vt 0.169583 0.265504
vt 0.162031 0.226189
vt 0.4041 0.126233
vt 0.173915 0.29936
vt 0.181969 0.309173
vt 0.221842 0.223472
vt 0.221441 0.24597
vt 0.96009 0.330693
vt 0.952766 0.303842
vt 0.960155 0.304221
vt 0.449671 0.547706
vt 0.085323 0.561025
vt 0.086351 0.533177
vt 0.107167 0.534556
vt 0.952766 0.332297
vt 0.108539 0.561064
vt 0.189681 0.280847
vt 0.247201 0.243354
vt 0.19871 0.287232
vt 0.249065 0.214236
vt 0.427001 0.487226
vt 0.450536 0.505012
vt 0.457153 0.541907
vt 0.469223 0.526922
vt 0.056284 0.529603
vt 0.056704 0.558468
vt 0.864371 0.67904
vt 0.865059 0.670095
vt 0.880293 0.670095
vt 0.883342 0.678633
vt 0.865945 0.704789
vt 0.457022 0.549043
vt 0.462544 0.558052
vt 0.392779 0.552491
vt 0.242179 0.458482
vt 0.21199 0.413264
vt 0.242311 0.401893
vt 0.260636 0.452657
vt 0.364658 0.582292
vt 0.36097 0.549043
vt 0.28004 0.778143
vt 0.281757 0.746583
vt 0.313239 0.748249
vt 0.224315 0.369573
vt 0.040512 0.401775
vt 0.068121 0.383819
vt 0.308802 0.719564
vt 0.28004 0.713392
vt 0.236502 0.365475
vt 0.275109 0.397883
vt 0.21813 0.348207
vt 0.270891 0.359508
vt 0.016698 0.179775
vt 0.002654 0.210399
vt 0.002654 0.163316
vt 0.263824 0.335596
vt 0.322605 0.745002
vt 0.328957 0.719214
vt 0.854148 0.968504
vt 0.856279 0.940659
vt 0.874993 0.968106
vt 0.622848 0.093936
vt 0.619133 0.095181
vt 0.619133 0.07351
vt 0.867441 0.728048
vt 0.883195 0.705012
vt 0.883183 0.72778
vt 0.886888 0.729277
vt 0.494801 0.519248
vt 0.50262 0.521551
vt 0.501466 0.537864
vt 0.886695 0.704707
vt 0.90672 0.704707
vt 0.494801 0.539356
vt 0.263534 0.460035
vt 0.279875 0.4587
vt 0.944048 0.457535
vt 0.942571 0.440066
vt 0.948466 0.45666
vt 0.938567 0.437328
vt 0.967918 0.784822
vt 0.967918 0.77051
vt 0.971843 0.781698
vt 0.970735 0.761306
vt 0.007597 0.949933
vt 0.011689 0.955734
vt 0.007597 0.968353
vt 0.009598 0.945898
vt 0.3591 0.831577
vt 0.3591 0.818088
vt 0.364024 0.822586
vt 0.948466 0.426591
vt 0.977429 0.78758
vt 0.980193 0.799799
vt 0.972746 0.787693
vt 0.010325 0.970174
vt 0.142933 0.460467
vt 0.148615 0.464488
vt 0.143911 0.463801
vt 0.141898 0.460862
vt 0.136929 0.460303
vt 0.987596 0.056783
vt 0.995887 0.056201
vt 0.996871 0.056783
vt 0.996428 0.322732
vt 0.990622 0.323857
vt 0.987596 0.322732
vt 0.362174 0.814256
vt 0.99487 0.739349
vt 0.991771 0.742036
vt 0.987596 0.739349
vt 0.143606 0.639537
vt 0.139486 0.652905
vt 0.139486 0.638518
vt 0.139983 0.632937
vt 0.622848 0.045361
vt 0.622848 0.056774
vt 0.621139 0.049121
vt 0.972746 0.802556
vt 0.973015 0.8082
vt 0.139827 0.467781
vt 0.136929 0.472563
vt 0.946796 0.660675
vt 0.943009 0.664594
vt 0.941925 0.645469
vt 0.933463 0.442556
vt 0.940117 0.460425
vt 0.936196 0.462544
vt 0.944473 0.637797
vt 0.925892 0.438071
vt 0.946796 0.63373
vt 0.933314 0.744746
vt 0.931478 0.74096
vt 0.935107 0.72563
vt 0.931478 0.721495
vt 0.934084 0.717966
vt 0.10889 0.222088
vt 0.10889 0.206047
vt 0.115219 0.210992
vt 0.940117 0.426913
vt 0.70634 0.717044
vt 0.702324 0.731387
vt 0.702324 0.712701
vt 0.298125 0.360615
vt 0.987596 0.512729
vt 0.990801 0.511853
vt 0.995829 0.512729
vt 0.627858 0.627939
vt 0.627432 0.639546
vt 0.624246 0.632523
vt 0.935737 0.42349
vt 0.996454 0.235389
vt 0.992639 0.239373
vt 0.987596 0.235389
vt 0.624246 0.617984
vt 0.551045 0.013359
vt 0.547523 0.004785
vt 0.551045 0.001485
vt 0.569238 0.321631
vt 0.571083 0.332526
vt 0.569238 0.335637
vt 0.272722 0.731161
vt 0.277192 0.732686
vt 0.272722 0.749755
vt 0.789084 0.290551
vt 0.789084 0.272908
vt 0.799851 0.288661
vt 0.230437 0.744927
vt 0.225895 0.744309
vt 0.226874 0.736039
vt 0.219281 0.749756
vt 0.987596 0.388739
vt 0.992771 0.386025
vt 0.996221 0.388739
vt 0.994997 0.718584
vt 0.991123 0.720857
vt 0.987596 0.718584
vt 0.225774 0.736169
vt 0.987596 0.515122
vt 0.995769 0.515122
vt 0.994552 0.517014
vt 0.987764 0.387608
vt 0.993872 0.978144
vt 0.98864 0.978583
vt 0.987596 0.978144
vt 0.220663 0.733337
vt 0.987596 0.303142
vt 0.990597 0.301195
vt 0.99645 0.303142
vt 0.219281 0.731193
vt 0.220804 0.734474
vt 0.915069 0.914032
vt 0.88444 0.916739
vt 0.889477 0.88025
vt 0.915069 0.869545
vt 0.221305 0.196918
vt 0.182637 0.201884
vt 0.25662 0.192863
vt 0.169169 0.389145
vt 0.218748 0.372245
vt 0.197435 0.407439
vt 0.162197 0.402495
vt 0.176338 0.353006
vt 0.175166 0.154996
vt 0.12286 0.350623
vt 0.162031 0.105925
vt 0.213908 0.13554
vt 0.224067 0.1503
vt 0.121701 0.388246
vt 0.123324 0.402
vt 0.083405 0.407439
vt 0.079452 0.394719
vt 0.412449 0.945917
vt 0.401126 0.937757
vt 0.404366 0.935285
vt 0.155658 0.286002
vt 0.160304 0.284026
vt 0.155772 0.30057
vt 0.584442 0.123568
vt 0.580995 0.10902
vt 0.584256 0.110388
vt 0.404706 0.956367
vt 0.160304 0.300203
vt 0.367604 0.957667
vt 0.360702 0.949235
vt 0.370703 0.936528
vt 0.175082 0.08004
vt 0.178672 0.081614
vt 0.175082 0.095181
vt 0.406341 0.963494
vt 0.968237 0.343744
vt 0.957201 0.338413
vt 0.971843 0.32841
vt 0.702329 0.001281
vt 0.70968 0.015004
vt 0.702329 0.018368
vt 0.361427 0.963494
vt 0.401126 0.962932
vt 0.370703 0.963224
vt 0.970197 0.853738
vt 0.967881 0.84439
vt 0.971843 0.839713
vt 0.991081 0.66213
vt 0.987596 0.659373
vt 0.995395 0.659373
vt 0.967153 0.348329
vt 0.013177 0.357345
vt 0.013177 0.347772
vt 0.016698 0.350116
vt 0.966403 0.853643
vt 0.014696 0.341599
vt 0.968424 0.860456
vt 0.971843 0.354005
vt 0.315599 0.031727
vt 0.312764 0.022659
vt 0.315599 0.020582
vt 0.971843 0.861634
vt 0.987596 0.328162
vt 0.989989 0.326251
vt 0.996381 0.328162
vt 0.038406 0.39742
vt 0.036311 0.388783
vt 0.038406 0.386137
vt 0.282202 0.650737
vt 0.282202 0.661254
vt 0.279516 0.660971
vt 0.996536 0.230407
vt 0.995764 0.232995
vt 0.987596 0.230407
vt 0.196234 0.09697
vt 0.019974 0.050142
vt 0.002594 0.017765
vt 0.036364 0.00259
vt 0.079323 0.360198
vt 0.048944 0.037692
vt 0.993813 0.439642
vt 0.987596 0.438085
vt 0.995834 0.438085
vt 0.994585 0.831291
vt 0.992688 0.832976
vt 0.988425 0.830884
vt 0.992625 0.445019
vt 0.994868 0.444548
vt 0.368128 0.992605
vt 0.36874 0.9939
vt 0.368128 0.997088
vt 0.041699 0.998693
vt 0.041699 0.992606
vt 0.043024 0.993201
vt 0.995589 0.608597
vt 0.990936 0.609953
vt 0.987596 0.608597
vt 0.161098 0.097033
vt 0.163644 0.093589
vt 0.163644 0.100454
vt 0.161478 0.10353
vt 0.363419 0.494493
vt 0.363419 0.48739
vt 0.365694 0.490303
vt 0.365142 0.497611
vt 0.987596 0.832976
vt 0.305678 0.995941
vt 0.303329 0.997354
vt 0.303329 0.992605
vt 0.261967 0.162494
vt 0.263834 0.147453
vt 0.240692 0.122246
vt 0.263301 0.487167
vt 0.275523 0.485674
vt 0.524945 0.297308
vt 0.519318 0.671156
vt 0.258473 0.462675
vt 0.031095 0.409377
vt 0.527667 0.262749
vt 0.515209 0.70467
vt 0.498607 0.692588
vt 0.505114 0.667839
vt 0.497816 0.255484
vt 0.709323 0.744746
vt 0.709323 0.712682
vt 0.741766 0.740983
vt 0.708803 0.871477
vt 0.690887 0.885012
vt 0.679548 0.868385
vt 0.704045 0.85012
vt 0.392411 0.24543
vt 0.353312 0.864462
vt 0.354005 0.90338
vt 0.352917 0.90338
vt 0.471246 0.258217
vt 0.726506 0.659679
vt 0.712889 0.686587
vt 0.71199 0.686074
vt 0.222072 0.093941
vt 0.234143 0.094844
vt 0.734488 0.673712
vt 0.743076 0.709812
vt 0.774803 0.163644
vt 0.761466 0.163644
vt 0.766089 0.146206
vt 0.204445 0.255305
vt 0.208729 0.267743
vt 0.174543 0.27554
vt 0.650413 0.932283
vt 0.650413 0.893174
vt 0.670259 0.889837
vt 0.687972 0.929296
vt 0.677445 0.933437
vt 0.281406 0.60448
vt 0.274603 0.592005
vt 0.314652 0.591036
vt 0.283872 0.912458
vt 0.271727 0.946819
vt 0.250721 0.914312
vt 0.209432 0.063079
vt 0.189981 0.063157
vt 0.174541 0.285542
vt 0.27571 0.556323
vt 0.304555 0.550579
vt 0.31077 0.579681
vt 0.073628 0.083029
vt 0.084186 0.030329
vt 0.942538 0.002682
vt 0.953475 0.00985
vt 0.942538 0.033397
vt 0.024235 0.107291
vt 0.270869 0.132216
vt 0.273036 0.132677
vt 0.273079 0.140833
vt 0.298186 0.299882
vt 0.30057 0.314127
vt 0.298186 0.315599
vt 0.270869 0.148615
vt 0.307851 0.241315
vt 0.310589 0.241914
vt 0.306943 0.249653
vt 0.310589 0.257154
vt 0.273853 0.148026
vt 0.244762 0.105361
vt 0.24689 0.108056
vt 0.244762 0.119817
vt 0.988658 0.085225
vt 0.990816 0.089157
vt 0.987596 0.089368
vt 0.389071 0.189071
vt 0.389071 0.20372
vt 0.386555 0.192209
vt 0.248805 0.114644
vt 0.996924 0.085225
vt 0.4653 0.382244
vt 0.469223 0.385692
vt 0.467675 0.389071
vt 0.469223 0.374364
vt 0.248082 0.121898
vt 0.295561 0.476917
vt 0.295561 0.487592
vt 0.29418 0.487081
vt 0.00216 0.606606
vt 0.00334 0.605693
vt 0.00334 0.617839
vt 0.482582 0.013359
vt 0.481099 0.005803
vt 0.482582 0.001973
vt 0.215406 0.350412
vt 0.215409 0.355137
vt 0.211982 0.363481
vt 0.624518 0.207059
vt 0.623657 0.205839
vt 0.624518 0.194328
vt 0.517649 0.585842
vt 0.514203 0.589451
vt 0.514203 0.578998
vt 0.215409 0.365694
vt 0.152604 0.99819
vt 0.150687 0.994632
vt 0.1522 0.99485
vt 0.766369 0.080864
vt 0.809796 0.081641
vt 0.811539 0.09276
vt 0.764168 0.090779
vt 0.006295 0.059991
vt 0.811539 0.124945
vt 0.766016 0.121172
vt 0.77204 0.148258
vt 0.811419 0.155295
vt 0.152604 0.992606
vt 0.987596 0.278714
vt 0.990109 0.277627
vt 0.990985 0.278346
vt 0.996543 0.278714
vt 0.285465 0.702471
vt 0.309884 0.697544
vt 0.738067 0.847137
vt 0.737086 0.866595
vt 0.014708 0.935389
vt 0.043416 0.935389
vt 0.019794 0.951735
vt 0.325215 0.704814
vt 0.832282 0.733173
vt 0.836536 0.763234
vt 0.382672 0.45767
vt 0.388151 0.471693
vt 0.824811 0.758444
vt 0.401906 0.443772
vt 0.633838 0.227097
vt 0.651235 0.200533
vt 0.647546 0.227097
vt 0.414119 0.458541
vt 0.023378 0.249007
vt 0.008605 0.236407
vt 0.023378 0.226757
vt 0.03573 0.952422
vt 0.633202 0.195804
vt 0.770341 0.168818
vt 0.79258 0.193124
vt 0.777044 0.200278
vt 0.791789 0.158193
vt 0.736672 0.824199
vt 0.005256 0.250475
vt 0.017346 0.964292
vt 0.036081 0.965164
vt 0.454522 0.384062
vt 0.444001 0.360925
vt 0.459204 0.349825
vt 0.836873 0.788022
vt 0.86496 0.794841
vt 0.459204 0.383431
vt 0.814879 0.158193
vt 0.807927 0.188648
vt 0.250721 0.951805
vt 0.338152 0.555945
vt 0.811787 0.221471
vt 0.793685 0.227097
vt 0.391712 0.489879
vt 0.699151 0.824199
vt 0.874993 0.94133
vt 0.168556 0.49524
vt 0.171993 0.49524
vt 0.170655 0.50596
vt 0.255485 0.119426
vt 0.255485 0.133587
vt 0.2523 0.122057
vt 0.123568 0.011191
vt 0.119415 0.005533
vt 0.122036 0.00238
vt 0.314024 0.260494
vt 0.314024 0.247468
vt 0.317268 0.248534
vt 0.681297 0.107611
vt 0.684317 0.107108
vt 0.684632 0.117339
vt 0.616169 0.65914
vt 0.612393 0.661254
vt 0.612393 0.649144
vt 0.681297 0.118558
vt 0.594461 0.056928
vt 0.594461 0.069519
vt 0.590101 0.066036
vt 0.119415 0.013359
vt 0.963494 0.172765
vt 0.962627 0.19186
vt 0.95854 0.192031
vt 0.95854 0.164313
vt 0.952782 0.915402
vt 0.958485 0.900351
vt 0.958485 0.928428
vt 0.958485 0.235674
vt 0.252322 0.319236
vt 0.262164 0.315706
vt 0.260304 0.332297
vt 0.954837 0.240456
vt 0.577763 0.454822
vt 0.57319 0.440635
vt 0.577763 0.440764
vt 0.253103 0.332297
vt 0.953717 0.905054
vt 0.566858 0.439638
vt 0.566603 0.456477
vt 0.973513 0.621663
vt 0.964382 0.615632
vt 0.973513 0.601358
vt 0.558903 0.459204
vt 0.228767 0.936659
vt 0.228208 0.942508
vt 0.223284 0.945785
vt 0.22298 0.957995
vt 0.971326 0.624518
vt 0.226085 0.954624
vt 0.283872 0.638997
vt 0.278959 0.635891
vt 0.279976 0.628255
vt 0.010019 0.201259
vt 0.010019 0.212069
vt 0.006464 0.211957
vt 0.278959 0.647896
vt 0.33817 0.060114
vt 0.337504 0.046942
vt 0.340646 0.049104
vt 0.228767 0.963494
vt 0.562734 0.549287
vt 0.560147 0.542345
vt 0.562734 0.538963
vt 0.55296 0.540269
vt 0.560768 0.549375
vt 0.552385 0.542168
vt 0.995013 0.710376
vt 0.987596 0.710376
vt 0.992308 0.707645
vt 0.992148 0.680654
vt 0.987596 0.678797
vt 0.995378 0.678797
vt 0.987596 0.836458
vt 0.989028 0.83537
vt 0.994635 0.836458
vt 0.051765 0.183682
vt 0.050918 0.17704
vt 0.051765 0.173785
vt 0.485584 0.239254
vt 0.489261 0.238135
vt 0.48546 0.248805
vt 0.48546 0.225994
vt 0.965571 0.630724
vt 0.970174 0.643782
vt 0.966396 0.646436
vt 0.968863 0.651266
vt 0.987596 0.492512
vt 0.991889 0.489445
vt 0.99575 0.492512
vt 0.593274 0.075143
vt 0.157388 0.431555
vt 0.183682 0.409577
vt 0.183682 0.440836
vt 0.394081 0.143606
vt 0.389813 0.133485
vt 0.394081 0.130727
vt 0.922902 0.293891
vt 0.261373 0.203644
vt 0.265084 0.204365
vt 0.263943 0.217078
vt 0.881329 0.032208
vt 0.877792 0.033387
vt 0.884801 0.046813
vt 0.881108 0.049583
vt 0.273853 0.540264
vt 0.271329 0.544366
vt 0.271329 0.534649
vt 0.607819 0.379699
vt 0.605699 0.389071
vt 0.605699 0.379314
vt 0.087351 0.99392
vt 0.085241 0.998486
vt 0.085241 0.992605
vt 0.987596 0.307419
vt 0.989418 0.305871
vt 0.993427 0.305536
vt 0.996445 0.307419
vt 0.996876 0.140731
vt 0.992459 0.143083
vt 0.987596 0.140731
vt 0.731961 0.250359
vt 0.885012 0.054004
vt 0.881319 0.056774
vt 0.024546 0.450855
vt 0.024546 0.440608
vt 0.025048 0.447266
vt 0.007842 0.106869
vt 0.146945 0.650844
vt 0.144619 0.656245
vt 0.144619 0.644737
vt 0.469223 0.4041
vt 0.465927 0.396974
vt 0.469223 0.393519
vt 0.604294 0.2989
vt 0.444717 0.995999
vt 0.444717 0.992605
vt 0.445256 0.994498
vt 0.054754 0.177983
vt 0.054754 0.183682
vt 0.19704 0.435691
vt 0.191534 0.439166
vt 0.191534 0.428601
vt 0.49137 0.119682
vt 0.045211 0.001663
vt 0.393782 0.99653
vt 0.393782 0.992606
vt 0.396032 0.99373
vt 0.094616 0.998331
vt 0.094616 0.992606
vt 0.098347 0.996089
vt 0.876162 0.375713
vt 0.496855 0.994773
vt 0.498632 0.992605
vt 0.498632 0.995119
vt 0.489261 0.033211
vt 0.489261 0.043416
vt 0.487567 0.040319
vt 0.306697 0.449185
vt 0.306697 0.438501
vt 0.308919 0.439023
vt 0.135872 0.907957
vt 0.136926 0.901544
vt 0.136926 0.920079
vt 0.056044 0.705024
vt 0.058444 0.709091
vt 0.056044 0.723038
vt 0.345656 0.457535
vt 0.169052 0.143463
vt 0.170323 0.149553
vt 0.169052 0.160304
vt 0.24765 0.997613
vt 0.24765 0.992606
vt 0.250721 0.994141
vt 0.17583 0.997976
vt 0.172516 0.9932
vt 0.17583 0.992605
vt 0.001367 0.768124
vt 0.996835 0.189141
vt 0.987596 0.189141
vt 0.993423 0.188729
vt 0.051765 0.70801
vt 0.44556 0.483878
vt 0.447516 0.477218
vt 0.447516 0.497611
vt 0.011224 0.09844
vt 0.015029 0.116348
vt 0.012175 0.120228
vt 0.015029 0.094821
vt 0.199443 0.847866
vt 0.20038 0.855985
vt 0.199443 0.869984
vt 0.520988 0.925435
vt 0.520036 0.933437
vt 0.520036 0.911299
vt 0.09852 0.0363
vt 0.094234 0.038406
vt 0.277192 0.512639
vt 0.275842 0.504334
vt 0.277192 0.491066
vt 0.547584 0.054924
vt 0.549375 0.047261
vt 0.549375 0.070133
vt 0.224869 0.449633
vt 0.228767 0.469756
vt 0.226594 0.472563
vt 0.228767 0.447426
vt 0.849891 0.94631
vt 0.851615 0.953989
vt 0.849891 0.968504
vt 0.380641 0.996506
vt 0.380641 0.992605
vt 0.383861 0.993732
vt 0.40678 0.99625
vt 0.40678 0.992605
vt 0.408565 0.99291
vt 0.987596 0.774751
vt 0.991021 0.773785
vt 0.511862 0.993988
vt 0.512658 0.992606
vt 0.513165 0.993988
vt 0.426424 0.996043
vt 0.426424 0.992605
vt 0.427531 0.994903
vt 0.033527 0.567744
vt 0.457986 0.995745
vt 0.457986 0.992606
vt 0.459682 0.994084
vt 0.467786 0.995411
vt 0.465833 0.993514
vt 0.467786 0.992606
vt 0.429147 0.597038
vt 0.425091 0.609489
vt 0.425091 0.596694
vt 0.961824 0.401969
vt 0.960187 0.407439
vt 0.960187 0.388859
vt 0.820319 0.965344
vt 0.816812 0.966834
vt 0.165314 0.145276
vt 0.163869 0.140054
vt 0.165314 0.128434
vt 0.195954 0.992605
vt 0.195954 0.997856
vt 0.192025 0.99385
vt 0.99367 0.980977
vt 0.99367 0.985088
vt 0.987596 0.982436
vt 0.217078 0.016725
vt 0.215194 0.018368
vt 0.215194 0.002228
vt 0.532677 0.586112
vt 0.525071 0.57704
vt 0.532677 0.569338
vt 0.348616 0.9971
vt 0.348616 0.992605
vt 0.351688 0.995818
vt 0.994876 0.049071
vt 0.384062 0.60114
vt 0.376544 0.588215
vt 0.384062 0.587562
vt 0.161868 0.995227
vt 0.158817 0.998109
vt 0.158817 0.992606
vt 0.584442 0.106409
vt 0.485341 0.992605
vt 0.486313 0.995149
vt 0.484159 0.995149
vt 0.992645 0.582462
vt 0.987596 0.581806
vt 0.995716 0.581806
vt 0.99639 0.346943
vt 0.989971 0.348164
vt 0.987596 0.346943
vt 0.006886 0.372788
vt 0.010019 0.358469
vt 0.010019 0.374043
vt 0.406256 0.115597
vt 0.40744 0.107328
vt 0.40744 0.131917
vt 0.965261 0.496868
vt 0.968504 0.507798
vt 0.965261 0.520988
vt 0.200173 0.652763
vt 0.20372 0.656073
vt 0.200173 0.664594
vt 0.965571 0.654575
vt 0.392411 0.313929
vt 0.388904 0.311358
vt 0.392411 0.291442
vt 0.340646 0.027346
vt 0.00334 0.70634
vt 0.001362 0.699107
vt 0.00334 0.684536
vt 0.020038 0.113478
vt 0.017909 0.120228
vt 0.017909 0.099562
vt 0.261373 0.181807
vt 0.265504 0.184087
vt 0.188691 0.434157
vt 0.186671 0.426512
vt 0.188691 0.411578
vt 0.482582 0.238786
vt 0.481218 0.230511
vt 0.482582 0.22864
vt 0.480501 0.234728
vt 0.629504 0.084317
vt 0.637877 0.09685
vt 0.628093 0.085048
vt 0.429903 0.199476
vt 0.627225 0.09685
vt 0.671273 0.232324
vt 0.671273 0.242126
vt 0.669323 0.236626
vt 0.736263 0.649561
vt 0.736175 0.662537
vt 0.73313 0.658622
vt 0.739736 0.664594
vt 0.739736 0.646536
vt 0.129651 0.2219
vt 0.131917 0.230431
vt 0.129651 0.238786
vt 0.159368 0.416275
vt 0.160304 0.407099
vt 0.160304 0.422468
vt 0.537687 0.520988
vt 0.536879 0.515399
vt 0.537687 0.508243
vt 0.534558 0.509575
vt 0.109332 0.992605
vt 0.109332 0.998449
vt 0.10863 0.993504
vt 0.158634 0.548696
vt 0.155465 0.559606
vt 0.154851 0.553702
vt 0.158634 0.562734
vt 0.108719 0.166277
vt 0.111879 0.163693
vt 0.111879 0.180342
vt 0.196376 0.00159
vt 0.20038 0.01053
vt 0.196376 0.018368
vt 0.154386 0.539854
vt 0.155295 0.536856
vt 0.155295 0.547706
vt 0.363421 0.257445
vt 0.36529 0.262077
vt 0.364869 0.270513
vt 0.369033 0.257445
vt 0.367638 0.260569
vt 0.219288 0.747421
vt 0.352939 0.695474
vt 0.350474 0.684166
vt 0.360684 0.684166
vt 0.350619 0.696321
vt 0.387401 0.445866
vt 0.377376 0.455865
vt 0.377376 0.445513
vt 0.554473 0.054377
vt 0.556055 0.067293
vt 0.554473 0.068463
vt 0.148293 0.993519
vt 0.146582 0.998211
vt 0.146582 0.992605
vn -0.558897 -0.351198 0.751195
vn -0.759304 -0.647003 0.0696
vn -0.294683 -0.933547 0.204088
vn -0.96396 -0.217091 -0.153794
vn -0.075102 -0.763924 0.640921
vn 0.288892 -0.346191 0.892577
vn -0.020601 0.139207 0.990049
vn -0.254596 0.553491 0.792987
vn -0.838812 0.095901 0.535908
vn -0.558897 -0.351198 0.751195
vn -0.838812 0.095901 0.535908
vn -0.96396 -0.217091 -0.153794
vn 0.490807 0.463406 0.73781
vn -0.255294 0.475989 0.841581
vn -0.270289 0.275689 0.922464
vn -0.270289 0.275689 0.922464
vn -0.255294 0.475989 0.841581
vn -0.871213 -0.058501 0.487407
vn -0.051199 -0.168398 0.984389
vn -0.58838 -0.534782 0.606479
vn -0.051199 -0.168398 0.984389
vn -0.270289 0.275689 0.922464
vn -0.871213 -0.058501 0.487407
vn 0.529678 -0.064197 0.845766
vn -0.888948 0.18671 0.418223
vn -0.742687 -0.385293 0.547691
vn -0.888948 0.18671 0.418223
vn -0.255294 0.475989 0.841581
vn -0.161803 -0.241504 0.956815
vn -0.161803 -0.241504 0.956815
vn -0.190804 -0.85052 -0.490112
vn -0.294683 -0.933547 0.204088
vn -0.759304 -0.647003 0.0696
vn -0.423915 -0.531119 -0.733627
vn -0.494789 -0.161996 -0.853781
vn -0.96396 -0.217091 -0.153794
vn 0.555101 0.2815 0.782701
vn 0.707933 -0.018701 0.706032
vn 0.1705 -0.4905 0.854599
vn 0.1705 -0.4905 0.854599
vn 0.490807 0.463406 0.73781
vn 0.555101 0.2815 0.782701
vn 0.861727 0.487415 0.140904
vn 0.945454 -0.183891 0.268887
vn 0.529678 -0.064197 0.845766
vn 0.490807 0.463406 0.73781
vn 0.861727 0.487415 0.140904
vn 0.707933 -0.018701 0.706032
vn -0.954688 -0.245997 0.167498
vn -0.876003 -0.449902 0.173801
vn -0.425903 -0.330602 0.842205
vn -0.64959 -0.570291 -0.502792
vn -0.876003 -0.449902 0.173801
vn -0.954688 -0.245997 0.167498
vn -0.954688 -0.245997 0.167498
vn -0.765716 -0.378508 -0.520011
vn -0.64959 -0.570291 -0.502792
vn -0.861896 -0.490898 0.127099
vn -0.765716 -0.378508 -0.520011
vn -0.954688 -0.245997 0.167498
vn -0.551301 -0.634101 0.542201
vn -0.861896 -0.490898 0.127099
vn -0.413611 -0.494713 0.76432
vn -0.425903 -0.330602 0.842205
vn -0.876003 -0.449902 0.173801
vn -0.876003 -0.449902 0.173801
vn -0.946873 -0.152796 0.282992
vn -0.413611 -0.494713 0.76432
vn -0.844651 -0.050097 -0.532969
vn -0.946873 -0.152796 0.282992
vn -0.181894 -0.538783 -0.822574
vn -0.330109 -0.681518 -0.653117
vn -0.181894 -0.538783 -0.822574
vn -0.765716 -0.378508 -0.520011
vn -0.719285 -0.560688 -0.410192
vn -0.719285 -0.560688 -0.410192
vn -0.58838 -0.534782 0.606479
vn -0.415887 -0.904771 -0.091797
vn -0.246201 -0.848905 0.467703
vn -0.246201 -0.848905 0.467703
vn -0.415887 -0.904771 -0.091797
vn 0.578016 -0.816023 0.0019
vn -0.246201 -0.848905 0.467703
vn 0.1705 -0.4905 0.854599
vn -0.77401 -0.614508 -0.152602
vn -0.256807 -0.627416 -0.735119
vn -0.415887 -0.904771 -0.091797
vn 0.318703 -0.88381 -0.342504
vn -0.58838 -0.534782 0.606479
vn -0.77401 -0.614508 -0.152602
vn -0.415887 -0.904771 -0.091797
vn 0.318703 -0.88381 -0.342504
vn -0.256807 -0.627416 -0.735119
vn -0.77401 -0.614508 -0.152602
vn -0.369307 -0.287806 -0.883618
vn 0.242993 0.078198 -0.966871
vn 0.311798 -0.258198 -0.914394
vn 0.311798 -0.258198 -0.914394
vn 0.318703 -0.88381 -0.342504
vn -0.256807 -0.627416 -0.735119
vn -0.959225 -0.064402 -0.275207
vn -0.422691 -0.0187 -0.906081
vn -0.58838 -0.534782 0.606479
vn -0.959225 -0.064402 -0.275207
vn -0.77401 -0.614508 -0.152602
vn -0.920223 0.186305 -0.344209
vn -0.959225 -0.064402 -0.275207
vn -0.871213 -0.058501 0.487407
vn -0.888948 0.18671 0.418223
vn -0.742687 -0.385293 0.547691
vn -0.920223 0.186305 -0.344209
vn -0.737944 -0.662339 -0.129408
vn -0.8237 -0.2057 0.5284
vn -0.296202 -0.109701 0.948805
vn -0.8237 -0.2057 0.5284
vn -0.959225 -0.064402 -0.275207
vn -0.920223 0.186305 -0.344209
vn -0.422691 -0.0187 -0.906081
vn -0.920223 0.186305 -0.344209
vn -0.737944 -0.662339 -0.129408
vn -0.437995 -0.610493 -0.659893
vn -0.403995 -0.654092 -0.639493
vn -0.737944 -0.662339 -0.129408
vn -0.885366 -0.438083 -0.155594
vn -0.8237 -0.2057 0.5284
vn -0.719998 -0.693098 -0.0349
vn -0.403995 -0.654092 -0.639493
vn -0.885366 -0.438083 -0.155594
vn -0.885366 -0.438083 -0.155594
vn -0.8237 -0.2057 0.5284
vn -0.870306 -0.320802 0.373703
vn -0.719998 -0.693098 -0.0349
vn -0.437995 -0.610493 -0.659893
vn 0.295102 -0.485703 -0.822805
vn 0.295102 -0.485703 -0.822805
vn 0.282596 -0.638691 -0.71569
vn 0.051102 -0.964334 -0.259709
vn 0.282596 -0.638691 -0.71569
vn 0.529678 -0.064197 0.845766
vn 0.945454 -0.183891 0.268887
vn 0.410799 -0.254799 0.875398
vn -0.161803 -0.241504 0.956815
vn 0.715031 0.378717 -0.587626
vn 0.984961 0.171693 0.019299
vn 0.984961 0.171693 0.019299
vn 0.848597 -0.327099 -0.415799
vn 0.848597 -0.327099 -0.415799
vn 0.799498 -0.533298 -0.276399
vn 0.853317 -0.395108 0.340207
vn 0.295102 -0.485703 -0.822805
vn 0.848597 -0.327099 -0.415799
vn 0.715031 0.378717 -0.587626
vn 0.242993 0.078198 -0.966871
vn 0.841973 -0.034999 -0.538383
vn 0.841973 -0.034999 -0.538383
vn 0.799498 -0.533298 -0.276399
vn 0.282596 -0.638691 -0.71569
vn 0.615698 -0.783098 -0.0876
vn 0.615698 -0.783098 -0.0876
vn 0.853317 -0.395108 0.340207
vn 0.799498 -0.533298 -0.276399
vn 0.051102 -0.964334 -0.259709
vn -0.417497 -0.884693 0.207398
vn -0.559403 -0.0616 0.826604
vn -0.904397 -0.357199 0.233399
vn -0.192805 -0.604116 0.773221
vn -0.417497 -0.884693 0.207398
vn -0.904397 -0.357199 0.233399
vn -0.374416 -0.764032 -0.525422
vn 0.3699 -0.926199 0.073
vn 0.3699 -0.926199 0.073
vn -0.192805 -0.604116 0.773221
vn -0.417497 -0.884693 0.207398
vn -0.519805 0.236803 0.820809
vn -0.904397 -0.357199 0.233399
vn -0.559403 -0.0616 0.826604
vn 0.161395 0.410486 0.89747
vn -0.519805 0.236803 0.820809
vn -0.559403 -0.0616 0.826604
vn 0.161395 0.410486 0.89747
vn 0.200609 -0.280213 0.938742
vn 0.200609 -0.280213 0.938742
vn -0.1132 -0.723102 0.681402
vn -0.519805 0.236803 0.820809
vn -0.904397 -0.357199 0.233399
vn -0.904397 -0.357199 0.233399
vn -0.800573 -0.262291 -0.538782
vn -0.800573 -0.262291 -0.538782
vn -0.413611 -0.494713 0.76432
vn 0.191894 0.100397 0.976267
vn 0.191894 0.100397 0.976267
vn 0.894352 -0.0059 0.447326
vn 0.199191 -0.0023 0.979958
vn 0.199191 -0.0023 0.979958
vn 0.485431 0.699744 0.524133
vn 0.894352 -0.0059 0.447326
vn 0.763913 -0.366406 0.531209
vn 0.200609 -0.280213 0.938742
vn 0.763913 -0.366406 0.531209
vn 0.325705 -0.849814 0.414407
vn -0.1132 -0.723102 0.681402
vn -0.374416 -0.764032 -0.525422
vn -0.800573 -0.262291 -0.538782
vn -0.21801 0.249012 -0.943644
vn -0.066597 -0.221592 -0.972863
vn 0.270096 -0.833389 -0.482194
vn 0.270096 -0.833389 -0.482194
vn -0.844651 -0.050097 -0.532969
vn -0.844651 -0.050097 -0.532969
vn -0.64959 -0.570291 -0.502792
vn -0.088404 -0.701432 -0.707232
vn -0.156304 0.213205 -0.964423
vn -0.156304 0.213205 -0.964423
vn -0.21801 0.249012 -0.943644
vn -0.844651 -0.050097 -0.532969
vn -0.088404 -0.701432 -0.707232
vn 0.494904 -0.452704 -0.741707
vn 0.556905 -0.112601 -0.822908
vn -0.156304 0.213205 -0.964423
vn -0.088404 -0.701432 -0.707232
vn 0.556905 -0.112601 -0.822908
vn 0.261091 -0.708276 -0.655878
vn 0.494904 -0.452704 -0.741707
vn 0.556905 -0.112601 -0.822908
vn 0.260297 0.480995 -0.837191
vn 0.260297 0.480995 -0.837191
vn 0.910382 -0.376692 -0.171197
vn 0.969673 0.041299 -0.240893
vn 0.556905 -0.112601 -0.822908
vn 0.556905 -0.112601 -0.822908
vn 0.969673 0.041299 -0.240893
vn 0.260297 0.480995 -0.837191
vn 0.494904 -0.452704 -0.741707
vn 0.199191 -0.0023 0.979958
vn 0.391002 -0.713504 0.581403
vn 0.52748 0.0001 0.849568
vn 0.52748 0.0001 0.849568
vn 0.910382 -0.376692 -0.171197
vn 0.763913 -0.366406 0.531209
vn 0.894352 -0.0059 0.447326
vn 0.894352 -0.0059 0.447326
vn 0.485431 0.699744 0.524133
vn 0.440314 0.869528 -0.223707
vn 0.969673 0.041299 -0.240893
vn 0.702401 -0.693101 -0.162
vn 0.325705 -0.849814 0.414407
vn 0.594782 0.696679 0.401088
vn 0.594782 0.696679 0.401088
vn 0.224897 -0.203998 -0.952789
vn 0.224897 -0.203998 -0.952789
vn 0.270096 -0.833389 -0.482194
vn -0.066597 -0.221592 -0.972863
vn 0.702401 -0.693101 -0.162
vn 0.260297 0.480995 -0.837191
vn 0.440314 0.869528 -0.223707
vn 0.475799 0.535698 -0.697598
vn 0.224897 -0.203998 -0.952789
vn 0.261091 -0.708276 -0.655878
vn 0.615121 0.760826 -0.206807
vn 0.615121 0.760826 -0.206807
vn 0.656313 -0.750214 0.080202
vn 0.288892 -0.346191 0.892577
vn -0.075102 -0.763924 0.640921
vn -0.294683 -0.933547 0.204088
vn -0.020601 0.139207 0.990049
vn 0.288892 -0.346191 0.892577
vn 0.720999 0.1934 0.665399
vn 0.528112 0.535412 0.659115
vn 0.461291 0.732885 0.50009
vn -0.254596 0.553491 0.792987
vn 0.874477 -0.39539 0.280993
vn 0.720999 0.1934 0.665399
vn 0.288892 -0.346191 0.892577
vn 0.874477 -0.39539 0.280993
vn 0.977625 0.174004 -0.118203
vn 0.720999 0.1934 0.665399
vn 0.977625 0.174004 -0.118203
vn 0.828399 0.5588 -0.0387
vn 0.528112 0.535412 0.659115
vn 0.839707 -0.491504 0.230902
vn 0.707933 -0.018701 0.706032
vn -0.190804 -0.85052 -0.490112
vn 0.453403 -0.876607 -0.161201
vn -0.190804 -0.85052 -0.490112
vn -0.423915 -0.531119 -0.733627
vn 0.190408 -0.158407 -0.968841
vn 0.397794 -0.457293 -0.795388
vn 0.397794 -0.457293 -0.795388
vn 0.453403 -0.876607 -0.161201
vn -0.190804 -0.85052 -0.490112
vn -0.494789 -0.161996 -0.853781
vn 0.655217 0.247006 -0.713918
vn 0.190408 -0.158407 -0.968841
vn 0.244398 -0.680696 -0.690596
vn 0.244398 -0.680696 -0.690596
vn 0.656313 -0.750214 0.080202
vn 0.787886 -0.094098 -0.608589
vn 0.656313 -0.750214 0.080202
vn 0.977625 0.174004 -0.118203
vn 0.655217 0.247006 -0.713918
vn 0.787886 -0.094098 -0.608589
vn -0.327421 -0.797951 0.506033
vn -0.678889 -0.308495 0.666289
vn -0.618171 -0.782263 0.076996
vn -0.189799 -0.313598 0.930394
vn -0.327421 -0.797951 0.506033
vn -0.618171 -0.782263 0.076996
vn -0.0104 -0.765386 0.643488
vn -0.0104 -0.765386 0.643488
vn -0.678889 -0.308495 0.666289
vn -0.684716 0.368109 0.629015
vn -0.894854 0.443727 0.048403
vn -0.684716 0.368109 0.629015
vn -0.987816 -0.155003 0.0139
vn -0.618171 -0.782263 0.076996
vn -0.684716 0.368109 0.629015
vn -0.431217 0.868034 0.24611
vn -0.894854 0.443727 0.048403
vn -0.29799 0.272091 0.914969
vn -0.29799 0.272091 0.914969
vn -0.731015 0.565611 -0.381708
vn -0.309193 0.934079 -0.178596
vn -0.163703 0.899718 0.404608
vn -0.821809 -0.107101 -0.559606
vn -0.453283 -0.754272 -0.474982
vn -0.618171 -0.782263 0.076996
vn -0.453283 -0.754272 -0.474982
vn 0.540109 -0.836113 0.095902
vn -0.103803 -0.952227 0.287208
vn 0.540109 -0.836113 0.095902
vn -0.731015 0.565611 -0.381708
vn -0.453283 -0.754272 -0.474982
vn -0.821809 -0.107101 -0.559606
vn -0.233803 -0.951111 -0.201802
vn -0.233803 -0.951111 -0.201802
vn -0.731015 0.565611 -0.381708
vn -0.883364 0.465681 -0.052998
vn -0.950683 -0.264495 -0.161997
vn -0.309193 0.934079 -0.178596
vn -0.883364 0.465681 -0.052998
vn -0.731015 0.565611 -0.381708
vn -0.941495 0.307298 0.138399
vn -0.950683 -0.264495 -0.161997
vn -0.883364 0.465681 -0.052998
vn -0.51838 0.834567 0.186493
vn -0.941495 0.307298 0.138399
vn -0.883364 0.465681 -0.052998
vn -0.51838 0.834567 0.186493
vn -0.941495 0.307298 0.138399
vn -0.932529 -0.361011 -0.0078
vn -0.950683 -0.264495 -0.161997
vn -0.950683 -0.264495 -0.161997
vn -0.932529 -0.361011 -0.0078
vn -0.233803 -0.951111 -0.201802
vn -0.428776 -0.903349 0.010599
vn -0.428776 -0.903349 0.010599
vn -0.932529 -0.361011 -0.0078
vn -0.841871 -0.395786 -0.366887
vn 0.0189 -0.998896 0.043
vn -0.359498 -0.918496 -0.164699
vn -0.932529 -0.361011 -0.0078
vn -0.941495 0.307298 0.138399
vn -0.916812 0.253903 -0.308204
vn -0.841871 -0.395786 -0.366887
vn -0.941495 0.307298 0.138399
vn -0.51838 0.834567 0.186493
vn -0.628414 0.684515 0.369508
vn -0.941495 0.307298 0.138399
vn -0.628414 0.684515 0.369508
vn -0.64289 0.764088 -0.053499
vn -0.916812 0.253903 -0.308204
vn 0.839707 -0.491504 0.230902
vn 0.578016 -0.816023 0.0019
vn 0.984961 0.171693 0.019299
vn 0.839707 -0.491504 0.230902
vn 0.578016 -0.816023 0.0019
vn 0.578016 -0.816023 0.0019
vn 0.841973 -0.034999 -0.538383
vn 0.984961 0.171693 0.019299
vn 0.942703 -0.179701 0.281101
vn 0.964107 -0.237202 -0.119301
vn 0.391002 -0.713504 0.581403
vn 0.3699 -0.926199 0.073
vn 0.964107 -0.237202 -0.119301
vn 0.52748 0.0001 0.849568
vn 0.942703 -0.179701 0.281101
vn 0.594782 0.696679 0.401088
vn 0.964107 -0.237202 -0.119301
vn 0.615121 0.760826 -0.206807
vn 0.3699 -0.926199 0.073
vn 0.270096 -0.833389 -0.482194
vn 0.964107 -0.237202 -0.119301
vn 0.224897 -0.203998 -0.952789
vn 0.825086 -0.198497 -0.528991
vn 0.475799 0.535698 -0.697598
vn 0.825086 -0.198497 -0.528991
vn 0.475799 0.535698 -0.697598
vn 0.912119 -0.361807 -0.192704
vn 0.054102 -0.512418 0.85703
vn -0.566716 -0.70432 -0.427512
vn 0.276496 -0.312496 -0.908788
vn 0.387505 0.881011 -0.271403
vn 0.276496 -0.312496 -0.908788
vn -0.566716 -0.70432 -0.427512
vn -1 0 0
vn 0.054102 -0.512418 0.85703
vn 0.912119 -0.361807 -0.192704
vn 0.387505 0.881011 -0.271403
vn 0.311102 -0.606604 -0.731605
vn 0.504003 -0.623004 0.598204
vn -0.513987 0.849179 0.121297
vn 0.311102 -0.606604 -0.731605
vn 0.387505 0.881011 -0.271403
vn 0.387505 0.881011 -0.271403
vn 0.504003 -0.623004 0.598204
vn -0.513987 0.849179 0.121297
vn -0.246205 0.729516 0.638114
vn -0.838812 0.095901 0.535908
vn -0.254596 0.553491 0.792987
vn -0.246205 0.729516 0.638114
vn -0.940585 0.058999 -0.334395
vn 0.504003 -0.623004 0.598204
vn 0.311102 -0.606604 -0.731605
vn 0.311102 -0.606604 -0.731605
vn -0.513987 0.849179 0.121297
vn -0.940585 0.058999 -0.334395
vn -0.940585 0.058999 -0.334395
vn -0.513987 0.849179 0.121297
vn 0.504003 -0.623004 0.598204
vn -0.959262 0.068497 -0.274089
vn -0.940585 0.058999 -0.334395
vn -0.513987 0.849179 0.121297
vn -0.296202 -0.109701 0.948805
vn -0.296202 -0.109701 0.948805
vn 0.410799 -0.254799 0.875398
vn -0.615724 -0.595923 0.51552
vn -0.543207 -0.360405 0.75831
vn -0.543207 -0.360405 0.75831
vn -0.833894 -0.234998 0.499396
vn -0.850638 -0.486222 0.200009
vn -0.742031 -0.066803 0.667028
vn -0.543207 -0.360405 0.75831
vn -0.833894 -0.234998 0.499396
vn -0.742031 -0.066803 0.667028
vn -0.667931 0.470622 0.576527
vn -0.899257 0.285286 0.331584
vn -0.833894 -0.234998 0.499396
vn -0.867895 -0.265098 0.420097
vn -0.543207 -0.360405 0.75831
vn -0.867895 -0.265098 0.420097
vn -0.828989 0.255496 0.497493
vn -0.960945 -0.047602 -0.272613
vn -0.96396 -0.217091 -0.153794
vn -0.877662 -0.479279 -0.0013
vn -0.624403 -0.278401 0.729804
vn -0.75312 -0.091302 0.651517
vn -0.126998 0.0153 0.991785
vn -0.701665 -0.238888 0.671267
vn -0.877662 -0.479279 -0.0013
vn -0.75312 -0.091302 0.651517
vn -0.093498 0.166597 0.981582
vn -0.701665 -0.238888 0.671267
vn -0.960945 -0.047602 -0.272613
vn -0.828989 0.255496 0.497493
vn -0.624403 -0.278401 0.729804
vn -0.828989 0.255496 0.497493
vn -0.797538 -0.581827 0.159408
vn -0.797538 -0.581827 0.159408
vn -0.246205 0.729516 0.638114
vn -0.96396 -0.217091 -0.153794
vn -0.960945 -0.047602 -0.272613
vn -0.261999 -0.952196 -0.157099
vn -0.960945 -0.047602 -0.272613
vn -0.797538 -0.581827 0.159408
vn -0.797538 -0.581827 0.159408
vn -0.877662 -0.479279 -0.0013
vn -0.423389 -0.840979 -0.336892
vn -0.261999 -0.952196 -0.157099
vn -0.475175 -0.164091 -0.864455
vn -0.475175 -0.164091 -0.864455
vn -0.960945 -0.047602 -0.272613
vn -0.615724 -0.595923 0.51552
vn -0.423389 -0.840979 -0.336892
vn -0.850638 -0.486222 0.200009
vn -0.126998 0.0153 0.991785
vn 0.529903 -0.173101 0.830204
vn 0.525403 -0.0091 0.850805
vn -0.093498 0.166597 0.981582
vn -0.126998 0.0153 0.991785
vn 0.529903 -0.173101 0.830204
vn 0.525716 0.66552 0.529816
vn -0.147794 -0.030099 0.98856
vn 0.525403 -0.0091 0.850805
vn -0.147794 -0.030099 0.98856
vn -0.093498 0.166597 0.981582
vn 0.244398 -0.680696 -0.690596
vn -0.423389 -0.840979 -0.336892
vn -0.615724 -0.595923 0.51552
vn 0.503394 -0.85839 0.098799
vn 0.503394 -0.85839 0.098799
vn 0.307384 -0.807358 -0.503674
vn 0.410799 -0.254799 0.875398
vn 0.503394 -0.85839 0.098799
vn 0.503394 -0.85839 0.098799
vn -0.850638 -0.486222 0.200009
vn -0.543207 -0.360405 0.75831
vn -0.615724 -0.595923 0.51552
vn -0.200405 0.167304 0.965322
vn -0.200405 0.167304 0.965322
vn -0.200405 0.167304 0.965322
vn -0.147794 -0.030099 0.98856
vn 0.406397 -0.078799 0.910292
vn -0.224709 0.597124 0.770031
vn -0.667931 0.470622 0.576527
vn -0.200405 0.167304 0.965322
vn 0.18541 0.0045 0.982651
vn 0.538988 -0.139497 0.830682
vn 0.538988 -0.139497 0.830682
vn 0.406397 -0.078799 0.910292
vn 0.0135 0.804286 0.594089
vn -0.843637 0.45082 0.291613
vn -0.488808 0.62101 0.61271
vn -0.488808 0.62101 0.61271
vn -0.1442 0.498002 0.855103
vn -0.884289 -0.388595 0.258897
vn -0.921203 -0.379001 0.088
vn -0.551301 -0.634101 0.542201
vn -0.955066 0.195593 0.222692
vn -0.921203 -0.379001 0.088
vn -0.884289 -0.388595 0.258897
vn -0.719998 -0.693098 -0.0349
vn -0.867895 -0.265098 0.420097
vn -0.884289 -0.388595 0.258897
vn -0.867895 -0.265098 0.420097
vn -0.485588 -0.83438 0.260794
vn -0.719998 -0.693098 -0.0349
vn -0.884289 -0.388595 0.258897
vn -0.551301 -0.634101 0.542201
vn -0.485588 -0.83438 0.260794
vn -0.884289 -0.388595 0.258897
vn -0.301511 -0.301511 -0.904534
vn -0.46338 -0.282088 -0.840063
vn -0.306001 -0.466502 -0.829903
vn -0.778862 0.354683 0.517275
vn -0.818246 -0.092594 -0.567362
vn 0.680072 -0.539178 0.496779
vn 0.680072 -0.539178 0.496779
vn -0.818246 -0.092594 -0.567362
vn -0.238907 -0.505614 -0.829023
vn -0.238907 -0.505614 -0.829023
vn -0.778862 0.354683 0.517275
vn 0.680072 -0.539178 0.496779
vn -0.757705 -0.400303 -0.515403
vn -0.861896 -0.490898 0.127099
vn -0.98531 0.165302 -0.0429
vn -0.757705 -0.400303 -0.515403
vn -0.719285 -0.560688 -0.410192
vn -0.330109 -0.681518 -0.653117
vn -0.754019 0.064102 -0.653717
vn -0.259704 -0.585809 -0.767712
vn -0.754019 0.064102 -0.653717
vn -0.259704 -0.585809 -0.767712
vn -0.757705 -0.400303 -0.515403
vn 0.574227 -0.039602 -0.817738
vn -0.46338 -0.282088 -0.840063
vn -0.306001 -0.466502 -0.829903
vn -0.778862 0.354683 0.517275
vn -0.778862 0.354683 0.517275
vn 0.574227 -0.039602 -0.817738
vn -0.46338 -0.282088 -0.840063
vn -0.306001 -0.466502 -0.829903
vn 0.574227 -0.039602 -0.817738
vn -0.778862 0.354683 0.517275
vn -0.818246 -0.092594 -0.567362
vn -0.818246 -0.092594 -0.567362
vn -0.778862 0.354683 0.517275
vn -0.960747 0.271713 0.056003
vn -0.238907 -0.505614 -0.829023
vn -0.778862 0.354683 0.517275
vn -0.238907 -0.505614 -0.829023
vn -0.960747 0.271713 0.056003
vn -0.0451 -0.386701 0.921102
vn -0.960747 0.271713 0.056003
vn -0.238907 -0.505614 -0.829023
vn -0.238907 -0.505614 -0.829023
vn -0.960747 0.271713 0.056003
vn 0.1933 -0.4108 -0.890999
vn 0.1933 -0.4108 -0.890999
vn -0.0451 -0.386701 0.921102
vn -0.238907 -0.505614 -0.829023
vn -0.903696 0.406798 -0.133599
vn -0.648007 0.320304 -0.691008
vn -0.870306 -0.320802 0.373703
vn -0.867895 -0.265098 0.420097
vn -0.870306 -0.320802 0.373703
vn -0.899257 0.285286 0.331584
vn -0.719998 -0.693098 -0.0349
vn -0.485588 -0.83438 0.260794
vn 0.051102 -0.964334 -0.259709
vn -0.123903 -0.988724 0.084102
vn 0.051102 -0.964334 -0.259709
vn -0.485588 -0.83438 0.260794
vn -0.1132 -0.723102 0.681402
vn 0.503394 -0.85839 0.098799
vn 0.615698 -0.783098 -0.0876
vn 0.512109 -0.858815 -0.0135
vn 0.886585 -0.450092 -0.106698
vn 0.307384 -0.807358 -0.503674
vn 0.503394 -0.85839 0.098799
vn 0.609414 -0.758818 0.229805
vn 0.886585 -0.450092 -0.106698
vn 0.512109 -0.858815 -0.0135
vn 0.615698 -0.783098 -0.0876
vn 0.051102 -0.964334 -0.259709
vn 0.051102 -0.964334 -0.259709
vn -0.123903 -0.988724 0.084102
vn 0.52018 -0.846668 -0.112096
vn 0.52018 -0.846668 -0.112096
vn -0.843637 0.45082 0.291613
vn 0.325705 -0.849814 0.414407
vn 0.261091 -0.708276 -0.655878
vn 0.52018 -0.846668 -0.112096
vn 0.702401 -0.693101 -0.162
vn 0.431894 -0.70789 -0.558892
vn 0.695917 -0.629816 -0.345009
vn 0.512109 -0.858815 -0.0135
vn 0.52018 -0.846668 -0.112096
vn 0.542992 -0.441693 -0.714189
vn 0.431894 -0.70789 -0.558892
vn -0.955066 0.195593 0.222692
vn -0.903696 0.406798 -0.133599
vn -0.709144 0.704944 -0.013001
vn -0.709144 0.704944 -0.013001
vn -0.0451 -0.386701 0.921102
vn 0.1933 -0.4108 -0.890999
vn 0.243602 -0.513305 0.822907
vn 0.243602 -0.513305 0.822907
vn 0.294588 0.461381 -0.836866
vn 0.294588 0.461381 -0.836866
vn 0.243602 -0.513305 0.822907
vn 0.1933 -0.4108 -0.890999
vn -0.709144 0.704944 -0.013001
vn 0.243602 -0.513305 0.822907
vn 0.668913 0.624612 0.403008
vn 0.668913 0.624612 0.403008
vn 0.294588 0.461381 -0.836866
vn -0.709144 0.704944 -0.013001
vn -0.874421 -0.097302 0.475311
vn -0.807802 -0.283501 0.516801
vn -0.932388 -0.347695 0.098799
vn -0.932388 -0.347695 0.098799
vn -0.807802 -0.283501 0.516801
vn -0.856387 0.271496 0.439193
vn -0.994686 -0.102899 -0.0034
vn -0.874421 -0.097302 0.475311
vn -0.932388 -0.347695 0.098799
vn -0.784116 -0.50171 -0.365307
vn -0.994686 -0.102899 -0.0034
vn -0.932388 -0.347695 0.098799
vn -0.987678 0.058899 -0.144997
vn -0.784116 -0.50171 -0.365307
vn -0.483007 0.0135 0.875512
vn -0.874421 -0.097302 0.475311
vn -0.994686 -0.102899 -0.0034
vn 0.096001 0.287002 0.953107
vn -0.483007 0.0135 0.875512
vn -0.807802 -0.283501 0.516801
vn -0.483007 0.0135 0.875512
vn -0.471601 -0.0328 0.881202
vn 0.083702 -0.103302 0.991122
vn -0.856387 0.271496 0.439193
vn -0.336599 0.353698 0.872696
vn -0.471601 -0.0328 0.881202
vn 0.083702 -0.103302 0.991122
vn -0.336599 0.353698 0.872696
vn -0.483007 0.0135 0.875512
vn 0.096001 0.287002 0.953107
vn 0.713895 -0.663595 0.223598
vn 0.713895 -0.663595 0.223598
vn -0.903696 0.406798 -0.133599
vn -0.994686 -0.102899 -0.0034
vn -0.768088 -0.079499 -0.63539
vn -0.648007 0.320304 -0.691008
vn -0.784116 -0.50171 -0.365307
vn -0.768088 -0.079499 -0.63539
vn -0.994686 -0.102899 -0.0034
vn -0.260199 0.516498 0.815798
vn -0.777095 0.530797 0.338198
vn -0.856387 0.271496 0.439193
vn -0.777095 0.530797 0.338198
vn -0.987678 0.058899 -0.144997
vn 0.962711 0.0224 0.269603
vn 0.529903 -0.173101 0.830204
vn 0.525716 0.66552 0.529816
vn 0.525716 0.66552 0.529816
vn 0.461291 0.732885 0.50009
vn 0.962711 0.0224 0.269603
vn 0.962711 0.0224 0.269603
vn 0.913699 -0.1876 0.3605
vn 0.819815 -0.464408 -0.335006
vn 0.78197 -0.582977 -0.220591
vn 0.913699 -0.1876 0.3605
vn 0.962711 0.0224 0.269603
vn 0.962711 0.0224 0.269603
vn 0.819815 -0.464408 -0.335006
vn 0.78197 -0.582977 -0.220591
vn 0.819815 -0.464408 -0.335006
vn 0.406397 -0.078799 0.910292
vn 0.525403 -0.0091 0.850805
vn 0.980263 -0.112896 0.162294
vn 0.379089 -0.460786 -0.802476
vn -0.841069 0.361287 -0.402585
vn 0.677046 -0.460031 -0.574439
vn -0.681995 -0.577696 -0.448497
vn -0.841069 0.361287 -0.402585
vn 0.379089 -0.460786 -0.802476
vn 0.677046 -0.460031 -0.574439
vn 0.408215 -0.408215 -0.81653
vn 0.379089 -0.460786 -0.802476
vn 0.379089 -0.460786 -0.802476
vn 0.677046 -0.460031 -0.574439
vn -0.681995 -0.577696 -0.448497
vn -0.168907 -0.70183 0.69203
vn 0.663215 0.41201 -0.624815
vn 0.806374 -0.159895 0.569381
vn 0.663215 0.41201 -0.624815
vn -0.681995 -0.577696 -0.448497
vn -0.681995 -0.577696 -0.448497
vn 0.980263 -0.112896 0.162294
vn -0.990803 -0.0678 0.1171
vn 0.280604 -0.778512 -0.561409
vn -0.168907 -0.70183 0.69203
vn -0.168907 -0.70183 0.69203
vn 0.280604 -0.778512 -0.561409
vn 0.887967 0.373686 -0.26809
vn 0.887967 0.373686 -0.26809
vn -0.990803 -0.0678 0.1171
vn -0.168907 -0.70183 0.69203
vn 0.244398 -0.680696 -0.690596
vn 0.307384 -0.807358 -0.503674
vn 0.78197 -0.582977 -0.220591
vn 0.886585 -0.450092 -0.106698
vn 0.625473 -0.607774 0.489279
vn 0.609414 -0.758818 0.229805
vn 0.280604 -0.778512 -0.561409
vn -0.990803 -0.0678 0.1171
vn 0.887967 0.373686 -0.26809
vn 0.975786 -0.160498 0.148598
vn -0.90456 0.294187 0.308586
vn -0.354596 -0.888289 0.291897
vn -0.354596 -0.888289 0.291897
vn -0.90456 0.294187 0.308586
vn 0.0211 0.760406 -0.649105
vn 0.887967 0.373686 -0.26809
vn -0.990803 -0.0678 0.1171
vn -0.354596 -0.888289 0.291897
vn -0.354596 -0.888289 0.291897
vn 0.975786 -0.160498 0.148598
vn 0.887967 0.373686 -0.26809
vn 0.0211 0.760406 -0.649105
vn 0.538988 -0.139497 0.830682
vn 0.0211 0.760406 -0.649105
vn 0.18541 0.0045 0.982651
vn 0.262797 -0.678291 0.686191
vn 0.18541 0.0045 0.982651
vn 0.625473 -0.607774 0.489279
vn 0.672224 -0.734227 0.095003
vn 0.672224 -0.734227 0.095003
vn 0.0822 -0.0958 0.992001
vn -0.1442 0.498002 0.855103
vn 0.18541 0.0045 0.982651
vn 0.0822 -0.0958 0.992001
vn 0.0822 -0.0958 0.992001
vn 0.326101 0.284201 0.901603
vn 0.0733 0.721805 0.688204
vn 0.262797 -0.678291 0.686191
vn 0.247688 -0.629969 0.736064
vn 0.070999 -0.351497 0.933493
vn 0.160998 -0.986791 0.018
vn 0.070999 -0.351497 0.933493
vn 0.160998 -0.986791 0.018
vn -0.593896 -0.789095 0.156899
vn -0.491701 -0.352101 0.796402
vn 0.247688 -0.629969 0.736064
vn 0.070999 -0.351497 0.933493
vn 0.160998 -0.986791 0.018
vn -0.593896 -0.789095 0.156899
vn 0.247688 -0.629969 0.736064
vn -0.756415 -0.640113 0.134503
vn 0.0476 0.1298 0.990397
vn -0.491701 -0.352101 0.796402
vn -0.756415 -0.640113 0.134503
vn -0.528093 -0.280596 0.801489
vn -0.491701 -0.352101 0.796402
vn -0.528093 -0.280596 0.801489
vn 0.080496 -0.073297 0.994056
vn -0.491701 -0.352101 0.796402
vn 0.080496 -0.073297 0.994056
vn 0.0476 0.1298 0.990397
vn -0.064898 -0.882569 -0.465683
vn -0.756415 -0.640113 0.134503
vn 0.316787 0.069297 0.945962
vn 0.326101 0.284201 0.901603
vn 0.316787 0.069297 0.945962
vn 0.326101 0.284201 0.901603
vn 0.316787 0.069297 0.945962
vn 0.83599 0.383495 0.392495
vn 0.789699 0.463 0.4025
vn 0.789699 0.463 0.4025
vn 0.316787 0.069297 0.945962
vn 0.0476 0.1298 0.990397
vn 0.83599 0.383495 0.392495
vn -0.0482 0.188498 0.98089
vn -0.750092 -0.151298 0.643794
vn -0.521972 -0.477675 0.706662
vn -0.521972 -0.477675 0.706662
vn -0.750092 -0.151298 0.643794
vn -0.541477 -0.838565 0.060097
vn 0.139197 -0.039499 0.989477
vn -0.521972 -0.477675 0.706662
vn -0.541477 -0.838565 0.060097
vn 0.056103 -0.967744 0.245611
vn 0.248992 -0.64208 0.725077
vn 0.248992 -0.64208 0.725077
vn -0.832906 -0.026 0.552804
vn -0.900919 -0.424209 -0.091602
vn -0.541477 -0.838565 0.060097
vn -0.750092 -0.151298 0.643794
vn -0.756415 -0.640113 0.134503
vn -0.900919 -0.424209 -0.091602
vn -0.750092 -0.151298 0.643794
vn -0.832906 -0.026 0.552804
vn -0.0482 0.188498 0.98089
vn 0.139197 -0.039499 0.989477
vn 0.816515 0.418108 0.398107
vn -0.261695 0.56459 0.782786
vn -0.261695 0.56459 0.782786
vn -0.541477 -0.838565 0.060097
vn -0.900919 -0.424209 -0.091602
vn -0.113602 -0.839018 -0.532112
vn 0.056103 -0.967744 0.245611
vn -0.900919 -0.424209 -0.091602
vn -0.756415 -0.640113 0.134503
vn -0.405913 -0.470615 -0.783426
vn -0.405913 -0.470615 -0.783426
vn -0.156305 -0.809928 -0.565319
vn -0.528093 -0.280596 0.801489
vn -0.156305 -0.809928 -0.565319
vn 0.367907 -0.126502 -0.921217
vn -0.113602 -0.839018 -0.532112
vn -0.405913 -0.470615 -0.783426
vn 0.590595 -0.283598 -0.755493
vn 0.367907 -0.126502 -0.921217
vn 0.438413 -0.897027 -0.056002
vn 0.717705 -0.592404 0.366002
vn 0.139197 -0.039499 0.989477
vn 0.248992 -0.64208 0.725077
vn 0.717705 -0.592404 0.366002
vn 0.438413 -0.897027 -0.056002
vn 0.717705 -0.592404 0.366002
vn 0.864473 0.064798 0.498485
vn 0.139197 -0.039499 0.989477
vn 0.864473 0.064798 0.498485
vn 0.864473 0.064798 0.498485
vn 0.717705 -0.592404 0.366002
vn 0.95934 -0.170007 -0.225309
vn 0.816515 0.418108 0.398107
vn 0.556804 -0.547004 -0.625105
vn 0.95934 -0.170007 -0.225309
vn 0.717705 -0.592404 0.366002
vn 0.438413 -0.897027 -0.056002
vn 0.556804 -0.547004 -0.625105
vn 0.861096 0.257699 -0.438298
vn 0.861096 0.257699 -0.438298
vn 0.732282 0.495288 -0.467389
vn 0.590595 -0.283598 -0.755493
vn 0.732282 0.495288 -0.467389
vn -0.231594 0.754579 0.613983
vn -0.832906 -0.026 0.552804
vn -0.261695 0.56459 0.782786
vn 0.401708 0.900817 0.164803
vn -0.231594 0.754579 0.613983
vn -0.261695 0.56459 0.782786
vn 0.547496 0.804494 0.230298
vn 0.547496 0.804494 0.230298
vn 0.401708 0.900817 0.164803
vn -0.261695 0.56459 0.782786
vn -0.231594 0.754579 0.613983
vn -0.832906 -0.026 0.552804
vn 0.080496 -0.073297 0.994056
vn 0.767118 0.43821 0.468511
vn 0.0476 0.1298 0.990397
vn 0.080496 -0.073297 0.994056
vn 0.856799 0.1505 0.493199
vn 0.856799 0.1505 0.493199
vn 0.767118 0.43821 0.468511
vn 0.964168 0.086797 -0.250692
vn 0.401708 0.900817 0.164803
vn 0.980204 0.0791 -0.181501
vn 0.964168 0.086797 -0.250692
vn 0.83599 0.383495 0.392495
vn 0.767118 0.43821 0.468511
vn 0.980204 0.0791 -0.181501
vn 0.401708 0.900817 0.164803
vn 0.732282 0.495288 -0.467389
vn 0.980204 0.0791 -0.181501
vn 0.732282 0.495288 -0.467389
vn 0.590595 -0.283598 -0.755493
vn 0.590595 -0.283598 -0.755493
vn 0.999662 -0.019299 -0.017399
vn 0.999662 -0.019299 -0.017399
vn 0.547496 0.804494 0.230298
vn 0.401708 0.900817 0.164803
vn 0.547496 0.804494 0.230298
vn 0.732282 0.495288 -0.467389
vn 0.782883 -0.110998 -0.612187
vn 0.652024 -0.168106 -0.739327
vn 0.48458 -0.868265 0.106296
vn 0.48458 -0.868265 0.106296
vn 0.652024 -0.168106 -0.739327
vn 0.855815 0.514109 -0.057201
vn 0.48458 -0.868265 0.106296
vn 0.782883 -0.110998 -0.612187
vn 0.855815 0.514109 -0.057201
vn 0.162206 -0.162206 -0.973334
vn 0.142899 -0.381896 -0.913091
vn 0.500701 -0.2025 -0.841601
vn 0.855815 0.514109 -0.057201
vn 0.782883 -0.110998 -0.612187
vn -0.693277 0.718676 -0.053598
vn -0.693277 0.718676 -0.053598
vn 0.226999 -0.696898 -0.680298
vn 0.584318 0.778424 -0.229407
vn 0.547415 0.208306 0.810522
vn 0.226999 -0.696898 -0.680298
vn -0.693277 0.718676 -0.053598
vn -0.693277 0.718676 -0.053598
vn 0.584318 0.778424 -0.229407
vn 0.547415 0.208306 0.810522
vn 0.652024 -0.168106 -0.739327
vn 0.782883 -0.110998 -0.612187
vn 0.855815 0.514109 -0.057201
vn 0.855815 0.514109 -0.057201
vn -0.518399 0.1854 -0.834799
vn 0.652024 -0.168106 -0.739327
vn 0.142899 -0.381896 -0.913091
vn 0.855815 0.514109 -0.057201
vn -0.518399 0.1854 -0.834799
vn 0.500701 -0.2025 -0.841601
vn 0.500701 -0.2025 -0.841601
vn 0.142899 -0.381896 -0.913091
vn -0.518399 0.1854 -0.834799
vn 0.855815 0.514109 -0.057201
vn 0.142899 -0.381896 -0.913091
vn 0.500701 -0.2025 -0.841601
vn 0.58552 0.784827 0.203007
vn 0.609414 -0.758818 0.229805
vn 0.672224 -0.734227 0.095003
vn 0.460804 -0.884908 0.067801
vn 0.480791 -0.757986 -0.440792
vn 0.460804 -0.884908 0.067801
vn 0.672224 -0.734227 0.095003
vn 0.695917 -0.629816 -0.345009
vn 0.837921 -0.536213 -0.101803
vn 0.837921 -0.536213 -0.101803
vn -0.064898 -0.882569 -0.465683
vn 0.160998 -0.986791 0.018
vn 0.460804 -0.884908 0.067801
vn 0.480791 -0.757986 -0.440792
vn 0.825378 -0.276593 -0.492187
vn 0.860332 -0.506319 -0.058902
vn 0.860332 -0.506319 -0.058902
vn 0.765618 -0.390109 -0.511512
vn 0.8001 -0.1788 -0.5726
vn 0.626604 -0.757305 -0.184001
vn 0.985417 -0.150703 0.079001
vn 0.898022 0.345708 -0.272107
vn 0.409315 -0.624023 -0.665625
vn 0.559994 -0.157998 -0.813291
vn 0.626604 -0.757305 -0.184001
vn 0.444213 -0.895626 0.023001
vn 0.727227 -0.524119 0.443216
vn 0.409315 -0.624023 -0.665625
vn 0.985417 -0.150703 0.079001
vn 0.855977 -0.346091 0.38409
vn 0.727227 -0.524119 0.443216
vn 0.444213 -0.895626 0.023001
vn 0.746937 -0.635531 -0.19541
vn 0.444213 -0.895626 0.023001
vn 0.409315 -0.624023 -0.665625
vn 0.169896 -0.871782 -0.45949
vn 0.444213 -0.895626 0.023001
vn 0.169896 -0.871782 -0.45949
vn 0.746937 -0.635531 -0.19541
vn 0.590595 -0.283598 -0.755493
vn -0.156305 -0.809928 -0.565319
vn 0.599214 -0.44381 -0.666315
vn 0.999662 -0.019299 -0.017399
vn 0.998078 0.0134 0.060499
vn 0.837921 -0.536213 -0.101803
vn 0.860332 -0.506319 -0.058902
vn 0.964168 0.086797 -0.250692
vn 0.789699 0.463 0.4025
vn 0.998078 0.0134 0.060499
vn 0.58552 0.784827 0.203007
vn -0.142199 -0.842495 -0.519597
vn -0.842831 0.339213 0.417816
vn -0.711478 -0.670379 -0.210693
vn -0.138298 0.911185 -0.388093
vn -0.142199 -0.842495 -0.519597
vn -0.711478 -0.670379 -0.210693
vn 0.547415 0.208306 0.810522
vn 0.547415 0.208306 0.810522
vn 0.584318 0.778424 -0.229407
vn -0.842831 0.339213 0.417816
vn -0.138298 0.911185 -0.388093
vn -0.142199 -0.842495 -0.519597
vn -0.142199 -0.842495 -0.519597
vn 0.226999 -0.696898 -0.680298
vn 0.547415 0.208306 0.810522
vn 0.584318 0.778424 -0.229407
vn 0.825378 -0.276593 -0.492187
vn 0.898022 0.345708 -0.272107
vn 0.898022 0.345708 -0.272107
vn 0.985417 -0.150703 0.079001
vn 0.568699 0.3262 0.755099
vn 0.096001 0.287002 0.953107
vn 0.0135 0.804286 0.594089
vn 0.083702 -0.103302 0.991122
vn 0.096001 0.287002 0.953107
vn 0.509503 -0.148801 0.847505
vn 0.509503 -0.148801 0.847505
vn 0.448206 0.156002 0.880213
vn 0.568699 0.3262 0.755099
vn 0.448206 0.156002 0.880213
vn 0.509503 -0.148801 0.847505
vn 0.454798 0.278299 0.845996
vn -0.260199 0.516498 0.815798
vn 0.454798 0.278299 0.845996
vn 0.890386 0.422593 0.169197
vn -0.303785 -0.764562 0.568472
vn -0.475034 -0.665048 -0.576241
vn -0.475034 -0.665048 -0.576241
vn -0.303785 -0.764562 0.568472
vn -0.081701 0.989406 -0.120001
vn -0.081701 0.989406 -0.120001
vn 0.086798 0.665887 0.740986
vn 0.279795 -0.833584 -0.476291
vn -0.224998 -0.147099 0.963191
vn -0.224998 -0.147099 0.963191
vn 0.279795 -0.833584 -0.476291
vn 0.207406 0.397112 0.894027
vn 0.207406 0.397112 0.894027
vn 0.086798 0.665887 0.740986
vn -0.224998 -0.147099 0.963191
vn 0 0.514496 0.857493
vn 0.279795 -0.833584 -0.476291
vn 0.086798 0.665887 0.740986
vn -0.303785 -0.764562 0.568472
vn 0.279795 -0.833584 -0.476291
vn 0.279795 -0.833584 -0.476291
vn 0.890386 0.422593 0.169197
vn 0.086798 0.665887 0.740986
vn 0.279795 -0.833584 -0.476291
vn 0.086798 0.665887 0.740986
vn 0.207406 0.397112 0.894027
vn 0.086798 0.665887 0.740986
vn 0.890386 0.422593 0.169197
vn -0.303785 -0.764562 0.568472
vn 0.890386 0.422593 0.169197
vn -0.132804 -0.435314 0.890429
vn -0.883527 0.426313 -0.194006
vn 0.109296 -0.87367 -0.474084
vn 0.719105 0.575004 0.390203
vn -0.883527 0.426313 -0.194006
vn -0.132804 -0.435314 0.890429
vn 0.518575 -0.82136 -0.237588
vn -0.132804 -0.435314 0.890429
vn 0.518575 -0.82136 -0.237588
vn 0.719105 0.575004 0.390203
vn 0.109296 -0.87367 -0.474084
vn -0.883527 0.426313 -0.194006
vn -0.285703 -0.571706 -0.769108
vn -0.285703 -0.571706 -0.769108
vn 0.44769 0.785382 -0.42749
vn 0.109296 -0.87367 -0.474084
vn 0.719105 0.575004 0.390203
vn 0.44769 0.785382 -0.42749
vn -0.883527 0.426313 -0.194006
vn 0.719105 0.575004 0.390203
vn 0.518575 -0.82136 -0.237588
vn 0.933899 -0.1917 0.3018
vn 0.039098 -0.734153 0.677857
vn 0.0162 -0.262592 0.964771
vn -0.767714 -0.250005 0.590011
vn 0.742402 -0.1311 0.657002
vn 0.0162 -0.262592 0.964771
vn 0.039098 -0.734153 0.677857
vn -0.523788 -0.779481 0.343592
vn -0.523788 -0.779481 0.343592
vn -0.103803 -0.952227 0.287208
vn 0.039098 -0.734153 0.677857
vn 0.448603 -0.811205 0.375102
vn 0.448603 -0.811205 0.375102
vn 0.630518 0.457213 0.627218
vn -0.027101 0.328117 0.944248
vn 0.0162 -0.262592 0.964771
vn -0.027101 0.328117 0.944248
vn -0.719919 0.39641 0.569715
vn 0.742402 -0.1311 0.657002
vn 0.630518 0.457213 0.627218
vn 0.0162 -0.262592 0.964771
vn -0.027101 0.328117 0.944248
vn 0.630518 0.457213 0.627218
vn 0.053701 0.910723 0.409511
vn -0.401003 0.899708 0.172401
vn -0.719919 0.39641 0.569715
vn -0.614478 0.209993 0.760473
vn -0.889193 0.436697 0.136499
vn -0.533426 -0.440921 0.721835
vn -0.343682 0.882853 0.320083
vn -0.889193 0.436697 0.136499
vn -0.614478 0.209993 0.760473
vn -0.614478 0.209993 0.760473
vn 0.115898 0.284696 0.951586
vn -0.343682 0.882853 0.320083
vn 0.180798 -0.434395 0.88239
vn 0.115898 0.284696 0.951586
vn -0.614478 0.209993 0.760473
vn -0.533426 -0.440921 0.721835
vn -0.956259 -0.266189 0.121295
vn -0.530802 -0.847003 0.0289
vn -0.533426 -0.440921 0.721835
vn -0.2227 -0.575901 0.786602
vn -0.530802 -0.847003 0.0289
vn -0.956259 -0.266189 0.121295
vn -0.889193 0.436697 0.136499
vn -0.889193 0.436697 0.136499
vn -0.304389 -0.885367 0.351387
vn 0.44637 -0.831945 0.329578
vn -0.304389 -0.885367 0.351387
vn -0.530802 -0.847003 0.0289
vn -0.408192 -0.896083 -0.174397
vn -0.408192 -0.896083 -0.174397
vn 0.630518 0.457213 0.627218
vn 0.742402 -0.1311 0.657002
vn 0.762793 0.575894 0.294097
vn 0.265504 0.964015 0.0135
vn 0.053701 0.910723 0.409511
vn 0.630518 0.457213 0.627218
vn 0.762793 0.575894 0.294097
vn -0.274005 0.912715 -0.303105
vn -0.747575 0.530982 -0.398986
vn -0.747575 0.530982 -0.398986
vn 0.057301 0.912116 0.405907
vn 0.650531 0.483823 0.585428
vn 0.115898 0.284696 0.951586
vn 0.180798 -0.434395 0.88239
vn 0.650531 0.483823 0.585428
vn 0.180798 -0.434395 0.88239
vn -0.533426 -0.440921 0.721835
vn -0.304389 -0.885367 0.351387
vn 0.0413 -0.888404 0.457202
vn 0.0413 -0.888404 0.457202
vn 0.743509 -0.314404 0.590207
vn 0.44637 -0.831945 0.329578
vn -0.343682 0.882853 0.320083
vn 0.057301 0.912116 0.405907
vn -0.274005 0.912715 -0.303105
vn 0.650531 0.483823 0.585428
vn 0.290004 0.931912 -0.217803
vn 0.743509 -0.314404 0.590207
vn 0.990067 -0.140595 -0.0011
vn 0.44637 -0.831945 0.329578
vn 0.578088 -0.789283 -0.206996
vn 0.578088 -0.789283 -0.206996
vn 0.824576 0.559084 -0.086598
vn 0.824576 0.559084 -0.086598
vn -0.904341 -0.0088 0.426719
vn -0.309012 -0.453018 0.836233
vn -0.293406 -0.137003 0.94612
vn -0.293406 -0.137003 0.94612
vn -0.309012 -0.453018 0.836233
vn 0.536535 -0.46403 0.704845
vn -0.785319 0.324208 0.527413
vn 0.556614 -0.126903 0.821021
vn 0.556614 -0.126903 0.821021
vn -0.032001 0.377107 0.925617
vn -0.767714 -0.250005 0.590011
vn -0.719919 0.39641 0.569715
vn -0.584179 -0.354787 0.729973
vn -0.523788 -0.779481 0.343592
vn -0.589511 0.691313 0.417808
vn -0.401003 0.899708 0.172401
vn -0.589511 0.691313 0.417808
vn -0.719919 0.39641 0.569715
vn -0.584179 -0.354787 0.729973
vn -0.189799 -0.313598 0.930394
vn -0.584179 -0.354787 0.729973
vn -0.103803 -0.952227 0.287208
vn -0.589511 0.691313 0.417808
vn 0.540109 -0.836113 0.095902
vn -0.589511 0.691313 0.417808
vn -0.163703 0.899718 0.404608
vn -0.29799 0.272091 0.914969
vn -0.163703 0.899718 0.404608
vn -0.589511 0.691313 0.417808
vn -0.0048 0.997507 0.070401
vn -0.0048 0.997507 0.070401
vn -0.22849 0.967459 0.108695
vn -0.22849 0.967459 0.108695
vn -0.280888 0.952459 -0.117995
vn 0.053701 0.910723 0.409511
vn -0.0048 0.997507 0.070401
vn -0.272703 0.894008 0.355503
vn -0.51838 0.834567 0.186493
vn -0.272703 0.894008 0.355503
vn -0.272703 0.894008 0.355503
vn -0.373211 0.875125 0.308009
vn -0.272703 0.894008 0.355503
vn 0.265504 0.964015 0.0135
vn -0.373211 0.875125 0.308009
vn -0.280888 0.952459 -0.117995
vn 0.265504 0.964015 0.0135
vn -0.354895 0.78749 0.503894
vn -0.272703 0.894008 0.355503
vn -0.373211 0.875125 0.308009
vn 0.083401 0.932614 0.351105
vn 0.083401 0.932614 0.351105
vn -0.354895 0.78749 0.503894
vn -0.2227 -0.575901 0.786602
vn 0.448603 -0.811205 0.375102
vn 0.540109 -0.836113 0.095902
vn 0.083401 0.932614 0.351105
vn 0.639606 0.543705 0.543405
vn 0.639606 0.543705 0.543405
vn 0.0033 0.766106 0.642705
vn 0.639606 0.543705 0.543405
vn -0.28479 0.617179 0.733475
vn -0.28479 0.617179 0.733475
vn 0.0189 -0.998896 0.043
vn 0.0033 0.766106 0.642705
vn -0.362594 0.885385 0.290895
vn -0.127501 0.895407 0.426603
vn -0.362594 0.885385 0.290895
vn -0.778207 0.596605 -0.196102
vn -0.850668 -0.345887 -0.395885
vn -0.850668 -0.345887 -0.395885
vn 0.207606 -0.976227 0.062302
vn 0.0189 -0.998896 0.043
vn -0.359498 -0.918496 -0.164699
vn 0.374816 -0.919939 -0.115005
vn 0.207606 -0.976227 0.062302
vn -0.359498 -0.918496 -0.164699
vn -0.384015 -0.882535 -0.271411
vn -0.359498 -0.918496 -0.164699
vn -0.850668 -0.345887 -0.395885
vn -0.384015 -0.882535 -0.271411
vn -0.920241 0.122706 -0.371617
vn -0.778207 0.596605 -0.196102
vn -0.676562 -0.034898 0.735558
vn -0.676562 -0.034898 0.735558
vn -0.632905 -0.370903 0.679605
vn -0.676562 -0.034898 0.735558
vn -0.220305 0.075302 0.97252
vn -0.896105 -0.394902 0.202601
vn 0.040099 -0.462187 0.885875
vn -0.752419 -0.072202 0.654716
vn -0.632905 -0.370903 0.679605
vn -0.632905 -0.370903 0.679605
vn -0.752419 -0.072202 0.654716
vn -0.896105 -0.394902 0.202601
vn 0.040099 -0.462187 0.885875
vn -0.220305 0.075302 0.97252
vn -0.988928 0.065202 0.133304
vn -0.988928 0.065202 0.133304
vn -0.348908 -0.308507 0.884921
vn -0.871271 -0.104796 0.479484
vn -0.871271 -0.104796 0.479484
vn -0.99763 0.046401 0.050802
vn -0.747575 0.530982 -0.398986
vn -0.274005 0.912715 -0.303105
vn -0.843227 0.520016 -0.136204
vn -0.747575 0.530982 -0.398986
vn -0.843227 0.520016 -0.136204
vn -0.2227 -0.575901 0.786602
vn -0.398012 0.910628 0.111103
vn 0.290004 0.931912 -0.217803
vn -0.398012 0.910628 0.111103
vn -0.460587 0.74058 0.489287
vn -0.843227 0.520016 -0.136204
vn -0.28479 0.617179 0.733475
vn -0.28479 0.617179 0.733475
vn -0.2227 -0.575901 0.786602
vn -0.843227 0.520016 -0.136204
vn -0.460587 0.74058 0.489287
vn -0.398012 0.910628 0.111103
vn 0.239008 0.774625 0.585519
vn -0.127501 0.895407 0.426603
vn 0.411488 0.852075 0.32349
vn 0.393513 0.913129 0.106503
vn 0.393513 0.913129 0.106503
vn 0.0189 -0.998896 0.043
vn 0.213903 -0.957315 0.194403
vn -0.408192 -0.896083 -0.174397
vn 0.0189 -0.998896 0.043
vn 0.207606 -0.976227 0.062302
vn 0.393386 -0.918367 -0.042998
vn 0.213903 -0.957315 0.194403
vn 0.393386 -0.918367 -0.042998
vn -0.408192 -0.896083 -0.174397
vn 0.317787 -0.0021 0.94816
vn 0.578088 -0.789283 -0.206996
vn 0.393386 -0.918367 -0.042998
vn 0.957971 -0.203194 0.202494
vn 0.990067 -0.140595 -0.0011
vn 0.745203 -0.503602 0.437102
vn 0.957971 -0.203194 0.202494
vn 0.81261 -0.542607 0.212703
vn 0.207606 -0.976227 0.062302
vn 0.957971 -0.203194 0.202494
vn 0.86774 0.464621 0.176508
vn 0.745203 -0.503602 0.437102
vn 0.790809 0.274203 0.547206
vn 0.928737 0.24101 0.281711
vn 0.81261 -0.542607 0.212703
vn 0.393513 0.913129 0.106503
vn 0.86774 0.464621 0.176508
vn 0.393513 0.913129 0.106503
vn 0.824576 0.559084 -0.086598
vn 0.86774 0.464621 0.176508
vn 0.790809 0.274203 0.547206
vn 0.239008 0.774625 0.585519
vn 0.790809 0.274203 0.547206
vn 0.411488 0.852075 0.32349
vn 0.928737 0.24101 0.281711
vn 0.374816 -0.919939 -0.115005
vn 0.950415 0.239804 0.198003
vn 0.317787 -0.0021 0.94816
vn 0.751779 -0.628482 -0.199594
vn 0.374816 -0.919939 -0.115005
vn 0.376301 -0.911102 -0.1682
vn 0.376301 -0.911102 -0.1682
vn 0.818124 -0.444013 0.365411
vn 0.368205 -0.825111 0.428506
vn 0.376301 -0.911102 -0.1682
vn 0.368205 -0.825111 0.428506
vn 0.818124 -0.444013 0.365411
vn -0.220305 0.075302 0.97252
vn -0.348908 -0.308507 0.884921
vn 0.040099 -0.462187 0.885875
vn -0.469207 -0.398206 0.788211
vn -0.136496 -0.348889 0.927171
vn -0.220305 0.075302 0.97252
vn 0.261891 -0.432484 0.862769
vn -0.469207 -0.398206 0.788211
vn -0.220305 0.075302 0.97252
vn 0.256196 -0.392194 0.883486
vn 0.256196 -0.392194 0.883486
vn -0.595409 -0.307105 0.742411
vn -0.236289 -0.395482 0.887559
vn 0.261891 -0.432484 0.862769
vn -0.236289 -0.395482 0.887559
vn -0.136496 -0.348889 0.927171
vn -0.220305 0.075302 0.97252
vn 0.317787 -0.0021 0.94816
vn 0.256196 -0.392194 0.883486
vn 0.884879 -0.312892 0.345092
vn 0.317787 -0.0021 0.94816
vn 0.884879 -0.312892 0.345092
vn 0.71636 -0.54547 0.435076
vn 0.256196 -0.392194 0.883486
vn -0.995688 0.068099 0.062999
vn -0.890384 0.440392 0.115198
vn -0.995688 0.068099 0.062999
vn -0.890384 0.440392 0.115198
vn -0.896663 0.179293 -0.404783
vn -0.920849 0.110206 -0.37402
vn -0.896663 0.179293 -0.404783
vn -0.852774 0.188994 0.486885
vn -0.852774 0.188994 0.486885
vn -0.833896 -0.156399 0.529298
vn -0.852774 0.188994 0.486885
vn -0.723031 0.485521 0.491421
vn -0.723031 0.485521 0.491421
vn -0.560287 0.816382 0.139997
vn -0.949613 0.201103 0.240403
vn -0.949613 0.201103 0.240403
vn -0.699522 0.670821 -0.246308
vn -0.793318 0.608514 0.0189
vn -0.927587 0.176298 -0.329395
vn -0.354123 0.92686 -0.124608
vn -0.295091 -0.554683 0.777977
vn 0.038401 -0.430812 0.901624
vn 0.038401 -0.430812 0.901624
vn -0.295091 -0.554683 0.777977
vn -0.797968 -0.417283 0.434882
vn -0.833896 -0.156399 0.529298
vn -0.243399 -0.830697 0.500698
vn -0.797968 -0.417283 0.434882
vn -0.295091 -0.554683 0.777977
vn 0.337692 -0.497588 0.798981
vn -0.243399 -0.830697 0.500698
vn -0.295091 -0.554683 0.777977
vn 0.337692 -0.497588 0.798981
vn -0.797968 -0.417283 0.434882
vn -0.243399 -0.830697 0.500698
vn -0.904341 -0.0088 0.426719
vn 0.362097 -0.703794 0.611195
vn -0.985933 0.049302 0.159705
vn -0.785319 0.324208 0.527413
vn -0.949613 0.201103 0.240403
vn -0.849184 -0.461791 0.256195
vn -0.717901 -0.2776 0.638401
vn 0.754027 -0.394314 0.525319
vn 0.536535 -0.46403 0.704845
vn 0.362097 -0.703794 0.611195
vn 0.337692 -0.497588 0.798981
vn -0.837607 -0.540904 -0.076401
vn -0.793318 0.608514 0.0189
vn -0.927587 0.176298 -0.329395
vn -0.750001 -0.540401 -0.3814
vn -0.927587 0.176298 -0.329395
vn -0.837607 -0.540904 -0.076401
vn -0.823351 -0.561635 -0.081605
vn -0.849184 -0.461791 0.256195
vn -0.463204 -0.583105 -0.667406
vn -0.109899 0.961989 -0.249997
vn -0.354123 0.92686 -0.124608
vn -0.927587 0.176298 -0.329395
vn -0.454094 0.288096 -0.843089
vn -0.454094 0.288096 -0.843089
vn 0.950415 0.239804 0.198003
vn 0.862712 -0.505407 -0.0171
vn 0.862712 -0.505407 -0.0171
vn 0.862712 -0.505407 -0.0171
vn 0.992619 -0.118602 -0.0253
vn 0.992619 -0.118602 -0.0253
vn 0.884879 -0.312892 0.345092
vn 0.962528 -0.218506 0.160605
vn 0.751779 -0.628482 -0.199594
vn 0.818124 -0.444013 0.365411
vn 0.802101 -0.584801 -0.121
vn 0.92492 -0.379108 -0.028301
vn 0.92492 -0.379108 -0.028301
vn 0.802334 -0.372816 0.46612
vn 0.256196 -0.392194 0.883486
vn 0.71636 -0.54547 0.435076
vn 0.802101 -0.584801 -0.121
vn 0.261891 -0.432484 0.862769
vn 0.802334 -0.372816 0.46612
vn 0.611197 -0.390398 0.688497
vn 0.926174 -0.268392 0.264892
vn 0.950376 -0.309692 -0.029599
vn 0.926174 -0.268392 0.264892
vn 0.663902 0.025 0.747402
vn 0.337692 -0.497588 0.798981
vn 0.556614 -0.126903 0.821021
vn 0.442907 -0.455207 0.772412
vn 0.556614 -0.126903 0.821021
vn 0.442907 -0.455207 0.772412
vn -0.121996 0.017899 0.992369
vn -0.032001 0.377107 0.925617
vn 0.520396 -0.752795 0.403097
vn 0.442907 -0.455207 0.772412
vn 0.520396 -0.752795 0.403097
vn 0.303611 -0.847332 0.435716
vn 0.102101 -0.530506 0.84151
vn 0.102101 -0.530506 0.84151
vn -0.121996 0.017899 0.992369
vn 0.442907 -0.455207 0.772412
vn 0.739128 0.120905 0.662625
vn 0.754027 -0.394314 0.525319
vn 0.337692 -0.497588 0.798981
vn 0.663902 0.025 0.747402
vn 0.739128 0.120905 0.662625
vn 0.337692 -0.497588 0.798981
vn 0.739128 0.120905 0.662625
vn 0.928067 -0.0044 0.372387
vn 0.969649 0.091305 0.226812
vn 0.739128 0.120905 0.662625
vn 0.663902 0.025 0.747402
vn 0.793594 0.523496 0.310098
vn 0.739128 0.120905 0.662625
vn 0.793594 0.523496 0.310098
vn 0.969649 0.091305 0.226812
vn 0.433188 -0.899176 0.061898
vn 0.433707 -0.897715 0.077501
vn 0.433707 -0.897715 0.077501
vn 0.611197 -0.390398 0.688497
vn 0.928206 0.201001 0.313102
vn 0.744546 -0.468229 0.475829
vn 0.975989 -0.173498 -0.131698
vn 0.930877 0.360891 0.056799
vn 0.964494 -0.177899 -0.195199
vn 0.930877 0.360891 0.056799
vn 0.706805 0.704305 0.0662
vn 0.964494 -0.177899 -0.195199
vn 0.964494 -0.177899 -0.195199
vn 0.433188 -0.899176 0.061898
vn 0.433707 -0.897715 0.077501
vn 0.455311 -0.853121 -0.254706
vn 0.433188 -0.899176 0.061898
vn 0.455311 -0.853121 -0.254706
vn 0.8704 -0.4902 0.0459
vn 0.8704 -0.4902 0.0459
vn 0.744546 -0.468229 0.475829
vn 0.433188 -0.899176 0.061898
vn 0.750237 0.584829 -0.308415
vn 0.453389 0.863379 -0.221395
vn 0.801275 -0.0041 -0.598282
vn 0.750237 0.584829 -0.308415
vn 0.69213 -0.018701 -0.721531
vn 0.69213 -0.018701 -0.721531
vn 0.7828 -0.5391 -0.3108
vn 0.261107 -0.764622 -0.589217
vn 0.261107 -0.764622 -0.589217
vn -0.121996 0.017899 0.992369
vn -0.785319 0.324208 0.527413
vn -0.032001 0.377107 0.925617
vn -0.919814 0.056901 0.388206
vn -0.834144 -0.460524 0.303516
vn -0.592221 -0.471916 0.653123
vn -0.592221 -0.471916 0.653123
vn -0.834144 -0.460524 0.303516
vn -0.717901 -0.2776 0.638401
vn -0.493091 -0.248995 0.833584
vn -0.493091 -0.248995 0.833584
vn -0.834144 -0.460524 0.303516
vn -0.919814 0.056901 0.388206
vn -0.994154 0.029399 -0.103895
vn -0.823351 -0.561635 -0.081605
vn -0.834144 -0.460524 0.303516
vn -0.849184 -0.461791 0.256195
vn -0.888822 0.238806 0.39111
vn -0.969423 0.231606 -0.081102
vn -0.463079 0.106795 0.87986
vn -0.888822 0.238806 0.39111
vn -0.913083 0.406092 -0.036999
vn -0.969423 0.231606 -0.081102
vn -0.888822 0.238806 0.39111
vn -0.358787 0.330188 0.873068
vn -0.78851 0.473406 0.392605
vn -0.78851 0.473406 0.392605
vn -0.750001 -0.540401 -0.3814
vn -0.826592 -0.138499 -0.545494
vn -0.847718 0.079802 -0.524411
vn -0.750001 -0.540401 -0.3814
vn -0.826592 -0.138499 -0.545494
vn -0.463204 -0.583105 -0.667406
vn -0.913083 0.406092 -0.036999
vn -0.805777 0.278992 -0.522385
vn -0.717901 -0.2776 0.638401
vn -0.121996 0.017899 0.992369
vn -0.098096 -0.015499 0.995056
vn 0.318707 -0.244706 0.915721
vn 0.135503 0.164504 0.977025
vn 0.68911 0.287904 0.66501
vn 0.891393 0.414997 0.182199
vn 0.884383 -0.378893 -0.272595
vn 0.958359 0.205591 -0.198192
vn -0.78851 0.473406 0.392605
vn -0.358787 0.330188 0.873068
vn -0.101402 0.671413 0.734114
vn -0.510805 0.761808 0.398404
vn -0.101402 0.671413 0.734114
vn -0.510805 0.761808 0.398404
vn -0.78851 0.473406 0.392605
vn -0.358787 0.330188 0.873068
vn 0.135503 0.164504 0.977025
vn 0.296988 0.433782 0.850665
vn -0.101402 0.671413 0.734114
vn -0.823405 0.133601 0.551503
vn -0.682268 0.731066 -0.0073
vn -0.823405 0.133601 0.551503
vn -0.510805 0.761808 0.398404
vn -0.823405 0.133601 0.551503
vn -0.818314 -0.316306 0.479908
vn -0.974238 0.218509 0.055802
vn -0.244392 0.153395 0.957467
vn -0.818314 -0.316306 0.479908
vn -0.823405 0.133601 0.551503
vn -0.974238 0.218509 0.055802
vn -0.244392 0.153395 0.957467
vn -0.659223 0.513918 0.548919
vn -0.969411 -0.231303 0.082101
vn -0.396589 0.285492 0.872475
vn -0.659223 0.513918 0.548919
vn -0.818314 -0.316306 0.479908
vn -0.244392 0.153395 0.957467
vn -0.558107 -0.513607 0.651709
vn -0.558107 -0.513607 0.651709
vn -0.585598 -0.467798 0.661997
vn -0.818314 -0.316306 0.479908
vn -0.585598 -0.467798 0.661997
vn -0.813077 0.577884 0.070398
vn -0.662366 0.492475 0.564571
vn -0.813077 0.577884 0.070398
vn -0.659223 0.513918 0.548919
vn -0.428892 0.303394 0.850884
vn -0.662366 0.492475 0.564571
vn -0.659223 0.513918 0.548919
vn -0.396589 0.285492 0.872475
vn -0.563009 0.61881 -0.547809
vn -0.805777 0.278992 -0.522385
vn -0.682268 0.731066 -0.0073
vn -0.974238 0.218509 0.055802
vn -0.897491 0.0413 -0.439095
vn -0.563009 0.61881 -0.547809
vn -0.897491 0.0413 -0.439095
vn -0.911201 -0.2592 -0.3202
vn -0.858704 0.504702 0.0889
vn -0.765893 0.483796 -0.423496
vn -0.71804 0.577132 -0.389022
vn -0.71804 0.577132 -0.389022
vn -0.858704 0.504702 0.0889
vn -0.662366 0.492475 0.564571
vn -0.853547 -0.393075 0.341979
vn -0.847052 -0.531433 -0.009101
vn -0.765893 0.483796 -0.423496
vn -0.37881 -0.629917 0.678018
vn -0.219003 0.088401 0.971711
vn -0.49572 -0.462118 0.735329
vn -0.4958 -0.4563 0.7389
vn -0.49572 -0.462118 0.735329
vn -0.219003 0.088401 0.971711
vn -0.235193 0.176595 0.955771
vn 0 0.121499 0.992592
vn 0 -0.617093 0.786891
vn 0 0.121499 0.992592
vn -0.323615 0.202609 0.924242
vn 0.062602 0.180206 0.981635
vn -0.323615 0.202609 0.924242
vn -0.235193 0.176595 0.955771
vn 0 0.0871 0.9962
vn 0 0.0871 0.9962
vn -0.555009 -0.330405 0.763412
vn -0.323615 0.202609 0.924242
vn -0.53722 0.039201 0.842531
vn -0.53722 0.039201 0.842531
vn -0.323615 0.202609 0.924242
vn 0.062602 0.180206 0.981635
vn 0 -0.307093 0.951679
vn -0.555009 -0.330405 0.763412
vn -0.53722 0.039201 0.842531
vn 0.062602 0.180206 0.981635
vn 0.318707 -0.244706 0.915721
vn 0.503832 0.110107 0.856755
vn -0.098096 -0.015499 0.995056
vn 0.318707 -0.244706 0.915721
vn 0.905657 -0.082905 0.415826
vn 0.503832 0.110107 0.856755
vn 0.318707 -0.244706 0.915721
vn 0.503832 0.110107 0.856755
vn 0.443189 -0.028399 0.895978
vn 0.503832 0.110107 0.856755
vn 0.87352 -0.210105 0.43911
vn 0.443189 -0.028399 0.895978
vn -0.0881 -0.887605 0.452102
vn -0.394902 -0.685204 0.612003
vn 0.443189 -0.028399 0.895978
vn 0.443189 -0.028399 0.895978
vn -0.394902 -0.685204 0.612003
vn 0.87352 -0.210105 0.43911
vn 0.135699 0.217898 0.966492
vn 0.135699 0.217898 0.966492
vn -0.394902 -0.685204 0.612003
vn -0.0881 -0.887605 0.452102
vn -0.388295 -0.870889 0.301296
vn -0.37881 -0.629917 0.678018
vn -0.4958 -0.4563 0.7389
vn 0.981509 -0.187902 0.0365
vn 0.263814 -0.947552 0.18041
vn -0.0881 -0.887605 0.452102
vn 0.989571 -0.142496 0.021099
vn -0.367208 -0.91662 0.158004
vn -0.388295 -0.870889 0.301296
vn -0.0881 -0.887605 0.452102
vn 0.263814 -0.947552 0.18041
vn -0.37881 -0.629917 0.678018
vn -0.388295 -0.870889 0.301296
vn 0 -0.617093 0.786891
vn 0 -0.99154 0.129805
vn 0 -0.936645 0.35028
vn 0 -0.936645 0.35028
vn 0.7828 -0.5391 -0.3108
vn 0.960511 0.0156 -0.277803
vn 0.929094 -0.174299 -0.326198
vn 0.407404 -0.91031 -0.073201
vn 0.407404 -0.91031 -0.073201
vn -0.327116 -0.940347 0.093505
vn -0.367208 -0.91662 0.158004
vn -0.327116 -0.940347 0.093505
vn 0 -0.999045 0.043702
vn 0 -0.999045 0.043702
vn -0.662366 0.492475 0.564571
vn -0.428892 0.303394 0.850884
vn -0.853547 -0.393075 0.341979
vn -0.616043 -0.43343 0.657746
vn -0.302495 0.416394 0.857387
vn -0.675409 -0.449506 -0.584608
vn -0.354605 -0.653209 0.669009
vn -0.354605 -0.653209 0.669009
vn 0.841225 -0.540516 0.0135
vn -0.302495 0.416394 0.857387
vn -0.260199 0.516498 0.815798
vn -0.054799 0.762986 0.644088
vn -0.434604 0.859008 0.270602
vn -0.882979 0.388891 -0.262894
vn -0.054799 0.762986 0.644088
vn -0.314507 0.069302 0.946722
vn -0.478315 0.430513 0.765424
vn -0.575608 0.72641 0.375505
vn -0.434604 0.859008 0.270602
vn -0.814816 0.177704 0.551811
vn -0.478315 0.430513 0.765424
vn -0.651293 -0.299797 0.697093
vn -0.867092 0.329397 0.373697
vn -0.561075 -0.044598 0.826563
vn -0.774186 -0.182797 0.605989
vn -0.978966 -0.077097 0.188894
vn -0.478315 0.430513 0.765424
vn -0.314507 0.069302 0.946722
vn -0.651293 -0.299797 0.697093
vn -0.575608 0.72641 0.375505
vn -0.0238 -0.689804 0.723605
vn 0.088399 -0.416593 0.904785
vn -0.397683 0.334786 0.854264
vn 0.405986 0.060598 0.911868
vn -0.314507 0.069302 0.946722
vn 0.454798 0.278299 0.845996
vn 0.68911 0.287904 0.66501
vn 0.405986 0.060598 0.911868
vn 0.454798 0.278299 0.845996
vn -0.314507 0.069302 0.946722
vn 0.405986 0.060598 0.911868
vn 0.801479 -0.253393 0.541686
vn 0.801479 -0.253393 0.541686
vn -0.0238 -0.689804 0.723605
vn 0.405986 0.060598 0.911868
vn 0.974771 -0.154495 0.161095
vn 0.801479 -0.253393 0.541686
vn 0.68911 0.287904 0.66501
vn 0.891393 0.414997 0.182199
vn 0.484181 -0.850567 0.205192
vn 0.088399 -0.416593 0.904785
vn 0.704735 -0.707435 -0.053703
vn 0.484181 -0.850567 0.205192
vn 0.801479 -0.253393 0.541686
vn 0.801479 -0.253393 0.541686
vn 0.974771 -0.154495 0.161095
vn 0.704735 -0.707435 -0.053703
vn -0.964849 0.219311 0.144807
vn -0.976384 -0.205097 0.067899
vn -0.731928 -0.452518 0.50942
vn -0.978966 -0.077097 0.188894
vn -0.81039 0.0286 0.585193
vn -0.278293 -0.190195 0.941477
vn -0.309302 -0.513503 0.800404
vn -0.731928 -0.452518 0.50942
vn -0.731928 -0.452518 0.50942
vn -0.309302 -0.513503 0.800404
vn -0.81039 0.0286 0.585193
vn -0.774186 -0.182797 0.605989
vn -0.978966 -0.077097 0.188894
vn -0.774186 -0.182797 0.605989
vn -0.731928 -0.452518 0.50942
vn -0.9095 -0.1378 -0.3922
vn -0.932413 0.136302 -0.334705
vn -0.964849 0.219311 0.144807
vn -0.81039 0.0286 0.585193
vn -0.691109 0.685109 0.230203
vn -0.917469 0.245792 -0.312789
vn -0.917469 0.245792 -0.312789
vn -0.360019 -0.360819 0.860346
vn -0.401795 0.045699 0.914589
vn 0.124997 -0.059399 0.990377
vn 0.124997 -0.059399 0.990377
vn -0.397683 0.334786 0.854264
vn -0.278293 -0.190195 0.941477
vn -0.774186 -0.182797 0.605989
vn 0.262408 -0.0072 0.96493
vn -0.278293 -0.190195 0.941477
vn -0.397683 0.334786 0.854264
vn 0.262408 -0.0072 0.96493
vn -0.360019 -0.360819 0.860346
vn -0.587235 0.49263 0.642239
vn -0.587235 0.49263 0.642239
vn -0.169796 0.633383 0.75498
vn -0.587235 0.49263 0.642239
vn -0.401795 0.045699 0.914589
vn 0.124997 -0.059399 0.990377
vn -0.441917 0.294511 0.847333
vn 0.755093 0.646894 -0.106599
vn -0.450302 0.759903 -0.468802
vn 0.974582 0.095198 0.202796
vn -0.25501 0.928938 0.268411
vn -0.25501 0.928938 0.268411
vn -0.6424 0.7195 -0.2639
vn -0.3496 0.3115 0.883599
vn -0.582678 -0.606577 -0.54088
vn -0.084804 -0.833138 0.546525
vn -0.084804 -0.833138 0.546525
vn 0.968435 -0.208107 0.137205
vn -0.3496 0.3115 0.883599
vn -0.61763 -0.663332 -0.422521
vn 0.968435 -0.208107 0.137205
vn -0.582678 -0.606577 -0.54088
vn -0.61763 -0.663332 -0.422521
vn 0.88062 0.455611 -0.130103
vn 0.88062 0.455611 -0.130103
vn -0.604781 0.451586 0.65598
vn -0.380402 -0.423602 -0.822104
vn -0.793815 -0.601312 0.091002
vn -0.793815 -0.601312 0.091002
vn -0.380402 -0.423602 -0.822104
vn -0.147303 0.488711 0.85992
vn -0.604781 0.451586 0.65598
vn -0.793815 -0.601312 0.091002
vn -0.61763 -0.663332 -0.422521
vn -0.602896 0.664195 0.441997
vn 0.921528 0.350611 -0.166905
vn -0.742413 -0.57601 -0.342106
vn -0.742413 -0.57601 -0.342106
vn -0.604781 0.451586 0.65598
vn -0.147303 0.488711 0.85992
vn 0.921528 0.350611 -0.166905
vn -0.602896 0.664195 0.441997
vn -0.147303 0.488711 0.85992
vn -0.758587 -0.260596 0.59719
vn -0.595404 -0.565804 0.570404
vn -0.472215 -0.450914 0.757423
vn -0.472215 -0.450914 0.757423
vn -0.595404 -0.565804 0.570404
vn -0.128298 -0.352995 0.926787
vn -0.277307 0.320008 0.905923
vn -0.758587 -0.260596 0.59719
vn -0.472215 -0.450914 0.757423
vn -0.128298 -0.352995 0.926787
vn -0.632398 -0.447799 0.632098
vn -0.595404 -0.565804 0.570404
vn -0.876383 -0.383992 0.290694
vn -0.556982 -0.440986 0.703777
vn -0.781902 -0.566502 0.260201
vn -0.803768 -0.484281 0.345586
vn -0.803768 -0.484281 0.345586
vn -0.437606 -0.085301 0.895112
vn -0.220403 -0.281804 0.933814
vn -0.220403 -0.281804 0.933814
vn -0.617917 0.377811 0.689519
vn -0.900338 -0.145306 0.410217
vn -0.868208 -0.420704 0.263102
vn -0.900338 -0.145306 0.410217
vn -0.369016 0.173208 0.913141
vn -0.900338 -0.145306 0.410217
vn -0.617917 0.377811 0.689519
vn 0.113595 0.730066 0.673869
vn -0.617917 0.377811 0.689519
vn -0.277307 0.320008 0.905923
vn -0.295897 0.773493 0.560495
vn -0.295897 0.773493 0.560495
vn 0.738778 -0.572383 0.355789
vn 0.262408 -0.0072 0.96493
vn 0.886045 -0.457623 -0.074204
vn 0.738778 -0.572383 0.355789
vn 0.738778 -0.572383 0.355789
vn 0.886045 -0.457623 -0.074204
vn 0.897833 -0.163106 0.409015
vn 0.897833 -0.163106 0.409015
vn -0.138099 -0.990391 -0.0074
vn -0.154798 -0.984187 -0.086099
vn 0.704735 -0.707435 -0.053703
vn 0.908735 -0.414616 -0.047902
vn -0.876383 -0.383992 0.290694
vn -0.980064 -0.186793 0.067698
vn -0.904275 -0.420988 0.071098
vn -0.980323 -0.168704 -0.102502
vn -0.781902 -0.566502 0.260201
vn -0.794889 -0.604591 0.051199
vn -0.7193 -0.6829 -0.1275
vn -0.901531 -0.378613 -0.209507
vn -0.149897 -0.45789 0.876281
vn -0.138099 -0.990391 -0.0074
vn -0.853547 -0.393075 0.341979
vn -0.616043 -0.43343 0.657746
vn -0.853547 -0.393075 0.341979
vn -0.794889 -0.604591 0.051199
vn -0.847052 -0.531433 -0.009101
vn -0.772281 -0.605985 -0.190695
vn -0.772281 -0.605985 -0.190695
vn -0.7193 -0.6829 -0.1275
vn -0.360019 -0.360819 0.860346
vn -0.360019 -0.360819 0.860346
vn 0.262408 -0.0072 0.96493
vn -0.149897 -0.45789 0.876281
vn -0.360019 -0.360819 0.860346
vn -0.369016 0.173208 0.913141
vn -0.369016 0.173208 0.913141
vn 0.303997 0.665594 0.681594
vn -0.154798 -0.984187 -0.086099
vn 0.113595 0.730066 0.673869
vn -0.556982 -0.440986 0.703777
vn -0.368805 -0.68241 0.631109
vn -0.437606 -0.085301 0.895112
vn 0.281006 -0.53161 0.799016
vn -0.368805 -0.68241 0.631109
vn -0.556982 -0.440986 0.703777
vn -0.556982 -0.440986 0.703777
vn -0.555009 -0.330405 0.763412
vn -0.654107 0.085901 0.751508
vn -0.556982 -0.440986 0.703777
vn -0.654107 0.085901 0.751508
vn 0.002 -0.299982 0.953943
vn 0.002 -0.299982 0.953943
vn 0.171793 0.149894 0.973663
vn -0.437606 -0.085301 0.895112
vn -0.368805 -0.68241 0.631109
vn 0.281006 -0.53161 0.799016
vn -0.654107 0.085901 0.751508
vn -0.555009 -0.330405 0.763412
vn -0.246992 -0.747875 0.61618
vn -0.246992 -0.747875 0.61618
vn -0.555009 -0.330405 0.763412
vn 0.285613 -0.592126 0.753533
vn 0.088895 0.261687 0.96105
vn 0.285613 -0.592126 0.753533
vn 0 -0.307093 0.951679
vn 0.088895 0.261687 0.96105
vn 0.2315 -0.1895 0.9542
vn 0.093897 0.28349 0.954367
vn -0.128298 -0.352995 0.926787
vn 0.2315 -0.1895 0.9542
vn 0.186792 0.096396 0.977659
vn -0.437606 -0.085301 0.895112
vn 0.171793 0.149894 0.973663
vn 0.186792 0.096396 0.977659
vn 0.186792 0.096396 0.977659
vn 0.062602 0.180206 0.981635
vn 0 0.0871 0.9962
vn 0 -0.307093 0.951679
vn 0.002 -0.299982 0.953943
vn 0.088895 0.261687 0.96105
vn 0.285613 -0.592126 0.753533
vn 0 -0.307093 0.951679
vn 0.002 -0.299982 0.953943
vn 0.171793 0.149894 0.973663
vn 0.281006 -0.53161 0.799016
vn -0.0027 0.065802 0.997829
vn -0.0027 0.065802 0.997829
vn 0.093897 0.28349 0.954367
vn 0.2315 -0.1895 0.9542
vn 0.186792 0.096396 0.977659
vn 0 0.168906 0.985632
vn 0.284313 0.713633 0.64023
vn 0.031701 0.761221 0.647718
vn 0.031701 0.761221 0.647718
vn 0.284313 0.713633 0.64023
vn -0.049599 0.490394 0.870089
vn -0.0449 0.771204 0.635003
vn 0.113595 0.730066 0.673869
vn 0.113595 0.730066 0.673869
vn 0.511706 0.482606 0.710808
vn 0.511706 0.482606 0.710808
vn -0.016499 0.63798 0.769876
vn 0.511706 0.482606 0.710808
vn 0 0.168906 0.985632
vn -0.016499 0.63798 0.769876
vn -0.4191 0.0283 0.907499
vn -0.0449 0.771204 0.635003
vn -0.049599 0.490394 0.870089
vn 0.0063 -0.162303 0.986721
vn -0.016499 0.63798 0.769876
vn 0.139997 0.962081 0.234095
vn 0.139997 0.962081 0.234095
vn -0.266701 0.900105 -0.344502
vn 0.139997 0.962081 0.234095
vn 0.303997 0.665594 0.681594
vn 0.1227 0.939098 0.320999
vn 0.183793 0.908464 -0.375385
vn 0.183793 0.908464 -0.375385
vn 0.113595 0.730066 0.673869
vn -0.120295 0.710272 0.693573
vn 0.1227 0.939098 0.320999
vn 0.113595 0.730066 0.673869
vn -0.0449 0.771204 0.635003
vn -0.414003 0.831907 0.369503
vn 0.1227 0.939098 0.320999
vn -0.414003 0.831907 0.369503
vn -0.053299 0.93698 -0.345293
vn -0.053299 0.93698 -0.345293
vn -0.539383 0.786276 0.301391
vn -0.539383 0.786276 0.301391
vn -0.205004 0.936317 -0.285105
vn -0.425689 0.834778 -0.349191
vn -0.467707 -0.195403 0.862014
vn -0.410012 0.0098 0.912027
vn -0.777791 0.0342 0.627592
vn 0.0054 -0.089804 0.995945
vn -0.817578 -0.234094 0.526086
vn -0.361809 -0.803221 0.473212
vn 0.0078 -0.812423 0.583016
vn -0.402509 0.136903 0.905121
vn -0.71172 0.423412 0.560516
vn 0 -0.092997 0.995666
vn -0.410012 0.0098 0.912027
vn 0.0054 -0.089804 0.995945
vn 0 -0.092997 0.995666
vn -0.402509 0.136903 0.905121
vn -0.120103 0.85042 0.512212
vn -0.71172 0.423412 0.560516
vn 0 0.136296 0.990668
vn 0 0.136296 0.990668
vn -0.723495 0.279098 0.631395
vn -0.173593 0.959863 -0.220292
vn -0.723495 0.279098 0.631395
vn -0.120103 0.85042 0.512212
vn 0 0.030501 -0.999535
vn 0 0.915992 0.401197
vn 0 0.915992 0.401197
vn -0.384005 -0.853311 0.352705
vn -0.449912 -0.249807 0.857424
vn -0.675596 -0.125599 0.726495
vn 0.0014 -0.882294 0.470697
vn -0.449912 -0.249807 0.857424
vn -0.384005 -0.853311 0.352705
vn -0.723495 0.279098 0.631395
vn -0.384005 -0.853311 0.352705
vn -0.723495 0.279098 0.631395
vn -0.173593 0.959863 -0.220292
vn 0.0014 -0.882294 0.470697
vn -0.487097 -0.475897 0.732296
vn -0.723013 0.051501 0.688912
vn 0.0062 -0.192399 0.981297
vn 0.0062 -0.192399 0.981297
vn -0.603501 -0.0299 0.796801
vn -0.934423 0.127903 0.332408
vn -0.894293 -0.369097 0.252998
vn -0.894293 -0.369097 0.252998
vn -0.934423 0.127903 0.332408
vn -0.51471 -0.117202 0.849316
vn -0.500131 -0.674041 0.543633
vn -0.487097 -0.475897 0.732296
vn -0.500131 -0.674041 0.543633
vn -0.894293 -0.369097 0.252998
vn -0.723013 0.051501 0.688912
vn -0.723013 0.051501 0.688912
vn -0.644284 -0.485788 0.590685
vn -0.774505 0.303502 0.555003
vn -0.51471 -0.117202 0.849316
vn -0.934423 0.127903 0.332408
vn -0.883202 -0.467401 0.0386
vn -0.644284 -0.485788 0.590685
vn 0.0133 -0.736503 0.676303
vn 0.0049 -0.605005 0.796207
vn 0.0133 -0.736503 0.676303
vn -0.577179 0.403485 0.709974
vn 0.023199 -0.115197 0.993072
vn 0.0049 -0.605005 0.796207
vn -0.935895 -0.211799 0.281499
vn -0.57659 -0.791286 0.203496
vn -0.817578 -0.234094 0.526086
vn -0.57659 -0.791286 0.203496
vn -0.901085 -0.0114 0.433493
vn -0.901085 -0.0114 0.433493
vn -0.721106 -0.692306 -0.0268
vn -0.57659 -0.791286 0.203496
vn -0.721106 -0.692306 -0.0268
vn -0.566188 -0.742284 0.358392
vn 0.0004 -0.841091 0.540894
vn -0.361809 -0.803221 0.473212
vn -0.972405 -0.162701 0.167201
vn -0.843798 -0.339899 0.415299
vn -0.811404 -0.574903 -0.105401
vn -0.811404 -0.574903 -0.105401
vn 0.0078 -0.812423 0.583016
vn -0.843798 -0.339899 0.415299
vn -0.566188 -0.742284 0.358392
vn 0.0004 -0.841091 0.540894
vn -0.838111 0.206003 0.505107
vn -0.841919 -0.072502 0.534712
vn -0.901085 -0.0114 0.433493
vn -0.841919 -0.072502 0.534712
vn -0.901085 -0.0114 0.433493
vn -0.71172 0.423412 0.560516
vn -0.838111 0.206003 0.505107
vn -0.855913 -0.328705 0.399206
vn -0.855913 -0.328705 0.399206
vn -0.973336 -0.205108 0.102704
vn -0.723495 0.279098 0.631395
vn -0.173593 0.959863 -0.220292
vn -0.838111 0.206003 0.505107
vn -0.723495 0.279098 0.631395
vn -0.646081 0.418388 0.638381
vn -0.904322 -0.267906 0.332308
vn -0.377507 0.253905 0.890517
vn -0.994182 -0.082298 0.069499
vn -0.904322 -0.267906 0.332308
vn -0.646081 0.418388 0.638381
vn -0.646081 0.418388 0.638381
vn -0.377507 0.253905 0.890517
vn -0.456507 0.506307 0.731611
vn -0.989181 -0.0008 0.146697
vn -0.646081 0.418388 0.638381
vn -0.989181 -0.0008 0.146697
vn -0.994182 -0.082298 0.069499
vn -0.439787 -0.569583 0.694379
vn -0.904322 -0.267906 0.332308
vn -0.855913 -0.328705 0.399206
vn -0.904322 -0.267906 0.332308
vn -0.370621 -0.427124 0.824746
vn -0.439787 -0.569583 0.694379
vn -0.855913 -0.328705 0.399206
vn -0.370621 -0.427124 0.824746
vn -0.439787 -0.569583 0.694379
vn 0.0614 -0.435497 0.898094
vn 0.0614 -0.435497 0.898094
vn -0.51471 -0.117202 0.849316
vn -0.51471 -0.117202 0.849316
vn -0.099996 0.328886 0.939061
vn -0.258101 0.503402 0.824603
vn -0.085201 0.252204 0.963916
vn -0.085201 0.252204 0.963916
vn -0.099996 0.328886 0.939061
vn -0.5893 -0.2471 0.769199
vn -0.258101 0.503402 0.824603
vn -0.456507 0.506307 0.731611
vn -0.042599 -0.219993 0.974571
vn -0.5893 -0.2471 0.769199
vn -0.042599 -0.219993 0.974571
vn -0.071201 -0.323304 0.943613
vn -0.5893 -0.2471 0.769199
vn -0.042599 -0.219993 0.974571
vn -0.320598 -0.242699 0.915595
vn -0.5893 -0.2471 0.769199
vn -0.071201 -0.323304 0.943613
vn -0.678201 -0.2868 0.676601
vn -0.757418 0.155204 0.634215
vn -0.5893 -0.2471 0.769199
vn -0.678201 -0.2868 0.676601
vn -0.757418 0.155204 0.634215
vn -0.757418 0.155204 0.634215
vn -0.774505 0.303502 0.555003
vn -0.774505 0.303502 0.555003
vn -0.299392 0.314591 0.900776
vn -0.774505 0.303502 0.555003
vn 0.0154 -0.130897 0.991276
vn -0.299392 0.314591 0.900776
vn 0.0154 -0.130897 0.991276
vn 0.0154 -0.130897 0.991276
vn -0.975549 -0.107694 0.19159
vn -0.953437 -0.241909 -0.180107
vn -0.967039 -0.083903 0.24041
vn -0.774505 0.303502 0.555003
vn -0.757222 -0.381011 0.530515
vn -0.774505 0.303502 0.555003
vn -0.883202 -0.467401 0.0386
vn -0.757222 -0.381011 0.530515
vn 0 0.030501 -0.999535
vn 0.510827 -0.728138 -0.457024
vn -0.944227 0.246707 0.218106
vn -0.624581 -0.362789 0.691579
vn -0.624581 -0.362789 0.691579
vn -0.944227 0.246707 0.218106
vn 0.782185 0.585289 0.213596
vn -0.590499 -0.783399 0.1939
vn -0.596897 0.793697 0.117299
vn -0.624581 -0.362789 0.691579
vn -0.596897 0.793697 0.117299
vn -0.590499 -0.783399 0.1939
vn -0.760989 -0.076899 0.644191
vn -0.556526 -0.754936 0.346916
vn -0.478598 -0.276999 0.833196
vn -0.258405 -0.886217 0.384507
vn -0.556526 -0.754936 0.346916
vn -0.760989 -0.076899 0.644191
vn -0.125594 0.582372 0.803162
vn -0.593412 0.647513 0.47811
vn -0.760989 -0.076899 0.644191
vn -0.593412 0.647513 0.47811
vn -0.972025 0.223406 -0.072502
vn -0.871323 -0.414211 0.263107
vn -0.258405 -0.886217 0.384507
vn -0.760989 -0.076899 0.644191
vn -0.871323 -0.414211 0.263107
vn -0.44091 -0.89252 0.094902
vn -0.478598 -0.276999 0.833196
vn -0.556526 -0.754936 0.346916
vn -0.415206 -0.829111 0.374405
vn -0.44091 -0.89252 0.094902
vn -0.556526 -0.754936 0.346916
vn -0.556526 -0.754936 0.346916
vn -0.415206 -0.829111 0.374405
vn -0.219613 -0.633238 0.742145
vn 0.310593 0.42069 0.85238
vn -0.219613 -0.633238 0.742145
vn -0.289301 -0.834303 0.469302
vn -0.234189 -0.963353 -0.130794
vn -0.219613 -0.633238 0.742145
vn -0.289301 -0.834303 0.469302
vn -0.087801 -0.953111 0.289603
vn -0.289301 -0.834303 0.469302
vn -0.071201 -0.323304 0.943613
vn 0.526711 -0.397808 0.751215
vn -0.087801 -0.953111 0.289603
vn -0.087801 -0.953111 0.289603
vn -0.415206 -0.829111 0.374405
vn -0.593412 0.647513 0.47811
vn -0.125594 0.582372 0.803162
vn -0.621886 0.643285 0.44659
vn -0.621886 0.643285 0.44659
vn -0.972025 0.223406 -0.072502
vn -0.593412 0.647513 0.47811
vn 0.122499 0.607793 0.78459
vn -0.032099 0.703083 0.710383
vn 0.310593 0.42069 0.85238
vn -0.217204 0.660511 0.718712
vn -0.089504 -0.882341 0.462021
vn -0.991009 -0.095601 0.093601
vn 0.026899 -0.972082 -0.233096
vn -0.445708 -0.765714 -0.463709
vn -0.089504 -0.882341 0.462021
vn 0.026899 -0.972082 -0.233096
vn -0.445708 -0.765714 -0.463709
vn 0.738405 0.674304 0.0085
vn -0.445708 -0.765714 -0.463709
vn -0.089504 -0.882341 0.462021
vn -0.846696 -0.0138 -0.531898
vn -0.846696 -0.0138 -0.531898
vn 0.738405 0.674304 0.0085
vn -0.089504 -0.882341 0.462021
vn -0.219613 -0.633238 0.742145
vn -0.234189 -0.963353 -0.130794
vn -0.644284 -0.485788 0.590685
vn 0.313412 -0.331613 0.889835
vn 0.313412 -0.331613 0.889835
vn -0.883202 -0.467401 0.0386
vn -0.644284 -0.485788 0.590685
vn 0.220793 0.219193 0.950371
vn -0.644284 -0.485788 0.590685
vn -0.577179 0.403485 0.709974
vn 0 0.558686 0.829379
vn 0.220793 0.219193 0.950371
vn -0.577179 0.403485 0.709974
vn 0 0.558686 0.829379
vn 0.384709 0.295907 0.874321
vn 0.310593 0.42069 0.85238
vn 0.313412 -0.331613 0.889835
vn 0.220793 0.219193 0.950371
vn 0.220793 0.219193 0.950371
vn 0.310593 0.42069 0.85238
vn 0.384709 0.295907 0.874321
vn 0.122499 0.607793 0.78459
vn -0.757222 -0.381011 0.530515
vn 0 0.525731 0.850651
vn 0.384709 0.295907 0.874321
vn 0.220793 0.219193 0.950371
vn 0 0.525731 0.850651
vn 0 0.466706 0.884412
vn 0.384709 0.295907 0.874321
vn 0 0.289796 0.957088
vn 0 0.289796 0.957088
vn 0.0042 0.64482 0.764323
vn -0.736532 -0.423618 0.527323
vn -0.989181 -0.0008 0.146697
vn -0.641481 -0.436887 0.630581
vn -0.641481 -0.436887 0.630581
vn -0.484512 -0.712017 0.508212
vn -0.736532 -0.423618 0.527323
vn -0.914618 -0.185204 0.359407
vn -0.484512 -0.712017 0.508212
vn -0.641481 -0.436887 0.630581
vn -0.678201 -0.2868 0.676601
vn -0.484512 -0.712017 0.508212
vn -0.914618 -0.185204 0.359407
vn -0.484512 -0.712017 0.508212
vn -0.678201 -0.2868 0.676601
vn -0.415206 -0.829111 0.374405
vn -0.871323 -0.414211 0.263107
vn -0.989181 -0.0008 0.146697
vn -0.736532 -0.423618 0.527323
vn -0.978234 0.199207 0.058102
vn -0.981454 0.049898 0.185091
vn -0.641481 -0.436887 0.630581
vn -0.978234 0.199207 0.058102
vn -0.320598 -0.242699 0.915595
vn -0.091098 -0.345792 0.933878
vn -0.654594 0.570695 0.495796
vn -0.654594 0.570695 0.495796
vn -0.445708 -0.765714 -0.463709
vn 0.026899 -0.972082 -0.233096
vn -0.991009 -0.095601 0.093601
vn -0.445708 -0.765714 -0.463709
vn 0.738405 0.674304 0.0085
vn -0.846696 -0.0138 -0.531898
vn -0.944227 0.246707 0.218106
vn -0.944227 0.246707 0.218106
vn -0.944227 0.246707 0.218106
vn 0.510827 -0.728138 -0.457024
vn 0.782185 0.585289 0.213596
vn -0.613297 0.728296 0.305698
vn -0.600424 0.792232 0.108904
vn -0.91372 0.395909 -0.091502
vn -0.91372 0.395909 -0.091502
vn 0.561805 0.823908 -0.074501
vn 0.912881 -0.260395 -0.314393
vn 0.912881 -0.260395 -0.314393
vn -0.091098 -0.345792 0.933878
vn 0.526711 -0.397808 0.751215
vn -0.091098 -0.345792 0.933878
vn -0.087801 -0.953111 0.289603
vn -0.091098 -0.345792 0.933878
vn -0.757222 -0.381011 0.530515
vn -0.087801 -0.953111 0.289603
vn 0.738405 0.674304 0.0085
vn -0.846696 -0.0138 -0.531898
vn 0.437577 0.112194 0.892154
vn 0.987436 -0.153506 0.037501
vn -0.846696 -0.0138 -0.531898
vn 0.738405 0.674304 0.0085
vn 0.738405 0.674304 0.0085
vn 0.437577 0.112194 0.892154
vn 0.987436 -0.153506 0.037501
vn 0.987436 -0.153506 0.037501
vn 0.437577 0.112194 0.892154
vn -0.846696 -0.0138 -0.531898
vn 1 0 0
vn -0.211807 0.889029 0.405913
vn -0.211807 0.889029 0.405913
vn 0.561805 0.823908 -0.074501
vn -0.585288 -0.791583 0.175596
vn -0.862875 -0.214194 -0.457787
vn 0.669382 -0.496787 -0.552386
vn -0.957684 -0.034099 0.285795
vn -0.862875 -0.214194 -0.457787
vn -0.585288 -0.791583 0.175596
vn 0.503894 -0.272697 0.81959
vn -0.905757 -0.336684 -0.257388
vn 0.669382 -0.496787 -0.552386
vn -0.862875 -0.214194 -0.457787
vn -0.862875 -0.214194 -0.457787
vn -0.957684 -0.034099 0.285795
vn -0.905757 -0.336684 -0.257388
vn -0.208201 0.968905 0.133701
vn 0.503894 -0.272697 0.81959
vn 0.669382 -0.496787 -0.552386
vn -0.905757 -0.336684 -0.257388
vn -0.957684 -0.034099 0.285795
vn -0.558319 0.820427 -0.123204
vn -0.832066 -0.554677 0
vn 0.001 0.907575 0.419889
vn 0 0.991021 0.133703
vn -0.208201 0.968905 0.133701
vn -0.209391 0.967261 -0.143394
vn 0 0.989445 -0.144907
vn -0.209391 0.967261 -0.143394
vn -0.208201 0.968905 0.133701
vn 0 0.991021 0.133703
vn -0.46171 0.528612 0.712316
vn -0.478787 0.269393 0.835578
vn -0.46171 0.528612 0.712316
vn -0.966508 -0.076401 0.245002
vn -0.953437 -0.241909 -0.180107
vn -0.947101 -0.3068 -0.0942
vn -0.966508 -0.076401 0.245002
vn -0.947101 -0.3068 -0.0942
vn -0.975549 -0.107694 0.19159
vn -0.86581 -0.496906 -0.058801
vn -0.86581 -0.496906 -0.058801
vn -0.975549 -0.107694 0.19159
vn -0.967039 -0.083903 0.24041
vn -0.935521 -0.113603 -0.334507
vn -0.947101 -0.3068 -0.0942
vn -0.86581 -0.496906 -0.058801
vn -0.86581 -0.496906 -0.058801
vn -0.874519 -0.254406 -0.412909
vn -0.935521 -0.113603 -0.334507
vn -0.967039 -0.083903 0.24041
vn -0.874519 -0.254406 -0.412909
vn -0.86581 -0.496906 -0.058801
vn -0.46171 0.528612 0.712316
vn -0.848583 0.209096 0.48599
vn -0.848583 0.209096 0.48599
vn -0.840233 0.539821 0.051002
vn -0.935521 -0.113603 -0.334507
vn -0.840233 0.539821 0.051002
vn -0.848583 0.209096 0.48599
vn -0.966508 -0.076401 0.245002
vn -0.947101 -0.3068 -0.0942
vn -0.947101 -0.3068 -0.0942
vn -0.878967 0.286289 -0.381386
vn -0.878967 0.286289 -0.381386
vn -0.776275 0.544782 -0.31719
vn -0.360997 0.867594 -0.341997
vn 0 0.196097 -0.980585
vn -0.128702 0.095101 -0.987113
vn 0.189293 -0.180093 -0.965264
vn -0.809376 0.573083 -0.128396
vn -0.825412 0.564208 -0.0191
vn -0.634205 0.607305 0.478504
vn -0.634205 0.607305 0.478504
vn -0.825412 0.564208 -0.0191
vn -0.967039 -0.083903 0.24041
vn -0.824901 0.526601 0.2055
vn -0.634205 0.607305 0.478504
vn -0.634205 0.607305 0.478504
vn -0.981454 0.049898 0.185091
vn -0.824901 0.526601 0.2055
vn -0.865923 0.242406 0.437512
vn 0.332395 0.113498 -0.936286
vn -0.128702 0.095101 -0.987113
vn 0.189293 -0.180093 -0.965264
vn 0.332395 0.113498 -0.936286
vn -0.865923 0.242406 0.437512
vn 0.156105 -0.29921 0.941331
vn -0.775514 0.096502 -0.623911
vn -0.128702 0.095101 -0.987113
vn -0.865923 0.242406 0.437512
vn 0.156105 -0.29921 0.941331
vn -0.775514 0.096502 -0.623911
vn 0.189293 -0.180093 -0.965264
vn 0.791912 -0.610209 0.0228
vn 0.791912 -0.610209 0.0228
vn -0.718324 -0.105104 0.687723
vn -0.775514 0.096502 -0.623911
vn 0.156105 -0.29921 0.941331
vn 0.791912 -0.610209 0.0228
vn -0.718324 -0.105104 0.687723
vn 0.156105 -0.29921 0.941331
vn -0.775514 0.096502 -0.623911
vn -0.718324 -0.105104 0.687723
vn -0.821025 -0.536916 0.194006
vn -0.821025 -0.536916 0.194006
vn 0.791912 -0.610209 0.0228
vn -0.775514 0.096502 -0.623911
vn -0.718324 -0.105104 0.687723
vn 0.791912 -0.610209 0.0228
vn 0.912881 -0.260395 -0.314393
vn 0.912881 -0.260395 -0.314393
vn -0.590499 -0.783399 0.1939
vn -0.718324 -0.105104 0.687723
vn 0.547206 -0.550706 -0.630307
vn 0.912881 -0.260395 -0.314393
vn 0.791912 -0.610209 0.0228
vn 0.547206 -0.550706 -0.630307
vn -0.878967 0.286289 -0.381386
vn -0.935521 -0.113603 -0.334507
vn -0.874519 -0.254406 -0.412909
vn -0.834687 0.208597 -0.509692
vn -0.834687 0.208597 -0.509692
vn -0.809376 0.573083 -0.128396
vn -0.834687 0.208597 -0.509692
vn -0.825412 0.564208 -0.0191
vn -0.825412 0.564208 -0.0191
vn -0.878967 0.286289 -0.381386
vn -0.878967 0.286289 -0.381386
vn -0.809376 0.573083 -0.128396
vn -0.824901 0.526601 0.2055
vn -0.776275 0.544782 -0.31719
vn -0.713906 0.630906 0.303803
vn 0.624387 0.216596 -0.750485
vn 0.120402 -0.374905 -0.919212
vn -0.0515 0.854195 0.517397
vn 0.624387 0.216596 -0.750485
vn -0.713906 0.630906 0.303803
vn -0.517603 0.715104 0.469802
vn 0.335008 -0.891721 -0.304307
vn 0.624387 0.216596 -0.750485
vn -0.713906 0.630906 0.303803
vn -0.713906 0.630906 0.303803
vn 0.120402 -0.374905 -0.919212
vn -0.0515 0.854195 0.517397
vn -0.713906 0.630906 0.303803
vn -0.517603 0.715104 0.469802
vn 0.335008 -0.891721 -0.304307
vn 0.719974 0.491482 0.489982
vn 0.120402 -0.374905 -0.919212
vn 0.624387 0.216596 -0.750485
vn 0.719974 0.491482 0.489982
vn 0.335008 -0.891721 -0.304307
vn 0.707487 -0.110798 -0.697987
vn -0.747995 0.356398 0.559896
vn 0.473192 -0.397493 -0.786186
vn 0.473192 -0.397493 -0.786186
vn -0.747995 0.356398 0.559896
vn -0.305307 -0.553013 -0.775219
vn 0.707487 -0.110798 -0.697987
vn 0.611612 -0.087402 -0.786315
vn 0.473192 -0.397493 -0.786186
vn 0.891161 0.435581 -0.126894
vn -0.305307 -0.553013 -0.775219
vn -0.747995 0.356398 0.559896
vn 0.707487 -0.110798 -0.697987
vn 0.891161 0.435581 -0.126894
vn 0.218899 0.912796 -0.344799
vn -0.773774 0.327089 -0.542482
vn -0.773774 0.327089 -0.542482
vn -0.596897 0.793697 0.117299
vn 0.561805 0.823908 -0.074501
vn -0.942869 -0.022699 0.332389
vn -0.942869 -0.022699 0.332389
vn 0.561805 0.823908 -0.074501
vn 0.547206 -0.550706 -0.630307
vn -0.189593 -0.677074 -0.711073
vn 0.451389 0.208695 -0.867579
vn -0.777184 -0.269194 0.568788
vn 0.42931 -0.634515 0.642715
vn 0.834888 0.544692 0.079199
vn 0.451389 0.208695 -0.867579
vn -0.777184 -0.269194 0.568788
vn 0.719784 0.312293 0.619987
vn -0.189593 -0.677074 -0.711073
vn -0.777184 -0.269194 0.568788
vn -0.777184 -0.269194 0.568788
vn 0.719784 0.312293 0.619987
vn 0.644279 0.394687 0.655078
vn -0.777184 -0.269194 0.568788
vn 0.42931 -0.634515 0.642715
vn 0.834888 0.544692 0.079199
vn 0.834888 0.544692 0.079199
vn 0.42931 -0.634515 0.642715
vn 0.451389 0.208695 -0.867579
vn 0.719784 0.312293 0.619987
vn -0.0641 0.908107 0.413803
vn 0.098202 0.977419 0.187104
vn 0.644279 0.394687 0.655078
vn -0.0641 0.908107 0.413803
vn 0.719784 0.312293 0.619987
vn 0.644279 0.394687 0.655078
vn 0.285708 0.428612 0.857124
vn 0.098202 0.977419 0.187104
vn 0 0.894427 0.447214
vn -0.477096 -0.342197 -0.809494
vn -0.942869 -0.022699 0.332389
vn 0.120402 -0.374905 -0.919212
vn -0.477096 -0.342197 -0.809494
vn -0.942869 -0.022699 0.332389
vn -0.0515 0.854195 0.517397
vn 0.120402 -0.374905 -0.919212
vn -0.942869 -0.022699 0.332389
vn -0.942869 -0.022699 0.332389
vn 0.547206 -0.550706 -0.630307
vn 0.719974 0.491482 0.489982
vn -0.942869 -0.022699 0.332389
vn 0.719974 0.491482 0.489982
vn -0.0515 0.854195 0.517397
vn -0.477096 -0.342197 -0.809494
vn 0.547206 -0.550706 -0.630307
vn 0.218899 0.912796 -0.344799
vn 0.929689 0.025 -0.367496
vn 0.0454 0.998794 0.0187
vn 0.273896 -0.59529 -0.755388
vn -0.773774 0.327089 -0.542482
vn -0.584499 0.2157 -0.782199
vn -0.667701 0.601501 -0.438601
vn -0.667701 0.601501 -0.438601
vn -0.279006 0.779516 -0.560812
vn -0.667701 0.601501 -0.438601
vn -0.558319 0.820427 -0.123204
vn -0.414801 0.720202 -0.556102
vn -0.414801 0.720202 -0.556102
vn -0.776275 0.544782 -0.31719
vn -0.667701 0.601501 -0.438601
vn -0.0086 0.723193 -0.690593
vn 0 0.817594 -0.575796
vn -0.414801 0.720202 -0.556102
vn -0.360997 0.867594 -0.341997
vn 0 0.831989 -0.554792
vn -0.205004 0.936317 -0.285105
vn -0.192901 -0.1617 -0.967803
vn -0.259704 -0.585809 -0.767712
vn -0.192901 -0.1617 -0.967803
vn -0.164698 0.063699 -0.984285
vn 0.542992 -0.441693 -0.714189
vn -0.164698 0.063699 -0.984285
vn 0.559994 -0.157998 -0.813291
vn -0.164698 0.063699 -0.984285
vn -0.648007 0.320304 -0.691008
vn -0.164698 0.063699 -0.984285
vn -0.768088 -0.079499 -0.63539
vn -0.397193 -0.509991 -0.762986
vn -0.784116 -0.50171 -0.365307
vn -0.407917 -0.770633 -0.489621
vn -0.397193 -0.509991 -0.762986
vn -0.768088 -0.079499 -0.63539
vn 0.409315 -0.624023 -0.665625
vn -0.407917 -0.770633 -0.489621
vn -0.784116 -0.50171 -0.365307
vn -0.747109 -0.194502 -0.635608
vn -0.350608 -0.44671 -0.823119
vn -0.350608 -0.44671 -0.823119
vn 0.169896 -0.871782 -0.45949
vn -0.407917 -0.770633 -0.489621
vn -0.747109 -0.194502 -0.635608
vn -0.65878 0.121996 -0.742378
vn -0.882979 0.388891 -0.262894
vn -0.808217 0.586412 -0.053901
vn -0.022199 -0.984249 -0.175391
vn -0.769523 -0.298209 0.564717
vn -0.769523 -0.298209 0.564717
vn 0.522908 0.139402 0.840913
vn -0.808217 0.586412 -0.053901
vn 0.204297 0.722689 0.66029
vn -0.951606 0.262202 -0.160301
vn -0.232602 -0.381304 0.894709
vn 0.49089 0.785384 -0.377092
vn 0.331601 -0.720103 -0.609502
vn 0.522908 0.139402 0.840913
vn -0.022199 -0.984249 -0.175391
vn 0.331601 -0.720103 -0.609502
vn 0.300383 0.917248 0.261585
vn -0.808217 0.586412 -0.053901
vn 0.522908 0.139402 0.840913
vn 0.300383 0.917248 0.261585
vn 0.300383 0.917248 0.261585
vn 0.331601 -0.720103 -0.609502
vn -0.540708 -0.829913 0.137402
vn 0.970109 -0.205602 -0.128901
vn 0.300383 0.917248 0.261585
vn -0.540708 -0.829913 0.137402
vn 0.331601 -0.720103 -0.609502
vn 0.970109 -0.205602 -0.128901
vn -0.951606 0.262202 -0.160301
vn 0.204297 0.722689 0.66029
vn -0.067302 -0.916724 -0.39381
vn -0.952226 0.239407 -0.189605
vn 0.49089 0.785384 -0.377092
vn -0.951606 0.262202 -0.160301
vn -0.646502 -0.421501 -0.635902
vn -0.067302 -0.916724 -0.39381
vn 0.204297 0.722689 0.66029
vn 0.204297 0.722689 0.66029
vn -0.067302 -0.916724 -0.39381
vn 0.199096 0.57689 -0.792186
vn 0.199096 0.57689 -0.792186
vn -0.646502 -0.421501 -0.635902
vn 0.204297 0.722689 0.66029
vn -0.540708 -0.829913 0.137402
vn -0.060998 -0.749072 -0.659675
vn 0.970109 -0.205602 -0.128901
vn -0.0574 0.401401 -0.914102
vn -0.060998 -0.749072 -0.659675
vn -0.540708 -0.829913 0.137402
vn -0.540708 -0.829913 0.137402
vn 0.300383 0.917248 0.261585
vn -0.185394 0.967866 -0.169894
vn -0.185394 0.967866 -0.169894
vn -0.0574 0.401401 -0.914102
vn -0.185394 0.967866 -0.169894
vn 0.300383 0.917248 0.261585
vn 0.970109 -0.205602 -0.128901
vn -0.0574 0.401401 -0.914102
vn -0.385509 -0.193805 -0.902121
vn -0.65878 0.121996 -0.742378
vn -0.926799 0.3613 -0.1025
vn 0.099003 -0.871823 -0.479712
vn -0.558899 -0.632299 0.536499
vn -0.558899 -0.632299 0.536499
vn 0.43708 0.135494 0.889159
vn -0.926799 0.3613 -0.1025
vn -0.183798 -0.863592 -0.469496
vn 0.43708 0.135494 0.889159
vn 0.099003 -0.871823 -0.479712
vn -0.183798 -0.863592 -0.469496
vn -0.621108 0.758509 0.197202
vn 0.43708 0.135494 0.889159
vn -0.183798 -0.863592 -0.469496
vn -0.906238 -0.384616 -0.175507
vn -0.906238 -0.384616 -0.175507
vn -0.621108 0.758509 0.197202
vn 0.43708 0.135494 0.889159
vn -0.621108 0.758509 0.197202
vn -0.183798 -0.863592 -0.469496
vn -0.673004 -0.694804 -0.253601
vn 0.567283 -0.553384 -0.609882
vn -0.621108 0.758509 0.197202
vn -0.673004 -0.694804 -0.253601
vn -0.183798 -0.863592 -0.469496
vn -0.183798 -0.863592 -0.469496
vn 0.567283 -0.553384 -0.609882
vn -0.906238 -0.384616 -0.175507
vn -0.0606 0.5664 0.8219
vn -0.067302 -0.916724 -0.39381
vn -0.646502 -0.421501 -0.635902
vn 0.199096 0.57689 -0.792186
vn 0.941185 -0.222496 -0.254296
vn -0.170105 -0.402612 0.899426
vn -0.280407 -0.706018 -0.650316
vn -0.280407 -0.706018 -0.650316
vn -0.170105 -0.402612 0.899426
vn -0.839903 0.419301 -0.344601
vn 0.2489 0.2663 -0.9312
vn -0.839903 0.419301 -0.344601
vn 0.2489 0.2663 -0.9312
vn -0.280407 -0.706018 -0.650316
vn -0.398583 0.891962 -0.213391
vn 0.567283 -0.553384 -0.609882
vn -0.673004 -0.694804 -0.253601
vn -0.673004 -0.694804 -0.253601
vn -0.621108 0.758509 0.197202
vn -0.906238 -0.384616 -0.175507
vn -0.398583 0.891962 -0.213391
vn 0.598938 0.658541 0.455629
vn 0.598938 0.658541 0.455629
vn -0.839903 0.419301 -0.344601
vn -0.170105 -0.402612 0.899426
vn -0.398583 0.891962 -0.213391
vn 0.839951 0.302582 0.450474
vn 0.567283 -0.553384 -0.609882
vn -0.398583 0.891962 -0.213391
vn -0.678398 0.541998 -0.495998
vn -0.367393 -0.845684 -0.387093
vn -0.367393 -0.845684 -0.387093
vn -0.839903 0.419301 -0.344601
vn 0.941185 -0.222496 -0.254296
vn 0.2489 0.2663 -0.9312
vn 0.941185 -0.222496 -0.254296
vn -0.839903 0.419301 -0.344601
vn -0.437689 0.502087 -0.74588
vn 0.941185 -0.222496 -0.254296
vn -0.437689 0.502087 -0.74588
vn 0.598938 0.658541 0.455629
vn -0.437689 0.502087 -0.74588
vn 0.773333 -0.46652 -0.429319
vn 0.773951 -0.447772 -0.447772
vn 0.0248 0.724806 -0.688506
vn 0.169896 -0.871782 -0.45949
vn -0.350608 -0.44671 -0.823119
vn 0.329502 -0.694504 -0.639604
vn 0.329502 -0.694504 -0.639604
vn -0.106896 -0.193992 -0.975162
vn 0.329502 -0.694504 -0.639604
vn 0.372401 -0.0114 -0.928002
vn -0.655417 0.527414 -0.540614
vn -0.385509 -0.193805 -0.902121
vn -0.421997 -0.335098 0.842394
vn -0.906238 -0.384616 -0.175507
vn -0.655417 0.527414 -0.540614
vn -0.385509 -0.193805 -0.902121
vn -0.906238 -0.384616 -0.175507
vn -0.024 -0.038 -0.99899
vn -0.385509 -0.193805 -0.902121
vn -0.024 -0.038 -0.99899
vn 0.372401 -0.0114 -0.928002
vn 0.884383 -0.378893 -0.272595
vn 0.533394 -0.369096 -0.761091
vn -0.106896 -0.193992 -0.975162
vn 0.746704 0.096601 -0.658104
vn 0.746704 0.096601 -0.658104
vn 0.372401 -0.0114 -0.928002
vn -0.158603 -0.850314 -0.501808
vn -0.850668 -0.345887 -0.395885
vn -0.895776 -0.331891 -0.295692
vn -0.895776 -0.331891 -0.295692
vn -0.878712 0.198103 -0.434306
vn -0.865165 -0.186592 -0.465481
vn -0.878712 0.198103 -0.434306
vn -0.837525 -0.392612 -0.380011
vn -0.865165 -0.186592 -0.465481
vn -0.988928 0.065202 0.133304
vn -0.896105 -0.394902 0.202601
vn -0.158603 -0.850314 -0.501808
vn -0.895776 -0.331891 -0.295692
vn 0.368205 -0.825111 0.428506
vn -0.614294 -0.734093 0.289397
vn -0.895776 -0.331891 -0.295692
vn -0.856126 0.096303 -0.507715
vn 0.368205 -0.825111 0.428506
vn -0.895776 -0.331891 -0.295692
vn -0.614294 -0.734093 0.289397
vn -0.62123 -0.694733 -0.362517
vn -0.614294 -0.734093 0.289397
vn -0.62123 -0.694733 -0.362517
vn 0.508504 -0.741806 0.437204
vn 0.508504 -0.741806 0.437204
vn 0.368205 -0.825111 0.428506
vn -0.614294 -0.734093 0.289397
vn -0.524408 0.442407 -0.727511
vn -0.524408 0.442407 -0.727511
vn -0.856126 0.096303 -0.507715
vn -0.895776 -0.331891 -0.295692
vn -0.446119 -0.064603 -0.892639
vn -0.524408 0.442407 -0.727511
vn -0.446119 -0.064603 -0.892639
vn -0.837525 -0.392612 -0.380011
vn -0.837525 -0.392612 -0.380011
vn -0.920849 0.110206 -0.37402
vn -0.495384 -0.106897 -0.862072
vn -0.495384 -0.106897 -0.862072
vn -0.586496 0.0577 -0.807894
vn -0.495384 -0.106897 -0.862072
vn -0.920849 0.110206 -0.37402
vn -0.920849 0.110206 -0.37402
vn -0.896663 0.179293 -0.404783
vn -0.586496 0.0577 -0.807894
vn -0.62123 -0.694733 -0.362517
vn -0.856126 0.096303 -0.507715
vn -0.245704 -0.680211 -0.690611
vn -0.245704 -0.680211 -0.690611
vn 0.679404 -0.727404 -0.096401
vn -0.314794 0.084598 -0.945382
vn -0.524408 0.442407 -0.727511
vn 0.182495 0.136596 -0.973672
vn -0.446119 -0.064603 -0.892639
vn -0.495384 -0.106897 -0.862072
vn 0.339796 -0.125498 -0.932088
vn 0.182495 0.136596 -0.973672
vn -0.495384 -0.106897 -0.862072
vn 0.339796 -0.125498 -0.932088
vn -0.495384 -0.106897 -0.862072
vn 0.1178 -0.741703 -0.660303
vn 0.1178 -0.741703 -0.660303
vn 0.509776 -0.697668 -0.503377
vn -0.314794 0.084598 -0.945382
vn -0.524408 0.442407 -0.727511
vn 0.156106 0.480419 -0.863034
vn 0.194095 0.037199 -0.980277
vn 0.156106 0.480419 -0.863034
vn -0.446119 -0.064603 -0.892639
vn 0.1178 -0.741703 -0.660303
vn 0.194095 0.037199 -0.980277
vn 0.509776 -0.697668 -0.503377
vn 0.156106 0.480419 -0.863034
vn 0.700794 0.0372 -0.712394
vn 0.182495 0.136596 -0.973672
vn 0.658299 0.445599 -0.606699
vn 0.658299 0.445599 -0.606699
vn 0.182495 0.136596 -0.973672
vn 0.339796 -0.125498 -0.932088
vn 0.0374 0.0345 -0.998705
vn 0.335395 0.019 -0.941886
vn 0.091798 -0.134297 -0.98668
vn 0.182495 0.136596 -0.973672
vn 0.182495 0.136596 -0.973672
vn 0.091798 -0.134297 -0.98668
vn 0.722915 -0.332607 -0.605613
vn 0.0374 0.0345 -0.998705
vn 0.759666 -0.160593 -0.630172
vn 0.658299 0.445599 -0.606699
vn 0.182495 0.136596 -0.973672
vn 0.759666 -0.160593 -0.630172
vn 0.0374 0.0345 -0.998705
vn 0.335395 0.019 -0.941886
vn 0.773505 -0.198801 -0.601804
vn -0.492602 0.281401 -0.823503
vn -0.492602 0.281401 -0.823503
vn -0.699522 0.670821 -0.246308
vn -0.310608 0.803522 -0.507814
vn -0.492602 0.281401 -0.823503
vn 0.269807 0.206905 -0.940423
vn 0.183406 0.889028 -0.419513
vn 0.1247 0.250301 -0.960104
vn 0.26371 0.743929 -0.614024
vn -0.316697 -0.473495 -0.821891
vn 0.1247 0.250301 -0.960104
vn 0.344097 0.752693 -0.561294
vn 0.1247 0.250301 -0.960104
vn 0.1247 0.250301 -0.960104
vn 0.453389 0.863379 -0.221395
vn 0.326098 -0.445097 -0.833995
vn 0.1247 0.250301 -0.960104
vn 0.1247 0.250301 -0.960104
vn -0.316697 -0.473495 -0.821891
vn 0.0106 -0.299994 -0.953882
vn 0.326098 -0.445097 -0.833995
vn 0.26371 0.743929 -0.614024
vn 0.183406 0.889028 -0.419513
vn 0.344097 0.752693 -0.561294
vn 0.269807 0.206905 -0.940423
vn 0.269807 0.206905 -0.940423
vn 0.291399 0.350198 -0.890196
vn 0.0374 0.0345 -0.998705
vn 0.269807 0.206905 -0.940423
vn 0.291399 0.350198 -0.890196
vn 0.233497 0.229497 -0.944887
vn 0.233497 0.229497 -0.944887
vn 0.291399 0.350198 -0.890196
vn 0.291399 0.350198 -0.890196
vn 0.233497 0.229497 -0.944887
vn 0.847996 -0.115799 0.517198
vn 0.818124 -0.444013 0.365411
vn 0.935068 0.175294 0.30809
vn 0.847996 -0.115799 0.517198
vn 0.759666 -0.160593 -0.630172
vn 0.802101 -0.584801 -0.121
vn 0.92492 -0.379108 -0.028301
vn 0.989431 -0.031201 -0.141604
vn 0.508504 -0.741806 0.437204
vn 0.679404 -0.727404 -0.096401
vn 0.920704 0.380302 -0.0876
vn 0.935068 0.175294 0.30809
vn 0.920704 0.380302 -0.0876
vn 0.722915 -0.332607 -0.605613
vn 0.773505 -0.198801 -0.601804
vn 0.950376 -0.309692 -0.029599
vn 0.975989 -0.173498 -0.131698
vn 0.989431 -0.031201 -0.141604
vn 0.679404 -0.727404 -0.096401
vn 0.658299 0.445599 -0.606699
vn 0.700794 0.0372 -0.712394
vn 0.801275 -0.0041 -0.598282
vn 0.801275 -0.0041 -0.598282
vn 0.264596 0.759087 -0.59479
vn 0.750237 0.584829 -0.308415
vn 0.233497 0.229497 -0.944887
vn 0.264596 0.759087 -0.59479
vn 0.801275 -0.0041 -0.598282
vn 0.264596 0.759087 -0.59479
vn 0.264596 0.759087 -0.59479
vn -0.316697 -0.473495 -0.821891
vn -0.303917 -0.241614 -0.921552
vn -0.847718 0.079802 -0.524411
vn -0.316697 -0.473495 -0.821891
vn -0.303917 -0.241614 -0.921552
vn 0.0106 -0.299994 -0.953882
vn -0.274999 0.0168 -0.961298
vn -0.274999 0.0168 -0.961298
vn 0.115998 -0.160597 -0.98018
vn -0.805777 0.278992 -0.522385
vn -0.124597 0.314993 -0.94088
vn 0.0979 -0.1393 -0.985399
vn 0.0979 -0.1393 -0.985399
vn -0.563009 0.61881 -0.547809
vn -0.124597 0.314993 -0.94088
vn -0.897491 0.0413 -0.439095
vn -0.911201 -0.2592 -0.3202
vn -0.726221 -0.380411 -0.572617
vn -0.579786 -0.274093 -0.767282
vn -0.726221 -0.380411 -0.572617
vn -0.579786 -0.274093 -0.767282
vn -0.897491 0.0413 -0.439095
vn -0.911201 -0.2592 -0.3202
vn -0.71804 0.577132 -0.389022
vn -0.475694 0.468294 -0.744591
vn -0.726221 -0.380411 -0.572617
vn -0.71804 0.577132 -0.389022
vn -0.765893 0.483796 -0.423496
vn -0.475694 0.468294 -0.744591
vn 0.482601 -0.1361 -0.865201
vn 0.115998 -0.160597 -0.98018
vn 0.929094 -0.174299 -0.326198
vn 0.482601 -0.1361 -0.865201
vn 0.569967 -0.057497 -0.819653
vn 0.569967 -0.057497 -0.819653
vn -0.511011 -0.636214 -0.578013
vn -0.118198 -0.804487 -0.582091
vn -0.579786 -0.274093 -0.767282
vn -0.511011 -0.636214 -0.578013
vn 0.0979 -0.1393 -0.985399
vn 0.0979 -0.1393 -0.985399
vn -0.124597 0.314993 -0.94088
vn -0.579786 -0.274093 -0.767282
vn -0.511011 -0.636214 -0.578013
vn -0.62941 -0.64091 -0.439407
vn -0.415618 -0.884437 -0.212209
vn -0.579786 -0.274093 -0.767282
vn -0.62941 -0.64091 -0.439407
vn -0.511011 -0.636214 -0.578013
vn -0.415618 -0.884437 -0.212209
vn -0.118198 -0.804487 -0.582091
vn -0.511011 -0.636214 -0.578013
vn -0.261505 -0.666313 -0.698314
vn -0.62941 -0.64091 -0.439407
vn -0.334489 -0.232892 -0.913169
vn -0.261505 -0.666313 -0.698314
vn -0.62941 -0.64091 -0.439407
vn -0.726221 -0.380411 -0.572617
vn 0.960511 0.0156 -0.277803
vn -0.118198 -0.804487 -0.582091
vn 0 -0.94698 -0.321293
vn 0 -0.660887 -0.750485
vn 0 -0.231792 -0.972765
vn 0 -0.660887 -0.750485
vn -0.4237 0.5051 -0.751899
vn -0.572317 -0.539216 -0.617818
vn -0.4237 0.5051 -0.751899
vn -0.765893 0.483796 -0.423496
vn -0.772281 -0.605985 -0.190695
vn -0.188896 0.51619 -0.835384
vn -0.188896 0.51619 -0.835384
vn -0.220102 0.462605 -0.858809
vn 0 0.428516 -0.903534
vn -0.220102 0.462605 -0.858809
vn 0 0.459094 -0.888388
vn -0.207005 -0.475311 -0.855119
vn 0 0.459094 -0.888388
vn 0 0.428516 -0.903534
vn -0.752353 -0.459471 -0.472071
vn -0.394592 0.633687 -0.665386
vn 0.025499 -0.877071 0.479684
vn -0.924123 0.376509 -0.065102
vn -0.394592 0.633687 -0.665386
vn -0.752353 -0.459471 -0.472071
vn 0.025499 -0.877071 0.479684
vn -0.924123 0.376509 -0.065102
vn 0.944929 0.279108 0.170905
vn -0.924123 0.376509 -0.065102
vn 0.025499 -0.877071 0.479684
vn 0.025499 -0.877071 0.479684
vn -0.924123 0.376509 -0.065102
vn 0.40211 0.890922 -0.211105
vn 0.40211 0.890922 -0.211105
vn 0.944929 0.279108 0.170905
vn 0.025499 -0.877071 0.479684
vn 0.40211 0.890922 -0.211105
vn 0.229494 0.021399 0.973075
vn 0.40211 0.890922 -0.211105
vn 0.944929 0.279108 0.170905
vn 0.035301 -0.992819 0.114302
vn -0.670709 -0.488306 -0.558307
vn 0.841225 -0.540516 0.0135
vn -0.675409 -0.449506 -0.584608
vn -0.670709 -0.488306 -0.558307
vn -0.514982 0.819171 -0.252491
vn -0.882979 0.388891 -0.262894
vn -0.514982 0.819171 -0.252491
vn -0.655417 0.527414 -0.540614
vn -0.882979 0.388891 -0.262894
vn 0.991772 0.079298 0.100497
vn -0.302495 0.416394 0.857387
vn 0.841225 -0.540516 0.0135
vn 0.991772 0.079298 0.100497
vn -0.540303 0.597703 0.592303
vn -0.407198 -0.371898 -0.834195
vn -0.888373 -0.437387 0.139596
vn -0.888373 -0.437387 0.139596
vn -0.407198 -0.371898 -0.834195
vn -0.670709 -0.488306 -0.558307
vn 0.781008 0.620906 -0.067101
vn -0.540303 0.597703 0.592303
vn -0.888373 -0.437387 0.139596
vn -0.888373 -0.437387 0.139596
vn -0.670709 -0.488306 -0.558307
vn -0.262907 0.601816 0.75412
vn -0.888373 -0.437387 0.139596
vn -0.262907 0.601816 0.75412
vn 0.781008 0.620906 -0.067101
vn -0.463509 0.786516 0.408108
vn -0.407198 -0.371898 -0.834195
vn -0.688689 -0.511892 -0.513492
vn 0.988558 -0.050898 -0.141994
vn -0.688689 -0.511892 -0.513492
vn 0.781008 0.620906 -0.067101
vn 0.988558 -0.050898 -0.141994
vn -0.540303 0.597703 0.592303
vn 0.988558 -0.050898 -0.141994
vn -0.463509 0.786516 0.408108
vn 0.061904 -0.387822 -0.919653
vn 0.988558 -0.050898 -0.141994
vn -0.688689 -0.511892 -0.513492
vn 0.061904 -0.387822 -0.919653
vn -0.284804 -0.0182 -0.958413
vn 0.061904 -0.387822 -0.919653
vn -0.262907 0.601816 0.75412
vn 0.991772 0.079298 0.100497
vn -0.262907 0.601816 0.75412
vn -0.302495 0.416394 0.857387
vn 0.781008 0.620906 -0.067101
vn -0.575608 0.72641 0.375505
vn -0.734305 0.635804 -0.237802
vn -0.734305 0.635804 -0.237802
vn -0.612203 0.393202 -0.686003
vn -0.655417 0.527414 -0.540614
vn -0.906238 -0.384616 -0.175507
vn -0.421997 -0.335098 0.842394
vn -0.611613 0.299406 -0.732315
vn -0.611613 0.299406 -0.732315
vn -0.284804 -0.0182 -0.958413
vn 0.061904 -0.387822 -0.919653
vn -0.284804 -0.0182 -0.958413
vn -0.145306 0.755334 0.639028
vn -0.971969 -0.0101 0.234892
vn -0.145306 0.755334 0.639028
vn -0.971969 -0.0101 0.234892
vn 0.627605 -0.0471 0.777106
vn -0.078099 -0.79399 0.602893
vn 0.627605 -0.0471 0.777106
vn -0.971969 -0.0101 0.234892
vn -0.398583 0.891962 -0.213391
vn 0.839951 0.302582 0.450474
vn -0.678398 0.541998 -0.495998
vn 0.839951 0.302582 0.450474
vn -0.367393 -0.845684 -0.387093
vn 0.718576 -0.635179 -0.28319
vn 0.457086 -0.176795 -0.871674
vn -0.678398 0.541998 -0.495998
vn 0.839951 0.302582 0.450474
vn 0.839951 0.302582 0.450474
vn 0.718576 -0.635179 -0.28319
vn 0.457086 -0.176795 -0.871674
vn -0.367393 -0.845684 -0.387093
vn -0.678398 0.541998 -0.495998
vn 0.718576 -0.635179 -0.28319
vn 0.457086 -0.176795 -0.871674
vn -0.96069 0.233998 -0.149398
vn -0.734305 0.635804 -0.237802
vn -0.575608 0.72641 0.375505
vn -0.867092 0.329397 0.373697
vn -0.612203 0.393202 -0.686003
vn -0.212909 0.721629 -0.658727
vn -0.611613 0.299406 -0.732315
vn 0.264411 0.454618 -0.850535
vn -0.024 -0.038 -0.99899
vn -0.612203 0.393202 -0.686003
vn -0.745541 0.050603 -0.664536
vn 0.111601 -0.0263 -0.993405
vn -0.745541 0.050603 -0.664536
vn 0.111601 -0.0263 -0.993405
vn -0.201597 -0.244796 -0.948385
vn -0.835996 0.531997 -0.134499
vn -0.745541 0.050603 -0.664536
vn -0.835996 0.531997 -0.134499
vn -0.544422 0.472419 -0.693127
vn -0.544422 0.472419 -0.693127
vn 0.98384 -0.127205 -0.126005
vn 0.98384 -0.127205 -0.126005
vn 0.718327 -0.692226 -0.069503
vn 0.958359 0.205591 -0.198192
vn 0.645583 -0.232994 -0.72728
vn 0.98384 -0.127205 -0.126005
vn 0.645583 -0.232994 -0.72728
vn 0.718327 -0.692226 -0.069503
vn 0.372401 -0.0114 -0.928002
vn 0.645583 -0.232994 -0.72728
vn 0.746704 0.096601 -0.658104
vn 0.746704 0.096601 -0.658104
vn 0.111601 -0.0263 -0.993405
vn 0.645583 -0.232994 -0.72728
vn 0.645583 -0.232994 -0.72728
vn 0.111601 -0.0263 -0.993405
vn 0.438222 -0.647433 -0.623532
vn 0.438222 -0.647433 -0.623532
vn 0.264411 0.454618 -0.850535
vn 0.111601 -0.0263 -0.993405
vn -0.201597 -0.244796 -0.948385
vn -0.96069 0.233998 -0.149398
vn -0.867092 0.329397 0.373697
vn -0.978966 -0.077097 0.188894
vn -0.932413 0.136302 -0.334705
vn -0.537899 0.061 -0.840799
vn -0.932413 0.136302 -0.334705
vn -0.9095 -0.1378 -0.3922
vn -0.537899 0.061 -0.840799
vn -0.544422 0.472419 -0.693127
vn -0.537899 0.061 -0.840799
vn -0.0088 0.152104 -0.988325
vn -0.0088 0.152104 -0.988325
vn -0.5877 -0.1778 -0.789301
vn -0.917469 0.245792 -0.312789
vn 0.035201 -0.249908 -0.96763
vn 0.0254 -0.256503 -0.96621
vn 0.035201 -0.249908 -0.96763
vn 0.0254 -0.256503 -0.96621
vn -0.537899 0.061 -0.840799
vn -0.571629 0.358318 -0.738138
vn 0.718576 -0.635179 -0.28319
vn 0.457086 -0.176795 -0.871674
vn -0.51019 0.858184 -0.056799
vn -0.935046 -0.236612 -0.264013
vn -0.0092 0.588813 0.808217
vn -0.245503 -0.547607 0.79991
vn -0.0088 0.152104 -0.988325
vn 0.692893 -0.293297 -0.658693
vn 0.0254 -0.256503 -0.96621
vn 0.620007 -0.271003 -0.736308
vn -0.917469 0.245792 -0.312789
vn -0.6424 0.7195 -0.2639
vn -0.571629 0.358318 -0.738138
vn -0.441917 0.294511 0.847333
vn 0.711611 -0.151202 0.686111
vn 0.755093 0.646894 -0.106599
vn -0.441917 0.294511 0.847333
vn -0.979687 0.173298 0.100899
vn 0.20709 -0.189191 -0.959854
vn -0.979687 0.173298 0.100899
vn -0.441917 0.294511 0.847333
vn 0.20709 -0.189191 -0.959854
vn 0.974582 0.095198 0.202796
vn 0.974582 0.095198 0.202796
vn 0.20709 -0.189191 -0.959854
vn -0.979687 0.173298 0.100899
vn -0.974047 0.21401 -0.073704
vn 0.20709 -0.189191 -0.959854
vn 0.974582 0.095198 0.202796
vn 0.571892 0.273796 -0.773289
vn 0.20709 -0.189191 -0.959854
vn -0.974047 0.21401 -0.073704
vn -0.974047 0.21401 -0.073704
vn 0.974582 0.095198 0.202796
vn 0.571892 0.273796 -0.773289
vn 0.571892 0.273796 -0.773289
vn 0.974582 0.095198 0.202796
vn 0.20709 -0.189191 -0.959854
vn 0.974582 0.095198 0.202796
vn 0.571892 0.273796 -0.773289
vn 0.588368 0.196089 -0.784457
vn -0.266701 0.900105 -0.344502
vn -0.571629 0.358318 -0.738138
vn -0.6424 0.7195 -0.2639
vn 0.100198 -0.40169 -0.910278
vn -0.742413 -0.57601 -0.342106
vn 0.100198 -0.40169 -0.910278
vn 0.921528 0.350611 -0.166905
vn -0.438604 -0.0221 -0.898409
vn -0.438604 -0.0221 -0.898409
vn 0.100198 -0.40169 -0.910278
vn -0.438604 -0.0221 -0.898409
vn 0.921528 0.350611 -0.166905
vn 0.100198 -0.40169 -0.910278
vn -0.438604 -0.0221 -0.898409
vn -0.1581 0.770599 0.617399
vn -0.858102 -0.452501 0.242701
vn -0.201692 0.410085 -0.889467
vn -0.201692 0.410085 -0.889467
vn 0.266588 -0.834064 0.482979
vn 0.711897 0.170399 0.681297
vn 0.718327 -0.692226 -0.069503
vn 0.908735 -0.414616 -0.047902
vn 0.692893 -0.293297 -0.658693
vn -0.481207 -0.70431 -0.521907
vn -0.901531 -0.378613 -0.209507
vn -0.60159 -0.589191 -0.539392
vn -0.60159 -0.589191 -0.539392
vn -0.572317 -0.539216 -0.617818
vn -0.481207 -0.70431 -0.521907
vn -0.60159 -0.589191 -0.539392
vn -0.0973 -0.364001 -0.926302
vn -0.207005 -0.475311 -0.855119
vn -0.061698 -0.631182 -0.773177
vn -0.061698 -0.631182 -0.773177
vn -0.325395 -0.484892 -0.811787
vn -0.470819 -0.466619 -0.74873
vn -0.60159 -0.589191 -0.539392
vn -0.470819 -0.466619 -0.74873
vn -0.0973 -0.364001 -0.926302
vn 0.620007 -0.271003 -0.736308
vn -0.980323 -0.168704 -0.102502
vn 0.620007 -0.271003 -0.736308
vn -0.325395 -0.484892 -0.811787
vn 0.620007 -0.271003 -0.736308
vn -0.430975 -0.014399 -0.902249
vn 0.620007 -0.271003 -0.736308
vn 0.0254 -0.256503 -0.96621
vn -0.430975 -0.014399 -0.902249
vn -0.325395 -0.484892 -0.811787
vn -0.430975 -0.014399 -0.902249
vn -0.728401 0.1175 -0.675001
vn -0.728401 0.1175 -0.675001
vn -0.470819 -0.466619 -0.74873
vn -0.325395 -0.484892 -0.811787
vn 0.035201 -0.249908 -0.96763
vn -0.430975 -0.014399 -0.902249
vn 0.0254 -0.256503 -0.96621
vn -0.201692 0.410085 -0.889467
vn -0.298885 0.472577 -0.829059
vn -0.728401 0.1175 -0.675001
vn -0.430975 -0.014399 -0.902249
vn 0.263189 0.328586 -0.907063
vn -0.298885 0.472577 -0.829059
vn -0.430975 -0.014399 -0.902249
vn -0.430975 -0.014399 -0.902249
vn -0.201692 0.410085 -0.889467
vn 0.263189 0.328586 -0.907063
vn -0.331814 0.068703 -0.94084
vn -0.021601 0.045302 -0.99874
vn -0.0973 -0.364001 -0.926302
vn -0.616187 0.45569 -0.642386
vn -0.616187 0.45569 -0.642386
vn -0.302714 0.514724 -0.802137
vn -0.207005 -0.475311 -0.855119
vn -0.061698 -0.631182 -0.773177
vn 0 -0.500902 -0.865504
vn 0 -0.500902 -0.865504
vn -0.0973 -0.364001 -0.926302
vn 0.258089 -0.278989 -0.924962
vn 0 -0.49449 -0.869183
vn 0.258089 -0.278989 -0.924962
vn 0.424304 0.075001 -0.902408
vn -0.021601 0.045302 -0.99874
vn 0.472485 0.451885 -0.756675
vn 0.424304 0.075001 -0.902408
vn -0.021601 0.045302 -0.99874
vn 0.0015 0.514495 -0.857492
vn 0.472485 0.451885 -0.756675
vn 0.847677 0.029599 -0.529686
vn 0.89014 -0.042302 0.45372
vn -0.426499 0.721099 -0.545999
vn -0.426499 0.721099 -0.545999
vn 0.89014 -0.042302 0.45372
vn -0.951824 0.0092 -0.306508
vn -0.540695 -0.549095 -0.637294
vn 0.847677 0.029599 -0.529686
vn -0.426499 0.721099 -0.545999
vn -0.540695 -0.549095 -0.637294
vn -0.413289 0.108797 0.904077
vn 0.89014 -0.042302 0.45372
vn 0.730217 0.242806 -0.638615
vn -0.413289 0.108797 0.904077
vn -0.413289 0.108797 0.904077
vn 0.730217 0.242806 -0.638615
vn 0.053099 0.185598 -0.98119
vn -0.951824 0.0092 -0.306508
vn 0.730217 0.242806 -0.638615
vn 0.741999 0.212 -0.635999
vn 0.053099 0.185598 -0.98119
vn 0.031899 0.691077 -0.722076
vn -0.951824 0.0092 -0.306508
vn 0.847677 0.029599 -0.529686
vn 0.847677 0.029599 -0.529686
vn -0.951824 0.0092 -0.306508
vn 0.053099 0.185598 -0.98119
vn 0.847677 0.029599 -0.529686
vn -0.540695 -0.549095 -0.637294
vn 0.031899 0.691077 -0.722076
vn 0.031899 0.691077 -0.722076
vn -0.540695 -0.549095 -0.637294
vn -0.951824 0.0092 -0.306508
vn 0.162292 -0.42598 -0.890058
vn 0.393096 0.896491 0.204398
vn 0.835698 -0.2298 -0.498799
vn 0.866793 -0.083099 -0.491696
vn 0.866793 -0.083099 -0.491696
vn 0.162292 -0.42598 -0.890058
vn 0.835698 -0.2298 -0.498799
vn 0.872895 -0.218199 -0.436398
vn 0 -0.211994 -0.977271
vn -0.254504 -0.957616 0.134902
vn -0.095304 -0.987145 -0.128306
vn -0.204302 -0.273902 0.939808
vn -0.204302 -0.273902 0.939808
vn 0.941373 -0.098097 0.322791
vn 0.868994 0.494097 -0.0268
vn -0.421398 0.755396 0.501797
vn -0.254504 -0.957616 0.134902
vn -0.204302 -0.273902 0.939808
vn -0.421398 0.755396 0.501797
vn 0.868994 0.494097 -0.0268
vn 0.941373 -0.098097 0.322791
vn -0.095304 -0.987145 -0.128306
vn -0.254504 -0.957616 0.134902
vn -0.0241 -0.312804 -0.949512
vn -0.650206 -0.752606 -0.104001
vn -0.650206 -0.752606 -0.104001
vn -0.254504 -0.957616 0.134902
vn -0.874936 0.364915 0.318313
vn -0.874936 0.364915 0.318313
vn -0.0241 -0.312804 -0.949512
vn -0.650206 -0.752606 -0.104001
vn -0.421398 0.755396 0.501797
vn -0.0241 -0.312804 -0.949512
vn -0.874936 0.364915 0.318313
vn -0.468488 -0.206995 -0.858878
vn 0.999432 -0.031101 -0.013
vn -0.468488 -0.206995 -0.858878
vn -0.874936 0.364915 0.318313
vn -0.421398 0.755396 0.501797
vn 0.868994 0.494097 -0.0268
vn -0.874936 0.364915 0.318313
vn 0.868994 0.494097 -0.0268
vn 0.999432 -0.031101 -0.013
vn -0.406392 0.473091 0.781685
vn 0.999432 -0.031101 -0.013
vn -0.406392 0.473091 0.781685
vn -0.874936 0.364915 0.318313
vn 0.393096 0.896491 0.204398
vn 0.393096 0.896491 0.204398
vn 0.472485 0.451885 -0.756675
vn 0 0.525993 -0.850489
vn 0 0.135006 -0.990845
vn 0.162292 -0.42598 -0.890058
vn -0.468488 -0.206995 -0.858878
vn 0.393096 0.896491 0.204398
vn 0.162292 -0.42598 -0.890058
vn 0.393096 0.896491 0.204398
vn 0.393096 0.896491 0.204398
vn 0.162292 -0.42598 -0.890058
vn 0.866793 -0.083099 -0.491696
vn 0.183793 0.908464 -0.375385
vn -0.298885 0.472577 -0.829059
vn 0.263189 0.328586 -0.907063
vn 0.263189 0.328586 -0.907063
vn 0.673934 -0.707236 -0.213611
vn -0.375493 -0.857383 -0.351993
vn -0.966116 0.143102 0.214804
vn -0.966116 0.143102 0.214804
vn -0.375493 -0.857383 -0.351993
vn -0.99586 -0.071597 0.055998
vn 0.673934 -0.707236 -0.213611
vn -0.949925 0.290308 -0.115603
vn -0.303396 -0.72409 -0.619391
vn -0.322907 -0.626014 0.709816
vn -0.368117 0.287414 0.884242
vn -0.949925 0.290308 -0.115603
vn -0.322907 -0.626014 0.709816
vn 0.953178 -0.294293 0.069598
vn -0.368117 0.287414 0.884242
vn -0.322907 -0.626014 0.709816
vn -0.303396 -0.72409 -0.619391
vn -0.949925 0.290308 -0.115603
vn 0.953178 -0.294293 0.069598
vn -0.747188 0.119998 0.65369
vn 0.257496 0.948985 -0.181997
vn 0.673934 -0.707236 -0.213611
vn 0.471491 0.842085 0.261895
vn 0.257496 0.948985 -0.181997
vn -0.747188 0.119998 0.65369
vn -0.747188 0.119998 0.65369
vn -0.375493 -0.857383 -0.351993
vn 0.0049 -0.511678 -0.859163
vn -0.747188 0.119998 0.65369
vn -0.528713 -0.672017 0.518513
vn -0.747188 0.119998 0.65369
vn -0.528713 -0.672017 0.518513
vn -0.368117 0.287414 0.884242
vn -0.747188 0.119998 0.65369
vn -0.368117 0.287414 0.884242
vn 0.471491 0.842085 0.261895
vn -0.747188 0.119998 0.65369
vn 0.673934 -0.707236 -0.213611
vn -0.99586 -0.071597 0.055998
vn 0.0049 -0.511678 -0.859163
vn -0.375493 -0.857383 -0.351993
vn 0.257496 0.948985 -0.181997
vn 0.257496 0.948985 -0.181997
vn -0.375493 -0.857383 -0.351993
vn 0.673934 -0.707236 -0.213611
vn 0.0049 -0.511678 -0.859163
vn 0.471491 0.842085 0.261895
vn -0.528713 -0.672017 0.518513
vn 0.0049 -0.511678 -0.859163
vn -0.528713 -0.672017 0.518513
vn -0.368117 0.287414 0.884242
vn -0.368117 0.287414 0.884242
vn -0.053299 0.93698 -0.345293
vn -0.053299 0.93698 -0.345293
vn -0.425689 0.834778 -0.349191
vn -0.616187 0.45569 -0.642386
vn -0.302714 0.514724 -0.802137
vn 0.074696 0.814053 -0.575967
vn -0.99586 -0.071597 0.055998
vn 0.979918 -0.096302 0.174603
vn 0.151503 -0.885617 -0.439009
vn 0.151503 -0.885617 -0.439009
vn 0.979918 -0.096302 0.174603
vn 0.979918 -0.096302 0.174603
vn 0.776382 0.370191 -0.510088
vn 0.151503 -0.885617 -0.439009
vn 0.798511 0.494907 -0.342705
vn 0.776382 0.370191 -0.510088
vn 0.979918 -0.096302 0.174603
vn 0.979918 -0.096302 0.174603
vn 0.151503 -0.885617 -0.439009
vn 0.798511 0.494907 -0.342705
vn 0.776382 0.370191 -0.510088
vn 0.855195 0.366498 -0.366498
vn 0.0015 0.514495 -0.857492
vn 0 0.830107 -0.557605
vn 0.472485 0.451885 -0.756675
vn 0 0.767885 -0.640588
vn 0.472485 0.451885 -0.756675
vn 0 0.767885 -0.640588
vn 0 0.525993 -0.850489
vn -0.854073 -0.481285 0.197294
vn -0.930608 0.256302 0.261302
vn -0.945881 0.244395 0.213496
vn -0.718292 -0.456895 0.524694
vn -0.854073 -0.481285 0.197294
vn -0.856235 -0.515921 -0.026201
vn -0.35259 -0.927473 -0.124396
vn -0.856235 -0.515921 -0.026201
vn -0.287584 -0.956146 0.055497
vn -0.1932 -0.939098 0.284199
vn -0.718292 -0.456895 0.524694
vn -0.436205 0.844909 0.309603
vn -0.945881 0.244395 0.213496
vn -0.930608 0.256302 0.261302
vn -0.755839 0.285715 0.58913
vn -0.755839 0.285715 0.58913
vn -0.814207 -0.556605 -0.165101
vn -0.986385 -0.160598 -0.035399
vn -0.814207 -0.556605 -0.165101
vn -0.35259 -0.927473 -0.124396
vn -0.438126 -0.889753 -0.128008
vn 0.348615 -0.920839 -0.174707
vn -0.438126 -0.889753 -0.128008
vn 0.295905 -0.925014 -0.238304
vn -0.864424 -0.37291 0.337209
vn -0.332482 -0.072096 0.94035
vn -0.864424 -0.37291 0.337209
vn -0.966116 -0.189903 0.174803
vn -0.81288 -0.448989 0.370991
vn -0.711401 -0.5234 0.469
vn -0.864424 -0.37291 0.337209
vn -0.332482 -0.072096 0.94035
vn -0.776506 -0.616405 -0.130701
vn -0.864424 -0.37291 0.337209
vn -0.711401 -0.5234 0.469
vn -0.256802 -0.393103 0.882906
vn -0.797507 -0.375003 0.472604
vn -0.711401 -0.5234 0.469
vn -0.711401 -0.5234 0.469
vn -0.797507 -0.375003 0.472604
vn -0.776506 -0.616405 -0.130701
vn -0.256802 -0.393103 0.882906
vn -0.894821 -0.445211 -0.032901
vn -0.894821 -0.445211 -0.032901
vn -0.61523 -0.385019 0.687934
vn -0.797507 -0.375003 0.472604
vn -0.276384 -0.418276 0.86525
vn -0.276384 -0.418276 0.86525
vn -0.041602 -0.430916 0.901433
vn 0.2412 -0.3978 0.885199
vn 0.411082 -0.374183 0.831263
vn 0.086796 -0.342083 0.935653
vn 0.086796 -0.342083 0.935653
vn -0.61523 -0.385019 0.687934
vn -0.925214 -0.266704 0.269904
vn -0.959482 -0.280595 -0.0257
vn -0.354498 -0.498497 0.791095
vn -0.677903 0.0226 0.734804
vn -0.041602 -0.430916 0.901433
vn -0.61523 -0.385019 0.687934
vn 0.286714 -0.543626 0.788838
vn -0.354498 -0.498497 0.791095
vn -0.750394 0.137199 0.646595
vn -0.677903 0.0226 0.734804
vn -0.750394 0.137199 0.646595
vn -0.795597 0.522398 0.306799
vn -0.928448 0.205288 0.309583
vn -0.61523 -0.385019 0.687934
vn -0.677903 0.0226 0.734804
vn -0.928448 0.205288 0.309583
vn -0.56501 -0.715313 0.411207
vn -0.398007 -0.502508 0.767513
vn -0.355211 -0.818125 0.452214
vn -0.0676 -0.546999 0.834399
vn -0.496505 -0.864709 0.075901
vn -0.56501 -0.715313 0.411207
vn -0.355211 -0.818125 0.452214
vn -0.7508 -0.4634 0.4707
vn -0.496505 -0.864709 0.075901
vn -0.355211 -0.818125 0.452214
vn -0.0676 -0.546999 0.834399
vn -0.7508 -0.4634 0.4707
vn -0.355211 -0.818125 0.452214
vn -0.536535 -0.46403 0.704845
vn -0.556902 -0.126401 0.820904
vn -0.750034 -0.389118 0.534824
vn 0.294591 -0.130496 0.946671
vn -0.536535 -0.46403 0.704845
vn -0.750034 -0.389118 0.534824
vn -0.353996 -0.698792 0.621592
vn 0.296884 -0.444875 0.844953
vn -0.536535 -0.46403 0.704845
vn -0.353996 -0.698792 0.621592
vn 0.296884 -0.444875 0.844953
vn -0.398007 -0.502508 0.767513
vn 0.134303 0.0061 0.990922
vn -0.56501 -0.715313 0.411207
vn 0.134303 0.0061 0.990922
vn 0.039901 0.347806 0.936717
vn -0.750034 -0.389118 0.534824
vn -0.928252 -0.029498 0.370781
vn -0.972537 -0.0044 0.232709
vn -0.750034 -0.389118 0.534824
vn -0.928252 -0.029498 0.370781
vn -0.928252 -0.029498 0.370781
vn -0.56501 -0.715313 0.411207
vn -0.972537 -0.0044 0.232709
vn -0.353996 -0.698792 0.621592
vn 0.261895 -0.808383 0.527189
vn -0.449709 -0.892319 0.039101
vn -0.449709 -0.892319 0.039101
vn -0.928448 0.205288 0.309583
vn -0.925214 -0.266704 0.269904
vn -0.61523 -0.385019 0.687934
vn -0.928448 0.205288 0.309583
vn -0.979745 -0.160307 -0.120006
vn -0.937001 0.3469 0.0411
vn -0.937001 0.3469 0.0411
vn -0.948644 -0.246311 -0.198509
vn -0.719997 0.692397 0.0468
vn -0.948644 -0.246311 -0.198509
vn -0.425389 -0.867577 -0.257593
vn -0.873393 -0.484596 0.0485
vn -0.425389 -0.867577 -0.257593
vn -0.972537 -0.0044 0.232709
vn -0.735878 0.604082 -0.305891
vn -0.805631 -0.018701 -0.592123
vn -0.735878 0.604082 -0.305891
vn -0.467386 0.854574 -0.226393
vn -0.661657 -0.071895 -0.746352
vn -0.790465 -0.523377 -0.318186
vn -0.234896 -0.770186 -0.59299
vn -0.790465 -0.523377 -0.318186
vn -0.661657 -0.071895 -0.746352
vn -0.731575 -0.30229 0.61108
vn -0.412803 -0.869507 0.271202
vn -0.089999 -0.889695 0.447597
vn -0.985272 -0.170995 -0.0008
vn -0.412803 -0.869507 0.271202
vn -0.731575 -0.30229 0.61108
vn -0.120494 -0.423479 0.897856
vn -0.66062 0.463414 0.590618
vn -0.731575 -0.30229 0.61108
vn -0.66062 0.463414 0.590618
vn -0.120494 -0.423479 0.897856
vn 0.356607 -0.839917 0.409109
vn -0.089999 -0.889695 0.447597
vn -0.412803 -0.869507 0.271202
vn 0.589784 -0.807478 0.0116
vn 0.429311 -0.894422 -0.125303
vn -0.543509 -0.791113 -0.280605
vn -0.543509 -0.791113 -0.280605
vn -0.086302 0.249106 0.964623
vn -0.66062 0.463414 0.590618
vn -0.086302 0.249106 0.964623
vn -0.0748 0.900202 0.429001
vn -0.66062 0.463414 0.590618
vn -0.0748 0.900202 0.429001
vn -0.232403 0.957612 -0.170202
vn -0.78783 0.611123 -0.076503
vn -0.78783 0.611123 -0.076503
vn -0.086302 0.249106 0.964623
vn 0.552831 0.252414 0.794144
vn 0.305809 0.895626 0.323009
vn 0.552831 0.252414 0.794144
vn 0.356607 -0.839917 0.409109
vn 0.580789 -0.361293 0.729487
vn 0.589784 -0.807478 0.0116
vn 0.580789 -0.361293 0.729487
vn 0.356607 -0.839917 0.409109
vn -0.0748 0.900202 0.429001
vn 0.305809 0.895626 0.323009
vn 0.248695 0.932783 -0.260895
vn -0.232403 0.957612 -0.170202
vn 0.552831 0.252414 0.794144
vn 0.88057 0.445985 0.160295
vn 0.88057 0.445985 0.160295
vn 0.552831 0.252414 0.794144
vn 0.966093 -0.234198 0.108699
vn 0.124094 -0.599673 0.790565
vn 0.966093 -0.234198 0.108699
vn 0.589784 -0.807478 0.0116
vn 0.429311 -0.894422 -0.125303
vn 0.124094 -0.599673 0.790565
vn -0.619317 0.492313 0.611616
vn -0.0174 -0.327109 0.944826
vn 0.0421 0.374404 0.92631
vn -0.745801 -0.1566 0.647501
vn -0.619317 0.492313 0.611616
vn 0.0421 0.374404 0.92631
vn -0.026199 0.940752 0.338083
vn -0.782378 0.586083 0.210694
vn -0.745801 -0.1566 0.647501
vn -0.619317 0.492313 0.611616
vn -0.254395 0.96708 -0.0063
vn -0.782378 0.586083 0.210694
vn -0.619317 0.492313 0.611616
vn -0.026199 0.940752 0.338083
vn -0.0733 -0.750496 0.656797
vn 0.758024 -0.30801 0.574918
vn -0.0174 -0.327109 0.944826
vn -0.0733 -0.750496 0.656797
vn -0.456204 -0.799908 0.389904
vn -0.456204 -0.799908 0.389904
vn 0.193111 -0.924652 0.328218
vn 0.540408 -0.756512 0.368306
vn 0.757925 0.30881 0.574619
vn 0.0421 0.374404 0.92631
vn 0.424414 0.881629 0.206407
vn 0.757925 0.30881 0.574619
vn 0.664636 0.593932 -0.453325
vn 0.664636 0.593932 -0.453325
vn 0.294591 -0.130496 0.946671
vn 0.296884 -0.444875 0.844953
vn 0.886172 -0.036899 0.461885
vn 0.771108 0.284503 0.569606
vn 0.771108 0.284503 0.569606
vn 0.039901 0.347806 0.936717
vn 0.294591 -0.130496 0.946671
vn -0.892742 -0.337316 0.298714
vn -0.880609 0.324703 0.345103
vn -0.363008 -0.92982 -0.060501
vn -0.892742 -0.337316 0.298714
vn -0.718292 -0.456895 0.524694
vn -0.718292 -0.456895 0.524694
vn -0.892742 -0.337316 0.298714
vn -0.755839 0.285715 0.58913
vn -0.1932 -0.939098 0.284199
vn -0.543509 -0.791113 -0.280605
vn -0.892742 -0.337316 0.298714
vn -0.363008 -0.92982 -0.060501
vn -0.363008 -0.92982 -0.060501
vn -0.880609 0.324703 0.345103
vn 0.429311 -0.894422 -0.125303
vn 0.017201 -0.996944 0.076203
vn 0.429311 -0.894422 -0.125303
vn -0.880609 0.324703 0.345103
vn -0.78783 0.611123 -0.076503
vn -0.293312 0.913937 0.280511
vn -0.200496 0.756184 0.622887
vn -0.880609 0.324703 0.345103
vn -0.293312 0.913937 0.280511
vn -0.200496 0.756184 0.622887
vn -0.232403 0.957612 -0.170202
vn -0.200496 0.756184 0.622887
vn 0.461514 0.852226 0.246407
vn 0.248695 0.932783 -0.260895
vn 0.461514 0.852226 0.246407
vn 0.466685 0.738276 0.486984
vn -0.436205 0.844909 0.309603
vn -0.200496 0.756184 0.622887
vn 0.466685 0.738276 0.486984
vn 0.348615 -0.920839 -0.174707
vn 0.017201 -0.996944 0.076203
vn -0.287584 -0.956146 0.055497
vn 0.134999 0.901995 0.410098
vn -0.436205 0.844909 0.309603
vn 0.134999 0.901995 0.410098
vn -0.332482 -0.072096 0.94035
vn 0.829884 0.53489 -0.158697
vn 0.461514 0.852226 0.246407
vn 0.248695 0.932783 -0.260895
vn 0.248695 0.932783 -0.260895
vn 0.664636 0.593932 -0.453325
vn 0.829884 0.53489 -0.158697
vn 0.829884 0.53489 -0.158697
vn 0.124094 -0.599673 0.790565
vn 0.829884 0.53489 -0.158697
vn 0.664636 0.593932 -0.453325
vn 0.314994 0.620589 0.718087
vn 0.466685 0.738276 0.486984
vn 0.829884 0.53489 -0.158697
vn 0.124094 -0.599673 0.790565
vn 0.314994 0.620589 0.718087
vn 0.017201 -0.996944 0.076203
vn 0.124094 -0.599673 0.790565
vn 0.429311 -0.894422 -0.125303
vn 0.124094 -0.599673 0.790565
vn 0.017201 -0.996944 0.076203
vn -0.550398 -0.806397 0.216299
vn -0.715719 0.512614 0.474313
vn 0.314994 0.620589 0.718087
vn 0.124094 -0.599673 0.790565
vn 0.124094 -0.599673 0.790565
vn -0.456204 -0.799908 0.389904
vn -0.745801 -0.1566 0.647501
vn -0.550398 -0.806397 0.216299
vn 0.124094 -0.599673 0.790565
vn -0.745801 -0.1566 0.647501
vn -0.715719 0.512614 0.474313
vn 0.514321 -0.853434 0.084403
vn -0.550398 -0.806397 0.216299
vn 0.017201 -0.996944 0.076203
vn 0.348615 -0.920839 -0.174707
vn 0.0016 0.767384 0.641186
vn 0.314994 0.620589 0.718087
vn -0.715719 0.512614 0.474313
vn 0.203707 0.106404 0.973233
vn 0.657801 0.0117 0.753101
vn 0.349706 0.894816 0.277505
vn -0.319993 -0.88508 0.337992
vn -0.319993 -0.88508 0.337992
vn 0.203707 0.106404 0.973233
vn 0.411082 -0.374183 0.831263
vn 0.203707 0.106404 0.973233
vn 0.086796 -0.342083 0.935653
vn 0.411082 -0.374183 0.831263
vn -0.0265 -0.445896 0.894692
vn 0.268206 -0.288906 0.91902
vn 0.203707 0.106404 0.973233
vn 0.7506 -0.0731 0.6567
vn 0.268206 -0.288906 0.91902
vn -0.0265 -0.445896 0.894692
vn -0.0265 -0.445896 0.894692
vn 0.203707 0.106404 0.973233
vn 0.634362 -0.364778 0.681559
vn -0.0265 -0.445896 0.894692
vn 0.634362 -0.364778 0.681559
vn 0.7506 -0.0731 0.6567
vn 0.203707 0.106404 0.973233
vn 0.268206 -0.288906 0.91902
vn 0.593801 -0.2947 0.748701
vn 0.874167 -0.090697 0.477082
vn 0.874167 -0.090697 0.477082
vn 0.593801 -0.2947 0.748701
vn 0.268206 -0.288906 0.91902
vn 0.657801 0.0117 0.753101
vn -0.456204 -0.799908 0.389904
vn -0.550398 -0.806397 0.216299
vn 0.193111 -0.924652 0.328218
vn -0.114402 0.909915 0.398707
vn -0.114402 0.909915 0.398707
vn -0.254395 0.96708 -0.0063
vn -0.026199 0.940752 0.338083
vn 0.264705 0.954917 -0.134402
vn 0.405595 0.81639 0.411095
vn -0.114402 0.909915 0.398707
vn -0.254395 0.96708 -0.0063
vn 0.264705 0.954917 -0.134402
vn 0.424414 0.881629 0.206407
vn 0.433117 -0.901335 -0.0022
vn 0.325597 -0.788292 -0.522095
vn 0.232707 -0.951527 -0.201106
vn 0.514321 -0.853434 0.084403
vn 0.232707 -0.951527 -0.201106
vn -0.550398 -0.806397 0.216299
vn 0.346888 0.765174 0.542381
vn 0.405595 0.81639 0.411095
vn 0.325104 0.854611 0.404905
vn 0.662915 0.681816 0.309307
vn 0.662915 0.681816 0.309307
vn 0.349706 0.894816 0.277505
vn 0.346888 0.765174 0.542381
vn 0.758024 -0.30801 0.574918
vn 0.540408 -0.756512 0.368306
vn 0.590086 -0.245894 0.768982
vn 0.757925 0.30881 0.574619
vn 0.193111 -0.924652 0.328218
vn 0.616891 0.664291 0.422094
vn 0.757925 0.30881 0.574619
vn 0.616891 0.664291 0.422094
vn 0.124705 -0.723727 0.678725
vn 0.590086 -0.245894 0.768982
vn 0.193111 -0.924652 0.328218
vn 0.433117 -0.901335 -0.0022
vn 0.124705 -0.723727 0.678725
vn 0.193111 -0.924652 0.328218
vn 0.150999 -0.234198 0.960391
vn 0.282106 0.347807 0.894118
vn 0.616891 0.664291 0.422094
vn 0.360099 -0.860698 0.359899
vn 0.150999 -0.234198 0.960391
vn 0.124705 -0.723727 0.678725
vn 0.433117 -0.901335 -0.0022
vn 0.360099 -0.860698 0.359899
vn 0.124705 -0.723727 0.678725
vn 0.717798 0.360099 0.595898
vn 0.282106 0.347807 0.894118
vn 0.681815 -0.334408 0.650615
vn 0.282106 0.347807 0.894118
vn 0.093595 0.929755 0.356083
vn 0.616891 0.664291 0.422094
vn 0.616891 0.664291 0.422094
vn 0.093595 0.929755 0.356083
vn -0.058002 0.994527 0.086902
vn 0.206896 0.972979 0.102498
vn 0.206896 0.972979 0.102498
vn 0.405206 0.889113 0.212803
vn 0.197701 0.951305 -0.236501
vn -0.058002 0.994527 0.086902
vn 0.093595 0.929755 0.356083
vn 0.405206 0.889113 0.212803
vn 0.717798 0.360099 0.595898
vn 0.405595 0.81639 0.411095
vn 0.325104 0.854611 0.404905
vn 0.325104 0.854611 0.404905
vn 0.325104 0.854611 0.404905
vn -0.058002 0.994527 0.086902
vn 0.427889 0.903376 0.028699
vn 0.427889 0.903376 0.028699
vn -0.058002 0.994527 0.086902
vn 0.197701 0.951305 -0.236501
vn 0.427889 0.903376 0.028699
vn 0.95569 0.276397 0.101299
vn 0.662915 0.681816 0.309307
vn 0.427889 0.903376 0.028699
vn 0.893831 0.434215 -0.111904
vn 0.893831 0.434215 -0.111904
vn 0.671966 0.737563 -0.066797
vn 0.776107 0.601106 -0.190602
vn 0.657801 0.0117 0.753101
vn 0.95569 0.276397 0.101299
vn 0.923975 0.241093 -0.296892
vn 0.348615 -0.920839 -0.174707
vn 0.869466 -0.345586 -0.352986
vn 0.514321 -0.853434 0.084403
vn 0.812028 -0.420014 -0.405214
vn 0.295905 -0.925014 -0.238304
vn 0.869466 -0.345586 -0.352986
vn 0.923975 0.241093 -0.296892
vn 0.955452 -0.289785 -0.055997
vn 0.812028 -0.420014 -0.405214
vn 0.955452 -0.289785 -0.055997
vn 0.916943 0.142207 -0.372817
vn 0.916943 0.142207 -0.372817
vn 0.903693 -0.391897 0.172499
vn 0.991566 0.058598 0.115596
vn 0.991566 0.058598 0.115596
vn 0.903693 -0.391897 0.172499
vn 0.7506 -0.0731 0.6567
vn 0.634362 -0.364778 0.681559
vn 0.998241 0.044302 0.039402
vn 0.828907 -0.179202 0.529905
vn 0.793297 -0.418498 0.442198
vn 0.793297 -0.418498 0.442198
vn 0.828907 -0.179202 0.529905
vn 0.989032 0.024201 0.145705
vn 0.959916 0.202203 0.194103
vn 0.736096 0.467498 0.489498
vn 0.959916 0.202203 0.194103
vn 0.828907 -0.179202 0.529905
vn 0.828907 -0.179202 0.529905
vn 0.862613 0.148402 0.483607
vn 0.736096 0.467498 0.489498
vn 0.849602 -0.482501 0.213
vn 0.691493 -0.292097 0.660694
vn 0.846955 0.531534 -0.011801
vn 0.877926 -0.473214 -0.072902
vn 0.622212 0.775515 0.106902
vn 0.846955 0.531534 -0.011801
vn 0.959916 0.202203 0.194103
vn 0.736096 0.467498 0.489498
vn 0.927696 0.130999 -0.349599
vn 0.927696 0.130999 -0.349599
vn 0.877926 -0.473214 -0.072902
vn 0.927696 0.130999 -0.349599
vn 0.750583 -0.533488 -0.389891
vn 0.848436 -0.524322 -0.072403
vn 0.849602 -0.482501 0.213
vn 0.877926 -0.473214 -0.072902
vn 0.848436 -0.524322 -0.072403
vn 0.368523 0.921257 -0.124408
vn 0.469734 -0.597644 -0.649747
vn 0.092003 0.958029 -0.271508
vn 0.486695 0.220098 -0.845391
vn 0.927696 0.130999 -0.349599
vn 0.486695 0.220098 -0.845391
vn 0.368523 0.921257 -0.124408
vn 0.092003 0.958029 -0.271508
vn 0.927696 0.130999 -0.349599
vn 0.995907 0.0627 0.0651
vn 0.891643 0.439321 0.109405
vn 0.893102 0.1954 -0.405201
vn 0.923597 0.0962 -0.371099
vn 0.891643 0.439321 0.109405
vn 0.718941 0.651837 -0.241314
vn 0.718941 0.651837 -0.241314
vn 0.211804 0.096702 0.972516
vn 0.235193 0.176595 0.955771
vn 0.211804 0.096702 0.972516
vn 0 0.121499 0.992592
vn 0.480734 -0.452732 0.750952
vn 0.364713 -0.630222 0.685424
vn 0.591912 -0.46291 0.659814
vn 0.503531 -0.463628 0.729044
vn 0.561812 -0.513611 0.648514
vn 0.396589 0.285492 0.872475
vn 0.396589 0.285492 0.872475
vn 0 0.0871 0.9962
vn 0.235193 0.176595 0.955771
vn -0.062602 0.180206 0.981635
vn 0 0.0871 0.9962
vn -0.062602 0.180206 0.981635
vn 0 -0.307093 0.951679
vn 0.323615 0.202609 0.924242
vn 0.323615 0.202609 0.924242
vn 0.53722 0.039201 0.842531
vn 0.53722 0.039201 0.842531
vn 0.323615 0.202609 0.924242
vn 0.554696 -0.324198 0.766295
vn 0 -0.307093 0.951679
vn -0.062602 0.180206 0.981635
vn 0.53722 0.039201 0.842531
vn 0.554696 -0.324198 0.766295
vn -0.905657 -0.082905 0.415826
vn -0.32549 -0.229093 0.917373
vn -0.905657 -0.082905 0.415826
vn 0.382517 -0.874738 0.297513
vn 0.389117 -0.688929 0.611526
vn 0 -0.99154 0.129805
vn 0.091298 -0.897485 0.431493
vn 0.367208 -0.91662 0.158004
vn -0.427982 -0.033599 0.903162
vn 0.389117 -0.688929 0.611526
vn -0.427982 -0.033599 0.903162
vn 0.503531 -0.463628 0.729044
vn 0.091298 -0.897485 0.431493
vn -0.87352 -0.210105 0.43911
vn -0.427982 -0.033599 0.903162
vn -0.503832 0.110107 0.856755
vn -0.427982 -0.033599 0.903162
vn -0.503832 0.110107 0.856755
vn -0.135503 0.164504 0.977025
vn -0.427982 -0.033599 0.903162
vn -0.135503 0.164504 0.977025
vn -0.296988 0.433782 0.850665
vn -0.135699 0.217898 0.966492
vn 0.503531 -0.463628 0.729044
vn -0.427982 -0.033599 0.903162
vn -0.135699 0.217898 0.966492
vn -0.87352 -0.210105 0.43911
vn -0.981422 -0.189704 0.028701
vn 0.091298 -0.897485 0.431493
vn -0.263814 -0.947552 0.18041
vn -0.989571 -0.142496 0.021099
vn -0.263814 -0.947552 0.18041
vn -0.960318 -0.015 -0.278505
vn -0.923439 -0.197508 -0.329014
vn 0 -0.999045 0.043702
vn -0.407404 -0.91031 -0.073201
vn 0.327116 -0.940347 0.093505
vn -0.407404 -0.91031 -0.073201
vn -0.32549 -0.229093 0.917373
vn 0.098096 -0.015499 0.995056
vn 0.134303 0.0061 0.990922
vn -0.135503 0.164504 0.977025
vn -0.135503 0.164504 0.977025
vn 0.098096 -0.015499 0.995056
vn 0.463079 0.106795 0.87986
vn 0.363201 0.335001 0.869402
vn -0.296988 0.433782 0.850665
vn 0.098096 -0.015499 0.995056
vn 0.134303 0.0061 0.990922
vn 0.494087 -0.243293 0.834678
vn 0.494087 -0.243293 0.834678
vn 0.503531 -0.463628 0.729044
vn -0.135699 0.217898 0.966492
vn 0.561812 -0.513611 0.648514
vn -0.135699 0.217898 0.966492
vn -0.296988 0.433782 0.850665
vn 0.244392 0.153395 0.957467
vn 0.244392 0.153395 0.957467
vn -0.135699 0.217898 0.966492
vn 0.106296 0.670373 0.734371
vn 0.244392 0.153395 0.957467
vn 0.818522 -0.315609 0.480013
vn 0.818522 -0.315609 0.480013
vn 0.396589 0.285492 0.872475
vn 0.591912 -0.46291 0.659814
vn 0.823405 0.133601 0.551503
vn 0.789897 0.468998 0.395099
vn 0.515806 0.75621 0.402605
vn 0.823405 0.133601 0.551503
vn 0.428387 0.30189 0.851673
vn 0.323615 0.202609 0.924242
vn 0.428387 0.30189 0.851673
vn 0.554696 -0.324198 0.766295
vn 0.638827 0.550623 0.537322
vn 0.638827 0.550623 0.537322
vn 0.63861 0.538208 0.550008
vn 0.428387 0.30189 0.851673
vn 0.63861 0.538208 0.550008
vn 0.850193 -0.393197 0.350097
vn 0.613408 -0.430206 0.662309
vn 0.613408 -0.430206 0.662309
vn 0.63861 0.538208 0.550008
vn 0.638827 0.550623 0.537322
vn 0.809519 0.583013 0.069102
vn 0.866421 0.491712 0.086802
vn 0.866421 0.491712 0.086802
vn 0.134303 0.0061 0.990922
vn 0.134303 0.0061 0.990922
vn 0.771108 0.284503 0.569606
vn 0.691493 -0.292097 0.660694
vn 0.691493 -0.292097 0.660694
vn 0.600803 -0.436502 0.669703
vn 0.919854 0.057503 0.388023
vn 0.463079 0.106795 0.87986
vn 0.494087 -0.243293 0.834678
vn 0.600803 -0.436502 0.669703
vn 0.80978 -0.503587 0.301092
vn 0.887983 0.242095 0.390993
vn 0.363201 0.335001 0.869402
vn 0.80978 -0.503587 0.301092
vn 0.993862 0.029599 -0.106596
vn 0.848436 -0.524322 -0.072403
vn 0.969044 0.23071 -0.087904
vn 0.913499 0.4052 -0.0365
vn 0.789897 0.468998 0.395099
vn 0.750583 -0.533488 -0.389891
vn 0.829787 -0.128898 -0.542991
vn 0.851891 0.080499 -0.517495
vn 0.829787 -0.128898 -0.542991
vn 0.807715 0.264505 -0.52691
vn 0.823405 0.133601 0.551503
vn 0.515806 0.75621 0.402605
vn 0.678418 0.734519 -0.0152
vn 0.98492 0.159003 0.068201
vn 0.98492 0.159003 0.068201
vn 0.515806 0.75621 0.402605
vn 0.789897 0.468998 0.395099
vn 0.913499 0.4052 -0.0365
vn 0.913499 0.4052 -0.0365
vn 0.678418 0.734519 -0.0152
vn 0.515806 0.75621 0.402605
vn 0.957726 -0.272808 0.091303
vn 0.957726 -0.272808 0.091303
vn 0.809519 0.583013 0.069102
vn 0.856379 0.137197 -0.497788
vn 0.856379 0.137197 -0.497788
vn 0.98492 0.159003 0.068201
vn 0.913499 0.4052 -0.0365
vn 0.527204 0.654105 -0.542404
vn 0.527204 0.654105 -0.542404
vn 0.911192 -0.230898 -0.341197
vn 0.758252 0.498169 -0.420573
vn 0.848351 -0.529369 -0.0083
vn 0.758252 0.498169 -0.420573
vn 0.721491 0.572693 -0.389195
vn 0.721491 0.572693 -0.389195
vn -0.934887 -0.183397 0.303896
vn -0.858083 -0.346493 0.378993
vn -0.456599 0.2744 0.846299
vn -0.744096 -0.637496 -0.199799
vn -0.858083 -0.346493 0.378993
vn -0.934887 -0.183397 0.303896
vn -0.688223 0.264609 0.675523
vn -0.888232 0.421715 0.182207
vn -0.883502 -0.382501 -0.270401
vn -0.958267 0.202193 -0.202093
vn -0.888232 0.421715 0.182207
vn -0.0027 0.124699 0.992191
vn -0.733091 0.139398 0.665692
vn -0.227991 -0.341087 0.911965
vn -0.877449 -0.457226 0.145008
vn -0.659691 -0.73769 0.143598
vn 0.0085 -0.741928 0.670425
vn -0.227991 -0.341087 0.911965
vn -0.227991 -0.341087 0.911965
vn 0.0085 -0.741928 0.670425
vn 0.557124 -0.363116 0.746833
vn -0.0027 0.124699 0.992191
vn -0.227991 -0.341087 0.911965
vn -0.877449 -0.457226 0.145008
vn -0.659691 -0.73769 0.143598
vn -0.733091 0.139398 0.665692
vn -0.0027 0.124699 0.992191
vn -0.528112 0.535412 0.659115
vn -0.96046 0.23889 -0.142994
vn -0.877449 -0.457226 0.145008
vn -0.733091 0.139398 0.665692
vn -0.826006 0.563404 -0.017
vn -0.96046 0.23889 -0.142994
vn -0.733091 0.139398 0.665692
vn -0.528112 0.535412 0.659115
vn 0.0085 -0.741928 0.670425
vn -0.659691 -0.73769 0.143598
vn 0.260786 -0.93155 0.253386
vn 0.260786 -0.93155 0.253386
vn 0.236308 0.566119 0.789726
vn -0.473682 0.736971 0.482181
vn 0.236308 0.566119 0.789726
vn -0.473682 0.736971 0.482181
vn -0.0027 0.124699 0.992191
vn -0.213309 -0.490321 0.845036
vn -0.818571 -0.530981 0.219092
vn -0.589009 -0.806712 -0.047801
vn -0.714193 0.052299 0.697993
vn -0.818571 -0.530981 0.219092
vn -0.213309 -0.490321 0.845036
vn 0.187602 -0.85381 0.485606
vn 0.028001 -0.168906 0.985234
vn 0.614828 -0.539325 0.575426
vn 0.028001 -0.168906 0.985234
vn -0.659691 -0.73769 0.143598
vn -0.839714 -0.146802 -0.522809
vn -0.381795 -0.507893 -0.77219
vn -0.525303 -0.850404 -0.0295
vn 0.260786 -0.93155 0.253386
vn -0.659691 -0.73769 0.143598
vn -0.525303 -0.850404 -0.0295
vn -0.839714 -0.146802 -0.522809
vn -0.96046 0.23889 -0.142994
vn -0.649205 0.264602 -0.713105
vn -0.381795 -0.507893 -0.77219
vn -0.649205 0.264602 -0.713105
vn -0.525303 -0.850404 -0.0295
vn 0.199195 -0.87538 -0.44049
vn 0.260786 -0.93155 0.253386
vn 0.260786 -0.93155 0.253386
vn 0.199195 -0.87538 -0.44049
vn 0.765708 -0.638306 0.079101
vn 0.765708 -0.638306 0.079101
vn -0.381795 -0.507893 -0.77219
vn -0.381795 -0.507893 -0.77219
vn -0.115099 -0.189098 -0.975189
vn 0.47452 -0.520822 -0.70963
vn -0.115099 -0.189098 -0.975189
vn 0.535582 -0.153195 -0.830472
vn -0.274586 -0.675966 -0.683866
vn -0.274586 -0.675966 -0.683866
vn 0.433117 -0.901335 -0.0022
vn 0.681815 -0.334408 0.650615
vn 0.360099 -0.860698 0.359899
vn 0.89767 0.438785 0.040699
vn 0.717798 0.360099 0.595898
vn 0.681815 -0.334408 0.650615
vn 0.681815 -0.334408 0.650615
vn 0.433117 -0.901335 -0.0022
vn 0.949677 -0.313092 -0.0093
vn 0.949677 -0.313092 -0.0093
vn 0.89767 0.438785 0.040699
vn 0.717798 0.360099 0.595898
vn 0.656081 0.609982 -0.444387
vn 0.433117 -0.901335 -0.0022
vn 0.325597 -0.788292 -0.522095
vn 0.816054 -0.18019 -0.549169
vn 0.949677 -0.313092 -0.0093
vn 0.816054 -0.18019 -0.549169
vn 0.656081 0.609982 -0.444387
vn 0.232707 -0.951527 -0.201106
vn 0.893831 0.434215 -0.111904
vn 0.656081 0.609982 -0.444387
vn 0.898086 -0.407494 -0.165497
vn 0.656081 0.609982 -0.444387
vn 0.898086 -0.407494 -0.165497
vn 0.232707 -0.951527 -0.201106
vn 0.514321 -0.853434 0.084403
vn -0.987708 0.156001 -0.0098
vn -0.589009 -0.806712 -0.047801
vn -0.818571 -0.530981 0.219092
vn -0.714193 0.052299 0.697993
vn -0.819317 -0.064401 -0.569712
vn -0.589009 -0.806712 -0.047801
vn -0.819317 -0.064401 -0.569712
vn -0.370806 -0.260204 -0.891514
vn 0.366083 -0.922458 -0.122694
vn 0.187602 -0.85381 0.485606
vn -0.589009 -0.806712 -0.047801
vn -0.408784 -0.840466 -0.355686
vn -0.370806 -0.260204 -0.891514
vn -0.408784 -0.840466 -0.355686
vn -0.589009 -0.806712 -0.047801
vn -0.854232 0.508719 0.107204
vn -0.987708 0.156001 -0.0098
vn -0.714193 0.052299 0.697993
vn -0.558827 0.263413 0.786337
vn -0.558827 0.263413 0.786337
vn -0.709996 0.380598 -0.592496
vn -0.819317 -0.064401 -0.569712
vn -0.709996 0.380598 -0.592496
vn -0.370806 -0.260204 -0.891514
vn -0.819317 -0.064401 -0.569712
vn -0.400095 -0.69979 0.591792
vn -0.431476 0.011499 0.902051
vn -0.92289 -0.162498 0.349096
vn -0.208309 0.015401 0.977942
vn -0.400095 -0.69979 0.591792
vn -0.92289 -0.162498 0.349096
vn -0.969902 -0.2092 -0.1246
vn -0.368598 -0.926796 0.072
vn -0.400095 -0.69979 0.591792
vn -0.368598 -0.926796 0.072
vn 0.193101 -0.602503 0.774404
vn 0.193101 -0.602503 0.774404
vn -0.605718 0.688921 0.398112
vn -0.531506 0.663308 0.526806
vn -0.605718 0.688921 0.398112
vn -0.431476 0.011499 0.902051
vn -0.208309 0.015401 0.977942
vn -0.92289 -0.162498 0.349096
vn -0.605718 0.688921 0.398112
vn -0.969902 -0.2092 -0.1246
vn -0.548617 0.809425 -0.209406
vn -0.422801 0.878102 -0.224001
vn -0.531506 0.663308 0.526806
vn -0.368598 -0.926796 0.072
vn -0.969902 -0.2092 -0.1246
vn -0.264006 -0.82082 -0.506512
vn 0.3783 -0.7871 -0.4872
vn 0.407182 -0.889861 0.205791
vn 0.407182 -0.889861 0.205791
vn -0.812293 -0.210098 -0.544095
vn -0.501604 0.556904 -0.662005
vn -0.812293 -0.210098 -0.544095
vn -0.969902 -0.2092 -0.1246
vn -0.548617 0.809425 -0.209406
vn -0.264006 -0.82082 -0.506512
vn -0.812293 -0.210098 -0.544095
vn -0.223407 -0.114903 -0.967929
vn -0.264006 -0.82082 -0.506512
vn -0.223407 -0.114903 -0.967929
vn 0.107401 -0.265503 -0.958109
vn 0.3783 -0.7871 -0.4872
vn -0.501604 0.556904 -0.662005
vn -0.267991 0.450185 -0.851771
vn -0.223407 -0.114903 -0.967929
vn -0.501604 0.556904 -0.662005
vn -0.548617 0.809425 -0.209406
vn -0.422801 0.878102 -0.224001
vn -0.267991 0.450185 -0.851771
vn 0.107401 -0.265503 -0.958109
vn -0.223407 -0.114903 -0.967929
vn 0.557124 -0.363116 0.746833
vn 0.765708 -0.638306 0.079101
vn 0.95097 -0.206894 -0.229893
vn 0.85317 0.182993 0.488483
vn 0.236308 0.566119 0.789726
vn 0.95097 -0.206894 -0.229893
vn -0.465093 0.505292 0.726889
vn 0.293297 0.262798 0.919192
vn 0.293297 0.262798 0.919192
vn -0.465093 0.505292 0.726889
vn -0.465093 0.505292 0.726889
vn 0.293297 0.262798 0.919192
vn 0.271196 0.493993 0.826089
vn -0.591507 -0.012 0.80621
vn -0.97562 -0.107202 0.191504
vn -0.591507 -0.012 0.80621
vn 0.880841 0.054003 0.470322
vn 0.271196 0.493993 0.826089
vn 0.293297 0.262798 0.919192
vn 0.880841 0.054003 0.470322
vn 0.271196 0.493993 0.826089
vn 0.118798 -0.406294 0.905987
vn -0.591507 -0.012 0.80621
vn 0.745696 -0.402598 0.530897
vn 0.118798 -0.406294 0.905987
vn 0.271196 0.493993 0.826089
vn 0.884918 0.271806 0.378208
vn 0.884918 0.271806 0.378208
vn -0.463195 -0.267597 0.844892
vn -0.591507 -0.012 0.80621
vn 0.118798 -0.406294 0.905987
vn 0.745696 -0.402598 0.530897
vn 0.261388 -0.20709 0.942757
vn 0.366083 -0.922458 -0.122694
vn 0.169007 -0.639327 -0.750132
vn -0.370806 -0.260204 -0.891514
vn 0.366083 -0.922458 -0.122694
vn 0.169007 -0.639327 -0.750132
vn 0.764808 -0.611207 -0.203702
vn 0.764808 -0.611207 -0.203702
vn 0.169007 -0.639327 -0.750132
vn -0.370806 -0.260204 -0.891514
vn -0.263502 0.105201 -0.958906
vn -0.263502 0.105201 -0.958906
vn 0.372993 -0.308394 -0.875083
vn 0.169007 -0.639327 -0.750132
vn 0.372993 -0.308394 -0.875083
vn -0.833171 -0.470884 -0.28999
vn -0.97562 -0.107202 0.191504
vn -0.853144 -0.419122 0.310616
vn -0.853144 -0.419122 0.310616
vn -0.97562 -0.107202 0.191504
vn -0.463195 -0.267597 0.844892
vn -0.605735 -0.789545 -0.098506
vn -0.833171 -0.470884 -0.28999
vn -0.853144 -0.419122 0.310616
vn -0.524899 -0.843099 0.1169
vn -0.524899 -0.843099 0.1169
vn -0.866919 -0.152303 -0.47461
vn -0.97562 -0.107202 0.191504
vn -0.833171 -0.470884 -0.28999
vn -0.866919 -0.152303 -0.47461
vn -0.591507 -0.012 0.80621
vn -0.866919 -0.152303 -0.47461
vn -0.356813 -0.517818 -0.777527
vn -0.356813 -0.517818 -0.777527
vn -0.866919 -0.152303 -0.47461
vn -0.833171 -0.470884 -0.28999
vn -0.274295 -0.722888 -0.634189
vn -0.274295 -0.722888 -0.634189
vn 0.465909 0.038001 -0.884016
vn 0.465909 0.038001 -0.884016
vn 0.400204 -0.591106 -0.700307
vn 0.342798 -0.451498 -0.823796
vn 0.342798 -0.451498 -0.823796
vn -0.028099 -0.976454 -0.21389
vn 0.400204 -0.591106 -0.700307
vn -0.274295 -0.722888 -0.634189
vn -0.028099 -0.976454 -0.21389
vn 0.614828 -0.539325 0.575426
vn 0.764808 -0.611207 -0.203702
vn 0.959348 -0.049702 -0.277814
vn 0.880841 0.054003 0.470322
vn 0.959348 -0.049702 -0.277814
vn 0.940309 0.236102 -0.245102
vn 0.959348 -0.049702 -0.277814
vn 0.940309 0.236102 -0.245102
vn 0.709798 -0.682398 -0.174699
vn 0.839093 -0.215698 0.499396
vn 0.709798 -0.682398 -0.174699
vn 0.877005 -0.449402 -0.170001
vn 0.839093 -0.215698 0.499396
vn 0.877005 -0.449402 -0.170001
vn 0.881545 -0.323417 0.343918
vn 0.571809 -0.337805 0.747611
vn 0.261388 -0.20709 0.942757
vn 0.465909 0.038001 -0.884016
vn 0.342798 -0.451498 -0.823796
vn 0.709798 -0.682398 -0.174699
vn 0.940309 0.236102 -0.245102
vn 0.342798 -0.451498 -0.823796
vn 0.877005 -0.449402 -0.170001
vn 0.709073 -0.703573 -0.046898
vn 0.709073 -0.703573 -0.046898
vn -0.146601 0.475702 0.867304
vn -0.531506 0.663308 0.526806
vn 0.533293 -0.066799 0.843289
vn 0.533293 -0.066799 0.843289
vn -0.860698 0.027 0.508399
vn -0.146601 0.475702 0.867304
vn -0.912809 -0.341603 -0.223802
vn -0.860698 0.027 0.508399
vn -0.799324 -0.310909 0.514215
vn -0.799324 -0.310909 0.514215
vn -0.860698 0.027 0.508399
vn -0.206308 -0.25291 0.945237
vn -0.688232 -0.702932 -0.179508
vn -0.3219 -0.864201 0.3867
vn -0.3219 -0.864201 0.3867
vn -0.963933 0.042001 -0.262809
vn -0.963933 0.042001 -0.262809
vn -0.860698 0.027 0.508399
vn -0.146601 0.475702 0.867304
vn -0.126703 0.145404 0.981226
vn -0.126703 0.145404 0.981226
vn 0.220001 0.225802 -0.949006
vn 0.220001 0.225802 -0.949006
vn -0.963933 0.042001 -0.262809
vn -0.963933 0.042001 -0.262809
vn -0.912809 -0.341603 -0.223802
vn -0.602294 -0.225398 -0.765792
vn -0.602294 -0.225398 -0.765792
vn -0.267991 0.450185 -0.851771
vn -0.963933 0.042001 -0.262809
vn -0.443899 -0.489599 -0.750498
vn -0.443899 -0.489599 -0.750498
vn -0.602294 -0.225398 -0.765792
vn 0.940275 -0.237794 0.243593
vn 0.407182 -0.889861 0.205791
vn 0.940275 -0.237794 0.243593
vn 0.508884 0.191894 0.839174
vn 0.533293 -0.066799 0.843289
vn -0.206308 -0.25291 0.945237
vn -0.126703 0.145404 0.981226
vn 0.400899 -0.412699 0.817899
vn 0.440293 -0.266196 0.857486
vn 0.440293 -0.266196 0.857486
vn 0.088297 -0.723671 0.684473
vn -0.126703 0.145404 0.981226
vn 0.508884 0.191894 0.839174
vn 0.400899 -0.412699 0.817899
vn 0.940275 -0.237794 0.243593
vn 0.508884 0.191894 0.839174
vn 0.533293 -0.066799 0.843289
vn 0.813216 -0.536411 0.225705
vn 0.925591 -0.317497 0.206098
vn 0.440293 -0.266196 0.857486
vn 0.925591 -0.317497 0.206098
vn 0.519213 -0.663317 0.538914
vn 0.519213 -0.663317 0.538914
vn 0.965958 0.0075 0.258589
vn 0.400899 -0.412699 0.817899
vn 0.813216 -0.536411 0.225705
vn 0.822812 -0.176203 -0.540308
vn 0.113797 -0.581183 -0.805777
vn 0.184306 0.233907 -0.95463
vn 0.220001 0.225802 -0.949006
vn -0.602294 -0.225398 -0.765792
vn 0.113797 -0.581183 -0.805777
vn 0.184306 0.233907 -0.95463
vn -0.602294 -0.225398 -0.765792
vn 0.198595 -0.411789 -0.889376
vn -0.170003 -0.820015 -0.54651
vn 0.198595 -0.411789 -0.889376
vn -0.443899 -0.489599 -0.750498
vn -0.170003 -0.820015 -0.54651
vn 0.834082 0.112298 -0.540089
vn 0.822812 -0.176203 -0.540308
vn 0.834082 0.112298 -0.540089
vn 0.184306 0.233907 -0.95463
vn 0.113797 -0.581183 -0.805777
vn 0.646608 -0.561907 -0.515906
vn 0.834082 0.112298 -0.540089
vn 0.822812 -0.176203 -0.540308
vn 0.646608 -0.561907 -0.515906
vn 0.198595 -0.411789 -0.889376
vn 0.758305 -0.387402 -0.524303
vn 0.295201 -0.683201 -0.667901
vn 0.295201 -0.683201 -0.667901
vn 0.925591 -0.317497 0.206098
vn 0.813216 -0.536411 0.225705
vn 0.758305 -0.387402 -0.524303
vn 0.844172 -0.526983 0.098297
vn 0.716588 -0.534691 -0.447892
vn 0.716588 -0.534691 -0.447892
vn -0.321604 -0.601707 0.731109
vn -0.150306 -0.073003 0.98594
vn -0.669694 -0.652294 0.354997
vn 0.5107 -0.516 0.687699
vn -0.150306 -0.073003 0.98594
vn -0.321604 -0.601707 0.731109
vn -0.321604 -0.601707 0.731109
vn -0.669694 -0.652294 0.354997
vn -0.506297 -0.860994 -0.0485
vn -0.103296 -0.957165 0.27049
vn -0.103296 -0.957165 0.27049
vn -0.863619 0.068201 0.499511
vn -0.863619 0.068201 0.499511
vn -0.150306 -0.073003 0.98594
vn -0.814246 0.434024 0.385522
vn -0.962608 -0.166101 -0.214002
vn -0.669694 -0.652294 0.354997
vn -0.863619 0.068201 0.499511
vn -0.814246 0.434024 0.385522
vn -0.962608 -0.166101 -0.214002
vn -0.863619 0.068201 0.499511
vn 0.056998 0.183995 0.981273
vn -0.814246 0.434024 0.385522
vn -0.150306 -0.073003 0.98594
vn -0.150306 -0.073003 0.98594
vn 0.5107 -0.516 0.687699
vn 0.056998 0.183995 0.981273
vn -0.506297 -0.860994 -0.0485
vn -0.581623 -0.52362 -0.622524
vn -0.581623 -0.52362 -0.622524
vn 0.070098 -0.851477 -0.519686
vn -0.581623 -0.52362 -0.622524
vn -0.962608 -0.166101 -0.214002
vn -0.845098 0.274099 -0.458999
vn -0.324799 -0.1357 -0.935997
vn -0.324799 -0.1357 -0.935997
vn 0.070098 -0.851477 -0.519686
vn -0.581623 -0.52362 -0.622524
vn -0.845098 0.274099 -0.458999
vn -0.797388 0.378894 -0.469693
vn 0.224198 0.517495 0.825793
vn -0.814246 0.434024 0.385522
vn -0.572298 0.796597 0.194699
vn -0.797388 0.378894 -0.469693
vn -0.572298 0.796597 0.194699
vn -0.797388 0.378894 -0.469693
vn -0.545203 -0.229401 -0.806305
vn 0.57938 -0.813572 0.049198
vn 0.57938 -0.813572 0.049198
vn 0.753619 -0.159704 0.637616
vn 0.056998 0.183995 0.981273
vn 0.5107 -0.516 0.687699
vn 0.57938 -0.813572 0.049198
vn 0.802221 0.038001 0.595816
vn 0.224198 0.517495 0.825793
vn 0.57938 -0.813572 0.049198
vn 0.891687 -0.439994 -0.106298
vn 0.891687 -0.439994 -0.106298
vn 0.370406 -0.446507 -0.814513
vn 0.776502 -0.614502 0.1394
vn 0.776502 -0.614502 0.1394
vn 0.278687 -0.708667 -0.64817
vn -0.545203 -0.229401 -0.806305
vn 0.316198 0 0.948693
vn 0.316198 0 0.948693
vn 0.316198 0 0.948693
vn -0.378399 0.915597 0.136
vn -0.797388 0.378894 -0.469693
vn -0.572298 0.796597 0.194699
vn -0.572298 0.796597 0.194699
vn 0.224198 0.517495 0.825793
vn -0.378399 0.915597 0.136
vn -0.797388 0.378894 -0.469693
vn -0.378399 0.915597 0.136
vn -0.971931 0.116304 -0.204507
vn -0.971931 0.116304 -0.204507
vn 0.316198 0 0.948693
vn 0.316198 0 0.948693
vn 0 0 -1
vn 0 0.112198 -0.993686
vn 0.316198 0 0.948693
vn 0.316198 0 0.948693
vn 0 0 -1
vn 0 0.112198 -0.993686
vn -0.334292 -0.082198 -0.938878
vn 0.464109 -0.272205 0.842916
vn 0.464109 -0.272205 0.842916
vn -0.733608 0.154802 -0.661707
vn -0.334292 -0.082198 -0.938878
vn 0.559197 -0.797295 -0.227199
vn 0.464109 -0.272205 0.842916
vn -0.334292 -0.082198 -0.938878
vn -0.733608 0.154802 -0.661707
vn 0.464109 -0.272205 0.842916
vn 0.559197 -0.797295 -0.227199
vn 0.577328 -0.169908 0.798639
vn 0.464109 -0.272205 0.842916
vn -0.733608 0.154802 -0.661707
vn 0.348715 0.655128 0.670228
vn -0.378399 0.915597 0.136
vn 0.224198 0.517495 0.825793
vn 0.802221 0.038001 0.595816
vn 0.348715 0.655128 0.670228
vn 0.224198 0.517495 0.825793
vn -0.861769 0.253391 0.439484
vn -0.085398 -0.018699 0.996171
vn -0.861769 0.253391 0.439484
vn -0.085398 -0.018699 0.996171
vn -0.784021 0.446312 0.431412
vn -0.861769 0.253391 0.439484
vn -0.861769 0.253391 0.439484
vn -0.784021 0.446312 0.431412
vn -0.942535 0.131805 -0.307011
vn -0.971931 0.116304 -0.204507
vn -0.0402 0.1146 0.992598
vn -0.784021 0.446312 0.431412
vn -0.0402 0.1146 0.992598
vn -0.83996 0.364083 0.402381
vn -0.784021 0.446312 0.431412
vn -0.83996 0.364083 0.402381
vn -0.942535 0.131805 -0.307011
vn -0.545203 -0.229401 -0.806305
vn 0.348715 0.655128 0.670228
vn 0.802221 0.038001 0.595816
vn 0.574512 -0.264105 0.774716
vn 0.574512 -0.264105 0.774716
vn -0.085398 -0.018699 0.996171
vn 0.348715 0.655128 0.670228
vn 0.574512 -0.264105 0.774716
vn 0.495893 -0.367495 0.786789
vn -0.0402 0.1146 0.992598
vn -0.085398 -0.018699 0.996171
vn 0.574512 -0.264105 0.774716
vn -0.2971 0.0951 0.950099
vn -0.0402 0.1146 0.992598
vn 0.495893 -0.367495 0.786789
vn -0.070999 -0.351497 0.933493
vn -0.070999 -0.351497 0.933493
vn -0.2971 0.0951 0.950099
vn -0.319495 0.327795 0.889086
vn -0.83996 0.364083 0.402381
vn -0.790607 0.464304 0.399203
vn -0.997187 -0.068199 -0.0311
vn -0.83996 0.364083 0.402381
vn -0.790607 0.464304 0.399203
vn -0.997187 -0.068199 -0.0311
vn -0.471319 -0.388816 0.791632
vn -0.96867 0.163895 0.186594
vn -0.178203 -0.919413 0.350605
vn -0.645937 -0.689039 -0.328619
vn -0.735506 0.273402 0.619905
vn -0.2334 0.346101 0.908702
vn 0.087301 0.567104 0.819006
vn -0.442373 -0.563666 -0.697558
vn 0.087301 0.567104 0.819006
vn -0.735506 0.273402 0.619905
vn 0.705958 -0.66446 -0.245185
vn -0.732208 0.175402 -0.658107
vn -0.442373 -0.563666 -0.697558
vn -0.735506 0.273402 0.619905
vn 0.603304 0.689305 0.401103
vn -0.732208 0.175402 -0.658107
vn -0.735506 0.273402 0.619905
vn -0.735506 0.273402 0.619905
vn 0.705958 -0.66446 -0.245185
vn 0.603304 0.689305 0.401103
vn 0.776502 -0.614502 0.1394
vn 0.594687 -0.793783 0.127497
vn 0.107504 -0.846132 -0.52202
vn 0.594687 -0.793783 0.127497
vn 0.776502 -0.614502 0.1394
vn 0.278687 -0.708667 -0.64817
vn -0.473682 0.736971 0.482181
vn -0.970391 0.0281 0.239898
vn -0.970391 0.0281 0.239898
vn -0.854681 -0.271194 -0.44269
vn 0.317402 -0.945607 -0.071301
vn -0.471319 -0.388816 0.791632
vn -0.77793 -0.035901 -0.627324
vn -0.2334 0.346101 0.908702
vn -0.471319 -0.388816 0.791632
vn 0.317402 -0.945607 -0.071301
vn 0.317402 -0.945607 -0.071301
vn -0.77793 -0.035901 -0.627324
vn 0.087301 0.567104 0.819006
vn 0.087301 0.567104 0.819006
vn -0.2334 0.346101 0.908702
vn 0.317402 -0.945607 -0.071301
vn -0.77793 -0.035901 -0.627324
vn -0.471319 -0.388816 0.791632
vn -0.645937 -0.689039 -0.328619
vn -0.645937 -0.689039 -0.328619
vn -0.471319 -0.388816 0.791632
vn -0.2334 0.346101 0.908702
vn -0.2334 0.346101 0.908702
vn -0.77793 -0.035901 -0.627324
vn -0.645937 -0.689039 -0.328619
vn 0.087301 0.567104 0.819006
vn -0.529903 -0.173101 0.830204
vn -0.518995 -0.0221 0.854492
vn -0.914248 -0.209611 0.346718
vn -0.914248 -0.209611 0.346718
vn -0.518995 -0.0221 0.854492
vn -0.404886 -0.106296 0.908168
vn -0.970391 0.0281 0.239898
vn -0.797099 -0.529599 -0.2901
vn -0.970391 0.0281 0.239898
vn -0.914248 -0.209611 0.346718
vn -0.983104 -0.1112 0.145401
vn -0.983104 -0.1112 0.145401
vn -0.525716 0.66552 0.529816
vn 0.246114 0.785345 0.568033
vn -0.525716 0.66552 0.529816
vn -0.473682 0.736971 0.482181
vn 0.236308 0.566119 0.789726
vn -0.525716 0.66552 0.529816
vn 0.246114 0.785345 0.568033
vn 0.096896 0.016299 0.995161
vn 0.0894 0.0845 0.992405
vn -0.404886 -0.106296 0.908168
vn -0.518995 -0.0221 0.854492
vn 0.162401 0.145701 0.975908
vn 0.162401 0.145701 0.975908
vn -0.529903 -0.173101 0.830204
vn 0.246114 0.785345 0.568033
vn 0.096896 0.016299 0.995161
vn -0.854681 -0.271194 -0.44269
vn -0.854681 -0.271194 -0.44269
vn -0.797099 -0.529599 -0.2901
vn -0.274586 -0.675966 -0.683866
vn 0.087301 0.567104 0.819006
vn -0.442373 -0.563666 -0.697558
vn 0.705958 -0.66446 -0.245185
vn -0.534717 -0.110104 0.837827
vn -0.983104 -0.1112 0.145401
vn -0.404886 -0.106296 0.908168
vn 0.1732 0.2147 0.9612
vn -0.404886 -0.106296 0.908168
vn 0.0894 0.0845 0.992405
vn 0.1732 0.2147 0.9612
vn -0.879549 -0.468226 -0.084605
vn -0.797099 -0.529599 -0.2901
vn -0.879549 -0.468226 -0.084605
vn -0.284307 -0.807319 -0.517112
vn -0.284307 -0.807319 -0.517112
vn -0.732208 0.175402 -0.658107
vn -0.395595 0.692491 -0.603292
vn -0.395595 0.692491 -0.603292
vn 0.705958 -0.66446 -0.245185
vn -0.395595 0.692491 -0.603292
vn 0.674603 -0.299701 -0.674603
vn 0.674603 -0.299701 -0.674603
vn -0.622091 -0.608891 0.492193
vn -0.534717 -0.110104 0.837827
vn -0.598081 -0.758876 0.257692
vn -0.879549 -0.468226 -0.084605
vn -0.598081 -0.758876 0.257692
vn -0.524899 -0.843099 0.1169
vn -0.524899 -0.843099 0.1169
vn -0.284307 -0.807319 -0.517112
vn -0.879549 -0.468226 -0.084605
vn -0.262996 -0.635889 0.725588
vn -0.262996 -0.635889 0.725588
vn -0.224493 -0.974368 0.0145
vn -0.262996 -0.635889 0.725588
vn 0.594687 -0.793783 0.127497
vn 0.107504 -0.846132 -0.52202
vn -0.070999 -0.351497 0.933493
vn -0.262996 -0.635889 0.725588
vn -0.262797 -0.678291 0.686191
vn -0.224493 -0.974368 0.0145
vn -0.080501 -0.104001 0.991314
vn -0.20069 -0.0023 0.979652
vn -0.080501 -0.104001 0.991314
vn -0.262797 -0.678291 0.686191
vn -0.622091 -0.608891 0.492193
vn -0.672224 -0.734227 0.095003
vn -0.224493 -0.974368 0.0145
vn -0.319495 0.327795 0.889086
vn -0.080501 -0.104001 0.991314
vn 0.112101 0.505004 0.855806
vn -0.067399 0.730586 0.679487
vn -0.790607 0.464304 0.399203
vn -0.20069 -0.0023 0.979652
vn -0.20069 -0.0023 0.979652
vn 0.1732 0.2147 0.9612
vn -0.534717 -0.110104 0.837827
vn -0.672224 -0.734227 0.095003
vn 0.205302 0.593107 0.778509
vn -0.036501 0.779919 0.624815
vn -0.587279 0.781372 0.211093
vn -0.790607 0.464304 0.399203
vn -0.067399 0.730586 0.679487
vn -0.036501 0.779919 0.624815
vn -0.545203 -0.229401 -0.806305
vn -0.607286 -0.361092 -0.707684
vn 0.107504 -0.846132 -0.52202
vn -0.607286 -0.361092 -0.707684
vn -0.828504 -0.559303 -0.0276
vn -0.828504 -0.559303 -0.0276
vn -0.264991 0.954166 -0.139095
vn 0.791429 0.072703 0.606922
vn 0.577328 -0.169908 0.798639
vn 0.791429 0.072703 0.606922
vn -0.264991 0.954166 -0.139095
vn 0.116297 -0.871675 -0.476086
vn 0.604419 -0.084003 0.792225
vn -0.264991 0.954166 -0.139095
vn 0.791429 0.072703 0.606922
vn 0.791429 0.072703 0.606922
vn 0.116297 -0.871675 -0.476086
vn 0.604419 -0.084003 0.792225
vn 0.487091 0.853684 -0.184297
vn 0.116297 -0.871675 -0.476086
vn -0.264991 0.954166 -0.139095
vn 0.487091 0.853684 -0.184297
vn -0.607286 -0.361092 -0.707684
vn -0.942535 0.131805 -0.307011
vn -0.997187 -0.068199 -0.0311
vn -0.997187 -0.068199 -0.0311
vn -0.997761 0.012999 0.065597
vn -0.828504 -0.559303 -0.0276
vn -0.828504 -0.559303 -0.0276
vn -0.997761 0.012999 0.065597
vn -0.858578 -0.511787 0.030299
vn -0.475494 -0.87629 0.077599
vn -0.224493 -0.974368 0.0145
vn 0.593597 -0.731997 -0.334399
vn 0.593597 -0.731997 -0.334399
vn -0.997187 -0.068199 -0.0311
vn -0.790607 0.464304 0.399203
vn -0.997761 0.012999 0.065597
vn -0.997761 0.012999 0.065597
vn -0.8254 -0.2781 -0.4913
vn -0.858578 -0.511787 0.030299
vn -0.997761 0.012999 0.065597
vn -0.872549 0.393077 -0.290083
vn -0.872549 0.393077 -0.290083
vn -0.858578 -0.511787 0.030299
vn -0.8254 -0.2781 -0.4913
vn -0.475494 -0.87629 0.077599
vn -0.800874 -0.165595 -0.575481
vn -0.480791 -0.757986 -0.440792
vn -0.800874 -0.165595 -0.575481
vn -0.480791 -0.757986 -0.440792
vn -0.8254 -0.2781 -0.4913
vn -0.985182 -0.156797 0.069499
vn -0.800874 -0.165595 -0.575481
vn -0.872549 0.393077 -0.290083
vn -0.985182 -0.156797 0.069499
vn -0.497289 -0.86728 -0.022999
vn -0.497289 -0.86728 -0.022999
vn -0.695917 -0.629816 -0.345009
vn -0.475494 -0.87629 0.077599
vn -0.672224 -0.734227 0.095003
vn -0.695917 -0.629816 -0.345009
vn -0.516178 -0.851264 -0.094396
vn -0.605735 -0.789545 -0.098506
vn -0.028099 -0.976454 -0.21389
vn -0.605735 -0.789545 -0.098506
vn -0.497289 -0.86728 -0.022999
vn -0.516178 -0.851264 -0.094396
vn -0.028099 -0.976454 -0.21389
vn -0.497289 -0.86728 -0.022999
vn -0.764205 -0.389603 -0.514004
vn -0.764205 -0.389603 -0.514004
vn -0.64913 -0.726233 -0.22631
vn -0.985182 -0.156797 0.069499
vn -0.64913 -0.726233 -0.22631
vn -0.800874 -0.165595 -0.575481
vn -0.466587 -0.884475 0.0002
vn -0.64913 -0.726233 -0.22631
vn -0.707227 -0.544521 0.450917
vn -0.350497 -0.683595 -0.640195
vn -0.64913 -0.726233 -0.22631
vn -0.466587 -0.884475 0.0002
vn -0.466587 -0.884475 0.0002
vn -0.707227 -0.544521 0.450917
vn -0.1394 -0.896801 -0.4199
vn -0.744096 -0.637496 -0.199799
vn -0.764205 -0.389603 -0.514004
vn -0.64913 -0.726233 -0.22631
vn -0.350497 -0.683595 -0.640195
vn -0.545171 -0.437577 -0.715063
vn -0.554009 -0.129902 -0.822313
vn -0.985182 -0.156797 0.069499
vn -0.707227 -0.544521 0.450917
vn -0.64913 -0.726233 -0.22631
vn 0.144403 0.097302 0.984723
vn -0.100005 0.549725 0.829338
vn 0 0.6 0.8
vn -0.805471 0.0136 -0.592479
vn 0.144403 0.097302 0.984723
vn -0.100005 0.549725 0.829338
vn 0.715286 0.113298 0.689587
vn 0.715286 0.113298 0.689587
vn -0.805471 0.0136 -0.592479
vn -0.100005 0.549725 0.829338
vn 0.144403 0.097302 0.984723
vn -0.805471 0.0136 -0.592479
vn 0.715286 0.113298 0.689587
vn -0.999703 0.0081 0.023
vn 0.401888 -0.284491 0.870374
vn 0.715286 0.113298 0.689587
vn -0.805471 0.0136 -0.592479
vn -0.999703 0.0081 0.023
vn 0.401888 -0.284491 0.870374
vn -0.999703 0.0081 0.023
vn 0.715286 0.113298 0.689587
vn 0.238001 -0.882704 0.405202
vn 0.44571 -0.719416 -0.532712
vn 0.401888 -0.284491 0.870374
vn -0.999703 0.0081 0.023
vn -0.999703 0.0081 0.023
vn 0.238001 -0.882704 0.405202
vn 0.44571 -0.719416 -0.532712
vn 0.44571 -0.719416 -0.532712
vn 0.238001 -0.882704 0.405202
vn 0.401888 -0.284491 0.870374
vn -0.263792 -0.796075 -0.544683
vn 0.78527 0.201992 0.585278
vn 0.238001 -0.882704 0.405202
vn 0.238001 -0.882704 0.405202
vn 0.78527 0.201992 0.585278
vn -0.702106 0.454804 0.547905
vn -0.702106 0.454804 0.547905
vn -0.263792 -0.796075 -0.544683
vn 0.238001 -0.882704 0.405202
vn 0.78527 0.201992 0.585278
vn -0.263792 -0.796075 -0.544683
vn 0.881232 0.148605 0.448716
vn 0.881232 0.148605 0.448716
vn -0.675961 0.735857 -0.039898
vn -0.138103 -0.877422 -0.459411
vn -0.138103 -0.877422 -0.459411
vn 0.881232 0.148605 0.448716
vn -0.263792 -0.796075 -0.544683
vn 0.881232 0.148605 0.448716
vn -0.675961 0.735857 -0.039898
vn -0.702106 0.454804 0.547905
vn -0.675961 0.735857 -0.039898
vn 0.881232 0.148605 0.448716
vn 0.868034 0.373515 -0.327113
vn -0.368593 0.762386 -0.53189
vn -0.368593 0.762386 -0.53189
vn 0.868034 0.373515 -0.327113
vn -0.138103 -0.877422 -0.459411
vn -0.368593 0.762386 -0.53189
vn 0.407628 -0.73235 -0.545438
vn -0.138103 -0.877422 -0.459411
vn 0.407628 -0.73235 -0.545438
vn 0.868034 0.373515 -0.327113
vn -0.49968 -0.170493 0.849266
vn -0.707227 -0.544521 0.450917
vn -0.985182 -0.156797 0.069499
vn -0.448401 0.1555 0.880202
vn -0.563888 0.248795 0.787484
vn -0.563888 0.248795 0.787484
vn -0.126096 0.200393 0.971567
vn -0.126096 0.200393 0.971567
vn -0.126096 0.200393 0.971567
vn -0.093502 -0.122802 0.988017
vn -0.49968 -0.170493 0.849266
vn -0.093502 -0.122802 0.988017
vn 0.475204 0.633805 0.610305
vn -0.126096 0.200393 0.971567
vn 0.685325 0.456717 0.567221
vn 0.489577 0.112595 0.86466
vn 0.343311 0.354311 0.869828
vn -0.448401 0.1555 0.880202
vn -0.093502 -0.122802 0.988017
vn 0.463602 0.0085 0.886003
vn 0.463602 0.0085 0.886003
vn 0.489577 0.112595 0.86466
vn 0.249098 0.518496 0.817993
vn -0.456599 0.2744 0.846299
vn 0.85317 0.182993 0.488483
vn 0.246114 0.785345 0.568033
vn 0.236308 0.566119 0.789726
vn -0.945939 -0.073903 0.315813
vn -0.872895 0.218199 0.436398
vn -0.859858 0.21059 0.465077
vn -0.762603 0.191401 -0.617902
vn -0.444919 -0.720932 -0.531323
vn -0.859858 0.21059 0.465077
vn -0.945939 -0.073903 0.315813
vn -0.762603 0.191401 -0.617902
vn 0.267501 -0.0728 -0.960803
vn 0.070003 0.697225 0.713426
vn -0.833605 -0.524503 -0.173201
vn 0.599999 0.2824 -0.748499
vn 0.070003 0.697225 0.713426
vn 0.267501 -0.0728 -0.960803
vn 0.267501 -0.0728 -0.960803
vn 0.070003 0.697225 0.713426
vn -0.444919 -0.720932 -0.531323
vn -0.217992 -0.703273 -0.676674
vn 0.070003 0.697225 0.713426
vn 0.267501 -0.0728 -0.960803
vn 0.267501 -0.0728 -0.960803
vn -0.833605 -0.524503 -0.173201
vn 0.599999 0.2824 -0.748499
vn -0.217992 -0.703273 -0.676674
vn -0.97877 -0.184194 0.089897
vn -0.97877 -0.184194 0.089897
vn -0.444919 -0.720932 -0.531323
vn -0.97877 -0.184194 0.089897
vn -0.320985 -0.933456 0.160092
vn -0.833605 -0.524503 -0.173201
vn -0.97877 -0.184194 0.089897
vn 0.126205 0.26971 -0.954635
vn -0.862964 0.368785 -0.345386
vn -0.97877 -0.184194 0.089897
vn -0.862964 0.368785 -0.345386
vn -0.320985 -0.933456 0.160092
vn 0.126205 0.26971 -0.954635
vn -0.97877 -0.184194 0.089897
vn -0.444919 -0.720932 -0.531323
vn -0.762603 0.191401 -0.617902
vn -0.859858 0.21059 0.465077
vn -0.217992 -0.703273 -0.676674
vn 0.8293 0.3244 0.455
vn 0.096896 0.016299 0.995161
vn 0.246114 0.785345 0.568033
vn 0.8293 0.3244 0.455
vn 0.096896 0.016299 0.995161
vn 0.8293 0.3244 0.455
vn 0.611444 -0.269019 0.744154
vn 0.096896 0.016299 0.995161
vn 0.611444 -0.269019 0.744154
vn 0.753424 -0.095103 0.650621
vn 0.162401 0.145701 0.975908
vn 0.977394 0.0175 -0.210699
vn 0.977394 0.0175 -0.210699
vn 0.977394 0.0175 -0.210699
vn 0.611444 -0.269019 0.744154
vn 0.8293 0.3244 0.455
vn 0.86768 -0.493089 0.063199
vn 0.727131 -0.674629 0.127105
vn 0.727131 -0.674629 0.127105
vn 0.753424 -0.095103 0.650621
vn 0.86768 -0.493089 0.063199
vn 0.684396 -0.271698 0.676596
vn 0.684396 -0.271698 0.676596
vn 0.753424 -0.095103 0.650621
vn 0.977394 0.0175 -0.210699
vn 0.266295 -0.952984 -0.144598
vn 0.727131 -0.674629 0.127105
vn 0.476782 -0.27539 -0.834769
vn 0.444595 -0.83399 -0.326796
vn 0.266295 -0.952984 -0.144598
vn 0.86768 -0.493089 0.063199
vn 0.444595 -0.83399 -0.326796
vn 0.601405 -0.614405 0.510704
vn 0.833091 -0.509895 0.214398
vn 0.833091 -0.509895 0.214398
vn -0.862964 0.368785 -0.345386
vn 0.126205 0.26971 -0.954635
vn -0.320985 -0.933456 0.160092
vn -0.274586 -0.675966 -0.683866
vn 0.444595 -0.83399 -0.326796
vn -0.524899 -0.843099 0.1169
vn -0.284307 -0.807319 -0.517112
vn 0.261388 -0.20709 0.942757
vn 0.601405 -0.614405 0.510704
vn 0.684396 -0.271698 0.676596
vn 0.833091 -0.509895 0.214398
vn 0.752516 -0.073902 0.654414
vn 0.0894 0.0845 0.992405
vn 0.571809 -0.337805 0.747611
vn 0.601405 -0.614405 0.510704
vn 0.261388 -0.20709 0.942757
vn 0.861219 -0.207805 0.46381
vn 0.571809 -0.337805 0.747611
vn 0.601405 -0.614405 0.510704
vn 0.861219 -0.207805 0.46381
vn 0.685325 0.456717 0.567221
vn 0.752516 -0.073902 0.654414
vn 0.905717 0.277405 0.320506
vn 0.872474 -0.260892 0.413188
vn 0.872474 -0.260892 0.413188
vn 0.1732 0.2147 0.9612
vn 0.752516 -0.073902 0.654414
vn 0.84761 0.449605 0.281803
vn 0.475204 0.633805 0.610305
vn 0.473302 -0.838404 0.270301
vn 0.709073 -0.703573 -0.046898
vn 0.092199 -0.984194 0.151199
vn 0.881545 -0.323417 0.343918
vn 0.877455 -0.39068 0.278286
vn 0.952781 0.199996 0.228495
vn 0.877455 -0.39068 0.278286
vn 0.088297 -0.723671 0.684473
vn 0.519213 -0.663317 0.538914
vn -0.3219 -0.864201 0.3867
vn 0.092199 -0.984194 0.151199
vn -0.516178 -0.851264 -0.094396
vn -0.688232 -0.702932 -0.179508
vn -0.3219 -0.864201 0.3867
vn -0.516178 -0.851264 -0.094396
vn -0.378698 -0.756497 -0.533198
vn -0.688232 -0.702932 -0.179508
vn -0.516178 -0.851264 -0.094396
vn -0.378698 -0.756497 -0.533198
vn -0.3219 -0.864201 0.3867
vn -0.170003 -0.820015 -0.54651
vn 0.260096 -0.600691 -0.755989
vn 0.295201 -0.683201 -0.667901
vn 0.9214 -0.3845 0.0564
vn 0.844172 -0.526983 0.098297
vn 0.767995 -0.404198 -0.496797
vn 0.767995 -0.404198 -0.496797
vn 0.9214 -0.3845 0.0564
vn 0.983048 0.179109 -0.039202
vn 0.904984 0.409693 -0.114698
vn -0.560704 -0.638405 -0.527304
vn -0.310906 -0.726414 -0.612912
vn -0.277882 -0.62516 -0.729353
vn 0.37039 0.525586 0.765879
vn 0.276904 0.476706 0.834311
vn 0.267297 0.534494 0.801791
vn 0.9214 -0.3845 0.0564
vn 0.844172 -0.526983 0.098297
vn 0.767995 -0.404198 -0.496797
vn 0.770771 0.061098 -0.634176
vn 0.767995 -0.404198 -0.496797
vn 0.260096 -0.600691 -0.755989
vn 0.770771 0.061098 -0.634176
vn -0.310906 -0.726414 -0.612912
vn -0.0475 0.018 0.998709
vn 0.152401 0.979903 0.1287
vn 0.266906 0.237806 0.933922
vn -0.560704 -0.638405 -0.527304
vn -0.310906 -0.726414 -0.612912
vn -0.310906 -0.726414 -0.612912
vn -0.560704 -0.638405 -0.527304
vn 0.685623 0.116804 -0.718525
vn 0.685623 0.116804 -0.718525
vn 0.266906 0.237806 0.933922
vn -0.310906 -0.726414 -0.612912
vn 0.152401 0.979903 0.1287
vn -0.0475 0.018 0.998709
vn 0.276904 0.476706 0.834311
vn -0.0475 0.018 0.998709
vn 0.37039 0.525586 0.765879
vn -0.0475 0.018 0.998709
vn 0.152401 0.979903 0.1287
vn 0.37039 0.525586 0.765879
vn 0.266906 0.237806 0.933922
vn -0.592099 -0.795699 -0.1276
vn -0.560704 -0.638405 -0.527304
vn -0.560704 -0.638405 -0.527304
vn -0.592099 -0.795699 -0.1276
vn 0.685623 0.116804 -0.718525
vn 0.64988 0.33489 -0.682279
vn 0.84761 0.449605 0.281803
vn 0.489577 0.112595 0.86466
vn 0.475204 0.633805 0.610305
vn 0.808936 -0.274412 0.519923
vn 0.463602 0.0085 0.886003
vn 0.808936 -0.274412 0.519923
vn 0.853881 0.280694 0.43829
vn 0.343311 0.354311 0.869828
vn 0.878608 -0.100701 0.466805
vn 0.878608 -0.100701 0.466805
vn 0.996813 -0.076501 0.0226
vn 0.904984 0.409693 -0.114698
vn 0.935193 -0.341297 0.094499
vn 0.996813 -0.076501 0.0226
vn -0.223496 -0.635687 0.738885
vn -0.64999 0.620391 0.438894
vn -0.698704 -0.656104 0.285202
vn -0.698704 -0.656104 0.285202
vn -0.310216 0.493826 -0.812343
vn -0.223496 -0.635687 0.738885
vn 0.400093 0.645189 0.650889
vn -0.310216 0.493826 -0.812343
vn -0.64999 0.620391 0.438894
vn -0.64999 0.620391 0.438894
vn -0.223496 -0.635687 0.738885
vn 0.400093 0.645189 0.650889
vn -0.592099 -0.795699 -0.1276
vn 0.599713 0.514711 -0.612713
vn 0.599713 0.514711 -0.612713
vn -0.310216 0.493826 -0.812343
vn 0.935193 -0.341297 0.094499
vn 0.764598 -0.0802 -0.639498
vn 0.64988 0.33489 -0.682279
vn 0.777273 -0.507783 -0.371487
vn 0.935193 -0.341297 0.094499
vn 0.996813 -0.076501 0.0226
vn 0.996813 -0.076501 0.0226
vn 0.764598 -0.0802 -0.639498
vn 0.777273 -0.507783 -0.371487
vn 0.987684 0.063499 -0.142998
vn 0.249098 0.518496 0.817993
vn 0.776372 0.521681 0.353687
vn -0.592099 -0.795699 -0.1276
vn 0.400093 0.645189 0.650889
vn -0.223496 -0.635687 0.738885
vn 0.400093 0.645189 0.650889
vn 0.400093 0.645189 0.650889
vn 0.599713 0.514711 -0.612713
vn 0.987684 0.063499 -0.142998
vn -0.285613 -0.592126 0.753533
vn -0.083698 0.266194 0.960279
vn 0.002 -0.299982 0.953943
vn 0.265992 -0.741578 0.615882
vn -0.083698 0.266194 0.960279
vn -0.285613 -0.592126 0.753533
vn 0 -0.307093 0.951679
vn 0 -0.307093 0.951679
vn 0.554696 -0.324198 0.766295
vn 0.633621 0.087103 0.768725
vn 0.002 -0.299982 0.953943
vn -0.083698 0.266194 0.960279
vn 0.633621 0.087103 0.768725
vn 0.002 -0.299982 0.953943
vn -0.280295 -0.52689 0.802385
vn -0.165803 0.185703 0.968516
vn 0.543801 -0.446301 0.710701
vn -0.280295 -0.52689 0.802385
vn 0.002 -0.299982 0.953943
vn -0.0027 0.065802 0.997829
vn 0.543801 -0.446301 0.710701
vn 0.368291 -0.681784 0.632085
vn -0.165803 0.185703 0.968516
vn -0.280295 -0.52689 0.802385
vn 0.543801 -0.446301 0.710701
vn 0.368291 -0.681784 0.632085
vn -0.280295 -0.52689 0.802385
vn -0.0027 0.065802 0.997829
vn -0.165803 0.185703 0.968516
vn -0.186493 0.114496 0.975762
vn -0.0027 0.065802 0.997829
vn -0.186493 0.114496 0.975762
vn 0 0.168906 0.985632
vn 0.436205 -0.086201 0.895709
vn 0.436205 -0.086201 0.895709
vn 0.223506 -0.281308 0.933226
vn -0.186493 0.114496 0.975762
vn 0.223506 -0.281308 0.933226
vn -0.230608 -0.188907 0.954533
vn -0.230608 -0.188907 0.954533
vn -0.093299 0.279197 0.95569
vn 0.368291 -0.681784 0.632085
vn 0.543801 -0.446301 0.710701
vn 0.436205 -0.086201 0.895709
vn 0.265992 -0.741578 0.615882
vn 0.554696 -0.324198 0.766295
vn 0.633621 0.087103 0.768725
vn 0.543801 -0.446301 0.710701
vn 0.543801 -0.446301 0.710701
vn 0.590903 -0.570803 0.570103
vn 0.436205 -0.086201 0.895709
vn 0.632398 -0.447799 0.632098
vn 0.590903 -0.570803 0.570103
vn 0.121202 -0.354107 0.927318
vn 0.590903 -0.570803 0.570103
vn -0.093299 0.279197 0.95569
vn -0.230608 -0.188907 0.954533
vn 0.121202 -0.354107 0.927318
vn 0.278297 0.321497 0.905091
vn 0.463117 -0.443716 0.767228
vn 0.463117 -0.443716 0.767228
vn -0.529194 0.457195 0.714792
vn 0 0.168906 0.985632
vn -0.529194 0.457195 0.714792
vn -0.016499 0.63798 0.769876
vn -0.327905 0.71461 0.617909
vn -0.529194 0.457195 0.714792
vn 0.064699 0.478892 0.875486
vn -0.327905 0.71461 0.617909
vn -0.016499 0.63798 0.769876
vn 0.064699 0.478892 0.875486
vn 0.0063 -0.162303 0.986721
vn -0.023799 0.762567 0.646472
vn 0.0457 0.772395 0.633496
vn 0.417298 0.0223 0.908496
vn 0.0457 0.772395 0.633496
vn -0.023799 0.762567 0.646472
vn 0.313683 0.765958 0.561169
vn 0.759396 -0.270798 0.591597
vn 0.594809 0.366006 0.715711
vn -0.112901 0.726803 0.677503
vn -0.112901 0.726803 0.677503
vn 0.850193 -0.393197 0.350097
vn 0.78333 -0.564522 0.26021
vn 0.794804 -0.604703 0.0512
vn 0.78333 -0.564522 0.26021
vn 0.850193 -0.393197 0.350097
vn 0.850193 -0.393197 0.350097
vn 0.848351 -0.529369 -0.0083
vn 0.794804 -0.604703 0.0512
vn 0.759396 -0.270798 0.591597
vn 0.876383 -0.383992 0.290694
vn 0.590903 -0.570803 0.570103
vn 0.632398 -0.447799 0.632098
vn 0.802284 -0.49449 0.334394
vn 0.802284 -0.49449 0.334394
vn 0.898217 -0.156603 0.410708
vn 0.594809 0.366006 0.715711
vn 0.759396 -0.270798 0.591597
vn 0.868457 -0.426179 0.253287
vn 0.314893 0.162696 0.935079
vn 0.594809 0.366006 0.715711
vn 0.314893 0.162696 0.935079
vn -0.112901 0.726803 0.677503
vn -0.112901 0.726803 0.677503
vn 0.313683 0.765958 0.561169
vn 0.594809 0.366006 0.715711
vn 0.903631 -0.422114 0.072602
vn 0.980206 -0.185001 0.0705
vn 0.142801 -0.452204 0.880408
vn 0.774195 -0.602996 -0.192399
vn 0.774195 -0.602996 -0.192399
vn 0.7193 -0.6829 -0.1275
vn 0.794804 -0.604703 0.0512
vn 0.774195 -0.602996 -0.192399
vn 0.7193 -0.6829 -0.1275
vn -0.749377 -0.560082 0.353189
vn -0.456672 -0.861546 0.221786
vn -0.0876 -0.409498 0.908096
vn 0.039901 -0.678819 0.733221
vn -0.257712 -0.012201 0.966145
vn -0.749377 -0.560082 0.353189
vn -0.0876 -0.409498 0.908096
vn 0.39162 0.328617 0.859444
vn 0.557138 -0.054104 0.828656
vn 0.557138 -0.054104 0.828656
vn -0.456672 -0.861546 0.221786
vn -0.749377 -0.560082 0.353189
vn -0.888429 -0.453615 -0.070202
vn -0.701993 -0.709793 -0.058299
vn -0.788787 -0.320995 0.524192
vn -0.701993 -0.709793 -0.058299
vn -0.788787 -0.320995 0.524192
vn -0.456672 -0.861546 0.221786
vn -0.886863 -0.140094 0.440282
vn -0.886863 -0.140094 0.440282
vn 0.979119 -0.175203 -0.103102
vn 0.899059 -0.384183 -0.20999
vn 0.138299 -0.99039 -0.0009
vn 0.138299 -0.99039 -0.0009
vn 0.151404 -0.984724 -0.086002
vn -0.907827 -0.416912 -0.045101
vn 0.366621 -0.358921 0.85835
vn 0.314893 0.162696 0.935079
vn 0.366621 -0.358921 0.85835
vn -0.124405 -0.059602 0.99044
vn 0.314893 0.162696 0.935079
vn -0.124405 -0.059602 0.99044
vn -0.300102 0.670704 0.678304
vn -0.112901 0.726803 0.677503
vn 0.142801 -0.452204 0.880408
vn 0.142801 -0.452204 0.880408
vn 0.366621 -0.358921 0.85835
vn 0.366621 -0.358921 0.85835
vn -0.257712 -0.012201 0.966145
vn 0.271498 -0.146699 0.951193
vn 0.300795 -0.491992 0.816986
vn 0.271498 -0.146699 0.951193
vn 0.39162 0.328617 0.859444
vn 0.175 0.637399 0.750399
vn -0.300102 0.670704 0.678304
vn -0.124405 -0.059602 0.99044
vn 0.410999 0.0391 0.910797
vn 0.410999 0.0391 0.910797
vn 0.151404 -0.984724 -0.086002
vn 0.453191 -0.210996 0.866082
vn 0.0054 -0.089804 0.995945
vn 0.0078 -0.812423 0.583016
vn 0.349793 -0.807483 0.47499
vn 0.349793 -0.807483 0.47499
vn 0.453191 -0.210996 0.866082
vn 0.416898 -0.0102 0.908896
vn 0.775741 0.030102 0.630333
vn 0.416898 -0.0102 0.908896
vn 0.453191 -0.210996 0.866082
vn 0.80191 -0.239803 0.547207
vn 0.80191 -0.239803 0.547207
vn 0.401624 0.131908 0.906255
vn 0 0.136296 0.990668
vn 0 -0.092997 0.995666
vn 0 -0.092997 0.995666
vn 0.416898 -0.0102 0.908896
vn 0.401624 0.131908 0.906255
vn 0.398986 0.266191 0.877469
vn 0.401624 0.131908 0.906255
vn 0.356509 -0.066502 0.931922
vn 0.0062 -0.192399 0.981297
vn 0.356509 -0.066502 0.931922
vn 0.513377 -0.457779 0.725867
vn 0.0049 -0.605005 0.796207
vn 0.398986 0.266191 0.877469
vn -0.974833 -0.177106 0.135405
vn 0.398986 0.266191 0.877469
vn 0.398986 0.266191 0.877469
vn 0.655025 0.475018 0.587622
vn 0.401624 0.131908 0.906255
vn 0.652623 -0.115504 0.748827
vn 0.356509 -0.066502 0.931922
vn 0.398986 0.266191 0.877469
vn 0.655025 0.475018 0.587622
vn -0.974833 -0.177106 0.135405
vn 0 0.030501 -0.999535
vn 0.398986 0.266191 0.877469
vn 0.1003 0.9795 0.1747
vn 0.398986 0.266191 0.877469
vn -0.974833 -0.177106 0.135405
vn 0.498264 -0.750545 0.434068
vn 0.1003 0.9795 0.1747
vn 0.498264 -0.750545 0.434068
vn 0.762529 -0.140905 0.631424
vn 0.652623 -0.115504 0.748827
vn 0.0133 -0.736503 0.676303
vn 0.469186 -0.67988 0.563584
vn 0.588312 -0.054201 0.806816
vn 0.0049 -0.605005 0.796207
vn 0.023199 -0.115197 0.993072
vn 0.884692 -0.386197 0.261098
vn 0.588312 -0.054201 0.806816
vn 0.469186 -0.67988 0.563584
vn 0.469186 -0.67988 0.563584
vn 0.0049 -0.605005 0.796207
vn 0.513377 -0.457779 0.725867
vn 0.469186 -0.67988 0.563584
vn 0.513377 -0.457779 0.725867
vn 0.884692 -0.386197 0.261098
vn 0.023199 -0.115197 0.993072
vn 0.588312 -0.054201 0.806816
vn 0.596585 0.37739 0.708282
vn 0.927424 0.143204 0.345509
vn 0.629212 -0.50501 0.590811
vn 0.596585 0.37739 0.708282
vn 0.762529 -0.140905 0.631424
vn 0.412804 -0.231502 0.880908
vn 0.762529 -0.140905 0.631424
vn 0.927424 0.143204 0.345509
vn 0.412804 -0.231502 0.880908
vn 0.800205 0.351802 0.485703
vn 0.800205 0.351802 0.485703
vn 0.87202 -0.481011 -0.090602
vn 0.574603 -0.790605 0.211601
vn 0.574603 -0.790605 0.211601
vn 0.578304 -0.731305 0.361603
vn 0.0004 -0.841091 0.540894
vn 0.0063 -0.162303 0.986721
vn 0.417298 0.0223 0.908496
vn 0.578304 -0.731305 0.361603
vn 0.718702 -0.693802 -0.0459
vn 0.574603 -0.790605 0.211601
vn 0.578304 -0.731305 0.361603
vn 0.838664 -0.340386 0.425182
vn 0.578304 -0.731305 0.361603
vn 0.417298 0.0223 0.908496
vn 0.838664 -0.340386 0.425182
vn 0.574603 -0.790605 0.211601
vn 0.946973 -0.229194 0.225194
vn 0.910595 -0.0011 0.413298
vn 0.718702 -0.693802 -0.0459
vn 0.9705 -0.1441 0.1933
vn 0.826143 -0.561429 -0.047802
vn 0.826143 -0.561429 -0.047802
vn 0.342899 -0.422099 0.839198
vn 0.412804 -0.231502 0.880908
vn -0.1142 -0.471201 0.874602
vn 0.800205 0.351802 0.485703
vn 0.412804 -0.231502 0.880908
vn 0.412804 -0.231502 0.880908
vn 0.342899 -0.422099 0.839198
vn -0.1142 -0.471201 0.874602
vn 0.088397 0.241492 0.966368
vn 0.227209 0.302912 0.925538
vn 0.800205 0.351802 0.485703
vn 0.799275 -0.408387 0.440886
vn 0.088397 0.241492 0.966368
vn 0.799275 -0.408387 0.440886
vn 0.085401 0.0408 0.995511
vn 0.227209 0.302912 0.925538
vn 0.085401 0.0408 0.995511
vn -0.023101 -0.064603 0.997644
vn -0.023101 -0.064603 0.997644
vn -0.974833 -0.177106 0.135405
vn 0.1003 0.9795 0.1747
vn 0.780122 -0.090703 0.619017
vn 0.780122 -0.090703 0.619017
vn 0.655025 0.475018 0.587622
vn 0.780122 -0.090703 0.619017
vn 0.652623 -0.115504 0.748827
vn 0.853036 -0.100304 0.512122
vn 0.853036 -0.100304 0.512122
vn 0.843642 -0.345917 0.410621
vn 0.652623 -0.115504 0.748827
vn 0.971393 -0.210098 0.110699
vn 0.342899 -0.422099 0.839198
vn 0.483001 -0.497001 0.720902
vn 0.843642 -0.345917 0.410621
vn 0.351404 0.280203 0.893309
vn -0.1142 -0.471201 0.874602
vn 0.351404 0.280203 0.893309
vn 0.0172 -0.589606 0.807508
vn 0.085401 0.0408 0.995511
vn 0.642579 -0.191994 0.741776
vn -0.023101 -0.064603 0.997644
vn 0.041801 -0.256205 0.965718
vn 0.0172 -0.589606 0.807508
vn 0.642579 -0.191994 0.741776
vn -0.0264 -0.082901 0.996208
vn 0.0172 -0.589606 0.807508
vn 0.041801 -0.256205 0.965718
vn -0.023101 -0.064603 0.997644
vn 0.287605 0.499608 0.817114
vn 0.53709 0.459191 0.707586
vn 0.351404 0.280203 0.893309
vn 0.483001 -0.497001 0.720902
vn 0.889138 -0.311013 0.335714
vn 0.669103 0.351102 0.655003
vn 0.669103 0.351102 0.655003
vn 0.53709 0.459191 0.707586
vn 0.642579 -0.191994 0.741776
vn 0.287605 0.499608 0.817114
vn 0.617414 -0.251006 0.745517
vn 0.779328 0.059102 0.623823
vn 0.779328 0.059102 0.623823
vn 0.617414 -0.251006 0.745517
vn 0.889138 -0.311013 0.335714
vn 0.993466 -0.030799 0.109896
vn 0.984683 0.046299 0.168097
vn 0.984683 0.046299 0.168097
vn 0.973181 -0.116098 0.198596
vn 0.959752 -0.237113 -0.150508
vn 0.967273 -0.081198 0.240393
vn -0.220793 0.219193 0.950371
vn 0.596585 0.37739 0.708282
vn 0.629212 -0.50501 0.590811
vn -0.220793 0.219193 0.950371
vn -0.295805 -0.315005 0.901815
vn -0.305793 0.417491 0.855682
vn -0.384709 0.295907 0.874321
vn 0.205898 -0.643892 0.736891
vn -0.305793 0.417491 0.855682
vn -0.295805 -0.315005 0.901815
vn -0.220793 0.219193 0.950371
vn 0.629212 -0.50501 0.590811
vn -0.295805 -0.315005 0.901815
vn 0.629212 -0.50501 0.590811
vn 0.205898 -0.643892 0.736891
vn -0.121396 0.60958 0.783374
vn -0.384709 0.295907 0.874321
vn -0.305793 0.417491 0.855682
vn 0.469673 -0.295683 0.831853
vn 0.134406 0.569627 0.810839
vn -0.121396 0.60958 0.783374
vn 0.244896 -0.963683 -0.106498
vn 0.87202 -0.481011 -0.090602
vn 0.244896 -0.963683 -0.106498
vn 0.629212 -0.50501 0.590811
vn -0.384709 0.295907 0.874321
vn 0.44091 -0.89252 0.094902
vn 0.469673 -0.295683 0.831853
vn 0.244896 -0.963683 -0.106498
vn 0.87202 -0.481011 -0.090602
vn 0.055699 -0.944486 0.323795
vn 0.287094 -0.837084 0.465691
vn 0.44091 -0.89252 0.094902
vn 0.799275 -0.408387 0.440886
vn 0.044001 0.691313 0.721214
vn 0.215292 0.659874 0.719872
vn 0.475879 -0.797765 0.370284
vn 0.760212 -0.085601 0.64401
vn 0.760212 -0.085601 0.64401
vn 0.44091 -0.89252 0.094902
vn 0.287094 -0.837084 0.465691
vn 0.404895 -0.81869 0.407195
vn 0.475879 -0.797765 0.370284
vn 0.287094 -0.837084 0.465691
vn 0.055699 -0.944486 0.323795
vn 0.617414 -0.251006 0.745517
vn 0.287094 -0.837084 0.465691
vn 0.041801 -0.256205 0.965718
vn -0.412899 -0.352499 0.839797
vn 0.287094 -0.837084 0.465691
vn 0.617414 -0.251006 0.745517
vn 0.404895 -0.81869 0.407195
vn 0.267495 -0.879685 0.393193
vn 0.404895 -0.81869 0.407195
vn 0.547575 0.664769 0.508177
vn 0.982505 0.171501 -0.0726
vn 0.547575 0.664769 0.508177
vn 0.760212 -0.085601 0.64401
vn 0.844098 -0.461899 0.272299
vn 0.844098 -0.461899 0.272299
vn 0.631204 0.646504 0.428503
vn -0.613483 0.414988 0.671881
vn 0.0518 -0.970904 -0.233801
vn 0.846601 -0.1097 0.5208
vn -0.459814 0.195506 -0.866227
vn 0.0518 -0.970904 -0.233801
vn -0.613483 0.414988 0.671881
vn -0.613483 0.414988 0.671881
vn 0.846601 -0.1097 0.5208
vn -0.459814 0.195506 -0.866227
vn 0.176594 0.655479 -0.734276
vn -0.459814 0.195506 -0.866227
vn -0.613483 0.414988 0.671881
vn -0.613483 0.414988 0.671881
vn -0.459814 0.195506 -0.866227
vn -0.972945 0.22631 -0.046502
vn 0.176594 0.655479 -0.734276
vn 0.982505 0.171501 -0.0726
vn 0.631204 0.646504 0.428503
vn 0.547575 0.664769 0.508177
vn 0.200603 -0.343405 0.917514
vn 0.799275 -0.408387 0.440886
vn 0.200603 -0.343405 0.917514
vn 0.055699 -0.944486 0.323795
vn 0.200603 -0.343405 0.917514
vn 0.615896 -0.215799 0.757696
vn 0.402797 -0.750594 0.523796
vn 0.404895 -0.81869 0.407195
vn 0.93461 -0.177002 0.308503
vn 0.402797 -0.750594 0.523796
vn 0.615896 -0.215799 0.757696
vn 0.68741 -0.560208 0.462207
vn 0.615896 -0.215799 0.757696
vn 0.53709 0.459191 0.707586
vn 0.984683 0.046299 0.168097
vn 0.68741 -0.560208 0.462207
vn 0.53709 0.459191 0.707586
vn 0.615896 -0.215799 0.757696
vn 0.68741 -0.560208 0.462207
vn 0.984683 0.046299 0.168097
vn 0.980701 0.1864 0.059
vn 0.981222 0.062701 0.182404
vn 0.0518 -0.970904 -0.233801
vn -0.972945 0.22631 -0.046502
vn 0.631204 0.646504 0.428503
vn 0.632271 0.593173 0.498377
vn 0.980701 0.1864 0.059
vn 0.632271 0.593173 0.498377
vn 0.937976 0.257193 0.232494
vn 0.591709 0.72921 0.343705
vn 0.609904 0.786405 0.097901
vn 0.591709 0.72921 0.343705
vn 0.937976 0.257193 0.232494
vn 0.937976 0.257193 0.232494
vn -0.75886 0.613367 0.218888
vn -0.385506 -0.862513 -0.327805
vn 0.596294 0.792592 0.127399
vn -0.75886 0.613367 0.218888
vn 0.937976 0.257193 0.232494
vn 0.914929 0.394713 -0.084303
vn 0.937976 0.257193 0.232494
vn -0.385506 -0.862513 -0.327805
vn 0.660717 -0.693018 0.288407
vn 0.914929 0.394713 -0.084303
vn 0.937976 0.257193 0.232494
vn 0.660717 -0.693018 0.288407
vn 0.596294 0.792592 0.127399
vn 0.214993 0.88537 0.412186
vn 0.214993 0.88537 0.412186
vn 0 0.991021 0.133703
vn 0.001 0.907575 0.419889
vn 0.212196 0.96838 0.131197
vn 0 0.989445 -0.144907
vn 0.591709 0.72921 0.343705
vn 0.561591 0.818086 -0.123898
vn 0.224402 0.964007 -0.142601
vn -0.403997 0.181899 0.896493
vn -0.978466 -0.198893 0.055198
vn -1 0 0
vn -0.403997 0.181899 0.896493
vn -0.978466 -0.198893 0.055198
vn 0.176594 0.655479 -0.734276
vn -0.972945 0.22631 -0.046502
vn -0.978466 -0.198893 0.055198
vn -0.403997 0.181899 0.896493
vn -0.403997 0.181899 0.896493
vn 0.176594 0.655479 -0.734276
vn -0.972945 0.22631 -0.046502
vn -0.972945 0.22631 -0.046502
vn 0.176594 0.655479 -0.734276
vn -0.978466 -0.198893 0.055198
vn -0.837472 0.502284 -0.215293
vn -0.669382 -0.496787 -0.552386
vn -0.503894 -0.272697 0.81959
vn -0.503894 -0.272697 0.81959
vn 0.585288 -0.791583 0.175596
vn -0.724573 0.659875 0.198893
vn -0.724573 0.659875 0.198893
vn 0.862875 -0.214194 -0.457787
vn 0.585288 -0.791583 0.175596
vn -0.669382 -0.496787 -0.552386
vn -0.837472 0.502284 -0.215293
vn 0.862875 -0.214194 -0.457787
vn -0.669382 -0.496787 -0.552386
vn 0.585288 -0.791583 0.175596
vn 0.862875 -0.214194 -0.457787
vn -0.724573 0.659875 0.198893
vn -0.559431 0.825246 -0.077504
vn -0.385506 -0.862513 -0.327805
vn -0.75886 0.613367 0.218888
vn -0.559431 0.825246 -0.077504
vn -0.837472 0.502284 -0.215293
vn -0.948693 0.316198 0
vn -0.837472 0.502284 -0.215293
vn -0.724573 0.659875 0.198893
vn -0.909411 -0.269103 -0.317104
vn 0.660717 -0.693018 0.288407
vn -0.385506 -0.862513 -0.327805
vn -0.909411 -0.269103 -0.317104
vn 0.478787 0.269393 0.835578
vn 0.838664 -0.340386 0.425182
vn 0.966508 -0.076401 0.245002
vn 0.848583 0.209096 0.48599
vn 0.966508 -0.076401 0.245002
vn 0.478787 0.269393 0.835578
vn 0.46171 0.528612 0.712316
vn 0.46171 0.528612 0.712316
vn 0.966508 -0.076401 0.245002
vn 0.959752 -0.237113 -0.150508
vn 0.947101 -0.3068 -0.0942
vn 0.947101 -0.3068 -0.0942
vn 0.120295 0.710272 0.693573
vn -0.112901 0.726803 0.677503
vn 0.539383 0.786276 0.301391
vn 0.418402 0.831605 0.365202
vn -0.088695 0.944343 0.316781
vn 0.947101 -0.3068 -0.0942
vn 0.947101 -0.3068 -0.0942
vn 0.86581 -0.496906 -0.058801
vn 0.973181 -0.116098 0.198596
vn 0.86581 -0.496906 -0.058801
vn 0.941499 -0.0938 -0.3237
vn 0.869431 -0.238608 -0.432615
vn 0.869431 -0.238608 -0.432615
vn 0.941499 -0.0938 -0.3237
vn 0.539383 0.786276 0.301391
vn 0.840192 0.539895 0.0509
vn 0.840192 0.539895 0.0509
vn 0.539383 0.786276 0.301391
vn 0.205004 0.936317 -0.285105
vn 0.363611 0.864626 -0.346711
vn 0.779787 0.546391 -0.305595
vn 0.852178 0.312092 -0.419989
vn 0.852178 0.312092 -0.419989
vn 0.418402 0.831605 0.365202
vn 0.742867 0.629672 0.22729
vn 0.876328 0.481715 -0.0002
vn 0.742867 0.629672 0.22729
vn 0.981222 0.062701 0.182404
vn 0.561686 0.659183 0.499987
vn 0.742867 0.629672 0.22729
vn 0.561686 0.659183 0.499987
vn 0.876328 0.481715 -0.0002
vn 0.224402 0.964007 -0.142601
vn 0.281796 0.78189 -0.556093
vn 0.281796 0.78189 -0.556093
vn 0.689405 0.600105 -0.405703
vn 0.689405 0.600105 -0.405703
vn 0.390298 0.712097 -0.583597
vn 0.779787 0.546391 -0.305595
vn 0.689405 0.600105 -0.405703
vn 0.852178 0.312092 -0.419989
vn -0.49468 -0.616575 0.612476
vn -0.852239 0.523124 0.0054
vn -0.388409 0.222105 -0.89432
vn 0.810807 -0.291602 0.507504
vn -0.852239 0.523124 0.0054
vn -0.49468 -0.616575 0.612476
vn -0.49468 -0.616575 0.612476
vn -0.388409 0.222105 -0.89432
vn 0.810807 -0.291602 0.507504
vn 0.810807 -0.291602 0.507504
vn -0.388409 0.222105 -0.89432
vn -0.852239 0.523124 0.0054
vn 0.901685 0.0012 0.432393
vn -0.574685 0.475188 0.666283
vn -0.77047 0.068597 0.633775
vn 0.689405 0.600105 -0.405703
vn 0.390298 0.712097 -0.583597
vn 0.363611 0.864626 -0.346711
vn 0.205004 0.936317 -0.285105
vn 0.561686 0.659183 0.499987
vn 0.785602 0.618702 -0.0061
vn 0.876102 0.206 -0.435901
vn 0.785602 0.618702 -0.0061
vn -0.870059 0.023699 -0.492377
vn -0.127596 -0.350389 0.927872
vn -0.82546 -0.564173 -0.017999
vn -0.82546 -0.564173 -0.017999
vn -0.127596 -0.350389 0.927872
vn 0.720076 -0.108396 0.685377
vn 0.62601 -0.201203 -0.753412
vn -0.870059 0.023699 -0.492377
vn -0.82546 -0.564173 -0.017999
vn 0.832639 -0.481222 0.274113
vn 0.62601 -0.201203 -0.753412
vn -0.82546 -0.564173 -0.017999
vn -0.82546 -0.564173 -0.017999
vn 0.720076 -0.108396 0.685377
vn -0.909411 -0.269103 -0.317104
vn -0.82546 -0.564173 -0.017999
vn -0.909411 -0.269103 -0.317104
vn -0.425225 -0.588034 -0.68804
vn -0.425225 -0.588034 -0.68804
vn -0.127596 -0.350389 0.927872
vn -0.870059 0.023699 -0.492377
vn 0.899539 0.349915 0.261511
vn -0.127596 -0.350389 0.927872
vn 0.899539 0.349915 0.261511
vn 0.62601 -0.201203 -0.753412
vn -0.127596 -0.350389 0.927872
vn 0.62601 -0.201203 -0.753412
vn 0.720076 -0.108396 0.685377
vn -0.432495 -0.0413 -0.90069
vn 0.899539 0.349915 0.261511
vn -0.870059 0.023699 -0.492377
vn 0.899539 0.349915 0.261511
vn 0.280993 0.169196 -0.944677
vn 0.280993 0.169196 -0.944677
vn -0.432495 -0.0413 -0.90069
vn -0.870059 0.023699 -0.492377
vn 0.899539 0.349915 0.261511
vn -0.432495 -0.0413 -0.90069
vn 0.280993 0.169196 -0.944677
vn -0.447214 0 -0.894427
vn 0.832639 -0.481222 0.274113
vn 0.720076 -0.108396 0.685377
vn 0.62601 -0.201203 -0.753412
vn 0.720076 -0.108396 0.685377
vn 0.660717 -0.693018 0.288407
vn -0.909411 -0.269103 -0.317104
vn 0.852178 0.312092 -0.419989
vn 0.876102 0.206 -0.435901
vn 0.876328 0.481715 -0.0002
vn 0.876102 0.206 -0.435901
vn 0.852178 0.312092 -0.419989
vn 0.785602 0.618702 -0.0061
vn -0.559431 0.825246 -0.077504
vn -0.559431 0.825246 -0.077504
vn 0.596294 0.792592 0.127399
vn 0.911898 0.0225 0.409799
vn -0.425225 -0.588034 -0.68804
vn 0.911898 0.0225 0.409799
vn 0.189593 -0.677074 -0.711073
vn -0.388409 0.222105 -0.89432
vn 0.810807 -0.291602 0.507504
vn -0.574685 0.475188 0.666283
vn 0.189593 -0.677074 -0.711073
vn -0.388409 0.222105 -0.89432
vn 0.810807 -0.291602 0.507504
vn 0.189593 -0.677074 -0.711073
vn -0.574685 0.475188 0.666283
vn -0.77047 0.068597 0.633775
vn -0.574685 0.475188 0.666283
vn 0.810807 -0.291602 0.507504
vn -0.77047 0.068597 0.633775
vn -0.534494 0.801791 0.267297
vn -0.534494 0.801791 0.267297
vn -0.425225 -0.588034 -0.68804
vn 0.911898 0.0225 0.409799
vn -0.897974 0.077398 0.433188
vn -0.897974 0.077398 0.433188
vn 0.911898 0.0225 0.409799
vn -0.53148 0.628976 0.567378
vn 0.018701 -0.439519 -0.898039
vn -0.425225 -0.588034 -0.68804
vn -0.897974 0.077398 0.433188
vn -0.290199 0.0565 -0.955297
vn -0.897974 0.077398 0.433188
vn -0.53148 0.628976 0.567378
vn -0.290199 0.0565 -0.955297
vn 0.59138 -0.454984 -0.665777
vn 0.832639 -0.481222 0.274113
vn -0.425225 -0.588034 -0.68804
vn 0.59138 -0.454984 -0.665777
vn 0.018701 -0.439519 -0.898039
vn 0.911898 0.0225 0.409799
vn 0.018701 -0.439519 -0.898039
vn 0.772 0.2387 0.5891
vn 0.772 0.2387 0.5891
vn 0.59138 -0.454984 -0.665777
vn 0.792909 0.608407 0.0337
vn 0.772 0.2387 0.5891
vn 0.018701 -0.439519 -0.898039
vn 0.018701 -0.439519 -0.898039
vn -0.290199 0.0565 -0.955297
vn 0.792909 0.608407 0.0337
vn 0.316992 0.084298 0.944675
vn 0.539391 0.793787 -0.280996
vn 0.316992 0.084298 0.944675
vn -0.792367 0.194592 0.578176
vn 0.823785 -0.428392 -0.371293
vn 0.391989 0.110797 0.913274
vn 0.792909 0.608407 0.0337
vn -0.290199 0.0565 -0.955297
vn 0.772 0.2387 0.5891
vn 0.772 0.2387 0.5891
vn -0.290199 0.0565 -0.955297
vn 0.539391 0.793787 -0.280996
vn -0.421497 -0.862195 -0.280998
vn 0.792909 0.608407 0.0337
vn -0.290199 0.0565 -0.955297
vn -0.290199 0.0565 -0.955297
vn 0.792909 0.608407 0.0337
vn 0.776667 0.321686 0.541577
vn 0.776667 0.321686 0.541577
vn -0.421497 -0.862195 -0.280998
vn -0.290199 0.0565 -0.955297
vn 0.776667 0.321686 0.541577
vn 0.529795 0.529795 0.662294
vn 0.529795 0.529795 0.662294
vn 0.391989 0.110797 0.913274
vn -0.421497 -0.862195 -0.280998
vn 0.776667 0.321686 0.541577
vn -0.932864 -0.038299 -0.358186
vn -0.055602 0.997332 0.047302
vn -0.932864 -0.038299 -0.358186
vn -0.055602 0.997332 0.047302
vn -0.208195 -0.488989 -0.84708
vn 0.668311 0.267004 -0.694312
vn -0.112901 0.726803 0.677503
vn -0.300102 0.670704 0.678304
vn -0.088695 0.944343 0.316781
vn -0.120003 0.963822 0.238005
vn -0.120003 0.963822 0.238005
vn -0.088695 0.944343 0.316781
vn 0.043201 0.933522 -0.355908
vn 0.449307 0.825114 -0.342506
vn -0.2057 0.907999 -0.365
vn 0.043201 0.933522 -0.355908
vn 0.246512 0.931545 0.267313
vn 0.604914 0.474311 0.639615
vn -0.120003 0.963822 0.238005
vn 0.246512 0.931545 0.267313
vn 0.273797 0.90089 -0.336796
vn -0.2057 0.907999 -0.365
vn 0.689493 0.685793 0.232998
vn 0.689493 0.685793 0.232998
vn 0.653485 0.709783 -0.262994
vn 0.66279 -0.300896 0.68569
vn 0.557138 -0.054104 0.828656
vn 0.66279 -0.300896 0.68569
vn 0.816485 0.172197 0.55109
vn 0.771197 -0.223699 0.595998
vn 0.39162 0.328617 0.859444
vn -0.447913 0.079602 0.890526
vn -0.788787 -0.320995 0.524192
vn -0.688223 0.264609 0.675523
vn -0.688223 0.264609 0.675523
vn -0.788787 -0.320995 0.524192
vn -0.972946 -0.164908 0.161808
vn -0.456599 0.2744 0.846299
vn -0.888232 0.421715 0.182207
vn -0.447913 0.079602 0.890526
vn -0.972946 -0.164908 0.161808
vn 0.343497 0.0378 0.938393
vn -0.447913 0.079602 0.890526
vn -0.456599 0.2744 0.846299
vn 0.080199 0.74289 0.664591
vn 0.343497 0.0378 0.938393
vn 0.343497 0.0378 0.938393
vn 0.496994 0.408495 0.765591
vn 0.343497 0.0378 0.938393
vn 0.496994 0.408495 0.765591
vn 0.776372 0.521681 0.353687
vn 0.080199 0.74289 0.664591
vn 0.249098 0.518496 0.817993
vn 0.869652 0.323819 0.372622
vn 0.983416 -0.071901 0.166503
vn 0.582988 0.722885 0.370893
vn 0.582988 0.722885 0.370893
vn 0.776372 0.521681 0.353687
vn 0.442208 0.852315 0.279305
vn 0.728795 -0.463297 0.504197
vn 0.801572 0.024899 0.597379
vn 0.410999 0.0391 0.910797
vn 0.300795 -0.491992 0.816986
vn 0.728795 -0.463297 0.504197
vn 0.771197 -0.223699 0.595998
vn 0.271498 -0.146699 0.951193
vn 0.39162 0.328617 0.859444
vn 0.771197 -0.223699 0.595998
vn 0.604914 0.474311 0.639615
vn 0.965283 0.211996 0.152597
vn 0.689493 0.685793 0.232998
vn 0.983416 -0.071901 0.166503
vn 0.974416 -0.216704 0.059601
vn 0.983416 -0.071901 0.166503
vn 0.912497 -0.146899 -0.381799
vn 0.974416 -0.216704 0.059601
vn 0.983416 -0.071901 0.166503
vn 0.930623 0.154204 -0.331908
vn 0.912497 -0.146899 -0.381799
vn 0.916997 0.245499 -0.314399
vn 0.561892 0.433394 0.70459
vn -0.867253 -0.427377 0.255386
vn 0.434712 -0.659818 0.612916
vn 0.434712 -0.659818 0.612916
vn 0.387395 -0.545793 -0.742991
vn 0.561892 0.433394 0.70459
vn 0.887737 0.384916 -0.252511
vn 0.887737 0.384916 -0.252511
vn 0.442208 0.852315 0.279305
vn 0.776372 0.521681 0.353687
vn -0.973622 -0.175004 0.146403
vn 0.096798 -0.822485 0.56049
vn 0.561592 0.256696 0.786589
vn 0.506272 -0.72756 -0.462974
vn 0.541812 -0.625414 -0.561513
vn -0.973622 -0.175004 0.146403
vn -0.816552 0.569167 -0.096394
vn -0.816552 0.569167 -0.096394
vn 0.096798 -0.822485 0.56049
vn 0.541812 -0.625414 -0.561513
vn 0.561592 0.256696 0.786589
vn 0.506272 -0.72756 -0.462974
vn 0.653485 0.709783 -0.262994
vn 0.052699 0.327494 0.943383
vn 0.052699 0.327494 0.943383
vn -0.816552 0.569167 -0.096394
vn 0.561592 0.256696 0.786589
vn 0.390817 -0.424119 -0.816936
vn 0.770618 -0.636115 0.038801
vn 0.052699 0.327494 0.943383
vn 0.506272 -0.72756 -0.462974
vn 0.390817 -0.424119 -0.816936
vn 0.770618 -0.636115 0.038801
vn 0.506272 -0.72756 -0.462974
vn -0.816552 0.569167 -0.096394
vn 0.052699 0.327494 0.943383
vn 0.63366 0.436272 0.63886
vn -0.935532 0.314211 -0.161406
vn -0.935532 0.314211 -0.161406
vn 0.770618 -0.636115 0.038801
vn 0.770618 -0.636115 0.038801
vn 0.390817 -0.424119 -0.816936
vn 0.63366 0.436272 0.63886
vn 0.613615 0.604315 0.508212
vn 0.727808 -0.611307 -0.310804
vn 0.727808 -0.611307 -0.310804
vn 0.613615 0.604315 0.508212
vn 0.45661 0.360808 0.813219
vn -0.888299 0.438699 0.1359
vn 0.458196 0.710793 -0.533695
vn -0.82956 0.551973 0.084596
vn -0.75532 -0.235406 -0.611617
vn -0.711596 -0.327298 -0.621697
vn -0.711596 -0.327298 -0.621697
vn -0.319993 -0.88508 0.337992
vn -0.81288 -0.448989 0.370991
vn -0.850969 -0.152194 0.502682
vn -0.499813 -0.75162 0.430411
vn -0.319993 -0.88508 0.337992
vn -0.499813 -0.75162 0.430411
vn 0.63201 -0.732012 0.254404
vn 0.890009 -0.337003 -0.307103
vn 0.1256 -0.824999 -0.551
vn -0.319993 -0.88508 0.337992
vn 0.1256 -0.824999 -0.551
vn 0.890009 -0.337003 -0.307103
vn -0.940065 0.175293 0.292489
vn -0.940065 0.175293 0.292489
vn -0.75532 -0.235406 -0.611617
vn -0.940065 0.175293 0.292489
vn -0.894821 -0.445211 -0.032901
vn -0.499813 -0.75162 0.430411
vn -0.850969 -0.152194 0.502682
vn -0.992823 -0.023801 -0.117203
vn -0.675201 -0.733402 -0.0789
vn -0.499813 -0.75162 0.430411
vn -0.675201 -0.733402 -0.0789
vn 0.611305 -0.698406 -0.372203
vn 0.63201 -0.732012 0.254404
vn -0.940065 0.175293 0.292489
vn -0.937834 0.337112 -0.082603
vn -0.937834 0.337112 -0.082603
vn -0.773268 -0.203092 -0.600675
vn -0.682302 0.452501 -0.574201
vn -0.188997 0.132598 -0.972984
vn -0.682302 0.452501 -0.574201
vn -0.75532 -0.235406 -0.611617
vn -0.188997 0.132598 -0.972984
vn -0.710194 -0.004 -0.703994
vn -0.471604 -0.730106 -0.494504
vn -0.471604 -0.730106 -0.494504
vn 0.219802 -0.693206 -0.686406
vn -0.682302 0.452501 -0.574201
vn -0.159498 0.484393 -0.860188
vn -0.710194 -0.004 -0.703994
vn -0.682302 0.452501 -0.574201
vn -0.159498 0.484393 -0.860188
vn -0.471604 -0.730106 -0.494504
vn -0.18589 0.042598 -0.981647
vn -0.138791 -0.733055 -0.665859
vn -0.138791 -0.733055 -0.665859
vn -0.711596 -0.327298 -0.621697
vn -0.773268 -0.203092 -0.600675
vn -0.088604 -0.130006 -0.987546
vn -0.088604 -0.130006 -0.987546
vn -0.240307 0.211707 -0.947329
vn -0.805631 -0.018701 -0.592123
vn -0.805631 -0.018701 -0.592123
vn -0.735878 0.604082 -0.305891
vn -0.273391 0.764575 -0.583681
vn -0.240307 0.211707 -0.947329
vn -0.338112 0.022701 -0.940832
vn -0.095699 0.219597 -0.970886
vn -0.332209 -0.464813 -0.820723
vn -0.273391 0.764575 -0.583681
vn -0.095699 0.219597 -0.970886
vn -0.342206 0.761613 -0.550309
vn -0.467386 0.854574 -0.226393
vn -0.095699 0.219597 -0.970886
vn -0.285606 0.360107 -0.888117
vn -0.145495 0.890068 -0.431984
vn -0.264196 0.749589 -0.606891
vn -0.342206 0.761613 -0.550309
vn -0.264196 0.749589 -0.606891
vn -0.263097 0.216397 -0.940187
vn -0.263097 0.216397 -0.940187
vn -0.285606 0.360107 -0.888117
vn -0.338112 0.022701 -0.940832
vn -0.240307 0.211707 -0.947329
vn 0.329398 0.0764 -0.941095
vn 0.219802 -0.693206 -0.686406
vn -0.18589 0.042598 -0.981647
vn 0.329398 0.0764 -0.941095
vn 0.525795 0.452296 -0.720394
vn 0.417379 -0.119394 -0.900855
vn 0.219802 -0.693206 -0.686406
vn 0.329398 0.0764 -0.941095
vn 0.863565 0.107796 -0.49258
vn 0.611305 -0.698406 -0.372203
vn 0.525795 0.452296 -0.720394
vn 0.525795 0.452296 -0.720394
vn 0.417379 -0.119394 -0.900855
vn 0.872614 0.165803 -0.459407
vn 0.872614 0.165803 -0.459407
vn 0.890009 -0.337003 -0.307103
vn 0.525795 0.452296 -0.720394
vn 0.525795 0.452296 -0.720394
vn 0.890009 -0.337003 -0.307103
vn 0.863565 0.107796 -0.49258
vn -0.338112 0.022701 -0.940832
vn -0.188997 0.132598 -0.972984
vn -0.088604 -0.130006 -0.987546
vn -0.188997 0.132598 -0.972984
vn -0.343798 -0.110699 -0.932496
vn 0.498501 -0.1589 -0.852202
vn -0.0297 0.051901 -0.998211
vn -0.343798 -0.110699 -0.932496
vn -0.188997 0.132598 -0.972984
vn 0.417379 -0.119394 -0.900855
vn -0.188997 0.132598 -0.972984
vn -0.338112 0.022701 -0.940832
vn -0.0297 0.051901 -0.998211
vn 0.585494 0.064699 -0.808091
vn 0.498501 -0.1589 -0.852202
vn -0.343798 -0.110699 -0.932496
vn -0.0297 0.051901 -0.998211
vn 0.858412 -0.171602 -0.483407
vn 0.832014 -0.389007 -0.395507
vn 0.858412 -0.171602 -0.483407
vn 0.858412 -0.171602 -0.483407
vn 0.832014 -0.389007 -0.395507
vn 0.1256 -0.824999 -0.551
vn 0.863565 0.107796 -0.49258
vn 0.890009 -0.337003 -0.307103
vn 0.63201 -0.732012 0.254404
vn 0.611305 -0.698406 -0.372203
vn 0.916943 0.142207 -0.372817
vn 0.832014 -0.389007 -0.395507
vn 0.498501 -0.1589 -0.852202
vn 0.585494 0.064699 -0.808091
vn 0.585494 0.064699 -0.808091
vn 0.893102 0.1954 -0.405201
vn 0.923597 0.0962 -0.371099
vn 0.092003 0.958029 -0.271508
vn 0.486695 0.220098 -0.845391
vn 0.334511 -0.474315 -0.814326
vn -0.095699 0.219597 -0.970886
vn -0.095699 0.219597 -0.970886
vn -0.332209 -0.464813 -0.820723
vn -0.0066 -0.298889 -0.954265
vn -0.095699 0.219597 -0.970886
vn -0.0066 -0.298889 -0.954265
vn 0.334511 -0.474315 -0.814326
vn 0.315781 0.80555 -0.501369
vn 0.481181 0.26259 -0.836368
vn 0.092003 0.958029 -0.271508
vn 0.315781 0.80555 -0.501369
vn 0.481181 0.26259 -0.836368
vn -0.285606 0.360107 -0.888117
vn -0.263097 0.216397 -0.940187
vn -0.0297 0.051901 -0.998211
vn -0.263097 0.216397 -0.940187
vn 0.481181 0.26259 -0.836368
vn 0.893102 0.1954 -0.405201
vn -0.790465 -0.523377 -0.318186
vn -0.923439 -0.197508 -0.329014
vn -0.332209 -0.464813 -0.820723
vn -0.490397 -0.136799 -0.860695
vn -0.332209 -0.464813 -0.820723
vn 0.327116 -0.940347 0.093505
vn 0.409792 -0.887083 -0.212496
vn 0.112202 -0.817418 -0.565012
vn 0.409792 -0.887083 -0.212496
vn 0.112202 -0.817418 -0.565012
vn -0.567588 -0.059199 -0.821182
vn -0.098895 -0.132393 -0.986251
vn -0.567588 -0.059199 -0.821182
vn 0.112202 -0.817418 -0.565012
vn 0.112202 -0.817418 -0.565012
vn 0.409792 -0.887083 -0.212496
vn 0.513594 -0.596893 -0.616393
vn 0.513594 -0.596893 -0.616393
vn -0.113402 -0.165203 -0.979718
vn -0.490397 -0.136799 -0.860695
vn 0.261505 -0.666313 -0.698314
vn 0.261505 -0.666313 -0.698314
vn 0.623118 -0.627318 -0.467114
vn 0 -0.231792 -0.972765
vn 0 -0.660887 -0.750485
vn 0.345507 -0.229505 -0.909919
vn -0.332209 -0.464813 -0.820723
vn 0.309901 -0.231701 -0.922104
vn 0.545708 -0.226403 -0.806811
vn -0.098895 -0.132393 -0.986251
vn 0.283688 0.017299 -0.95876
vn 0.545708 -0.226403 -0.806811
vn 0.078698 0.35309 -0.932274
vn 0.726582 -0.38939 -0.566086
vn 0.345507 -0.229505 -0.909919
vn 0.225789 0.459577 -0.858958
vn 0.188896 0.51619 -0.835384
vn 0.207005 -0.475311 -0.855119
vn 0.188896 0.51619 -0.835384
vn 0 0.459094 -0.888388
vn 0 -0.500902 -0.865504
vn 0.225789 0.459577 -0.858958
vn 0.435977 0.501673 -0.74716
vn 0.481278 0.464679 -0.743266
vn 0.571494 -0.538395 -0.619294
vn 0.435977 0.501673 -0.74716
vn 0.856379 0.137197 -0.497788
vn 0.078698 0.35309 -0.932274
vn 0.545708 -0.226403 -0.806811
vn 0.856379 0.137197 -0.497788
vn 0.807715 0.264505 -0.52691
vn 0.283688 0.017299 -0.95876
vn 0.078698 0.35309 -0.932274
vn 0.527204 0.654105 -0.542404
vn 0.527204 0.654105 -0.542404
vn 0.758252 0.498169 -0.420573
vn 0.758252 0.498169 -0.420573
vn 0.721491 0.572693 -0.389195
vn 0.774195 -0.602996 -0.192399
vn 0.225789 0.459577 -0.858958
vn 0.481278 0.464679 -0.743266
vn 0.911192 -0.230898 -0.341197
vn 0.721491 0.572693 -0.389195
vn 0.309901 -0.231701 -0.922104
vn 0.851891 0.080499 -0.517495
vn -0.554009 -0.129902 -0.822313
vn -0.350497 -0.683595 -0.640195
vn 0.322705 -0.414706 -0.850812
vn 0.137404 0.102203 -0.985228
vn -0.545171 -0.437577 -0.715063
vn 0.404312 -0.756722 -0.513715
vn 0.322705 -0.414706 -0.850812
vn -0.329984 -0.691067 -0.643069
vn -0.1394 -0.896801 -0.4199
vn -0.329984 -0.691067 -0.643069
vn 0.346107 -0.450209 -0.823117
vn 0.404312 -0.756722 -0.513715
vn -0.883502 -0.382501 -0.270401
vn -0.530831 -0.376922 -0.759044
vn -0.329984 -0.691067 -0.643069
vn -0.530831 -0.376922 -0.759044
vn 0.109304 -0.200707 -0.973534
vn 0.109304 -0.200707 -0.973534
vn -0.746704 0.096601 -0.658104
vn -0.530831 -0.376922 -0.759044
vn -0.370391 -0.0136 -0.928777
vn -0.746704 0.096601 -0.658104
vn 0.377184 -0.203691 -0.903461
vn 0.746027 -0.196307 -0.636323
vn -0.370391 -0.0136 -0.928777
vn 0.66107 0.115595 -0.741366
vn 0.453712 -0.421211 0.78532
vn 0.658095 0.529196 -0.535596
vn 0.377184 -0.203691 -0.903461
vn 0.658095 0.529196 -0.535596
vn 0.377184 -0.203691 -0.903461
vn 0.0191 -0.0514 -0.998495
vn 0.377184 -0.203691 -0.903461
vn 0.0191 -0.0514 -0.998495
vn 0.878692 -0.384096 -0.283497
vn 0.878692 -0.384096 -0.283497
vn 0.453712 -0.421211 0.78532
vn 0.377184 -0.203691 -0.903461
vn -0.378698 -0.756497 -0.533198
vn 0.177394 -0.166994 -0.969868
vn 0.260096 -0.600691 -0.755989
vn 0.177394 -0.166994 -0.969868
vn 0.137404 0.102203 -0.985228
vn 0.322705 -0.414706 -0.850812
vn 0.764598 -0.0802 -0.639498
vn 0.137404 0.102203 -0.985228
vn 0.64988 0.33489 -0.682279
vn 0.64988 0.33489 -0.682279
vn 0.322705 -0.414706 -0.850812
vn 0.764598 -0.0802 -0.639498
vn -0.522908 0.139402 0.840913
vn -0.330695 -0.73149 -0.596291
vn 0.022199 -0.984249 -0.175391
vn -0.293194 0.91568 0.274894
vn 0.769523 -0.298209 0.564717
vn 0.808217 0.586412 -0.053901
vn -0.522908 0.139402 0.840913
vn -0.293194 0.91568 0.274894
vn -0.330695 -0.73149 -0.596291
vn 0.808217 0.586412 -0.053901
vn 0.022199 -0.984249 -0.175391
vn -0.293194 0.91568 0.274894
vn -0.330695 -0.73149 -0.596291
vn -0.969003 -0.227801 -0.0956
vn 0.548393 -0.826289 0.128498
vn -0.969003 -0.227801 -0.0956
vn -0.330695 -0.73149 -0.596291
vn 0.548393 -0.826289 0.128498
vn -0.293194 0.91568 0.274894
vn 0.769523 -0.298209 0.564717
vn -0.173108 0.746536 0.642431
vn 0.261006 -0.483511 0.835519
vn 0.964275 0.197095 -0.176995
vn 0.0145 -0.313403 -0.949509
vn 0.646502 -0.421501 -0.635902
vn -0.199096 0.57689 -0.792186
vn 0.0145 -0.313403 -0.949509
vn -0.173108 0.746536 0.642431
vn -0.173108 0.746536 0.642431
vn 0.646502 -0.421501 -0.635902
vn -0.199096 0.57689 -0.792186
vn 0.0175 -0.741083 -0.671185
vn 0.0402 0.382699 -0.922998
vn 0.0175 -0.741083 -0.671185
vn -0.969003 -0.227801 -0.0956
vn -0.969003 -0.227801 -0.0956
vn -0.293194 0.91568 0.274894
vn 0.149306 0.972837 -0.176907
vn 0.0402 0.382699 -0.922998
vn 0.0402 0.382699 -0.922998
vn 0.548393 -0.826289 0.128498
vn 0.0175 -0.741083 -0.671185
vn 0.149306 0.972837 -0.176907
vn 0.0402 0.382699 -0.922998
vn 0.983671 0.133596 -0.120596
vn 0.048299 0.506494 0.86089
vn -0.516722 0.026701 0.855737
vn 0.596898 -0.595298 0.537898
vn 0.924725 0.37501 -0.065202
vn 0.085301 -0.856706 -0.508703
vn -0.042699 -0.854684 -0.51739
vn -0.516722 0.026701 0.855737
vn 0.565614 0.776719 0.277107
vn -0.590837 0.802551 0.082605
vn -0.590837 0.802551 0.082605
vn 0.596898 -0.595298 0.537898
vn -0.042699 -0.854684 -0.51739
vn 0.924725 0.37501 -0.065202
vn 0.085301 -0.856706 -0.508703
vn 0.565614 0.776719 0.277107
vn 0.085301 -0.856706 -0.508703
vn -0.567796 -0.527796 -0.631695
vn 0.602796 -0.777695 -0.178399
vn -0.567796 -0.527796 -0.631695
vn 0.085301 -0.856706 -0.508703
vn 0.602796 -0.777695 -0.178399
vn 0.565614 0.776719 0.277107
vn 0.887737 0.384916 -0.252511
vn -0.199096 0.57689 -0.792186
vn 0.646502 -0.421501 -0.635902
vn 0.0145 -0.313403 -0.949509
vn 0.490212 0.870121 -0.050801
vn 0.602796 -0.777695 -0.178399
vn -0.567796 -0.527796 -0.631695
vn 0.490212 0.870121 -0.050801
vn -0.567796 -0.527796 -0.631695
vn 0.490212 0.870121 -0.050801
vn -0.811588 0.323495 0.486493
vn 0.683489 0.60989 -0.401094
vn -0.567796 -0.527796 -0.631695
vn -0.811588 0.323495 0.486493
vn 0.442997 -0.789494 -0.424797
vn -0.567796 -0.527796 -0.631695
vn 0.442997 -0.789494 -0.424797
vn 0.683489 0.60989 -0.401094
vn -0.590837 0.802551 0.082605
vn 0.565614 0.776719 0.277107
vn 0.602796 -0.777695 -0.178399
vn 0.490212 0.870121 -0.050801
vn -0.590837 0.802551 0.082605
vn 0.602796 -0.777695 -0.178399
vn 0.061399 -0.333693 0.94068
vn 0.926981 0.369592 0.064099
vn -0.249799 0.783698 0.568698
vn 0.354499 -0.671798 -0.650398
vn -0.249799 0.783698 0.568698
vn -0.164602 -0.312904 -0.935413
vn 0.926981 0.369592 0.064099
vn 0.926981 0.369592 0.064099
vn -0.164602 -0.312904 -0.935413
vn 0.087304 0.98505 -0.148508
vn 0.087304 0.98505 -0.148508
vn 0.926981 0.369592 0.064099
vn 0.354499 -0.671798 -0.650398
vn -0.114204 0.269409 -0.95623
vn 0.087304 0.98505 -0.148508
vn 0.070196 -0.989947 -0.122793
vn 0.087304 0.98505 -0.148508
vn -0.249799 0.783698 0.568698
vn 0.987553 0.050698 0.148893
vn 0.040702 0.849435 -0.526122
vn 0.070196 -0.989947 -0.122793
vn -0.249799 0.783698 0.568698
vn 0.040702 0.849435 -0.526122
vn 0.070196 -0.989947 -0.122793
vn 0.0589 -0.634102 -0.771003
vn 0.207005 -0.475311 -0.855119
vn 0 -0.500902 -0.865504
vn 0 -0.49449 -0.869183
vn 0.481701 -0.705602 -0.519701
vn 0.0589 -0.634102 -0.771003
vn 0.7193 -0.6829 -0.1275
vn -0.260785 -0.278184 -0.924448
vn 0.0589 -0.634102 -0.771003
vn 0 -0.49449 -0.869183
vn 0 -0.211994 -0.977271
vn 0.097201 -0.367804 -0.924809
vn 0.097201 -0.367804 -0.924809
vn 0.0221 0.0482 -0.998593
vn 0.0221 0.0482 -0.998593
vn 0.470587 -0.463387 -0.750879
vn 0.599194 -0.593894 -0.536895
vn -0.424304 0.075001 -0.902408
vn 0 0.135006 -0.990845
vn 0 0.525993 -0.850489
vn -0.467622 0.454321 -0.758236
vn -0.87685 0.479473 -0.035198
vn -0.084703 -0.986831 -0.137804
vn -0.924032 -0.105704 0.367413
vn -0.924032 -0.105704 0.367413
vn 0.312301 -0.269001 0.911102
vn -0.87685 0.479473 -0.035198
vn 0.293211 -0.910233 0.292411
vn 0.312301 -0.269001 0.911102
vn -0.084703 -0.986831 -0.137804
vn 0.293211 -0.910233 0.292411
vn 0.364311 0.786423 0.498815
vn 0.293211 -0.910233 0.292411
vn 0.364311 0.786423 0.498815
vn 0.312301 -0.269001 0.911102
vn -0.87685 0.479473 -0.035198
vn 0.364311 0.786423 0.498815
vn 0.863897 0.374499 0.336799
vn -0.0056 -0.408191 -0.912879
vn -0.993666 -0.021999 -0.110196
vn -0.0056 -0.408191 -0.912879
vn -0.87685 0.479473 -0.035198
vn -0.87685 0.479473 -0.035198
vn 0.863897 0.374499 0.336799
vn -0.993666 -0.021999 -0.110196
vn 0.863897 0.374499 0.336799
vn 0.68738 -0.721779 -0.080898
vn 0.68738 -0.721779 -0.080898
vn 0.765332 -0.149106 -0.626126
vn 0.863897 0.374499 0.336799
vn -0.0056 -0.408191 -0.912879
vn -0.0056 -0.408191 -0.912879
vn 0.863897 0.374499 0.336799
vn 0.68738 -0.721779 -0.080898
vn 0.765332 -0.149106 -0.626126
vn 0.863897 0.374499 0.336799
vn 0.177208 0.513424 0.839639
vn -0.993666 -0.021999 -0.110196
vn 0.177208 0.513424 0.839639
vn -0.316219 0.895454 0.313319
vn -0.316219 0.895454 0.313319
vn -0.391205 -0.593207 -0.703608
vn -0.993666 -0.021999 -0.110196
vn -0.316219 0.895454 0.313319
vn -0.391205 -0.593207 -0.703608
vn -0.391205 -0.593207 -0.703608
vn -0.316219 0.895454 0.313319
vn -0.391205 -0.593207 -0.703608
vn -0.78047 -0.232191 -0.580478
vn -0.856204 0.0385 -0.515202
vn -0.391205 -0.593207 -0.703608
vn -0.316219 0.895454 0.313319
vn -0.316219 0.895454 0.313319
vn -0.78047 -0.232191 -0.580478
vn -0.856204 0.0385 -0.515202
vn -0.856204 0.0385 -0.515202
vn -0.78047 -0.232191 -0.580478
vn -0.391205 -0.593207 -0.703608
vn 0.3312 0.0608 -0.9416
vn 0.298503 0.514106 -0.804109
vn 0.3312 0.0608 -0.9416
vn 0.0221 0.0482 -0.998593
vn -0.0044 0.50601 -0.862517
vn -0.0044 0.50601 -0.862517
vn 0.836082 0.235495 0.495489
vn -0.619532 -0.026001 0.784541
vn 0.878001 0.1477 0.455301
vn 0.878001 0.1477 0.455301
vn 0.836082 0.235495 0.495489
vn 0.365208 -0.44511 -0.817618
vn 0.260996 0.775488 -0.574891
vn 0.365208 -0.44511 -0.817618
vn -0.619532 -0.026001 0.784541
vn 0.415007 0.116602 0.902315
vn 0.754706 -0.172401 0.633005
vn 0.836082 0.235495 0.495489
vn 0.415007 0.116602 0.902315
vn -0.619532 -0.026001 0.784541
vn -0.619532 -0.026001 0.784541
vn 0.754706 -0.172401 0.633005
vn 0.741999 -0.212 0.635999
vn -0.619532 -0.026001 0.784541
vn 0.754706 -0.172401 0.633005
vn -0.078902 -0.062402 -0.994927
vn 0.836082 0.235495 0.495489
vn -0.078902 -0.062402 -0.994927
vn 0.754706 -0.172401 0.633005
vn 0.415007 0.116602 0.902315
vn 0.836082 0.235495 0.495489
vn 0.260996 0.775488 -0.574891
vn -0.78047 -0.232191 -0.580478
vn -0.856204 0.0385 -0.515202
vn -0.872895 -0.218199 -0.436398
vn 0.899059 -0.384183 -0.20999
vn 0.979119 -0.175203 -0.103102
vn 0.509787 -0.530987 -0.676883
vn -0.987902 -0.0844 -0.1301
vn -0.958267 0.202193 -0.202093
vn -0.726595 -0.685095 -0.052
vn -0.726595 -0.685095 -0.052
vn -0.655295 -0.227198 -0.720395
vn -0.655295 -0.227198 -0.720395
vn -0.444384 -0.648176 -0.618377
vn -0.444384 -0.648176 -0.618377
vn -0.655295 -0.227198 -0.720395
vn -0.987902 -0.0844 -0.1301
vn -0.69537 -0.284888 -0.659772
vn -0.444384 -0.648176 -0.618377
vn -0.69537 -0.284888 -0.659772
vn 0.199191 -0.243388 -0.949255
vn -0.132005 -0.028501 -0.990839
vn -0.655295 -0.227198 -0.720395
vn -0.444384 -0.648176 -0.618377
vn 0.199191 -0.243388 -0.949255
vn -0.373397 -0.315997 -0.872193
vn 0.979119 -0.175203 -0.103102
vn 0.509787 -0.530987 -0.676883
vn -0.373397 -0.315997 -0.872193
vn -0.373397 -0.315997 -0.872193
vn 0.424412 -0.0088 -0.905426
vn -0.373397 -0.315997 -0.872193
vn 0.509787 -0.530987 -0.676883
vn 0.72491 0.108101 -0.680309
vn 0.424412 -0.0088 -0.905426
vn -0.028298 -0.258686 -0.965547
vn -0.0016 0.155197 -0.987882
vn -0.039399 -0.245993 -0.968471
vn -0.028298 -0.258686 -0.965547
vn 0.424412 -0.0088 -0.905426
vn 0.424412 -0.0088 -0.905426
vn 0.72491 0.108101 -0.680309
vn 0.295701 0.474501 -0.829102
vn 0.201692 0.410085 -0.889467
vn -0.039399 -0.245993 -0.968471
vn 0.424412 -0.0088 -0.905426
vn 0.295701 0.474501 -0.829102
vn -0.263189 0.328586 -0.907063
vn -0.028298 -0.258686 -0.965547
vn -0.039399 -0.245993 -0.968471
vn 0.539891 0.080399 -0.837886
vn -0.028298 -0.258686 -0.965547
vn 0.539891 0.080399 -0.837886
vn -0.0016 0.155197 -0.987882
vn 0.617979 0.452985 -0.642578
vn 0.298503 0.514106 -0.804109
vn 0.617979 0.452985 -0.642578
vn 0.201692 0.410085 -0.889467
vn 0.575501 0.360001 -0.734301
vn 0.586902 -0.184301 -0.788403
vn -0.0742 0.8123 -0.5785
vn -0.467622 0.454321 -0.758236
vn -0.467622 0.454321 -0.758236
vn 0 0.525993 -0.850489
vn 0 0.767885 -0.640588
vn 0.449307 0.825114 -0.342506
vn 0.252406 -0.643516 0.722619
vn 0.232301 -0.733202 -0.639102
vn 0.968086 0.193397 -0.159398
vn 0.394998 0.155099 0.905495
vn -0.972083 -0.224896 0.066899
vn 0.252406 -0.643516 0.722619
vn 0.394998 0.155099 0.905495
vn 0.232301 -0.733202 -0.639102
vn -0.972083 -0.224896 0.066899
vn 0.968086 0.193397 -0.159398
vn 0.394998 0.155099 0.905495
vn 0.332078 -0.800846 0.498367
vn 0.394998 0.155099 0.905495
vn 0.332078 -0.800846 0.498367
vn 0.746285 0.090198 0.659487
vn -0.478777 0.83036 0.285086
vn 0.332078 -0.800846 0.498367
vn 0.394998 0.155099 0.905495
vn 0.394998 0.155099 0.905495
vn 0.746285 0.090198 0.659487
vn -0.478777 0.83036 0.285086
vn -0.039701 -0.437315 -0.898431
vn -0.039701 -0.437315 -0.898431
vn -0.039701 -0.437315 -0.898431
vn -0.241603 0.95981 -0.142802
vn 0.411598 -0.888195 -0.204199
vn -0.478777 0.83036 0.285086
vn 0.411598 -0.888195 -0.204199
vn -0.478777 0.83036 0.285086
vn 0.746285 0.090198 0.659487
vn -0.241603 0.95981 -0.142802
vn -0.241603 0.95981 -0.142802
vn 0.746285 0.090198 0.659487
vn -0.695505 0.673105 -0.251402
vn -0.695505 0.673105 -0.251402
vn 0.411598 -0.888195 -0.204199
vn -0.241603 0.95981 -0.142802
vn 0.746285 0.090198 0.659487
vn 0.411598 -0.888195 -0.204199
vn -0.172588 0.514664 -0.839842
vn -0.172588 0.514664 -0.839842
vn -0.695505 0.673105 -0.251402
vn 0.746285 0.090198 0.659487
vn -0.695505 0.673105 -0.251402
vn 0.163904 -0.547014 -0.820921
vn 0.411598 -0.888195 -0.204199
vn 0.163904 -0.547014 -0.820921
vn 0.163904 -0.547014 -0.820921
vn -0.695505 0.673105 -0.251402
vn -0.172588 0.514664 -0.839842
vn 0.295701 0.474501 -0.829102
vn 0.043201 0.933522 -0.355908
vn -0.2057 0.907999 -0.365
vn -0.263189 0.328586 -0.907063
vn 0.617979 0.452985 -0.642578
vn 0.273797 0.90089 -0.336796
vn 0.201692 0.410085 -0.889467
vn 0.575501 0.360001 -0.734301
vn 0.653485 0.709783 -0.262994
vn -0.735892 -0.0404 -0.675893
vn -0.735892 -0.0404 -0.675893
vn 0.1491 0.583101 0.798601
vn -0.896536 0.382215 -0.223909
vn 0.382205 0.423906 -0.821111
vn -0.655295 -0.227198 -0.720395
vn -0.132005 -0.028501 -0.990839
vn 0.746987 0.043899 -0.663388
vn 0.626667 0.38898 -0.675265
vn -0.132005 -0.028501 -0.990839
vn 0.626667 0.38898 -0.675265
vn -0.265796 0.455393 -0.849688
vn -0.265796 0.455393 -0.849688
vn 0.582988 0.722885 0.370893
vn 0.519001 0.815601 -0.2558
vn 0.724408 0.646207 -0.240103
vn 0.960345 0.234511 -0.150807
vn 0.724408 0.646207 -0.240103
vn 0.626667 0.38898 -0.675265
vn 0.519001 0.815601 -0.2558
vn 0.626667 0.38898 -0.675265
vn 0.724408 0.646207 -0.240103
vn 0.746987 0.043899 -0.663388
vn 0.658095 0.529196 -0.535596
vn 0.225792 0.709574 -0.667475
vn 0.626667 0.38898 -0.675265
vn 0.225792 0.709574 -0.667475
vn 0.658095 0.529196 -0.535596
vn 0.746987 0.043899 -0.663388
vn 0.827729 0.544819 -0.134305
vn 0.960345 0.234511 -0.150807
vn 0.543821 0.487719 -0.682927
vn 0.543821 0.487719 -0.682927
vn 0.609099 0.2866 -0.739499
vn 0.0191 -0.0514 -0.998495
vn 0.609099 0.2866 -0.739499
vn 0.878692 -0.384096 -0.283497
vn 0.609099 0.2866 -0.739499
vn 0.658095 0.529196 -0.535596
vn 0.658095 0.529196 -0.535596
vn 0.66107 0.115595 -0.741366
vn 0.453712 -0.421211 0.78532
vn 0.539891 0.080399 -0.837886
vn 0.930623 0.154204 -0.331908
vn 0.543821 0.487719 -0.682927
vn 0.916997 0.245499 -0.314399
vn 0.983416 -0.071901 0.166503
vn 0.869652 0.323819 0.372622
vn 0.827729 0.544819 -0.134305
vn -0.0016 0.155197 -0.987882
vn 0.609099 0.2866 -0.739499
vn -0.605021 0.553119 -0.57272
vn -0.683095 -0.391397 -0.616595
vn 0.490698 0.850496 0.189399
vn 0.675691 -0.69049 -0.258196
vn -0.605021 0.553119 -0.57272
vn 0.490698 0.850496 0.189399
vn 0.143493 -0.64117 -0.753864
vn 0.675691 -0.69049 -0.258196
vn 0.490698 0.850496 0.189399
vn -0.811588 0.323495 0.486493
vn -0.605021 0.553119 -0.57272
vn -0.683095 -0.391397 -0.616595
vn -0.683095 -0.391397 -0.616595
vn -0.605021 0.553119 -0.57272
vn 0.683489 0.60989 -0.401094
vn 0.442997 -0.789494 -0.424797
vn -0.811588 0.323495 0.486493
vn -0.683095 -0.391397 -0.616595
vn 0.442997 -0.789494 -0.424797
vn -0.605021 0.553119 -0.57272
vn -0.811588 0.323495 0.486493
vn 0.683489 0.60989 -0.401094
vn -0.169601 0.782503 -0.599103
vn 0.680109 -0.438506 -0.587507
vn 0.387395 -0.545793 -0.742991
vn -0.867253 -0.427377 0.255386
vn -0.962524 0.251606 -0.101203
vn 0.561892 0.433394 0.70459
vn -0.962524 0.251606 -0.101203
vn -0.867253 -0.427377 0.255386
vn 0.680109 -0.438506 -0.587507
vn 0.680109 -0.438506 -0.587507
vn -0.962524 0.251606 -0.101203
vn 0.424305 -0.380904 -0.821509
vn -0.083099 0.434794 0.896688
vn 0.88949 -0.455995 0.0296
vn -0.083099 0.434794 0.896688
vn 0.680109 -0.438506 -0.587507
vn 0.88949 -0.455995 0.0296
vn -0.083099 0.434794 0.896688
vn -0.962524 0.251606 -0.101203
vn 0.519822 0.629026 0.578024
vn -0.995865 -0.055398 -0.071997
vn 0.424305 -0.380904 -0.821509
vn -0.962524 0.251606 -0.101203
vn -0.995865 -0.055398 -0.071997
vn 0.88949 -0.455995 0.0296
vn 0.424305 -0.380904 -0.821509
vn 0.519822 0.629026 0.578024
vn 0.5314 0.759499 0.3752
vn 0.7088 -0.4991 -0.4985
vn 0.7088 -0.4991 -0.4985
vn 0.5314 0.759499 0.3752
vn -0.995865 -0.055398 -0.071997
vn 0.519822 0.629026 0.578024
vn 0.140802 -0.189102 -0.97181
vn 0.7088 -0.4991 -0.4985
vn -0.995865 -0.055398 -0.071997
vn -0.0325 0.448497 -0.893193
vn -0.995865 -0.055398 -0.071997
vn -0.0325 0.448497 -0.893193
vn 0.140802 -0.189102 -0.97181
vn 0.140802 -0.189102 -0.97181
vn -0.920765 0.389585 0.020399
vn 0.434496 0.444596 0.783293
vn 0.409214 0.409214 0.815529
vn 0.347381 -0.044898 0.936649
vn -0.435677 -0.261586 0.861254
vn 0.786181 -0.0196 0.617685
vn 0.434496 0.444596 0.783293
vn 0.347381 -0.044898 0.936649
vn 0.609367 0.038398 -0.791958
vn 0.609367 0.038398 -0.791958
vn 0.786181 -0.0196 0.617685
vn 0.434496 0.444596 0.783293
vn 0.347381 -0.044898 0.936649
vn 0.786181 -0.0196 0.617685
vn -0.368311 0.271008 0.889327
vn 0.347381 -0.044898 0.936649
vn -0.368311 0.271008 0.889327
vn -0.428612 0.285708 0.857124
vn 0.140802 -0.189102 -0.97181
vn -0.0325 0.448497 -0.893193
vn 0.5314 0.759499 0.3752
vn 0.115504 0.736122 0.66692
vn -0.0325 0.448497 -0.893193
vn 0.115504 0.736122 0.66692
vn 0.92689 0.111799 0.358296
vn -0.619091 -0.113398 0.777089
vn 0.92689 0.111799 0.358296
vn -0.619091 -0.113398 0.777089
vn 0.064197 -0.796763 0.600872
vn 0.490212 0.870121 -0.050801
vn 0.916997 0.245499 -0.314399
vn 0.575501 0.360001 -0.734301
vn 0.653485 0.709783 -0.262994
vn 0.141895 0.063098 -0.987869
vn 0.727808 -0.611307 -0.310804
vn -0.935532 0.314211 -0.161406
vn 0.0073 0.677909 -0.73511
vn 0.0073 0.677909 -0.73511
vn 0.141895 0.063098 -0.987869
vn -0.935532 0.314211 -0.161406
vn 0.141895 0.063098 -0.987869
vn 0.0073 0.677909 -0.73511
vn 0.23381 0.744932 0.624827
vn 0.872054 -0.394979 0.288985
vn 0.478905 -0.0313 -0.877309
vn 0.45661 0.360808 0.813219
vn -0.888299 0.438699 0.1359
vn -0.888299 0.438699 0.1359
vn 0.45661 0.360808 0.813219
vn -0.268304 0.954913 -0.127102
vn -0.268304 0.954913 -0.127102
vn 0.478905 -0.0313 -0.877309
vn -0.888299 0.438699 0.1359
vn -0.888299 0.438699 0.1359
vn -0.268304 0.954913 -0.127102
vn -0.927624 0.145504 0.344009
vn -0.2427 -0.9663 0.0858
vn 0.45661 0.360808 0.813219
vn 0.478905 -0.0313 -0.877309
vn -0.268304 0.954913 -0.127102
vn -0.577371 -0.372881 0.726363
vn -0.691177 0.173394 0.701576
vn -0.2571 -0.8251 0.5031
vn -1 0 0
vn 0.276496 -0.312496 -0.908788
vn 0.054102 -0.512418 0.85703
vn 0.276496 -0.312496 -0.908788
vn 0.276496 -0.312496 -0.908788
vn 0.387505 0.881011 -0.271403
vn 0.054102 -0.512418 0.85703
vn 0.387505 0.881011 -0.271403
vn -0.566716 -0.70432 -0.427512
vn 0.054102 -0.512418 0.85703
vn 0.668913 0.624612 0.403008
vn -0.841069 0.361287 -0.402585
vn 0.806374 -0.159895 0.569381
vn 0.663215 0.41201 -0.624815
vn 0.806374 -0.159895 0.569381
vn -0.168907 -0.70183 0.69203
vn 0.855815 0.514109 -0.057201
vn -0.693277 0.718676 -0.053598
vn 0.48458 -0.868265 0.106296
vn -0.693277 0.718676 -0.053598
vn -0.842831 0.339213 0.417816
vn 0.44769 0.785382 -0.42749
vn -0.285703 -0.571706 -0.769108
vn -0.883527 0.426313 -0.194006
vn 0.841225 -0.540516 0.0135
vn -0.354605 -0.653209 0.669009
vn -0.675409 -0.449506 -0.584608
vn -0.084804 -0.833138 0.546525
vn 0.503894 -0.272697 0.81959
vn -0.585288 -0.791583 0.175596
vn 0.669382 -0.496787 -0.552386
vn 0.719784 0.312293 0.619987
vn 0.451389 0.208695 -0.867579
vn -0.189593 -0.677074 -0.711073
vn 0.719784 0.312293 0.619987
vn -0.777184 -0.269194 0.568788
vn 0.451389 0.208695 -0.867579
vn 0.0454 0.998794 0.0187
vn -0.584499 0.2157 -0.782199
vn -0.517603 0.715104 0.469802
vn -0.584499 0.2157 -0.782199
vn 0.273896 -0.59529 -0.755388
vn -0.517603 0.715104 0.469802
vn 0.273896 -0.59529 -0.755388
vn 0.273896 -0.59529 -0.755388
vn 0.929689 0.025 -0.367496
vn 0.335008 -0.891721 -0.304307
vn 0.522908 0.139402 0.840913
vn -0.769523 -0.298209 0.564717
vn -0.022199 -0.984249 -0.175391
vn 0.43708 0.135494 0.889159
vn -0.558899 -0.632299 0.536499
vn 0.099003 -0.871823 -0.479712
vn 0.0248 0.724806 -0.688506
vn 0.035301 -0.992819 0.114302
vn 0.40211 0.890922 -0.211105
vn 0.229494 0.021399 0.973075
vn 0.035301 -0.992819 0.114302
vn -0.145306 0.755334 0.639028
vn 0.627605 -0.0471 0.777106
vn 0.061904 -0.387822 -0.919653
vn 0.627605 -0.0471 0.777106
vn -0.284804 -0.0182 -0.958413
vn 0.061904 -0.387822 -0.919653
vn -0.078099 -0.79399 0.602893
vn -0.078099 -0.79399 0.602893
vn -0.971969 -0.0101 0.234892
vn -0.284804 -0.0182 -0.958413
vn -0.51019 0.858184 -0.056799
vn -0.0092 0.588813 0.808217
vn 0.718576 -0.635179 -0.28319
vn -0.0092 0.588813 0.808217
vn -0.245503 -0.547607 0.79991
vn -0.245503 -0.547607 0.79991
vn -0.935046 -0.236612 -0.264013
vn 0.457086 -0.176795 -0.871674
vn -0.1581 0.770599 0.617399
vn 0.711897 0.170399 0.681297
vn 0.100198 -0.40169 -0.910278
vn 0.711897 0.170399 0.681297
vn -0.438604 -0.0221 -0.898409
vn 0.100198 -0.40169 -0.910278
vn 0.266588 -0.834064 0.482979
vn 0.266588 -0.834064 0.482979
vn -0.858102 -0.452501 0.242701
vn -0.438604 -0.0221 -0.898409
vn 0.941373 -0.098097 0.322791
vn -0.204302 -0.273902 0.939808
vn -0.095304 -0.987145 -0.128306
vn 0.953178 -0.294293 0.069598
vn -0.322907 -0.626014 0.709816
vn -0.303396 -0.72409 -0.619391
vn -0.178203 -0.919413 0.350605
vn -0.96867 0.163895 0.186594
vn 0.674603 -0.299701 -0.674603
vn -0.395595 0.692491 -0.603292
vn 0.603304 0.689305 0.401103
vn 0.593597 -0.731997 -0.334399
vn 0.487091 0.853684 -0.184297
vn 0.604419 -0.084003 0.792225
vn 0.868034 0.373515 -0.327113
vn -0.310216 0.493826 -0.812343
vn -0.698704 -0.656104 0.285202
vn -0.64999 0.620391 0.438894
vn 0.585288 -0.791583 0.175596
vn -0.503894 -0.272697 0.81959
vn -0.669382 -0.496787 -0.552386
vn -0.77047 0.068597 0.633775
vn 0.810807 -0.291602 0.507504
vn 0.901685 0.0012 0.432393
vn -0.932864 -0.038299 -0.358186
vn -0.208195 -0.488989 -0.84708
vn -0.421497 -0.862195 -0.280998
vn -0.208195 -0.488989 -0.84708
vn 0.668311 0.267004 -0.694312
vn 0.668311 0.267004 -0.694312
vn -0.055602 0.997332 0.047302
vn 0.776667 0.321686 0.541577
vn 0.387395 -0.545793 -0.742991
vn 0.434712 -0.659818 0.612916
vn -0.867253 -0.427377 0.255386
vn 0.541812 -0.625414 -0.561513
vn 0.096798 -0.822485 0.56049
vn -0.973622 -0.175004 0.146403
vn -0.577371 -0.372881 0.726363
vn -0.82956 0.551973 0.084596
vn -0.888299 0.438699 0.1359
vn -0.82956 0.551973 0.084596
vn 0.458196 0.710793 -0.533695
vn -0.888299 0.438699 0.1359
vn 0.769523 -0.298209 0.564717
vn -0.522908 0.139402 0.840913
vn 0.022199 -0.984249 -0.175391
vn 0.983671 0.133596 -0.120596
vn 0.048299 0.506494 0.86089
vn 0.261006 -0.483511 0.835519
vn -0.173108 0.746536 0.642431
vn -0.042699 -0.854684 -0.51739
vn 0.596898 -0.595298 0.537898
vn -0.516722 0.026701 0.855737
vn -0.924032 -0.105704 0.367413
vn -0.972083 -0.224896 0.066899
vn 0.232301 -0.733202 -0.639102
vn 0.252406 -0.643516 0.722619
vn -0.896536 0.382215 -0.223909
vn 0.382205 0.423906 -0.821111
vn -0.735892 -0.0404 -0.675893
vn 0.382205 0.423906 -0.821111
vn 0.1491 0.583101 0.798601
vn -0.735892 -0.0404 -0.675893
vn -0.605021 0.553119 -0.57272
vn 0.675691 -0.69049 -0.258196
vn -0.683095 -0.391397 -0.616595
vn 0.675691 -0.69049 -0.258196
vn -0.169601 0.782503 -0.599103
vn -0.683095 -0.391397 -0.616595
vn -0.169601 0.782503 -0.599103
vn 0.490698 0.850496 0.189399
vn -0.683095 -0.391397 -0.616595
vn -0.169601 0.782503 -0.599103
vn 0.143493 -0.64117 -0.753864
vn 0.490698 0.850496 0.189399
vn 0.064197 -0.796763 0.600872
vn 0.064197 -0.796763 0.600872
vn -0.619091 -0.113398 0.777089
vn -0.0325 0.448497 -0.893193
vn -0.619091 -0.113398 0.777089
vn -0.619091 -0.113398 0.777089
vn 0.115504 0.736122 0.66692
vn 0.140802 -0.189102 -0.97181
vn 0.872054 -0.394979 0.288985
vn -0.2571 -0.8251 0.5031
vn 0.0073 0.677909 -0.73511
vn -0.2571 -0.8251 0.5031
vn -0.691177 0.173394 0.701576
vn -0.691177 0.173394 0.701576
vn 0.23381 0.744932 0.624827
vn 0.141895 0.063098 -0.987869
vn -0.2427 -0.9663 0.0858
vn -0.268304 0.954913 -0.127102
vn -0.888299 0.438699 0.1359
vn -0.927624 0.145504 0.344009
vn 0.711611 -0.151202 0.686111
vn 0.974582 0.095198 0.202796
vn 0.755093 0.646894 -0.106599
vn 0.711611 -0.151202 0.686111
vn -0.450302 0.759903 -0.468802
vn -0.757418 0.155204 0.634215
vn -0.042599 -0.219993 0.974571
vn -0.5893 -0.2471 0.769199
vn -0.757418 0.155204 0.634215
vn 0.0154 -0.130897 0.991276
vn -0.042599 -0.219993 0.974571
vn -0.091098 -0.345792 0.933878
vn -0.641481 -0.436887 0.630581
vn -0.641481 -0.436887 0.630581
vn -0.320598 -0.242699 0.915595
vn -0.091098 -0.345792 0.933878
vn 0.49089 0.785384 -0.377092
vn -0.232602 -0.381304 0.894709
vn -0.0606 0.5664 0.8219
vn -0.0606 0.5664 0.8219
vn -0.952226 0.239407 -0.189605
vn -0.067302 -0.916724 -0.39381
vn -0.951606 0.262202 -0.160301
vn -0.733608 0.154802 -0.661707
vn 0.559197 -0.797295 -0.227199
vn -0.334292 -0.082198 -0.938878
vn -0.023101 -0.064603 0.997644
vn 0.642579 -0.191994 0.741776
vn 0.0172 -0.589606 0.807508
vn 0.779328 0.059102 0.623823
vn -0.023101 -0.064603 0.997644
vn 0.200603 -0.343405 0.917514
vn 0.779328 0.059102 0.623823
vn 0.200603 -0.343405 0.917514
vn -0.0264 -0.082901 0.996208
vn 0.779328 0.059102 0.623823
vn 0.316992 0.084298 0.944675
vn 0.823785 -0.428392 -0.371293
vn -0.290199 0.0565 -0.955297
vn 0.823785 -0.428392 -0.371293
vn 0.539391 0.793787 -0.280996
vn -0.290199 0.0565 -0.955297
vn 0.391989 0.110797 0.913274
vn -0.792367 0.194592 0.578176
vn -0.114204 0.269409 -0.95623
vn -0.114204 0.269409 -0.95623
vn 0.061399 -0.333693 0.94068
vn -0.249799 0.783698 0.568698
vn 0.354499 -0.671798 -0.650398
vn 0.347381 -0.044898 0.936649
vn -0.920765 0.389585 0.020399
vn 0.409214 0.409214 0.815529
vn 0.347381 -0.044898 0.936649
vn -0.435677 -0.261586 0.861254
vn -0.920765 0.389585 0.020399
vn 0.786181 -0.0196 0.617685
vn 0.609367 0.038398 -0.791958
vn 0.347381 -0.044898 0.936649
usemtl Stormheart-Stone-Golem-Material
f 1/1/1 2/2/2 3/3/3
f 4/4/4 2/2/2 1/1/1
f 1/1/1 5/5/5 6/6/6
f 3/3/3 5/5/5 1/1/1
f 6/6/6 7/7/7 1/1/1
f 1/1/1 7/7/7 8/8/8
f 1/1/1 8/8/8 9/9/9
f 10/10/10 11/11/11 12/12/12
f 13/13/13 14/14/14 15/15/15
f 16/16/16 17/17/17 18/18/18
f 15/15/15 19/19/19 13/13/13
f 20/20/20 21/21/21 22/22/22
f 22/22/22 23/23/23 20/20/20
f 14/14/14 13/13/13 24/24/24
f 25/25/25 18/18/18 17/17/17
f 26/26/26 27/27/27 28/28/28
f 29/29/29 26/26/26 28/28/28
f 14/14/14 24/24/24 30/30/30
f 31/31/31 32/32/32 33/33/33
f 34/34/34 31/31/31 33/33/33
f 35/35/35 34/34/34 33/33/33
f 33/33/33 36/36/36 35/35/35
f 37/37/37 13/13/13 19/19/19
f 38/38/38 37/37/37 19/19/19
f 21/21/21 20/20/20 39/39/39
f 19/19/19 40/40/40 38/38/38
f 41/41/41 42/42/42 43/43/43
f 44/44/44 45/45/45 46/46/46
f 46/46/46 47/47/47 44/44/44
f 48/48/48 43/43/43 42/42/42
f 49/49/49 50/50/50 51/51/51
f 52/52/52 53/53/53 54/54/54
f 55/55/55 56/56/56 57/57/57
f 58/58/58 59/59/59 60/60/60
f 49/49/49 51/51/51 61/61/61
f 61/61/61 62/62/62 49/49/49
f 63/63/63 64/64/64 65/65/65
f 66/66/66 67/67/67 68/68/68
f 69/69/69 70/70/70 53/53/53
f 52/52/52 69/69/69 53/53/53
f 71/71/71 57/57/57 56/56/56
f 72/72/72 73/73/73 74/74/74
f 58/58/58 75/75/75 59/59/59
f 74/74/74 76/76/76 72/72/72
f 77/77/77 78/78/78 79/79/79
f 80/80/80 81/81/81 82/82/82
f 39/39/39 20/20/20 83/83/83
f 82/82/82 84/84/84 80/80/80
f 85/85/85 86/86/86 87/87/87
f 87/87/87 86/86/86 88/88/88
f 89/89/89 90/90/90 91/91/91
f 92/92/92 82/82/82 81/81/81
f 93/93/93 94/94/94 95/95/95
f 93/93/93 95/95/95 96/96/96
f 93/93/93 96/96/96 97/97/97
f 98/98/98 99/99/99 100/100/100
f 94/94/94 101/101/101 102/102/102
f 103/103/103 104/104/104 105/105/105
f 94/94/94 102/102/102 95/95/95
f 18/18/18 25/25/25 106/106/106
f 106/106/106 107/107/107 18/18/18
f 108/108/108 104/104/104 103/103/103
f 109/109/109 110/110/110 111/111/111
f 112/112/112 111/111/111 110/110/110
f 113/113/113 112/112/112 110/110/110
f 29/29/29 114/114/114 26/26/26
f 26/26/26 114/114/114 115/115/115
f 116/116/116 117/117/117 118/118/118
f 119/119/119 120/120/120 121/121/121
f 121/121/121 102/102/102 119/119/119
f 122/122/122 123/123/123 124/124/124
f 124/124/124 123/123/123 125/125/125
f 126/126/126 127/127/127 128/128/128
f 129/129/129 130/130/130 131/131/131
f 129/129/129 131/131/131 132/132/132
f 123/123/123 122/122/122 133/133/133
f 102/102/102 121/121/121 134/134/134
f 96/96/96 95/95/95 102/102/102
f 134/134/134 96/96/96 102/102/102
f 135/135/135 133/133/133 122/122/122
f 136/136/136 135/135/135 122/122/122
f 137/137/137 138/138/138 127/127/127
f 127/127/127 126/126/126 137/137/137
f 139/139/139 140/140/140 141/141/141
f 141/141/141 142/142/142 139/139/139
f 143/143/143 44/44/44 47/47/47
f 144/144/144 143/143/143 47/47/47
f 43/43/43 48/48/48 145/145/145
f 44/44/44 143/143/143 146/146/146
f 140/140/140 147/147/147 148/148/148
f 140/140/140 148/148/148 149/149/149
f 149/149/149 141/141/141 140/140/140
f 150/150/150 151/151/151 152/152/152
f 152/152/152 153/153/153 150/150/150
f 98/98/98 153/153/153 152/152/152
f 154/154/154 98/98/98 152/152/152
f 144/144/144 155/155/155 143/143/143
f 150/150/150 156/156/156 151/151/151
f 156/156/156 150/150/150 157/157/157
f 156/156/156 157/157/157 158/158/158
f 159/159/159 160/160/160 161/161/161
f 157/157/157 162/162/162 158/158/158
f 163/163/163 164/164/164 165/165/165
f 166/166/166 164/164/164 163/163/163
f 167/167/167 168/168/168 169/169/169
f 167/167/167 169/169/169 170/170/170
f 171/171/171 172/172/172 173/173/173
f 174/174/174 175/175/175 176/176/176
f 177/177/177 178/178/178 179/179/179
f 166/166/166 180/180/180 164/164/164
f 64/64/64 63/63/63 181/181/181
f 51/51/51 182/182/182 183/183/183
f 51/51/51 183/183/183 61/61/61
f 184/184/184 67/67/67 185/185/185
f 186/186/186 70/70/70 69/69/69
f 187/187/187 169/169/169 168/168/168
f 186/186/186 69/69/69 188/188/188
f 184/184/184 68/68/68 67/67/67
f 189/189/189 178/178/178 190/190/190
f 191/191/191 181/181/181 63/63/63
f 178/178/178 177/177/177 190/190/190
f 192/192/192 190/190/190 177/177/177
f 166/166/166 193/193/193 180/180/180
f 177/177/177 194/194/194 195/195/195
f 195/195/195 192/192/192 177/177/177
f 181/181/181 191/191/191 196/196/196
f 181/181/181 196/196/196 197/197/197
f 198/198/198 199/199/199 200/200/200
f 200/200/200 201/201/201 198/198/198
f 202/202/202 203/203/203 204/204/204
f 202/202/202 204/204/204 205/205/205
f 202/202/202 205/205/205 206/206/206
f 207/207/207 170/170/170 169/169/169
f 204/204/204 203/203/203 208/208/208
f 209/209/209 210/210/210 211/211/211
f 209/209/209 211/211/211 212/212/212
f 213/213/213 214/214/214 215/215/215
f 71/71/71 216/216/216 57/57/57
f 216/216/216 71/71/71 217/217/217
f 218/218/218 219/219/219 220/220/220
f 217/217/217 221/221/221 216/216/216
f 222/222/222 223/223/223 73/73/73
f 73/73/73 72/72/72 222/222/222
f 214/214/214 213/213/213 224/224/224
f 214/214/214 224/224/224 225/225/225
f 226/226/226 205/205/205 204/204/204
f 227/227/227 228/228/228 229/229/229
f 230/230/230 231/231/231 232/232/232
f 233/233/233 227/227/227 229/229/229
f 234/234/234 172/172/172 235/235/235
f 236/236/236 195/195/195 194/194/194
f 234/234/234 235/235/235 237/237/237
f 171/171/171 235/235/235 172/172/172
f 238/238/238 239/239/239 240/240/240
f 241/241/241 242/242/242 243/243/243
f 240/240/240 244/244/244 238/238/238
f 243/243/243 231/231/231 241/241/241
f 239/239/239 238/238/238 245/245/245
f 245/245/245 246/246/246 239/239/239
f 247/247/247 243/243/243 242/242/242
f 195/195/195 236/236/236 248/248/248
f 205/205/205 226/226/226 249/249/249
f 250/250/250 251/251/251 252/252/252
f 243/243/243 232/232/232 231/231/231
f 227/227/227 233/233/233 253/253/253
f 254/254/254 255/255/255 256/256/256
f 256/256/256 257/257/257 254/254/254
f 258/258/258 253/253/253 233/233/233
f 243/243/243 247/247/247 259/259/259
f 260/260/260 256/256/256 255/255/255
f 261/261/261 262/262/262 263/263/263
f 263/263/263 264/264/264 261/261/261
f 265/265/265 266/266/266 267/267/267
f 265/265/265 267/267/267 268/268/268
f 269/269/269 270/270/270 265/265/265
f 268/268/268 269/269/269 265/265/265
f 271/271/271 272/272/272 273/273/273
f 262/262/262 261/261/261 274/274/274
f 272/272/272 271/271/271 275/275/275
f 276/276/276 277/277/277 278/278/278
f 278/278/278 279/279/279 276/276/276
f 82/82/82 280/280/280 84/84/84
f 84/84/84 280/280/280 281/281/281
f 264/264/264 282/282/282 283/283/283
f 283/283/283 261/261/261 264/264/264
f 284/284/284 285/285/285 286/286/286
f 284/284/284 286/286/286 287/287/287
f 288/288/288 289/289/289 290/290/290
f 291/291/291 286/286/286 285/285/285
f 292/292/292 288/288/288 293/293/293
f 286/286/286 291/291/291 294/294/294
f 295/295/295 292/292/292 293/293/293
f 296/296/296 289/289/289 288/288/288
f 296/296/296 288/288/288 297/297/297
f 275/275/275 271/271/271 298/298/298
f 296/296/296 297/297/297 299/299/299
f 292/292/292 297/297/297 288/288/288
f 300/300/300 277/277/277 301/301/301
f 300/300/300 278/278/278 277/277/277
f 302/302/302 303/303/303 304/304/304
f 305/305/305 303/303/303 302/302/302
f 306/306/306 307/307/307 308/308/308
f 302/302/302 309/309/309 305/305/305
f 310/310/310 311/311/311 312/312/312
f 305/305/305 313/313/313 303/303/303
f 314/314/314 315/315/315 310/310/310
f 312/312/312 314/314/314 310/310/310
f 316/316/316 317/317/317 318/318/318
f 319/319/319 317/317/317 316/316/316
f 313/313/313 305/305/305 320/320/320
f 321/321/321 318/318/318 317/317/317
f 322/322/322 321/321/321 317/317/317
f 317/317/317 319/319/319 323/323/323
f 317/317/317 323/323/323 322/322/322
f 315/315/315 314/314/314 324/324/324
f 324/324/324 325/325/325 315/315/315
f 326/326/326 327/327/327 328/328/328
f 329/329/329 308/308/308 307/307/307
f 330/330/330 329/329/329 307/307/307
f 314/314/314 312/312/312 324/324/324
f 331/331/331 324/324/324 312/312/312
f 332/332/332 333/333/333 334/334/334
f 335/335/335 328/328/328 327/327/327
f 333/333/333 336/336/336 337/337/337
f 333/333/333 337/337/337 338/338/338
f 333/333/333 338/338/338 334/334/334
f 339/339/339 340/340/340 341/341/341
f 342/342/342 343/343/343 344/344/344
f 345/345/345 346/346/346 347/347/347
f 339/339/339 348/348/348 340/340/340
f 349/349/349 350/350/350 351/351/351
f 352/352/352 353/353/353 354/354/354
f 354/354/354 353/353/353 355/355/355
f 356/356/356 357/357/357 358/358/358
f 356/356/356 328/328/328 335/335/335
f 359/359/359 328/328/328 356/356/356
f 356/356/356 358/358/358 360/360/360
f 356/356/356 360/360/360 359/359/359
f 361/361/361 362/362/362 363/363/363
f 363/363/363 364/364/364 361/361/361
f 365/365/365 366/366/366 367/367/367
f 368/368/368 369/369/369 370/370/370
f 368/368/368 370/370/370 371/371/371
f 372/372/372 373/373/373 374/374/374
f 145/145/145 48/48/48 375/375/375
f 376/376/376 99/99/99 98/98/98
f 376/376/376 98/98/98 154/154/154
f 377/377/377 378/378/378 379/379/379
f 380/380/380 237/237/237 235/235/235
f 381/381/381 380/380/380 235/235/235
f 382/382/382 383/383/383 384/384/384
f 385/385/385 386/386/386 387/387/387
f 388/388/388 387/387/387 386/386/386
f 387/387/387 388/388/388 389/389/389
f 390/390/390 391/391/391 392/392/392
f 391/391/391 393/393/393 394/394/394
f 391/391/391 394/394/394 392/392/392
f 395/395/395 394/394/394 393/393/393
f 396/396/396 397/397/397 388/388/388
f 389/389/389 388/388/388 397/397/397
f 398/398/398 399/399/399 400/400/400
f 401/401/401 398/398/398 400/400/400
f 402/402/402 403/403/403 404/404/404
f 405/405/405 406/406/406 407/407/407
f 408/408/408 409/409/409 410/410/410
f 411/411/411 412/412/412 413/413/413
f 414/414/414 415/415/415 416/416/416
f 417/417/417 418/418/418 419/419/419
f 269/269/269 420/420/420 270/270/270
f 421/421/421 422/422/422 423/423/423
f 424/424/424 425/425/425 426/426/426
f 427/427/427 428/428/428 429/429/429
f 430/430/430 431/431/431 432/432/432
f 433/433/433 142/142/142 141/141/141
f 434/434/434 435/435/435 436/436/436
f 437/437/437 115/115/115 114/114/114
f 436/436/436 438/438/438 434/434/434
f 439/439/439 440/440/440 441/441/441
f 442/442/442 440/440/440 439/439/439
f 443/443/443 444/444/444 445/445/445
f 443/443/443 445/445/445 446/446/446
f 447/447/447 448/448/448 449/449/449
f 446/446/446 450/450/450 443/443/443
f 418/418/418 451/451/451 452/452/452
f 417/417/417 451/451/451 418/418/418
f 452/452/452 453/453/453 418/418/418
f 454/454/454 455/455/455 456/456/456
f 456/456/456 455/455/455 457/457/457
f 458/458/458 459/459/459 460/460/460
f 456/456/456 457/457/457 461/461/461
f 456/456/456 461/461/461 462/462/462
f 463/463/463 464/464/464 465/465/465
f 455/455/455 466/466/466 457/457/457
f 465/465/465 467/467/467 463/463/463
f 454/454/454 468/468/468 455/455/455
f 469/469/469 457/457/457 466/466/466
f 470/470/470 471/471/471 291/291/291
f 472/472/472 473/473/473 474/474/474
f 475/475/475 476/476/476 477/477/477
f 475/475/475 477/477/477 478/478/478
f 479/479/479 291/291/291 471/471/471
f 478/478/478 480/480/480 481/481/481
f 482/482/482 483/483/483 459/459/459
f 459/459/459 458/458/458 484/484/484
f 459/459/459 484/484/484 482/482/482
f 485/485/485 420/420/420 486/486/486
f 487/487/487 488/488/488 489/489/489
f 489/489/489 490/490/490 487/487/487
f 420/420/420 491/491/491 486/486/486
f 269/269/269 491/491/491 420/420/420
f 492/492/492 462/462/462 461/461/461
f 493/493/493 494/494/494 495/495/495
f 496/496/496 478/478/478 477/477/477
f 497/497/497 498/498/498 499/499/499
f 477/477/477 500/500/500 501/501/501
f 501/501/501 496/496/496 477/477/477
f 502/502/502 160/160/160 503/503/503
f 504/504/504 436/436/436 435/435/435
f 291/291/291 479/479/479 294/294/294
f 480/480/480 478/478/478 496/496/496
f 441/441/441 440/440/440 462/462/462
f 492/492/492 441/441/441 462/462/462
f 505/505/505 506/506/506 507/507/507
f 492/492/492 508/508/508 441/441/441
f 444/444/444 509/509/509 445/445/445
f 510/510/510 511/511/511 512/512/512
f 513/513/513 514/514/514 515/515/515
f 516/516/516 513/513/513 515/515/515
f 510/510/510 512/512/512 517/517/517
f 515/515/515 518/518/518 516/516/516
f 494/494/494 493/493/493 519/519/519
f 514/514/514 513/513/513 520/520/520
f 521/521/521 446/446/446 445/445/445
f 522/522/522 521/521/521 445/445/445
f 520/520/520 523/523/523 514/514/514
f 513/513/513 516/516/516 524/524/524
f 513/513/513 524/524/524 520/520/520
f 525/525/525 526/526/526 527/527/527
f 528/528/528 529/529/529 530/530/530
f 531/531/531 532/532/532 533/533/533
f 530/530/530 534/534/534 528/528/528
f 535/535/535 536/536/536 537/537/537
f 538/538/538 539/539/539 540/540/540
f 541/541/541 542/542/542 543/543/543
f 544/544/544 545/545/545 546/546/546
f 547/547/547 548/548/548 549/549/549
f 550/550/550 551/551/551 552/552/552
f 553/553/553 554/554/554 526/526/526
f 526/526/526 554/554/554 527/527/527
f 555/555/555 556/556/556 529/529/529
f 528/528/528 555/555/555 529/529/529
f 557/557/557 554/554/554 553/553/553
f 557/557/557 553/553/553 558/558/558
f 556/556/556 555/555/555 559/559/559
f 560/560/560 558/558/558 553/553/553
f 561/561/561 562/562/562 563/563/563
f 564/564/564 543/543/543 542/542/542
f 565/565/565 566/566/566 567/567/567
f 568/568/568 569/569/569 570/570/570
f 571/571/571 572/572/572 573/573/573
f 568/568/568 574/574/574 569/569/569
f 575/575/575 576/576/576 577/577/577
f 577/577/577 578/578/578 575/575/575
f 579/579/579 580/580/580 581/581/581
f 582/582/582 583/583/583 584/584/584
f 585/585/585 586/586/586 587/587/587
f 588/588/588 589/589/589 590/590/590
f 555/555/555 528/528/528 591/591/591
f 555/555/555 591/591/591 592/592/592
f 592/592/592 559/559/559 555/555/555
f 437/437/437 593/593/593 115/115/115
f 437/437/437 594/594/594 593/593/593
f 595/595/595 532/532/532 531/531/531
f 534/534/534 596/596/596 528/528/528
f 597/597/597 598/598/598 599/599/599
f 600/600/600 601/601/601 602/602/602
f 527/527/527 603/603/603 602/602/602
f 602/602/602 603/603/603 600/600/600
f 159/159/159 503/503/503 160/160/160
f 604/604/604 605/605/605 606/606/606
f 607/607/607 608/608/608 609/609/609
f 610/610/610 611/611/611 604/604/604
f 606/606/606 610/610/610 604/604/604
f 612/612/612 613/613/613 614/614/614
f 615/615/615 616/616/616 617/617/617
f 614/614/614 618/618/618 612/612/612
f 619/619/619 528/528/528 596/596/596
f 620/620/620 600/600/600 603/603/603
f 560/560/560 621/621/621 558/558/558
f 600/600/600 620/620/620 622/622/622
f 623/623/623 622/622/622 620/620/620
f 622/622/622 623/623/623 624/624/624
f 625/625/625 626/626/626 627/627/627
f 628/628/628 625/625/625 627/627/627
f 627/627/627 629/629/629 628/628/628
f 623/623/623 621/621/621 624/624/624
f 621/621/621 560/560/560 624/624/624
f 630/630/630 521/521/521 631/631/631
f 583/583/583 582/582/582 632/632/632
f 633/633/633 587/587/587 586/586/586
f 634/634/634 635/635/635 636/636/636
f 637/637/637 632/632/632 582/582/582
f 587/587/587 633/633/633 638/638/638
f 639/639/639 640/640/640 641/641/641
f 642/642/642 643/643/643 644/644/644
f 645/645/645 646/646/646 647/647/647
f 648/648/648 649/649/649 650/650/650
f 651/651/651 652/652/652 653/653/653
f 654/654/654 655/655/655 656/656/656
f 657/657/657 658/658/658 659/659/659
f 651/651/651 653/653/653 660/660/660
f 651/651/651 660/660/660 661/661/661
f 521/521/521 522/522/522 662/662/662
f 521/521/521 662/662/662 663/663/663
f 521/521/521 663/663/663 664/664/664
f 664/664/664 631/631/631 521/521/521
f 665/665/665 666/666/666 523/523/523
f 523/523/523 520/520/520 665/665/665
f 667/667/667 668/668/668 669/669/669
f 669/669/669 668/668/668 670/670/670
f 671/671/671 667/667/667 669/669/669
f 672/672/672 671/671/671 669/669/669
f 673/673/673 674/674/674 675/675/675
f 676/676/676 649/649/649 648/648/648
f 677/677/677 670/670/670 668/668/668
f 640/640/640 639/639/639 678/678/678
f 643/643/643 679/679/679 644/644/644
f 680/680/680 681/681/681 682/682/682
f 682/682/682 683/683/683 680/680/680
f 684/684/684 685/685/685 686/686/686
f 671/671/671 672/672/672 687/687/687
f 687/687/687 688/688/688 671/671/671
f 689/689/689 690/690/690 691/691/691
f 692/692/692 693/693/693 694/694/694
f 695/695/695 696/696/696 697/697/697
f 490/490/490 698/698/698 699/699/699
f 490/490/490 699/699/699 487/487/487
f 278/278/278 697/697/697 696/696/696
f 696/696/696 279/279/279 278/278/278
f 697/697/697 278/278/278 300/300/300
f 697/697/697 300/300/300 700/700/700
f 701/701/701 702/702/702 703/703/703
f 704/704/704 705/705/705 706/706/706
f 292/292/292 295/295/295 707/707/707
f 708/708/708 709/709/709 702/702/702
f 710/710/710 708/708/708 702/702/702
f 702/702/702 701/701/701 710/710/710
f 711/711/711 712/712/712 713/713/713
f 714/714/714 715/715/715 716/716/716
f 717/717/717 718/718/718 719/719/719
f 720/720/720 721/721/721 722/722/722
f 723/723/723 724/724/724 725/725/725
f 712/712/712 726/726/726 727/727/727
f 727/727/727 713/713/713 712/712/712
f 724/724/724 723/723/723 728/728/728
f 512/512/512 729/729/729 517/517/517
f 730/730/730 731/731/731 732/732/732
f 733/733/733 734/734/734 735/735/735
f 736/736/736 737/737/737 738/738/738
f 706/706/706 705/705/705 739/739/739
f 740/740/740 706/706/706 739/739/739
f 741/741/741 608/608/608 607/607/607
f 701/701/701 742/742/742 710/710/710
f 743/743/743 710/710/710 742/742/742
f 744/744/744 743/743/743 742/742/742
f 745/745/745 746/746/746 747/747/747
f 748/748/748 749/749/749 750/750/750
f 751/751/751 752/752/752 753/753/753
f 750/750/750 737/737/737 748/748/748
f 754/754/754 755/755/755 756/756/756
f 757/757/757 758/758/758 759/759/759
f 760/760/760 758/758/758 757/757/757
f 743/743/743 761/761/761 710/710/710
f 749/749/749 748/748/748 762/762/762
f 736/736/736 748/748/748 737/737/737
f 761/761/761 743/743/743 763/763/763
f 764/764/764 765/765/765 766/766/766
f 767/767/767 764/764/764 766/766/766
f 743/743/743 744/744/744 768/768/768
f 769/769/769 770/770/770 771/771/771
f 765/765/765 764/764/764 772/772/772
f 524/524/524 773/773/773 774/774/774
f 524/524/524 774/774/774 775/775/775
f 524/524/524 775/775/775 520/520/520
f 776/776/776 777/777/777 778/778/778
f 779/779/779 777/777/777 776/776/776
f 780/780/780 772/772/772 764/764/764
f 764/764/764 767/767/767 781/781/781
f 782/782/782 783/783/783 784/784/784
f 784/784/784 783/783/783 785/785/785
f 786/786/786 787/787/787 788/788/788
f 783/783/783 782/782/782 789/789/789
f 790/790/790 785/785/785 783/783/783
f 791/791/791 792/792/792 793/793/793
f 794/794/794 795/795/795 796/796/796
f 797/797/797 798/798/798 799/799/799
f 800/800/800 801/801/801 787/787/787
f 787/787/787 786/786/786 800/800/800
f 772/772/772 780/780/780 802/802/802
f 802/802/802 803/803/803 772/772/772
f 790/790/790 804/804/804 785/785/785
f 805/805/805 806/806/806 807/807/807
f 805/805/805 807/807/807 808/808/808
f 809/809/809 775/775/775 774/774/774
f 810/810/810 811/811/811 812/812/812
f 813/813/813 814/814/814 815/815/815
f 816/816/816 817/817/817 818/818/818
f 819/819/819 813/813/813 815/815/815
f 820/820/820 821/821/821 822/822/822
f 822/822/822 823/823/823 820/820/820
f 815/815/815 824/824/824 819/819/819
f 814/814/814 813/813/813 825/825/825
f 826/826/826 827/827/827 828/828/828
f 829/829/829 830/830/830 831/831/831
f 832/832/832 829/829/829 831/831/831
f 833/833/833 834/834/834 835/835/835
f 813/813/813 836/836/836 825/825/825
f 835/835/835 837/837/837 833/833/833
f 838/838/838 839/839/839 840/840/840
f 840/840/840 841/841/841 838/838/838
f 842/842/842 843/843/843 844/844/844
f 839/839/839 845/845/845 840/840/840
f 846/846/846 844/844/844 843/843/843
f 829/829/829 832/832/832 847/847/847
f 801/801/801 800/800/800 848/848/848
f 849/849/849 850/850/850 851/851/851
f 844/844/844 846/846/846 852/852/852
f 852/852/852 853/853/853 844/844/844
f 823/823/823 822/822/822 854/854/854
f 855/855/855 856/856/856 857/857/857
f 823/823/823 854/854/854 858/858/858
f 840/840/840 859/859/859 841/841/841
f 860/860/860 861/861/861 862/862/862
f 834/834/834 863/863/863 835/835/835
f 864/864/864 865/865/865 866/866/866
f 864/864/864 866/866/866 867/867/867
f 859/859/859 840/840/840 868/868/868
f 869/869/869 870/870/870 871/871/871
f 871/871/871 872/872/872 869/869/869
f 849/849/849 872/872/872 850/850/850
f 872/872/872 873/873/873 869/869/869
f 849/849/849 873/873/873 872/872/872
f 867/867/867 866/866/866 874/874/874
f 875/875/875 867/867/867 874/874/874
f 876/876/876 877/877/877 873/873/873
f 873/873/873 849/849/849 876/876/876
f 878/878/878 879/879/879 880/880/880
f 881/881/881 882/882/882 883/883/883
f 837/837/837 835/835/835 884/884/884
f 885/885/885 886/886/886 887/887/887
f 888/888/888 795/795/795 889/889/889
f 888/888/888 796/796/796 795/795/795
f 890/890/890 882/882/882 881/881/881
f 891/891/891 892/892/892 893/893/893
f 893/893/893 894/894/894 891/891/891
f 881/881/881 895/895/895 890/890/890
f 811/811/811 896/896/896 812/812/812
f 897/897/897 891/891/891 894/894/894
f 898/898/898 899/899/899 894/894/894
f 894/894/894 899/899/899 897/897/897
f 900/900/900 901/901/901 902/902/902
f 903/903/903 904/904/904 905/905/905
f 906/906/906 907/907/907 908/908/908
f 899/899/899 909/909/909 897/897/897
f 910/910/910 808/808/808 807/807/807
f 900/900/900 911/911/911 901/901/901
f 875/875/875 912/912/912 867/867/867
f 913/913/913 914/914/914 915/915/915
f 916/916/916 917/917/917 918/918/918
f 919/919/919 920/920/920 921/921/921
f 922/922/922 923/923/923 924/924/924
f 925/925/925 926/926/926 927/927/927
f 928/928/928 929/929/929 930/930/930
f 931/931/931 932/932/932 933/933/933
f 934/934/934 935/935/935 936/936/936
f 937/937/937 938/938/938 939/939/939
f 940/940/940 941/941/941 942/942/942
f 943/943/943 944/944/944 945/945/945
f 946/946/946 947/947/947 948/948/948
f 944/944/944 943/943/943 949/949/949
f 950/950/950 951/951/951 952/952/952
f 953/953/953 954/954/954 955/955/955
f 775/775/775 809/809/809 956/956/956
f 956/956/956 520/520/520 775/775/775
f 957/957/957 626/626/626 958/958/958
f 625/625/625 958/958/958 626/626/626
f 959/959/959 781/781/781 767/767/767
f 960/960/960 961/961/961 962/962/962
f 963/963/963 960/960/960 962/962/962
f 781/781/781 959/959/959 964/964/964
f 965/965/965 966/966/966 967/967/967
f 968/968/968 969/969/969 970/970/970
f 971/971/971 964/964/964 959/959/959
f 970/970/970 972/972/972 968/968/968
f 969/969/969 625/625/625 973/973/973
f 973/973/973 974/974/974 969/969/969
f 969/969/969 974/974/974 970/970/970
f 628/628/628 973/973/973 625/625/625
f 974/974/974 973/973/973 975/975/975
f 974/974/974 975/975/975 976/976/976
f 977/977/977 970/970/970 974/974/974
f 976/976/976 977/977/977 974/974/974
f 978/978/978 975/975/975 973/973/973
f 973/973/973 628/628/628 979/979/979
f 973/973/973 979/979/979 978/978/978
f 980/980/980 981/981/981 982/982/982
f 983/983/983 981/981/981 980/980/980
f 982/982/982 984/984/984 980/980/980
f 985/985/985 986/986/986 987/987/987
f 988/988/988 985/985/985 987/987/987
f 989/989/989 990/990/990 991/991/991
f 992/992/992 993/993/993 994/994/994
f 995/995/995 996/996/996 966/966/966
f 966/966/966 965/965/965 997/997/997
f 997/997/997 995/995/995 966/966/966
f 998/998/998 997/997/997 965/965/965
f 999/999/999 910/910/910 1000/1000/1000
f 1001/1001/1001 999/999/999 1000/1000/1000
f 995/995/995 997/997/997 1002/1002/1002
f 997/997/997 998/998/998 1002/1002/1002
f 808/808/808 910/910/910 999/999/999
f 1003/1003/1003 1004/1004/1004 1005/1005/1005
f 1006/1006/1006 1007/1007/1007 1008/1008/1008
f 1009/1009/1009 1010/1010/1010 1011/1011/1011
f 1007/1007/1007 1006/1006/1006 1012/1012/1012
f 1013/1013/1013 1014/1014/1014 1015/1015/1015
f 1015/1015/1015 1014/1014/1014 1016/1016/1016
f 933/933/933 932/932/932 1017/1017/1017
f 1018/1018/1018 1019/1019/1019 1020/1020/1020
f 1009/1009/1009 1021/1021/1021 1010/1010/1010
f 999/999/999 1001/1001/1001 1022/1022/1022
f 999/999/999 1022/1022/1022 1023/1023/1023
f 1004/1004/1004 1024/1024/1024 1005/1005/1005
f 1025/1025/1025 1005/1005/1005 1024/1024/1024
f 1026/1026/1026 1027/1027/1027 1028/1028/1028
f 1028/1028/1028 1005/1005/1005 1026/1026/1026
f 1029/1029/1029 1030/1030/1030 1031/1031/1031
f 674/674/674 1032/1032/1032 1033/1033/1033
f 674/674/674 1033/1033/1033 675/675/675
f 1030/1030/1030 1034/1034/1034 1031/1031/1031
f 1025/1025/1025 1026/1026/1026 1005/1005/1005
f 1034/1034/1034 984/984/984 1031/1031/1031
f 982/982/982 1031/1031/1031 984/984/984
f 985/985/985 1035/1035/1035 1036/1036/1036
f 1036/1036/1036 986/986/986 985/985/985
f 1035/1035/1035 985/985/985 1037/1037/1037
f 1038/1038/1038 675/675/675 1033/1033/1033
f 1039/1039/1039 1038/1038/1038 1033/1033/1033
f 1040/1040/1040 1041/1041/1041 1042/1042/1042
f 1043/1043/1043 1044/1044/1044 1045/1045/1045
f 1046/1046/1046 1040/1040/1040 1042/1042/1042
f 1047/1047/1047 1048/1048/1048 1049/1049/1049
f 1050/1050/1050 1051/1051/1051 1052/1052/1052
f 1053/1053/1053 1054/1054/1054 1055/1055/1055
f 1055/1055/1055 1056/1056/1056 1053/1053/1053
f 1057/1057/1057 1041/1041/1041 1040/1040/1040
f 1058/1058/1058 1059/1059/1059 1060/1060/1060
f 1061/1061/1061 1062/1062/1062 1063/1063/1063
f 1064/1064/1064 1065/1065/1065 1066/1066/1066
f 1067/1067/1067 1068/1068/1068 1069/1069/1069
f 1044/1044/1044 1070/1070/1070 1045/1045/1045
f 1071/1071/1071 1072/1072/1072 1073/1073/1073
f 1074/1074/1074 1075/1075/1075 1076/1076/1076
f 1073/1073/1073 1077/1077/1077 1071/1071/1071
f 1078/1078/1078 1079/1079/1079 1080/1080/1080
f 1081/1081/1081 1082/1082/1082 1083/1083/1083
f 1084/1084/1084 1085/1085/1085 1086/1086/1086
f 1087/1087/1087 1088/1088/1088 1089/1089/1089
f 1090/1090/1090 1086/1086/1086 1085/1085/1085
f 1091/1091/1091 1086/1086/1086 1090/1090/1090
f 985/985/985 1092/1092/1092 1037/1037/1037
f 988/988/988 1092/1092/1092 985/985/985
f 1093/1093/1093 1094/1094/1094 1095/1095/1095
f 1096/1096/1096 1097/1097/1097 1098/1098/1098
f 1093/1093/1093 1095/1095/1095 1099/1099/1099
f 1100/1100/1100 1101/1101/1101 1102/1102/1102
f 1102/1102/1102 1101/1101/1101 1103/1103/1103
f 1098/1098/1098 1104/1104/1104 1096/1096/1096
f 1105/1105/1105 1106/1106/1106 1107/1107/1107
f 1094/1094/1094 1108/1108/1108 1109/1109/1109
f 1110/1110/1110 1111/1111/1111 1112/1112/1112
f 1109/1109/1109 1095/1095/1095 1094/1094/1094
f 1113/1113/1113 1114/1114/1114 1115/1115/1115
f 1116/1116/1116 1117/1117/1117 1113/1113/1113
f 1115/1115/1115 1116/1116/1116 1113/1113/1113
f 1118/1118/1118 1119/1119/1119 1120/1120/1120
f 1121/1121/1121 1122/1122/1122 1123/1123/1123
f 1124/1124/1124 1125/1125/1125 1126/1126/1126
f 1127/1127/1127 1128/1128/1128 1129/1129/1129
f 1129/1129/1129 1130/1130/1130 1127/1127/1127
f 1131/1131/1131 1132/1132/1132 1133/1133/1133
f 1134/1134/1134 1135/1135/1135 1136/1136/1136
f 1133/1133/1133 1137/1137/1137 1131/1131/1131
f 1136/1136/1136 1138/1138/1138 1134/1134/1134
f 1132/1132/1132 1139/1139/1139 1133/1133/1133
f 1140/1140/1140 1141/1141/1141 1142/1142/1142
f 1143/1143/1143 1140/1140/1140 1142/1142/1142
f 1134/1134/1134 1144/1144/1144 1135/1135/1135
f 1145/1145/1145 1146/1146/1146 1147/1147/1147
f 1148/1148/1148 1149/1149/1149 1150/1150/1150
f 1151/1151/1151 1148/1148/1148 1150/1150/1150
f 1122/1122/1122 1121/1121/1121 1152/1152/1152
f 1152/1152/1152 1153/1153/1153 1122/1122/1122
f 1138/1138/1138 1154/1154/1154 1134/1134/1134
f 1155/1155/1155 1126/1126/1126 1125/1125/1125
f 1156/1156/1156 1155/1155/1155 1125/1125/1125
f 1157/1157/1157 1158/1158/1158 1159/1159/1159
f 1160/1160/1160 1161/1161/1161 1162/1162/1162
f 1162/1162/1162 1163/1163/1163 1160/1160/1160
f 1140/1140/1140 1164/1164/1164 1141/1141/1141
f 1165/1165/1165 1160/1160/1160 1163/1163/1163
f 1163/1163/1163 1166/1166/1166 1165/1165/1165
f 1167/1167/1167 1168/1168/1168 1169/1169/1169
f 1168/1168/1168 1170/1170/1170 1171/1171/1171
f 1171/1171/1171 1169/1169/1169 1168/1168/1168
f 1158/1158/1158 1172/1172/1172 1159/1159/1159
f 1173/1173/1173 1172/1172/1172 1174/1174/1174
f 1140/1140/1140 1143/1143/1143 1175/1175/1175
f 1174/1174/1174 1176/1176/1176 1173/1173/1173
f 1173/1173/1173 1159/1159/1159 1172/1172/1172
f 1159/1159/1159 1173/1173/1173 1177/1177/1177
f 1178/1178/1178 1171/1171/1171 1170/1170/1170
f 1179/1179/1179 1180/1180/1180 1181/1181/1181
f 1182/1182/1182 1183/1183/1183 1184/1184/1184
f 1185/1185/1185 1179/1179/1179 1181/1181/1181
f 1182/1182/1182 1184/1184/1184 1186/1186/1186
f 1181/1181/1181 1187/1187/1187 1188/1188/1188
f 1181/1181/1181 1188/1188/1188 1185/1185/1185
f 1189/1189/1189 1190/1190/1190 1191/1191/1191
f 1189/1189/1189 1191/1191/1191 1192/1192/1192
f 1193/1193/1193 1191/1191/1191 1190/1190/1190
f 1194/1194/1194 1195/1195/1195 1196/1196/1196
f 1197/1197/1197 1198/1198/1198 308/308/308
f 329/329/329 1197/1197/1197 308/308/308
f 305/305/305 1199/1199/1199 320/320/320
f 1191/1191/1191 1200/1200/1200 1192/1192/1192
f 1201/1201/1201 320/320/320 1199/1199/1199
f 1202/1202/1202 1103/1103/1103 1101/1101/1101
f 1203/1203/1203 1204/1204/1204 1205/1205/1205
f 1206/1206/1206 1207/1207/1207 1208/1208/1208
f 1209/1209/1209 322/322/322 323/323/323
f 1195/1195/1195 1194/1194/1194 1210/1210/1210
f 1211/1211/1211 1208/1208/1208 1207/1207/1207
f 1212/1212/1212 1210/1210/1210 1194/1194/1194
f 1213/1213/1213 1212/1212/1212 1194/1194/1194
f 348/348/348 339/339/339 1214/1214/1214
f 348/348/348 1214/1214/1214 1215/1215/1215
f 1216/1216/1216 1217/1217/1217 369/369/369
f 1208/1208/1208 1211/1211/1211 1218/1218/1218
f 1210/1210/1210 1212/1212/1212 1219/1219/1219
f 1210/1210/1210 1219/1219/1219 1220/1220/1220
f 1221/1221/1221 1222/1222/1222 1223/1223/1223
f 1212/1212/1212 1213/1213/1213 1224/1224/1224
f 1225/1225/1225 1226/1226/1226 1227/1227/1227
f 1222/1222/1222 1221/1221/1221 1228/1228/1228
f 1229/1229/1229 1225/1225/1225 1227/1227/1227
f 1217/1217/1217 1230/1230/1230 369/369/369
f 1231/1231/1231 1146/1146/1146 1232/1232/1232
f 1232/1232/1232 1233/1233/1233 1231/1231/1231
f 1231/1231/1231 1147/1147/1147 1146/1146/1146
f 1148/1148/1148 1151/1151/1151 1234/1234/1234
f 1151/1151/1151 1235/1235/1235 1234/1234/1234
f 1231/1231/1231 1236/1236/1236 1147/1147/1147
f 1237/1237/1237 1229/1229/1229 1238/1238/1238
f 1239/1239/1239 1237/1237/1237 1238/1238/1238
f 1236/1236/1236 1231/1231/1231 1240/1240/1240
f 1233/1233/1233 1241/1241/1241 1231/1231/1231
f 1225/1225/1225 1229/1229/1229 1237/1237/1237
f 1230/1230/1230 1242/1242/1242 1243/1243/1243
f 1243/1243/1243 369/369/369 1230/1230/1230
f 1244/1244/1244 1245/1245/1245 1237/1237/1237
f 1237/1237/1237 1239/1239/1239 1244/1244/1244
f 1243/1243/1243 370/370/370 369/369/369
f 1246/1246/1246 371/371/371 370/370/370
f 370/370/370 1243/1243/1243 1246/1246/1246
f 1247/1247/1247 360/360/360 358/358/358
f 364/364/364 363/363/363 1248/1248/1248
f 1249/1249/1249 1250/1250/1250 1251/1251/1251
f 1252/1252/1252 1253/1253/1253 1254/1254/1254
f 1255/1255/1255 1252/1252/1252 1254/1254/1254
f 1256/1256/1256 1257/1257/1257 1258/1258/1258
f 1259/1259/1259 1248/1248/1248 363/363/363
f 363/363/363 1260/1260/1260 1259/1259/1259
f 1244/1244/1244 1261/1261/1261 1245/1245/1245
f 1243/1243/1243 1262/1262/1262 1246/1246/1246
f 1263/1263/1263 1264/1264/1264 1265/1265/1265
f 1266/1266/1266 1264/1264/1264 1263/1263/1263
f 1267/1267/1267 1268/1268/1268 1269/1269/1269
f 1270/1270/1270 1271/1271/1271 1272/1272/1272
f 1265/1265/1265 1273/1273/1273 1263/1263/1263
f 1261/1261/1261 1244/1244/1244 1274/1274/1274
f 1275/1275/1275 1246/1246/1246 1262/1262/1262
f 1266/1266/1266 1276/1276/1276 1264/1264/1264
f 1268/1268/1268 1267/1267/1267 1277/1277/1277
f 1268/1268/1268 1277/1277/1277 1278/1278/1278
f 1271/1271/1271 1279/1279/1279 1280/1280/1280
f 1280/1280/1280 1272/1272/1272 1271/1271/1271
f 1281/1281/1281 1282/1282/1282 1283/1283/1283
f 1284/1284/1284 1285/1285/1285 1286/1286/1286
f 1287/1287/1287 1283/1283/1283 1282/1282/1282
f 1288/1288/1288 1287/1287/1287 1282/1282/1282
f 1289/1289/1289 1290/1290/1290 1291/1291/1291
f 1291/1291/1291 1290/1290/1290 1292/1292/1292
f 1293/1293/1293 1294/1294/1294 1295/1295/1295
f 1296/1296/1296 1297/1297/1297 1298/1298/1298
f 1299/1299/1299 1292/1292/1292 1290/1290/1290
f 1300/1300/1300 1244/1244/1244 1296/1296/1296
f 1296/1296/1296 1298/1298/1298 1300/1300/1300
f 1287/1287/1287 1288/1288/1288 1301/1301/1301
f 1297/1297/1297 1302/1302/1302 1298/1298/1298
f 1303/1303/1303 1144/1144/1144 1134/1134/1134
f 1304/1304/1304 1305/1305/1305 1306/1306/1306
f 1307/1307/1307 1304/1304/1304 1306/1306/1306
f 1308/1308/1308 1175/1175/1175 1143/1143/1143
f 1309/1309/1309 1310/1310/1310 1311/1311/1311
f 1244/1244/1244 1300/1300/1300 1312/1312/1312
f 1312/1312/1312 1274/1274/1274 1244/1244/1244
f 1313/1313/1313 1314/1314/1314 1315/1315/1315
f 1315/1315/1315 1316/1316/1316 1313/1313/1313
f 1310/1310/1310 1309/1309/1309 1317/1317/1317
f 1317/1317/1317 1318/1318/1318 1310/1310/1310
f 1319/1319/1319 1317/1317/1317 1309/1309/1309
f 1309/1309/1309 1320/1320/1320 1319/1319/1319
f 1173/1173/1173 1321/1321/1321 1322/1322/1322
f 1322/1322/1322 1177/1177/1177 1173/1173/1173
f 1321/1321/1321 1323/1323/1323 1324/1324/1324
f 1324/1324/1324 1322/1322/1322 1321/1321/1321
f 1325/1325/1325 1324/1324/1324 1323/1323/1323
f 1323/1323/1323 1326/1326/1326 1325/1325/1325
f 1178/1178/1178 1327/1327/1327 1171/1171/1171
f 1328/1328/1328 1298/1298/1298 1302/1302/1302
f 1329/1329/1329 1330/1330/1330 1331/1331/1331
f 1298/1298/1298 1328/1328/1328 1332/1332/1332
f 1333/1333/1333 1334/1334/1334 1335/1335/1335
f 1336/1336/1336 1335/1335/1335 1334/1334/1334
f 1337/1337/1337 1319/1319/1319 1320/1320/1320
f 1338/1338/1338 1339/1339/1339 1335/1335/1335
f 1335/1335/1335 1336/1336/1336 1338/1338/1338
f 1340/1340/1340 1341/1341/1341 1342/1342/1342
f 1343/1343/1343 1252/1252/1252 1255/1255/1255
f 1344/1344/1344 1340/1340/1340 1342/1342/1342
f 1343/1343/1343 1255/1255/1255 1345/1345/1345
f 1346/1346/1346 1347/1347/1347 1348/1348/1348
f 1349/1349/1349 1350/1350/1350 1351/1351/1351
f 1352/1352/1352 1353/1353/1353 1354/1354/1354
f 1355/1355/1355 1353/1353/1353 1352/1352/1352
f 1356/1356/1356 1357/1357/1357 1358/1358/1358
f 1352/1352/1352 1359/1359/1359 1355/1355/1355
f 1354/1354/1354 1353/1353/1353 1277/1277/1277
f 1277/1277/1277 1353/1353/1353 1360/1360/1360
f 1360/1360/1360 1278/1278/1278 1277/1277/1277
f 1361/1361/1361 1360/1360/1360 1353/1353/1353
f 1362/1362/1362 1363/1363/1363 1364/1364/1364
f 1365/1365/1365 1366/1366/1366 1367/1367/1367
f 1339/1339/1339 1338/1338/1338 1368/1368/1368
f 1369/1369/1369 1370/1370/1370 1371/1371/1371
f 1369/1369/1369 1371/1371/1371 1372/1372/1372
f 1373/1373/1373 1279/1279/1279 1374/1374/1374
f 1280/1280/1280 1279/1279/1279 1373/1373/1373
f 1375/1375/1375 1376/1376/1376 1377/1377/1377
f 1378/1378/1378 1280/1280/1280 1373/1373/1373
f 1379/1379/1379 1378/1378/1378 1373/1373/1373
f 1278/1278/1278 1360/1360/1360 1380/1380/1380
f 1279/1279/1279 1381/1381/1381 1374/1374/1374
f 1382/1382/1382 1380/1380/1380 1360/1360/1360
f 1360/1360/1360 1361/1361/1361 1382/1382/1382
f 1383/1383/1383 1384/1384/1384 1376/1376/1376
f 1382/1382/1382 1385/1385/1385 1380/1380/1380
f 1384/1384/1384 1386/1386/1386 1376/1376/1376
f 1387/1387/1387 1386/1386/1386 1384/1384/1384
f 1385/1385/1385 1382/1382/1382 1388/1388/1388
f 1389/1389/1389 1376/1376/1376 1386/1386/1386
f 1386/1386/1386 1387/1387/1387 1390/1390/1390
f 1386/1386/1386 1390/1390/1390 1391/1391/1391
f 1386/1386/1386 1391/1391/1391 1392/1392/1392
f 1392/1392/1392 1389/1389/1389 1386/1386/1386
f 1389/1389/1389 1377/1377/1377 1376/1376/1376
f 1361/1361/1361 1393/1393/1393 1382/1382/1382
f 1394/1394/1394 1393/1393/1393 1361/1361/1361
f 1363/1363/1363 1362/1362/1362 1395/1395/1395
f 1396/1396/1396 1397/1397/1397 1398/1398/1398
f 1399/1399/1399 1400/1400/1400 1401/1401/1401
f 1402/1402/1402 1403/1403/1403 1404/1404/1404
f 1393/1393/1393 1394/1394/1394 1405/1405/1405
f 1406/1406/1406 1180/1180/1180 1179/1179/1179
f 1407/1407/1407 1180/1180/1180 1406/1406/1406
f 1397/1397/1397 1408/1408/1408 1398/1398/1398
f 1183/1183/1183 1403/1403/1403 1409/1409/1409
f 1183/1183/1183 1409/1409/1409 1184/1184/1184
f 1410/1410/1410 1398/1398/1398 1408/1408/1408
f 1411/1411/1411 1410/1410/1410 1408/1408/1408
f 1398/1398/1398 1410/1410/1410 1412/1412/1412
f 1413/1413/1413 1412/1412/1412 1410/1410/1410
f 1410/1410/1410 1411/1411/1411 1414/1414/1414
f 1410/1410/1410 1414/1414/1414 1413/1413/1413
f 1402/1402/1402 1409/1409/1409 1403/1403/1403
f 1415/1415/1415 1416/1416/1416 1417/1417/1417
f 1417/1417/1417 1418/1418/1418 1415/1415/1415
f 1419/1419/1419 1420/1420/1420 1412/1412/1412
f 1413/1413/1413 1419/1419/1419 1412/1412/1412
f 1420/1420/1420 1419/1419/1419 1421/1421/1421
f 1422/1422/1422 1423/1423/1423 1424/1424/1424
f 1424/1424/1424 1425/1425/1425 1422/1422/1422
f 1426/1426/1426 1425/1425/1425 1424/1424/1424
f 1423/1423/1423 1422/1422/1422 1427/1427/1427
f 1428/1428/1428 1429/1429/1429 1430/1430/1430
f 1431/1431/1431 1428/1428/1428 1430/1430/1430
f 1427/1427/1427 1432/1432/1432 1423/1423/1423
f 1433/1433/1433 1325/1325/1325 1326/1326/1326
f 1319/1319/1319 1337/1337/1337 1434/1434/1434
f 1326/1326/1326 1435/1435/1435 1433/1433/1433
f 1340/1340/1340 1436/1436/1436 1341/1341/1341
f 1437/1437/1437 1433/1433/1433 1435/1435/1435
f 1436/1436/1436 1340/1340/1340 1438/1438/1438
f 1437/1437/1437 1439/1439/1439 1433/1433/1433
f 1440/1440/1440 1437/1437/1437 1441/1441/1441
f 1441/1441/1441 1442/1442/1442 1440/1440/1440
f 1443/1443/1443 1371/1371/1371 1370/1370/1370
f 1439/1439/1439 1437/1437/1437 1444/1444/1444
f 1370/1370/1370 1445/1445/1445 1443/1443/1443
f 1446/1446/1446 1447/1447/1447 1448/1448/1448
f 1449/1449/1449 1446/1446/1446 1448/1448/1448
f 1437/1437/1437 1440/1440/1440 1444/1444/1444
f 1446/1446/1446 1450/1450/1450 1447/1447/1447
f 1362/1362/1362 1451/1451/1451 1452/1452/1452
f 1452/1452/1452 1395/1395/1395 1362/1362/1362
f 1453/1453/1453 1452/1452/1452 1451/1451/1451
f 1454/1454/1454 1455/1455/1455 1446/1446/1446
f 1446/1446/1446 1449/1449/1449 1454/1454/1454
f 1456/1456/1456 1457/1457/1457 1395/1395/1395
f 1452/1452/1452 1456/1456/1456 1395/1395/1395
f 1415/1415/1415 1458/1458/1458 1416/1416/1416
f 1415/1415/1415 1459/1459/1459 1458/1458/1458
f 1460/1460/1460 1461/1461/1461 1462/1462/1462
f 1462/1462/1462 1463/1463/1463 1460/1460/1460
f 1459/1459/1459 1415/1415/1415 1464/1464/1464
f 1465/1465/1465 1466/1466/1466 1467/1467/1467
f 1465/1465/1465 1467/1467/1467 1468/1468/1468
f 1469/1469/1469 1470/1470/1470 1471/1471/1471
f 1472/1472/1472 1473/1473/1473 1474/1474/1474
f 1475/1475/1475 1476/1476/1476 1477/1477/1477
f 1415/1415/1415 1478/1478/1478 1479/1479/1479
f 1415/1415/1415 1479/1479/1479 1464/1464/1464
f 1480/1480/1480 1479/1479/1479 1478/1478/1478
f 1481/1481/1481 1482/1482/1482 1483/1483/1483
f 1484/1484/1484 1485/1485/1485 1486/1486/1486
f 1480/1480/1480 1464/1464/1464 1479/1479/1479
f 1487/1487/1487 1467/1467/1467 1466/1466/1466
f 1464/1464/1464 1480/1480/1480 1488/1488/1488
f 1466/1466/1466 1489/1489/1489 1487/1487/1487
f 1482/1482/1482 1490/1490/1490 1491/1491/1491
f 1491/1491/1491 1483/1483/1483 1482/1482/1482
f 1467/1467/1467 1487/1487/1487 1492/1492/1492
f 1492/1492/1492 1468/1468/1468 1467/1467/1467
f 1490/1490/1490 1455/1455/1455 1491/1491/1491
f 1493/1493/1493 1491/1491/1491 1455/1455/1455
f 1455/1455/1455 1454/1454/1454 1493/1493/1493
f 1483/1483/1483 1491/1491/1491 1494/1494/1494
f 1495/1495/1495 1486/1486/1486 1485/1485/1485
f 1496/1496/1496 1497/1497/1497 1485/1485/1485
f 1485/1485/1485 1497/1497/1497 1495/1495/1495
f 1493/1493/1493 1494/1494/1494 1491/1491/1491
f 1498/1498/1498 1488/1488/1488 1480/1480/1480
f 1499/1499/1499 1500/1500/1500 1501/1501/1501
f 1500/1500/1500 1499/1499/1499 1502/1502/1502
f 1503/1503/1503 1504/1504/1504 1505/1505/1505
f 1506/1506/1506 1507/1507/1507 1508/1508/1508
f 1497/1497/1497 1496/1496/1496 1509/1509/1509
f 1510/1510/1510 1495/1495/1495 1497/1497/1497
f 1509/1509/1509 1510/1510/1510 1497/1497/1497
f 1494/1494/1494 1511/1511/1511 1512/1512/1512
f 1493/1493/1493 1511/1511/1511 1494/1494/1494
f 1513/1513/1513 1502/1502/1502 1499/1499/1499
f 1510/1510/1510 1514/1514/1514 1495/1495/1495
f 1515/1515/1515 1505/1505/1505 1504/1504/1504
f 1502/1502/1502 1513/1513/1513 1516/1516/1516
f 1504/1504/1504 1517/1517/1517 1515/1515/1515
f 1518/1518/1518 1519/1519/1519 1520/1520/1520
f 1521/1521/1521 1522/1522/1522 1523/1523/1523
f 1524/1524/1524 1525/1525/1525 1526/1526/1526
f 1527/1527/1527 1521/1521/1521 1523/1523/1523
f 1526/1526/1526 1528/1528/1528 1524/1524/1524
f 1529/1529/1529 1530/1530/1530 1531/1531/1531
f 1531/1531/1531 1532/1532/1532 1529/1529/1529
f 1533/1533/1533 1425/1425/1425 1426/1426/1426
f 1534/1534/1534 1526/1526/1526 1525/1525/1525
f 1530/1530/1530 1535/1535/1535 1536/1536/1536
f 1537/1537/1537 1538/1538/1538 1521/1521/1521
f 1536/1536/1536 1531/1531/1531 1530/1530/1530
f 1521/1521/1521 1527/1527/1527 1537/1537/1537
f 1539/1539/1539 1540/1540/1540 1541/1541/1541
f 1538/1538/1538 1537/1537/1537 1542/1542/1542
f 1542/1542/1542 1543/1543/1543 1538/1538/1538
f 1541/1541/1541 1544/1544/1544 1539/1539/1539
f 1532/1532/1532 1531/1531/1531 1545/1545/1545
f 1546/1546/1546 1545/1545/1545 1531/1531/1531
f 1531/1531/1531 1536/1536/1536 1547/1547/1547
f 1547/1547/1547 1546/1546/1546 1531/1531/1531
f 1548/1548/1548 1549/1549/1549 1550/1550/1550
f 1536/1536/1536 1551/1551/1551 1552/1552/1552
f 1552/1552/1552 1547/1547/1547 1536/1536/1536
f 1518/1518/1518 1553/1553/1553 1519/1519/1519
f 1528/1528/1528 1526/1526/1526 1554/1554/1554
f 1527/1527/1527 1470/1470/1470 1555/1555/1555
f 1555/1555/1555 1537/1537/1537 1527/1527/1527
f 1470/1470/1470 1469/1469/1469 1556/1556/1556
f 1470/1470/1470 1556/1556/1556 1555/1555/1555
f 1557/1557/1557 1542/1542/1542 1537/1537/1537
f 1537/1537/1537 1555/1555/1555 1557/1557/1557
f 1558/1558/1558 1037/1037/1037 1092/1092/1092
f 1559/1559/1559 1558/1558/1558 1092/1092/1092
f 1092/1092/1092 988/988/988 1560/1560/1560
f 1092/1092/1092 1560/1560/1560 1561/1561/1561
f 1561/1561/1561 1559/1559/1559 1092/1092/1092
f 1562/1562/1562 1563/1563/1563 1564/1564/1564
f 1544/1544/1544 1565/1565/1565 1539/1539/1539
f 1566/1566/1566 1567/1567/1567 1568/1568/1568
f 1569/1569/1569 1570/1570/1570 1571/1571/1571
f 1571/1571/1571 1572/1572/1572 1569/1569/1569
f 1565/1565/1565 1573/1573/1573 1574/1574/1574
f 1572/1572/1572 1575/1575/1575 1576/1576/1576
f 1574/1574/1574 1539/1539/1539 1565/1565/1565
f 1577/1577/1577 1578/1578/1578 1579/1579/1579
f 1580/1580/1580 1581/1581/1581 1582/1582/1582
f 1583/1583/1583 1574/1574/1574 1573/1573/1573
f 1575/1575/1575 1572/1572/1572 1584/1584/1584
f 1578/1578/1578 1585/1585/1585 1586/1586/1586
f 1587/1587/1587 1588/1588/1588 1589/1589/1589
f 1586/1586/1586 1579/1579/1579 1578/1578/1578
f 1589/1589/1589 1590/1590/1590 1591/1591/1591
f 1592/1592/1592 1593/1593/1593 1594/1594/1594
f 1589/1589/1589 1595/1595/1595 1587/1587/1587
f 1596/1596/1596 1586/1586/1586 1585/1585/1585
f 1597/1597/1597 1598/1598/1598 1599/1599/1599
f 1600/1600/1600 1601/1601/1601 1602/1602/1602
f 1602/1602/1602 1603/1603/1603 1600/1600/1600
f 1539/1539/1539 1574/1574/1574 1604/1604/1604
f 1604/1604/1604 1605/1605/1605 1539/1539/1539
f 1606/1606/1606 1607/1607/1607 1608/1608/1608
f 1608/1608/1608 1609/1609/1609 1606/1606/1606
f 1579/1579/1579 1586/1586/1586 1610/1610/1610
f 1586/1586/1586 1596/1596/1596 1611/1611/1611
f 1611/1611/1611 1610/1610/1610 1586/1586/1586
f 1597/1597/1597 1612/1612/1612 1598/1598/1598
f 1598/1598/1598 1612/1612/1612 1613/1613/1613
f 1614/1614/1614 1611/1611/1611 1596/1596/1596
f 1613/1613/1613 1615/1615/1615 1598/1598/1598
f 1616/1616/1616 1617/1617/1617 1618/1618/1618
f 1618/1618/1618 1619/1619/1619 1616/1616/1616
f 1616/1616/1616 1619/1619/1619 1620/1620/1620
f 1621/1621/1621 1622/1622/1622 1623/1623/1623
f 1623/1623/1623 1622/1622/1622 1595/1595/1595
f 1624/1624/1624 1621/1621/1621 1623/1623/1623
f 1625/1625/1625 1593/1593/1593 1592/1592/1592
f 1623/1623/1623 1591/1591/1591 1624/1624/1624
f 1626/1626/1626 1627/1627/1627 1603/1603/1603
f 1628/1628/1628 1627/1627/1627 1626/1626/1626
f 1622/1622/1622 1621/1621/1621 1629/1629/1629
f 1587/1587/1587 1595/1595/1595 1622/1622/1622
f 1629/1629/1629 1630/1630/1630 1622/1622/1622
f 1631/1631/1631 1603/1603/1603 1627/1627/1627
f 1632/1632/1632 1633/1633/1633 1634/1634/1634
f 1635/1635/1635 1632/1632/1632 1634/1634/1634
f 1627/1627/1627 1628/1628/1628 1636/1636/1636
f 1637/1637/1637 1638/1638/1638 1639/1639/1639
f 1640/1640/1640 1641/1641/1641 1642/1642/1642
f 1643/1643/1643 1644/1644/1644 1645/1645/1645
f 1645/1645/1645 1646/1646/1646 1643/1643/1643
f 1492/1492/1492 1647/1647/1647 1468/1468/1468
f 1648/1648/1648 1649/1649/1649 1650/1650/1650
f 1651/1651/1651 1652/1652/1652 1653/1653/1653
f 1653/1653/1653 1507/1507/1507 1651/1651/1651
f 1555/1555/1555 1654/1654/1654 1557/1557/1557
f 1655/1655/1655 1570/1570/1570 1656/1656/1656
f 1657/1657/1657 1658/1658/1658 1652/1652/1652
f 1652/1652/1652 1651/1651/1651 1657/1657/1657
f 1570/1570/1570 1655/1655/1655 1571/1571/1571
f 1506/1506/1506 1651/1651/1651 1507/1507/1507
f 1659/1659/1659 1660/1660/1660 1661/1661/1661
f 1662/1662/1662 1663/1663/1663 1624/1624/1624
f 1661/1661/1661 1664/1664/1664 1659/1659/1659
f 1665/1665/1665 1571/1571/1571 1655/1655/1655
f 1624/1624/1624 1666/1666/1666 1662/1662/1662
f 1667/1667/1667 1668/1668/1668 1669/1669/1669
f 1669/1669/1669 1670/1670/1670 1667/1667/1667
f 1667/1667/1667 1670/1670/1670 1671/1671/1671
f 1672/1672/1672 1657/1657/1657 1651/1651/1651
f 1651/1651/1651 1506/1506/1506 1672/1672/1672
f 1673/1673/1673 1674/1674/1674 1657/1657/1657
f 1657/1657/1657 1672/1672/1672 1675/1675/1675
f 1657/1657/1657 1675/1675/1675 1673/1673/1673
f 1676/1676/1676 1677/1677/1677 1678/1678/1678
f 1678/1678/1678 1679/1679/1679 1676/1676/1676
f 1680/1680/1680 1681/1681/1681 1682/1682/1682
f 1677/1677/1677 1676/1676/1676 1683/1683/1683
f 1684/1684/1684 1682/1682/1682 1681/1681/1681
f 1683/1683/1683 1685/1685/1685 1677/1677/1677
f 1686/1686/1686 1672/1672/1672 1506/1506/1506
f 1687/1687/1687 1675/1675/1675 1672/1672/1672
f 1672/1672/1672 1686/1686/1686 1688/1688/1688
f 1672/1672/1672 1688/1688/1688 1687/1687/1687
f 1689/1689/1689 1673/1673/1673 1675/1675/1675
f 1675/1675/1675 1687/1687/1687 1689/1689/1689
f 1690/1690/1690 1676/1676/1676 1679/1679/1679
f 1676/1676/1676 1690/1690/1690 1691/1691/1691
f 1692/1692/1692 1693/1693/1693 1694/1694/1694
f 1695/1695/1695 1683/1683/1683 1676/1676/1676
f 1571/1571/1571 1584/1584/1584 1572/1572/1572
f 1584/1584/1584 1571/1571/1571 1665/1665/1665
f 1590/1590/1590 1666/1666/1666 1591/1591/1591
f 1624/1624/1624 1591/1591/1591 1666/1666/1666
f 1696/1696/1696 1697/1697/1697 1698/1698/1698
f 1631/1631/1631 1600/1600/1600 1603/1603/1603
f 1697/1697/1697 1638/1638/1638 1637/1637/1637
f 1697/1697/1697 1637/1637/1637 1699/1699/1699
f 1697/1697/1697 1699/1699/1699 1698/1698/1698
f 1700/1700/1700 1701/1701/1701 1702/1702/1702
f 1703/1703/1703 1704/1704/1704 1705/1705/1705
f 690/690/690 1706/1706/1706 1707/1707/1707
f 690/690/690 1707/1707/1707 1708/1708/1708
f 1709/1709/1709 691/691/691 690/690/690
f 1708/1708/1708 1709/1709/1709 690/690/690
f 1039/1039/1039 1710/1710/1710 1038/1038/1038
f 1711/1711/1711 1712/1712/1712 1710/1710/1710
f 1710/1710/1710 1712/1712/1712 1713/1713/1713
f 1710/1710/1710 1039/1039/1039 1711/1711/1711
f 1713/1713/1713 1714/1714/1714 1710/1710/1710
f 1715/1715/1715 1716/1716/1716 1717/1717/1717
f 1718/1718/1718 1716/1716/1716 1715/1715/1715
f 1717/1717/1717 1719/1719/1719 1715/1715/1715
f 1715/1715/1715 1719/1719/1719 1720/1720/1720
f 1715/1715/1715 1720/1720/1720 1721/1721/1721
f 1721/1721/1721 1718/1718/1718 1715/1715/1715
f 1722/1722/1722 1723/1723/1723 1724/1724/1724
f 1718/1718/1718 1725/1725/1725 1716/1716/1716
f 1717/1717/1717 1726/1726/1726 1719/1719/1719
f 1719/1719/1719 1726/1726/1726 1727/1727/1727
f 1719/1719/1719 1728/1728/1728 1720/1720/1720
f 1727/1727/1727 1728/1728/1728 1719/1719/1719
f 1729/1729/1729 1730/1730/1730 1731/1731/1731
f 1732/1732/1732 1733/1733/1733 1734/1734/1734
f 1735/1735/1735 1736/1736/1736 1717/1717/1717
f 1733/1733/1733 1732/1732/1732 1737/1737/1737
f 1738/1738/1738 1739/1739/1739 1740/1740/1740
f 1736/1736/1736 1726/1726/1726 1717/1717/1717
f 1741/1741/1741 1742/1742/1742 1743/1743/1743
f 1744/1744/1744 1741/1741/1741 1743/1743/1743
f 1739/1739/1739 1738/1738/1738 1745/1745/1745
f 1745/1745/1745 1746/1746/1746 1739/1739/1739
f 1747/1747/1747 1748/1748/1748 1749/1749/1749
f 1750/1750/1750 1751/1751/1751 1752/1752/1752
f 1753/1753/1753 1754/1754/1754 1755/1755/1755
f 1755/1755/1755 1754/1754/1754 1756/1756/1756
f 1757/1757/1757 1753/1753/1753 1755/1755/1755
f 1758/1758/1758 1759/1759/1759 1760/1760/1760
f 1761/1761/1761 1762/1762/1762 1763/1763/1763
f 1764/1764/1764 1758/1758/1758 1760/1760/1760
f 1765/1765/1765 1766/1766/1766 1767/1767/1767
f 1754/1754/1754 1753/1753/1753 1768/1768/1768
f 1769/1769/1769 1756/1756/1756 1754/1754/1754
f 1768/1768/1768 1769/1769/1769 1754/1754/1754
f 1770/1770/1770 1771/1771/1771 1772/1772/1772
f 1770/1770/1770 1772/1772/1772 1773/1773/1773
f 1774/1774/1774 1768/1768/1768 1753/1753/1753
f 1759/1759/1759 1758/1758/1758 1775/1775/1775
f 1776/1776/1776 1763/1763/1763 1762/1762/1762
f 1777/1777/1777 1776/1776/1776 1762/1762/1762
f 1759/1759/1759 1775/1775/1775 1778/1778/1778
f 1779/1779/1779 1780/1780/1780 1781/1781/1781
f 1782/1782/1782 1783/1783/1783 1784/1784/1784
f 1728/1728/1728 1727/1727/1727 1785/1785/1785
f 1783/1783/1783 1782/1782/1782 1786/1786/1786
f 1763/1763/1763 1776/1776/1776 1787/1787/1787
f 1771/1771/1771 1788/1788/1788 1772/1772/1772
f 1789/1789/1789 1790/1790/1790 1791/1791/1791
f 1791/1791/1791 1792/1792/1792 1789/1789/1789
f 1793/1793/1793 1794/1794/1794 1795/1795/1795
f 1796/1796/1796 1793/1793/1793 1795/1795/1795
f 1797/1797/1797 1772/1772/1772 1788/1788/1788
f 1790/1790/1790 1789/1789/1789 1798/1798/1798
f 1772/1772/1772 1797/1797/1797 1799/1799/1799
f 1799/1799/1799 1773/1773/1773 1772/1772/1772
f 1800/1800/1800 1801/1801/1801 1802/1802/1802
f 1803/1803/1803 1804/1804/1804 1805/1805/1805
f 1806/1806/1806 1807/1807/1807 1808/1808/1808
f 1801/1801/1801 1800/1800/1800 1809/1809/1809
f 1810/1810/1810 1805/1805/1805 1804/1804/1804
f 1807/1807/1807 1806/1806/1806 1811/1811/1811
f 1812/1812/1812 1813/1813/1813 1814/1814/1814
f 1815/1815/1815 1816/1816/1816 1806/1806/1806
f 1817/1817/1817 1818/1818/1818 1819/1819/1819
f 1819/1819/1819 1820/1820/1820 1817/1817/1817
f 1813/1813/1813 1812/1812/1812 1821/1821/1821
f 1811/1811/1811 1806/1806/1806 1816/1816/1816
f 1822/1822/1822 1811/1811/1811 1816/1816/1816
f 1821/1821/1821 1823/1823/1823 1813/1813/1813
f 1816/1816/1816 1824/1824/1824 1822/1822/1822
f 1825/1825/1825 1826/1826/1826 1810/1810/1810
f 1825/1825/1825 1810/1810/1810 1827/1827/1827
f 1827/1827/1827 1828/1828/1828 1825/1825/1825
f 1829/1829/1829 1809/1809/1809 1800/1800/1800
f 1810/1810/1810 1826/1826/1826 1805/1805/1805
f 1830/1830/1830 1831/1831/1831 1832/1832/1832
f 1833/1833/1833 1834/1834/1834 1835/1835/1835
f 1836/1836/1836 1837/1837/1837 1838/1838/1838
f 1838/1838/1838 1839/1839/1839 1836/1836/1836
f 1840/1840/1840 1841/1841/1841 1842/1842/1842
f 1843/1843/1843 1841/1841/1841 1840/1840/1840
f 1842/1842/1842 1844/1844/1844 1840/1840/1840
f 1840/1840/1840 1844/1844/1844 1699/1699/1699
f 1699/1699/1699 1843/1843/1843 1840/1840/1840
f 1831/1831/1831 1830/1830/1830 1845/1845/1845
f 1841/1841/1841 1846/1846/1846 1842/1842/1842
f 1841/1841/1841 1843/1843/1843 1847/1847/1847
f 1848/1848/1848 1835/1835/1835 1834/1834/1834
f 1841/1841/1841 1847/1847/1847 1849/1849/1849
f 1837/1837/1837 1850/1850/1850 1851/1851/1851
f 1836/1836/1836 1850/1850/1850 1837/1837/1837
f 1852/1852/1852 1845/1845/1845 1830/1830/1830
f 1830/1830/1830 1853/1853/1853 1852/1852/1852
f 1854/1854/1854 1855/1855/1855 1856/1856/1856
f 1857/1857/1857 1854/1854/1854 1856/1856/1856
f 1858/1858/1858 1859/1859/1859 1860/1860/1860
f 1856/1856/1856 1861/1861/1861 1857/1857/1857
f 1746/1746/1746 1745/1745/1745 1862/1862/1862
f 1746/1746/1746 1862/1862/1862 1863/1863/1863
f 1864/1864/1864 1865/1865/1865 1748/1748/1748
f 1747/1747/1747 1864/1864/1864 1748/1748/1748
f 1866/1866/1866 1867/1867/1867 1868/1868/1868
f 1869/1869/1869 1863/1863/1863 1862/1862/1862
f 1870/1870/1870 1868/1868/1868 1867/1867/1867
f 1871/1871/1871 1870/1870/1870 1867/1867/1867
f 1867/1867/1867 1872/1872/1872 1873/1873/1873
f 1867/1867/1867 1873/1873/1873 1871/1871/1871
f 1874/1874/1874 1875/1875/1875 1876/1876/1876
f 1876/1876/1876 1875/1875/1875 1877/1877/1877
f 1876/1876/1876 1878/1878/1878 1874/1874/1874
f 1879/1879/1879 1878/1878/1878 1876/1876/1876
f 1880/1880/1880 1879/1879/1879 1876/1876/1876
f 1876/1876/1876 1881/1881/1881 1880/1880/1880
f 1877/1877/1877 1881/1881/1881 1876/1876/1876
f 1875/1875/1875 1874/1874/1874 1882/1882/1882
f 1875/1875/1875 1882/1882/1882 1883/1883/1883
f 1875/1875/1875 1883/1883/1883 1877/1877/1877
f 1878/1878/1878 1879/1879/1879 1884/1884/1884
f 1884/1884/1884 1885/1885/1885 1878/1878/1878
f 1852/1852/1852 1874/1874/1874 1845/1845/1845
f 1852/1852/1852 1882/1882/1882 1874/1874/1874
f 1886/1886/1886 1887/1887/1887 1888/1888/1888
f 1888/1888/1888 1887/1887/1887 1889/1889/1889
f 1890/1890/1890 1620/1620/1620 1619/1619/1619
f 1887/1887/1887 1891/1891/1891 1889/1889/1889
f 1853/1853/1853 1892/1892/1892 1852/1852/1852
f 1854/1854/1854 1893/1893/1893 1855/1855/1855
f 1894/1894/1894 1868/1868/1868 1895/1895/1895
f 1894/1894/1894 1895/1895/1895 1896/1896/1896
f 1870/1870/1870 1895/1895/1895 1868/1868/1868
f 1852/1852/1852 1892/1892/1892 1882/1882/1882
f 1897/1897/1897 1778/1778/1778 1775/1775/1775
f 1792/1792/1792 1898/1898/1898 1899/1899/1899
f 1899/1899/1899 1789/1789/1789 1792/1792/1792
f 1900/1900/1900 1877/1877/1877 1883/1883/1883
f 1901/1901/1901 1899/1899/1899 1898/1898/1898
f 1902/1902/1902 1903/1903/1903 1904/1904/1904
f 1905/1905/1905 1906/1906/1906 1907/1907/1907
f 1908/1908/1908 1909/1909/1909 1910/1910/1910
f 1699/1699/1699 1637/1637/1637 1843/1843/1843
f 1911/1911/1911 1912/1912/1912 1913/1913/1913
f 1914/1914/1914 1905/1905/1905 1907/1907/1907
f 1915/1915/1915 1916/1916/1916 1917/1917/1917
f 1917/1917/1917 1918/1918/1918 1915/1915/1915
f 1919/1919/1919 1920/1920/1920 1921/1921/1921
f 1922/1922/1922 1923/1923/1923 1924/1924/1924
f 1925/1925/1925 1919/1919/1919 1921/1921/1921
f 1921/1921/1921 1926/1926/1926 1925/1925/1925
f 1927/1927/1927 1924/1924/1924 1923/1923/1923
f 1912/1912/1912 1928/1928/1928 1913/1913/1913
f 1835/1835/1835 1848/1848/1848 1929/1929/1929
f 1930/1930/1930 1859/1859/1859 1931/1931/1931
f 1931/1931/1931 1932/1932/1932 1930/1930/1930
f 1933/1933/1933 1849/1849/1849 1847/1847/1847
f 1934/1934/1934 1935/1935/1935 1936/1936/1936
f 1848/1848/1848 1937/1937/1937 1929/1929/1929
f 1938/1938/1938 1939/1939/1939 1940/1940/1940
f 1941/1941/1941 1942/1942/1942 1943/1943/1943
f 1943/1943/1943 1944/1944/1944 1941/1941/1941
f 1945/1945/1945 1946/1946/1946 1947/1947/1947
f 1948/1948/1948 1936/1936/1936 1935/1935/1935
f 1946/1946/1946 1945/1945/1945 1949/1949/1949
f 1950/1950/1950 1951/1951/1951 1952/1952/1952
f 1953/1953/1953 1930/1930/1930 1936/1936/1936
f 1936/1936/1936 1948/1948/1948 1953/1953/1953
f 1954/1954/1954 1955/1955/1955 1859/1859/1859
f 1859/1859/1859 1955/1955/1955 1860/1860/1860
f 1859/1859/1859 1930/1930/1930 1954/1954/1954
f 1956/1956/1956 1957/1957/1957 1958/1958/1958
f 1956/1956/1956 1958/1958/1958 1959/1959/1959
f 1960/1960/1960 1860/1860/1860 1955/1955/1955
f 1959/1959/1959 1961/1961/1961 1956/1956/1956
f 1930/1930/1930 1962/1962/1962 1954/1954/1954
f 1953/1953/1953 1962/1962/1962 1930/1930/1930
f 1958/1958/1958 1957/1957/1957 1963/1963/1963
f 1964/1964/1964 1958/1958/1958 1963/1963/1963
f 1965/1965/1965 1966/1966/1966 1967/1967/1967
f 1968/1968/1968 1969/1969/1969 1970/1970/1970
f 1971/1971/1971 1968/1968/1968 1970/1970/1970
f 1970/1970/1970 1972/1972/1972 1971/1971/1971
f 1973/1973/1973 1798/1798/1798 1789/1789/1789
f 1899/1899/1899 1973/1973/1973 1789/1789/1789
f 1797/1797/1797 1974/1974/1974 1975/1975/1975
f 1975/1975/1975 1799/1799/1799 1797/1797/1797
f 1976/1976/1976 1977/1977/1977 1978/1978/1978
f 1976/1976/1976 1978/1978/1978 1979/1979/1979
f 1980/1980/1980 1975/1975/1975 1974/1974/1974
f 1977/1977/1977 1981/1981/1981 1978/1978/1978
f 1982/1982/1982 1983/1983/1983 1984/1984/1984
f 1985/1985/1985 1982/1982/1982 1984/1984/1984
f 1982/1982/1982 1986/1986/1986 1983/1983/1983
f 1987/1987/1987 1988/1988/1988 1989/1989/1989
f 1990/1990/1990 1979/1979/1979 1978/1978/1978
f 1986/1986/1986 1982/1982/1982 1991/1991/1991
f 1988/1988/1988 1992/1992/1992 1993/1993/1993
f 1994/1994/1994 1989/1989/1989 1988/1988/1988
f 1993/1993/1993 1994/1994/1994 1988/1988/1988
f 1995/1995/1995 1996/1996/1996 1997/1997/1997
f 1998/1998/1998 1996/1996/1996 1995/1995/1995
f 1995/1995/1995 1999/1999/1999 2000/2000/2000
f 1997/1997/1997 1999/1999/1999 1995/1995/1995
f 1995/1995/1995 2000/2000/2000 2001/2001/2001
f 1995/1995/1995 2001/2001/2001 1998/1998/1998
f 1996/1996/1996 2002/2002/2002 2003/2003/2003
f 2004/2004/2004 2002/2002/2002 1996/1996/1996
f 2003/2003/2003 1997/1997/1997 1996/1996/1996
f 2005/2005/2005 2006/2006/2006 2007/2007/2007
f 2008/2008/2008 2009/2009/2009 2010/2010/2010
f 2011/2011/2011 2009/2009/2009 2008/2008/2008
f 2002/2002/2002 2004/2004/2004 2012/2012/2012
f 2013/2013/2013 2010/2010/2010 2009/2009/2009
f 2014/2014/2014 2015/2015/2015 2016/2016/2016
f 2017/2017/2017 2014/2014/2014 2016/2016/2016
f 2009/2009/2009 2011/2011/2011 2018/2018/2018
f 2016/2016/2016 2019/2019/2019 2017/2017/2017
f 2020/2020/2020 2021/2021/2021 2022/2022/2022
f 2023/2023/2023 2024/2024/2024 2025/2025/2025
f 2022/2022/2022 2026/2026/2026 2020/2020/2020
f 2027/2027/2027 2028/2028/2028 2029/2029/2029
f 2027/2027/2027 2029/2029/2029 2030/2030/2030
f 2021/2021/2021 2031/2031/2031 2032/2032/2032
f 2033/2033/2033 2031/2031/2031 2021/2021/2021
f 2032/2032/2032 2022/2022/2022 2021/2021/2021
f 2023/2023/2023 2034/2034/2034 2024/2024/2024
f 2035/2035/2035 2036/2036/2036 2037/2037/2037
f 2038/2038/2038 2039/2039/2039 2040/2040/2040
f 2037/2037/2037 2041/2041/2041 2035/2035/2035
f 2042/2042/2042 2043/2043/2043 2044/2044/2044
f 2045/2045/2045 2042/2042/2042 2044/2044/2044
f 2040/2040/2040 2046/2046/2046 2038/2038/2038
f 2036/2036/2036 2035/2035/2035 2047/2047/2047
f 2048/2048/2048 2049/2049/2049 2050/2050/2050
f 2051/2051/2051 2048/2048/2048 2050/2050/2050
f 2050/2050/2050 2052/2052/2052 2051/2051/2051
f 2053/2053/2053 2035/2035/2035 2041/2041/2041
f 2043/2043/2043 2042/2042/2042 2054/2054/2054
f 2054/2054/2054 2055/2055/2055 2043/2043/2043
f 2035/2035/2035 2056/2056/2056 2047/2047/2047
f 2057/2057/2057 2056/2056/2056 2035/2035/2035
f 2035/2035/2035 2053/2053/2053 2057/2057/2057
f 2031/2031/2031 2033/2033/2033 2058/2058/2058
f 2059/2059/2059 2060/2060/2060 2061/2061/2061
f 1999/1999/1999 2062/2062/2062 2000/2000/2000
f 2063/2063/2063 2059/2059/2059 2061/2061/2061
f 1997/1997/1997 2064/2064/2064 1999/1999/1999
f 2060/2060/2060 2059/2059/2059 2065/2065/2065
f 2066/2066/2066 2067/2067/2067 2068/2068/2068
f 2069/2069/2069 2070/2070/2070 2066/2066/2066
f 2066/2066/2066 2068/2068/2068 2069/2069/2069
f 2071/2071/2071 2065/2065/2065 2059/2059/2059
f 2059/2059/2059 2063/2063/2063 2071/2071/2071
f 2072/2072/2072 2068/2068/2068 2067/2067/2067
f 2065/2065/2065 2071/2071/2071 2073/2073/2073
f 2067/2067/2067 2074/2074/2074 2072/2072/2072
f 2069/2069/2069 2075/2075/2075 2070/2070/2070
f 2076/2076/2076 1968/1968/1968 2077/2077/2077
f 2077/2077/2077 1968/1968/1968 1971/1971/1971
f 2077/2077/2077 1971/1971/1971 2078/2078/2078
f 2079/2079/2079 2080/2080/2080 2081/2081/2081
f 2063/2063/2063 2082/2082/2082 2071/2071/2071
f 2064/2064/2064 1997/1997/1997 2003/2003/2003
f 2083/2083/2083 2084/2084/2084 2085/2085/2085
f 2080/2080/2080 2079/2079/2079 2022/2022/2022
f 2022/2022/2022 2086/2086/2086 2080/2080/2080
f 2082/2082/2082 2087/2087/2087 2088/2088/2088
f 2088/2088/2088 2071/2071/2071 2082/2082/2082
f 2084/2084/2084 2089/2089/2089 2085/2085/2085
f 2022/2022/2022 2079/2079/2079 2026/2026/2026
f 2090/2090/2090 2091/2091/2091 2092/2092/2092
f 2093/2093/2093 2094/2094/2094 2095/2095/2095
f 2096/2096/2096 2097/2097/2097 2098/2098/2098
f 2099/2099/2099 2100/2100/2100 2101/2101/2101
f 2099/2099/2099 2101/2101/2101 2102/2102/2102
f 2103/2103/2103 2104/2104/2104 2105/2105/2105
f 2106/2106/2106 2107/2107/2107 2108/2108/2108
f 2087/2087/2087 2109/2109/2109 2088/2088/2088
f 2110/2110/2110 2111/2111/2111 2112/2112/2112
f 2086/2086/2086 2022/2022/2022 2113/2113/2113
f 2094/2094/2094 2114/2114/2114 2095/2095/2095
f 2105/2105/2105 2088/2088/2088 2109/2109/2109
f 2111/2111/2111 2110/2110/2110 2115/2115/2115
f 2116/2116/2116 2095/2095/2095 2114/2114/2114
f 2032/2032/2032 2113/2113/2113 2022/2022/2022
f 2117/2117/2117 2115/2115/2115 2110/2110/2110
f 2113/2113/2113 2032/2032/2032 2118/2118/2118
f 2119/2119/2119 2120/2120/2120 2100/2100/2100
f 2100/2100/2100 2120/2120/2120 2101/2101/2101
f 2095/2095/2095 2116/2116/2116 2121/2121/2121
f 2100/2100/2100 2122/2122/2122 2119/2119/2119
f 2123/2123/2123 2124/2124/2124 2125/2125/2125
f 2125/2125/2125 2124/2124/2124 2126/2126/2126
f 2124/2124/2124 2123/2123/2123 2127/2127/2127
f 2128/2128/2128 2129/2129/2129 2130/2130/2130
f 2131/2131/2131 2132/2132/2132 2133/2133/2133
f 2134/2134/2134 2135/2135/2135 2136/2136/2136
f 2137/2137/2137 2126/2126/2126 2124/2124/2124
f 2138/2138/2138 2139/2139/2139 2140/2140/2140
f 2133/2133/2133 2141/2141/2141 2131/2131/2131
f 2142/2142/2142 2121/2121/2121 2116/2116/2116
f 2115/2115/2115 2117/2117/2117 2143/2143/2143
f 2144/2144/2144 2119/2119/2119 2122/2122/2122
f 2145/2145/2145 2144/2144/2144 2122/2122/2122
f 2146/2146/2146 2127/2127/2127 2123/2123/2123
f 2123/2123/2123 2147/2147/2147 2146/2146/2146
f 2148/2148/2148 2130/2130/2130 2129/2129/2129
f 2149/2149/2149 2133/2133/2133 2132/2132/2132
f 2071/2071/2071 2088/2088/2088 2150/2150/2150
f 2071/2071/2071 2151/2151/2151 2073/2073/2073
f 2150/2150/2150 2151/2151/2151 2071/2071/2071
f 2088/2088/2088 2105/2105/2105 2152/2152/2152
f 2152/2152/2152 2150/2150/2150 2088/2088/2088
f 2147/2147/2147 2153/2153/2153 2154/2154/2154
f 2154/2154/2154 2146/2146/2146 2147/2147/2147
f 2155/2155/2155 2156/2156/2156 2157/2157/2157
f 2158/2158/2158 2030/2030/2030 2029/2029/2029
f 2159/2159/2159 2160/2160/2160 2161/2161/2161
f 2162/2162/2162 2163/2163/2163 2164/2164/2164
f 2165/2165/2165 2159/2159/2159 2161/2161/2161
f 2162/2162/2162 2164/2164/2164 2166/2166/2166
f 2167/2167/2167 2168/2168/2168 2169/2169/2169
f 2170/2170/2170 2171/2171/2171 2172/2172/2172
f 2173/2173/2173 2174/2174/2174 2175/2175/2175
f 2170/2170/2170 2172/2172/2172 2176/2176/2176
f 2176/2176/2176 2177/2177/2177 2170/2170/2170
f 2178/2178/2178 2179/2179/2179 2180/2180/2180
f 2181/2181/2181 2182/2182/2182 2183/2183/2183
f 2180/2180/2180 2184/2184/2184 2178/2178/2178
f 2185/2185/2185 2186/2186/2186 2187/2187/2187
f 2188/2188/2188 2189/2189/2189 2190/2190/2190
f 2191/2191/2191 2182/2182/2182 2192/2192/2192
f 2186/2186/2186 2185/2185/2185 2193/2193/2193
f 2194/2194/2194 2176/2176/2176 2172/2172/2172
f 2172/2172/2172 2195/2195/2195 2194/2194/2194
f 2189/2189/2189 2196/2196/2196 2197/2197/2197
f 2188/2188/2188 2196/2196/2196 2189/2189/2189
f 2197/2197/2197 2198/2198/2198 2189/2189/2189
f 2135/2135/2135 2199/2199/2199 2136/2136/2136
f 2200/2200/2200 2201/2201/2201 2202/2202/2202
f 2130/2130/2130 2148/2148/2148 2203/2203/2203
f 2130/2130/2130 2203/2203/2203 2204/2204/2204
f 2205/2205/2205 2197/2197/2197 2196/2196/2196
f 2206/2206/2206 2136/2136/2136 2199/2199/2199
f 2207/2207/2207 2208/2208/2208 2209/2209/2209
f 2210/2210/2210 2211/2211/2211 2212/2212/2212
f 2213/2213/2213 2214/2214/2214 2208/2208/2208
f 2208/2208/2208 2214/2214/2214 2209/2209/2209
f 2208/2208/2208 2215/2215/2215 2213/2213/2213
f 2214/2214/2214 2213/2213/2213 2216/2216/2216
f 2216/2216/2216 2209/2209/2209 2214/2214/2214
f 2217/2217/2217 2218/2218/2218 2219/2219/2219
f 2220/2220/2220 2218/2218/2218 2217/2217/2217
f 2221/2221/2221 2222/2222/2222 2223/2223/2223
f 2224/2224/2224 2225/2225/2225 2226/2226/2226
f 2227/2227/2227 2225/2225/2225 2226/2226/2226
f 2228/2228/2228 2229/2229/2229 2230/2230/2230
f 2231/2231/2231 2232/2232/2232 2233/2233/2233
f 2195/2195/2195 2234/2234/2234 2194/2194/2194
f 2233/2233/2233 2235/2235/2235 2231/2231/2231
f 2236/2236/2236 2237/2237/2237 2197/2197/2197
f 2205/2205/2205 2236/2236/2236 2197/2197/2197
f 2238/2238/2238 2239/2239/2239 2240/2240/2240
f 2241/2241/2241 2242/2242/2242 2243/2243/2243
f 2056/2056/2056 2057/2057/2057 2244/2244/2244
f 2245/2245/2245 2246/2246/2246 2247/2247/2247
f 2235/2235/2235 2233/2233/2233 2248/2248/2248
f 2247/2247/2247 2249/2249/2249 2245/2245/2245
f 2250/2250/2250 2251/2251/2251 2252/2252/2252
f 2205/2205/2205 2253/2253/2253 2236/2236/2236
f 2254/2254/2254 2255/2255/2255 2256/2256/2256
f 2242/2242/2242 2241/2241/2241 2257/2257/2257
f 2258/2258/2258 2213/2213/2213 2259/2259/2259
f 2255/2255/2255 2254/2254/2254 2260/2260/2260
f 2259/2259/2259 2261/2261/2261 2258/2258/2258
f 2262/2262/2262 2216/2216/2216 2213/2213/2213
f 2213/2213/2213 2258/2258/2258 2262/2262/2262
f 2263/2263/2263 2264/2264/2264 2126/2126/2126
f 2265/2265/2265 2263/2263/2263 2126/2126/2126
f 2137/2137/2137 2265/2265/2265 2126/2126/2126
f 2266/2266/2266 2267/2267/2267 2182/2182/2182
f 2182/2182/2182 2267/2267/2267 2192/2192/2192
f 2182/2182/2182 2181/2181/2181 2268/2268/2268
f 2182/2182/2182 2268/2268/2268 2266/2266/2266
f 2269/2269/2269 2270/2270/2270 2271/2271/2271
f 2272/2272/2272 2273/2273/2273 2274/2274/2274
f 2269/2269/2269 2271/2271/2271 2140/2140/2140
f 2140/2140/2140 2139/2139/2139 2269/2269/2269
f 2275/2275/2275 2276/2276/2276 2277/2277/2277
f 2278/2278/2278 2279/2279/2279 2280/2280/2280
f 2180/2180/2180 2104/2104/2104 2184/2184/2184
f 2104/2104/2104 2180/2180/2180 2281/2281/2281
f 2282/2282/2282 2105/2105/2105 2104/2104/2104
f 2104/2104/2104 2281/2281/2281 2282/2282/2282
f 2283/2283/2283 2141/2141/2141 2133/2133/2133
f 2211/2211/2211 2210/2210/2210 2284/2284/2284
f 2285/2285/2285 2146/2146/2146 2286/2286/2286
f 2287/2287/2287 2284/2284/2284 2210/2210/2210
f 2216/2216/2216 2288/2288/2288 2209/2209/2209
f 2289/2289/2289 2290/2290/2290 2291/2291/2291
f 2292/2292/2292 2293/2293/2293 2294/2294/2294
f 2282/2282/2282 2152/2152/2152 2105/2105/2105
f 2287/2287/2287 2295/2295/2295 2284/2284/2284
f 2281/2281/2281 2296/2296/2296 2282/2282/2282
f 2297/2297/2297 2298/2298/2298 2299/2299/2299
f 2295/2295/2295 2287/2287/2287 2300/2300/2300
f 2295/2295/2295 2300/2300/2300 2301/2301/2301
f 2295/2295/2295 2301/2301/2301 2302/2302/2302
f 2303/2303/2303 2282/2282/2282 2296/2296/2296
f 2304/2304/2304 2299/2299/2299 2298/2298/2298
f 2159/2159/2159 2165/2165/2165 2305/2305/2305
f 2306/2306/2306 2304/2304/2304 2298/2298/2298
f 2307/2307/2307 2203/2203/2203 2148/2148/2148
f 2154/2154/2154 2286/2286/2286 2146/2146/2146
f 2308/2308/2308 2309/2309/2309 2310/2310/2310
f 2311/2311/2311 2312/2312/2312 2313/2313/2313
f 2314/2314/2314 2315/2315/2315 2316/2316/2316
f 2317/2317/2317 2318/2318/2318 2319/2319/2319
f 2320/2320/2320 2321/2321/2321 2322/2322/2322
f 2323/2323/2323 2324/2324/2324 2325/2325/2325
f 2326/2326/2326 2322/2322/2322 2321/2321/2321
f 2327/2327/2327 2300/2300/2300 2287/2287/2287
f 2288/2288/2288 2216/2216/2216 2328/2328/2328
f 2329/2329/2329 2166/2166/2166 2164/2164/2164
f 2330/2330/2330 2331/2331/2331 2332/2332/2332
f 2333/2333/2333 2334/2334/2334 2335/2335/2335
f 2335/2335/2335 2336/2336/2336 2333/2333/2333
f 2337/2337/2337 2338/2338/2338 2339/2339/2339
f 2340/2340/2340 2341/2341/2341 2342/2342/2342
f 2343/2343/2343 2301/2301/2301 2300/2300/2300
f 2300/2300/2300 2327/2327/2327 2343/2343/2343
f 2344/2344/2344 2345/2345/2345 2346/2346/2346
f 2346/2346/2346 2347/2347/2347 2344/2344/2344
f 2301/2301/2301 2343/2343/2343 2348/2348/2348
f 2348/2348/2348 2302/2302/2302 2301/2301/2301
f 2349/2349/2349 2342/2342/2342 2341/2341/2341
f 2350/2350/2350 2328/2328/2328 2216/2216/2216
f 2216/2216/2216 2262/2262/2262 2350/2350/2350
f 2351/2351/2351 2352/2352/2352 2328/2328/2328
f 2328/2328/2328 2350/2350/2350 2351/2351/2351
f 2353/2353/2353 2348/2348/2348 2343/2343/2343
f 2354/2354/2354 2355/2355/2355 2356/2356/2356
f 2356/2356/2356 2357/2357/2357 2354/2354/2354
f 1982/1982/1982 1985/1985/1985 2358/2358/2358
f 1982/1982/1982 2358/2358/2358 1991/1991/1991
f 2359/2359/2359 2360/2360/2360 1969/1969/1969
f 1968/1968/1968 2359/2359/2359 1969/1969/1969
f 2361/2361/2361 2074/2074/2074 2362/2362/2362
f 2151/2151/2151 2150/2150/2150 2363/2363/2363
f 2363/2363/2363 2364/2364/2364 2151/2151/2151
f 2365/2365/2365 2366/2366/2366 2367/2367/2367
f 2368/2368/2368 2369/2369/2369 2370/2370/2370
f 2371/2371/2371 2372/2372/2372 2373/2373/2373
f 2374/2374/2374 2375/2375/2375 2376/2376/2376
f 2377/2377/2377 2378/2378/2378 2379/2379/2379
f 1992/1992/1992 2380/2380/2380 2381/2381/2381
f 2382/2382/2382 2360/2360/2360 2359/2359/2359
f 2381/2381/2381 2383/2383/2383 1992/1992/1992
f 2384/2384/2384 2385/2385/2385 2386/2386/2386
f 2382/2382/2382 2359/2359/2359 2387/2387/2387
f 2382/2382/2382 2387/2387/2387 2388/2388/2388
f 2386/2386/2386 2389/2389/2389 2384/2384/2384
f 1993/1993/1993 1992/1992/1992 2383/2383/2383
f 2385/2385/2385 2384/2384/2384 2390/2390/2390
f 2383/2383/2383 2391/2391/2391 2392/2392/2392
f 2383/2383/2383 2392/2392/2392 2393/2393/2393
f 2383/2383/2383 2393/2393/2393 1993/1993/1993
f 2359/2359/2359 1968/1968/1968 2076/2076/2076
f 2359/2359/2359 2076/2076/2076 2387/2387/2387
f 2361/2361/2361 2072/2072/2072 2074/2074/2074
f 2394/2394/2394 2395/2395/2395 2396/2396/2396
f 2397/2397/2397 2398/2398/2398 2399/2399/2399
f 2400/2400/2400 2401/2401/2401 2402/2402/2402
f 2403/2403/2403 2397/2397/2397 2399/2399/2399
f 2404/2404/2404 2152/2152/2152 2282/2282/2282
f 2405/2405/2405 2406/2406/2406 2407/2407/2407
f 2408/2408/2408 2409/2409/2409 2410/2410/2410
f 2411/2411/2411 2412/2412/2412 2413/2413/2413
f 2413/2413/2413 2412/2412/2412 2414/2414/2414
f 2415/2415/2415 2409/2409/2409 2408/2408/2408
f 2413/2413/2413 2416/2416/2416 2411/2411/2411
f 2417/2417/2417 2418/2418/2418 2419/2419/2419
f 2420/2420/2420 2410/2410/2410 2409/2409/2409
f 2421/2421/2421 2414/2414/2414 2412/2412/2412
f 2409/2409/2409 2415/2415/2415 2422/2422/2422
f 2423/2423/2423 2424/2424/2424 2425/2425/2425
f 2426/2426/2426 2427/2427/2427 2428/2428/2428
f 2429/2429/2429 2430/2430/2430 2431/2431/2431
f 2432/2432/2432 2433/2433/2433 2434/2434/2434
f 2435/2435/2435 2436/2436/2436 2437/2437/2437
f 2438/2438/2438 2439/2439/2439 2440/2440/2440
f 2430/2430/2430 2169/2169/2169 2431/2431/2431
f 2441/2441/2441 2442/2442/2442 2443/2443/2443
f 2433/2433/2433 2432/2432/2432 2444/2444/2444
f 2445/2445/2445 2446/2446/2446 2447/2447/2447
f 2447/2447/2447 2448/2448/2448 2445/2445/2445
f 2377/2377/2377 2449/2449/2449 2378/2378/2378
f 2450/2450/2450 2451/2451/2451 2452/2452/2452
f 2453/2453/2453 2449/2449/2449 2377/2377/2377
f 2451/2451/2451 2450/2450/2450 2454/2454/2454
f 2303/2303/2303 2455/2455/2455 2456/2456/2456
f 2456/2456/2456 2457/2457/2457 2303/2303/2303
f 2455/2455/2455 2303/2303/2303 2458/2458/2458
f 2459/2459/2459 2460/2460/2460 2461/2461/2461
f 2462/2462/2462 2463/2463/2463 2464/2464/2464
f 2464/2464/2464 2463/2463/2463 2465/2465/2465
f 2466/2466/2466 2467/2467/2467 2468/2468/2468
f 2469/2469/2469 2470/2470/2470 2471/2471/2471
f 2472/2472/2472 2473/2473/2473 2474/2474/2474
f 2475/2475/2475 2476/2476/2476 2477/2477/2477
f 2462/2462/2462 2478/2478/2478 2463/2463/2463
f 2479/2479/2479 2465/2465/2465 2463/2463/2463
f 2480/2480/2480 2481/2481/2481 2482/2482/2482
f 2483/2483/2483 2484/2484/2484 2485/2485/2485
f 2486/2486/2486 2487/2487/2487 2488/2488/2488
f 2489/2489/2489 2486/2486/2486 2488/2488/2488
f 2490/2490/2490 2489/2489/2489 2488/2488/2488
f 2491/2491/2491 2492/2492/2492 2493/2493/2493
f 2491/2491/2491 2493/2493/2493 2494/2494/2494
f 2495/2495/2495 2485/2485/2485 2484/2484/2484
f 2494/2494/2494 2496/2496/2496 2491/2491/2491
f 2431/2431/2431 2169/2169/2169 2168/2168/2168
f 2497/2497/2497 2498/2498/2498 2499/2499/2499
f 2168/2168/2168 2500/2500/2500 2431/2431/2431
f 2501/2501/2501 2442/2442/2442 2441/2441/2441
f 2502/2502/2502 2499/2499/2499 2498/2498/2498
f 2503/2503/2503 2504/2504/2504 2505/2505/2505
f 2505/2505/2505 2504/2504/2504 2506/2506/2506
f 2507/2507/2507 2508/2508/2508 2509/2509/2509
f 2510/2510/2510 2511/2511/2511 2512/2512/2512
f 2513/2513/2513 2514/2514/2514 2515/2515/2515
f 2516/2516/2516 2517/2517/2517 2518/2518/2518
f 2519/2519/2519 2520/2520/2520 2521/2521/2521
f 2522/2522/2522 2523/2523/2523 2524/2524/2524
f 2525/2525/2525 2526/2526/2526 2527/2527/2527
f 2522/2522/2522 2524/2524/2524 2528/2528/2528
f 2529/2529/2529 2525/2525/2525 2527/2527/2527
f 2525/2525/2525 2530/2530/2530 2526/2526/2526
f 2526/2526/2526 2530/2530/2530 2531/2531/2531
f 2532/2532/2532 2432/2432/2432 2533/2533/2533
f 2534/2534/2534 2535/2535/2535 2536/2536/2536
f 2537/2537/2537 2538/2538/2538 2539/2539/2539
f 2540/2540/2540 2541/2541/2541 2542/2542/2542
f 2543/2543/2543 2544/2544/2544 2545/2545/2545
f 2432/2432/2432 2532/2532/2532 2444/2444/2444
f 2546/2546/2546 2476/2476/2476 2547/2547/2547
f 2475/2475/2475 2547/2547/2547 2476/2476/2476
f 2489/2489/2489 2490/2490/2490 2548/2548/2548
f 2465/2465/2465 2479/2479/2479 2549/2549/2549
f 2465/2465/2465 2549/2549/2549 2550/2550/2550
f 2551/2551/2551 2550/2550/2550 2549/2549/2549
f 2490/2490/2490 2552/2552/2552 2548/2548/2548
f 2553/2553/2553 2550/2550/2550 2551/2551/2551
f 2303/2303/2303 2457/2457/2457 2282/2282/2282
f 2302/2302/2302 2348/2348/2348 2554/2554/2554
f 2303/2303/2303 2555/2555/2555 2458/2458/2458
f 2556/2556/2556 2557/2557/2557 2558/2558/2558
f 2558/2558/2558 2355/2355/2355 2556/2556/2556
f 2557/2557/2557 2556/2556/2556 2559/2559/2559
f 2560/2560/2560 2561/2561/2561 2562/2562/2562
f 2354/2354/2354 2556/2556/2556 2355/2355/2355
f 2563/2563/2563 2559/2559/2559 2556/2556/2556
f 2556/2556/2556 2354/2354/2354 2564/2564/2564
f 2556/2556/2556 2564/2564/2564 2563/2563/2563
f 2392/2392/2392 2565/2565/2565 2393/2393/2393
f 2563/2563/2563 2566/2566/2566 2559/2559/2559
f 2567/2567/2567 2568/2568/2568 2566/2566/2566
f 2563/2563/2563 2567/2567/2567 2566/2566/2566
f 2569/2569/2569 629/629/629 2570/2570/2570
f 562/562/562 561/561/561 2571/2571/2571
f 2569/2569/2569 628/628/628 629/629/629
f 628/628/628 2569/2569/2569 2572/2572/2572
f 2573/2573/2573 2574/2574/2574 2575/2575/2575
f 2576/2576/2576 2571/2571/2571 561/561/561
f 561/561/561 2577/2577/2577 2576/2576/2576
f 682/682/682 2578/2578/2578 683/683/683
f 2579/2579/2579 2580/2580/2580 2574/2574/2574
f 2574/2574/2574 2580/2580/2580 2575/2575/2575
f 2581/2581/2581 2582/2582/2582 2583/2583/2583
f 2583/2583/2583 2582/2582/2582 990/990/990
f 2583/2583/2583 2584/2584/2584 2581/2581/2581
f 2585/2585/2585 2575/2575/2575 2580/2580/2580
f 2586/2586/2586 2587/2587/2587 2588/2588/2588
f 2586/2586/2586 2588/2588/2588 2589/2589/2589
f 991/991/991 990/990/990 2582/2582/2582
f 2590/2590/2590 2591/2591/2591 2592/2592/2592
f 2593/2593/2593 661/661/661 660/660/660
f 2594/2594/2594 2593/2593/2593 660/660/660
f 660/660/660 2595/2595/2595 2594/2594/2594
f 2596/2596/2596 2597/2597/2597 2598/2598/2598
f 2599/2599/2599 2600/2600/2600 2601/2601/2601
f 2602/2602/2602 2603/2603/2603 2604/2604/2604
f 2604/2604/2604 2603/2603/2603 2605/2605/2605
f 2606/2606/2606 2607/2607/2607 2608/2608/2608
f 2597/2597/2597 2596/2596/2596 2609/2609/2609
f 2610/2610/2610 2611/2611/2611 2612/2612/2612
f 2607/2607/2607 2606/2606/2606 2613/2613/2613
f 2614/2614/2614 2609/2609/2609 2596/2596/2596
f 2615/2615/2615 2616/2616/2616 2617/2617/2617
f 2618/2618/2618 2619/2619/2619 2620/2620/2620
f 2606/2606/2606 2621/2621/2621 2613/2613/2613
f 2622/2622/2622 2623/2623/2623 2624/2624/2624
f 2625/2625/2625 2626/2626/2626 2627/2627/2627
f 2628/2628/2628 2629/2629/2629 2630/2630/2630
f 2631/2631/2631 2632/2632/2632 2633/2633/2633
f 2634/2634/2634 2635/2635/2635 2636/2636/2636
f 2637/2637/2637 2638/2638/2638 2639/2639/2639
f 2640/2640/2640 2641/2641/2641 2642/2642/2642
f 2643/2643/2643 2644/2644/2644 2645/2645/2645
f 2642/2642/2642 2646/2646/2646 2640/2640/2640
f 2647/2647/2647 2639/2639/2639 2638/2638/2638
f 2648/2648/2648 2649/2649/2649 2650/2650/2650
f 2651/2651/2651 2648/2648/2648 2650/2650/2650
f 2652/2652/2652 2589/2589/2589 2588/2588/2588
f 2653/2653/2653 2652/2652/2652 2588/2588/2588
f 2654/2654/2654 2655/2655/2655 2656/2656/2656
f 2657/2657/2657 2658/2658/2658 2659/2659/2659
f 2660/2660/2660 2661/2661/2661 2662/2662/2662
f 2655/2655/2655 2654/2654/2654 2663/2663/2663
f 2664/2664/2664 2659/2659/2659 2658/2658/2658
f 2665/2665/2665 2666/2666/2666 2667/2667/2667
f 2668/2668/2668 2669/2669/2669 2670/2670/2670
f 2671/2671/2671 2663/2663/2663 2654/2654/2654
f 2672/2672/2672 2673/2673/2673 2674/2674/2674
f 2675/2675/2675 2676/2676/2676 2677/2677/2677
f 2678/2678/2678 2679/2679/2679 2680/2680/2680
f 2626/2626/2626 2625/2625/2625 2681/2681/2681
f 2682/2682/2682 2683/2683/2683 2684/2684/2684
f 2685/2685/2685 2686/2686/2686 2687/2687/2687
f 2688/2688/2688 2689/2689/2689 2690/2690/2690
f 2687/2687/2687 2691/2691/2691 2685/2685/2685
f 2692/2692/2692 2693/2693/2693 2694/2694/2694
f 2695/2695/2695 2696/2696/2696 2697/2697/2697
f 2698/2698/2698 2699/2699/2699 2700/2700/2700
f 2698/2698/2698 2700/2700/2700 2701/2701/2701
f 2686/2686/2686 2685/2685/2685 2702/2702/2702
f 2703/2703/2703 2704/2704/2704 2705/2705/2705
f 2706/2706/2706 2680/2680/2680 2679/2679/2679
f 2707/2707/2707 2706/2706/2706 2679/2679/2679
f 2708/2708/2708 2709/2709/2709 2710/2710/2710
f 2711/2711/2711 2707/2707/2707 2679/2679/2679
f 2710/2710/2710 2712/2712/2712 2708/2708/2708
f 2713/2713/2713 2714/2714/2714 2715/2715/2715
f 2716/2716/2716 2717/2717/2717 2718/2718/2718
f 2719/2719/2719 2720/2720/2720 2721/2721/2721
f 2703/2703/2703 2722/2722/2722 2704/2704/2704
f 2720/2720/2720 2723/2723/2723 2721/2721/2721
f 2723/2723/2723 2724/2724/2724 2721/2721/2721
f 2724/2724/2724 2725/2725/2725 2721/2721/2721
f 2726/2726/2726 2727/2727/2727 2728/2728/2728
f 2729/2729/2729 994/994/994 993/993/993
f 2589/2589/2589 2652/2652/2652 2730/2730/2730
f 2730/2730/2730 2731/2731/2731 2589/2589/2589
f 2732/2732/2732 2730/2730/2730 2652/2652/2652
f 2652/2652/2652 2653/2653/2653 2733/2733/2733
f 2734/2734/2734 2735/2735/2735 2736/2736/2736
f 2737/2737/2737 2735/2735/2735 2734/2734/2734
f 2738/2738/2738 2739/2739/2739 2740/2740/2740
f 2741/2741/2741 2742/2742/2742 2743/2743/2743
f 994/994/994 2729/2729/2729 2744/2744/2744
f 2745/2745/2745 2744/2744/2744 2729/2729/2729
f 2746/2746/2746 2745/2745/2745 2729/2729/2729
f 2744/2744/2744 2745/2745/2745 2747/2747/2747
f 1560/1560/1560 2748/2748/2748 1561/1561/1561
f 2745/2745/2745 2746/2746/2746 2749/2749/2749
f 2749/2749/2749 2747/2747/2747 2745/2745/2745
f 2750/2750/2750 1255/1255/1255 2751/2751/2751
f 1248/1248/1248 1259/1259/1259 2752/2752/2752
f 2753/2753/2753 2750/2750/2750 2751/2751/2751
f 1255/1255/1255 2750/2750/2750 1345/1345/1345
f 2754/2754/2754 1259/1259/1259 1260/1260/1260
f 1246/1246/1246 1275/1275/1275 2755/2755/2755
f 2755/2755/2755 2756/2756/2756 1246/1246/1246
f 2754/2754/2754 2752/2752/2752 1259/1259/1259
f 2757/2757/2757 2758/2758/2758 2759/2759/2759
f 2759/2759/2759 2760/2760/2760 2757/2757/2757
f 2761/2761/2761 2762/2762/2762 2763/2763/2763
f 2764/2764/2764 2765/2765/2765 2766/2766/2766
f 2767/2767/2767 2768/2768/2768 2769/2769/2769
f 2766/2766/2766 2770/2770/2770 2764/2764/2764
f 2771/2771/2771 2772/2772/2772 2773/2773/2773
f 2774/2774/2774 2775/2775/2775 2776/2776/2776
f 2752/2752/2752 2754/2754/2754 2777/2777/2777
f 2778/2778/2778 2779/2779/2779 2780/2780/2780
f 2756/2756/2756 2755/2755/2755 2781/2781/2781
f 2781/2781/2781 2782/2782/2782 2756/2756/2756
f 2758/2758/2758 2757/2757/2757 2783/2783/2783
f 1280/1280/1280 2784/2784/2784 1272/1272/1272
f 2784/2784/2784 1280/1280/1280 1378/1378/1378
f 2785/2785/2785 2786/2786/2786 2787/2787/2787
f 2757/2757/2757 2788/2788/2788 2783/2783/2783
f 2789/2789/2789 2790/2790/2790 2791/2791/2791
f 2792/2792/2792 2793/2793/2793 2794/2794/2794
f 2795/2795/2795 2796/2796/2796 2797/2797/2797
f 2772/2772/2772 2798/2798/2798 2799/2799/2799
f 2799/2799/2799 2773/2773/2773 2772/2772/2772
f 2800/2800/2800 2797/2797/2797 2796/2796/2796
f 2801/2801/2801 2800/2800/2800 2796/2796/2796
f 2802/2802/2802 2803/2803/2803 2804/2804/2804
f 2805/2805/2805 2806/2806/2806 2807/2807/2807
f 2794/2794/2794 2808/2808/2808 2809/2809/2809
f 2797/2797/2797 2800/2800/2800 2810/2810/2810
f 2798/2798/2798 2811/2811/2811 2812/2812/2812
f 2812/2812/2812 2799/2799/2799 2798/2798/2798
f 2813/2813/2813 2814/2814/2814 2815/2815/2815
f 2816/2816/2816 2810/2810/2810 2800/2800/2800
f 2817/2817/2817 2816/2816/2816 2800/2800/2800
f 2818/2818/2818 2815/2815/2815 2814/2814/2814
f 2819/2819/2819 2820/2820/2820 2821/2821/2821
f 2820/2820/2820 2822/2822/2822 2823/2823/2823
f 2823/2823/2823 2821/2821/2821 2820/2820/2820
f 2815/2815/2815 2818/2818/2818 2824/2824/2824
f 2815/2815/2815 2824/2824/2824 2825/2825/2825
f 2822/2822/2822 2826/2826/2826 2823/2823/2823
f 2827/2827/2827 2828/2828/2828 2829/2829/2829
f 2830/2830/2830 2831/2831/2831 2832/2832/2832
f 2833/2833/2833 2834/2834/2834 2835/2835/2835
f 2832/2832/2832 2836/2836/2836 2830/2830/2830
f 2837/2837/2837 2838/2838/2838 2839/2839/2839
f 2835/2835/2835 2840/2840/2840 2833/2833/2833
f 2808/2808/2808 2794/2794/2794 2841/2841/2841
f 2834/2834/2834 2842/2842/2842 2843/2843/2843
f 2843/2843/2843 2835/2835/2835 2834/2834/2834
f 1377/1377/1377 1389/1389/1389 2844/2844/2844
f 2845/2845/2845 2794/2794/2794 2793/2793/2793
f 2846/2846/2846 1429/1429/1429 2847/2847/2847
f 2846/2846/2846 2847/2847/2847 2848/2848/2848
f 2849/2849/2849 2841/2841/2841 2794/2794/2794
f 2794/2794/2794 2845/2845/2845 2849/2849/2849
f 1429/1429/1429 1428/1428/1428 2847/2847/2847
f 2850/2850/2850 2847/2847/2847 1428/1428/1428
f 1428/1428/1428 1431/1431/1431 2851/2851/2851
f 1428/1428/1428 2851/2851/2851 2850/2850/2850
f 2850/2850/2850 2852/2852/2852 2847/2847/2847
f 2847/2847/2847 2852/2852/2852 2848/2848/2848
f 2853/2853/2853 2854/2854/2854 1432/1432/1432
f 1432/1432/1432 1427/1427/1427 2853/2853/2853
f 2855/2855/2855 2850/2850/2850 2851/2851/2851
f 2856/2856/2856 1514/1514/1514 1510/1510/1510
f 1516/1516/1516 1513/1513/1513 2857/2857/2857
f 2851/2851/2851 2858/2858/2858 2855/2855/2855
f 2859/2859/2859 1517/1517/1517 2860/2860/2860
f 2861/2861/2861 2862/2862/2862 2863/2863/2863
f 2861/2861/2861 2863/2863/2863 2864/2864/2864
f 2865/2865/2865 2866/2866/2866 2867/2867/2867
f 2868/2868/2868 2848/2848/2848 2852/2852/2852
f 2867/2867/2867 2869/2869/2869 2865/2865/2865
f 2870/2870/2870 2830/2830/2830 2836/2836/2836
f 2871/2871/2871 2872/2872/2872 2873/2873/2873
f 2830/2830/2830 2870/2870/2870 2874/2874/2874
f 2875/2875/2875 2843/2843/2843 2842/2842/2842
f 2867/2867/2867 2876/2876/2876 2869/2869/2869
f 2877/2877/2877 2855/2855/2855 2878/2878/2878
f 2879/2879/2879 2880/2880/2880 2775/2775/2775
f 2775/2775/2775 2774/2774/2774 2879/2879/2879
f 2881/2881/2881 1440/1440/1440 1442/1442/1442
f 1442/1442/1442 2882/2882/2882 2881/2881/2881
f 2881/2881/2881 1444/1444/1444 1440/1440/1440
f 1444/1444/1444 2881/2881/2881 2883/2883/2883
f 2840/2840/2840 2884/2884/2884 2885/2885/2885
f 2886/2886/2886 2882/2882/2882 2887/2887/2887
f 2887/2887/2887 2888/2888/2888 2886/2886/2886
f 2886/2886/2886 2881/2881/2881 2882/2882/2882
f 2881/2881/2881 2886/2886/2886 2889/2889/2889
f 2890/2890/2890 2891/2891/2891 2837/2837/2837
f 2892/2892/2892 1454/1454/1454 1449/1449/1449
f 2884/2884/2884 2840/2840/2840 2835/2835/2835
f 1454/1454/1454 2892/2892/2892 2893/2893/2893
f 2894/2894/2894 2843/2843/2843 2895/2895/2895
f 2823/2823/2823 2896/2896/2896 2897/2897/2897
f 2897/2897/2897 2821/2821/2821 2823/2823/2823
f 2886/2886/2886 2898/2898/2898 2889/2889/2889
f 2899/2899/2899 2898/2898/2898 2886/2886/2886
f 2837/2837/2837 2891/2891/2891 2838/2838/2838
f 2875/2875/2875 2900/2900/2900 2843/2843/2843
f 2843/2843/2843 2900/2900/2900 2895/2895/2895
f 2901/2901/2901 2902/2902/2902 2903/2903/2903
f 2904/2904/2904 2905/2905/2905 2906/2906/2906
f 2907/2907/2907 2855/2855/2855 2858/2858/2858
f 1509/1509/1509 2908/2908/2908 1510/1510/1510
f 2855/2855/2855 2907/2907/2907 2878/2878/2878
f 1517/1517/1517 2859/2859/2859 1515/1515/1515
f 2909/2909/2909 1550/1550/1550 1549/1549/1549
f 2910/2910/2910 2909/2909/2909 1549/1549/1549
f 2911/2911/2911 2910/2910/2910 1549/1549/1549
f 2912/2912/2912 2913/2913/2913 2914/2914/2914
f 2910/2910/2910 2911/2911/2911 2915/2915/2915
f 2913/2913/2913 2916/2916/2916 2917/2917/2917
f 2917/2917/2917 2914/2914/2914 2913/2913/2913
f 2918/2918/2918 2915/2915/2915 2911/2911/2911
f 2915/2915/2915 2918/2918/2918 2919/2919/2919
f 2920/2920/2920 2917/2917/2917 2916/2916/2916
f 2919/2919/2919 2921/2921/2921 2915/2915/2915
f 2918/2918/2918 2922/2922/2922 2919/2919/2919
f 1609/1609/1609 1608/1608/1608 2923/2923/2923
f 2924/2924/2924 2925/2925/2925 2926/2926/2926
f 2927/2927/2927 2923/2923/2923 1608/1608/1608
f 2928/2928/2928 2929/2929/2929 2930/2930/2930
f 2931/2931/2931 2932/2932/2932 2933/2933/2933
f 2933/2933/2933 2934/2934/2934 2931/2931/2931
f 2935/2935/2935 2936/2936/2936 2937/2937/2937
f 2938/2938/2938 2864/2864/2864 2863/2863/2863
f 2863/2863/2863 2939/2939/2939 2938/2938/2938
f 2940/2940/2940 1515/1515/1515 2859/2859/2859
f 2941/2941/2941 2940/2940/2940 2859/2859/2859
f 2917/2917/2917 2920/2920/2920 2942/2942/2942
f 2943/2943/2943 2938/2938/2938 2939/2939/2939
f 2920/2920/2920 2944/2944/2944 2945/2945/2945
f 2946/2946/2946 2947/2947/2947 2948/2948/2948
f 2945/2945/2945 2942/2942/2942 2920/2920/2920
f 2949/2949/2949 2950/2950/2950 2951/2951/2951
f 2952/2952/2952 2953/2953/2953 2954/2954/2954
f 2955/2955/2955 2956/2956/2956 2957/2957/2957
f 2958/2958/2958 2959/2959/2959 2960/2960/2960
f 2961/2961/2961 2958/2958/2958 2962/2962/2962
f 2963/2963/2963 2964/2964/2964 2965/2965/2965
f 2956/2956/2956 2955/2955/2955 2966/2966/2966
f 2965/2965/2965 2934/2934/2934 2963/2963/2963
f 2940/2940/2940 2941/2941/2941 2967/2967/2967
f 2942/2942/2942 2967/2967/2967 2941/2941/2941
f 2968/2968/2968 1689/1689/1689 1687/1687/1687
f 2967/2967/2967 2942/2942/2942 2945/2945/2945
f 1690/1690/1690 2959/2959/2959 1691/1691/1691
f 2959/2959/2959 2958/2958/2958 1691/1691/1691
f 2969/2969/2969 1691/1691/1691 2958/2958/2958
f 2958/2958/2958 2961/2961/2961 2970/2970/2970
f 2970/2970/2970 2969/2969/2969 2958/2958/2958
f 2969/2969/2969 1695/1695/1695 1691/1691/1691
f 2964/2964/2964 2963/2963/2963 2971/2971/2971
f 2971/2971/2971 2972/2972/2972 2964/2964/2964
f 2936/2936/2936 2973/2973/2973 2937/2937/2937
f 2974/2974/2974 2975/2975/2975 2976/2976/2976
f 2976/2976/2976 2977/2977/2977 2974/2974/2974
f 2978/2978/2978 2937/2937/2937 2973/2973/2973
f 2974/2974/2974 2979/2979/2979 2975/2975/2975
f 2980/2980/2980 2963/2963/2963 2934/2934/2934
f 2934/2934/2934 2933/2933/2933 2980/2980/2980
f 2963/2963/2963 2980/2980/2980 2981/2981/2981
f 2981/2981/2981 2971/2971/2971 2963/2963/2963
f 2937/2937/2937 2978/2978/2978 2982/2982/2982
f 2983/2983/2983 2982/2982/2982 2978/2978/2978
f 2979/2979/2979 2974/2974/2974 2984/2984/2984
f 2979/2979/2979 2984/2984/2984 2985/2985/2985
f 2982/2982/2982 2983/2983/2983 2986/2986/2986
f 2987/2987/2987 2988/2988/2988 2989/2989/2989
f 2990/2990/2990 2991/2991/2991 2992/2992/2992
f 2992/2992/2992 2993/2993/2993 2990/2990/2990
f 2994/2994/2994 2989/2989/2989 2988/2988/2988
f 2995/2995/2995 2996/2996/2996 2997/2997/2997
f 2998/2998/2998 2999/2999/2999 3000/3000/3000
f 3001/3001/3001 3002/3002/3002 3003/3003/3003
f 2996/2996/2996 2995/2995/2995 3004/3004/3004
f 3005/3005/3005 3006/3006/3006 3007/3007/3007
f 3008/3008/3008 3005/3005/3005 3007/3007/3007
f 3009/3009/3009 3010/3010/3010 3011/3011/3011
f 1701/1701/1701 1700/1700/1700 3012/3012/3012
f 1708/1708/1708 3013/3013/3013 1709/1709/1709
f 3014/3014/3014 3015/3015/3015 3016/3016/3016
f 2733/2733/2733 2653/2653/2653 3017/3017/3017
f 3018/3018/3018 3019/3019/3019 3020/3020/3020
f 3010/3010/3010 3009/3009/3009 3021/3021/3021
f 3022/3022/3022 3023/3023/3023 3024/3024/3024
f 3025/3025/3025 3026/3026/3026 3027/3027/3027
f 3028/3028/3028 3029/3029/3029 3030/3030/3030
f 3031/3031/3031 3032/3032/3032 3033/3033/3033
f 3034/3034/3034 3035/3035/3035 3036/3036/3036
f 3023/3023/3023 3022/3022/3022 3037/3037/3037
f 3038/3038/3038 3039/3039/3039 3040/3040/3040
f 3037/3037/3037 3041/3041/3041 3023/3023/3023
f 3038/3038/3038 3040/3040/3040 3042/3042/3042
f 3021/3021/3021 3009/3009/3009 3038/3038/3038
f 3042/3042/3042 3021/3021/3021 3038/3038/3038
f 3028/3028/3028 3043/3043/3043 3029/3029/3029
f 3044/3044/3044 3045/3045/3045 3046/3046/3046
f 3047/3047/3047 3048/3048/3048 3049/3049/3049
f 3041/3041/3041 3037/3037/3037 3050/3050/3050
f 3051/3051/3051 3046/3046/3046 3045/3045/3045
f 3045/3045/3045 3052/3052/3052 3051/3051/3051
f 3053/3053/3053 3012/3012/3012 1700/1700/1700
f 3054/3054/3054 3055/3055/3055 3056/3056/3056
f 3055/3055/3055 3054/3054/3054 3057/3057/3057
f 3013/3013/3013 1708/1708/1708 3058/3058/3058
f 3013/3013/3013 3058/3058/3058 3059/3059/3059
f 3015/3015/3015 3060/3060/3060 3061/3061/3061
f 3061/3061/3061 3016/3016/3016 3015/3015/3015
f 3062/3062/3062 3063/3063/3063 3064/3064/3064
f 3063/3063/3063 3062/3062/3062 3065/3065/3065
f 2739/2739/2739 3066/3066/3066 2740/2740/2740
f 3067/3067/3067 3050/3050/3050 3037/3037/3037
f 3068/3068/3068 3069/3069/3069 3070/3070/3070
f 3071/3071/3071 3070/3070/3070 3069/3069/3069
f 3072/3072/3072 3073/3073/3073 3074/3074/3074
f 3075/3075/3075 3076/3076/3076 3077/3077/3077
f 3078/3078/3078 3079/3079/3079 3080/3080/3080
f 3081/3081/3081 3082/3082/3082 3083/3083/3083
f 3084/3084/3084 3085/3085/3085 3086/3086/3086
f 3087/3087/3087 3088/3088/3088 3089/3089/3089
f 3090/3090/3090 3091/3091/3091 3092/3092/3092
f 3093/3093/3093 3092/3092/3092 3091/3091/3091
f 3094/3094/3094 3095/3095/3095 3096/3096/3096
f 3097/3097/3097 3094/3094/3094 3096/3096/3096
f 3094/3094/3094 3098/3098/3098 3095/3095/3095
f 3061/3061/3061 3099/3099/3099 3016/3016/3016
f 3016/3016/3016 3099/3099/3099 3100/3100/3100
f 3099/3099/3099 3061/3061/3061 3101/3101/3101
f 3102/3102/3102 3100/3100/3100 3099/3099/3099
f 3101/3101/3101 3102/3102/3102 3099/3099/3099
f 3103/3103/3103 3104/3104/3104 3105/3105/3105
f 3094/3094/3094 3106/3106/3106 3098/3098/3098
f 3061/3061/3061 3107/3107/3107 3101/3101/3101
f 3108/3108/3108 3105/3105/3105 3104/3104/3104
f 3106/3106/3106 3094/3094/3094 3109/3109/3109
f 3110/3110/3110 3111/3111/3111 3112/3112/3112
f 3104/3104/3104 3113/3113/3113 3108/3108/3108
f 1744/1744/1744 3114/3114/3114 1741/1741/1741
f 1751/1751/1751 3115/3115/3115 3116/3116/3116
f 3116/3116/3116 1752/1752/1752 1751/1751/1751
f 3117/3117/3117 3118/3118/3118 3114/3114/3114
f 3119/3119/3119 3120/3120/3120 3121/3121/3121
f 3114/3114/3114 1744/1744/1744 3117/3117/3117
f 3122/3122/3122 3123/3123/3123 3124/3124/3124
f 3125/3125/3125 3118/3118/3118 3117/3117/3117
f 2743/2743/2743 3126/3126/3126 3127/3127/3127
f 3128/3128/3128 3129/3129/3129 3130/3130/3130
f 3131/3131/3131 3121/3121/3121 3120/3120/3120
f 2743/2743/2743 3132/3132/3132 3126/3126/3126
f 3133/3133/3133 3134/3134/3134 3131/3131/3131
f 3135/3135/3135 3136/3136/3136 3111/3111/3111
f 3136/3136/3136 3137/3137/3137 3111/3111/3111
f 3138/3138/3138 3111/3111/3111 3137/3137/3137
f 3111/3111/3111 3138/3138/3138 3112/3112/3112
f 3139/3139/3139 3112/3112/3112 3138/3138/3138
f 3140/3140/3140 3141/3141/3141 3142/3142/3142
f 3143/3143/3143 3144/3144/3144 3145/3145/3145
f 3146/3146/3146 3108/3108/3108 3113/3113/3113
f 3147/3147/3147 3142/3142/3142 3141/3141/3141
f 3148/3148/3148 3147/3147/3147 3141/3141/3141
f 3142/3142/3142 3147/3147/3147 3149/3149/3149
f 3150/3150/3150 3145/3145/3145 3144/3144/3144
f 3151/3151/3151 3152/3152/3152 3153/3153/3153
f 3147/3147/3147 3148/3148/3148 3154/3154/3154
f 3147/3147/3147 3154/3154/3154 3149/3149/3149
f 3155/3155/3155 3156/3156/3156 3157/3157/3157
f 3158/3158/3158 3157/3157/3157 3156/3156/3156
f 2742/2742/2742 3132/3132/3132 2743/2743/2743
f 3157/3157/3157 3158/3158/3158 3159/3159/3159
f 3160/3160/3160 3159/3159/3159 3158/3158/3158
f 3134/3134/3134 3161/3161/3161 3162/3162/3162
f 3162/3162/3162 3131/3131/3131 3134/3134/3134
f 3163/3163/3163 3164/3164/3164 3161/3161/3161
f 3161/3161/3161 3164/3164/3164 3162/3162/3162
f 3165/3165/3165 3166/3166/3166 3167/3167/3167
f 3168/3168/3168 3169/3169/3169 3170/3170/3170
f 3171/3171/3171 3172/3172/3172 3173/3173/3173
f 1796/1796/1796 3174/3174/3174 1793/1793/1793
f 3175/3175/3175 3176/3176/3176 3177/3177/3177
f 3178/3178/3178 3179/3179/3179 3180/3180/3180
f 3181/3181/3181 3182/3182/3182 3183/3183/3183
f 3184/3184/3184 3185/3185/3185 3186/3186/3186
f 3187/3187/3187 3188/3188/3188 3189/3189/3189
f 3190/3190/3190 3191/3191/3191 3192/3192/3192
f 3193/3193/3193 3194/3194/3194 3195/3195/3195
f 3196/3196/3196 3197/3197/3197 3198/3198/3198
f 1823/1823/1823 1821/1821/1821 3199/3199/3199
f 3200/3200/3200 3201/3201/3201 3202/3202/3202
f 3203/3203/3203 3199/3199/3199 1821/1821/1821
f 1827/1827/1827 3204/3204/3204 1828/1828/1828
f 3205/3205/3205 3206/3206/3206 3207/3207/3207
f 3208/3208/3208 3209/3209/3209 3210/3210/3210
f 3211/3211/3211 3210/3210/3210 3209/3209/3209
f 3212/3212/3212 3149/3149/3149 3154/3154/3154
f 3197/3197/3197 3196/3196/3196 3213/3213/3213
f 3211/3211/3211 3214/3214/3214 3215/3215/3215
f 3215/3215/3215 3210/3210/3210 3211/3211/3211
f 1872/1872/1872 3216/3216/3216 1873/1873/1873
f 3131/3131/3131 3217/3217/3217 3121/3121/3121
f 3217/3217/3217 3131/3131/3131 3162/3162/3162
f 3218/3218/3218 1871/1871/1871 1873/1873/1873
f 3219/3219/3219 1891/1891/1891 3220/3220/3220
f 3221/3221/3221 3219/3219/3219 3220/3220/3220
f 1877/1877/1877 3222/3222/3222 1881/1881/1881
f 3223/3223/3223 1889/1889/1889 1891/1891/1891
f 1891/1891/1891 3219/3219/3219 3223/3223/3223
f 3224/3224/3224 3225/3225/3225 3226/3226/3226
f 3227/3227/3227 3223/3223/3223 3219/3219/3219
f 3228/3228/3228 3227/3227/3227 3219/3219/3219
f 3226/3226/3226 3229/3229/3229 3224/3224/3224
f 3222/3222/3222 1877/1877/1877 3230/3230/3230
f 3222/3222/3222 3230/3230/3230 3231/3231/3231
f 3232/3232/3232 3233/3233/3233 3234/3234/3234
f 1877/1877/1877 1900/1900/1900 3235/3235/3235
f 3236/3236/3236 3237/3237/3237 3238/3238/3238
f 3218/3218/3218 3239/3239/3239 1871/1871/1871
f 3240/3240/3240 3238/3238/3238 3237/3237/3237
f 3241/3241/3241 3242/3242/3242 3243/3243/3243
f 3244/3244/3244 3245/3245/3245 3246/3246/3246
f 3247/3247/3247 3248/3248/3248 3249/3249/3249
f 3250/3250/3250 3251/3251/3251 3252/3252/3252
f 3251/3251/3251 3250/3250/3250 3253/3253/3253
f 3254/3254/3254 3255/3255/3255 3256/3256/3256
f 3257/3257/3257 3258/3258/3258 3259/3259/3259
f 3260/3260/3260 3261/3261/3261 3262/3262/3262
f 3248/3248/3248 3247/3247/3247 3263/3263/3263
f 3248/3248/3248 3263/3263/3263 3264/3264/3264
f 3264/3264/3264 3265/3265/3265 3248/3248/3248
f 3266/3266/3266 3263/3263/3263 3247/3247/3247
f 3255/3255/3255 3254/3254/3254 3267/3267/3267
f 3268/3268/3268 3264/3264/3264 3263/3263/3263
f 3263/3263/3263 3266/3266/3266 3268/3268/3268
f 3269/3269/3269 3270/3270/3270 3271/3271/3271
f 3272/3272/3272 2985/2985/2985 2984/2984/2984
f 3270/3270/3270 3273/3273/3273 3274/3274/3274
f 3270/3270/3270 3274/3274/3274 3275/3275/3275
f 3275/3275/3275 3271/3271/3271 3270/3270/3270
f 3265/3265/3265 3264/3264/3264 3276/3276/3276
f 3277/3277/3277 3274/3274/3274 3278/3278/3278
f 3279/3279/3279 3280/3280/3280 3281/3281/3281
f 3264/3264/3264 3268/3268/3268 3282/3282/3282
f 3264/3264/3264 3282/3282/3282 3283/3283/3283
f 3284/3284/3284 3285/3285/3285 3286/3286/3286
f 3287/3287/3287 3288/3288/3288 3289/3289/3289
f 3290/3290/3290 3291/3291/3291 3292/3292/3292
f 3287/3287/3287 3289/3289/3289 3293/3293/3293
f 3294/3294/3294 3295/3295/3295 3296/3296/3296
f 3289/3289/3289 3288/3288/3288 3297/3297/3297
f 3298/3298/3298 3299/3299/3299 3300/3300/3300
f 3300/3300/3300 3301/3301/3301 3298/3298/3298
f 3285/3285/3285 3302/3302/3302 3303/3303/3303
f 3304/3304/3304 3302/3302/3302 3285/3285/3285
f 3285/3285/3285 3284/3284/3284 3304/3304/3304
f 3305/3305/3305 3306/3306/3306 3307/3307/3307
f 3308/3308/3308 3309/3309/3309 3310/3310/3310
f 3311/3311/3311 3312/3312/3312 3313/3313/3313
f 3314/3314/3314 3315/3315/3315 3316/3316/3316
f 3317/3317/3317 3318/3318/3318 3319/3319/3319
f 3319/3319/3319 3318/3318/3318 3320/3320/3320
f 3321/3321/3321 3322/3322/3322 3323/3323/3323
f 3323/3323/3323 3324/3324/3324 3321/3321/3321
f 3274/3274/3274 3277/3277/3277 3325/3325/3325
f 3325/3325/3325 3275/3275/3275 3274/3274/3274
f 3326/3326/3326 3327/3327/3327 3328/3328/3328
f 3329/3329/3329 3330/3330/3330 3331/3331/3331
f 3332/3332/3332 3333/3333/3333 3334/3334/3334
f 3331/3331/3331 3335/3335/3335 3329/3329/3329
f 3336/3336/3336 3337/3337/3337 3338/3338/3338
f 3338/3338/3338 3339/3339/3339 3336/3336/3336
f 3340/3340/3340 3339/3339/3339 3341/3341/3341
f 3342/3342/3342 3343/3343/3343 3344/3344/3344
f 3345/3345/3345 3346/3346/3346 3347/3347/3347
f 3339/3339/3339 3340/3340/3340 3336/3336/3336
f 3348/3348/3348 3344/3344/3344 3343/3343/3343
f 3349/3349/3349 3350/3350/3350 3351/3351/3351
f 3352/3352/3352 3336/3336/3336 3340/3340/3340
f 3340/3340/3340 3353/3353/3353 3352/3352/3352
f 3354/3354/3354 3355/3355/3355 3356/3356/3356
f 3357/3357/3357 3358/3358/3358 3359/3359/3359
f 3350/3350/3350 3360/3360/3360 3351/3351/3351
f 3361/3361/3361 3362/3362/3362 3363/3363/3363
f 3364/3364/3364 3351/3351/3351 3360/3360/3360
f 3362/3362/3362 3361/3361/3361 3365/3365/3365
f 3277/3277/3277 3366/3366/3366 3367/3367/3367
f 3368/3368/3368 3325/3325/3325 3277/3277/3277
f 3367/3367/3367 3368/3368/3368 3277/3277/3277
f 3369/3369/3369 3352/3352/3352 3353/3353/3353
f 3370/3370/3370 3371/3371/3371 3372/3372/3372
f 3369/3369/3369 3373/3373/3373 3352/3352/3352
f 3374/3374/3374 3375/3375/3375 3376/3376/3376
f 3196/3196/3196 3377/3377/3377 3213/3213/3213
f 1990/1990/1990 3378/3378/3378 1979/1979/1979
f 1979/1979/1979 3378/3378/3378 3379/3379/3379
f 3380/3380/3380 3213/3213/3213 3377/3377/3377
f 3381/3381/3381 3382/3382/3382 3383/3383/3383
f 3384/3384/3384 3385/3385/3385 3386/3386/3386
f 3384/3384/3384 3387/3387/3387 3386/3386/3386
f 3388/3388/3388 3389/3389/3389 3390/3390/3390
f 3391/3391/3391 3392/3392/3392 3393/3393/3393
f 3394/3394/3394 3395/3395/3395 3396/3396/3396
f 3397/3397/3397 3398/3398/3398 3399/3399/3399
f 3400/3400/3400 3401/3401/3401 3402/3402/3402
f 3403/3403/3403 3404/3404/3404 3405/3405/3405
f 3406/3406/3406 3407/3407/3407 3408/3408/3408
f 3386/3386/3386 3385/3385/3385 3409/3409/3409
f 3406/3406/3406 3408/3408/3408 3410/3410/3410
f 3411/3411/3411 3412/3412/3412 3413/3413/3413
f 3414/3414/3414 3415/3415/3415 3416/3416/3416
f 3417/3417/3417 3418/3418/3418 3419/3419/3419
f 3420/3420/3420 3421/3421/3421 3422/3422/3422
f 3423/3423/3423 3424/3424/3424 3425/3425/3425
f 3403/3403/3403 3426/3426/3426 3404/3404/3404
f 3427/3427/3427 3428/3428/3428 3429/3429/3429
f 3391/3391/3391 3430/3430/3430 3392/3392/3392
f 3398/3398/3398 3431/3431/3431 3399/3399/3399
f 3427/3427/3427 3432/3432/3432 3428/3428/3428
f 3254/3254/3254 3433/3433/3433 3267/3267/3267
f 3434/3434/3434 3435/3435/3435 3436/3436/3436
f 3437/3437/3437 3436/3436/3436 3435/3435/3435
f 3438/3438/3438 3437/3437/3437 3435/3435/3435
f 3435/3435/3435 2568/2568/2568 3438/3438/3438
f 3381/3381/3381 3439/3439/3439 3440/3440/3440
f 3441/3441/3441 3386/3386/3386 3387/3387/3387
f 3442/3442/3442 3440/3440/3440 3381/3381/3381
f 3386/3386/3386 3443/3443/3443 3441/3441/3441
f 3444/3444/3444 3445/3445/3445 3446/3446/3446
f 3447/3447/3447 3448/3448/3448 3449/3449/3449
f 3450/3450/3450 3451/3451/3451 3452/3452/3452
f 3452/3452/3452 3451/3451/3451 3453/3453/3453
f 3454/3454/3454 3452/3452/3452 3453/3453/3453
f 3437/3437/3437 3438/3438/3438 3455/3455/3455
f 3456/3456/3456 3438/3438/3438 2568/2568/2568
f 2568/2568/2568 2567/2567/2567 3456/3456/3456
f 3457/3457/3457 3455/3455/3455 3438/3438/3438
f 3458/3458/3458 3457/3457/3457 3438/3438/3438
f 3438/3438/3438 3456/3456/3456 3458/3458/3458
f 3459/3459/3459 3460/3460/3460 3461/3461/3461
f 3462/3462/3462 3463/3463/3463 3464/3464/3464
f 3465/3465/3465 3463/3463/3463 3462/3462/3462
f 3466/3466/3466 3467/3467/3467 3468/3468/3468
f 3464/3464/3464 3469/3469/3469 3462/3462/3462
f 3466/3466/3466 3468/3468/3468 3470/3470/3470
f 3471/3471/3471 3472/3472/3472 3466/3466/3466
f 3470/3470/3470 3471/3471/3471 3466/3466/3466
f 3473/3473/3473 3474/3474/3474 3475/3475/3475
f 3463/3463/3463 3465/3465/3465 3476/3476/3476
f 3475/3475/3475 3477/3477/3477 3473/3473/3473
f 3478/3478/3478 3468/3468/3468 3467/3467/3467
f 3469/3469/3469 3464/3464/3464 3479/3479/3479
f 3479/3479/3479 3480/3480/3480 3469/3469/3469
f 3481/3481/3481 3480/3480/3480 3482/3482/3482
f 3483/3483/3483 3470/3470/3470 3468/3468/3468
f 3468/3468/3468 3484/3484/3484 3485/3485/3485
f 3485/3485/3485 3483/3483/3483 3468/3468/3468
f 3486/3486/3486 3479/3479/3479 3464/3464/3464
f 3487/3487/3487 3488/3488/3488 3474/3474/3474
f 3474/3474/3474 3473/3473/3473 3487/3487/3487
f 3480/3480/3480 3479/3479/3479 3489/3489/3489
f 3490/3490/3490 3482/3482/3482 3480/3480/3480
f 3489/3489/3489 3490/3490/3490 3480/3480/3480
f 3491/3491/3491 3492/3492/3492 3493/3493/3493
f 3494/3494/3494 3495/3495/3495 3496/3496/3496
f 3497/3497/3497 3498/3498/3498 3499/3499/3499
f 3500/3500/3500 3501/3501/3501 3502/3502/3502
f 3493/3493/3493 3503/3503/3503 3491/3491/3491
f 3479/3479/3479 3486/3486/3486 3504/3504/3504
f 3504/3504/3504 3489/3489/3489 3479/3479/3479
f 3495/3495/3495 3494/3494/3494 3505/3505/3505
f 3506/3506/3506 3507/3507/3507 3508/3508/3508
f 3509/3509/3509 3498/3498/3498 3497/3497/3497
f 3508/3508/3508 3510/3510/3510 3506/3506/3506
f 3511/3511/3511 3510/3510/3510 3508/3508/3508
f 3509/3509/3509 3497/3497/3497 3512/3512/3512
f 3509/3509/3509 3512/3512/3512 3513/3513/3513
f 3508/3508/3508 3514/3514/3514 3511/3511/3511
f 3501/3501/3501 3515/3515/3515 3516/3516/3516
f 3501/3501/3501 3516/3516/3516 3517/3517/3517
f 3517/3517/3517 3502/3502/3502 3501/3501/3501
f 3518/3518/3518 3519/3519/3519 3520/3520/3520
f 3520/3520/3520 3519/3519/3519 3521/3521/3521
f 3522/3522/3522 3523/3523/3523 3510/3510/3510
f 3510/3510/3510 3511/3511/3511 3522/3522/3522
f 3518/3518/3518 3524/3524/3524 3519/3519/3519
f 3525/3525/3525 3526/3526/3526 3527/3527/3527
f 3528/3528/3528 3529/3529/3529 3530/3530/3530
f 3527/3527/3527 3531/3531/3531 3525/3525/3525
f 3532/3532/3532 3533/3533/3533 3534/3534/3534
f 3534/3534/3534 3533/3533/3533 3535/3535/3535
f 3536/3536/3536 3537/3537/3537 3538/3538/3538
f 3539/3539/3539 3540/3540/3540 3541/3541/3541
f 3542/3542/3542 3543/3543/3543 3544/3544/3544
f 3545/3545/3545 3546/3546/3546 3547/3547/3547
f 3548/3548/3548 3546/3546/3546 3545/3545/3545
f 3549/3549/3549 3550/3550/3550 3551/3551/3551
f 3552/3552/3552 3548/3548/3548 3545/3545/3545
f 3553/3553/3553 3554/3554/3554 3555/3555/3555
f 3547/3547/3547 3546/3546/3546 3556/3556/3556
f 3556/3556/3556 3546/3546/3546 3557/3557/3557
f 3558/3558/3558 3547/3547/3547 3556/3556/3556
f 3559/3559/3559 3535/3535/3535 3533/3533/3533
f 3546/3546/3546 3548/3548/3548 3560/3560/3560
f 3546/3546/3546 3560/3560/3560 3557/3557/3557
f 3561/3561/3561 3562/3562/3562 3526/3526/3526
f 3526/3526/3526 3562/3562/3562 3563/3563/3563
f 3524/3524/3524 3518/3518/3518 3564/3564/3564
f 3563/3563/3563 3527/3527/3527 3526/3526/3526
f 3565/3565/3565 3547/3547/3547 3558/3558/3558
f 3566/3566/3566 3567/3567/3567 3568/3568/3568
f 3569/3569/3569 3564/3564/3564 3518/3518/3518
f 3523/3523/3523 3522/3522/3522 3570/3570/3570
f 3570/3570/3570 3554/3554/3554 3523/3523/3523
f 3537/3537/3537 3536/3536/3536 3571/3571/3571
f 3567/3567/3567 3572/3572/3572 3568/3568/3568
f 3573/3573/3573 3574/3574/3574 3575/3575/3575
f 3516/3516/3516 3576/3576/3576 3577/3577/3577
f 3577/3577/3577 3517/3517/3517 3516/3516/3516
f 3531/3531/3531 3527/3527/3527 3578/3578/3578
f 3576/3576/3576 3579/3579/3579 3577/3577/3577
f 3527/3527/3527 3563/3563/3563 3580/3580/3580
f 3581/3581/3581 3578/3578/3578 3527/3527/3527
f 3580/3580/3580 3581/3581/3581 3527/3527/3527
f 3582/3582/3582 3571/3571/3571 3536/3536/3536
f 3536/3536/3536 3583/3583/3583 3582/3582/3582
f 3584/3584/3584 3585/3585/3585 3540/3540/3540
f 3540/3540/3540 3539/3539/3539 3584/3584/3584
f 3582/3582/3582 3586/3586/3586 3571/3571/3571
f 3578/3578/3578 3581/3581/3581 3587/3587/3587
f 3588/3588/3588 3577/3577/3577 3579/3579/3579
f 3589/3589/3589 3588/3588/3588 3579/3579/3579
f 3581/3581/3581 3580/3580/3580 3590/3590/3590
f 3590/3590/3590 3587/3587/3587 3581/3581/3581
f 3591/3591/3591 3582/3582/3582 3583/3583/3583
f 3585/3585/3585 3584/3584/3584 3592/3592/3592
f 3583/3583/3583 3593/3593/3593 3591/3591/3591
f 3594/3594/3594 3593/3593/3593 3583/3583/3583
f 3580/3580/3580 3595/3595/3595 3590/3590/3590
f 3596/3596/3596 3597/3597/3597 3598/3598/3598
f 3599/3599/3599 3600/3600/3600 3601/3601/3601
f 3602/3602/3602 3603/3603/3603 3604/3604/3604
f 3601/3601/3601 3605/3605/3605 3599/3599/3599
f 3596/3596/3596 3598/3598/3598 3606/3606/3606
f 3607/3607/3607 3608/3608/3608 3609/3609/3609
f 3610/3610/3610 3607/3607/3607 3609/3609/3609
f 3611/3611/3611 3610/3610/3610 3609/3609/3609
f 3600/3600/3600 3599/3599/3599 3612/3612/3612
f 3609/3609/3609 3613/3613/3613 3611/3611/3611
f 3602/3602/3602 3614/3614/3614 3603/3603/3603
f 3615/3615/3615 3616/3616/3616 3617/3617/3617
f 3618/3618/3618 3619/3619/3619 3620/3620/3620
f 3621/3621/3621 3599/3599/3599 3605/3605/3605
f 3620/3620/3620 3622/3622/3622 3618/3618/3618
f 3623/3623/3623 3606/3606/3606 3624/3624/3624
f 3625/3625/3625 3617/3617/3617 3616/3616/3616
f 3626/3626/3626 3625/3625/3625 3616/3616/3616
f 3627/3627/3627 3606/3606/3606 3598/3598/3598
f 3606/3606/3606 3627/3627/3627 3628/3628/3628
f 3606/3606/3606 3628/3628/3628 3624/3624/3624
f 3629/3629/3629 3630/3630/3630 3631/3631/3631
f 3632/3632/3632 3633/3633/3633 3634/3634/3634
f 3634/3634/3634 3635/3635/3635 3632/3632/3632
f 3633/3633/3633 3636/3636/3636 3637/3637/3637
f 3633/3633/3633 3637/3637/3637 3634/3634/3634
f 3638/3638/3638 3639/3639/3639 3630/3630/3630
f 3630/3630/3630 3629/3629/3629 3640/3640/3640
f 3630/3630/3630 3640/3640/3640 3638/3638/3638
f 3641/3641/3641 3642/3642/3642 3643/3643/3643
f 3643/3643/3643 3644/3644/3644 3641/3641/3641
f 3645/3645/3645 3638/3638/3638 3640/3640/3640
f 3646/3646/3646 3647/3647/3647 3648/3648/3648
f 3649/3649/3649 3647/3647/3647 3646/3646/3646
f 3650/3650/3650 3651/3651/3651 3652/3652/3652
f 3653/3653/3653 3654/3654/3654 3655/3655/3655
f 3656/3656/3656 3657/3657/3657 3658/3658/3658
f 3659/3659/3659 3656/3656/3656 3658/3658/3658
f 3660/3660/3660 3647/3647/3647 3649/3649/3649
f 3661/3661/3661 3662/3662/3662 3663/3663/3663
f 3649/3649/3649 3664/3664/3664 3660/3660/3660
f 3663/3663/3663 3665/3665/3665 3666/3666/3666
f 3667/3667/3667 3661/3661/3661 3663/3663/3663
f 3666/3666/3666 3667/3667/3667 3663/3663/3663
f 3668/3668/3668 3669/3669/3669 3662/3662/3662
f 3662/3662/3662 3661/3661/3661 3668/3668/3668
f 3670/3670/3670 3652/3652/3652 3651/3651/3651
f 3651/3651/3651 3671/3671/3671 3670/3670/3670
f 3672/3672/3672 3634/3634/3634 3637/3637/3637
f 3645/3645/3645 3673/3673/3673 3638/3638/3638
f 3674/3674/3674 3675/3675/3675 3676/3676/3676
f 3674/3674/3674 3676/3676/3676 3677/3677/3677
f 3678/3678/3678 3679/3679/3679 3680/3680/3680
f 3681/3681/3681 3612/3612/3612 3599/3599/3599
f 3682/3682/3682 3681/3681/3681 3599/3599/3599
f 3621/3621/3621 3682/3682/3682 3599/3599/3599
f 3683/3683/3683 3684/3684/3684 3685/3685/3685
f 3686/3686/3686 3687/3687/3687 3688/3688/3688
f 3685/3685/3685 3689/3689/3689 3683/3683/3683
f 3690/3690/3690 3691/3691/3691 3692/3692/3692
f 3613/3613/3613 3693/3693/3693 3611/3611/3611
f 3687/3687/3687 3694/3694/3694 3688/3688/3688
f 3695/3695/3695 3683/3683/3683 3689/3689/3689
f 3471/3471/3471 3470/3470/3470 3696/3696/3696
f 3696/3696/3696 3697/3697/3697 3471/3471/3471
f 3698/3698/3698 3699/3699/3699 3700/3700/3700
f 3701/3701/3701 3688/3688/3688 3694/3694/3694
f 3702/3702/3702 3703/3703/3703 3704/3704/3704
f 3699/3699/3699 3705/3705/3705 3700/3700/3700
f 3477/3477/3477 3706/3706/3706 3473/3473/3473
f 3707/3707/3707 3700/3700/3700 3705/3705/3705
f 3705/3705/3705 3708/3708/3708 3707/3707/3707
f 3709/3709/3709 3704/3704/3704 3703/3703/3703
f 3710/3710/3710 3711/3711/3711 3712/3712/3712
f 3704/3704/3704 3709/3709/3709 3713/3713/3713
f 3714/3714/3714 3715/3715/3715 3716/3716/3716
f 3711/3711/3711 3710/3710/3710 3717/3717/3717
f 3718/3718/3718 3719/3719/3719 3720/3720/3720
f 3721/3721/3721 3722/3722/3722 3723/3723/3723
f 3724/3724/3724 3725/3725/3725 3726/3726/3726
f 3709/3709/3709 3727/3727/3727 3713/3713/3713
f 3728/3728/3728 3729/3729/3729 3730/3730/3730
f 3731/3731/3731 3732/3732/3732 3733/3733/3733
f 3733/3733/3733 3734/3734/3734 3731/3731/3731
f 3710/3710/3710 3735/3735/3735 3717/3717/3717
f 3736/3736/3736 3737/3737/3737 3738/3738/3738
f 3739/3739/3739 3740/3740/3740 3741/3741/3741
f 3742/3742/3742 3743/3743/3743 3744/3744/3744
f 3745/3745/3745 3746/3746/3746 3747/3747/3747
f 3748/3748/3748 3746/3746/3746 3745/3745/3745
f 3749/3749/3749 3750/3750/3750 3657/3657/3657
f 3657/3657/3657 3751/3751/3751 3749/3749/3749
f 3752/3752/3752 3753/3753/3753 3754/3754/3754
f 3754/3754/3754 3755/3755/3755 3752/3752/3752
f 3756/3756/3756 3719/3719/3719 3757/3757/3757
f 3757/3757/3757 3758/3758/3758 3756/3756/3756
f 3759/3759/3759 3720/3720/3720 3719/3719/3719
f 3760/3760/3760 3759/3759/3759 3719/3719/3719
f 3719/3719/3719 3756/3756/3756 3761/3761/3761
f 3719/3719/3719 3761/3761/3761 3760/3760/3760
f 3490/3490/3490 3762/3762/3762 3482/3482/3482
f 3484/3484/3484 3763/3763/3763 3485/3485/3485
f 3503/3503/3503 3493/3493/3493 3764/3764/3764
f 3764/3764/3764 3765/3765/3765 3503/3503/3503
f 3766/3766/3766 3767/3767/3767 3768/3768/3768
f 3769/3769/3769 3770/3770/3770 3771/3771/3771
f 3772/3772/3772 3773/3773/3773 3774/3774/3774
f 3775/3775/3775 3776/3776/3776 3777/3777/3777
f 3778/3778/3778 3779/3779/3779 3780/3780/3780
f 3781/3781/3781 3782/3782/3782 3514/3514/3514
f 3514/3514/3514 3782/3782/3782 3783/3783/3783
f 3783/3783/3783 3511/3511/3511 3514/3514/3514
f 3773/3773/3773 3772/3772/3772 3784/3784/3784
f 3785/3785/3785 3786/3786/3786 3787/3787/3787
f 3776/3776/3776 3788/3788/3788 3777/3777/3777
f 3789/3789/3789 3790/3790/3790 3791/3791/3791
f 3751/3751/3751 3657/3657/3657 3792/3792/3792
f 3758/3758/3758 3793/3793/3793 3756/3756/3756
f 3657/3657/3657 3656/3656/3656 3792/3792/3792
f 3794/3794/3794 3795/3795/3795 3796/3796/3796
f 3797/3797/3797 3798/3798/3798 3799/3799/3799
f 3799/3799/3799 3800/3800/3800 3797/3797/3797
f 3795/3795/3795 3801/3801/3801 3796/3796/3796
f 3802/3802/3802 3791/3791/3791 3790/3790/3790
f 3803/3803/3803 3802/3802/3802 3790/3790/3790
f 3804/3804/3804 3803/3803/3803 3790/3790/3790
f 3805/3805/3805 3806/3806/3806 3807/3807/3807
f 3808/3808/3808 3756/3756/3756 3793/3793/3793
f 3809/3809/3809 3808/3808/3808 3793/3793/3793
f 3756/3756/3756 3808/3808/3808 3761/3761/3761
f 3808/3808/3808 3809/3809/3809 3810/3810/3810
f 3808/3808/3808 3810/3810/3810 3811/3811/3811
f 3812/3812/3812 3813/3813/3813 3814/3814/3814
f 3815/3815/3815 3816/3816/3816 3817/3817/3817
f 3817/3817/3817 3818/3818/3818 3815/3815/3815
f 3816/3816/3816 3819/3819/3819 3817/3817/3817
f 3818/3818/3818 3817/3817/3817 3820/3820/3820
f 3821/3821/3821 3822/3822/3822 3801/3801/3801
f 3823/3823/3823 3824/3824/3824 3825/3825/3825
f 3826/3826/3826 3827/3827/3827 3828/3828/3828
f 3824/3824/3824 3823/3823/3823 3829/3829/3829
f 3824/3824/3824 3829/3829/3829 3830/3830/3830
f 3830/3830/3830 3831/3831/3831 3824/3824/3824
f 3832/3832/3832 3833/3833/3833 3834/3834/3834
f 3835/3835/3835 3836/3836/3836 3837/3837/3837
f 3838/3838/3838 3839/3839/3839 3833/3833/3833
f 3833/3833/3833 3832/3832/3832 3840/3840/3840
f 3833/3833/3833 3840/3840/3840 3838/3838/3838
f 3841/3841/3841 3842/3842/3842 3843/3843/3843
f 3844/3844/3844 3845/3845/3845 3846/3846/3846
f 3847/3847/3847 3801/3801/3801 3822/3822/3822
f 3846/3846/3846 3848/3848/3848 3844/3844/3844
f 3842/3842/3842 3841/3841/3841 3849/3849/3849
f 3850/3850/3850 3851/3851/3851 3852/3852/3852
f 3852/3852/3852 3853/3853/3853 3850/3850/3850
f 3841/3841/3841 3854/3854/3854 3849/3849/3849
f 3801/3801/3801 3847/3847/3847 3796/3796/3796
f 3855/3855/3855 3796/3796/3796 3847/3847/3847
f 3856/3856/3856 3855/3855/3855 3847/3847/3847
f 3848/3848/3848 3846/3846/3846 3857/3857/3857
f 3858/3858/3858 3859/3859/3859 3860/3860/3860
f 3861/3861/3861 3862/3862/3862 3863/3863/3863
f 3811/3811/3811 3810/3810/3810 3864/3864/3864
f 3865/3865/3865 3866/3866/3866 3867/3867/3867
f 3861/3861/3861 3863/3863/3863 3868/3868/3868
f 3867/3867/3867 3869/3869/3869 3865/3865/3865
f 3813/3813/3813 3812/3812/3812 3870/3870/3870
f 3813/3813/3813 3870/3870/3870 3871/3871/3871
f 3871/3871/3871 3872/3872/3872 3813/3813/3813
f 3873/3873/3873 3870/3870/3870 3812/3812/3812
f 3873/3873/3873 3874/3874/3874 3870/3870/3870
f 3870/3870/3870 3874/3874/3874 3871/3871/3871
f 3875/3875/3875 3876/3876/3876 3877/3877/3877
f 3878/3878/3878 3876/3876/3876 3875/3875/3875
f 3875/3875/3875 3879/3879/3879 3878/3878/3878
f 3880/3880/3880 3881/3881/3881 3882/3882/3882
f 3883/3883/3883 3881/3881/3881 3880/3880/3880
f 3884/3884/3884 3877/3877/3877 3876/3876/3876
f 3865/3865/3865 3882/3882/3882 3881/3881/3881
f 3881/3881/3881 3883/3883/3883 3885/3885/3885
f 3886/3886/3886 3871/3871/3871 3874/3874/3874
f 3887/3887/3887 3777/3777/3777 3788/3788/3788
f 3871/3871/3871 3888/3888/3888 3872/3872/3872
f 3788/3788/3788 3889/3889/3889 3887/3887/3887
f 3890/3890/3890 3891/3891/3891 3892/3892/3892
f 3893/3893/3893 3785/3785/3785 3891/3891/3891
f 3890/3890/3890 3893/3893/3893 3891/3891/3891
f 3894/3894/3894 3522/3522/3522 3511/3511/3511
f 3783/3783/3783 3894/3894/3894 3511/3511/3511
f 3895/3895/3895 3570/3570/3570 3522/3522/3522
f 3894/3894/3894 3895/3895/3895 3522/3522/3522
f 3570/3570/3570 3555/3555/3555 3554/3554/3554
f 3555/3555/3555 3570/3570/3570 3895/3895/3895
f 3675/3675/3675 3896/3896/3896 3676/3676/3676
f 3897/3897/3897 3676/3676/3676 3896/3896/3896
f 3676/3676/3676 3897/3897/3897 3898/3898/3898
f 3676/3676/3676 3898/3898/3898 3677/3677/3677
f 3899/3899/3899 3898/3898/3898 3897/3897/3897
f 3900/3900/3900 3901/3901/3901 3902/3902/3902
f 3903/3903/3903 3786/3786/3786 3904/3904/3904
f 3903/3903/3903 3904/3904/3904 3905/3905/3905
f 3898/3898/3898 3899/3899/3899 3906/3906/3906
f 3907/3907/3907 3677/3677/3677 3898/3898/3898
f 3906/3906/3906 3907/3907/3907 3898/3898/3898
f 3899/3899/3899 3908/3908/3908 3909/3909/3909
f 3910/3910/3910 3911/3911/3911 3912/3912/3912
f 3899/3899/3899 3909/3909/3909 3906/3906/3906
f 3912/3912/3912 3913/3913/3913 3910/3910/3910
f 3914/3914/3914 3909/3909/3909 3908/3908/3908
f 3910/3910/3910 3915/3915/3915 3911/3911/3911
f 3916/3916/3916 3917/3917/3917 3918/3918/3918
f 3919/3919/3919 3920/3920/3920 3921/3921/3921
f 3918/3918/3918 3922/3922/3922 3916/3916/3916
f 3915/3915/3915 3910/3910/3910 3923/3923/3923
f 3924/3924/3924 3918/3918/3918 3917/3917/3917
f 3925/3925/3925 3926/3926/3926 3927/3927/3927
f 3917/3917/3917 3928/3928/3928 3924/3924/3924
f 3929/3929/3929 3930/3930/3930 3931/3931/3931
f 3786/3786/3786 3785/3785/3785 3904/3904/3904
f 3785/3785/3785 3932/3932/3932 3933/3933/3933
f 3893/3893/3893 3932/3932/3932 3785/3785/3785
f 3933/3933/3933 3904/3904/3904 3785/3785/3785
f 3934/3934/3934 3933/3933/3933 3932/3932/3932
f 3932/3932/3932 3893/3893/3893 3935/3935/3935
f 3932/3932/3932 3935/3935/3935 3934/3934/3934
f 3933/3933/3933 3905/3905/3905 3904/3904/3904
f 3936/3936/3936 3910/3910/3910 3913/3913/3913
f 3910/3910/3910 3936/3936/3936 3937/3937/3937
f 3937/3937/3937 3923/3923/3923 3910/3910/3910
f 3933/3933/3933 3934/3934/3934 3938/3938/3938
f 1628/1628/1628 3939/3939/3939 3940/3940/3940
f 1682/1682/1682 3941/3941/3941 3942/3942/3942
f 3940/3940/3940 1636/1636/1636 1628/1628/1628
f 3943/3943/3943 3941/3941/3941 3944/3944/3944
f 3945/3945/3945 3941/3941/3941 3943/3943/3943
f 3943/3943/3943 3944/3944/3944 3946/3946/3946
f 3943/3943/3943 3946/3946/3946 3947/3947/3947
f 3947/3947/3947 3945/3945/3945 3943/3943/3943
f 3948/3948/3948 3940/3940/3940 3939/3939/3939
f 3941/3941/3941 1682/1682/1682 3944/3944/3944
f 3941/3941/3941 3945/3945/3945 3949/3949/3949
f 3950/3950/3950 3951/3951/3951 3952/3952/3952
f 3953/3953/3953 3954/3954/3954 3955/3955/3955
f 3948/3948/3948 3956/3956/3956 3940/3940/3940
f 3951/3951/3951 3957/3957/3957 3952/3952/3952
f 3952/3952/3952 3957/3957/3957 3958/3958/3958
f 3959/3959/3959 3960/3960/3960 3961/3961/3961
f 3962/3962/3962 3963/3963/3963 3964/3964/3964
f 3965/3965/3965 3962/3962/3962 3964/3964/3964
f 3539/3539/3539 3966/3966/3966 3584/3584/3584
f 3967/3967/3967 3968/3968/3968 3543/3543/3543
f 3542/3542/3542 3967/3967/3967 3543/3543/3543
f 3969/3969/3969 3944/3944/3944 1682/1682/1682
f 1682/1682/1682 1684/1684/1684 3969/3969/3969
f 3944/3944/3944 3969/3969/3969 3970/3970/3970
f 3944/3944/3944 3970/3970/3970 3946/3946/3946
f 3971/3971/3971 3969/3969/3969 1684/1684/1684
f 3972/3972/3972 3970/3970/3970 3969/3969/3969
f 3973/3973/3973 3972/3972/3972 3969/3969/3969
f 3969/3969/3969 3971/3971/3971 3973/3973/3973
f 3972/3972/3972 3974/3974/3974 3970/3970/3970
f 3975/3975/3975 3976/3976/3976 3977/3977/3977
f 3978/3978/3978 3979/3979/3979 3980/3980/3980
f 3980/3980/3980 3979/3979/3979 3981/3981/3981
f 3982/3982/3982 3983/3983/3983 3984/3984/3984
f 3985/3985/3985 3986/3986/3986 3987/3987/3987
f 3988/3988/3988 3989/3989/3989 3990/3990/3990
f 3987/3987/3987 3991/3991/3991 3985/3985/3985
f 3966/3966/3966 3992/3992/3992 3993/3993/3993
f 3981/3981/3981 3979/3979/3979 3968/3968/3968
f 3993/3993/3993 3584/3584/3584 3966/3966/3966
f 3968/3968/3968 3967/3967/3967 3981/3981/3981
f 3992/3992/3992 3994/3994/3994 3995/3995/3995
f 3996/3996/3996 3993/3993/3993 3992/3992/3992
f 3995/3995/3995 3996/3996/3996 3992/3992/3992
f 3972/3972/3972 3973/3973/3973 3997/3997/3997
f 3584/3584/3584 3993/3993/3993 3592/3592/3592
f 3993/3993/3993 3996/3996/3996 3998/3998/3998
f 3999/3999/3999 3592/3592/3592 3993/3993/3993
f 3998/3998/3998 3999/3999/3999 3993/3993/3993
f 4000/4000/4000 3973/3973/3973 3971/3971/3971
f 4001/4001/4001 3997/3997/3997 3973/3973/3973
f 3973/3973/3973 4000/4000/4000 4002/4002/4002
f 3973/3973/3973 4002/4002/4002 4001/4001/4001
f 3996/3996/3996 3995/3995/3995 4003/4003/4003
f 4003/4003/4003 3998/3998/3998 3996/3996/3996
f 4004/4004/4004 3535/3535/3535 3559/3559/3559
f 4005/4005/4005 3981/3981/3981 3967/3967/3967
f 4006/4006/4006 4005/4005/4005 3967/3967/3967
f 4005/4005/4005 4007/4007/4007 3981/3981/3981
f 4008/4008/4008 4009/4009/4009 4010/4010/4010
f 4011/4011/4011 4012/4012/4012 4008/4008/4008
f 4008/4008/4008 4010/4010/4010 4011/4011/4011
f 4013/4013/4013 4014/4014/4014 4015/4015/4015
f 4009/4009/4009 4016/4016/4016 4010/4010/4010
f 4017/4017/4017 4018/4018/4018 4019/4019/4019
f 4020/4020/4020 4021/4021/4021 4022/4022/4022
f 4023/4023/4023 3947/3947/3947 4024/4024/4024
f 4012/4012/4012 4025/4025/4025 4026/4026/4026
f 4011/4011/4011 4025/4025/4025 4012/4012/4012
f 3945/3945/3945 3947/3947/3947 4027/4027/4027
f 4028/4028/4028 4029/4029/4029 4030/4030/4030
f 3947/3947/3947 4023/4023/4023 4027/4027/4027
f 4031/4031/4031 4026/4026/4026 4025/4025/4025
f 4025/4025/4025 4011/4011/4011 4032/4032/4032
f 4033/4033/4033 4031/4031/4031 4025/4025/4025
f 4032/4032/4032 4033/4033/4033 4025/4025/4025
f 4023/4023/4023 4034/4034/4034 4027/4027/4027
f 3956/3956/3956 3948/3948/3948 4035/4035/4035
f 4036/4036/4036 4037/4037/4037 4038/4038/4038
f 4039/4039/4039 4035/4035/4035 3948/3948/3948
f 4029/4029/4029 4028/4028/4028 4040/4040/4040
f 4039/4039/4039 4041/4041/4041 4035/4035/4035
f 4042/4042/4042 4043/4043/4043 4044/4044/4044
f 4045/4045/4045 4038/4038/4038 4037/4037/4037
f 4044/4044/4044 4046/4046/4046 4042/4042/4042
f 4047/4047/4047 4048/4048/4048 4049/4049/4049
f 4049/4049/4049 4050/4050/4050 4047/4047/4047
f 4043/4043/4043 4051/4051/4051 4044/4044/4044
f 3678/3678/3678 4052/4052/4052 3679/3679/3679
f 4053/4053/4053 4054/4054/4054 4055/4055/4055
f 4056/4056/4056 4015/4015/4015 4014/4014/4014
f 4015/4015/4015 4056/4056/4056 4057/4057/4057
f 4058/4058/4058 4059/4059/4059 4060/4060/4060
f 4060/4060/4060 4061/4061/4061 4058/4058/4058
f 4062/4062/4062 4057/4057/4057 4056/4056/4056
f 4056/4056/4056 3920/3920/3920 4062/4062/4062
f 4059/4059/4059 4058/4058/4058 4063/4063/4063
f 4059/4059/4059 4063/4063/4063 4064/4064/4064
f 4061/4061/4061 4065/4065/4065 4058/4058/4058
f 3919/3919/3919 4062/4062/4062 3920/3920/3920
f 4066/4066/4066 4058/4058/4058 4065/4065/4065
f 4065/4065/4065 4067/4067/4067 4066/4066/4066
f 4068/4068/4068 4063/4063/4063 4058/4058/4058
f 4058/4058/4058 4066/4066/4066 4068/4068/4068
f 4063/4063/4063 4068/4068/4068 4069/4069/4069
f 4070/4070/4070 4064/4064/4064 4063/4063/4063
f 4069/4069/4069 4070/4070/4070 4063/4063/4063
f 4071/4071/4071 4066/4066/4066 4067/4067/4067
f 4066/4066/4066 4071/4071/4071 4072/4072/4072
f 4073/4073/4073 4068/4068/4068 4066/4066/4066
f 4072/4072/4072 4073/4073/4073 4066/4066/4066
f 3918/3918/3918 3924/3924/3924 4074/4074/4074
f 4075/4075/4075 4069/4069/4069 4068/4068/4068
f 4068/4068/4068 4073/4073/4073 4075/4075/4075
f 4076/4076/4076 4077/4077/4077 4078/4078/4078
f 4079/4079/4079 4027/4027/4027 4034/4034/4034
f 4078/4078/4078 4080/4080/4080 4076/4076/4076
f 4081/4081/4081 4082/4082/4082 4083/4083/4083
f 4084/4084/4084 4085/4085/4085 4086/4086/4086
f 4087/4087/4087 4040/4040/4040 4028/4028/4028
f 4027/4027/4027 4079/4079/4079 4088/4088/4088
f 4040/4040/4040 4087/4087/4087 4089/4089/4089
f 4080/4080/4080 4078/4078/4078 4090/4090/4090
f 4091/4091/4091 4087/4087/4087 4092/4092/4092
f 4078/4078/4078 4093/4093/4093 4094/4094/4094
f 4094/4094/4094 4090/4090/4090 4078/4078/4078
f 4075/4075/4075 4095/4095/4095 4069/4069/4069
f 4096/4096/4096 4089/4089/4089 4087/4087/4087
f 4087/4087/4087 4091/4091/4091 4096/4096/4096
f 4050/4050/4050 4049/4049/4049 4097/4097/4097
f 4098/4098/4098 4044/4044/4044 4051/4051/4051
f 4099/4099/4099 4098/4098/4098 4051/4051/4051
f 4100/4100/4100 4097/4097/4097 4049/4049/4049
f 4089/4089/4089 4096/4096/4096 4101/4101/4101
f 4102/4102/4102 4103/4103/4103 4104/4104/4104
f 4105/4105/4105 4106/4106/4106 4107/4107/4107
f 4104/4104/4104 4108/4108/4108 4102/4102/4102
f 4102/4102/4102 4108/4108/4108 4109/4109/4109
f 4110/4110/4110 4105/4105/4105 4107/4107/4107
f 4111/4111/4111 4110/4110/4110 4107/4107/4107
f 4107/4107/4107 4112/4112/4112 4111/4111/4111
f 4113/4113/4113 4114/4114/4114 4115/4115/4115
f 4115/4115/4115 4114/4114/4114 4116/4116/4116
f 4117/4117/4117 4118/4118/4118 4119/4119/4119
f 4120/4120/4120 4121/4121/4121 4122/4122/4122
f 4122/4122/4122 4123/4123/4123 4120/4120/4120
f 4124/4124/4124 4125/4125/4125 4126/4126/4126
f 4127/4127/4127 4128/4128/4128 4129/4129/4129
f 4130/4130/4130 4131/4131/4131 4132/4132/4132
f 4133/4133/4133 4134/4134/4134 4135/4135/4135
f 4135/4135/4135 4136/4136/4136 4133/4133/4133
f 4137/4137/4137 4138/4138/4138 4139/4139/4139
f 4121/4121/4121 4140/4140/4140 4122/4122/4122
f 4123/4123/4123 4122/4122/4122 4141/4141/4141
f 4142/4142/4142 4129/4129/4129 4128/4128/4128
f 4143/4143/4143 4144/4144/4144 4145/4145/4145
f 4146/4146/4146 4147/4147/4147 4148/4148/4148
f 4149/4149/4149 4150/4150/4150 4151/4151/4151
f 4146/4146/4146 4148/4148/4148 4152/4152/4152
f 4153/4153/4153 4149/4149/4149 4151/4151/4151
f 4154/4154/4154 4155/4155/4155 4146/4146/4146
f 4146/4146/4146 4152/4152/4152 4154/4154/4154
f 4130/4130/4130 4156/4156/4156 4131/4131/4131
f 4130/4130/4130 4157/4157/4157 4156/4156/4156
f 4156/4156/4156 4157/4157/4157 4158/4158/4158
f 4159/4159/4159 4160/4160/4160 4161/4161/4161
f 4158/4158/4158 4162/4162/4162 4156/4156/4156
f 4163/4163/4163 4164/4164/4164 4165/4165/4165
f 4165/4165/4165 4166/4166/4166 4163/4163/4163
f 4134/4134/4134 4133/4133/4133 4167/4167/4167
f 4168/4168/4168 4169/4169/4169 4170/4170/4170
f 4171/4171/4171 4172/4172/4172 4173/4173/4173
f 4174/4174/4174 4122/4122/4122 4140/4140/4140
f 4169/4169/4169 4168/4168/4168 4175/4175/4175
f 4172/4172/4172 4176/4176/4176 4177/4177/4177
f 4172/4172/4172 4177/4177/4177 4178/4178/4178
f 4178/4178/4178 4173/4173/4173 4172/4172/4172
f 4165/4165/4165 4179/4179/4179 4166/4166/4166
f 4180/4180/4180 4178/4178/4178 4177/4177/4177
f 4179/4179/4179 4165/4165/4165 4181/4181/4181
f 4177/4177/4177 4182/4182/4182 4180/4180/4180
f 4183/4183/4183 4184/4184/4184 4185/4185/4185
f 4186/4186/4186 4187/4187/4187 4188/4188/4188
f 4189/4189/4189 4190/4190/4190 4191/4191/4191
f 4192/4192/4192 4186/4186/4186 4188/4188/4188
f 4193/4193/4193 3853/3853/3853 4194/4194/4194
f 3853/3853/3853 4193/4193/4193 4195/4195/4195
f 4195/4195/4195 3850/3850/3850 3853/3853/3853
f 4196/4196/4196 4197/4197/4197 4198/4198/4198
f 4196/4196/4196 4198/4198/4198 4199/4199/4199
f 4186/4186/4186 4200/4200/4200 4201/4201/4201
f 4192/4192/4192 4200/4200/4200 4186/4186/4186
f 4202/4202/4202 4198/4198/4198 4197/4197/4197
f 4198/4198/4198 4203/4203/4203 4204/4204/4204
f 4205/4205/4205 4203/4203/4203 4198/4198/4198
f 4198/4198/4198 4202/4202/4202 4205/4205/4205
f 4206/4206/4206 3868/3868/3868 3863/3863/3863
f 3869/3869/3869 4207/4207/4207 3865/3865/3865
f 3882/3882/3882 4207/4207/4207 4208/4208/4208
f 4208/4208/4208 4209/4209/4209 3882/3882/3882
f 4207/4207/4207 3882/3882/3882 3865/3865/3865
f 4210/4210/4210 4211/4211/4211 4212/4212/4212
f 4212/4212/4212 4213/4213/4213 4210/4210/4210
f 4211/4211/4211 4210/4210/4210 4214/4214/4214
f 4215/4215/4215 4216/4216/4216 4217/4217/4217
f 4218/4218/4218 4219/4219/4219 4220/4220/4220
f 4220/4220/4220 4221/4221/4221 4218/4218/4218
f 4222/4222/4222 4223/4223/4223 4224/4224/4224
f 4225/4225/4225 4226/4226/4226 4227/4227/4227
f 4149/4149/4149 4153/4153/4153 4228/4228/4228
f 4227/4227/4227 4229/4229/4229 4225/4225/4225
f 4230/4230/4230 4231/4231/4231 4226/4226/4226
f 4226/4226/4226 4225/4225/4225 4230/4230/4230
f 4232/4232/4232 4233/4233/4233 4234/4234/4234
f 4235/4235/4235 4236/4236/4236 4237/4237/4237
f 4238/4238/4238 4236/4236/4236 4235/4235/4235
f 4239/4239/4239 4240/4240/4240 4241/4241/4241
f 4241/4241/4241 4242/4242/4242 4239/4239/4239
f 4243/4243/4243 4244/4244/4244 4245/4245/4245
f 4246/4246/4246 4238/4238/4238 4235/4235/4235
f 4247/4247/4247 4237/4237/4237 4236/4236/4236
f 4248/4248/4248 4249/4249/4249 4250/4250/4250
f 4250/4250/4250 4251/4251/4251 4248/4248/4248
f 4252/4252/4252 4253/4253/4253 4254/4254/4254
f 4255/4255/4255 4254/4254/4254 4253/4253/4253
f 4256/4256/4256 4255/4255/4255 4253/4253/4253
f 4253/4253/4253 4257/4257/4257 4256/4256/4256
f 4258/4258/4258 4259/4259/4259 4260/4260/4260
f 4258/4258/4258 4260/4260/4260 4261/4261/4261
f 4262/4262/4262 4245/4245/4245 4244/4244/4244
f 4261/4261/4261 4263/4263/4263 4258/4258/4258
f 4264/4264/4264 4260/4260/4260 4259/4259/4259
f 4265/4265/4265 4266/4266/4266 4267/4267/4267
f 4268/4268/4268 4265/4265/4265 4267/4267/4267
f 4269/4269/4269 4270/4270/4270 4271/4271/4271
f 4272/4272/4272 4273/4273/4273 4274/4274/4274
f 4272/4272/4272 4274/4274/4274 4275/4275/4275
f 4270/4270/4270 4276/4276/4276 4271/4271/4271
f 4277/4277/4277 4278/4278/4278 4279/4279/4279
f 4279/4279/4279 4280/4280/4280 4281/4281/4281
f 4279/4279/4279 4281/4281/4281 4277/4277/4277
f 4282/4282/4282 4283/4283/4283 4284/4284/4284
f 4285/4285/4285 4286/4286/4286 4287/4287/4287
f 4288/4288/4288 4289/4289/4289 4285/4285/4285
f 4287/4287/4287 4288/4288/4288 4285/4285/4285
f 4173/4173/4173 4178/4178/4178 4180/4180/4180
f 4180/4180/4180 4290/4290/4290 4173/4173/4173
f 4291/4291/4291 4228/4228/4228 4153/4153/4153
f 4292/4292/4292 4291/4291/4291 4153/4153/4153
f 4154/4154/4154 4293/4293/4293 4155/4155/4155
f 4229/4229/4229 4294/4294/4294 4225/4225/4225
f 4295/4295/4295 4296/4296/4296 4297/4297/4297
f 4295/4295/4295 4297/4297/4297 4298/4298/4298
f 4299/4299/4299 4225/4225/4225 4294/4294/4294
f 4300/4300/4300 4299/4299/4299 4294/4294/4294
f 4301/4301/4301 4302/4302/4302 4303/4303/4303
f 4293/4293/4293 4154/4154/4154 4304/4304/4304
f 4305/4305/4305 4306/4306/4306 4307/4307/4307
f 4308/4308/4308 4309/4309/4309 4310/4310/4310
f 4302/4302/4302 4301/4301/4301 4311/4311/4311
f 4310/4310/4310 4312/4312/4312 4308/4308/4308
f 4313/4313/4313 4314/4314/4314 4315/4315/4315
f 4315/4315/4315 4316/4316/4316 4317/4317/4317
f 4317/4317/4317 4313/4313/4313 4315/4315/4315
f 4152/4152/4152 4318/4318/4318 4154/4154/4154
f 4319/4319/4319 4218/4218/4218 4221/4221/4221
f 4320/4320/4320 4319/4319/4319 4221/4221/4221
f 4321/4321/4321 4322/4322/4322 4323/4323/4323
f 4324/4324/4324 4154/4154/4154 4318/4318/4318
f 4325/4325/4325 4326/4326/4326 4327/4327/4327
f 4328/4328/4328 4329/4329/4329 4330/4330/4330
f 4322/4322/4322 4331/4331/4331 4323/4323/4323
f 4233/4233/4233 4232/4232/4232 4328/4328/4328
f 4225/4225/4225 4299/4299/4299 4230/4230/4230
f 4332/4332/4332 4333/4333/4333 4334/4334/4334
f 4335/4335/4335 4336/4336/4336 4337/4337/4337
f 4338/4338/4338 4339/4339/4339 4340/4340/4340
f 4335/4335/4335 4337/4337/4337 4341/4341/4341
f 4340/4340/4340 4342/4342/4342 4338/4338/4338
f 4343/4343/4343 4230/4230/4230 4299/4299/4299
f 4344/4344/4344 4345/4345/4345 4346/4346/4346
f 4336/4336/4336 4347/4347/4347 4337/4337/4337
f 4232/4232/4232 4348/4348/4348 4349/4349/4349
f 4349/4349/4349 4328/4328/4328 4232/4232/4232
f 4350/4350/4350 4351/4351/4351 4352/4352/4352
f 4353/4353/4353 4350/4350/4350 4352/4352/4352
f 4338/4338/4338 4354/4354/4354 4339/4339/4339
f 4329/4329/4329 4328/4328/4328 4355/4355/4355
f 4356/4356/4356 4323/4323/4323 4331/4331/4331
f 4328/4328/4328 4349/4349/4349 4355/4355/4355
f 4350/4350/4350 4353/4353/4353 4357/4357/4357
f 4358/4358/4358 4355/4355/4355 4349/4349/4349
f 4357/4357/4357 4359/4359/4359 4350/4350/4350
f 4360/4360/4360 4361/4361/4361 4362/4362/4362
f 4354/4354/4354 4338/4338/4338 4363/4363/4363
f 4364/4364/4364 4365/4365/4365 4366/4366/4366
f 4366/4366/4366 4367/4367/4367 4364/4364/4364
f 4356/4356/4356 4368/4368/4368 4323/4323/4323
f 4369/4369/4369 4311/4311/4311 4301/4301/4301
f 4370/4370/4370 4369/4369/4369 4301/4301/4301
f 4371/4371/4371 4308/4308/4308 4312/4312/4312
f 4372/4372/4372 4373/4373/4373 4316/4316/4316
f 4316/4316/4316 4373/4373/4373 4317/4317/4317
f 4308/4308/4308 4371/4371/4371 4374/4374/4374
f 4373/4373/4373 4372/4372/4372 4375/4375/4375
f 4376/4376/4376 4377/4377/4377 4378/4378/4378
f 4379/4379/4379 4380/4380/4380 4376/4376/4376
f 4378/4378/4378 4379/4379/4379 4376/4376/4376
f 4369/4369/4369 4370/4370/4370 4381/4381/4381
f 4382/4382/4382 4383/4383/4383 4384/4384/4384
f 4369/4369/4369 4381/4381/4381 4385/4385/4385
f 4361/4361/4361 4386/4386/4386 4383/4383/4383
f 4383/4383/4383 4382/4382/4382 4361/4361/4361
f 4386/4386/4386 4361/4361/4361 4387/4387/4387
f 4388/4388/4388 4378/4378/4378 4377/4377/4377
f 4361/4361/4361 4360/4360/4360 4387/4387/4387
f 4238/4238/4238 4246/4246/4246 4389/4389/4389
f 4389/4389/4389 4390/4390/4390 4238/4238/4238
f 4245/4245/4245 4262/4262/4262 4391/4391/4391
f 4392/4392/4392 4389/4389/4389 4246/4246/4246
f 4257/4257/4257 4393/4393/4393 4256/4256/4256
f 4394/4394/4394 4393/4393/4393 4257/4257/4257
f 4395/4395/4395 4396/4396/4396 4397/4397/4397
f 4398/4398/4398 4399/4399/4399 4400/4400/4400
f 4401/4401/4401 4395/4395/4395 4397/4397/4397
f 4398/4398/4398 4400/4400/4400 4402/4402/4402
f 4397/4397/4397 4403/4403/4403 4401/4401/4401
f 4404/4404/4404 4256/4256/4256 4393/4393/4393
f 4395/4395/4395 4405/4405/4405 4396/4396/4396
f 4406/4406/4406 4407/4407/4407 4408/4408/4408
f 4409/4409/4409 4400/4400/4400 4399/4399/4399
f 4283/4283/4283 4282/4282/4282 4410/4410/4410
f 4411/4411/4411 4275/4275/4275 4274/4274/4274
f 4281/4281/4281 4412/4412/4412 4277/4277/4277
f 4413/4413/4413 4414/4414/4414 4415/4415/4415
f 4416/4416/4416 4417/4417/4417 4418/4418/4418
f 4419/4419/4419 4415/4415/4415 4414/4414/4414
f 4401/4401/4401 4420/4420/4420 4395/4395/4395
f 4282/4282/4282 4421/4421/4421 4410/4410/4410
f 4422/4422/4422 4391/4391/4391 4262/4262/4262
f 4423/4423/4423 4275/4275/4275 4424/4424/4424
f 4425/4425/4425 4408/4408/4408 4407/4407/4407
f 4407/4407/4407 4426/4426/4426 4425/4425/4425
f 4427/4427/4427 4428/4428/4428 4429/4429/4429
f 4429/4429/4429 4430/4430/4430 4427/4427/4427
f 4400/4400/4400 4431/4431/4431 4432/4432/4432
f 4432/4432/4432 4402/4402/4402 4400/4400/4400
f 4433/4433/4433 4434/4434/4434 4435/4435/4435
f 4436/4436/4436 4437/4437/4437 4438/4438/4438
f 4430/4430/4430 4429/4429/4429 4439/4439/4439
f 4430/4430/4430 4439/4439/4439 4440/4440/4440
f 4441/4441/4441 4442/4442/4442 4443/4443/4443
f 4444/4444/4444 4432/4432/4432 4431/4431/4431
f 4445/4445/4445 4446/4446/4446 4437/4437/4437
f 4437/4437/4437 4436/4436/4436 4445/4445/4445
f 4446/4446/4446 4445/4445/4445 4447/4447/4447
f 4275/4275/4275 4411/4411/4411 4448/4448/4448
f 4448/4448/4448 4424/4424/4424 4275/4275/4275
f 4415/4415/4415 4419/4419/4419 4449/4449/4449
f 4450/4450/4450 4451/4451/4451 4452/4452/4452
f 4453/4453/4453 4454/4454/4454 4455/4455/4455
f 4456/4456/4456 4449/4449/4449 4419/4419/4419
f 4457/4457/4457 4458/4458/4458 4459/4459/4459
f 4420/4420/4420 4401/4401/4401 4460/4460/4460
f 4461/4461/4461 4451/4451/4451 4450/4450/4450
f 4462/4462/4462 4451/4451/4451 4461/4461/4461
f 4463/4463/4463 4464/4464/4464 4465/4465/4465
f 4463/4463/4463 4465/4465/4465 4466/4466/4466
f 4445/4445/4445 4436/4436/4436 4467/4467/4467
f 4467/4467/4467 4436/4436/4436 4468/4468/4468
f 4447/4447/4447 4445/4445/4445 4467/4467/4467
f 4469/4469/4469 4447/4447/4447 4467/4467/4467
f 4465/4465/4465 4470/4470/4470 4466/4466/4466
f 4471/4471/4471 4466/4466/4466 4470/4470/4470
f 4472/4472/4472 4471/4471/4471 4470/4470/4470
f 4458/4458/4458 4457/4457/4457 4473/4473/4473
f 4466/4466/4466 4474/4474/4474 4475/4475/4475
f 4474/4474/4474 4466/4466/4466 4471/4471/4471
f 4442/4442/4442 4476/4476/4476 4477/4477/4477
f 4477/4477/4477 4443/4443/4443 4442/4442/4442
f 4471/4471/4471 4472/4472/4472 4478/4478/4478
f 4479/4479/4479 4477/4477/4477 4476/4476/4476
f 4480/4480/4480 4481/4481/4481 4482/4482/4482
f 4483/4483/4483 4484/4484/4484 4485/4485/4485
f 4486/4486/4486 4487/4487/4487 4488/4488/4488
f 4486/4486/4486 4488/4488/4488 4489/4489/4489
f 4485/4485/4485 4490/4490/4490 4483/4483/4483
f 4482/4482/4482 4481/4481/4481 4491/4491/4491
f 4492/4492/4492 4493/4493/4493 4494/4494/4494
f 4495/4495/4495 4496/4496/4496 4497/4497/4497
f 4498/4498/4498 4499/4499/4499 4500/4500/4500
f 4501/4501/4501 4502/4502/4502 4503/4503/4503
f 4504/4504/4504 4505/4505/4505 4506/4506/4506
f 4495/4495/4495 4507/4507/4507 4496/4496/4496
f 4495/4495/4495 4508/4508/4508 4507/4507/4507
f 4488/4488/4488 4509/4509/4509 4510/4510/4510
f 4510/4510/4510 4489/4489/4489 4488/4488/4488
f 4511/4511/4511 4512/4512/4512 4513/4513/4513
f 4511/4511/4511 4513/4513/4513 4514/4514/4514
f 4515/4515/4515 4516/4516/4516 4517/4517/4517
f 4499/4499/4499 4498/4498/4498 4518/4518/4518
f 4519/4519/4519 4518/4518/4518 4498/4498/4498
f 4502/4502/4502 4501/4501/4501 4520/4520/4520
f 4521/4521/4521 4522/4522/4522 4523/4523/4523
f 4520/4520/4520 4524/4524/4524 4502/4502/4502
f 4513/4513/4513 4525/4525/4525 4526/4526/4526
f 4526/4526/4526 4514/4514/4514 4513/4513/4513
f 4527/4527/4527 4483/4483/4483 4490/4490/4490
f 4510/4510/4510 4528/4528/4528 4489/4489/4489
f 4529/4529/4529 4530/4530/4530 4531/4531/4531
f 4531/4531/4531 4532/4532/4532 4529/4529/4529
f 4530/4530/4530 4529/4529/4529 4533/4533/4533
f 4533/4533/4533 4534/4534/4534 4530/4530/4530
f 4535/4535/4535 4516/4516/4516 4536/4536/4536
f 4532/4532/4532 4537/4537/4537 4529/4529/4529
f 4538/4538/4538 4536/4536/4536 4516/4516/4516
f 4515/4515/4515 4538/4538/4538 4516/4516/4516
f 4539/4539/4539 4529/4529/4529 4537/4537/4537
f 4536/4536/4536 4538/4538/4538 4540/4540/4540
f 4539/4539/4539 4533/4533/4533 4529/4529/4529
f 4541/4541/4541 4540/4540/4540 4538/4538/4538
f 4538/4538/4538 4515/4515/4515 4542/4542/4542
f 4542/4542/4542 4541/4541/4541 4538/4538/4538
f 4543/4543/4543 4544/4544/4544 4545/4545/4545
f 4546/4546/4546 4547/4547/4547 4548/4548/4548
f 4549/4549/4549 4550/4550/4550 4551/4551/4551
f 4552/4552/4552 4553/4553/4553 4554/4554/4554
f 4525/4525/4525 4555/4555/4555 4526/4526/4526
f 4556/4556/4556 4557/4557/4557 4558/4558/4558
f 4559/4559/4559 4560/4560/4560 4561/4561/4561
f 4561/4561/4561 4562/4562/4562 4559/4559/4559
f 4563/4563/4563 4558/4558/4558 4557/4557/4557
f 4558/4558/4558 4563/4563/4563 4564/4564/4564
f 4565/4565/4565 4564/4564/4564 4563/4563/4563
f 4566/4566/4566 4567/4567/4567 4568/4568/4568
f 4569/4569/4569 4570/4570/4570 4571/4571/4571
f 4572/4572/4572 4573/4573/4573 4574/4574/4574
f 4575/4575/4575 4576/4576/4576 4577/4577/4577
f 4578/4578/4578 4579/4579/4579 4580/4580/4580
f 4581/4581/4581 4582/4582/4582 4583/4583/4583
f 4553/4553/4553 4584/4584/4584 4554/4554/4554
f 4585/4585/4585 4586/4586/4586 4579/4579/4579
f 4579/4579/4579 4578/4578/4578 4585/4585/4585
f 4587/4587/4587 4588/4588/4588 4589/4589/4589
f 4590/4590/4590 4591/4591/4591 4592/4592/4592
f 4592/4592/4592 4593/4593/4593 4590/4590/4590
f 4588/4588/4588 4587/4587/4587 4594/4594/4594
f 4595/4595/4595 4596/4596/4596 4597/4597/4597
f 4598/4598/4598 4599/4599/4599 4600/4600/4600
f 4592/4592/4592 4601/4601/4601 4593/4593/4593
f 4602/4602/4602 4603/4603/4603 4604/4604/4604
f 4605/4605/4605 4606/4606/4606 4607/4607/4607
f 4533/4533/4533 4539/4539/4539 4608/4608/4608
f 4609/4609/4609 4610/4610/4610 4611/4611/4611
f 4611/4611/4611 4612/4612/4612 4609/4609/4609
f 4613/4613/4613 4597/4597/4597 4596/4596/4596
f 4614/4614/4614 4615/4615/4615 4616/4616/4616
f 4617/4617/4617 4613/4613/4613 4596/4596/4596
f 4618/4618/4618 4619/4619/4619 4620/4620/4620
f 4620/4620/4620 4619/4619/4619 4621/4621/4621
f 4622/4622/4622 4600/4600/4600 4599/4599/4599
f 4623/4623/4623 4624/4624/4624 4625/4625/4625
f 4626/4626/4626 4627/4627/4627 4628/4628/4628
f 4626/4626/4626 4629/4629/4629 4627/4627/4627
f 4630/4630/4630 4631/4631/4631 4632/4632/4632
f 4633/4633/4633 4634/4634/4634 4635/4635/4635
f 4630/4630/4630 4632/4632/4632 4636/4636/4636
f 4637/4637/4637 4638/4638/4638 4639/4639/4639
f 4640/4640/4640 4641/4641/4641 4642/4642/4642
f 4643/4643/4643 4644/4644/4644 4645/4645/4645
f 4609/4609/4609 4612/4612/4612 4646/4646/4646
f 4647/4647/4647 4609/4609/4609 4646/4646/4646
f 4648/4648/4648 4649/4649/4649 4650/4650/4650
f 4650/4650/4650 4651/4651/4651 4648/4648/4648
f 4652/4652/4652 4133/4133/4133 4136/4136/4136
f 4653/4653/4653 4167/4167/4167 4133/4133/4133
f 4133/4133/4133 4652/4652/4652 4653/4653/4653
f 4654/4654/4654 4655/4655/4655 4165/4165/4165
f 4165/4165/4165 4655/4655/4655 4181/4181/4181
f 4656/4656/4656 4657/4657/4657 4658/4658/4658
f 4659/4659/4659 4660/4660/4660 4661/4661/4661
f 4662/4662/4662 4663/4663/4663 4664/4664/4664
f 4665/4665/4665 4666/4666/4666 4667/4667/4667
f 4668/4668/4668 4669/4669/4669 4670/4670/4670
f 4671/4671/4671 4672/4672/4672 4673/4673/4673
f 4674/4674/4674 4675/4675/4675 4676/4676/4676
f 4675/4675/4675 4674/4674/4674 4677/4677/4677
f 4678/4678/4678 4679/4679/4679 4680/4680/4680
f 4681/4681/4681 4682/4682/4682 4683/4683/4683
f 4684/4684/4684 4678/4678/4678 4680/4680/4680
f 4685/4685/4685 4686/4686/4686 4687/4687/4687
f 4681/4681/4681 4683/4683/4683 4688/4688/4688
f 4689/4689/4689 4685/4685/4685 4687/4687/4687
f 4652/4652/4652 4690/4690/4690 4653/4653/4653
f 4691/4691/4691 4692/4692/4692 4693/4693/4693
f 4693/4693/4693 4694/4694/4694 4691/4691/4691
f 4695/4695/4695 4678/4678/4678 4684/4684/4684
f 4696/4696/4696 4678/4678/4678 4695/4695/4695
f 4679/4679/4679 4678/4678/4678 4697/4697/4697
f 4698/4698/4698 4699/4699/4699 4700/4700/4700
f 4679/4679/4679 4697/4697/4697 4701/4701/4701
f 4700/4700/4700 4702/4702/4702 4698/4698/4698
f 4703/4703/4703 4704/4704/4704 4705/4705/4705
f 4706/4706/4706 4686/4686/4686 4685/4685/4685
f 4707/4707/4707 4708/4708/4708 4709/4709/4709
f 4710/4710/4710 4711/4711/4711 4712/4712/4712
f 4713/4713/4713 4714/4714/4714 4715/4715/4715
f 4716/4716/4716 4713/4713/4713 4715/4715/4715
f 4717/4717/4717 4718/4718/4718 4719/4719/4719
f 4685/4685/4685 4689/4689/4689 4720/4720/4720
f 4721/4721/4721 4722/4722/4722 4723/4723/4723
f 4724/4724/4724 4709/4709/4709 4708/4708/4708
f 4711/4711/4711 4725/4725/4725 4712/4712/4712
f 4726/4726/4726 4712/4712/4712 4725/4725/4725
f 4640/4640/4640 4727/4727/4727 4641/4641/4641
f 4728/4728/4728 4729/4729/4729 4730/4730/4730
f 4731/4731/4731 4645/4645/4645 4644/4644/4644
f 4732/4732/4732 4720/4720/4720 4689/4689/4689
f 4689/4689/4689 4733/4733/4733 4732/4732/4732
f 4720/4720/4720 4732/4732/4732 4734/4734/4734
f 4735/4735/4735 4736/4736/4736 4737/4737/4737
f 4738/4738/4738 4739/4739/4739 4740/4740/4740
f 4609/4609/4609 4647/4647/4647 4741/4741/4741
f 4615/4615/4615 4742/4742/4742 4616/4616/4616
f 4743/4743/4743 4744/4744/4744 4745/4745/4745
f 4745/4745/4745 4746/4746/4746 4743/4743/4743
f 4747/4747/4747 4748/4748/4748 4749/4749/4749
f 4749/4749/4749 4748/4748/4748 4750/4750/4750
f 4749/4749/4749 4751/4751/4751 4747/4747/4747
f 4752/4752/4752 4753/4753/4753 4754/4754/4754
f 4754/4754/4754 4755/4755/4755 4752/4752/4752
f 4756/4756/4756 4755/4755/4755 4754/4754/4754
f 4757/4757/4757 4756/4756/4756 4754/4754/4754
f 4619/4619/4619 4618/4618/4618 4751/4751/4751
f 4758/4758/4758 4759/4759/4759 4760/4760/4760
f 4758/4758/4758 4760/4760/4760 4761/4761/4761
f 4758/4758/4758 4761/4761/4761 4762/4762/4762
f 4747/4747/4747 4751/4751/4751 4618/4618/4618
f 4759/4759/4759 4763/4763/4763 4760/4760/4760
f 4764/4764/4764 4732/4732/4732 4733/4733/4733
f 4765/4765/4765 4763/4763/4763 4766/4766/4766
f 4767/4767/4767 4734/4734/4734 4732/4732/4732
f 4768/4768/4768 4760/4760/4760 4763/4763/4763
f 4763/4763/4763 4765/4765/4765 4768/4768/4768
f 4769/4769/4769 4761/4761/4761 4760/4760/4760
f 4768/4768/4768 4769/4769/4769 4760/4760/4760
f 4770/4770/4770 4771/4771/4771 4772/4772/4772
f 4773/4773/4773 4770/4770/4770 4772/4772/4772
f 4774/4774/4774 4648/4648/4648 4651/4651/4651
f 4648/4648/4648 4774/4774/4774 4775/4775/4775
f 4776/4776/4776 4777/4777/4777 4778/4778/4778
f 4746/4746/4746 4779/4779/4779 4743/4743/4743
f 4780/4780/4780 4781/4781/4781 4782/4782/4782
f 4783/4783/4783 4784/4784/4784 4785/4785/4785
f 4786/4786/4786 4787/4787/4787 4788/4788/4788
f 4789/4789/4789 4790/4790/4790 4791/4791/4791
f 4792/4792/4792 4793/4793/4793 4794/4794/4794
f 4787/4787/4787 4786/4786/4786 4795/4795/4795
f 4592/4592/4592 4796/4796/4796 4601/4601/4601
f 4777/4777/4777 4797/4797/4797 4798/4798/4798
f 4798/4798/4798 4778/4778/4778 4777/4777/4777
f 4799/4799/4799 4800/4800/4800 4801/4801/4801
f 4802/4802/4802 4803/4803/4803 4804/4804/4804
f 4802/4802/4802 4804/4804/4804 4805/4805/4805
f 4805/4805/4805 4806/4806/4806 4802/4802/4802
f 4790/4790/4790 4807/4807/4807 4791/4791/4791
f 4792/4792/4792 4808/4808/4808 4793/4793/4793
f 4809/4809/4809 4810/4810/4810 4811/4811/4811
f 4812/4812/4812 4771/4771/4771 4770/4770/4770
f 4813/4813/4813 4814/4814/4814 4815/4815/4815
f 4816/4816/4816 4813/4813/4813 4815/4815/4815
f 4770/4770/4770 4817/4817/4817 4812/4812/4812
f 4818/4818/4818 4819/4819/4819 4820/4820/4820
f 4813/4813/4813 4816/4816/4816 4821/4821/4821
f 4822/4822/4822 4820/4820/4820 4819/4819/4819
f 4823/4823/4823 4824/4824/4824 4825/4825/4825
f 4826/4826/4826 4827/4827/4827 4828/4828/4828
f 4817/4817/4817 4770/4770/4770 4829/4829/4829
f 4734/4734/4734 4767/4767/4767 4830/4830/4830
f 4736/4736/4736 4831/4831/4831 4737/4737/4737
f 4832/4832/4832 4830/4830/4830 4767/4767/4767
f 4756/4756/4756 4757/4757/4757 4833/4833/4833
f 4834/4834/4834 4820/4820/4820 4822/4822/4822
f 4834/4834/4834 4822/4822/4822 4835/4835/4835
f 4830/4830/4830 4832/4832/4832 4836/4836/4836
f 4837/4837/4837 4737/4737/4737 4831/4831/4831
f 4838/4838/4838 4839/4839/4839 4840/4840/4840
f 4841/4841/4841 4842/4842/4842 4843/4843/4843
f 4824/4824/4824 4823/4823/4823 4844/4844/4844
f 4822/4822/4822 4845/4845/4845 4835/4835/4835
f 4846/4846/4846 4844/4844/4844 4823/4823/4823
f 4847/4847/4847 4848/4848/4848 4849/4849/4849
f 4850/4850/4850 4851/4851/4851 4852/4852/4852
f 4853/4853/4853 4854/4854/4854 4855/4855/4855
f 4856/4856/4856 4857/4857/4857 4106/4106/4106
f 4856/4856/4856 4106/4106/4106 4105/4105/4105
f 4858/4858/4858 4853/4853/4853 4855/4855/4855
f 4859/4859/4859 4858/4858/4858 4855/4855/4855
f 4860/4860/4860 4861/4861/4861 4862/4862/4862
f 4863/4863/4863 4832/4832/4832 4860/4860/4860
f 4862/4862/4862 4864/4864/4864 4860/4860/4860
f 4860/4860/4860 4864/4864/4864 4863/4863/4863
f 4865/4865/4865 4866/4866/4866 4867/4867/4867
f 4863/4863/4863 4836/4836/4836 4832/4832/4832
f 4868/4868/4868 4869/4869/4869 4870/4870/4870
f 4871/4871/4871 4872/4872/4872 4873/4873/4873
f 4869/4869/4869 4868/4868/4868 4874/4874/4874
f 4875/4875/4875 4876/4876/4876 4877/4877/4877
f 4878/4878/4878 4879/4879/4879 4880/4880/4880
f 4876/4876/4876 4875/4875/4875 4881/4881/4881
f 4882/4882/4882 4883/4883/4883 4884/4884/4884
f 4884/4884/4884 4885/4885/4885 4882/4882/4882
f 4886/4886/4886 4887/4887/4887 4888/4888/4888
f 4887/4887/4887 4886/4886/4886 4889/4889/4889
f 4890/4890/4890 4891/4891/4891 4892/4892/4892
f 4893/4893/4893 4894/4894/4894 4895/4895/4895
f 4896/4896/4896 4897/4897/4897 4898/4898/4898
f 4899/4899/4899 4900/4900/4900 4901/4901/4901
f 4902/4902/4902 4903/4903/4903 4904/4904/4904
f 4905/4905/4905 4906/4906/4906 4907/4907/4907
f 4908/4908/4908 4909/4909/4909 4910/4910/4910
f 4911/4911/4911 4904/4904/4904 4903/4903/4903
f 4906/4906/4906 4905/4905/4905 4912/4912/4912
f 4906/4906/4906 4912/4912/4912 4913/4913/4913
f 4914/4914/4914 4915/4915/4915 4916/4916/4916
f 4917/4917/4917 4918/4918/4918 4919/4919/4919
f 4920/4920/4920 4921/4921/4921 4922/4922/4922
f 4923/4923/4923 4913/4913/4913 4912/4912/4912
f 4922/4922/4922 4924/4924/4924 4920/4920/4920
f 4915/4915/4915 4914/4914/4914 4925/4925/4925
f 4926/4926/4926 4927/4927/4927 4928/4928/4928
f 4929/4929/4929 4930/4930/4930 4931/4931/4931
f 4932/4932/4932 4103/4103/4103 4933/4933/4933
f 4933/4933/4933 4934/4934/4934 4932/4932/4932
f 4103/4103/4103 4932/4932/4932 4935/4935/4935
f 4103/4103/4103 4935/4935/4935 4104/4104/4104
f 4936/4936/4936 4829/4829/4829 4770/4770/4770
f 4773/4773/4773 4936/4936/4936 4770/4770/4770
f 4934/4934/4934 4937/4937/4937 4932/4932/4932
f 4938/4938/4938 4932/4932/4932 4937/4937/4937
f 4936/4936/4936 4773/4773/4773 4939/4939/4939
f 4940/4940/4940 4941/4941/4941 4942/4942/4942
f 4932/4932/4932 4943/4943/4943 4935/4935/4935
f 4944/4944/4944 4945/4945/4945 4769/4769/4769
f 4769/4769/4769 4768/4768/4768 4946/4946/4946
f 4769/4769/4769 4946/4946/4946 4944/4944/4944
f 4941/4941/4941 4940/4940/4940 4947/4947/4947
f 4948/4948/4948 4949/4949/4949 4950/4950/4950
f 4947/4947/4947 4951/4951/4951 4941/4941/4941
f 4950/4950/4950 4952/4952/4952 4948/4948/4948
f 4945/4945/4945 4944/4944/4944 4953/4953/4953
f 4954/4954/4954 4955/4955/4955 4949/4949/4949
f 4948/4948/4948 4954/4954/4954 4949/4949/4949
f 4956/4956/4956 4957/4957/4957 4958/4958/4958
f 4959/4959/4959 4960/4960/4960 4961/4961/4961
f 4959/4959/4959 4961/4961/4961 4962/4962/4962
f 4963/4963/4963 4964/4964/4964 4965/4965/4965
f 4965/4965/4965 4966/4966/4966 4963/4963/4963
f 4967/4967/4967 4968/4968/4968 4969/4969/4969
f 4970/4970/4970 4971/4971/4971 4972/4972/4972
f 4973/4973/4973 4974/4974/4974 4975/4975/4975
f 4976/4976/4976 4977/4977/4977 4978/4978/4978
f 4979/4979/4979 4980/4980/4980 4981/4981/4981
f 4973/4973/4973 4975/4975/4975 4982/4982/4982
f 4968/4968/4968 4983/4983/4983 4969/4969/4969
f 4970/4970/4970 4984/4984/4984 4971/4971/4971
f 4976/4976/4976 4985/4985/4985 4977/4977/4977
f 4981/4981/4981 4980/4980/4980 4986/4986/4986
f 4987/4987/4987 4988/4988/4988 4989/4989/4989
f 4990/4990/4990 4991/4991/4991 4992/4992/4992
f 4989/4989/4989 4993/4993/4993 4987/4987/4987
f 4994/4994/4994 4995/4995/4995 4996/4996/4996
f 4997/4997/4997 4998/4998/4998 4999/4999/4999
f 5000/5000/5000 4963/4963/4963 4966/4966/4966
f 5001/5001/5001 5002/5002/5002 5003/5003/5003
f 4957/4957/4957 4956/4956/4956 5004/5004/5004
f 5005/5005/5005 5006/5006/5006 5007/5007/5007
f 5008/5008/5008 5009/5009/5009 5010/5010/5010
f 5008/5008/5008 5010/5010/5010 5011/5011/5011
f 5012/5012/5012 5004/5004/5004 4956/4956/4956
f 4288/4288/4288 4287/4287/4287 5013/5013/5013
f 5014/5014/5014 5015/5015/5015 5016/5016/5016
f 5017/5017/5017 5010/5010/5010 5009/5009/5009
f 5015/5015/5015 5014/5014/5014 5018/5018/5018
f 5009/5009/5009 5019/5019/5019 5017/5017/5017
f 5020/5020/5020 5021/5021/5021 5022/5022/5022
f 5023/5023/5023 4702/4702/4702 5024/5024/5024
f 4180/4180/4180 5025/5025/5025 4290/4290/4290
f 5026/5026/5026 5027/5027/5027 5025/5025/5025
f 5025/5025/5025 4180/4180/4180 5028/5028/5028
f 5025/5025/5025 5028/5028/5028 5026/5026/5026
f 5029/5029/5029 5017/5017/5017 5019/5019/5019
f 5019/5019/5019 5030/5030/5030 5029/5029/5029
f 5031/5031/5031 5032/5032/5032 5033/5033/5033
f 5034/5034/5034 5022/5022/5022 5021/5021/5021
f 5033/5033/5033 5035/5035/5035 5031/5031/5031
f 4702/4702/4702 5023/5023/5023 4698/4698/4698
f 5036/5036/5036 5037/5037/5037 5038/5038/5038
f 5028/5028/5028 4180/4180/4180 4182/4182/4182
f 5026/5026/5026 5028/5028/5028 4182/4182/4182
f 5029/5029/5029 5030/5030/5030 5039/5039/5039
f 4709/4709/4709 4724/4724/4724 5040/5040/5040
f 5041/5041/5041 5032/5032/5032 5042/5042/5042
f 5032/5032/5032 5041/5041/5041 5033/5033/5033
f 4337/4337/4337 5043/5043/5043 5044/5044/5044
f 5044/5044/5044 4341/4341/4341 4337/4337/4337
f 5045/5045/5045 5046/5046/5046 5047/5047/5047
f 5047/5047/5047 5048/5048/5048 5045/5045/5045
f 5049/5049/5049 5050/5050/5050 5051/5051/5051
f 5046/5046/5046 5052/5052/5052 5047/5047/5047
f 5053/5053/5053 5052/5052/5052 5046/5046/5046
f 5046/5046/5046 5054/5054/5054 5053/5053/5053
f 5055/5055/5055 5056/5056/5056 5057/5057/5057
f 5058/5058/5058 5056/5056/5056 5055/5055/5055
f 5052/5052/5052 5053/5053/5053 5059/5059/5059
f 5055/5055/5055 5060/5060/5060 5058/5058/5058
f 5047/5047/5047 5061/5061/5061 5048/5048/5048
f 4946/4946/4946 4768/4768/4768 4765/4765/4765
f 5062/5062/5062 4946/4946/4946 4765/4765/4765
f 5056/5056/5056 5058/5058/5058 5063/5063/5063
f 5063/5063/5063 5064/5064/5064 5056/5056/5056
f 5065/5065/5065 5066/5066/5066 4842/4842/4842
f 5067/5067/5067 5065/5065/5065 4842/4842/4842
f 4842/4842/4842 4841/4841/4841 5067/5067/5067
f 5053/5053/5053 5068/5068/5068 5059/5059/5059
f 5066/5066/5066 5059/5059/5059 5068/5068/5068
f 5059/5059/5059 5066/5066/5066 5069/5069/5069
f 5070/5070/5070 5058/5058/5058 5060/5060/5060
f 5071/5071/5071 5070/5070/5070 5060/5060/5060
f 5066/5066/5066 5065/5065/5065 5069/5069/5069
f 5065/5065/5065 5067/5067/5067 5072/5072/5072
f 5065/5065/5065 5072/5072/5072 5073/5073/5073
f 5065/5065/5065 5073/5073/5073 5069/5069/5069
f 5058/5058/5058 5070/5070/5070 5063/5063/5063
f 5074/5074/5074 5075/5075/5075 5076/5076/5076
f 5077/5077/5077 5078/5078/5078 5079/5079/5079
f 5080/5080/5080 5081/5081/5081 5082/5082/5082
f 4863/4863/4863 5083/5083/5083 4836/4836/4836
f 5067/5067/5067 5084/5084/5084 5072/5072/5072
f 5080/5080/5080 5085/5085/5085 5081/5081/5081
f 5086/5086/5086 5087/5087/5087 5085/5085/5085
f 5085/5085/5085 5080/5080/5080 5086/5086/5086
f 5088/5088/5088 5069/5069/5069 5073/5073/5073
f 5089/5089/5089 5088/5088/5088 5073/5073/5073
f 5090/5090/5090 4478/4478/4478 4472/4472/4472
f 5086/5086/5086 5091/5091/5091 5087/5087/5087
f 5070/5070/5070 5071/5071/5071 5092/5092/5092
f 5070/5070/5070 5092/5092/5092 5093/5093/5093
f 5070/5070/5070 5093/5093/5093 5094/5094/5094
f 5094/5094/5094 5063/5063/5063 5070/5070/5070
f 5095/5095/5095 5096/5096/5096 5097/5097/5097
f 5098/5098/5098 5099/5099/5099 5100/5100/5100
f 5101/5101/5101 5102/5102/5102 5090/5090/5090
f 5092/5092/5092 5103/5103/5103 5093/5093/5093
f 5102/5102/5102 4478/4478/4478 5090/5090/5090
f 5104/5104/5104 5093/5093/5093 5103/5103/5103
f 5105/5105/5105 5106/5106/5106 5107/5107/5107
f 5108/5108/5108 5109/5109/5109 5110/5110/5110
f 5111/5111/5111 5112/5112/5112 5113/5113/5113
f 5114/5114/5114 5115/5115/5115 5116/5116/5116
f 5117/5117/5117 5118/5118/5118 5119/5119/5119
f 5120/5120/5120 5121/5121/5121 5099/5099/5099
f 5122/5122/5122 5123/5123/5123 5124/5124/5124
f 5098/5098/5098 5120/5120/5120 5099/5099/5099
f 5125/5125/5125 5126/5126/5126 5127/5127/5127
f 5128/5128/5128 5129/5129/5129 5130/5130/5130
f 5131/5131/5131 5132/5132/5132 5133/5133/5133
f 5134/5134/5134 5094/5094/5094 5093/5093/5093
f 5093/5093/5093 5104/5104/5104 5134/5134/5134
f 5135/5135/5135 5136/5136/5136 5137/5137/5137
f 4951/4951/4951 4947/4947/4947 5138/5138/5138
f 5139/5139/5139 5140/5140/5140 5141/5141/5141
f 5139/5139/5139 5141/5141/5141 5142/5142/5142
f 5136/5136/5136 5135/5135/5135 5143/5143/5143
f 4947/4947/4947 5144/5144/5144 5138/5138/5138
f 5145/5145/5145 5143/5143/5143 5135/5135/5135
f 5135/5135/5135 5146/5146/5146 5145/5145/5145
f 5147/5147/5147 5138/5138/5138 5144/5144/5144
f 5144/5144/5144 5148/5148/5148 5147/5147/5147
f 5149/5149/5149 5150/5150/5150 5151/5151/5151
f 5152/5152/5152 5153/5153/5153 5154/5154/5154
f 5155/5155/5155 5156/5156/5156 5157/5157/5157
f 5158/5158/5158 5159/5159/5159 5160/5160/5160
f 5161/5161/5161 5154/5154/5154 5153/5153/5153
f 5156/5156/5156 5155/5155/5155 5162/5162/5162
f 5163/5163/5163 5132/5132/5132 5164/5164/5164
f 5165/5165/5165 5141/5141/5141 5140/5140/5140
f 5166/5166/5166 5145/5145/5145 5146/5146/5146
f 5146/5146/5146 5167/5167/5167 5166/5166/5166
f 5168/5168/5168 5169/5169/5169 5170/5170/5170
f 5171/5171/5171 5172/5172/5172 5173/5173/5173
f 5141/5141/5141 5165/5165/5165 5174/5174/5174
f 5141/5141/5141 5175/5175/5175 5142/5142/5142
f 5176/5176/5176 5175/5175/5175 5141/5141/5141
f 5174/5174/5174 5176/5176/5176 5141/5141/5141
f 5177/5177/5177 5178/5178/5178 5179/5179/5179
f 5180/5180/5180 5129/5129/5129 5128/5128/5128
f 5181/5181/5181 5118/5118/5118 5182/5182/5182
f 5132/5132/5132 5163/5163/5163 5133/5133/5133
f 5117/5117/5117 5182/5182/5182 5118/5118/5118
f 5169/5169/5169 5168/5168/5168 5183/5183/5183
f 5184/5184/5184 5185/5185/5185 5186/5186/5186
f 5187/5187/5187 5188/5188/5188 5189/5189/5189
f 5186/5186/5186 5190/5190/5190 5184/5184/5184
f 5189/5189/5189 5191/5191/5191 5192/5192/5192
f 5192/5192/5192 5187/5187/5187 5189/5189/5189
f 5193/5193/5193 5194/5194/5194 5195/5195/5195
f 5188/5188/5188 5187/5187/5187 5196/5196/5196
f 5197/5197/5197 5198/5198/5198 5199/5199/5199
f 5200/5200/5200 5201/5201/5201 5202/5202/5202
f 5199/5199/5199 5203/5203/5203 5197/5197/5197
f 5194/5194/5194 5193/5193/5193 5204/5204/5204
f 5205/5205/5205 5206/5206/5206 5207/5207/5207
f 5208/5208/5208 5209/5209/5209 5210/5210/5210
f 5211/5211/5211 5212/5212/5212 5213/5213/5213
f 5214/5214/5214 5215/5215/5215 5216/5216/5216
f 5217/5217/5217 5213/5213/5213 5212/5212/5212
f 5206/5206/5206 5205/5205/5205 5218/5218/5218
f 5213/5213/5213 5217/5217/5217 5219/5219/5219
f 5220/5220/5220 5221/5221/5221 5222/5222/5222
f 5215/5215/5215 5223/5223/5223 5224/5224/5224
f 5224/5224/5224 5216/5216/5216 5215/5215/5215
f 5225/5225/5225 5226/5226/5226 5227/5227/5227
f 5228/5228/5228 5229/5229/5229 5230/5230/5230
f 5231/5231/5231 5230/5230/5230 5229/5229/5229
f 4045/4045/4045 5232/5232/5232 4038/4038/4038
f 5233/5233/5233 5234/5234/5234 5232/5232/5232
f 5232/5232/5232 4045/4045/4045 5235/5235/5235
f 5232/5232/5232 5235/5235/5235 5233/5233/5233
f 5236/5236/5236 5219/5219/5219 5217/5217/5217
f 5221/5221/5221 5237/5237/5237 5222/5222/5222
f 5238/5238/5238 5237/5237/5237 5221/5221/5221
f 5239/5239/5239 5240/5240/5240 5241/5241/5241
f 5242/5242/5242 5239/5239/5239 5241/5241/5241
f 5243/5243/5243 5242/5242/5242 5241/5241/5241
f 5238/5238/5238 5244/5244/5244 5237/5237/5237
f 5216/5216/5216 5224/5224/5224 5245/5245/5245
f 5246/5246/5246 5247/5247/5247 5248/5248/5248
f 5249/5249/5249 5250/5250/5250 5239/5239/5239
f 5242/5242/5242 5249/5249/5249 5239/5239/5239
f 5251/5251/5251 5248/5248/5248 5247/5247/5247
f 5252/5252/5252 5251/5251/5251 5247/5247/5247
f 5253/5253/5253 5254/5254/5254 5255/5255/5255
f 5251/5251/5251 5252/5252/5252 5256/5256/5256
f 5251/5251/5251 5256/5256/5256 5257/5257/5257
f 5258/5258/5258 5255/5255/5255 5254/5254/5254
f 5259/5259/5259 5258/5258/5258 5254/5254/5254
f 5249/5249/5249 5242/5242/5242 5260/5260/5260
f 5261/5261/5261 5260/5260/5260 5242/5242/5242
f 5242/5242/5242 5243/5243/5243 5262/5262/5262
f 5242/5242/5242 5262/5262/5262 5263/5263/5263
f 5242/5242/5242 5263/5263/5263 5261/5261/5261
f 5264/5264/5264 5257/5257/5257 5256/5256/5256
f 5260/5260/5260 5261/5261/5261 5265/5265/5265
f 4045/4045/4045 5266/5266/5266 5267/5267/5267
f 5267/5267/5267 5235/5235/5235 4045/4045/4045
f 5268/5268/5268 5269/5269/5269 5270/5270/5270
f 5271/5271/5271 5272/5272/5272 5273/5273/5273
f 5244/5244/5244 5238/5238/5238 5274/5274/5274
f 5275/5275/5275 5276/5276/5276 5277/5277/5277
f 5277/5277/5277 5269/5269/5269 5275/5275/5275
f 5278/5278/5278 5274/5274/5274 5238/5238/5238
f 5275/5275/5275 5279/5279/5279 5276/5276/5276
f 5280/5280/5280 5281/5281/5281 5282/5282/5282
f 5282/5282/5282 5279/5279/5279 5283/5283/5283
f 5282/5282/5282 5283/5283/5283 5280/5280/5280
f 5280/5280/5280 5284/5284/5284 5281/5281/5281
f 5285/5285/5285 5286/5286/5286 5287/5287/5287
f 5288/5288/5288 5289/5289/5289 5290/5290/5290
f 5291/5291/5291 5275/5275/5275 5269/5269/5269
f 5269/5269/5269 5268/5268/5268 5291/5291/5291
f 5279/5279/5279 5275/5275/5275 5283/5283/5283
f 5275/5275/5275 5291/5291/5291 5292/5292/5292
f 5275/5275/5275 5292/5292/5292 5293/5293/5293
f 5293/5293/5293 5283/5283/5283 5275/5275/5275
f 5294/5294/5294 5273/5273/5273 5272/5272/5272
f 4098/4098/4098 4099/4099/4099 5295/5295/5295
f 5296/5296/5296 5291/5291/5291 5268/5268/5268
f 5297/5297/5297 5298/5298/5298 5299/5299/5299
f 5300/5300/5300 5301/5301/5301 5302/5302/5302
f 5302/5302/5302 5301/5301/5301 5303/5303/5303
f 5304/5304/5304 5305/5305/5305 5306/5306/5306
f 5307/5307/5307 5304/5304/5304 5306/5306/5306
f 5303/5303/5303 5308/5308/5308 5302/5302/5302
f 5306/5306/5306 5309/5309/5309 5307/5307/5307
f 5310/5310/5310 5311/5311/5311 5312/5312/5312
f 5310/5310/5310 5312/5312/5312 5313/5313/5313
f 5314/5314/5314 5303/5303/5303 5301/5301/5301
f 5315/5315/5315 5316/5316/5316 5317/5317/5317
f 5318/5318/5318 5312/5312/5312 5311/5311/5311
f 5304/5304/5304 5319/5319/5319 5305/5305/5305
f 5320/5320/5320 5292/5292/5292 5291/5291/5291
f 5291/5291/5291 5296/5296/5296 5321/5321/5321
f 5291/5291/5291 5321/5321/5321 5320/5320/5320
f 5322/5322/5322 5293/5293/5293 5292/5292/5292
f 5320/5320/5320 5322/5322/5322 5292/5292/5292
f 5312/5312/5312 5318/5318/5318 5323/5323/5323
f 5312/5312/5312 5323/5323/5323 5324/5324/5324
f 5325/5325/5325 5313/5313/5313 5312/5312/5312
f 5324/5324/5324 5325/5325/5325 5312/5312/5312
f 5326/5326/5326 5280/5280/5280 5283/5283/5283
f 5283/5283/5283 5293/5293/5293 5326/5326/5326
f 5284/5284/5284 5280/5280/5280 5326/5326/5326
f 5327/5327/5327 5328/5328/5328 5329/5329/5329
f 5330/5330/5330 5331/5331/5331 5332/5332/5332
f 5332/5332/5332 5333/5333/5333 5330/5330/5330
f 5304/5304/5304 5334/5334/5334 5319/5319/5319
f 5318/5318/5318 5335/5335/5335 5323/5323/5323
f 5304/5304/5304 5336/5336/5336 5334/5334/5334
f 5337/5337/5337 5338/5338/5338 5339/5339/5339
f 5340/5340/5340 5329/5329/5329 5328/5328/5328
f 5341/5341/5341 5340/5340/5340 5328/5328/5328
f 5338/5338/5338 5342/5342/5342 5339/5339/5339
f 5343/5343/5343 5344/5344/5344 5345/5345/5345
f 5346/5346/5346 5343/5343/5343 5345/5345/5345
f 5329/5329/5329 5340/5340/5340 5347/5347/5347
f 5322/5322/5322 5320/5320/5320 5348/5348/5348
f 5349/5349/5349 5350/5350/5350 5351/5351/5351
f 5352/5352/5352 5349/5349/5349 5351/5351/5351
f 2069/2069/2069 5353/5353/5353 2075/2075/2075
f 2006/2006/2006 5354/5354/5354 5355/5355/5355
f 5355/5355/5355 2007/2007/2007 2006/2006/2006
f 5356/5356/5356 5357/5357/5357 5358/5358/5358
f 5349/5349/5349 5352/5352/5352 5359/5359/5359
f 5358/5358/5358 5360/5360/5360 5356/5356/5356
f 5361/5361/5361 5362/5362/5362 5363/5363/5363
f 5364/5364/5364 5365/5365/5365 5366/5366/5366
f 5367/5367/5367 2018/2018/2018 2011/2011/2011
f 5368/5368/5368 5367/5367/5367 2011/2011/2011
f 2034/2034/2034 2023/2023/2023 5369/5369/5369
f 5370/5370/5370 5371/5371/5371 5372/5372/5372
f 5372/5372/5372 5373/5373/5373 5370/5370/5370
f 2023/2023/2023 5374/5374/5374 5369/5369/5369
f 5375/5375/5375 5376/5376/5376 2030/2030/2030
f 2030/2030/2030 2158/2158/2158 5375/5375/5375
f 2019/2019/2019 5377/5377/5377 2017/2017/2017
f 5378/5378/5378 5379/5379/5379 5357/5357/5357
f 5357/5357/5357 5356/5356/5356 5378/5378/5378
f 5380/5380/5380 5381/5381/5381 5382/5382/5382
f 5367/5367/5367 5368/5368/5368 5383/5383/5383
f 5384/5384/5384 5385/5385/5385 5386/5386/5386
f 5387/5387/5387 5384/5384/5384 5386/5386/5386
f 5388/5388/5388 5389/5389/5389 5390/5390/5390
f 5367/5367/5367 5383/5383/5383 5391/5391/5391
f 5382/5382/5382 5392/5392/5392 5380/5380/5380
f 5393/5393/5393 5372/5372/5372 5371/5371/5371
f 5394/5394/5394 5393/5393/5393 5371/5371/5371
f 5395/5395/5395 5396/5396/5396 5397/5397/5397
f 5398/5398/5398 5396/5396/5396 5395/5395/5395
f 5397/5397/5397 5399/5399/5399 5395/5395/5395
f 5400/5400/5400 5401/5401/5401 5402/5402/5402
f 5403/5403/5403 5404/5404/5404 5405/5405/5405
f 5406/5406/5406 5407/5407/5407 5408/5408/5408
f 5409/5409/5409 5410/5410/5410 5411/5411/5411
f 5411/5411/5411 2241/2241/2241 5409/5409/5409
f 5401/5401/5401 5400/5400/5400 5412/5412/5412
f 5401/5401/5401 5412/5412/5412 5413/5413/5413
f 5413/5413/5413 5414/5414/5414 5401/5401/5401
f 5415/5415/5415 5408/5408/5408 5407/5407/5407
f 5416/5416/5416 5412/5412/5412 5400/5400/5400
f 5400/5400/5400 5417/5417/5417 5416/5416/5416
f 5418/5418/5418 5419/5419/5419 5420/5420/5420
f 5412/5412/5412 5421/5421/5421 5422/5422/5422
f 5422/5422/5422 5413/5413/5413 5412/5412/5412
f 5353/5353/5353 2069/2069/2069 5423/5423/5423
f 5424/5424/5424 5359/5359/5359 5352/5352/5352
f 5425/5425/5425 5426/5426/5426 5427/5427/5427
f 5428/5428/5428 5425/5425/5425 5427/5427/5427
f 2069/2069/2069 5429/5429/5429 5423/5423/5423
f 5430/5430/5430 5431/5431/5431 5432/5432/5432
f 5433/5433/5433 5430/5430/5430 5432/5432/5432
f 5434/5434/5434 5435/5435/5435 5436/5436/5436
f 5360/5360/5360 5437/5437/5437 5438/5438/5438
f 5360/5360/5360 5438/5438/5438 5439/5439/5439
f 5439/5439/5439 5356/5356/5356 5360/5360/5360
f 5437/5437/5437 5440/5440/5440 5438/5438/5438
f 5441/5441/5441 5438/5438/5438 5440/5440/5440
f 5442/5442/5442 5441/5441/5441 5440/5440/5440
f 5433/5433/5433 5443/5443/5443 5430/5430/5430
f 5441/5441/5441 5439/5439/5439 5438/5438/5438
f 5444/5444/5444 5445/5445/5445 5393/5393/5393
f 5393/5393/5393 5394/5394/5394 5444/5444/5444
f 5446/5446/5446 5447/5447/5447 5448/5448/5448
f 5449/5449/5449 5450/5450/5450 5451/5451/5451
f 5452/5452/5452 5453/5453/5453 5454/5454/5454
f 5454/5454/5454 5453/5453/5453 5455/5455/5455
f 5447/5447/5447 5446/5446/5446 5456/5456/5456
f 5457/5457/5457 5422/5422/5422 5421/5421/5421
f 5453/5453/5453 5452/5452/5452 5458/5458/5458
f 5459/5459/5459 5460/5460/5460 5461/5461/5461
f 5462/5462/5462 5455/5455/5455 5453/5453/5453
f 5463/5463/5463 5464/5464/5464 5465/5465/5465
f 5466/5466/5466 5390/5390/5390 5389/5389/5389
f 5439/5439/5439 5378/5378/5378 5356/5356/5356
f 5465/5465/5465 5464/5464/5464 5467/5467/5467
f 5439/5439/5439 5468/5468/5468 5378/5378/5378
f 5390/5390/5390 5466/5466/5466 5469/5469/5469
f 5468/5468/5468 5439/5439/5439 5470/5470/5470
f 5466/5466/5466 5471/5471/5471 5469/5469/5469
f 5441/5441/5441 5470/5470/5470 5439/5439/5439
f 5472/5472/5472 5473/5473/5473 5470/5470/5470
f 5474/5474/5474 5472/5472/5472 5470/5470/5470
f 5470/5470/5470 5441/5441/5441 5474/5474/5474
f 5472/5472/5472 5475/5475/5475 5473/5473/5473
f 5476/5476/5476 5451/5451/5451 5450/5450/5450
f 5477/5477/5477 5476/5476/5476 5450/5450/5450
f 5478/5478/5478 5452/5452/5452 5479/5479/5479
f 5476/5476/5476 5480/5480/5480 5451/5451/5451
f 5478/5478/5478 5458/5458/5458 5452/5452/5452
f 5481/5481/5481 5482/5482/5482 5483/5483/5483
f 5484/5484/5484 5482/5482/5482 5481/5481/5481
f 5481/5481/5481 5483/5483/5483 5485/5485/5485
f 5486/5486/5486 5487/5487/5487 5488/5488/5488
f 5489/5489/5489 5490/5490/5490 5491/5491/5491
f 5488/5488/5488 5462/5462/5462 5486/5486/5486
f 5458/5458/5458 5478/5478/5478 5492/5492/5492
f 5458/5458/5458 5492/5492/5492 5487/5487/5487
f 5493/5493/5493 5492/5492/5492 5478/5478/5478
f 5494/5494/5494 5495/5495/5495 5496/5496/5496
f 5496/5496/5496 5497/5497/5497 5494/5494/5494
f 5478/5478/5478 5498/5498/5498 5493/5493/5493
f 5499/5499/5499 5500/5500/5500 5501/5501/5501
f 5502/5502/5502 5485/5485/5485 5483/5483/5483
f 5503/5503/5503 5488/5488/5488 5487/5487/5487
f 5504/5504/5504 5505/5505/5505 5500/5500/5500
f 5499/5499/5499 5504/5504/5504 5500/5500/5500
f 5476/5476/5476 5477/5477/5477 5506/5506/5506
f 5497/5497/5497 5496/5496/5496 5507/5507/5507
f 5508/5508/5508 5493/5493/5493 5498/5498/5498
f 5507/5507/5507 5509/5509/5509 5497/5497/5497
f 5474/5474/5474 5496/5496/5496 5472/5472/5472
f 5496/5496/5496 5474/5474/5474 5507/5507/5507
f 5510/5510/5510 5474/5474/5474 5441/5441/5441
f 5441/5441/5441 5442/5442/5442 5511/5511/5511
f 5441/5441/5441 5511/5511/5511 5510/5510/5510
f 5512/5512/5512 5507/5507/5507 5474/5474/5474
f 5474/5474/5474 5510/5510/5510 5512/5512/5512
f 2241/2241/2241 5411/5411/5411 5513/5513/5513
f 5513/5513/5513 2257/2257/2257 2241/2241/2241
f 5514/5514/5514 5515/5515/5515 5516/5516/5516
f 5517/5517/5517 5518/5518/5518 5519/5519/5519
f 5520/5520/5520 5521/5521/5521 5522/5522/5522
f 5523/5523/5523 5524/5524/5524 5517/5517/5517
f 5525/5525/5525 5526/5526/5526 5527/5527/5527
f 5519/5519/5519 5523/5523/5523 5517/5517/5517
f 5528/5528/5528 5529/5529/5529 5530/5530/5530
f 5521/5521/5521 5520/5520/5520 5531/5531/5531
f 5532/5532/5532 5533/5533/5533 5521/5521/5521
f 5521/5521/5521 5531/5531/5531 5532/5532/5532
f 2254/2254/2254 5523/5523/5523 5519/5519/5519
f 5519/5519/5519 2260/2260/2260 2254/2254/2254
f 5534/5534/5534 5527/5527/5527 5526/5526/5526
f 5535/5535/5535 5536/5536/5536 5537/5537/5537
f 2261/2261/2261 5538/5538/5538 2258/2258/2258
f 5533/5533/5533 2258/2258/2258 5538/5538/5538
f 5527/5527/5527 5534/5534/5534 5539/5539/5539
f 5539/5539/5539 5540/5540/5540 5527/5527/5527
f 5541/5541/5541 5542/5542/5542 5543/5543/5543
f 5544/5544/5544 5545/5545/5545 5541/5541/5541
f 5543/5543/5543 5544/5544/5544 5541/5541/5541
f 5542/5542/5542 5546/5546/5546 5543/5543/5543
f 2258/2258/2258 5533/5533/5533 2262/2262/2262
f 5533/5533/5533 5532/5532/5532 5547/5547/5547
f 5533/5533/5533 5547/5547/5547 5548/5548/5548
f 5548/5548/5548 2262/2262/2262 5533/5533/5533
f 5540/5540/5540 5539/5539/5539 5549/5549/5549
f 5540/5540/5540 5549/5549/5549 5550/5550/5550
f 5531/5531/5531 5551/5551/5551 5532/5532/5532
f 5552/5552/5552 5553/5553/5553 5554/5554/5554
f 5554/5554/5554 5555/5555/5555 5552/5552/5552
f 5490/5490/5490 5556/5556/5556 5557/5557/5557
f 5558/5558/5558 5559/5559/5559 5560/5560/5560
f 5490/5490/5490 5561/5561/5561 5491/5491/5491
f 5557/5557/5557 5561/5561/5561 5490/5490/5490
f 5562/5562/5562 5563/5563/5563 5564/5564/5564
f 5565/5565/5565 5550/5550/5550 5549/5549/5549
f 5549/5549/5549 5566/5566/5566 5565/5565/5565
f 5567/5567/5567 5532/5532/5532 5551/5551/5551
f 5568/5568/5568 5569/5569/5569 5570/5570/5570
f 5550/5550/5550 5565/5565/5565 5571/5571/5571
f 5570/5570/5570 5572/5572/5572 5568/5568/5568
f 5573/5573/5573 5547/5547/5547 5532/5532/5532
f 5532/5532/5532 5567/5567/5567 5573/5573/5573
f 5547/5547/5547 5573/5573/5573 5548/5548/5548
f 5574/5574/5574 5575/5575/5575 5576/5576/5576
f 5577/5577/5577 5578/5578/5578 5579/5579/5579
f 5580/5580/5580 5581/5581/5581 5582/5582/5582
f 5583/5583/5583 5584/5584/5584 5585/5585/5585
f 5586/5586/5586 5587/5587/5587 5588/5588/5588
f 5588/5588/5588 5589/5589/5589 5586/5586/5586
f 5590/5590/5590 5591/5591/5591 5592/5592/5592
f 5462/5462/5462 5593/5593/5593 5455/5455/5455
f 5594/5594/5594 5595/5595/5595 5596/5596/5596
f 5491/5491/5491 5561/5561/5561 5597/5597/5597
f 5597/5597/5597 5561/5561/5561 5557/5557/5557
f 5593/5593/5593 5462/5462/5462 5488/5488/5488
f 5488/5488/5488 5503/5503/5503 5598/5598/5598
f 5599/5599/5599 5600/5600/5600 5505/5505/5505
f 5505/5505/5505 5504/5504/5504 5601/5601/5601
f 5505/5505/5505 5601/5601/5601 5599/5599/5599
f 5566/5566/5566 5602/5602/5602 5565/5565/5565
f 5504/5504/5504 5499/5499/5499 5603/5603/5603
f 5603/5603/5603 5601/5601/5601 5504/5504/5504
f 5604/5604/5604 5605/5605/5605 5606/5606/5606
f 5607/5607/5607 5608/5608/5608 5609/5609/5609
f 5603/5603/5603 5599/5599/5599 5601/5601/5601
f 5610/5610/5610 5565/5565/5565 5602/5602/5602
f 5611/5611/5611 5571/5571/5571 5565/5565/5565
f 5565/5565/5565 5610/5610/5610 5611/5611/5611
f 5571/5571/5571 5611/5611/5611 5612/5612/5612
f 5572/5572/5572 5509/5509/5509 5568/5568/5568
f 5509/5509/5509 5613/5613/5613 5568/5568/5568
f 5614/5614/5614 5613/5613/5613 5509/5509/5509
f 5509/5509/5509 5507/5507/5507 5614/5614/5614
f 5582/5582/5582 5581/5581/5581 5615/5615/5615
f 5584/5584/5584 5583/5583/5583 5616/5616/5616
f 5617/5617/5617 5613/5613/5613 5618/5618/5618
f 5590/5590/5590 5619/5619/5619 5591/5591/5591
f 5620/5620/5620 5548/5548/5548 5573/5573/5573
f 5613/5613/5613 5621/5621/5621 5618/5618/5618
f 5614/5614/5614 5621/5621/5621 5613/5613/5613
f 5622/5622/5622 5618/5618/5618 5621/5621/5621
f 5623/5623/5623 5624/5624/5624 5625/5625/5625
f 5626/5626/5626 5627/5627/5627 5628/5628/5628
f 5629/5629/5629 5630/5630/5630 5631/5631/5631
f 5632/5632/5632 5623/5623/5623 5625/5625/5625
f 5633/5633/5633 5634/5634/5634 5635/5635/5635
f 5614/5614/5614 5636/5636/5636 5621/5621/5621
f 5637/5637/5637 5638/5638/5638 5639/5639/5639
f 5548/5548/5548 2350/2350/2350 2262/2262/2262
f 2350/2350/2350 5548/5548/5548 5640/5640/5640
f 5641/5641/5641 5642/5642/5642 5643/5643/5643
f 5620/5620/5620 5640/5640/5640 5548/5548/5548
f 5642/5642/5642 5641/5641/5641 5644/5644/5644
f 5642/5642/5642 5644/5644/5644 5645/5645/5645
f 5624/5624/5624 5644/5644/5644 5641/5641/5641
f 5640/5640/5640 5620/5620/5620 5646/5646/5646
f 5644/5644/5644 5624/5624/5624 5623/5623/5623
f 5644/5644/5644 5623/5623/5623 5647/5647/5647
f 5648/5648/5648 5645/5645/5645 5644/5644/5644
f 5647/5647/5647 5648/5648/5648 5644/5644/5644
f 5649/5649/5649 5650/5650/5650 5651/5651/5651
f 5652/5652/5652 5653/5653/5653 5654/5654/5654
f 5655/5655/5655 5656/5656/5656 5657/5657/5657
f 5658/5658/5658 5659/5659/5659 5660/5660/5660
f 5661/5661/5661 5662/5662/5662 5663/5663/5663
f 5664/5664/5664 5665/5665/5665 5666/5666/5666
f 5667/5667/5667 5668/5668/5668 5669/5669/5669
f 5666/5666/5666 5670/5670/5670 5664/5664/5664
f 5671/5671/5671 5672/5672/5672 5673/5673/5673
f 5674/5674/5674 5675/5675/5675 5676/5676/5676
f 5677/5677/5677 5678/5678/5678 5679/5679/5679
f 5680/5680/5680 5681/5681/5681 5682/5682/5682
f 5629/5629/5629 5683/5683/5683 5630/5630/5630
f 5684/5684/5684 5679/5679/5679 5678/5678/5678
f 5632/5632/5632 5647/5647/5647 5623/5623/5623
f 5685/5685/5685 5686/5686/5686 5687/5687/5687
f 5507/5507/5507 5512/5512/5512 5614/5614/5614
f 5688/5688/5688 5689/5689/5689 5690/5690/5690
f 5681/5681/5681 5680/5680/5680 5691/5691/5691
f 5258/5258/5258 5692/5692/5692 5693/5693/5693
f 5259/5259/5259 5692/5692/5692 5258/5258/5258
f 5694/5694/5694 5693/5693/5693 5692/5692/5692
f 5695/5695/5695 5696/5696/5696 5697/5697/5697
f 5692/5692/5692 5259/5259/5259 5698/5698/5698
f 5699/5699/5699 5695/5695/5695 5697/5697/5697
f 5443/5443/5443 5433/5433/5433 5700/5700/5700
f 5443/5443/5443 5700/5700/5700 5701/5701/5701
f 5702/5702/5702 5701/5701/5701 5700/5700/5700
f 5696/5696/5696 5695/5695/5695 5703/5703/5703
f 5259/5259/5259 5704/5704/5704 5698/5698/5698
f 5705/5705/5705 5704/5704/5704 5259/5259/5259
f 5706/5706/5706 5698/5698/5698 5704/5704/5704
f 5707/5707/5707 5706/5706/5706 5704/5704/5704
f 5704/5704/5704 5705/5705/5705 5708/5708/5708
f 5708/5708/5708 5707/5707/5707 5704/5704/5704
f 5709/5709/5709 5510/5510/5510 5511/5511/5511
f 5710/5710/5710 5711/5711/5711 5712/5712/5712
f 5510/5510/5510 5713/5713/5713 5512/5512/5512
f 5711/5711/5711 5710/5710/5710 5714/5714/5714
f 5715/5715/5715 5512/5512/5512 5713/5713/5713
f 5711/5711/5711 5714/5714/5714 5716/5716/5716
f 5717/5717/5717 5703/5703/5703 5695/5695/5695
f 5695/5695/5695 5699/5699/5699 5718/5718/5718
f 5718/5718/5718 5719/5719/5719 5695/5695/5695
f 5695/5695/5695 5719/5719/5719 5717/5717/5717
f 5720/5720/5720 5721/5721/5721 5722/5722/5722
f 5723/5723/5723 5724/5724/5724 5720/5720/5720
f 5720/5720/5720 5724/5724/5724 5725/5725/5725
f 5722/5722/5722 5723/5723/5723 5720/5720/5720
f 5726/5726/5726 5717/5717/5717 5719/5719/5719
f 5721/5721/5721 5727/5727/5727 5722/5722/5722
f 5728/5728/5728 5636/5636/5636 5614/5614/5614
f 5729/5729/5729 5636/5636/5636 5728/5728/5728
f 5730/5730/5730 5731/5731/5731 5732/5732/5732
f 5733/5733/5733 5734/5734/5734 5735/5735/5735
f 2354/2354/2354 5736/5736/5736 5737/5737/5737
f 5737/5737/5737 2564/2564/2564 2354/2354/2354
f 5647/5647/5647 5738/5738/5738 5648/5648/5648
f 2564/2564/2564 5737/5737/5737 2563/2563/2563
f 5738/5738/5738 5647/5647/5647 5739/5739/5739
f 5737/5737/5737 5740/5740/5740 5741/5741/5741
f 5741/5741/5741 2563/2563/2563 5737/5737/5737
f 5647/5647/5647 5632/5632/5632 5739/5739/5739
f 5742/5742/5742 5743/5743/5743 5636/5636/5636
f 5744/5744/5744 5742/5742/5742 5636/5636/5636
f 5729/5729/5729 5744/5744/5744 5636/5636/5636
f 5745/5745/5745 5746/5746/5746 5747/5747/5747
f 5748/5748/5748 5749/5749/5749 5750/5750/5750
f 5751/5751/5751 5752/5752/5752 5753/5753/5753
f 5754/5754/5754 5755/5755/5755 5756/5756/5756
f 5757/5757/5757 5758/5758/5758 5759/5759/5759
f 5760/5760/5760 5724/5724/5724 5761/5761/5761
f 2567/2567/2567 2563/2563/2563 5762/5762/5762
f 2567/2567/2567 5762/5762/5762 5763/5763/5763
f 5763/5763/5763 3456/3456/3456 2567/2567/2567
f 2563/2563/2563 5741/5741/5741 5762/5762/5762
f 5723/5723/5723 5761/5761/5761 5724/5724/5724
f 5764/5764/5764 5614/5614/5614 5512/5512/5512
f 5765/5765/5765 5764/5764/5764 5512/5512/5512
f 5512/5512/5512 5715/5715/5715 5766/5766/5766
f 5766/5766/5766 5765/5765/5765 5512/5512/5512
f 5734/5734/5734 5767/5767/5767 5735/5735/5735
f 5768/5768/5768 5769/5769/5769 5770/5770/5770
f 5771/5771/5771 5772/5772/5772 5773/5773/5773
f 5774/5774/5774 5775/5775/5775 5776/5776/5776
f 5777/5777/5777 5778/5778/5778 5779/5779/5779
f 5780/5780/5780 5781/5781/5781 5782/5782/5782
f 5783/5783/5783 5784/5784/5784 5785/5785/5785
f 5786/5786/5786 5777/5777/5777 5779/5779/5779
f 5787/5787/5787 5788/5788/5788 5789/5789/5789
f 5790/5790/5790 5791/5791/5791 5792/5792/5792
f 5793/5793/5793 5794/5794/5794 5795/5795/5795
f 5796/5796/5796 5797/5797/5797 5798/5798/5798
f 5775/5775/5775 5799/5799/5799 5800/5800/5800
f 5774/5774/5774 5799/5799/5799 5775/5775/5775
f 5801/5801/5801 5802/5802/5802 5803/5803/5803
f 5804/5804/5804 5805/5805/5805 5806/5806/5806
f 5802/5802/5802 5801/5801/5801 5807/5807/5807
f 5808/5808/5808 5809/5809/5809 5810/5810/5810
f 5811/5811/5811 5812/5812/5812 5813/5813/5813
f 5808/5808/5808 5638/5638/5638 5809/5809/5809
f 5814/5814/5814 5716/5716/5716 5714/5714/5714
f 5716/5716/5716 5814/5814/5814 5815/5815/5815
f 5816/5816/5816 5817/5817/5817 5818/5818/5818
f 5819/5819/5819 5817/5817/5817 5816/5816/5816
f 5808/5808/5808 5639/5639/5639 5638/5638/5638
f 5785/5785/5785 5784/5784/5784 5820/5820/5820
f 5821/5821/5821 5822/5822/5822 5823/5823/5823
f 5821/5821/5821 5823/5823/5823 5824/5824/5824
f 5639/5639/5639 5808/5808/5808 5825/5825/5825
f 5826/5826/5826 5753/5753/5753 5752/5752/5752
f 5827/5827/5827 5828/5828/5828 5758/5758/5758
f 5829/5829/5829 5830/5830/5830 5831/5831/5831
f 5832/5832/5832 5833/5833/5833 5834/5834/5834
f 5835/5835/5835 5836/5836/5836 5837/5837/5837
f 5838/5838/5838 5839/5839/5839 5840/5840/5840
f 5841/5841/5841 5842/5842/5842 5843/5843/5843
f 5844/5844/5844 5845/5845/5845 5846/5846/5846
f 5847/5847/5847 5848/5848/5848 5849/5849/5849
f 5850/5850/5850 5847/5847/5847 5849/5849/5849
f 5851/5851/5851 5852/5852/5852 5853/5853/5853
f 5854/5854/5854 5825/5825/5825 5808/5808/5808
f 5855/5855/5855 5856/5856/5856 5857/5857/5857
f 5825/5825/5825 5854/5854/5854 5858/5858/5858
f 5859/5859/5859 5860/5860/5860 5861/5861/5861
f 5862/5862/5862 5846/5846/5846 5845/5845/5845
f 5847/5847/5847 5863/5863/5863 5848/5848/5848
f 5864/5864/5864 5865/5865/5865 5866/5866/5866
f 5867/5867/5867 5868/5868/5868 5869/5869/5869
f 5852/5852/5852 5870/5870/5870 5853/5853/5853
f 5871/5871/5871 5872/5872/5872 5846/5846/5846
f 5846/5846/5846 5862/5862/5862 5871/5871/5871
f 5873/5873/5873 5874/5874/5874 5872/5872/5872
f 5872/5872/5872 5871/5871/5871 5873/5873/5873
f 5874/5874/5874 5873/5873/5873 5875/5875/5875
f 5876/5876/5876 5877/5877/5877 5878/5878/5878
f 5879/5879/5879 5880/5880/5880 5881/5881/5881
f 5882/5882/5882 5883/5883/5883 5884/5884/5884
f 5885/5885/5885 5886/5886/5886 5887/5887/5887
f 5888/5888/5888 5889/5889/5889 5890/5890/5890
f 5883/5883/5883 5882/5882/5882 5891/5891/5891
f 5892/5892/5892 5893/5893/5893 5894/5894/5894
f 5895/5895/5895 5896/5896/5896 5897/5897/5897
f 5898/5898/5898 5897/5897/5897 5896/5896/5896
f 5899/5899/5899 5900/5900/5900 5901/5901/5901
f 5902/5902/5902 5901/5901/5901 5900/5900/5900
f 5903/5903/5903 5904/5904/5904 5905/5905/5905
f 5906/5906/5906 5905/5905/5905 5904/5904/5904
f 5344/5344/5344 5343/5343/5343 5907/5907/5907
f 5727/5727/5727 5908/5908/5908 5909/5909/5909
f 5910/5910/5910 5722/5722/5722 5727/5727/5727
f 5909/5909/5909 5910/5910/5910 5727/5727/5727
f 5905/5905/5905 5906/5906/5906 5911/5911/5911
f 5911/5911/5911 5912/5912/5912 5905/5905/5905
f 5913/5913/5913 5907/5907/5907 5343/5343/5343
f 5914/5914/5914 5913/5913/5913 5343/5343/5343
f 5343/5343/5343 5346/5346/5346 5914/5914/5914
f 5915/5915/5915 5916/5916/5916 5917/5917/5917
f 5917/5917/5917 5918/5918/5918 5915/5915/5915
f 5913/5913/5913 5914/5914/5914 5919/5919/5919
f 5916/5916/5916 5920/5920/5920 5921/5921/5921
f 5921/5921/5921 5917/5917/5917 5916/5916/5916
f 5308/5308/5308 5303/5303/5303 5922/5922/5922
f 5923/5923/5923 5924/5924/5924 5925/5925/5925
f 5923/5923/5923 5925/5925/5925 5926/5926/5926
f 5926/5926/5926 5927/5927/5927 5923/5923/5923
f 5928/5928/5928 5929/5929/5929 5930/5930/5930
f 5931/5931/5931 5932/5932/5932 5933/5933/5933
f 5930/5930/5930 5934/5934/5934 5928/5928/5928
f 5933/5933/5933 5935/5935/5935 5931/5931/5931
f 5303/5303/5303 5314/5314/5314 5936/5936/5936
f 5303/5303/5303 5936/5936/5936 5922/5922/5922
f 5316/5316/5316 5315/5315/5315 5937/5937/5937
f 5938/5938/5938 5939/5939/5939 5940/5940/5940
f 5941/5941/5941 5942/5942/5942 4955/4955/4955
f 4955/4955/4955 4954/4954/4954 5941/5941/5941
f 5936/5936/5936 5943/5943/5943 5922/5922/5922
f 5944/5944/5944 5924/5924/5924 5945/5945/5945
f 5941/5941/5941 5946/5946/5946 5942/5942/5942
f 5944/5944/5944 5925/5925/5925 5924/5924/5924
f 5947/5947/5947 5948/5948/5948 5949/5949/5949
f 5925/5925/5925 5944/5944/5944 5950/5950/5950
f 5951/5951/5951 5926/5926/5926 5925/5925/5925
f 5950/5950/5950 5951/5951/5951 5925/5925/5925
f 5946/5946/5946 5941/5941/5941 5952/5952/5952
f 5944/5944/5944 5953/5953/5953 5950/5950/5950
f 5941/5941/5941 5954/5954/5954 5955/5955/5955
f 5955/5955/5955 5952/5952/5952 5941/5941/5941
f 5340/5340/5340 5341/5341/5341 5956/5956/5956
f 5957/5957/5957 5958/5958/5958 5959/5959/5959
f 5960/5960/5960 5957/5957/5957 5959/5959/5959
f 5961/5961/5961 5962/5962/5962 5963/5963/5963
f 5341/5341/5341 5964/5964/5964 5956/5956/5956
f 5958/5958/5958 5957/5957/5957 5965/5965/5965
f 5957/5957/5957 5960/5960/5960 5966/5966/5966
f 5957/5957/5957 5966/5966/5966 5967/5967/5967
f 5967/5967/5967 5965/5965/5965 5957/5957/5957
f 5968/5968/5968 5956/5956/5956 5964/5964/5964
f 5960/5960/5960 5969/5969/5969 5966/5966/5966
f 5970/5970/5970 5969/5969/5969 5960/5960/5960
f 5971/5971/5971 5966/5966/5966 5969/5969/5969
f 5972/5972/5972 5973/5973/5973 5974/5974/5974
f 5972/5972/5972 5974/5974/5974 5975/5975/5975
f 5976/5976/5976 5967/5967/5967 5966/5966/5966
f 5966/5966/5966 5971/5971/5971 5976/5976/5976
f 5977/5977/5977 5978/5978/5978 5979/5979/5979
f 5980/5980/5980 5981/5981/5981 5982/5982/5982
f 5176/5176/5176 5174/5174/5174 5983/5983/5983
f 5984/5984/5984 5985/5985/5985 5986/5986/5986
f 5987/5987/5987 5988/5988/5988 5989/5989/5989
f 5990/5990/5990 5991/5991/5991 5992/5992/5992
f 5987/5987/5987 5989/5989/5989 5993/5993/5993
f 5994/5994/5994 5990/5990/5990 5992/5992/5992
f 5995/5995/5995 5996/5996/5996 5997/5997/5997
f 5998/5998/5998 5997/5997/5997 5996/5996/5996
f 5976/5976/5976 5999/5999/5999 5967/5967/5967
f 5997/5997/5997 5998/5998/5998 6000/6000/6000
f 6001/6001/6001 6002/6002/6002 6003/6003/6003
f 5990/5990/5990 5994/5994/5994 6004/6004/6004
f 6005/6005/6005 6006/6006/6006 6007/6007/6007
f 6008/6008/6008 6009/6009/6009 6010/6010/6010
f 6011/6011/6011 6012/6012/6012 6013/6013/6013
f 6014/6014/6014 6004/6004/6004 5994/5994/5994
f 6011/6011/6011 6013/6013/6013 6015/6015/6015
f 6012/6012/6012 6016/6016/6016 6013/6013/6013
f 6017/6017/6017 6018/6018/6018 6019/6019/6019
f 6020/6020/6020 6019/6019/6019 6018/6018/6018
f 6004/6004/6004 6014/6014/6014 6021/6021/6021
f 6018/6018/6018 6022/6022/6022 6020/6020/6020
f 6023/6023/6023 6015/6015/6015 6013/6013/6013
f 6024/6024/6024 6025/6025/6025 6026/6026/6026
f 6027/6027/6027 6024/6024/6024 6026/6026/6026
f 6028/6028/6028 3505/3505/3505 3494/3494/3494
f 3502/3502/3502 3517/3517/3517 6029/6029/6029
f 6030/6030/6030 6028/6028/6028 3494/3494/3494
f 6031/6031/6031 6032/6032/6032 6033/6033/6033
f 6033/6033/6033 6034/6034/6034 6031/6031/6031
f 6035/6035/6035 6036/6036/6036 6037/6037/6037
f 6038/6038/6038 6039/6039/6039 6040/6040/6040
f 3763/3763/3763 6041/6041/6041 3485/3485/3485
f 6035/6035/6035 6037/6037/6037 6042/6042/6042
f 3490/3490/3490 3489/3489/3489 6043/6043/6043
f 6044/6044/6044 6033/6033/6033 6032/6032/6032
f 3489/3489/3489 3504/3504/3504 6043/6043/6043
f 6045/6045/6045 6046/6046/6046 6047/6047/6047
f 6048/6048/6048 6049/6049/6049 6050/6050/6050
f 6050/6050/6050 6051/6051/6051 6048/6048/6048
f 6052/6052/6052 6053/6053/6053 6054/6054/6054
f 6054/6054/6054 6055/6055/6055 6052/6052/6052
f 6049/6049/6049 6056/6056/6056 6050/6050/6050
f 6046/6046/6046 6045/6045/6045 6057/6057/6057
f 6058/6058/6058 6050/6050/6050 6056/6056/6056
f 6059/6059/6059 6029/6029/6029 3517/3517/3517
f 3517/3517/3517 3577/3577/3577 6059/6059/6059
f 6060/6060/6060 6057/6057/6057 6045/6045/6045
f 6061/6061/6061 6062/6062/6062 6063/6063/6063
f 6028/6028/6028 6030/6030/6030 6064/6064/6064
f 6051/6051/6051 6050/6050/6050 6065/6065/6065
f 6065/6065/6065 6066/6066/6066 6051/6051/6051
f 6053/6053/6053 6067/6067/6067 6068/6068/6068
f 6053/6053/6053 6068/6068/6068 6054/6054/6054
f 6050/6050/6050 6058/6058/6058 6069/6069/6069
f 6050/6050/6050 6069/6069/6069 6065/6065/6065
f 6070/6070/6070 6071/6071/6071 6072/6072/6072
f 6061/6061/6061 6073/6073/6073 6062/6062/6062
f 6074/6074/6074 6071/6071/6071 6075/6075/6075
f 6075/6075/6075 6076/6076/6076 6074/6074/6074
f 6067/6067/6067 6077/6077/6077 6068/6068/6068
f 6070/6070/6070 6075/6075/6075 6071/6071/6071
f 6078/6078/6078 6079/6079/6079 6080/6080/6080
f 6030/6030/6030 6081/6081/6081 6064/6064/6064
f 3577/3577/3577 3588/3588/3588 6059/6059/6059
f 6082/6082/6082 6079/6079/6079 6083/6083/6083
f 6084/6084/6084 6085/6085/6085 6086/6086/6086
f 6084/6084/6084 6086/6086/6086 6087/6087/6087
f 6079/6079/6079 6082/6082/6082 6088/6088/6088
f 6088/6088/6088 6080/6080/6080 6079/6079/6079
f 6089/6089/6089 3591/3591/3591 3593/3593/3593
f 6090/6090/6090 6089/6089/6089 3593/3593/3593
f 3593/3593/3593 3594/3594/3594 6090/6090/6090
f 3587/3587/3587 3590/3590/3590 6091/6091/6091
f 6092/6092/6092 3590/3590/3590 3595/3595/3595
f 6093/6093/6093 6086/6086/6086 6094/6094/6094
f 6095/6095/6095 6093/6093/6093 6094/6094/6094
f 6086/6086/6086 6093/6093/6093 6087/6087/6087
f 6096/6096/6096 6087/6087/6087 6093/6093/6093
f 6093/6093/6093 6095/6095/6095 6097/6097/6097
f 6093/6093/6093 6097/6097/6097 6098/6098/6098
f 6099/6099/6099 6100/6100/6100 6101/6101/6101
f 6102/6102/6102 6096/6096/6096 6093/6093/6093
f 6103/6103/6103 6104/6104/6104 6105/6105/6105
f 6076/6076/6076 6075/6075/6075 6106/6106/6106
f 6106/6106/6106 6107/6107/6107 6076/6076/6076
f 6108/6108/6108 6073/6073/6073 6109/6109/6109
f 6110/6110/6110 6109/6109/6109 6073/6073/6073
f 6111/6111/6111 6110/6110/6110 6073/6073/6073
f 6073/6073/6073 6061/6061/6061 6111/6111/6111
f 6112/6112/6112 6113/6113/6113 6114/6114/6114
f 6114/6114/6114 6115/6115/6115 6112/6112/6112
f 6113/6113/6113 6116/6116/6116 6114/6114/6114
f 6117/6117/6117 6118/6118/6118 6119/6119/6119
f 6120/6120/6120 6121/6121/6121 6122/6122/6122
f 6123/6123/6123 6124/6124/6124 6125/6125/6125
f 6126/6126/6126 6127/6127/6127 6128/6128/6128
f 6129/6129/6129 6130/6130/6130 6131/6131/6131
f 6132/6132/6132 6133/6133/6133 6134/6134/6134
f 6131/6131/6131 6135/6135/6135 6129/6129/6129
f 6136/6136/6136 6137/6137/6137 6138/6138/6138
f 6139/6139/6139 6140/6140/6140 6141/6141/6141
f 6141/6141/6141 6142/6142/6142 6139/6139/6139
f 6143/6143/6143 6119/6119/6119 6118/6118/6118
f 6144/6144/6144 6145/6145/6145 6135/6135/6135
f 6131/6131/6131 6144/6144/6144 6135/6135/6135
f 3871/3871/3871 6143/6143/6143 3888/3888/3888
f 3889/3889/3889 6146/6146/6146 6147/6147/6147
f 6147/6147/6147 3887/3887/3887 3889/3889/3889
f 6148/6148/6148 6121/6121/6121 3878/3878/3878
f 3878/3878/3878 3879/3879/3879 6148/6148/6148
f 6149/6149/6149 6150/6150/6150 6151/6151/6151
f 6151/6151/6151 6152/6152/6152 6149/6149/6149
f 6121/6121/6121 6120/6120/6120 6153/6153/6153
f 6153/6153/6153 3878/3878/3878 6121/6121/6121
f 6119/6119/6119 6143/6143/6143 3871/3871/3871
f 6119/6119/6119 3871/3871/3871 3886/3886/3886
f 6154/6154/6154 3935/3935/3935 3893/3893/3893
f 3893/3893/3893 3890/3890/3890 6154/6154/6154
f 3935/3935/3935 6154/6154/6154 6155/6155/6155
f 3935/3935/3935 6155/6155/6155 6156/6156/6156
f 6157/6157/6157 6158/6158/6158 6159/6159/6159
f 6160/6160/6160 6097/6097/6097 6095/6095/6095
f 6095/6095/6095 6161/6161/6161 6160/6160/6160
f 6162/6162/6162 3928/3928/3928 6163/6163/6163
f 6164/6164/6164 6165/6165/6165 6166/6166/6166
f 6167/6167/6167 6168/6168/6168 6169/6169/6169
f 6170/6170/6170 6098/6098/6098 6097/6097/6097
f 6097/6097/6097 6160/6160/6160 6170/6170/6170
f 6098/6098/6098 6170/6170/6170 6171/6171/6171
f 6171/6171/6171 6102/6102/6102 6098/6098/6098
f 3928/3928/3928 6162/6162/6162 3924/3924/3924
f 6172/6172/6172 3923/3923/3923 6173/6173/6173
f 3937/3937/3937 6173/6173/6173 3923/3923/3923
f 6173/6173/6173 3937/3937/3937 6174/6174/6174
f 6175/6175/6175 6138/6138/6138 6137/6137/6137
f 6138/6138/6138 6175/6175/6175 6176/6176/6176
f 6177/6177/6177 6178/6178/6178 6157/6157/6157
f 6179/6179/6179 6157/6157/6157 6178/6178/6178
f 6174/6174/6174 3937/3937/3937 6180/6180/6180
f 6158/6158/6158 6157/6157/6157 6179/6179/6179
f 6181/6181/6181 6182/6182/6182 6183/6183/6183
f 3999/3999/3999 3998/3998/3998 6184/6184/6184
f 6184/6184/6184 6185/6185/6185 3999/3999/3999
f 2969/2969/2969 6186/6186/6186 1695/1695/1695
f 6186/6186/6186 2969/2969/2969 6187/6187/6187
f 6188/6188/6188 4001/4001/4001 4002/4002/4002
f 6189/6189/6189 6188/6188/6188 4002/4002/4002
f 2970/2970/2970 6187/6187/6187 2969/2969/2969
f 3998/3998/3998 4003/4003/4003 6190/6190/6190
f 3998/3998/3998 6190/6190/6190 6191/6191/6191
f 3998/3998/3998 6191/6191/6191 6184/6184/6184
f 6192/6192/6192 6193/6193/6193 6194/6194/6194
f 6195/6195/6195 6196/6196/6196 6197/6197/6197
f 6194/6194/6194 6198/6198/6198 6192/6192/6192
f 6199/6199/6199 6200/6200/6200 6193/6193/6193
f 6193/6193/6193 6192/6192/6192 6199/6199/6199
f 6187/6187/6187 2970/2970/2970 6201/6201/6201
f 6196/6196/6196 6202/6202/6202 6203/6203/6203
f 6203/6203/6203 6197/6197/6197 6196/6196/6196
f 6204/6204/6204 6202/6202/6202 6205/6205/6205
f 6206/6206/6206 6203/6203/6203 6202/6202/6202
f 6202/6202/6202 6204/6204/6204 6206/6206/6206
f 6207/6207/6207 6200/6200/6200 6168/6168/6168
f 6199/6199/6199 6168/6168/6168 6200/6200/6200
f 6168/6168/6168 6199/6199/6199 6208/6208/6208
f 6208/6208/6208 6169/6169/6169 6168/6168/6168
f 6209/6209/6209 6210/6210/6210 6197/6197/6197
f 6197/6197/6197 6203/6203/6203 6209/6209/6209
f 6211/6211/6211 6199/6199/6199 6192/6192/6192
f 6192/6192/6192 6212/6212/6212 6213/6213/6213
f 6192/6192/6192 6213/6213/6213 6211/6211/6211
f 6211/6211/6211 6208/6208/6208 6199/6199/6199
f 6214/6214/6214 6209/6209/6209 6203/6203/6203
f 6203/6203/6203 6206/6206/6206 6214/6214/6214
f 2971/2971/2971 2981/2981/2981 6215/6215/6215
f 6216/6216/6216 2986/2986/2986 2983/2983/2983
f 2983/2983/2983 6217/6217/6217 6216/6216/6216
f 6218/6218/6218 6219/6219/6219 6220/6220/6220
f 6220/6220/6220 6221/6221/6221 6218/6218/6218
f 6222/6222/6222 6215/6215/6215 2981/2981/2981
f 6217/6217/6217 6223/6223/6223 6224/6224/6224
f 6225/6225/6225 6226/6226/6226 6219/6219/6219
f 6224/6224/6224 6216/6216/6216 6217/6217/6217
f 6219/6219/6219 6218/6218/6218 6225/6225/6225
f 6227/6227/6227 6228/6228/6228 6229/6229/6229
f 6209/6209/6209 6214/6214/6214 6230/6230/6230
f 6231/6231/6231 6232/6232/6232 6233/6233/6233
f 6228/6228/6228 6227/6227/6227 6234/6234/6234
f 6233/6233/6233 6235/6235/6235 6231/6231/6231
f 6224/6224/6224 6223/6223/6223 6236/6236/6236
f 6237/6237/6237 6226/6226/6226 6225/6225/6225
f 6238/6238/6238 6224/6224/6224 6236/6236/6236
f 6237/6237/6237 6225/6225/6225 6239/6239/6239
f 6240/6240/6240 6214/6214/6214 6206/6206/6206
f 6214/6214/6214 6240/6240/6240 6241/6241/6241
f 6214/6214/6214 6241/6241/6241 6242/6242/6242
f 6242/6242/6242 6230/6230/6230 6214/6214/6214
f 6243/6243/6243 6242/6242/6242 6241/6241/6241
f 6162/6162/6162 6244/6244/6244 4074/4074/4074
f 4074/4074/4074 3924/3924/3924 6162/6162/6162
f 6244/6244/6244 6232/6232/6232 6245/6245/6245
f 6244/6244/6244 6245/6245/6245 4074/4074/4074
f 6231/6231/6231 6245/6245/6245 6232/6232/6232
f 6246/6246/6246 6247/6247/6247 6248/6248/6248
f 6249/6249/6249 6250/6250/6250 6246/6246/6246
f 6248/6248/6248 6249/6249/6249 6246/6246/6246
f 4853/4853/4853 4858/4858/4858 6251/6251/6251
f 6251/6251/6251 6252/6252/6252 4853/4853/4853
f 4858/4858/4858 4859/4859/4859 6253/6253/6253
f 6254/6254/6254 6255/6255/6255 6256/6256/6256
f 6254/6254/6254 6256/6256/6256 6257/6257/6257
f 6258/6258/6258 6253/6253/6253 4859/4859/4859
f 6253/6253/6253 6258/6258/6258 6259/6259/6259
f 6260/6260/6260 6261/6261/6261 6262/6262/6262
f 6263/6263/6263 6256/6256/6256 6255/6255/6255
f 6264/6264/6264 6265/6265/6265 4110/4110/4110
f 4110/4110/4110 4111/4111/4111 6264/6264/6264
f 6266/6266/6266 6262/6262/6262 6261/6261/6261
f 6261/6261/6261 6267/6267/6267 6266/6266/6266
f 6263/6263/6263 6268/6268/6268 6256/6256/6256
f 6256/6256/6256 6268/6268/6268 6269/6269/6269
f 6269/6269/6269 6257/6257/6257 6256/6256/6256
f 6268/6268/6268 6263/6263/6263 6270/6270/6270
f 6271/6271/6271 6269/6269/6269 6268/6268/6268
f 6272/6272/6272 6273/6273/6273 6274/6274/6274
f 6268/6268/6268 6275/6275/6275 6271/6271/6271
f 6276/6276/6276 6266/6266/6266 6277/6277/6277
f 6278/6278/6278 6279/6279/6279 6280/6280/6280
f 6281/6281/6281 6282/6282/6282 6283/6283/6283
f 6284/6284/6284 6250/6250/6250 6285/6285/6285
f 6285/6285/6285 6286/6286/6286 6284/6284/6284
f 6250/6250/6250 6249/6249/6249 6285/6285/6285
f 5106/5106/5106 6287/6287/6287 5107/5107/5107
f 6288/6288/6288 6289/6289/6289 6290/6290/6290
f 5107/5107/5107 6287/6287/6287 6291/6291/6291
f 6292/6292/6292 5107/5107/5107 6291/6291/6291
f 6290/6290/6290 6293/6293/6293 6288/6288/6288
f 6294/6294/6294 6257/6257/6257 5168/5168/5168
f 5168/5168/5168 6295/6295/6295 6294/6294/6294
f 6269/6269/6269 5168/5168/5168 6257/6257/6257
f 5168/5168/5168 6269/6269/6269 5183/5183/5183
f 6296/6296/6296 6297/6297/6297 6298/6298/6298
f 6299/6299/6299 6297/6297/6297 6296/6296/6296
f 6300/6300/6300 6301/6301/6301 6302/6302/6302
f 6302/6302/6302 6301/6301/6301 6303/6303/6303
f 6304/6304/6304 6305/6305/6305 6306/6306/6306
f 6307/6307/6307 6305/6305/6305 6304/6304/6304
f 6308/6308/6308 6309/6309/6309 6310/6310/6310
f 6299/6299/6299 6311/6311/6311 6297/6297/6297
f 6312/6312/6312 6313/6313/6313 6314/6314/6314
f 6315/6315/6315 6306/6306/6306 6305/6305/6305
f 6316/6316/6316 6317/6317/6317 6318/6318/6318
f 6316/6316/6316 6318/6318/6318 6319/6319/6319
f 6316/6316/6316 6319/6319/6319 6320/6320/6320
f 6321/6321/6321 6322/6322/6322 6323/6323/6323
f 6324/6324/6324 6325/6325/6325 6326/6326/6326
f 6309/6309/6309 6327/6327/6327 6310/6310/6310
f 6328/6328/6328 6329/6329/6329 6330/6330/6330
f 6331/6331/6331 6332/6332/6332 6333/6333/6333
f 6331/6331/6331 6333/6333/6333 6334/6334/6334
f 6335/6335/6335 6336/6336/6336 6337/6337/6337
f 6338/6338/6338 6314/6314/6314 6313/6313/6313
f 6339/6339/6339 6338/6338/6338 6313/6313/6313
f 6340/6340/6340 6318/6318/6318 6317/6317/6317
f 6341/6341/6341 6340/6340/6340 6317/6317/6317
f 6342/6342/6342 6343/6343/6343 6344/6344/6344
f 6345/6345/6345 6346/6346/6346 6347/6347/6347
f 6342/6342/6342 6344/6344/6344 6348/6348/6348
f 6349/6349/6349 6345/6345/6345 6347/6347/6347
f 6342/6342/6342 6348/6348/6348 6350/6350/6350
f 6351/6351/6351 6352/6352/6352 6353/6353/6353
f 6354/6354/6354 6353/6353/6353 6352/6352/6352
f 6353/6353/6353 6354/6354/6354 6355/6355/6355
f 6356/6356/6356 6357/6357/6357 6358/6358/6358
f 6349/6349/6349 6359/6359/6359 6345/6345/6345
f 6360/6360/6360 6361/6361/6361 6362/6362/6362
f 6271/6271/6271 5183/5183/5183 6269/6269/6269
f 6271/6271/6271 6363/6363/6363 5183/5183/5183
f 6364/6364/6364 6365/6365/6365 6366/6366/6366
f 6367/6367/6367 6368/6368/6368 6369/6369/6369
f 6359/6359/6359 6349/6349/6349 6370/6370/6370
f 6371/6371/6371 6372/6372/6372 6373/6373/6373
f 6374/6374/6374 6367/6367/6367 6369/6369/6369
f 6375/6375/6375 6376/6376/6376 6377/6377/6377
f 6378/6378/6378 6379/6379/6379 6380/6380/6380
f 6381/6381/6381 6382/6382/6382 6383/6383/6383
f 6384/6384/6384 6385/6385/6385 6386/6386/6386
f 6387/6387/6387 6388/6388/6388 6389/6389/6389
f 6390/6390/6390 6388/6388/6388 6387/6387/6387
f 6391/6391/6391 6392/6392/6392 6393/6393/6393
f 6394/6394/6394 6395/6395/6395 6396/6396/6396
f 6397/6397/6397 6389/6389/6389 6388/6388/6388
f 6398/6398/6398 6399/6399/6399 6400/6400/6400
f 6392/6392/6392 6391/6391/6391 6401/6401/6401
f 6402/6402/6402 6403/6403/6403 6404/6404/6404
f 6389/6389/6389 6397/6397/6397 6405/6405/6405
f 6406/6406/6406 6407/6407/6407 6408/6408/6408
f 6389/6389/6389 6405/6405/6405 6409/6409/6409
f 6397/6397/6397 6410/6410/6410 6405/6405/6405
f 6409/6409/6409 6405/6405/6405 6410/6410/6410
f 6411/6411/6411 6412/6412/6412 6413/6413/6413
f 6413/6413/6413 6414/6414/6414 6411/6411/6411
f 6415/6415/6415 6225/6225/6225 6218/6218/6218
f 6218/6218/6218 6416/6416/6416 6415/6415/6415
f 6417/6417/6417 6239/6239/6239 6225/6225/6225
f 6415/6415/6415 6417/6417/6417 6225/6225/6225
f 6418/6418/6418 6419/6419/6419 6420/6420/6420
f 6420/6420/6420 6421/6421/6421 6418/6418/6418
f 6418/6418/6418 6422/6422/6422 6419/6419/6419
f 6416/6416/6416 6423/6423/6423 6415/6415/6415
f 6422/6422/6422 6418/6418/6418 6424/6424/6424
f 6423/6423/6423 6425/6425/6425 6426/6426/6426
f 6427/6427/6427 6415/6415/6415 6423/6423/6423
f 6426/6426/6426 6427/6427/6427 6423/6423/6423
f 6428/6428/6428 6418/6418/6418 6421/6421/6421
f 6421/6421/6421 6429/6429/6429 6428/6428/6428
f 6418/6418/6418 6428/6428/6428 6424/6424/6424
f 6430/6430/6430 6428/6428/6428 6429/6429/6429
f 6431/6431/6431 6424/6424/6424 6428/6428/6428
f 6428/6428/6428 6430/6430/6430 6431/6431/6431
f 6432/6432/6432 6433/6433/6433 6434/6434/6434
f 6435/6435/6435 6436/6436/6436 6437/6437/6437
f 6438/6438/6438 6439/6439/6439 6440/6440/6440
f 6433/6433/6433 6432/6432/6432 6441/6441/6441
f 6442/6442/6442 6437/6437/6437 6436/6436/6436
f 6443/6443/6443 6444/6444/6444 6445/6445/6445
f 6446/6446/6446 6447/6447/6447 6448/6448/6448
f 6449/6449/6449 6441/6441/6441 6432/6432/6432
f 6450/6450/6450 6451/6451/6451 6452/6452/6452
f 6453/6453/6453 6454/6454/6454 6455/6455/6455
f 6444/6444/6444 6443/6443/6443 6456/6456/6456
f 6441/6441/6441 6449/6449/6449 6457/6457/6457
f 6458/6458/6458 6456/6456/6456 6443/6443/6443
f 6459/6459/6459 6460/6460/6460 6461/6461/6461
f 6462/6462/6462 6463/6463/6463 6464/6464/6464
f 6451/6451/6451 6450/6450/6450 6465/6465/6465
f 6466/6466/6466 6467/6467/6467 6468/6468/6468
f 6459/6459/6459 6469/6469/6469 6460/6460/6460
f 6470/6470/6470 6468/6468/6468 6467/6467/6467
f 6469/6469/6469 6459/6459/6459 6471/6471/6471
f 6472/6472/6472 6465/6465/6465 6450/6450/6450
f 6473/6473/6473 6474/6474/6474 6475/6475/6475
f 6476/6476/6476 6471/6471/6471 6459/6459/6459
f 6477/6477/6477 6478/6478/6478 6479/6479/6479
f 6480/6480/6480 6481/6481/6481 6482/6482/6482
f 6483/6483/6483 6484/6484/6484 6485/6485/6485
f 6486/6486/6486 6487/6487/6487 6488/6488/6488
f 6489/6489/6489 6426/6426/6426 6425/6425/6425
f 6490/6490/6490 6491/6491/6491 6492/6492/6492
f 6424/6424/6424 6431/6431/6431 6493/6493/6493
f 6492/6492/6492 6494/6494/6494 6490/6490/6490
f 6495/6495/6495 6496/6496/6496 6497/6497/6497
f 6498/6498/6498 6499/6499/6499 6500/6500/6500
f 6501/6501/6501 6495/6495/6495 6497/6497/6497
f 6497/6497/6497 6502/6502/6502 6501/6501/6501
f 6503/6503/6503 6504/6504/6504 6505/6505/6505
f 6506/6506/6506 6507/6507/6507 6508/6508/6508
f 6509/6509/6509 6510/6510/6510 6511/6511/6511
f 6512/6512/6512 6513/6513/6513 6514/6514/6514
f 6514/6514/6514 6515/6515/6515 6512/6512/6512
f 6516/6516/6516 6517/6517/6517 6518/6518/6518
f 6518/6518/6518 6519/6519/6519 6516/6516/6516
f 6520/6520/6520 6500/6500/6500 6499/6499/6499
f 6521/6521/6521 6522/6522/6522 6523/6523/6523
f 6417/6417/6417 6415/6415/6415 6524/6524/6524
f 6415/6415/6415 6427/6427/6427 6524/6524/6524
f 6525/6525/6525 6524/6524/6524 6427/6427/6427
f 6526/6526/6526 6525/6525/6525 6427/6427/6427
f 6426/6426/6426 6526/6526/6526 6427/6427/6427
f 6527/6527/6527 6528/6528/6528 5935/5935/5935
f 5935/5935/5935 5933/5933/5933 6527/6527/6527
f 5325/5325/5325 6529/6529/6529 5313/5313/5313
f 5315/5315/5315 6530/6530/6530 5937/5937/5937
f 6528/6528/6528 6527/6527/6527 6531/6531/6531
f 6532/6532/6532 6264/6264/6264 4111/4111/4111
f 6529/6529/6529 5325/5325/5325 6533/6533/6533
f 6530/6530/6530 6534/6534/6534 6535/6535/6535
f 6536/6536/6536 5937/5937/5937 6530/6530/6530
f 6535/6535/6535 6536/6536/6536 6530/6530/6530
f 6537/6537/6537 6533/6533/6533 5325/5325/5325
f 5325/5325/5325 5324/5324/5324 6537/6537/6537
f 6538/6538/6538 6539/6539/6539 6540/6540/6540
f 6541/6541/6541 6542/6542/6542 6543/6543/6543
f 6544/6544/6544 6541/6541/6541 6543/6543/6543
f 6545/6545/6545 5348/5348/5348 5320/5320/5320
f 6546/6546/6546 6547/6547/6547 6548/6548/6548
f 5324/5324/5324 6549/6549/6549 6537/6537/6537
f 6550/6550/6550 6551/6551/6551 6552/6552/6552
f 6553/6553/6553 6554/6554/6554 6526/6526/6526
f 6526/6526/6526 6426/6426/6426 6553/6553/6553
f 6551/6551/6551 6550/6550/6550 6555/6555/6555
f 6551/6551/6551 6555/6555/6555 6556/6556/6556
f 6556/6556/6556 6539/6539/6539 6551/6551/6551
f 6557/6557/6557 6558/6558/6558 6559/6559/6559
f 6560/6560/6560 6561/6561/6561 6562/6562/6562
f 6563/6563/6563 6564/6564/6564 6565/6565/6565
f 6565/6565/6565 6566/6566/6566 6567/6567/6567
f 6565/6565/6565 6567/6567/6567 6563/6563/6563
f 6568/6568/6568 6569/6569/6569 6570/6570/6570
f 6571/6571/6571 6572/6572/6572 6573/6573/6573
f 6556/6556/6556 6540/6540/6540 6539/6539/6539
f 6426/6426/6426 6489/6489/6489 6553/6553/6553
f 6574/6574/6574 6553/6553/6553 6489/6489/6489
f 6489/6489/6489 6575/6575/6575 6574/6574/6574
f 6576/6576/6576 6562/6562/6562 6561/6561/6561
f 6569/6569/6569 6577/6577/6577 6578/6578/6578
f 6579/6579/6579 6570/6570/6570 6569/6569/6569
f 6578/6578/6578 6579/6579/6579 6569/6569/6569
f 6580/6580/6580 3458/3458/3458 3456/3456/3456
f 5763/5763/5763 6580/6580/6580 3456/3456/3456
f 3458/3458/3458 6580/6580/6580 6581/6581/6581
f 6582/6582/6582 6583/6583/6583 6584/6584/6584
f 6580/6580/6580 5763/5763/5763 6585/6585/6585
f 6494/6494/6494 6581/6581/6581 6580/6580/6580
f 6490/6490/6490 6494/6494/6494 6580/6580/6580
f 6580/6580/6580 6585/6585/6585 6490/6490/6490
f 6586/6586/6586 6587/6587/6587 6588/6588/6588
f 6589/6589/6589 6590/6590/6590 6591/6591/6591
f 6586/6586/6586 6588/6588/6588 6592/6592/6592
f 6593/6593/6593 6594/6594/6594 6595/6595/6595
f 6596/6596/6596 6595/6595/6595 6594/6594/6594
f 6597/6597/6597 6592/6592/6592 6588/6588/6588
f 6598/6598/6598 6599/6599/6599 6600/6600/6600
f 6601/6601/6601 6602/6602/6602 6603/6603/6603
f 6604/6604/6604 6605/6605/6605 6606/6606/6606
f 6599/6599/6599 6607/6607/6607 6600/6600/6600
f 6601/6601/6601 6608/6608/6608 6602/6602/6602
f 6609/6609/6609 6610/6610/6610 6611/6611/6611
f 6612/6612/6612 6610/6610/6610 6609/6609/6609
f 6613/6613/6613 6600/6600/6600 6607/6607/6607
f 6614/6614/6614 6615/6615/6615 6616/6616/6616
f 6617/6617/6617 6618/6618/6618 6619/6619/6619
f 6620/6620/6620 6621/6621/6621 6622/6622/6622
f 6623/6623/6623 6624/6624/6624 6625/6625/6625
f 6626/6626/6626 6627/6627/6627 6628/6628/6628
f 6629/6629/6629 6630/6630/6630 6631/6631/6631
f 6624/6624/6624 6632/6632/6632 6625/6625/6625
f 6633/6633/6633 6634/6634/6634 6635/6635/6635
f 6636/6636/6636 6637/6637/6637 6638/6638/6638
f 6576/6576/6576 5909/5909/5909 6562/6562/6562
f 6636/6636/6636 6638/6638/6638 6639/6639/6639
f 5910/5910/5910 5909/5909/5909 6576/6576/6576
f 6640/6640/6640 6490/6490/6490 6585/6585/6585
f 6638/6638/6638 6641/6641/6641 6642/6642/6642
f 6642/6642/6642 6639/6639/6639 6638/6638/6638
f 6643/6643/6643 6642/6642/6642 6641/6641/6641
f 6641/6641/6641 6644/6644/6644 6643/6643/6643
f 6645/6645/6645 6635/6635/6635 6634/6634/6634
f 6646/6646/6646 6647/6647/6647 6648/6648/6648
f 6649/6649/6649 6648/6648/6648 6647/6647/6647
f 6267/6267/6267 6650/6650/6650 6266/6266/6266
f 6650/6650/6650 6651/6651/6651 6266/6266/6266
f 6652/6652/6652 6653/6653/6653 6541/6541/6541
f 6654/6654/6654 6655/6655/6655 6656/6656/6656
f 6544/6544/6544 6652/6652/6652 6541/6541/6541
f 6657/6657/6657 6266/6266/6266 6651/6651/6651
f 6658/6658/6658 5985/5985/5985 6659/6659/6659
f 5953/5953/5953 6660/6660/6660 6661/6661/6661
f 6659/6659/6659 6662/6662/6662 6658/6658/6658
f 6661/6661/6661 5950/5950/5950 5953/5953/5953
f 5985/5985/5985 5984/5984/5984 6659/6659/6659
f 6660/6660/6660 6663/6663/6663 6661/6661/6661
f 6664/6664/6664 6665/6665/6665 6666/6666/6666
f 6663/6663/6663 6667/6667/6667 6661/6661/6661
f 6668/6668/6668 6669/6669/6669 6670/6670/6670
f 6655/6655/6655 6671/6671/6671 6656/6656/6656
f 6664/6664/6664 6672/6672/6672 6665/6665/6665
f 6673/6673/6673 6674/6674/6674 6675/6675/6675
f 6676/6676/6676 6674/6674/6674 6673/6673/6673
f 6544/6544/6544 6677/6677/6677 6652/6652/6652
f 6669/6669/6669 6668/6668/6668 6678/6678/6678
f 6679/6679/6679 6656/6656/6656 6671/6671/6671
f 6680/6680/6680 6679/6679/6679 6671/6671/6671
f 6681/6681/6681 6682/6682/6682 6683/6683/6683
f 6659/6659/6659 5984/5984/5984 6684/6684/6684
f 6684/6684/6684 5984/5984/5984 6685/6685/6685
f 6683/6683/6683 6686/6686/6686 6681/6681/6681
f 6570/6570/6570 6579/6579/6579 5975/5975/5975
f 6687/6687/6687 6688/6688/6688 6676/6676/6676
f 5975/5975/5975 5974/5974/5974 6570/6570/6570
f 6572/6572/6572 6689/6689/6689 6573/6573/6573
f 6690/6690/6690 5975/5975/5975 6579/6579/6579
f 6579/6579/6579 6578/6578/6578 6690/6690/6690
f 6674/6674/6674 6688/6688/6688 6691/6691/6691
f 6692/6692/6692 6674/6674/6674 6691/6691/6691
f 6688/6688/6688 6674/6674/6674 6676/6676/6676
f 6693/6693/6693 5950/5950/5950 6661/6661/6661
f 6677/6677/6677 6544/6544/6544 6694/6694/6694
f 6266/6266/6266 6657/6657/6657 6277/6277/6277
f 6279/6279/6279 6695/6695/6695 6280/6280/6280
f 6696/6696/6696 6697/6697/6697 6698/6698/6698
f 6699/6699/6699 6700/6700/6700 6701/6701/6701
f 6702/6702/6702 6703/6703/6703 6704/6704/6704
f 6705/6705/6705 6706/6706/6706 6707/6707/6707
f 6708/6708/6708 6709/6709/6709 6710/6710/6710
f 6711/6711/6711 6712/6712/6712 6713/6713/6713
f 6710/6710/6710 6714/6714/6714 6708/6708/6708
f 6715/6715/6715 6716/6716/6716 6717/6717/6717
f 6703/6703/6703 6702/6702/6702 6718/6718/6718
f 6719/6719/6719 6720/6720/6720 6721/6721/6721
f 6722/6722/6722 6719/6719/6719 6721/6721/6721
f 6723/6723/6723 6724/6724/6724 6725/6725/6725
f 5981/5981/5981 6726/6726/6726 5982/5982/5982
f 6727/6727/6727 6728/6728/6728 6729/6729/6729
f 6726/6726/6726 6730/6730/6730 5982/5982/5982
f 6731/6731/6731 6732/6732/6732 6733/6733/6733
f 6729/6729/6729 6734/6734/6734 6727/6727/6727
f 6723/6723/6723 6735/6735/6735 6724/6724/6724
f 6736/6736/6736 6732/6732/6732 6737/6737/6737
f 6738/6738/6738 6739/6739/6739 6740/6740/6740
f 6736/6736/6736 6737/6737/6737 6741/6741/6741
f 6732/6732/6732 6731/6731/6731 6737/6737/6737
f 6742/6742/6742 6743/6743/6743 6744/6744/6744
f 6745/6745/6745 6744/6744/6744 6743/6743/6743
f 6739/6739/6739 6738/6738/6738 6746/6746/6746
f 6743/6743/6743 6747/6747/6747 6745/6745/6745
f 6748/6748/6748 6749/6749/6749 6750/6750/6750
f 6751/6751/6751 6752/6752/6752 6753/6753/6753
f 6749/6749/6749 6748/6748/6748 6754/6754/6754
f 6755/6755/6755 6756/6756/6756 6757/6757/6757
f 6758/6758/6758 6745/6745/6745 6747/6747/6747
f 6759/6759/6759 6760/6760/6760 6761/6761/6761
f 6761/6761/6761 6760/6760/6760 6762/6762/6762
f 6760/6760/6760 6759/6759/6759 6763/6763/6763
f 6764/6764/6764 6762/6762/6762 6760/6760/6760
f 6765/6765/6765 6766/6766/6766 6767/6767/6767
f 6768/6768/6768 6769/6769/6769 6770/6770/6770
f 6771/6771/6771 6772/6772/6772 6773/6773/6773
f 6774/6774/6774 6775/6775/6775 6776/6776/6776
f 6777/6777/6777 6778/6778/6778 6779/6779/6779
f 6778/6778/6778 6777/6777/6777 6780/6780/6780
f 6781/6781/6781 6782/6782/6782 6783/6783/6783
f 6784/6784/6784 6783/6783/6783 6782/6782/6782
f 6785/6785/6785 6786/6786/6786 6787/6787/6787
f 6717/6717/6717 6716/6716/6716 6788/6788/6788
f 6789/6789/6789 6790/6790/6790 6791/6791/6791
f 6792/6792/6792 6793/6793/6793 6794/6794/6794
f 6015/6015/6015 6023/6023/6023 6795/6795/6795
f 6796/6796/6796 6797/6797/6797 6798/6798/6798
f 6799/6799/6799 6020/6020/6020 6022/6022/6022
f 6020/6020/6020 6799/6799/6799 6800/6800/6800
f 6801/6801/6801 6800/6800/6800 6799/6799/6799
f 6800/6800/6800 6801/6801/6801 6802/6802/6802
f 6803/6803/6803 6804/6804/6804 6805/6805/6805
f 6806/6806/6806 6807/6807/6807 6808/6808/6808
f 6809/6809/6809 6810/6810/6810 6811/6811/6811
f 6812/6812/6812 6813/6813/6813 6814/6814/6814
f 6812/6812/6812 6814/6814/6814 6815/6815/6815
f 6816/6816/6816 6817/6817/6817 6818/6818/6818
f 6024/6024/6024 6027/6027/6027 6819/6819/6819
f 6820/6820/6820 6802/6802/6802 6801/6801/6801
f 6802/6802/6802 6820/6820/6820 6821/6821/6821
f 6822/6822/6822 6823/6823/6823 6824/6824/6824
f 405/405/405 407/407/407 6825/6825/6825
f 6826/6826/6826 6827/6827/6827 6828/6828/6828
f 6829/6829/6829 6830/6830/6830 6831/6831/6831
f 678/678/678 639/639/639 6832/6832/6832
f 6833/6833/6833 6834/6834/6834 6835/6835/6835
f 715/715/715 714/714/714 6836/6836/6836
f 714/714/714 6837/6837/6837 6836/6836/6836
f 6838/6838/6838 6839/6839/6839 6840/6840/6840
f 6841/6841/6841 916/916/916 918/918/918
f 1009/1009/1009 1011/1011/1011 6842/6842/6842
f 6843/6843/6843 6844/6844/6844 6845/6845/6845
f 6846/6846/6846 6847/6847/6847 6848/6848/6848
f 1807/1807/1807 6849/6849/6849 1808/1808/1808
f 6850/6850/6850 6851/6851/6851 6852/6852/6852
f 6853/6853/6853 6854/6854/6854 6855/6855/6855
f 6856/6856/6856 6857/6857/6857 6858/6858/6858
f 6859/6859/6859 6860/6860/6860 6861/6861/6861
f 6862/6862/6862 6863/6863/6863 6864/6864/6864
f 6865/6865/6865 2474/2474/2474 2473/2473/2473
f 6866/6866/6866 6867/6867/6867 6868/6868/6868
f 6869/6869/6869 6870/6870/6870 6871/6871/6871
f 6872/6872/6872 6873/6873/6873 6874/6874/6874
f 2703/2703/2703 6875/6875/6875 2722/2722/2722
f 2725/2725/2725 2724/2724/2724 2720/2720/2720
f 2724/2724/2724 2723/2723/2723 2720/2720/2720
f 6876/6876/6876 6877/6877/6877 6878/6878/6878
f 6879/6879/6879 3002/3002/3002 3001/3001/3001
f 6880/6880/6880 6881/6881/6881 6882/6882/6882
f 6883/6883/6883 6884/6884/6884 6885/6885/6885
f 6883/6883/6883 6886/6886/6886 6884/6884/6884
f 6887/6887/6887 6888/6888/6888 6889/6889/6889
f 6890/6890/6890 6891/6891/6891 6892/6892/6892
f 6893/6893/6893 3089/3089/3089 3088/3088/3088
f 6893/6893/6893 6894/6894/6894 3089/3089/3089
f 6895/6895/6895 6896/6896/6896 6897/6897/6897
f 6898/6898/6898 6899/6899/6899 6900/6900/6900
f 6901/6901/6901 6902/6902/6902 6903/6903/6903
f 6901/6901/6901 6904/6904/6904 6902/6902/6902
f 6905/6905/6905 6906/6906/6906 6907/6907/6907
f 6908/6908/6908 6909/6909/6909 6910/6910/6910
f 3386/3386/3386 3441/3441/3441 3384/3384/3384
f 3442/3442/3442 3381/3381/3381 3383/3383/3383
f 6911/6911/6911 6912/6912/6912 6913/6913/6913
f 4670/4670/4670 6914/6914/6914 6915/6915/6915
f 4670/4670/4670 4669/4669/4669 6914/6914/6914
f 6916/6916/6916 6917/6917/6917 6918/6918/6918
f 6919/6919/6919 6920/6920/6920 6921/6921/6921
f 4928/4928/4928 4927/4927/4927 6922/6922/6922
f 6923/6923/6923 6924/6924/6924 6925/6925/6925
f 6926/6926/6926 6927/6927/6927 6928/6928/6928
f 6929/6929/6929 6930/6930/6930 6931/6931/6931
f 5828/5828/5828 5758/5758/5758 5757/5757/5757
f 6932/6932/6932 6933/6933/6933 6934/6934/6934
f 6935/6935/6935 5891/5891/5891 5882/5882/5882
f 6935/6935/6935 6936/6936/6936 5891/5891/5891
f 6937/6937/6937 6938/6938/6938 6939/6939/6939
f 6940/6940/6940 6941/6941/6941 6942/6942/6942
f 6943/6943/6943 6944/6944/6944 6945/6945/6945
f 6024/6024/6024 6819/6819/6819 6025/6025/6025
f 6946/6946/6946 6947/6947/6947 6948/6948/6948
f 6949/6949/6949 6950/6950/6950 6951/6951/6951
f 6952/6952/6952 6953/6953/6953 6954/6954/6954
f 6322/6322/6322 6955/6955/6955 6323/6323/6323
f 6319/6319/6319 6318/6318/6318 6340/6340/6340
f 6340/6340/6340 6341/6341/6341 6316/6316/6316
f 6956/6956/6956 6957/6957/6957 6958/6958/6958
f 6959/6959/6959 6960/6960/6960 6961/6961/6961
f 6439/6439/6439 6962/6962/6962 6440/6440/6440
f 6963/6963/6963 6964/6964/6964 6965/6965/6965
f 6966/6966/6966 6967/6967/6967 6968/6968/6968
f 6969/6969/6969 6970/6970/6970 6971/6971/6971
f 6972/6972/6972 6973/6973/6973 6974/6974/6974
f 6975/6975/6975 6976/6976/6976 6977/6977/6977
f 6978/6978/6978 6979/6979/6979 6980/6980/6980
f 6981/6981/6981 6982/6982/6982 6983/6983/6983
f 6783/6783/6783 6984/6984/6984 6781/6781/6781
f 6985/6985/6985 6986/6986/6986 6987/6987/6987
f 6988/6988/6988 6757/6757/6757 6756/6756/6756
f 6989/6989/6989 6990/6990/6990 6991/6991/6991
f 6992/6992/6992 6993/6993/6993 6994/6994/6994
f 6995/6995/6995 6996/6996/6996 6796/6796/6796
f 6996/6996/6996 6797/6797/6797 6796/6796/6796
f 6997/6997/6997 6998/6998/6998 6999/6999/6999
f 7000/7000/7000 7001/7001/7001 7002/7002/7002
f 7000/7000/7000 7003/7003/7003 7001/7001/7001
f 7004/7004/7004 7005/7005/7005 7006/7006/7006
f 7007/7007/7007 1793/1793/1793 1796/1796/1796
f 7005/7005/7005 7008/7008/7008 7006/7006/7006
f 7009/7009/7009 7010/7010/7010 7011/7011/7011
f 7012/7012/7012 7013/7013/7013 7014/7014/7014
f 7012/7012/7012 7015/7015/7015 7013/7013/7013
f 7012/7012/7012 7016/7016/7016 7015/7015/7015
f 7017/7017/7017 7018/7018/7018 7019/7019/7019
f 7020/7020/7020 2631/2631/2631 7021/7021/7021
f 7020/7020/7020 2632/2632/2632 2631/2631/2631
f 7020/7020/7020 7022/7022/7022 2632/2632/2632
f 7023/7023/7023 7024/7024/7024 7025/7025/7025
f 7024/7024/7024 7026/7026/7026 7025/7025/7025
f 7027/7027/7027 7028/7028/7028 7029/7029/7029
f 7030/7030/7030 7031/7031/7031 7032/7032/7032
f 7030/7030/7030 7033/7033/7033 7031/7031/7031
f 7034/7034/7034 7035/7035/7035 7036/7036/7036
f 7037/7037/7037 7038/7038/7038 7039/7039/7039
f 7040/7040/7040 7041/7041/7041 7042/7042/7042
f 7043/7043/7043 7044/7044/7044 7045/7045/7045
f 7043/7043/7043 7046/7046/7046 7044/7044/7044
f 7046/7046/7046 7047/7047/7047 7044/7044/7044
f 6389/6389/6389 6388/6388/6388 7048/7048/7048
f 7049/7049/7049 7050/7050/7050 7051/7051/7051
f 7049/7049/7049 7052/7052/7052 7050/7050/7050
f 7053/7053/7053 7054/7054/7054 7055/7055/7055
f 7056/7056/7056 7057/7057/7057 7058/7058/7058
f 6762/6762/6762 6760/6760/6760 6763/6763/6763
f 7059/7059/7059 7060/7060/7060 7061/7061/7061
